Using java from: /home/goankur/jdk/corretto-25/bin/
use java command /home/goankur/jdk/corretto-25/bin/java -server -Xms2g -Xmx2g --add-modules jdk.incubator.vector -XX:+HeapDumpOnOutOfMemoryError -XX:+UseParallelGC
NOTE: perf executable is /usr/bin/perf; will collect aggregate CPU profiling data
NOTE: vmstat executable is /usr/bin/vmstat; will collect system-wide CPU/IO telemetry
WARNING: no gnuplot executable; will not generate system-wide CPU/IO graphs from vmstat
Using checkout:[/home/goankur/vsearch/bo/lucene-A] for competitor:[armA]
Using checkout:[/home/goankur/vsearch/bo/lucene-A] for competitor:[armA2]
Removing old JFR /home/goankur/vsearch/logs/bench-search-AHc-armA-2.jfr...
Removing old JFR /home/goankur/vsearch/logs/bench-search-AHc-armA-3.jfr...
Removing old JFR /home/goankur/vsearch/logs/bench-search-AHc-armH-3.jfr...
Removing old JFR /home/goankur/vsearch/logs/bench-search-AHc-armH-4.jfr...
Removing old JFR /home/goankur/vsearch/logs/bench-search-AHc-armA-4.jfr...
Removing old JFR /home/goankur/vsearch/logs/bench-search-AHc-armA-5.jfr...
Removing old JFR /home/goankur/vsearch/logs/bench-search-AHc-armH-5.jfr...
Removing old JFR /home/goankur/vsearch/logs/bench-search-AHc-armH-6.jfr...
Removing old JFR /home/goankur/vsearch/logs/bench-search-AHc-armA-6.jfr...
Removing old JFR /home/goankur/vsearch/logs/bench-search-AHc-armA-7.jfr...
Removing old JFR /home/goankur/vsearch/logs/bench-search-AHc-armH-7.jfr...
Removing old JFR /home/goankur/vsearch/logs/bench-search-AHc-armH-8.jfr...
Removing old JFR /home/goankur/vsearch/logs/bench-search-AHc-armA-8.jfr...
Removing old JFR /home/goankur/vsearch/logs/bench-search-AHc-armA-9.jfr...
Removing old JFR /home/goankur/vsearch/logs/bench-search-AHc-armH-9.jfr...
Removing old JFR /home/goankur/vsearch/logs/bench-search-AHc-armH-10.jfr...
Removing old JFR /home/goankur/vsearch/logs/bench-search-AHc-armA-10.jfr...
Removing old JFR /home/goankur/vsearch/logs/bench-search-AHc-armA-11.jfr...
Removing old JFR /home/goankur/vsearch/logs/bench-search-AHc-armH-11.jfr...
Removing old JFR /home/goankur/vsearch/logs/bench-search-AHc-armH-12.jfr...
Removing old JFR /home/goankur/vsearch/logs/bench-search-AHc-armH-0.jfr...
Removing old JFR /home/goankur/vsearch/logs/bench-search-AHc-armA-0.jfr...
Removing old JFR /home/goankur/vsearch/logs/bench-search-AHc-armA-1.jfr...
Removing old JFR /home/goankur/vsearch/logs/bench-search-AHc-armH-1.jfr...
Removing old JFR /home/goankur/vsearch/logs/bench-search-AHc-armH-2.jfr...
Removing old JFR /home/goankur/vsearch/logs/bench-search-AHc-armA-12.jfr...
Removing old JFR /home/goankur/vsearch/logs/bench-search-AHc-armA-13.jfr...
Removing old JFR /home/goankur/vsearch/logs/bench-search-AHc-armH-13.jfr...
Removing old JFR /home/goankur/vsearch/logs/bench-search-AHc-armH-14.jfr...
Removing old JFR /home/goankur/vsearch/logs/bench-search-AHc-armA-14.jfr...
Removing old JFR /home/goankur/vsearch/logs/bench-search-AHc-armA-15.jfr...
Removing old JFR /home/goankur/vsearch/logs/bench-search-AHc-armH-15.jfr...
Removing old JFR /home/goankur/vsearch/logs/bench-search-AHc-armH-16.jfr...
Removing old JFR /home/goankur/vsearch/logs/bench-search-AHc-armA-16.jfr...
Removing old JFR /home/goankur/vsearch/logs/bench-search-AHc-armA-17.jfr...
Removing old JFR /home/goankur/vsearch/logs/bench-search-AHc-armH-17.jfr...
Removing old JFR /home/goankur/vsearch/logs/bench-search-AHc-armH-18.jfr...
Removing old JFR /home/goankur/vsearch/logs/bench-search-AHc-armA-18.jfr...
Removing old JFR /home/goankur/vsearch/logs/bench-search-AHc-armA-19.jfr...
Removing old JFR /home/goankur/vsearch/logs/bench-search-AHc-armH-19.jfr...

JAVA:
WARNING: Using incubator modules: jdk.incubator.vector
openjdk version "25.0.4.1" 2026-08-18 LTS
OpenJDK Runtime Environment Corretto-25.0.4.8.1 (build 25.0.4.1+8-LTS)
OpenJDK 64-Bit Server VM Corretto-25.0.4.8.1 (build 25.0.4.1+8-LTS, mixed mode, sharing)


OS:
Linux ip-10-0-2-83.us-east-2.compute.internal 6.18.51-120.163.amzn2023.x86_64 #2 SMP PREEMPT_DYNAMIC Fri Sep 25 01:45:40 UTC 2026 x86_64 x86_64 x86_64 GNU/Linux


LOGS:
/home/goankur/vsearch/logs

Compile:
compile lucene:core...
    run: ['./gradlew', 'lucene:core:jar'], cwd=/home/goankur/vsearch/bo/lucene-A vmstatLogFile=None topLogFile=None
  /home/goankur/vsearch/bo/lucene-A/lucene/benchmark
files ['/home/goankur/vsearch/util/src/main/perf/Args.java', '/home/goankur/vsearch/util/src/main/perf/BatchPKLookup.java', '/home/goankur/vsearch/util/src/main/perf/BenchRearranger.java', '/home/goankur/vsearch/util/src/main/perf/CreateQueries.java', '/home/goankur/vsearch/util/src/main/perf/DiskUsage.java', '/home/goankur/vsearch/util/src/main/perf/IndexAndSearchOpenStreetMaps.java', '/home/goankur/vsearch/util/src/main/perf/IndexState.java', '/home/goankur/vsearch/util/src/main/perf/IndexTaxis.java', '/home/goankur/vsearch/util/src/main/perf/IndexThreads.java', '/home/goankur/vsearch/util/src/main/perf/Indexer.java', '/home/goankur/vsearch/util/src/main/perf/KeepNoCommitsDeletionPolicy.java', '/home/goankur/vsearch/util/src/main/perf/LineFileDocs.java', '/home/goankur/vsearch/util/src/main/perf/LocalTaskSource.java', '/home/goankur/vsearch/util/src/main/perf/NRTPerfTest.java', '/home/goankur/vsearch/util/src/main/perf/OpenCloseIndexWriter.java', '/home/goankur/vsearch/util/src/main/perf/OpenDirectory.java', '/home/goankur/vsearch/util/src/main/perf/PKLookupWithTermStateTask.java', '/home/goankur/vsearch/util/src/main/perf/PerfUtils.java', '/home/goankur/vsearch/util/src/main/perf/PointsPKLookupTask.java', '/home/goankur/vsearch/util/src/main/perf/RandomQuery.java', '/home/goankur/vsearch/util/src/main/perf/RemoteTaskSource.java', '/home/goankur/vsearch/util/src/main/perf/RespellTask.java', '/home/goankur/vsearch/util/src/main/perf/SearchPerfTest.java', '/home/goankur/vsearch/util/src/main/perf/SearchTask.java', '/home/goankur/vsearch/util/src/main/perf/SearchTaxis.java', '/home/goankur/vsearch/util/src/main/perf/StatisticsHelper.java', '/home/goankur/vsearch/util/src/main/perf/StringFieldDocSelector.java', '/home/goankur/vsearch/util/src/main/perf/Task.java', '/home/goankur/vsearch/util/src/main/perf/TaskParser.java', '/home/goankur/vsearch/util/src/main/perf/TaskParserFactory.java', '/home/goankur/vsearch/util/src/main/perf/TaskSource.java', '/home/goankur/vsearch/util/src/main/perf/TaskThreads.java', '/home/goankur/vsearch/util/src/main/perf/TestContext.java', '/home/goankur/vsearch/util/src/main/perf/TypePolluter.java', '/home/goankur/vsearch/util/src/main/perf/UnparsedTask.java', '/home/goankur/vsearch/util/src/main/perf/VectorDictionary.java']
compile: /home/goankur/jdk/corretto-25/bin/javac -g -d /home/goankur/vsearch/util/build -classpath /home/goankur/vsearch/bo/lucene-A/lucene/core/build/libs/lucene-core-11.0.0-SNAPSHOT.jar:/home/goankur/vsearch/bo/lucene-A/lucene/sandbox/build/classes/java/main:/home/goankur/vsearch/bo/lucene-A/lucene/misc/build/classes/java/main:/home/goankur/vsearch/bo/lucene-A/lucene/facet/build/classes/java/main:/home/goankur/vsearch/bo/lucene-A/lucene/analysis/common/build/classes/java/main:/home/goankur/vsearch/bo/lucene-A/lucene/analysis/icu/build/classes/java/main:/home/goankur/vsearch/bo/lucene-A/lucene/queryparser/build/classes/java/main:/home/goankur/vsearch/bo/lucene-A/lucene/grouping/build/classes/java/main:/home/goankur/vsearch/bo/lucene-A/lucene/suggest/build/classes/java/main:/home/goankur/vsearch/bo/lucene-A/lucene/highlighter/build/classes/java/main:/home/goankur/vsearch/bo/lucene-A/lucene/codecs/build/classes/java/main:/home/goankur/vsearch/bo/lucene-A/lucene/queries/build/classes/java/main:/home/goankur/vsearch/bo/lucene-A/lucene/join/build/classes/java/main:/home/goankur/vsearch/bo/lucene-A/lucene/spatial3d/build/classes/java/main:/home/goankur/vsearch/util/lib/HdrHistogram.jar:/home/goankur/vsearch/util/src/main/build/classes/java/main:/home/goankur/vsearch/util/build /home/goankur/vsearch/util/src/main/perf/Args.java /home/goankur/vsearch/util/src/main/perf/BatchPKLookup.java /home/goankur/vsearch/util/src/main/perf/BenchRearranger.java /home/goankur/vsearch/util/src/main/perf/CreateQueries.java /home/goankur/vsearch/util/src/main/perf/DiskUsage.java /home/goankur/vsearch/util/src/main/perf/IndexAndSearchOpenStreetMaps.java /home/goankur/vsearch/util/src/main/perf/IndexState.java /home/goankur/vsearch/util/src/main/perf/IndexTaxis.java /home/goankur/vsearch/util/src/main/perf/IndexThreads.java /home/goankur/vsearch/util/src/main/perf/Indexer.java /home/goankur/vsearch/util/src/main/perf/KeepNoCommitsDeletionPolicy.java /home/goankur/vsearch/util/src/main/perf/LineFileDocs.java /home/goankur/vsearch/util/src/main/perf/LocalTaskSource.java /home/goankur/vsearch/util/src/main/perf/NRTPerfTest.java /home/goankur/vsearch/util/src/main/perf/OpenCloseIndexWriter.java /home/goankur/vsearch/util/src/main/perf/OpenDirectory.java /home/goankur/vsearch/util/src/main/perf/PKLookupWithTermStateTask.java /home/goankur/vsearch/util/src/main/perf/PerfUtils.java /home/goankur/vsearch/util/src/main/perf/PointsPKLookupTask.java /home/goankur/vsearch/util/src/main/perf/RandomQuery.java /home/goankur/vsearch/util/src/main/perf/RemoteTaskSource.java /home/goankur/vsearch/util/src/main/perf/RespellTask.java /home/goankur/vsearch/util/src/main/perf/SearchPerfTest.java /home/goankur/vsearch/util/src/main/perf/SearchTask.java /home/goankur/vsearch/util/src/main/perf/SearchTaxis.java /home/goankur/vsearch/util/src/main/perf/StatisticsHelper.java /home/goankur/vsearch/util/src/main/perf/StringFieldDocSelector.java /home/goankur/vsearch/util/src/main/perf/Task.java /home/goankur/vsearch/util/src/main/perf/TaskParser.java /home/goankur/vsearch/util/src/main/perf/TaskParserFactory.java /home/goankur/vsearch/util/src/main/perf/TaskSource.java /home/goankur/vsearch/util/src/main/perf/TaskThreads.java /home/goankur/vsearch/util/src/main/perf/TestContext.java /home/goankur/vsearch/util/src/main/perf/TypePolluter.java /home/goankur/vsearch/util/src/main/perf/UnparsedTask.java /home/goankur/vsearch/util/src/main/perf/VectorDictionary.java
    run: ['/home/goankur/jdk/corretto-25/bin/javac', '-g', '-d', '/home/goankur/vsearch/util/build', '-classpath', '/home/goankur/vsearch/bo/lucene-A/lucene/core/build/libs/lucene-core-11.0.0-SNAPSHOT.jar:/home/goankur/vsearch/bo/lucene-A/lucene/sandbox/build/classes/java/main:/home/goankur/vsearch/bo/lucene-A/lucene/misc/build/classes/java/main:/home/goankur/vsearch/bo/lucene-A/lucene/facet/build/classes/java/main:/home/goankur/vsearch/bo/lucene-A/lucene/analysis/common/build/classes/java/main:/home/goankur/vsearch/bo/lucene-A/lucene/analysis/icu/build/classes/java/main:/home/goankur/vsearch/bo/lucene-A/lucene/queryparser/build/classes/java/main:/home/goankur/vsearch/bo/lucene-A/lucene/grouping/build/classes/java/main:/home/goankur/vsearch/bo/lucene-A/lucene/suggest/build/classes/java/main:/home/goankur/vsearch/bo/lucene-A/lucene/highlighter/build/classes/java/main:/home/goankur/vsearch/bo/lucene-A/lucene/codecs/build/classes/java/main:/home/goankur/vsearch/bo/lucene-A/lucene/queries/build/classes/java/main:/home/goankur/vsearch/bo/lucene-A/lucene/join/build/classes/java/main:/home/goankur/vsearch/bo/lucene-A/lucene/spatial3d/build/classes/java/main:/home/goankur/vsearch/util/lib/HdrHistogram.jar:/home/goankur/vsearch/util/src/main/build/classes/java/main:/home/goankur/vsearch/util/build', '/home/goankur/vsearch/util/src/main/perf/Args.java', '/home/goankur/vsearch/util/src/main/perf/BatchPKLookup.java', '/home/goankur/vsearch/util/src/main/perf/BenchRearranger.java', '/home/goankur/vsearch/util/src/main/perf/CreateQueries.java', '/home/goankur/vsearch/util/src/main/perf/DiskUsage.java', '/home/goankur/vsearch/util/src/main/perf/IndexAndSearchOpenStreetMaps.java', '/home/goankur/vsearch/util/src/main/perf/IndexState.java', '/home/goankur/vsearch/util/src/main/perf/IndexTaxis.java', '/home/goankur/vsearch/util/src/main/perf/IndexThreads.java', '/home/goankur/vsearch/util/src/main/perf/Indexer.java', '/home/goankur/vsearch/util/src/main/perf/KeepNoCommitsDeletionPolicy.java', '/home/goankur/vsearch/util/src/main/perf/LineFileDocs.java', '/home/goankur/vsearch/util/src/main/perf/LocalTaskSource.java', '/home/goankur/vsearch/util/src/main/perf/NRTPerfTest.java', '/home/goankur/vsearch/util/src/main/perf/OpenCloseIndexWriter.java', '/home/goankur/vsearch/util/src/main/perf/OpenDirectory.java', '/home/goankur/vsearch/util/src/main/perf/PKLookupWithTermStateTask.java', '/home/goankur/vsearch/util/src/main/perf/PerfUtils.java', '/home/goankur/vsearch/util/src/main/perf/PointsPKLookupTask.java', '/home/goankur/vsearch/util/src/main/perf/RandomQuery.java', '/home/goankur/vsearch/util/src/main/perf/RemoteTaskSource.java', '/home/goankur/vsearch/util/src/main/perf/RespellTask.java', '/home/goankur/vsearch/util/src/main/perf/SearchPerfTest.java', '/home/goankur/vsearch/util/src/main/perf/SearchTask.java', '/home/goankur/vsearch/util/src/main/perf/SearchTaxis.java', '/home/goankur/vsearch/util/src/main/perf/StatisticsHelper.java', '/home/goankur/vsearch/util/src/main/perf/StringFieldDocSelector.java', '/home/goankur/vsearch/util/src/main/perf/Task.java', '/home/goankur/vsearch/util/src/main/perf/TaskParser.java', '/home/goankur/vsearch/util/src/main/perf/TaskParserFactory.java', '/home/goankur/vsearch/util/src/main/perf/TaskSource.java', '/home/goankur/vsearch/util/src/main/perf/TaskThreads.java', '/home/goankur/vsearch/util/src/main/perf/TestContext.java', '/home/goankur/vsearch/util/src/main/perf/TypePolluter.java', '/home/goankur/vsearch/util/src/main/perf/UnparsedTask.java', '/home/goankur/vsearch/util/src/main/perf/VectorDictionary.java'], cwd=/home/goankur/vsearch/bo/lucene-A/lucene/benchmark vmstatLogFile=None topLogFile=None
  /home/goankur/vsearch/bo/lucene-A/lucene/benchmark
files ['/home/goankur/vsearch/util/src/main/perf/Args.java', '/home/goankur/vsearch/util/src/main/perf/BatchPKLookup.java', '/home/goankur/vsearch/util/src/main/perf/BenchRearranger.java', '/home/goankur/vsearch/util/src/main/perf/CreateQueries.java', '/home/goankur/vsearch/util/src/main/perf/DiskUsage.java', '/home/goankur/vsearch/util/src/main/perf/IndexAndSearchOpenStreetMaps.java', '/home/goankur/vsearch/util/src/main/perf/IndexState.java', '/home/goankur/vsearch/util/src/main/perf/IndexTaxis.java', '/home/goankur/vsearch/util/src/main/perf/IndexThreads.java', '/home/goankur/vsearch/util/src/main/perf/Indexer.java', '/home/goankur/vsearch/util/src/main/perf/KeepNoCommitsDeletionPolicy.java', '/home/goankur/vsearch/util/src/main/perf/LineFileDocs.java', '/home/goankur/vsearch/util/src/main/perf/LocalTaskSource.java', '/home/goankur/vsearch/util/src/main/perf/NRTPerfTest.java', '/home/goankur/vsearch/util/src/main/perf/OpenCloseIndexWriter.java', '/home/goankur/vsearch/util/src/main/perf/OpenDirectory.java', '/home/goankur/vsearch/util/src/main/perf/PKLookupWithTermStateTask.java', '/home/goankur/vsearch/util/src/main/perf/PerfUtils.java', '/home/goankur/vsearch/util/src/main/perf/PointsPKLookupTask.java', '/home/goankur/vsearch/util/src/main/perf/RandomQuery.java', '/home/goankur/vsearch/util/src/main/perf/RemoteTaskSource.java', '/home/goankur/vsearch/util/src/main/perf/RespellTask.java', '/home/goankur/vsearch/util/src/main/perf/SearchPerfTest.java', '/home/goankur/vsearch/util/src/main/perf/SearchTask.java', '/home/goankur/vsearch/util/src/main/perf/SearchTaxis.java', '/home/goankur/vsearch/util/src/main/perf/StatisticsHelper.java', '/home/goankur/vsearch/util/src/main/perf/StringFieldDocSelector.java', '/home/goankur/vsearch/util/src/main/perf/Task.java', '/home/goankur/vsearch/util/src/main/perf/TaskParser.java', '/home/goankur/vsearch/util/src/main/perf/TaskParserFactory.java', '/home/goankur/vsearch/util/src/main/perf/TaskSource.java', '/home/goankur/vsearch/util/src/main/perf/TaskThreads.java', '/home/goankur/vsearch/util/src/main/perf/TestContext.java', '/home/goankur/vsearch/util/src/main/perf/TypePolluter.java', '/home/goankur/vsearch/util/src/main/perf/UnparsedTask.java', '/home/goankur/vsearch/util/src/main/perf/VectorDictionary.java']
compile: /home/goankur/jdk/corretto-25/bin/javac -g -d /home/goankur/vsearch/util/build -classpath /home/goankur/vsearch/bo/lucene-A/lucene/core/build/libs/lucene-core-11.0.0-SNAPSHOT.jar:/home/goankur/vsearch/bo/lucene-A/lucene/sandbox/build/classes/java/main:/home/goankur/vsearch/bo/lucene-A/lucene/misc/build/classes/java/main:/home/goankur/vsearch/bo/lucene-A/lucene/facet/build/classes/java/main:/home/goankur/vsearch/bo/lucene-A/lucene/analysis/common/build/classes/java/main:/home/goankur/vsearch/bo/lucene-A/lucene/analysis/icu/build/classes/java/main:/home/goankur/vsearch/bo/lucene-A/lucene/queryparser/build/classes/java/main:/home/goankur/vsearch/bo/lucene-A/lucene/grouping/build/classes/java/main:/home/goankur/vsearch/bo/lucene-A/lucene/suggest/build/classes/java/main:/home/goankur/vsearch/bo/lucene-A/lucene/highlighter/build/classes/java/main:/home/goankur/vsearch/bo/lucene-A/lucene/codecs/build/classes/java/main:/home/goankur/vsearch/bo/lucene-A/lucene/queries/build/classes/java/main:/home/goankur/vsearch/bo/lucene-A/lucene/join/build/classes/java/main:/home/goankur/vsearch/bo/lucene-A/lucene/spatial3d/build/classes/java/main:/home/goankur/vsearch/util/lib/HdrHistogram.jar:/home/goankur/vsearch/util/src/main/build/classes/java/main:/home/goankur/vsearch/util/build /home/goankur/vsearch/util/src/main/perf/Args.java /home/goankur/vsearch/util/src/main/perf/BatchPKLookup.java /home/goankur/vsearch/util/src/main/perf/BenchRearranger.java /home/goankur/vsearch/util/src/main/perf/CreateQueries.java /home/goankur/vsearch/util/src/main/perf/DiskUsage.java /home/goankur/vsearch/util/src/main/perf/IndexAndSearchOpenStreetMaps.java /home/goankur/vsearch/util/src/main/perf/IndexState.java /home/goankur/vsearch/util/src/main/perf/IndexTaxis.java /home/goankur/vsearch/util/src/main/perf/IndexThreads.java /home/goankur/vsearch/util/src/main/perf/Indexer.java /home/goankur/vsearch/util/src/main/perf/KeepNoCommitsDeletionPolicy.java /home/goankur/vsearch/util/src/main/perf/LineFileDocs.java /home/goankur/vsearch/util/src/main/perf/LocalTaskSource.java /home/goankur/vsearch/util/src/main/perf/NRTPerfTest.java /home/goankur/vsearch/util/src/main/perf/OpenCloseIndexWriter.java /home/goankur/vsearch/util/src/main/perf/OpenDirectory.java /home/goankur/vsearch/util/src/main/perf/PKLookupWithTermStateTask.java /home/goankur/vsearch/util/src/main/perf/PerfUtils.java /home/goankur/vsearch/util/src/main/perf/PointsPKLookupTask.java /home/goankur/vsearch/util/src/main/perf/RandomQuery.java /home/goankur/vsearch/util/src/main/perf/RemoteTaskSource.java /home/goankur/vsearch/util/src/main/perf/RespellTask.java /home/goankur/vsearch/util/src/main/perf/SearchPerfTest.java /home/goankur/vsearch/util/src/main/perf/SearchTask.java /home/goankur/vsearch/util/src/main/perf/SearchTaxis.java /home/goankur/vsearch/util/src/main/perf/StatisticsHelper.java /home/goankur/vsearch/util/src/main/perf/StringFieldDocSelector.java /home/goankur/vsearch/util/src/main/perf/Task.java /home/goankur/vsearch/util/src/main/perf/TaskParser.java /home/goankur/vsearch/util/src/main/perf/TaskParserFactory.java /home/goankur/vsearch/util/src/main/perf/TaskSource.java /home/goankur/vsearch/util/src/main/perf/TaskThreads.java /home/goankur/vsearch/util/src/main/perf/TestContext.java /home/goankur/vsearch/util/src/main/perf/TypePolluter.java /home/goankur/vsearch/util/src/main/perf/UnparsedTask.java /home/goankur/vsearch/util/src/main/perf/VectorDictionary.java
    run: ['/home/goankur/jdk/corretto-25/bin/javac', '-g', '-d', '/home/goankur/vsearch/util/build', '-classpath', '/home/goankur/vsearch/bo/lucene-A/lucene/core/build/libs/lucene-core-11.0.0-SNAPSHOT.jar:/home/goankur/vsearch/bo/lucene-A/lucene/sandbox/build/classes/java/main:/home/goankur/vsearch/bo/lucene-A/lucene/misc/build/classes/java/main:/home/goankur/vsearch/bo/lucene-A/lucene/facet/build/classes/java/main:/home/goankur/vsearch/bo/lucene-A/lucene/analysis/common/build/classes/java/main:/home/goankur/vsearch/bo/lucene-A/lucene/analysis/icu/build/classes/java/main:/home/goankur/vsearch/bo/lucene-A/lucene/queryparser/build/classes/java/main:/home/goankur/vsearch/bo/lucene-A/lucene/grouping/build/classes/java/main:/home/goankur/vsearch/bo/lucene-A/lucene/suggest/build/classes/java/main:/home/goankur/vsearch/bo/lucene-A/lucene/highlighter/build/classes/java/main:/home/goankur/vsearch/bo/lucene-A/lucene/codecs/build/classes/java/main:/home/goankur/vsearch/bo/lucene-A/lucene/queries/build/classes/java/main:/home/goankur/vsearch/bo/lucene-A/lucene/join/build/classes/java/main:/home/goankur/vsearch/bo/lucene-A/lucene/spatial3d/build/classes/java/main:/home/goankur/vsearch/util/lib/HdrHistogram.jar:/home/goankur/vsearch/util/src/main/build/classes/java/main:/home/goankur/vsearch/util/build', '/home/goankur/vsearch/util/src/main/perf/Args.java', '/home/goankur/vsearch/util/src/main/perf/BatchPKLookup.java', '/home/goankur/vsearch/util/src/main/perf/BenchRearranger.java', '/home/goankur/vsearch/util/src/main/perf/CreateQueries.java', '/home/goankur/vsearch/util/src/main/perf/DiskUsage.java', '/home/goankur/vsearch/util/src/main/perf/IndexAndSearchOpenStreetMaps.java', '/home/goankur/vsearch/util/src/main/perf/IndexState.java', '/home/goankur/vsearch/util/src/main/perf/IndexTaxis.java', '/home/goankur/vsearch/util/src/main/perf/IndexThreads.java', '/home/goankur/vsearch/util/src/main/perf/Indexer.java', '/home/goankur/vsearch/util/src/main/perf/KeepNoCommitsDeletionPolicy.java', '/home/goankur/vsearch/util/src/main/perf/LineFileDocs.java', '/home/goankur/vsearch/util/src/main/perf/LocalTaskSource.java', '/home/goankur/vsearch/util/src/main/perf/NRTPerfTest.java', '/home/goankur/vsearch/util/src/main/perf/OpenCloseIndexWriter.java', '/home/goankur/vsearch/util/src/main/perf/OpenDirectory.java', '/home/goankur/vsearch/util/src/main/perf/PKLookupWithTermStateTask.java', '/home/goankur/vsearch/util/src/main/perf/PerfUtils.java', '/home/goankur/vsearch/util/src/main/perf/PointsPKLookupTask.java', '/home/goankur/vsearch/util/src/main/perf/RandomQuery.java', '/home/goankur/vsearch/util/src/main/perf/RemoteTaskSource.java', '/home/goankur/vsearch/util/src/main/perf/RespellTask.java', '/home/goankur/vsearch/util/src/main/perf/SearchPerfTest.java', '/home/goankur/vsearch/util/src/main/perf/SearchTask.java', '/home/goankur/vsearch/util/src/main/perf/SearchTaxis.java', '/home/goankur/vsearch/util/src/main/perf/StatisticsHelper.java', '/home/goankur/vsearch/util/src/main/perf/StringFieldDocSelector.java', '/home/goankur/vsearch/util/src/main/perf/Task.java', '/home/goankur/vsearch/util/src/main/perf/TaskParser.java', '/home/goankur/vsearch/util/src/main/perf/TaskParserFactory.java', '/home/goankur/vsearch/util/src/main/perf/TaskSource.java', '/home/goankur/vsearch/util/src/main/perf/TaskThreads.java', '/home/goankur/vsearch/util/src/main/perf/TestContext.java', '/home/goankur/vsearch/util/src/main/perf/TypePolluter.java', '/home/goankur/vsearch/util/src/main/perf/UnparsedTask.java', '/home/goankur/vsearch/util/src/main/perf/VectorDictionary.java'], cwd=/home/goankur/vsearch/bo/lucene-A/lucene/benchmark vmstatLogFile=None topLogFile=None

Create indices:
  /home/goankur/vsearch/indices/wikimedium10m.lucene-A.facets.taxonomy:Date.taxonomy:Month.taxonomy:DayOfYear.sortedset:Date.sortedset:Month.sortedset:DayOfYear.taxonomy:RandomLabel.sortedset:RandomLabel.Lucene90.Lucene104.dvfields.nd10M: already exists
    tasks file: /home/goankur/vsearch/util/tasks/wikimedium.10M.nostopwords.tasks

Search:
  iter 0
    armA2:
      NOTE: using experimental CPU time profiler (see https://mostlynerdless.de/blog/2025/06/11/java-25s-new-cpu-time-profiler-1)
      log: /home/goankur/vsearch/logs/FAA.armA2.0 + stdout
      run: /usr/bin/perf stat -dd -e task-clock,cycles,instructions,cache-references,cache-misses,L1-dcache-loads,L1-dcache-load-misses,L1-icache-loads,L1-icache-load-misses,LLC-loads,LLC-load-misses,LLC-stores,LLC-store-misses,LLC-prefetches,LLC-prefetch-misses,faults,minor-faults,major-faults,branches,branch-misses,stalled-cycles-frontend,stalled-cycles-backend /home/goankur/jdk/corretto-25/bin/java -server -Xms2g -Xmx2g --add-modules jdk.incubator.vector -XX:+HeapDumpOnOutOfMemoryError -XX:+UseParallelGC -XX:StartFlightRecording=jdk.CPUTimeSample#enabled=true,dumponexit=true,maxsize=250M,settings=/home/goankur/vsearch/util/src/python/profiling.jfc,filename=/home/goankur/vsearch/logs/bench-search-FAA-armA2-0.jfr -XX:+UnlockDiagnosticVMOptions -XX:+DebugNonSafepoints -classpath /home/goankur/vsearch/bo/lucene-A/lucene/core/build/libs/lucene-core-11.0.0-SNAPSHOT.jar:/home/goankur/vsearch/bo/lucene-A/lucene/sandbox/build/classes/java/main:/home/goankur/vsearch/bo/lucene-A/lucene/misc/build/classes/java/main:/home/goankur/vsearch/bo/lucene-A/lucene/facet/build/classes/java/main:/home/goankur/vsearch/bo/lucene-A/lucene/analysis/common/build/classes/java/main:/home/goankur/vsearch/bo/lucene-A/lucene/analysis/icu/build/classes/java/main:/home/goankur/vsearch/bo/lucene-A/lucene/queryparser/build/classes/java/main:/home/goankur/vsearch/bo/lucene-A/lucene/grouping/build/classes/java/main:/home/goankur/vsearch/bo/lucene-A/lucene/suggest/build/classes/java/main:/home/goankur/vsearch/bo/lucene-A/lucene/highlighter/build/classes/java/main:/home/goankur/vsearch/bo/lucene-A/lucene/codecs/build/classes/java/main:/home/goankur/vsearch/bo/lucene-A/lucene/queries/build/classes/java/main:/home/goankur/vsearch/bo/lucene-A/lucene/join/build/classes/java/main:/home/goankur/vsearch/bo/lucene-A/lucene/spatial3d/build/classes/java/main:/home/goankur/vsearch/util/lib/HdrHistogram.jar:/home/goankur/vsearch/util/src/main/build/classes/java/main:/home/goankur/vsearch/util/build perf.SearchPerfTest -dirImpl MMapDirectory -indexPath /home/goankur/vsearch/indices/wikimedium10m.lucene-A.facets.taxonomy:Date.taxonomy:Month.taxonomy:DayOfYear.sortedset:Date.sortedset:Month.sortedset:DayOfYear.taxonomy:RandomLabel.sortedset:RandomLabel.Lucene90.Lucene104.dvfields.nd10M -facets taxonomy:Date;Date -facets taxonomy:Month;Month -facets taxonomy:DayOfYear;DayOfYear -facets sortedset:Date;Date -facets sortedset:Month;Month -facets sortedset:DayOfYear;DayOfYear -facets taxonomy:RandomLabel;RandomLabel -facets sortedset:RandomLabel;RandomLabel -analyzer StandardAnalyzer -taskSource /home/goankur/vsearch/util/tasks/wikimedium.10M.nostopwords.tasks -numConcurrentQueries 5 -taskRepeatCount 20 -field body -tasksPerCat 1 -searchConcurrency -1 -staticSeed 648875 -seed -1630427 -similarity BM25Similarity -commit multi -hiliteImpl FastVectorHighlighter -log /home/goankur/vsearch/logs/FAA.armA2.0 -topN 100 -context  -pk -pollute
      10.0 s
      252.9 actual sustained QPS; -1.0 CPU cores used
    armA:
      NOTE: using experimental CPU time profiler (see https://mostlynerdless.de/blog/2025/06/11/java-25s-new-cpu-time-profiler-1)
      log: /home/goankur/vsearch/logs/FAA.armA.0 + stdout
      run: /usr/bin/perf stat -dd -e task-clock,cycles,instructions,cache-references,cache-misses,L1-dcache-loads,L1-dcache-load-misses,L1-icache-loads,L1-icache-load-misses,LLC-loads,LLC-load-misses,LLC-stores,LLC-store-misses,LLC-prefetches,LLC-prefetch-misses,faults,minor-faults,major-faults,branches,branch-misses,stalled-cycles-frontend,stalled-cycles-backend /home/goankur/jdk/corretto-25/bin/java -server -Xms2g -Xmx2g --add-modules jdk.incubator.vector -XX:+HeapDumpOnOutOfMemoryError -XX:+UseParallelGC -XX:StartFlightRecording=jdk.CPUTimeSample#enabled=true,dumponexit=true,maxsize=250M,settings=/home/goankur/vsearch/util/src/python/profiling.jfc,filename=/home/goankur/vsearch/logs/bench-search-FAA-armA-0.jfr -XX:+UnlockDiagnosticVMOptions -XX:+DebugNonSafepoints -classpath /home/goankur/vsearch/bo/lucene-A/lucene/core/build/libs/lucene-core-11.0.0-SNAPSHOT.jar:/home/goankur/vsearch/bo/lucene-A/lucene/sandbox/build/classes/java/main:/home/goankur/vsearch/bo/lucene-A/lucene/misc/build/classes/java/main:/home/goankur/vsearch/bo/lucene-A/lucene/facet/build/classes/java/main:/home/goankur/vsearch/bo/lucene-A/lucene/analysis/common/build/classes/java/main:/home/goankur/vsearch/bo/lucene-A/lucene/analysis/icu/build/classes/java/main:/home/goankur/vsearch/bo/lucene-A/lucene/queryparser/build/classes/java/main:/home/goankur/vsearch/bo/lucene-A/lucene/grouping/build/classes/java/main:/home/goankur/vsearch/bo/lucene-A/lucene/suggest/build/classes/java/main:/home/goankur/vsearch/bo/lucene-A/lucene/highlighter/build/classes/java/main:/home/goankur/vsearch/bo/lucene-A/lucene/codecs/build/classes/java/main:/home/goankur/vsearch/bo/lucene-A/lucene/queries/build/classes/java/main:/home/goankur/vsearch/bo/lucene-A/lucene/join/build/classes/java/main:/home/goankur/vsearch/bo/lucene-A/lucene/spatial3d/build/classes/java/main:/home/goankur/vsearch/util/lib/HdrHistogram.jar:/home/goankur/vsearch/util/src/main/build/classes/java/main:/home/goankur/vsearch/util/build perf.SearchPerfTest -dirImpl MMapDirectory -indexPath /home/goankur/vsearch/indices/wikimedium10m.lucene-A.facets.taxonomy:Date.taxonomy:Month.taxonomy:DayOfYear.sortedset:Date.sortedset:Month.sortedset:DayOfYear.taxonomy:RandomLabel.sortedset:RandomLabel.Lucene90.Lucene104.dvfields.nd10M -facets taxonomy:Date;Date -facets taxonomy:Month;Month -facets taxonomy:DayOfYear;DayOfYear -facets sortedset:Date;Date -facets sortedset:Month;Month -facets sortedset:DayOfYear;DayOfYear -facets taxonomy:RandomLabel;RandomLabel -facets sortedset:RandomLabel;RandomLabel -analyzer StandardAnalyzer -taskSource /home/goankur/vsearch/util/tasks/wikimedium.10M.nostopwords.tasks -numConcurrentQueries 5 -taskRepeatCount 20 -field body -tasksPerCat 1 -searchConcurrency -1 -staticSeed 648875 -seed -1630427 -similarity BM25Similarity -commit multi -hiliteImpl FastVectorHighlighter -log /home/goankur/vsearch/logs/FAA.armA.0 -topN 100 -context  -pk -pollute
      9.4 s
      274.8 actual sustained QPS; -1.0 CPU cores used

Report after iter 0:
QPSChart.supported == False
                            Task     P50 B     P50 C     Diff     P90 B     P90 C     Diff     P99 B     P99 C     Diff    P999 B    P999 C     Diff    P100 B    P100 C     Diff
           ('AndHighHigh', None)     1.546     1.631     5.5%     9.723    10.966    12.8%    11.405    18.956    66.2%    11.405    18.956    66.2%   188.661   144.136   -23.6%
('AndHighHighDayTaxoFacets', None)    28.531    30.117     5.6%    40.944    39.676    -3.1%    47.313    48.450     2.4%    47.313    48.450     2.4%   108.258   134.362    24.1%
            ('AndHighLow', None)     0.583     0.550    -5.7%     1.256     2.213    76.2%     1.771     3.565   101.3%     1.771     3.565   101.3%     2.937     4.213    43.4%
            ('AndHighMed', None)     1.411     1.435     1.7%     4.340     3.513   -19.0%     5.514     5.087    -7.7%     5.514     5.087    -7.7%    10.430     6.060   -41.9%
('AndHighMedDayTaxoFacets', None)     5.480     5.339    -2.6%    12.895    12.420    -3.7%    17.008    16.820    -1.1%    17.008    16.820    -1.1%    24.952    22.637    -9.3%
     ('AndMissingHigh', 'Title')     0.275     0.297     7.7%     0.729     0.530   -27.3%     1.923     2.703    40.6%     1.923     2.703    40.6%     4.097     4.872    18.9%
              ('BM25MSM2', None)    18.037    17.465    -3.2%    29.945    37.478    25.2%    52.136    64.724    24.1%    52.136    64.724    24.1%   162.435   220.011    35.4%
  ('BrowseDateSSDVFacets', None)   337.448   331.890    -1.6%   382.622   400.687     4.7%   391.734   418.667     6.9%   391.734   418.667     6.9%   649.854   522.830   -19.5%
  ('BrowseDateTaxoFacets', None)    64.030    68.008     6.2%    81.644    80.280    -1.7%    85.264    81.789    -4.1%    85.264    81.789    -4.1%   215.945   184.631   -14.5%
('BrowseDayOfYearSSDVFacets', None)    61.943    67.774     9.4%    74.570    87.330    17.1%    94.898    89.386    -5.8%    94.898    89.386    -5.8%   210.824   150.683   -28.5%
('BrowseDayOfYearTaxoFacets', None)    62.398    65.008     4.2%    77.670    75.877    -2.3%    79.064    76.293    -3.5%    79.064    76.293    -3.5%    95.243    77.871   -18.2%
 ('BrowseMonthSSDVFacets', None)    63.903    69.918     9.4%    86.639    89.927     3.8%    86.674    92.587     6.8%    86.674    92.587     6.8%   252.981   115.886   -54.2%
 ('BrowseMonthTaxoFacets', None)    25.748    25.987     0.9%    29.467    34.163    15.9%    87.479    77.730   -11.1%    87.479    77.730   -11.1%   224.677   304.127    35.4%
('BrowseRandomLabelSSDVFacets', None)    94.646   101.201     6.9%   142.148   150.953     6.2%   191.116   198.989     4.1%   191.116   198.989     4.1%   284.605   224.707   -21.0%
('BrowseRandomLabelTaxoFacets', None)    81.664    86.285     5.7%    96.625    95.191    -1.5%    97.113   106.004     9.2%    97.113   106.004     9.2%   128.284   151.966    18.5%
             ('ConstMSM2', None)     0.840     0.859     2.2%     3.366     3.143    -6.6%     7.888    19.183   143.2%     7.888    19.183   143.2%    13.511    20.920    54.8%
                ('Fuzzy1', None)     9.702     9.505    -2.0%    21.447    21.112    -1.6%    22.040    27.539    25.0%    22.040    27.539    25.0%    80.498    97.258    20.8%
                ('Fuzzy2', None)    13.527    14.013     3.6%    31.639    29.251    -7.5%    38.050    33.499   -12.0%    38.050    33.499   -12.0%   102.329   116.302    13.7%
  ('HighIntervalsOrdered', None)    12.514    17.467    39.6%    22.175    35.554    60.3%    26.483    37.960    43.3%    26.483    37.960    43.3%    60.223    60.048    -0.3%
            ('HighPhrase', None)    10.251    10.070    -1.8%    33.945    19.759   -41.8%    37.479    23.751   -36.6%    37.479    23.751   -36.6%   258.751   255.976    -1.1%
      ('HighSloppyPhrase', None)    10.318    10.903     5.7%    15.100    13.507   -10.5%    15.625    14.648    -6.3%    15.625    14.648    -6.3%    61.122    15.019   -75.4%
          ('HighSpanNear', None)    15.261    15.657     2.6%    30.181    47.469    57.3%    35.470    52.310    47.5%    35.470    52.310    47.5%    41.596    84.965   104.3%
              ('HighTerm', None)     0.857     0.878     2.5%     4.724     3.796   -19.6%     5.830     6.336     8.7%     5.830     6.336     8.7%     7.887     6.548   -17.0%
('HighTermDayOfYearSort', 'DayOfYear')     2.358     3.303    40.1%     8.548    10.987    28.5%    13.034    11.848    -9.1%    13.034    11.848    -9.1%    21.517    70.499   227.6%
  ('HighTermMonthSort', 'Month')     0.683     0.692     1.3%     2.452     1.686   -31.2%     6.339     1.961   -69.1%     6.339     1.961   -69.1%     6.486    15.014   131.5%
('HighTermTitleBDVSort', 'TitleBinary')    13.950    14.736     5.6%    23.732    26.828    13.0%    27.081    31.932    17.9%    27.081    31.932    17.9%    71.957    78.325     8.8%
  ('HighTermTitleSort', 'Title')     8.621     8.943     3.7%    18.975    30.597    61.2%    78.166    97.548    24.8%    78.166    97.548    24.8%    86.112   102.594    19.1%
                ('IntNRQ', None)     1.684     1.913    13.6%     9.025     5.389   -40.3%     9.248    36.860   298.6%     9.248    36.860   298.6%    67.142    69.382     3.3%
                ('IntSet', None)     1.797     1.713    -4.7%     5.750     5.536    -3.7%     6.234     6.963    11.7%     6.234     6.963    11.7%    49.186    65.296    32.8%
   ('LowIntervalsOrdered', None)     3.839     4.135     7.7%     6.750     8.596    27.4%     7.261    10.581    45.7%     7.261    10.581    45.7%   131.824   100.325   -23.9%
             ('LowPhrase', None)     5.282     5.378     1.8%    11.215    15.069    34.4%    14.295    18.906    32.3%    14.295    18.906    32.3%    34.332    24.306   -29.2%
       ('LowSloppyPhrase', None)     3.960     3.744    -5.5%     7.415    10.473    41.2%    10.582    13.081    23.6%    10.582    13.081    23.6%    76.979    79.601     3.4%
           ('LowSpanNear', None)     4.516     4.671     3.4%    13.897    11.051   -20.5%    16.553    12.112   -26.8%    16.553    12.112   -26.8%   181.392   223.170    23.0%
               ('LowTerm', None)     0.415     0.394    -5.0%     0.903     1.373    52.1%     1.355     1.508    11.3%     1.355     1.508    11.3%    12.894     4.146   -67.8%
   ('MedIntervalsOrdered', None)     2.744     3.249    18.4%     5.315     7.522    41.5%     5.802     7.664    32.1%     5.802     7.664    32.1%     8.483     7.738    -8.8%
             ('MedPhrase', None)     4.011     5.470    36.4%     9.553    13.620    42.6%    11.250    33.594   198.6%    11.250    33.594   198.6%    30.014    34.569    15.2%
       ('MedSloppyPhrase', None)    23.098    21.142    -8.5%    39.478    40.350     2.2%    51.411    46.581    -9.4%    51.411    46.581    -9.4%   238.586   150.611   -36.9%
           ('MedSpanNear', None)     4.890     4.795    -1.9%    14.905    14.762    -1.0%    15.572    15.978     2.6%    15.572    15.978     2.6%    25.059    28.139    12.3%
               ('MedTerm', None)     0.635     0.756    19.0%     2.555     2.768     8.3%     4.284     3.031   -29.3%     4.284     3.031   -29.3%    10.925     4.138   -62.1%
  ('MedTermDayTaxoFacets', None)    11.421    11.316    -0.9%    27.190    16.735   -38.5%    40.383    22.761   -43.6%    40.383    22.761   -43.6%   155.590   149.195    -4.1%
            ('OrHighHigh', None)     2.363     2.577     9.1%     3.519     4.802    36.5%    10.187    16.711    64.0%    10.187    16.711    64.0%   154.094   138.890    -9.9%
             ('OrHighLow', None)     0.832     0.784    -5.8%     1.788     3.826   114.0%     2.784     5.407    94.2%     2.784     5.407    94.2%    13.577     9.428   -30.6%
             ('OrHighMed', None)     1.177     1.210     2.8%     3.313     3.069    -7.4%     3.937     4.056     3.0%     3.937     4.056     3.0%    27.113     4.730   -82.6%
('OrHighMedDayTaxoFacets', None)    26.671    25.457    -4.6%   118.513    89.218   -24.7%   119.537   126.819     6.1%   119.537   126.819     6.1%   125.505   138.720    10.5%
         ('OrHighNotHigh', None)     1.296     1.216    -6.1%     6.014     5.507    -8.4%     7.746    13.049    68.5%     7.746    13.049    68.5%     8.938    26.591   197.5%
          ('OrHighNotLow', None)     1.238     1.527    23.3%     9.266     5.758   -37.9%    10.618     8.421   -20.7%    10.618     8.421   -20.7%    35.463    40.300    13.6%
          ('OrHighNotMed', None)     1.786     1.682    -5.8%     7.432     5.933   -20.2%     9.458     7.236   -23.5%     9.458     7.236   -23.5%    21.290    44.047   106.9%
         ('OrNotHighHigh', None)     1.319     1.620    22.8%     6.271     6.997    11.6%    10.807    11.931    10.4%    10.807    11.931    10.4%    12.602    18.835    49.5%
          ('OrNotHighLow', None)     0.705     0.690    -2.1%     2.717     1.879   -30.9%     4.272     1.924   -55.0%     4.272     1.924   -55.0%     4.460     3.577   -19.8%
          ('OrNotHighMed', None)     1.077     0.974    -9.6%     3.660     3.763     2.8%     9.948     4.083   -59.0%     9.948     4.083   -59.0%    15.314     4.640   -69.7%
                   ('PKLookup',)     4.700     5.740    22.1%    10.155     8.267   -18.6%    12.888    11.014   -14.5%    12.888    11.014   -14.5%    17.917    17.381    -3.0%
               ('Prefix3', None)     0.916     0.996     8.7%     3.472     3.888    12.0%     3.919     5.821    48.5%     3.919     5.821    48.5%     7.740    17.435   125.3%
                    ('Respell',)    14.909    15.348     2.9%    27.085    24.098   -11.0%    47.205    28.092   -40.5%    47.205    28.092   -40.5%    63.377    94.917    49.8%
('TermDateTimeSort', 'DateTime')     2.957     3.019     2.1%     7.884    18.115   129.8%    16.645    19.222    15.5%    16.645    19.222    15.5%    87.514    92.536     5.7%
              ('Wildcard', None)     5.762     5.549    -3.7%    16.892    12.676   -25.0%    22.872    16.180   -29.3%    22.872    16.180   -29.3%   165.656   164.438    -0.7%
                 ('range', None)     0.170     0.163    -4.5%     0.774     0.521   -32.8%     0.797     0.629   -21.1%     0.797     0.629   -21.1%     0.843     0.950    12.7%
                            Task    QPS armA      StdDev   QPS armA2      StdDev                Pct diff p-value
            HighIntervalsOrdered       81.71      (0.0%)       57.80      (0.0%)  -29.3% ( -29% -  -29%) 1.000
                        PKLookup      237.68      (0.0%)      178.23      (0.0%)  -25.0% ( -25% -  -25%) 1.000
                      OrHighHigh      551.35      (0.0%)      423.01      (0.0%)  -23.3% ( -23% -  -23%) 1.000
             MedIntervalsOrdered      384.34      (0.0%)      313.50      (0.0%)  -18.4% ( -18% -  -18%) 1.000
                         Respell       77.64      (0.0%)       68.03      (0.0%)  -12.4% ( -12% -  -12%) 1.000
                  AndMissingHigh     3977.34      (0.0%)     3549.85      (0.0%)  -10.7% ( -10% -  -10%) 1.000
     BrowseRandomLabelSSDVFacets       11.26      (0.0%)       10.05      (0.0%)  -10.7% ( -10% -  -10%) 1.000
             LowIntervalsOrdered      274.99      (0.0%)      251.09      (0.0%)   -8.7% (  -8% -   -8%) 1.000
     BrowseRandomLabelTaxoFacets       12.65      (0.0%)       11.60      (0.0%)   -8.3% (  -8% -   -8%) 1.000
                       MedPhrase      254.33      (0.0%)      233.88      (0.0%)   -8.0% (  -8% -   -8%) 1.000
        AndHighHighDayTaxoFacets       36.73      (0.0%)       33.98      (0.0%)   -7.5% (  -7% -   -7%) 1.000
                       ConstMSM2     1302.10      (0.0%)     1204.94      (0.0%)   -7.5% (  -7% -   -7%) 1.000
                    OrHighNotLow      825.59      (0.0%)      764.99      (0.0%)   -7.3% (  -7% -   -7%) 1.000
                     AndHighHigh      687.94      (0.0%)      638.43      (0.0%)   -7.2% (  -7% -   -7%) 1.000
                          IntNRQ      612.81      (0.0%)      570.28      (0.0%)   -6.9% (  -6% -   -6%) 1.000
            BrowseDateTaxoFacets       15.91      (0.0%)       14.81      (0.0%)   -6.9% (  -6% -   -6%) 1.000
                         Prefix3     1293.96      (0.0%)     1208.48      (0.0%)   -6.6% (  -6% -   -6%) 1.000
       BrowseDayOfYearTaxoFacets       16.10      (0.0%)       15.06      (0.0%)   -6.5% (  -6% -   -6%) 1.000
                      TermDTSort      365.55      (0.0%)      342.89      (0.0%)   -6.2% (  -6% -   -6%) 1.000
               HighTermTitleSort      119.26      (0.0%)      113.33      (0.0%)   -5.0% (  -4% -   -4%) 1.000
                       LowPhrase      199.92      (0.0%)      190.98      (0.0%)   -4.5% (  -4% -   -4%) 1.000
                    OrHighNotMed      639.39      (0.0%)      612.43      (0.0%)   -4.2% (  -4% -   -4%) 1.000
                    OrNotHighLow     1583.82      (0.0%)     1530.39      (0.0%)   -3.4% (  -3% -   -3%) 1.000
           HighTermDayOfYearSort      459.01      (0.0%)      443.65      (0.0%)   -3.3% (  -3% -   -3%) 1.000
                        HighTerm     1214.11      (0.0%)     1188.95      (0.0%)   -2.1% (  -2% -   -2%) 1.000
                          Fuzzy1      108.94      (0.0%)      107.03      (0.0%)   -1.7% (  -1% -   -1%) 1.000
               HighTermMonthSort     1555.89      (0.0%)     1530.52      (0.0%)   -1.6% (  -1% -   -1%) 1.000
           BrowseMonthTaxoFacets       40.33      (0.0%)       39.72      (0.0%)   -1.5% (  -1% -   -1%) 1.000
                   OrNotHighHigh      790.22      (0.0%)      783.73      (0.0%)   -0.8% (   0% -    0%) 1.000
            MedTermDayTaxoFacets       91.24      (0.0%)       90.55      (0.0%)   -0.8% (   0% -    0%) 1.000
                     LowSpanNear      225.74      (0.0%)      224.06      (0.0%)   -0.7% (   0% -    0%) 1.000
       BrowseDayOfYearSSDVFacets       16.19      (0.0%)       16.08      (0.0%)   -0.7% (   0% -    0%) 1.000
           BrowseMonthSSDVFacets       16.26      (0.0%)       16.16      (0.0%)   -0.6% (   0% -    0%) 1.000
            BrowseDateSSDVFacets        3.02      (0.0%)        3.02      (0.0%)    0.1% (   0% -    0%) 1.000
                         LowTerm     2603.73      (0.0%)     2612.10      (0.0%)    0.3% (   0% -    0%) 1.000
                    HighSpanNear       66.07      (0.0%)       66.30      (0.0%)    0.4% (   0% -    0%) 1.000
                HighSloppyPhrase       97.71      (0.0%)       98.47      (0.0%)    0.8% (   0% -    0%) 1.000
                        BM25MSM2       58.61      (0.0%)       59.18      (0.0%)    1.0% (   0% -    0%) 1.000
                     MedSpanNear      206.76      (0.0%)      209.41      (0.0%)    1.3% (   1% -    1%) 1.000
            HighTermTitleBDVSort       73.37      (0.0%)       74.47      (0.0%)    1.5% (   1% -    1%) 1.000
                          IntSet      673.21      (0.0%)      683.96      (0.0%)    1.6% (   1% -    1%) 1.000
                          Fuzzy2       75.98      (0.0%)       77.38      (0.0%)    1.8% (   1% -    1%) 1.000
          OrHighMedDayTaxoFacets       39.99      (0.0%)       40.76      (0.0%)    1.9% (   1% -    1%) 1.000
                      HighPhrase       98.87      (0.0%)      101.01      (0.0%)    2.2% (   2% -    2%) 1.000
                      AndHighLow     1834.54      (0.0%)     1883.27      (0.0%)    2.7% (   2% -    2%) 1.000
                 LowSloppyPhrase      265.04      (0.0%)      272.09      (0.0%)    2.7% (   2% -    2%) 1.000
                           range     6430.79      (0.0%)     6608.64      (0.0%)    2.8% (   2% -    2%) 1.000
                        Wildcard      176.48      (0.0%)      181.46      (0.0%)    2.8% (   2% -    2%) 1.000
                   OrHighNotHigh      805.30      (0.0%)      828.31      (0.0%)    2.9% (   2% -    2%) 1.000
                 MedSloppyPhrase       48.46      (0.0%)       49.98      (0.0%)    3.1% (   3% -    3%) 1.000
                         MedTerm     1618.03      (0.0%)     1699.45      (0.0%)    5.0% (   5% -    5%) 1.000
         AndHighMedDayTaxoFacets      183.73      (0.0%)      193.33      (0.0%)    5.2% (   5% -    5%) 1.000
                    OrNotHighMed      953.29      (0.0%)     1032.70      (0.0%)    8.3% (   8% -    8%) 1.000
                       OrHighLow     1246.90      (0.0%)     1362.51      (0.0%)    9.3% (   9% -    9%) 1.000
                       OrHighMed      950.81      (0.0%)     1048.49      (0.0%)   10.3% (  10% -   10%) 1.000
                      AndHighMed      779.22      (0.0%)      996.23      (0.0%)   27.8% (  27% -   27%) 1.000
  iter 1
    armA:
      NOTE: using experimental CPU time profiler (see https://mostlynerdless.de/blog/2025/06/11/java-25s-new-cpu-time-profiler-1)
      log: /home/goankur/vsearch/logs/FAA.armA.1 + stdout
      run: /usr/bin/perf stat -dd -e task-clock,cycles,instructions,cache-references,cache-misses,L1-dcache-loads,L1-dcache-load-misses,L1-icache-loads,L1-icache-load-misses,LLC-loads,LLC-load-misses,LLC-stores,LLC-store-misses,LLC-prefetches,LLC-prefetch-misses,faults,minor-faults,major-faults,branches,branch-misses,stalled-cycles-frontend,stalled-cycles-backend /home/goankur/jdk/corretto-25/bin/java -server -Xms2g -Xmx2g --add-modules jdk.incubator.vector -XX:+HeapDumpOnOutOfMemoryError -XX:+UseParallelGC -XX:StartFlightRecording=jdk.CPUTimeSample#enabled=true,dumponexit=true,maxsize=250M,settings=/home/goankur/vsearch/util/src/python/profiling.jfc,filename=/home/goankur/vsearch/logs/bench-search-FAA-armA-1.jfr -XX:+UnlockDiagnosticVMOptions -XX:+DebugNonSafepoints -classpath /home/goankur/vsearch/bo/lucene-A/lucene/core/build/libs/lucene-core-11.0.0-SNAPSHOT.jar:/home/goankur/vsearch/bo/lucene-A/lucene/sandbox/build/classes/java/main:/home/goankur/vsearch/bo/lucene-A/lucene/misc/build/classes/java/main:/home/goankur/vsearch/bo/lucene-A/lucene/facet/build/classes/java/main:/home/goankur/vsearch/bo/lucene-A/lucene/analysis/common/build/classes/java/main:/home/goankur/vsearch/bo/lucene-A/lucene/analysis/icu/build/classes/java/main:/home/goankur/vsearch/bo/lucene-A/lucene/queryparser/build/classes/java/main:/home/goankur/vsearch/bo/lucene-A/lucene/grouping/build/classes/java/main:/home/goankur/vsearch/bo/lucene-A/lucene/suggest/build/classes/java/main:/home/goankur/vsearch/bo/lucene-A/lucene/highlighter/build/classes/java/main:/home/goankur/vsearch/bo/lucene-A/lucene/codecs/build/classes/java/main:/home/goankur/vsearch/bo/lucene-A/lucene/queries/build/classes/java/main:/home/goankur/vsearch/bo/lucene-A/lucene/join/build/classes/java/main:/home/goankur/vsearch/bo/lucene-A/lucene/spatial3d/build/classes/java/main:/home/goankur/vsearch/util/lib/HdrHistogram.jar:/home/goankur/vsearch/util/src/main/build/classes/java/main:/home/goankur/vsearch/util/build perf.SearchPerfTest -dirImpl MMapDirectory -indexPath /home/goankur/vsearch/indices/wikimedium10m.lucene-A.facets.taxonomy:Date.taxonomy:Month.taxonomy:DayOfYear.sortedset:Date.sortedset:Month.sortedset:DayOfYear.taxonomy:RandomLabel.sortedset:RandomLabel.Lucene90.Lucene104.dvfields.nd10M -facets taxonomy:Date;Date -facets taxonomy:Month;Month -facets taxonomy:DayOfYear;DayOfYear -facets sortedset:Date;Date -facets sortedset:Month;Month -facets sortedset:DayOfYear;DayOfYear -facets taxonomy:RandomLabel;RandomLabel -facets sortedset:RandomLabel;RandomLabel -analyzer StandardAnalyzer -taskSource /home/goankur/vsearch/util/tasks/wikimedium.10M.nostopwords.tasks -numConcurrentQueries 5 -taskRepeatCount 20 -field body -tasksPerCat 1 -searchConcurrency -1 -staticSeed 648875 -seed -4217668 -similarity BM25Similarity -commit multi -hiliteImpl FastVectorHighlighter -log /home/goankur/vsearch/logs/FAA.armA.1 -topN 100 -context  -pk -pollute
      9.5 s
      239.0 actual sustained QPS; -1.0 CPU cores used
    armA2:
      NOTE: using experimental CPU time profiler (see https://mostlynerdless.de/blog/2025/06/11/java-25s-new-cpu-time-profiler-1)
      log: /home/goankur/vsearch/logs/FAA.armA2.1 + stdout
      run: /usr/bin/perf stat -dd -e task-clock,cycles,instructions,cache-references,cache-misses,L1-dcache-loads,L1-dcache-load-misses,L1-icache-loads,L1-icache-load-misses,LLC-loads,LLC-load-misses,LLC-stores,LLC-store-misses,LLC-prefetches,LLC-prefetch-misses,faults,minor-faults,major-faults,branches,branch-misses,stalled-cycles-frontend,stalled-cycles-backend /home/goankur/jdk/corretto-25/bin/java -server -Xms2g -Xmx2g --add-modules jdk.incubator.vector -XX:+HeapDumpOnOutOfMemoryError -XX:+UseParallelGC -XX:StartFlightRecording=jdk.CPUTimeSample#enabled=true,dumponexit=true,maxsize=250M,settings=/home/goankur/vsearch/util/src/python/profiling.jfc,filename=/home/goankur/vsearch/logs/bench-search-FAA-armA2-1.jfr -XX:+UnlockDiagnosticVMOptions -XX:+DebugNonSafepoints -classpath /home/goankur/vsearch/bo/lucene-A/lucene/core/build/libs/lucene-core-11.0.0-SNAPSHOT.jar:/home/goankur/vsearch/bo/lucene-A/lucene/sandbox/build/classes/java/main:/home/goankur/vsearch/bo/lucene-A/lucene/misc/build/classes/java/main:/home/goankur/vsearch/bo/lucene-A/lucene/facet/build/classes/java/main:/home/goankur/vsearch/bo/lucene-A/lucene/analysis/common/build/classes/java/main:/home/goankur/vsearch/bo/lucene-A/lucene/analysis/icu/build/classes/java/main:/home/goankur/vsearch/bo/lucene-A/lucene/queryparser/build/classes/java/main:/home/goankur/vsearch/bo/lucene-A/lucene/grouping/build/classes/java/main:/home/goankur/vsearch/bo/lucene-A/lucene/suggest/build/classes/java/main:/home/goankur/vsearch/bo/lucene-A/lucene/highlighter/build/classes/java/main:/home/goankur/vsearch/bo/lucene-A/lucene/codecs/build/classes/java/main:/home/goankur/vsearch/bo/lucene-A/lucene/queries/build/classes/java/main:/home/goankur/vsearch/bo/lucene-A/lucene/join/build/classes/java/main:/home/goankur/vsearch/bo/lucene-A/lucene/spatial3d/build/classes/java/main:/home/goankur/vsearch/util/lib/HdrHistogram.jar:/home/goankur/vsearch/util/src/main/build/classes/java/main:/home/goankur/vsearch/util/build perf.SearchPerfTest -dirImpl MMapDirectory -indexPath /home/goankur/vsearch/indices/wikimedium10m.lucene-A.facets.taxonomy:Date.taxonomy:Month.taxonomy:DayOfYear.sortedset:Date.sortedset:Month.sortedset:DayOfYear.taxonomy:RandomLabel.sortedset:RandomLabel.Lucene90.Lucene104.dvfields.nd10M -facets taxonomy:Date;Date -facets taxonomy:Month;Month -facets taxonomy:DayOfYear;DayOfYear -facets sortedset:Date;Date -facets sortedset:Month;Month -facets sortedset:DayOfYear;DayOfYear -facets taxonomy:RandomLabel;RandomLabel -facets sortedset:RandomLabel;RandomLabel -analyzer StandardAnalyzer -taskSource /home/goankur/vsearch/util/tasks/wikimedium.10M.nostopwords.tasks -numConcurrentQueries 5 -taskRepeatCount 20 -field body -tasksPerCat 1 -searchConcurrency -1 -staticSeed 648875 -seed -4217668 -similarity BM25Similarity -commit multi -hiliteImpl FastVectorHighlighter -log /home/goankur/vsearch/logs/FAA.armA2.1 -topN 100 -context  -pk -pollute
      9.9 s
      232.9 actual sustained QPS; -1.0 CPU cores used

Report after iter 1:
QPSChart.supported == False
                            Task     P50 B     P50 C     Diff     P90 B     P90 C     Diff     P99 B     P99 C     Diff    P999 B    P999 C     Diff    P100 B    P100 C     Diff
           ('AndHighHigh', None)     1.504     2.691    79.0%     8.279     6.906   -16.6%    14.755     8.025   -45.6%    14.755     8.025   -45.6%    16.055    19.877    23.8%
('AndHighHighDayTaxoFacets', None)    30.316    31.055     2.4%    47.873    77.383    61.6%   114.062   100.393   -12.0%   114.062   100.393   -12.0%   183.531   151.698   -17.3%
            ('AndHighLow', None)     0.563     0.586     4.1%     1.274     1.591    24.9%     1.470     1.776    20.8%     1.470     1.776    20.8%    19.768     7.421   -62.5%
            ('AndHighMed', None)     0.997     1.049     5.2%     3.037     4.061    33.7%     5.741    15.950   177.8%     5.741    15.950   177.8%    37.331    72.379    93.9%
('AndHighMedDayTaxoFacets', None)     5.640     5.738     1.7%    10.520    10.644     1.2%    21.660    22.160     2.3%    21.660    22.160     2.3%   355.107   396.828    11.7%
     ('AndMissingHigh', 'Title')     0.356     0.270   -24.2%     0.693     1.307    88.5%     0.783     1.469    87.6%     0.783     1.469    87.6%     4.111    10.403   153.1%
              ('BM25MSM2', None)    20.776    21.924     5.5%    50.423   132.996   163.8%    84.812   206.938   144.0%    84.812   206.938   144.0%   276.195   211.129   -23.6%
  ('BrowseDateSSDVFacets', None)   378.336   411.450     8.8%   448.684   470.730     4.9%   453.217   487.662     7.6%   453.217   487.662     7.6%   571.870   537.596    -6.0%
  ('BrowseDateTaxoFacets', None)    66.389    67.182     1.2%    76.456    75.524    -1.2%    77.442    77.288    -0.2%    77.442    77.288    -0.2%   100.475    78.915   -21.5%
('BrowseDayOfYearSSDVFacets', None)    50.937    69.095    35.6%    58.289    85.149    46.1%    58.747    97.378    65.8%    58.747    97.378    65.8%   251.016   174.278   -30.6%
('BrowseDayOfYearTaxoFacets', None)    65.102    64.647    -0.7%    73.891    78.046     5.6%    89.548    84.716    -5.4%    89.548    84.716    -5.4%   174.776   134.542   -23.0%
 ('BrowseMonthSSDVFacets', None)    68.420    68.663     0.4%    90.994    80.677   -11.3%    93.141    80.773   -13.3%    93.141    80.773   -13.3%   149.206    92.357   -38.1%
 ('BrowseMonthTaxoFacets', None)    24.137    29.262    21.2%    30.834    33.973    10.2%    72.445    72.777     0.5%    72.445    72.777     0.5%   162.662   173.984     7.0%
('BrowseRandomLabelSSDVFacets', None)    99.696    99.879     0.2%   149.179   124.757   -16.4%   162.880   129.892   -20.3%   162.880   129.892   -20.3%   167.316   272.515    62.9%
('BrowseRandomLabelTaxoFacets', None)    78.272    78.538     0.3%    94.038    93.526    -0.5%   104.067   101.982    -2.0%   104.067   101.982    -2.0%   354.329   261.194   -26.3%
             ('ConstMSM2', None)     0.814     0.803    -1.3%     1.932     2.287    18.4%     3.863     7.006    81.4%     3.863     7.006    81.4%    40.974    33.440   -18.4%
                ('Fuzzy1', None)    10.150    10.250     1.0%    16.995    23.834    40.2%    46.123    39.026   -15.4%    46.123    39.026   -15.4%    46.193    49.059     6.2%
                ('Fuzzy2', None)    13.696    13.809     0.8%    30.163    35.901    19.0%    75.720    74.178    -2.0%    75.720    74.178    -2.0%   140.058   153.604     9.7%
  ('HighIntervalsOrdered', None)    14.937    13.738    -8.0%    22.982    31.321    36.3%    56.820    43.126   -24.1%    56.820    43.126   -24.1%    85.923    83.888    -2.4%
            ('HighPhrase', None)    10.417    10.629     2.0%    21.555    23.530     9.2%    42.915    29.812   -30.5%    42.915    29.812   -30.5%   139.576   109.983   -21.2%
      ('HighSloppyPhrase', None)     9.711    10.101     4.0%    11.915    21.359    79.3%    19.828    22.138    11.7%    19.828    22.138    11.7%   106.764   100.279    -6.1%
          ('HighSpanNear', None)    14.898    15.014     0.8%    20.634    33.984    64.7%    36.005    46.657    29.6%    36.005    46.657    29.6%   269.794   178.225   -33.9%
              ('HighTerm', None)     0.855     1.260    47.4%     1.615     3.533   118.8%     4.152     4.296     3.5%     4.152     4.296     3.5%     5.660    29.785   426.3%
('HighTermDayOfYearSort', 'DayOfYear')     2.358     2.745    16.4%     9.752     6.696   -31.3%    10.993     9.126   -17.0%    10.993     9.126   -17.0%    56.479    67.499    19.5%
  ('HighTermMonthSort', 'Month')     0.701     0.641    -8.5%     1.778     2.156    21.3%     2.399     2.872    19.7%     2.399     2.872    19.7%     2.908     2.984     2.6%
('HighTermTitleBDVSort', 'TitleBinary')    14.272    12.885    -9.7%    23.850    36.202    51.8%    27.400    40.846    49.1%    27.400    40.846    49.1%   120.605    69.642   -42.3%
  ('HighTermTitleSort', 'Title')     9.772     8.238   -15.7%    26.107    31.933    22.3%    70.354    84.766    20.5%    70.354    84.766    20.5%    81.393    84.815     4.2%
                ('IntNRQ', None)     1.534     1.714    11.8%     3.797    49.347  1199.8%     3.986    52.924  1227.9%     3.986    52.924  1227.9%    98.121    96.299    -1.9%
                ('IntSet', None)     1.752     1.585    -9.5%     8.992    10.238    13.9%    22.252    37.681    69.3%    22.252    37.681    69.3%    46.091    94.544   105.1%
   ('LowIntervalsOrdered', None)     4.518     3.868   -14.4%     6.721    11.282    67.9%     7.259    12.513    72.4%     7.259    12.513    72.4%     9.588    14.354    49.7%
             ('LowPhrase', None)     4.807     4.861     1.1%     8.999    12.051    33.9%    31.554    32.418     2.7%    31.554    32.418     2.7%    60.033    56.608    -5.7%
       ('LowSloppyPhrase', None)     5.413     3.952   -27.0%     9.899    10.220     3.2%    17.270    20.595    19.2%    17.270    20.595    19.2%   198.639   185.826    -6.5%
           ('LowSpanNear', None)     5.791     6.374    10.1%    17.002    14.867   -12.6%    31.229    23.578   -24.5%    31.229    23.578   -24.5%    62.358    32.667   -47.6%
               ('LowTerm', None)     0.419     0.459     9.6%     2.185     1.400   -35.9%     3.888     1.650   -57.6%     3.888     1.650   -57.6%     4.127     2.629   -36.3%
   ('MedIntervalsOrdered', None)     3.048     2.962    -2.8%     5.713     6.451    12.9%     5.790     6.668    15.2%     5.790     6.668    15.2%   115.621    96.889   -16.2%
             ('MedPhrase', None)     4.870     4.794    -1.6%    11.216     9.809   -12.5%    14.495    27.633    90.6%    14.495    27.633    90.6%    90.674    76.989   -15.1%
       ('MedSloppyPhrase', None)    21.937    20.847    -5.0%    30.815    43.894    42.4%    43.342    56.936    31.4%    43.342    56.936    31.4%    44.024    80.762    83.4%
           ('MedSpanNear', None)     4.828     5.604    16.1%    10.480    20.046    91.3%    12.618    29.934   137.2%    12.618    29.934   137.2%    44.471    31.943   -28.2%
               ('MedTerm', None)     0.660     0.783    18.6%     2.234     2.706    21.1%     8.376     3.421   -59.2%     8.376     3.421   -59.2%    35.362     6.691   -81.1%
  ('MedTermDayTaxoFacets', None)    11.301    11.303     0.0%    26.008    22.476   -13.6%    28.860    39.443    36.7%    28.860    39.443    36.7%    54.291    42.295   -22.1%
            ('OrHighHigh', None)     1.648     1.873    13.6%     6.355     5.181   -18.5%    21.692    11.515   -46.9%    21.692    11.515   -46.9%   162.272   252.347    55.5%
             ('OrHighLow', None)     0.872     0.960    10.1%     3.509     2.263   -35.5%     3.847     2.275   -40.9%     3.847     2.275   -40.9%     5.790     5.313    -8.2%
             ('OrHighMed', None)     0.970     1.119    15.3%     2.103     3.998    90.1%     4.305     4.123    -4.2%     4.305     4.123    -4.2%   108.364   158.178    46.0%
('OrHighMedDayTaxoFacets', None)    26.397    28.486     7.9%    35.526    43.145    21.4%   101.313   133.085    31.4%   101.313   133.085    31.4%   201.390   285.918    42.0%
         ('OrHighNotHigh', None)     1.277     1.400     9.6%     8.672     6.118   -29.4%     9.276    16.316    75.9%     9.276    16.316    75.9%    82.057   111.424    35.8%
          ('OrHighNotLow', None)     1.270     1.556    22.5%     2.288     5.819   154.3%     3.435     8.655   151.9%     3.435     8.655   151.9%    14.450    11.614   -19.6%
          ('OrHighNotMed', None)     1.405     1.829    30.2%    11.708     5.843   -50.1%    13.283     9.890   -25.5%    13.283     9.890   -25.5%    16.555    18.921    14.3%
         ('OrNotHighHigh', None)     1.414     1.487     5.1%     3.188     5.087    59.5%     5.545     6.237    12.5%     5.545     6.237    12.5%   116.452   121.355     4.2%
          ('OrNotHighLow', None)     0.601     0.574    -4.5%     1.356     1.491     9.9%     2.179     3.023    38.7%     2.179     3.023    38.7%     4.444     5.461    22.9%
          ('OrNotHighMed', None)     1.027     1.049     2.2%     2.984     3.740    25.3%     3.108     5.309    70.8%     3.108     5.309    70.8%    16.943     9.737   -42.5%
                   ('PKLookup',)     5.593     5.223    -6.6%     6.949     8.877    27.8%    11.609    13.076    12.6%    11.609    13.076    12.6%    26.962    19.998   -25.8%
               ('Prefix3', None)     1.009     1.050     4.1%     2.992     2.586   -13.6%     3.103     3.849    24.1%     3.103     3.849    24.1%    67.369    51.877   -23.0%
                    ('Respell',)    14.813    16.567    11.8%    19.502    32.229    65.3%    22.909    36.784    60.6%    22.909    36.784    60.6%    41.160    53.452    29.9%
('TermDateTimeSort', 'DateTime')     2.783     2.908     4.5%     6.704    13.824   106.2%    15.300    15.803     3.3%    15.300    15.803     3.3%    26.577    51.133    92.4%
              ('Wildcard', None)     5.961     5.706    -4.3%    14.043    22.668    61.4%    43.138    32.159   -25.4%    43.138    32.159   -25.4%   101.902    70.011   -31.3%
                 ('range', None)     0.166     0.203    22.4%     0.405     0.499    23.2%     0.567     0.768    35.3%     0.567     0.768    35.3%     0.958     7.687   702.8%
                            Task    QPS armA      StdDev   QPS armA2      StdDev                Pct diff p-value
                      OrHighHigh      590.99      (9.5%)      490.86     (16.2%)  -16.9% ( -38% -    9%) 0.203
                     AndHighHigh      679.90      (1.7%)      566.99     (14.9%)  -16.6% ( -32% -    0%) 0.116
                        HighTerm     1218.21      (0.5%)     1021.39     (19.5%)  -16.2% ( -35% -    3%) 0.240
                    OrHighNotMed      694.78     (11.3%)      588.74      (4.8%)  -15.3% ( -28% -    0%) 0.078
                    OrHighNotLow      839.70      (2.4%)      720.66      (7.5%)  -14.2% ( -23% -   -4%) 0.011
       BrowseDayOfYearSSDVFacets       18.39     (16.9%)       16.05      (0.3%)  -12.7% ( -25% -    5%) 0.287
           BrowseMonthTaxoFacets       42.01      (5.6%)       37.05      (9.0%)  -11.8% ( -25% -    2%) 0.116
             MedIntervalsOrdered      373.99      (3.9%)      330.00      (6.2%)  -11.8% ( -21% -   -1%) 0.024
            HighIntervalsOrdered       74.89     (12.9%)       66.14     (15.7%)  -11.7% ( -35% -   19%) 0.416
                        PKLookup      220.78     (10.8%)      197.34     (12.2%)  -10.6% ( -30% -   13%) 0.358
                         Respell       74.83      (5.3%)       67.10      (1.8%)  -10.3% ( -16% -   -3%) 0.009
                         MedTerm     1598.88      (1.7%)     1491.97     (18.4%)   -6.7% ( -26% -   13%) 0.608
                          Fuzzy1      110.75      (2.3%)      103.68      (4.3%)   -6.4% ( -12% -    0%) 0.064
                       ConstMSM2     1321.55      (2.1%)     1248.68      (4.7%)   -5.5% ( -12% -    1%) 0.128
                          IntNRQ      647.75      (7.6%)      613.02      (9.3%)   -5.4% ( -20% -   12%) 0.529
                   OrNotHighHigh      788.75      (0.3%)      748.75      (6.3%)   -5.1% ( -11% -    1%) 0.253
     BrowseRandomLabelSSDVFacets       10.70      (7.3%)       10.18      (1.7%)   -4.9% ( -12% -    4%) 0.350
           BrowseMonthSSDVFacets       16.26      (0.0%)       15.55      (5.3%)   -4.4% (  -9% -    1%) 0.249
        AndHighHighDayTaxoFacets       35.01      (6.9%)       33.58      (1.6%)   -4.1% ( -11% -    4%) 0.415
                   OrHighNotHigh      816.08      (1.9%)      783.55      (7.8%)   -4.0% ( -13% -    5%) 0.480
          OrHighMedDayTaxoFacets       40.07      (0.3%)       38.51      (7.9%)   -3.9% ( -12% -    4%) 0.488
                      TermDTSort      375.78      (3.8%)      362.19      (7.3%)   -3.6% ( -14% -    7%) 0.534
           HighTermDayOfYearSort      452.56      (2.0%)      436.28      (2.3%)   -3.6% (  -7% -    0%) 0.096
                       LowPhrase      206.71      (4.6%)      199.52      (5.8%)   -3.5% ( -13% -    7%) 0.510
       BrowseDayOfYearTaxoFacets       15.96      (1.2%)       15.42      (3.2%)   -3.4% (  -7% -    1%) 0.159
     BrowseRandomLabelTaxoFacets       12.75      (1.2%)       12.35      (8.3%)   -3.1% ( -12% -    6%) 0.596
            BrowseDateSSDVFacets        2.83      (9.3%)        2.75     (13.6%)   -3.0% ( -23% -   21%) 0.796
            BrowseDateTaxoFacets       15.52      (3.5%)       15.06      (2.3%)   -3.0% (  -8% -    2%) 0.314
                        BM25MSM2       54.96      (9.4%)       53.57     (14.4%)   -2.5% ( -24% -   23%) 0.835
                         Prefix3     1158.85     (16.5%)     1130.79      (9.5%)   -2.4% ( -24% -   28%) 0.857
                         LowTerm     2544.87      (3.3%)     2487.61      (6.9%)   -2.2% ( -12% -    8%) 0.678
                    OrNotHighLow     1701.88      (9.8%)     1671.98     (11.8%)   -1.8% ( -21% -   21%) 0.871
                     MedSpanNear      208.90      (1.4%)      205.70      (2.5%)   -1.5% (  -5% -    2%) 0.455
                           range     6406.57      (0.5%)     6326.97      (6.2%)   -1.2% (  -7% -    5%) 0.778
                  AndMissingHigh     3711.25     (10.1%)     3667.00      (4.5%)   -1.2% ( -14% -   14%) 0.879
                HighSloppyPhrase      102.93      (7.2%)      102.31      (5.3%)   -0.6% ( -12% -   12%) 0.923
                      HighPhrase       97.73      (1.6%)       98.14      (4.2%)    0.4% (  -5% -    6%) 0.896
                       OrHighLow     1251.87      (0.6%)     1258.32     (11.8%)    0.5% ( -11% -   12%) 0.951
                    HighSpanNear       66.62      (1.2%)       67.01      (1.5%)    0.6% (  -2% -    3%) 0.660
            MedTermDayTaxoFacets       91.00      (0.4%)       91.54      (1.5%)    0.6% (  -1% -    2%) 0.596
                       MedPhrase      233.27     (12.8%)      235.42      (0.9%)    0.9% ( -11% -   16%) 0.919
                          Fuzzy2       77.66      (3.0%)       78.46      (2.0%)    1.0% (  -3% -    6%) 0.687
                      AndHighLow     1862.84      (2.1%)     1895.64      (0.9%)    1.8% (  -1% -    4%) 0.288
                       OrHighMed      999.14      (6.8%)     1018.98      (4.2%)    2.0% (  -8% -   13%) 0.726
                 MedSloppyPhrase       48.54      (0.2%)       49.53      (1.3%)    2.0% (   0% -    3%) 0.028
         AndHighMedDayTaxoFacets      182.59      (0.9%)      187.58      (4.5%)    2.7% (  -2% -    8%) 0.395
                        Wildcard      174.62      (1.5%)      179.55      (1.5%)    2.8% (   0% -    5%) 0.065
               HighTermMonthSort     1515.50      (3.8%)     1568.14      (3.5%)    3.5% (  -3% -   11%) 0.340
            HighTermTitleBDVSort       73.79      (0.8%)       76.39      (3.7%)    3.5% (   0% -    8%) 0.185
                    OrNotHighMed      986.41      (4.7%)     1038.90      (0.9%)    5.3% (   0% -   11%) 0.119
                          IntSet      632.12      (9.2%)      676.53      (1.7%)    7.0% (  -3% -   19%) 0.287
               HighTermTitleSort      111.26     (10.2%)      121.18     (10.0%)    8.9% ( -10% -   32%) 0.376
                      AndHighMed      908.85     (20.2%)      992.30      (0.6%)    9.2% (  -9% -   37%) 0.520
             LowIntervalsOrdered      250.94     (13.6%)      274.19     (13.0%)    9.3% ( -15% -   41%) 0.486
                     LowSpanNear      205.54     (13.9%)      225.08      (0.7%)    9.5% (  -4% -   27%) 0.334
                 LowSloppyPhrase      240.18     (14.6%)      271.20      (0.5%)   12.9% (  -1% -   32%) 0.212
  iter 2
    armA2:
      NOTE: using experimental CPU time profiler (see https://mostlynerdless.de/blog/2025/06/11/java-25s-new-cpu-time-profiler-1)
      log: /home/goankur/vsearch/logs/FAA.armA2.2 + stdout
      run: /usr/bin/perf stat -dd -e task-clock,cycles,instructions,cache-references,cache-misses,L1-dcache-loads,L1-dcache-load-misses,L1-icache-loads,L1-icache-load-misses,LLC-loads,LLC-load-misses,LLC-stores,LLC-store-misses,LLC-prefetches,LLC-prefetch-misses,faults,minor-faults,major-faults,branches,branch-misses,stalled-cycles-frontend,stalled-cycles-backend /home/goankur/jdk/corretto-25/bin/java -server -Xms2g -Xmx2g --add-modules jdk.incubator.vector -XX:+HeapDumpOnOutOfMemoryError -XX:+UseParallelGC -XX:StartFlightRecording=jdk.CPUTimeSample#enabled=true,dumponexit=true,maxsize=250M,settings=/home/goankur/vsearch/util/src/python/profiling.jfc,filename=/home/goankur/vsearch/logs/bench-search-FAA-armA2-2.jfr -XX:+UnlockDiagnosticVMOptions -XX:+DebugNonSafepoints -classpath /home/goankur/vsearch/bo/lucene-A/lucene/core/build/libs/lucene-core-11.0.0-SNAPSHOT.jar:/home/goankur/vsearch/bo/lucene-A/lucene/sandbox/build/classes/java/main:/home/goankur/vsearch/bo/lucene-A/lucene/misc/build/classes/java/main:/home/goankur/vsearch/bo/lucene-A/lucene/facet/build/classes/java/main:/home/goankur/vsearch/bo/lucene-A/lucene/analysis/common/build/classes/java/main:/home/goankur/vsearch/bo/lucene-A/lucene/analysis/icu/build/classes/java/main:/home/goankur/vsearch/bo/lucene-A/lucene/queryparser/build/classes/java/main:/home/goankur/vsearch/bo/lucene-A/lucene/grouping/build/classes/java/main:/home/goankur/vsearch/bo/lucene-A/lucene/suggest/build/classes/java/main:/home/goankur/vsearch/bo/lucene-A/lucene/highlighter/build/classes/java/main:/home/goankur/vsearch/bo/lucene-A/lucene/codecs/build/classes/java/main:/home/goankur/vsearch/bo/lucene-A/lucene/queries/build/classes/java/main:/home/goankur/vsearch/bo/lucene-A/lucene/join/build/classes/java/main:/home/goankur/vsearch/bo/lucene-A/lucene/spatial3d/build/classes/java/main:/home/goankur/vsearch/util/lib/HdrHistogram.jar:/home/goankur/vsearch/util/src/main/build/classes/java/main:/home/goankur/vsearch/util/build perf.SearchPerfTest -dirImpl MMapDirectory -indexPath /home/goankur/vsearch/indices/wikimedium10m.lucene-A.facets.taxonomy:Date.taxonomy:Month.taxonomy:DayOfYear.sortedset:Date.sortedset:Month.sortedset:DayOfYear.taxonomy:RandomLabel.sortedset:RandomLabel.Lucene90.Lucene104.dvfields.nd10M -facets taxonomy:Date;Date -facets taxonomy:Month;Month -facets taxonomy:DayOfYear;DayOfYear -facets sortedset:Date;Date -facets sortedset:Month;Month -facets sortedset:DayOfYear;DayOfYear -facets taxonomy:RandomLabel;RandomLabel -facets sortedset:RandomLabel;RandomLabel -analyzer StandardAnalyzer -taskSource /home/goankur/vsearch/util/tasks/wikimedium.10M.nostopwords.tasks -numConcurrentQueries 5 -taskRepeatCount 20 -field body -tasksPerCat 1 -searchConcurrency -1 -staticSeed 648875 -seed -1717266 -similarity BM25Similarity -commit multi -hiliteImpl FastVectorHighlighter -log /home/goankur/vsearch/logs/FAA.armA2.2 -topN 100 -context  -pk -pollute
      9.3 s
      247.6 actual sustained QPS; -1.0 CPU cores used
    armA:
      NOTE: using experimental CPU time profiler (see https://mostlynerdless.de/blog/2025/06/11/java-25s-new-cpu-time-profiler-1)
      log: /home/goankur/vsearch/logs/FAA.armA.2 + stdout
      run: /usr/bin/perf stat -dd -e task-clock,cycles,instructions,cache-references,cache-misses,L1-dcache-loads,L1-dcache-load-misses,L1-icache-loads,L1-icache-load-misses,LLC-loads,LLC-load-misses,LLC-stores,LLC-store-misses,LLC-prefetches,LLC-prefetch-misses,faults,minor-faults,major-faults,branches,branch-misses,stalled-cycles-frontend,stalled-cycles-backend /home/goankur/jdk/corretto-25/bin/java -server -Xms2g -Xmx2g --add-modules jdk.incubator.vector -XX:+HeapDumpOnOutOfMemoryError -XX:+UseParallelGC -XX:StartFlightRecording=jdk.CPUTimeSample#enabled=true,dumponexit=true,maxsize=250M,settings=/home/goankur/vsearch/util/src/python/profiling.jfc,filename=/home/goankur/vsearch/logs/bench-search-FAA-armA-2.jfr -XX:+UnlockDiagnosticVMOptions -XX:+DebugNonSafepoints -classpath /home/goankur/vsearch/bo/lucene-A/lucene/core/build/libs/lucene-core-11.0.0-SNAPSHOT.jar:/home/goankur/vsearch/bo/lucene-A/lucene/sandbox/build/classes/java/main:/home/goankur/vsearch/bo/lucene-A/lucene/misc/build/classes/java/main:/home/goankur/vsearch/bo/lucene-A/lucene/facet/build/classes/java/main:/home/goankur/vsearch/bo/lucene-A/lucene/analysis/common/build/classes/java/main:/home/goankur/vsearch/bo/lucene-A/lucene/analysis/icu/build/classes/java/main:/home/goankur/vsearch/bo/lucene-A/lucene/queryparser/build/classes/java/main:/home/goankur/vsearch/bo/lucene-A/lucene/grouping/build/classes/java/main:/home/goankur/vsearch/bo/lucene-A/lucene/suggest/build/classes/java/main:/home/goankur/vsearch/bo/lucene-A/lucene/highlighter/build/classes/java/main:/home/goankur/vsearch/bo/lucene-A/lucene/codecs/build/classes/java/main:/home/goankur/vsearch/bo/lucene-A/lucene/queries/build/classes/java/main:/home/goankur/vsearch/bo/lucene-A/lucene/join/build/classes/java/main:/home/goankur/vsearch/bo/lucene-A/lucene/spatial3d/build/classes/java/main:/home/goankur/vsearch/util/lib/HdrHistogram.jar:/home/goankur/vsearch/util/src/main/build/classes/java/main:/home/goankur/vsearch/util/build perf.SearchPerfTest -dirImpl MMapDirectory -indexPath /home/goankur/vsearch/indices/wikimedium10m.lucene-A.facets.taxonomy:Date.taxonomy:Month.taxonomy:DayOfYear.sortedset:Date.sortedset:Month.sortedset:DayOfYear.taxonomy:RandomLabel.sortedset:RandomLabel.Lucene90.Lucene104.dvfields.nd10M -facets taxonomy:Date;Date -facets taxonomy:Month;Month -facets taxonomy:DayOfYear;DayOfYear -facets sortedset:Date;Date -facets sortedset:Month;Month -facets sortedset:DayOfYear;DayOfYear -facets taxonomy:RandomLabel;RandomLabel -facets sortedset:RandomLabel;RandomLabel -analyzer StandardAnalyzer -taskSource /home/goankur/vsearch/util/tasks/wikimedium.10M.nostopwords.tasks -numConcurrentQueries 5 -taskRepeatCount 20 -field body -tasksPerCat 1 -searchConcurrency -1 -staticSeed 648875 -seed -1717266 -similarity BM25Similarity -commit multi -hiliteImpl FastVectorHighlighter -log /home/goankur/vsearch/logs/FAA.armA.2 -topN 100 -context  -pk -pollute
      9.4 s
      253.3 actual sustained QPS; -1.0 CPU cores used

Report after iter 2:
QPSChart.supported == False
                            Task     P50 B     P50 C     Diff     P90 B     P90 C     Diff     P99 B     P99 C     Diff    P999 B    P999 C     Diff    P100 B    P100 C     Diff
           ('AndHighHigh', None)     1.476     1.652    11.9%     4.783     5.139     7.5%    45.452    11.259   -75.2%    45.452    11.259   -75.2%   137.984   154.300    11.8%
('AndHighHighDayTaxoFacets', None)    29.957    31.793     6.1%    41.784    38.170    -8.6%    61.292    46.592   -24.0%    61.292    46.592   -24.0%   144.536   166.405    15.1%
            ('AndHighLow', None)     0.494     0.544    10.1%     1.471     1.199   -18.5%     1.642     1.774     8.0%     1.642     1.774     8.0%     4.188     6.001    43.3%
            ('AndHighMed', None)     1.144     1.193     4.3%     2.960     3.837    29.6%     4.890     5.384    10.1%     4.890     5.384    10.1%     5.314    13.091   146.4%
('AndHighMedDayTaxoFacets', None)     5.649     5.853     3.6%     9.445     9.460     0.2%    12.457    14.334    15.1%    12.457    14.334    15.1%    47.066    42.066   -10.6%
     ('AndMissingHigh', 'Title')     0.292     0.316     8.1%     0.968     0.773   -20.1%     1.323     1.037   -21.6%     1.323     1.037   -21.6%     2.483     1.300   -47.6%
              ('BM25MSM2', None)    16.201    17.150     5.9%    32.540    28.640   -12.0%    54.795    76.188    39.0%    54.795    76.188    39.0%   314.128   240.326   -23.5%
  ('BrowseDateSSDVFacets', None)   325.473   335.857     3.2%   368.990   407.832    10.5%   370.871   423.903    14.3%   370.871   423.903    14.3%   471.698   495.520     5.1%
  ('BrowseDateTaxoFacets', None)    72.596    61.338   -15.5%    93.763    74.598   -20.4%   114.588    77.768   -32.1%   114.588    77.768   -32.1%   405.386   307.562   -24.1%
('BrowseDayOfYearSSDVFacets', None)    62.208    71.479    14.9%    74.695    88.381    18.3%    85.153    89.851     5.5%    85.153    89.851     5.5%   137.009   198.394    44.8%
('BrowseDayOfYearTaxoFacets', None)    68.207    61.523    -9.8%    88.537    72.908   -17.7%    96.971    77.108   -20.5%    96.971    77.108   -20.5%   257.241   156.229   -39.3%
 ('BrowseMonthSSDVFacets', None)    60.075    71.367    18.8%    81.713    84.164     3.0%    82.321    84.533     2.7%    82.321    84.533     2.7%   195.072   199.430     2.2%
 ('BrowseMonthTaxoFacets', None)    24.862    24.723    -0.6%    35.011    31.571    -9.8%    76.736    68.502   -10.7%    76.736    68.502   -10.7%   265.965   204.324   -23.2%
('BrowseRandomLabelSSDVFacets', None)    90.657   101.181    11.6%   120.546   121.256     0.6%   125.205   137.070     9.5%   125.205   137.070     9.5%   180.126   230.269    27.8%
('BrowseRandomLabelTaxoFacets', None)    86.514    77.107   -10.9%   119.315   102.627   -14.0%   146.572   109.843   -25.1%   146.572   109.843   -25.1%   154.062   122.016   -20.8%
             ('ConstMSM2', None)     0.787     0.813     3.4%     2.232     1.461   -34.5%     2.743     8.932   225.7%     2.743     8.932   225.7%     7.062    10.019    41.9%
                ('Fuzzy1', None)     9.330     9.430     1.1%    19.007    16.242   -14.5%    25.397    20.533   -19.2%    25.397    20.533   -19.2%    43.655    71.095    62.9%
                ('Fuzzy2', None)    14.567    14.501    -0.5%    29.076    25.970   -10.7%    39.002    39.219     0.6%    39.002    39.219     0.6%   227.730   278.129    22.1%
  ('HighIntervalsOrdered', None)    12.808    12.416    -3.1%    22.168    28.519    28.6%    32.589    34.750     6.6%    32.589    34.750     6.6%   114.699    79.589   -30.6%
            ('HighPhrase', None)    10.072    10.159     0.9%    32.312    15.398   -52.3%    34.334    17.281   -49.7%    34.334    17.281   -49.7%    97.997    85.415   -12.8%
      ('HighSloppyPhrase', None)    10.483     9.121   -13.0%    13.380    11.815   -11.7%    15.931    12.732   -20.1%    15.931    12.732   -20.1%    17.915    16.043   -10.5%
          ('HighSpanNear', None)    14.903    14.712    -1.3%    21.007    22.173     5.5%    24.029    34.002    41.5%    24.029    34.002    41.5%    31.398    40.045    27.5%
              ('HighTerm', None)     0.787     0.754    -4.3%     1.487     1.372    -7.7%     1.835     1.720    -6.3%     1.835     1.720    -6.3%    15.936    17.987    12.9%
('HighTermDayOfYearSort', 'DayOfYear')     2.215     2.075    -6.3%    10.254    10.152    -1.0%    18.584    36.052    94.0%    18.584    36.052    94.0%    24.073   142.250   490.9%
  ('HighTermMonthSort', 'Month')     0.726     0.718    -1.1%     2.290     1.749   -23.6%     2.606     1.880   -27.9%     2.606     1.880   -27.9%     5.934     2.949   -50.3%
('HighTermTitleBDVSort', 'TitleBinary')    14.310    14.345     0.2%    29.277    21.729   -25.8%    37.558    30.877   -17.8%    37.558    30.877   -17.8%    84.531   131.255    55.3%
  ('HighTermTitleSort', 'Title')     9.223    10.103     9.5%    27.293    23.238   -14.9%    32.148    37.836    17.7%    32.148    37.836    17.7%    86.895    92.438     6.4%
                ('IntNRQ', None)     1.515     1.341   -11.5%     3.952     6.607    67.2%     4.253     8.843   107.9%     4.253     8.843   107.9%    54.642   188.457   244.9%
                ('IntSet', None)     1.441     1.523     5.7%     5.421     5.962    10.0%    18.955    18.714    -1.3%    18.955    18.714    -1.3%    70.821    94.093    32.9%
   ('LowIntervalsOrdered', None)     3.712     4.107    10.7%     7.667     7.253    -5.4%     8.152     7.793    -4.4%     8.152     7.793    -4.4%    88.621   115.591    30.4%
             ('LowPhrase', None)     5.159     5.117    -0.8%     9.123     9.353     2.5%    25.318    10.845   -57.2%    25.318    10.845   -57.2%    30.179    39.560    31.1%
       ('LowSloppyPhrase', None)     3.753     3.777     0.6%     9.332     7.011   -24.9%    16.165     9.598   -40.6%    16.165     9.598   -40.6%    19.445    14.164   -27.2%
           ('LowSpanNear', None)     4.389     4.287    -2.3%     9.771     7.225   -26.1%    10.318     8.074   -21.7%    10.318     8.074   -21.7%    11.358    20.955    84.5%
               ('LowTerm', None)     0.433     0.427    -1.5%     1.026     0.973    -5.2%     3.268     1.340   -59.0%     3.268     1.340   -59.0%    12.601    16.225    28.8%
   ('MedIntervalsOrdered', None)     2.412     2.676    10.9%     5.103     4.721    -7.5%     5.902    17.806   201.7%     5.902    17.806   201.7%    81.694    49.351   -39.6%
             ('MedPhrase', None)     5.392     5.381    -0.2%    13.599     8.524   -37.3%    21.138     9.090   -57.0%    21.138     9.090   -57.0%    38.391     9.714   -74.7%
       ('MedSloppyPhrase', None)    21.468    21.206    -1.2%    32.497    31.283    -3.7%    38.145    35.934    -5.8%    38.145    35.934    -5.8%   319.268   305.800    -4.2%
           ('MedSpanNear', None)     4.725     4.773     1.0%    10.339     9.782    -5.4%    20.169    10.877   -46.1%    20.169    10.877   -46.1%   235.829   209.691   -11.1%
               ('MedTerm', None)     0.623     0.662     6.2%     2.695     1.276   -52.6%     2.788     1.544   -44.6%     2.788     1.544   -44.6%     6.593     4.005   -39.3%
  ('MedTermDayTaxoFacets', None)    11.732    10.056   -14.3%    31.480    17.689   -43.8%    36.052    33.436    -7.3%    36.052    33.436    -7.3%    84.057   150.025    78.5%
            ('OrHighHigh', None)     1.744     1.594    -8.6%     5.286     4.042   -23.5%    13.263     5.948   -55.2%    13.263     5.948   -55.2%    17.385    24.860    43.0%
             ('OrHighLow', None)     0.864     0.825    -4.4%     1.647     1.442   -12.5%     1.923     1.626   -15.5%     1.923     1.626   -15.5%     2.599     4.462    71.7%
             ('OrHighMed', None)     0.973     0.921    -5.3%     6.986     1.884   -73.0%    12.299     4.997   -59.4%    12.299     4.997   -59.4%    24.269     5.280   -78.2%
('OrHighMedDayTaxoFacets', None)    26.811    26.168    -2.4%    98.924    36.757   -62.8%   110.421    41.842   -62.1%   110.421    41.842   -62.1%   220.034   146.171   -33.6%
         ('OrHighNotHigh', None)     1.089     1.121     2.9%     6.623     5.530   -16.5%    16.987     6.830   -59.8%    16.987     6.830   -59.8%    36.729     7.069   -80.8%
          ('OrHighNotLow', None)     1.224     1.306     6.7%     3.348     2.954   -11.8%    11.908    16.238    36.4%    11.908    16.238    36.4%    12.549    21.285    69.6%
          ('OrHighNotMed', None)     1.470     1.689    14.9%    11.274     9.025   -19.9%    24.581    18.025   -26.7%    24.581    18.025   -26.7%    89.680    60.733   -32.3%
         ('OrNotHighHigh', None)     1.290     1.413     9.5%     4.934     9.891   100.5%    10.674    12.150    13.8%    10.674    12.150    13.8%    31.576    35.486    12.4%
          ('OrNotHighLow', None)     0.626     0.647     3.3%     1.767     1.403   -20.6%     2.012     1.474   -26.7%     2.012     1.474   -26.7%    10.856     7.423   -31.6%
          ('OrNotHighMed', None)     1.043     1.037    -0.6%     3.369     3.012   -10.6%     6.006     5.601    -6.8%     6.006     5.601    -6.8%     7.666     7.888     2.9%
                   ('PKLookup',)     4.181     4.765    14.0%     7.691     6.082   -20.9%    16.277    13.842   -15.0%    16.277    13.842   -15.0%    61.039    18.263   -70.1%
               ('Prefix3', None)     0.940     1.030     9.6%     8.431     4.243   -49.7%    12.458     8.693   -30.2%    12.458     8.693   -30.2%    17.151    16.344    -4.7%
                    ('Respell',)    14.078    16.675    18.4%    27.794    23.500   -15.4%    39.112    34.750   -11.2%    39.112    34.750   -11.2%    67.369   103.274    53.3%
('TermDateTimeSort', 'DateTime')     2.534     2.901    14.5%     7.718     4.785   -38.0%    12.684    37.819   198.2%    12.684    37.819   198.2%    59.057    97.753    65.5%
              ('Wildcard', None)     5.290     5.596     5.8%     9.363     8.085   -13.7%    19.423    11.480   -40.9%    19.423    11.480   -40.9%    57.594    77.330    34.3%
                 ('range', None)     0.179     0.183     1.9%     1.034     0.608   -41.2%     1.222     0.849   -30.6%     1.222     0.849   -30.6%    10.582    11.610     9.7%
                            Task    QPS armA      StdDev   QPS armA2      StdDev                Pct diff p-value
                     AndHighHigh      690.09      (2.8%)      591.62     (12.1%)  -14.3% ( -28% -    0%) 0.046
       BrowseDayOfYearSSDVFacets       17.63     (14.5%)       15.42      (6.2%)  -12.5% ( -29% -    9%) 0.168
                         Respell       73.91      (4.4%)       64.91      (5.3%)  -12.2% ( -20% -   -2%) 0.002
             MedIntervalsOrdered      392.38      (8.5%)      346.59      (8.4%)  -11.7% ( -26% -    5%) 0.092
                    OrHighNotLow      840.42      (1.7%)      746.45      (7.5%)  -11.2% ( -20% -   -2%) 0.012
                    OrHighNotMed      707.60      (8.4%)      632.78     (11.3%)  -10.6% ( -27% -    9%) 0.194
                        HighTerm     1240.33      (3.1%)     1129.10     (20.2%)   -9.0% ( -31% -   14%) 0.448
                      OrHighHigh      590.63      (6.7%)      540.25     (18.5%)   -8.5% ( -31% -   17%) 0.453
                        PKLookup      228.19      (9.3%)      209.06     (12.2%)   -8.4% ( -27% -   14%) 0.344
            HighIntervalsOrdered       77.24     (10.3%)       71.37     (15.9%)   -7.6% ( -30% -   20%) 0.487
     BrowseRandomLabelSSDVFacets       10.93      (6.2%)       10.14      (1.3%)   -7.2% ( -13% -    0%) 0.048
           BrowseMonthSSDVFacets       16.46      (2.2%)       15.30      (4.5%)   -7.1% ( -13% -    0%) 0.015
                         MedTerm     1628.06      (3.3%)     1517.95     (13.0%)   -6.8% ( -22% -    9%) 0.384
                      TermDTSort      382.88      (4.2%)      358.93      (5.3%)   -6.3% ( -15% -    3%) 0.107
           BrowseMonthTaxoFacets       41.62      (4.3%)       39.23     (11.1%)   -5.7% ( -20% -   10%) 0.404
                   OrNotHighHigh      786.40      (0.6%)      745.85      (4.5%)   -5.2% ( -10% -    0%) 0.049
                          Fuzzy1      112.19      (2.7%)      106.41      (5.2%)   -5.2% ( -12% -    2%) 0.127
                  AndMissingHigh     3740.56      (7.2%)     3550.95      (6.2%)   -5.1% ( -17% -    9%) 0.358
        AndHighHighDayTaxoFacets       34.72      (5.2%)       33.04      (2.9%)   -4.8% ( -12% -    3%) 0.158
                       ConstMSM2     1317.47      (1.6%)     1259.25      (3.6%)   -4.4% (  -9% -    0%) 0.051
                         Prefix3     1153.98     (11.7%)     1105.12      (7.8%)   -4.2% ( -21% -   17%) 0.602
                        BM25MSM2       57.32      (9.5%)       55.29     (11.1%)   -3.5% ( -22% -   18%) 0.675
            BrowseDateSSDVFacets        2.92      (8.2%)        2.83     (10.6%)   -3.1% ( -20% -   17%) 0.693
           HighTermDayOfYearSort      471.99      (7.3%)      460.25      (8.9%)   -2.5% ( -17% -   14%) 0.708
                    OrNotHighLow     1686.27      (7.2%)     1645.88      (8.8%)   -2.4% ( -17% -   14%) 0.715
                      AndHighLow     1937.82      (6.9%)     1891.41      (0.7%)   -2.4% (  -9% -    5%) 0.548
                   OrHighNotHigh      852.25      (7.5%)      837.75     (12.2%)   -1.7% ( -19% -   19%) 0.837
                       LowPhrase      203.71      (4.2%)      201.52      (4.5%)   -1.1% (  -9% -    7%) 0.763
                     MedSpanNear      210.25      (1.5%)      208.65      (3.0%)   -0.8% (  -5% -    3%) 0.694
       BrowseDayOfYearTaxoFacets       15.84      (1.6%)       15.76      (4.4%)   -0.5% (  -6% -    5%) 0.846
          OrHighMedDayTaxoFacets       39.36      (3.1%)       39.25      (6.6%)   -0.3% (  -9% -    9%) 0.948
                    HighSpanNear       67.52      (2.4%)       67.40      (1.5%)   -0.2% (  -3% -    3%) 0.918
                        Wildcard      180.30      (5.5%)      180.01      (1.2%)   -0.2% (  -6% -    6%) 0.962
                      HighPhrase       98.38      (1.6%)       98.35      (2.9%)   -0.0% (  -4% -    4%) 0.990
                           range     6202.81      (5.7%)     6213.13      (5.5%)    0.2% ( -10% -   12%) 0.971
                         LowTerm     2486.24      (4.7%)     2492.99      (5.0%)    0.3% (  -9% -   10%) 0.946
                       OrHighMed     1040.92      (8.4%)     1047.89      (5.6%)    0.7% ( -12% -   15%) 0.908
         AndHighMedDayTaxoFacets      182.27      (0.7%)      183.99      (4.6%)    0.9% (  -4% -    6%) 0.728
                       OrHighLow     1236.06      (2.3%)     1247.87      (8.6%)    1.0% (  -9% -   12%) 0.852
                          Fuzzy2       75.13      (6.2%)       75.99      (5.9%)    1.1% ( -10% -   14%) 0.818
                HighSloppyPhrase      103.97      (5.3%)      105.29      (6.2%)    1.3% (  -9% -   13%) 0.788
                          IntSet      667.06     (11.0%)      676.41      (1.1%)    1.4% (  -9% -   15%) 0.826
     BrowseRandomLabelTaxoFacets       12.42      (4.7%)       12.63      (7.1%)    1.6% (  -9% -   14%) 0.741
            HighTermTitleBDVSort       73.03      (1.9%)       74.62      (5.0%)    2.2% (  -4% -    9%) 0.476
                 MedSloppyPhrase       48.14      (1.5%)       49.19      (1.5%)    2.2% (   0% -    5%) 0.073
                          IntNRQ      659.36      (6.1%)      673.84     (17.2%)    2.2% ( -19% -   27%) 0.835
                      AndHighMed      947.26     (15.4%)      968.49      (4.4%)    2.2% ( -15% -   25%) 0.808
             LowIntervalsOrdered      261.66     (11.6%)      268.89      (9.5%)    2.8% ( -16% -   27%) 0.750
                       MedPhrase      218.36     (15.3%)      225.93      (7.6%)    3.5% ( -16% -   31%) 0.725
            BrowseDateTaxoFacets       15.01      (6.5%)       15.64      (6.9%)    4.3% (  -8% -   18%) 0.438
               HighTermMonthSort     1489.84      (4.0%)     1558.82      (2.7%)    4.6% (  -2% -   11%) 0.100
               HighTermTitleSort      111.67      (7.2%)      116.84      (9.7%)    4.6% ( -11% -   23%) 0.508
                    OrNotHighMed      984.52      (3.4%)     1034.22      (1.0%)    5.0% (   0% -    9%) 0.013
                     LowSpanNear      215.00     (12.1%)      228.38      (2.7%)    6.2% (  -7% -   23%) 0.385
            MedTermDayTaxoFacets       89.37      (3.2%)       96.12      (8.9%)    7.6% (  -4% -   20%) 0.168
                 LowSloppyPhrase      249.78     (12.0%)      269.90      (1.0%)    8.1% (  -4% -   23%) 0.245
  iter 3
    armA:
      NOTE: using experimental CPU time profiler (see https://mostlynerdless.de/blog/2025/06/11/java-25s-new-cpu-time-profiler-1)
      log: /home/goankur/vsearch/logs/FAA.armA.3 + stdout
      run: /usr/bin/perf stat -dd -e task-clock,cycles,instructions,cache-references,cache-misses,L1-dcache-loads,L1-dcache-load-misses,L1-icache-loads,L1-icache-load-misses,LLC-loads,LLC-load-misses,LLC-stores,LLC-store-misses,LLC-prefetches,LLC-prefetch-misses,faults,minor-faults,major-faults,branches,branch-misses,stalled-cycles-frontend,stalled-cycles-backend /home/goankur/jdk/corretto-25/bin/java -server -Xms2g -Xmx2g --add-modules jdk.incubator.vector -XX:+HeapDumpOnOutOfMemoryError -XX:+UseParallelGC -XX:StartFlightRecording=jdk.CPUTimeSample#enabled=true,dumponexit=true,maxsize=250M,settings=/home/goankur/vsearch/util/src/python/profiling.jfc,filename=/home/goankur/vsearch/logs/bench-search-FAA-armA-3.jfr -XX:+UnlockDiagnosticVMOptions -XX:+DebugNonSafepoints -classpath /home/goankur/vsearch/bo/lucene-A/lucene/core/build/libs/lucene-core-11.0.0-SNAPSHOT.jar:/home/goankur/vsearch/bo/lucene-A/lucene/sandbox/build/classes/java/main:/home/goankur/vsearch/bo/lucene-A/lucene/misc/build/classes/java/main:/home/goankur/vsearch/bo/lucene-A/lucene/facet/build/classes/java/main:/home/goankur/vsearch/bo/lucene-A/lucene/analysis/common/build/classes/java/main:/home/goankur/vsearch/bo/lucene-A/lucene/analysis/icu/build/classes/java/main:/home/goankur/vsearch/bo/lucene-A/lucene/queryparser/build/classes/java/main:/home/goankur/vsearch/bo/lucene-A/lucene/grouping/build/classes/java/main:/home/goankur/vsearch/bo/lucene-A/lucene/suggest/build/classes/java/main:/home/goankur/vsearch/bo/lucene-A/lucene/highlighter/build/classes/java/main:/home/goankur/vsearch/bo/lucene-A/lucene/codecs/build/classes/java/main:/home/goankur/vsearch/bo/lucene-A/lucene/queries/build/classes/java/main:/home/goankur/vsearch/bo/lucene-A/lucene/join/build/classes/java/main:/home/goankur/vsearch/bo/lucene-A/lucene/spatial3d/build/classes/java/main:/home/goankur/vsearch/util/lib/HdrHistogram.jar:/home/goankur/vsearch/util/src/main/build/classes/java/main:/home/goankur/vsearch/util/build perf.SearchPerfTest -dirImpl MMapDirectory -indexPath /home/goankur/vsearch/indices/wikimedium10m.lucene-A.facets.taxonomy:Date.taxonomy:Month.taxonomy:DayOfYear.sortedset:Date.sortedset:Month.sortedset:DayOfYear.taxonomy:RandomLabel.sortedset:RandomLabel.Lucene90.Lucene104.dvfields.nd10M -facets taxonomy:Date;Date -facets taxonomy:Month;Month -facets taxonomy:DayOfYear;DayOfYear -facets sortedset:Date;Date -facets sortedset:Month;Month -facets sortedset:DayOfYear;DayOfYear -facets taxonomy:RandomLabel;RandomLabel -facets sortedset:RandomLabel;RandomLabel -analyzer StandardAnalyzer -taskSource /home/goankur/vsearch/util/tasks/wikimedium.10M.nostopwords.tasks -numConcurrentQueries 5 -taskRepeatCount 20 -field body -tasksPerCat 1 -searchConcurrency -1 -staticSeed 648875 -seed 518523 -similarity BM25Similarity -commit multi -hiliteImpl FastVectorHighlighter -log /home/goankur/vsearch/logs/FAA.armA.3 -topN 100 -context  -pk -pollute
      9.5 s
      228.6 actual sustained QPS; -1.0 CPU cores used
    armA2:
      NOTE: using experimental CPU time profiler (see https://mostlynerdless.de/blog/2025/06/11/java-25s-new-cpu-time-profiler-1)
      log: /home/goankur/vsearch/logs/FAA.armA2.3 + stdout
      run: /usr/bin/perf stat -dd -e task-clock,cycles,instructions,cache-references,cache-misses,L1-dcache-loads,L1-dcache-load-misses,L1-icache-loads,L1-icache-load-misses,LLC-loads,LLC-load-misses,LLC-stores,LLC-store-misses,LLC-prefetches,LLC-prefetch-misses,faults,minor-faults,major-faults,branches,branch-misses,stalled-cycles-frontend,stalled-cycles-backend /home/goankur/jdk/corretto-25/bin/java -server -Xms2g -Xmx2g --add-modules jdk.incubator.vector -XX:+HeapDumpOnOutOfMemoryError -XX:+UseParallelGC -XX:StartFlightRecording=jdk.CPUTimeSample#enabled=true,dumponexit=true,maxsize=250M,settings=/home/goankur/vsearch/util/src/python/profiling.jfc,filename=/home/goankur/vsearch/logs/bench-search-FAA-armA2-3.jfr -XX:+UnlockDiagnosticVMOptions -XX:+DebugNonSafepoints -classpath /home/goankur/vsearch/bo/lucene-A/lucene/core/build/libs/lucene-core-11.0.0-SNAPSHOT.jar:/home/goankur/vsearch/bo/lucene-A/lucene/sandbox/build/classes/java/main:/home/goankur/vsearch/bo/lucene-A/lucene/misc/build/classes/java/main:/home/goankur/vsearch/bo/lucene-A/lucene/facet/build/classes/java/main:/home/goankur/vsearch/bo/lucene-A/lucene/analysis/common/build/classes/java/main:/home/goankur/vsearch/bo/lucene-A/lucene/analysis/icu/build/classes/java/main:/home/goankur/vsearch/bo/lucene-A/lucene/queryparser/build/classes/java/main:/home/goankur/vsearch/bo/lucene-A/lucene/grouping/build/classes/java/main:/home/goankur/vsearch/bo/lucene-A/lucene/suggest/build/classes/java/main:/home/goankur/vsearch/bo/lucene-A/lucene/highlighter/build/classes/java/main:/home/goankur/vsearch/bo/lucene-A/lucene/codecs/build/classes/java/main:/home/goankur/vsearch/bo/lucene-A/lucene/queries/build/classes/java/main:/home/goankur/vsearch/bo/lucene-A/lucene/join/build/classes/java/main:/home/goankur/vsearch/bo/lucene-A/lucene/spatial3d/build/classes/java/main:/home/goankur/vsearch/util/lib/HdrHistogram.jar:/home/goankur/vsearch/util/src/main/build/classes/java/main:/home/goankur/vsearch/util/build perf.SearchPerfTest -dirImpl MMapDirectory -indexPath /home/goankur/vsearch/indices/wikimedium10m.lucene-A.facets.taxonomy:Date.taxonomy:Month.taxonomy:DayOfYear.sortedset:Date.sortedset:Month.sortedset:DayOfYear.taxonomy:RandomLabel.sortedset:RandomLabel.Lucene90.Lucene104.dvfields.nd10M -facets taxonomy:Date;Date -facets taxonomy:Month;Month -facets taxonomy:DayOfYear;DayOfYear -facets sortedset:Date;Date -facets sortedset:Month;Month -facets sortedset:DayOfYear;DayOfYear -facets taxonomy:RandomLabel;RandomLabel -facets sortedset:RandomLabel;RandomLabel -analyzer StandardAnalyzer -taskSource /home/goankur/vsearch/util/tasks/wikimedium.10M.nostopwords.tasks -numConcurrentQueries 5 -taskRepeatCount 20 -field body -tasksPerCat 1 -searchConcurrency -1 -staticSeed 648875 -seed 518523 -similarity BM25Similarity -commit multi -hiliteImpl FastVectorHighlighter -log /home/goankur/vsearch/logs/FAA.armA2.3 -topN 100 -context  -pk -pollute
      9.4 s
      230.4 actual sustained QPS; -1.0 CPU cores used

Report after iter 3:
QPSChart.supported == False
                            Task     P50 B     P50 C     Diff     P90 B     P90 C     Diff     P99 B     P99 C     Diff    P999 B    P999 C     Diff    P100 B    P100 C     Diff
           ('AndHighHigh', None)     1.683     1.702     1.1%     9.350     7.188   -23.1%     9.578     8.033   -16.1%     9.578     8.033   -16.1%   194.676   170.003   -12.7%
('AndHighHighDayTaxoFacets', None)    30.140    32.493     7.8%    37.292    50.519    35.5%    46.239    51.563    11.5%    46.239    51.563    11.5%   123.472   149.858    21.4%
            ('AndHighLow', None)     0.463     0.487     5.1%     1.978     1.787    -9.7%     2.082     2.428    16.6%     2.082     2.428    16.6%     6.631    23.994   261.9%
            ('AndHighMed', None)     1.068     1.125     5.4%     2.678     2.815     5.1%     2.810     2.842     1.2%     2.810     2.842     1.2%     7.863     3.409   -56.6%
('AndHighMedDayTaxoFacets', None)     5.933     5.803    -2.2%    10.240     9.247    -9.7%    11.354    12.232     7.7%    11.354    12.232     7.7%    14.601    15.459     5.9%
     ('AndMissingHigh', 'Title')     0.271     0.289     6.5%     0.637     0.675     6.0%     0.942     0.695   -26.2%     0.942     0.695   -26.2%     2.230     0.956   -57.1%
              ('BM25MSM2', None)    19.492    17.063   -12.5%    30.557    33.885    10.9%    35.003    35.769     2.2%    35.003    35.769     2.2%   293.326   220.698   -24.8%
  ('BrowseDateSSDVFacets', None)   354.645   338.218    -4.6%   403.553   378.532    -6.2%   424.531   387.845    -8.6%   424.531   387.845    -8.6%   622.750   624.964     0.4%
  ('BrowseDateTaxoFacets', None)    65.221    70.752     8.5%    73.229    85.021    16.1%    74.310    89.775    20.8%    74.310    89.775    20.8%    76.789    90.660    18.1%
('BrowseDayOfYearSSDVFacets', None)    65.488    83.736    27.9%    83.273   108.730    30.6%    93.387   112.002    19.9%    93.387   112.002    19.9%   210.682   339.744    61.3%
('BrowseDayOfYearTaxoFacets', None)    60.904    63.699     4.6%    69.436    82.734    19.2%    77.925    84.789     8.8%    77.925    84.789     8.8%   165.255   174.352     5.5%
 ('BrowseMonthSSDVFacets', None)    70.861    47.236   -33.3%    87.314    52.348   -40.0%    87.862    55.209   -37.2%    87.862    55.209   -37.2%    88.461    60.104   -32.1%
 ('BrowseMonthTaxoFacets', None)    83.848    85.383     1.8%    91.494    97.054     6.1%    94.496   100.603     6.5%    94.496   100.603     6.5%   188.509   155.582   -17.5%
('BrowseRandomLabelSSDVFacets', None)    98.071   100.441     2.4%   143.953   141.953    -1.4%   164.671   196.219    19.2%   164.671   196.219    19.2%   490.742   516.482     5.2%
('BrowseRandomLabelTaxoFacets', None)    78.480    85.700     9.2%    93.949   104.568    11.3%   114.840   120.783     5.2%   114.840   120.783     5.2%   122.127   144.990    18.7%
             ('ConstMSM2', None)     0.802     0.750    -6.5%     2.080     1.649   -20.7%     4.590     2.356   -48.7%     4.590     2.356   -48.7%    19.843    14.942   -24.7%
                ('Fuzzy1', None)     9.627     9.945     3.3%    12.384    15.658    26.4%    19.624    17.523   -10.7%    19.624    17.523   -10.7%   122.272   112.262    -8.2%
                ('Fuzzy2', None)    13.516    13.863     2.6%    23.765    23.807     0.2%    52.264    33.637   -35.6%    52.264    33.637   -35.6%    56.102    34.880   -37.8%
  ('HighIntervalsOrdered', None)    12.136    12.421     2.3%    15.874    20.852    31.4%    20.855    24.881    19.3%    20.855    24.881    19.3%    40.799    25.534   -37.4%
            ('HighPhrase', None)    10.242    10.398     1.5%    20.762    20.331    -2.1%    39.082    34.627   -11.4%    39.082    34.627   -11.4%    62.279   123.446    98.2%
      ('HighSloppyPhrase', None)     9.681    10.671    10.2%    17.087    12.098   -29.2%    22.945    12.889   -43.8%    22.945    12.889   -43.8%   207.739   221.830     6.8%
          ('HighSpanNear', None)    14.099    15.197     7.8%    24.068    23.365    -2.9%    34.273    23.531   -31.3%    34.273    23.531   -31.3%   124.733   161.845    29.8%
              ('HighTerm', None)     0.953     0.872    -8.4%     1.882     3.294    75.0%     3.095     3.534    14.2%     3.095     3.534    14.2%     3.258     3.825    17.4%
('HighTermDayOfYearSort', 'DayOfYear')     2.136     2.463    15.3%     7.482     5.787   -22.7%    16.883    11.224   -33.5%    16.883    11.224   -33.5%    86.022    84.837    -1.4%
  ('HighTermMonthSort', 'Month')     0.707     0.598   -15.4%     3.066     2.686   -12.4%     3.268     3.434     5.1%     3.268     3.434     5.1%    11.481    33.174   188.9%
('HighTermTitleBDVSort', 'TitleBinary')    13.393    15.390    14.9%    21.441    40.597    89.3%    22.242    43.714    96.5%    22.242    43.714    96.5%    49.918    58.788    17.8%
  ('HighTermTitleSort', 'Title')     9.410     8.219   -12.7%    19.270    17.438    -9.5%    33.050    29.034   -12.2%    33.050    29.034   -12.2%    73.159    76.699     4.8%
                ('IntNRQ', None)     1.649     1.868    13.3%     4.854     6.220    28.1%     5.900     8.812    49.4%     5.900     8.812    49.4%   156.360   154.341    -1.3%
                ('IntSet', None)     1.423     1.880    32.1%     6.938     7.080     2.0%     9.361     7.237   -22.7%     9.361     7.237   -22.7%    30.465    44.557    46.3%
   ('LowIntervalsOrdered', None)     4.104     5.254    28.0%     6.854    11.901    73.6%     8.024    13.312    65.9%     8.024    13.312    65.9%   107.315   123.217    14.8%
             ('LowPhrase', None)     5.131     6.646    29.5%     8.786    16.587    88.8%    10.554    17.368    64.6%    10.554    17.368    64.6%    12.408    19.716    58.9%
       ('LowSloppyPhrase', None)     4.122     6.216    50.8%     9.144    10.632    16.3%    11.506    10.765    -6.4%    11.506    10.765    -6.4%    15.246    11.689   -23.3%
           ('LowSpanNear', None)     4.337     4.547     4.8%    19.868    11.545   -41.9%    20.381    13.455   -34.0%    20.381    13.455   -34.0%    28.994    18.757   -35.3%
               ('LowTerm', None)     0.417     0.452     8.5%     1.146     1.219     6.4%     1.271     1.355     6.6%     1.271     1.355     6.6%     7.969    14.413    80.9%
   ('MedIntervalsOrdered', None)     2.654     2.675     0.8%     4.263     8.727   104.7%     4.668     9.193    96.9%     4.668     9.193    96.9%   104.828   112.126     7.0%
             ('MedPhrase', None)     4.092     3.994    -2.4%     6.753     8.687    28.7%     7.535     9.933    31.8%     7.535     9.933    31.8%    10.013    11.581    15.7%
       ('MedSloppyPhrase', None)    20.663    22.523     9.0%    29.830    31.151     4.4%    31.731    41.288    30.1%    31.731    41.288    30.1%    55.166    48.760   -11.6%
           ('MedSpanNear', None)     4.825     4.904     1.6%    19.423    10.685   -45.0%    21.476    12.846   -40.2%    21.476    12.846   -40.2%    24.573    16.253   -33.9%
               ('MedTerm', None)     0.623     0.751    20.7%     1.520     2.168    42.6%     2.212     2.336     5.6%     2.212     2.336     5.6%     7.654     9.288    21.4%
  ('MedTermDayTaxoFacets', None)    10.356    11.971    15.6%    15.032    15.176     1.0%    28.078    15.251   -45.7%    28.078    15.251   -45.7%   343.924   326.159    -5.2%
            ('OrHighHigh', None)     1.822     2.056    12.8%     3.769     7.239    92.1%     5.365     7.940    48.0%     5.365     7.940    48.0%    22.704    39.785    75.2%
             ('OrHighLow', None)     0.791     0.811     2.5%     1.382     2.105    52.3%     1.465     2.158    47.4%     1.465     2.158    47.4%    15.822     3.909   -75.3%
             ('OrHighMed', None)     0.970     0.966    -0.4%     1.890     2.402    27.0%     3.231     2.520   -22.0%     3.231     2.520   -22.0%   157.304   103.530   -34.2%
('OrHighMedDayTaxoFacets', None)    29.000    25.614   -11.7%    45.657    42.448    -7.0%    90.005    44.503   -50.6%    90.005    44.503   -50.6%   121.481   130.002     7.0%
         ('OrHighNotHigh', None)     1.154     1.196     3.6%     7.497     5.007   -33.2%     9.173     6.692   -27.0%     9.173     6.692   -27.0%    28.523    33.141    16.2%
          ('OrHighNotLow', None)     1.221     1.394    14.2%     1.656     3.597   117.2%     4.448     5.816    30.8%     4.448     5.816    30.8%    23.808     9.755   -59.0%
          ('OrHighNotMed', None)     1.532     1.492    -2.6%     4.779     3.603   -24.6%     7.050     4.888   -30.7%     7.050     4.888   -30.7%    19.348     8.037   -58.5%
         ('OrNotHighHigh', None)     1.325     1.159   -12.6%     5.084     3.187   -37.3%     6.743     3.369   -50.0%     6.743     3.369   -50.0%     8.783    13.190    50.2%
          ('OrNotHighLow', None)     0.640     0.642     0.4%     1.716     2.132    24.3%     2.361     4.288    81.6%     2.361     4.288    81.6%     3.232     4.920    52.2%
          ('OrNotHighMed', None)     1.067     1.196    12.1%     3.092     4.313    39.5%     9.272     4.954   -46.6%     9.272     4.954   -46.6%    46.781    25.092   -46.4%
                   ('PKLookup',)     5.200     5.368     3.2%     9.396     9.650     2.7%     9.930    12.662    27.5%     9.930    12.662    27.5%    15.592    26.806    71.9%
               ('Prefix3', None)     0.838     0.967    15.4%     2.982     4.330    45.2%     3.012     5.113    69.8%     3.012     5.113    69.8%     4.725    14.853   214.3%
                    ('Respell',)    13.665    15.458    13.1%    23.170    31.425    35.6%    28.090    40.195    43.1%    28.090    40.195    43.1%   130.579   146.281    12.0%
('TermDateTimeSort', 'DateTime')     3.065     3.261     6.4%     7.403     9.562    29.2%     9.246     9.606     3.9%     9.246     9.606     3.9%    30.156    20.465   -32.1%
              ('Wildcard', None)     5.766     5.667    -1.7%    14.254    13.688    -4.0%    21.724    22.789     4.9%    21.724    22.789     4.9%    37.146    40.950    10.2%
                 ('range', None)     0.180     0.164    -9.0%     0.498     0.450    -9.6%     1.067     0.463   -56.6%     1.067     0.463   -56.6%     2.467     0.573   -76.8%
                            Task    QPS armA      StdDev   QPS armA2      StdDev                Pct diff p-value
       BrowseDayOfYearSSDVFacets       17.11     (13.7%)       14.72      (9.8%)  -14.0% ( -32% -   10%) 0.096
                     AndHighHigh      673.99      (5.3%)      595.32     (10.1%)  -11.7% ( -25% -    4%) 0.042
                         Respell       74.50      (3.9%)       66.23      (5.6%)  -11.1% ( -19% -   -1%) 0.001
                    OrHighNotLow      840.26      (1.4%)      754.68      (6.4%)  -10.2% ( -17% -   -2%) 0.002
             MedIntervalsOrdered      390.24      (7.1%)      353.48      (7.8%)   -9.4% ( -22% -    5%) 0.074
                         MedTerm     1648.03      (3.6%)     1509.86     (10.6%)   -8.4% ( -21% -    6%) 0.133
                      OrHighHigh      583.01      (6.1%)      536.75     (15.3%)   -7.9% ( -27% -   14%) 0.337
                    OrHighNotMed      701.06      (7.2%)      649.23     (10.4%)   -7.4% ( -23% -   11%) 0.243
     BrowseRandomLabelSSDVFacets       10.86      (5.3%)       10.10      (1.3%)   -7.0% ( -12% -    0%) 0.010
                        HighTerm     1217.62      (4.5%)     1138.83     (16.9%)   -6.5% ( -26% -   15%) 0.459
            HighIntervalsOrdered       78.85      (9.2%)       73.84     (14.2%)   -6.4% ( -27% -   18%) 0.453
                      TermDTSort      371.85      (6.9%)      351.03      (6.1%)   -5.6% ( -17% -    7%) 0.225
                          IntSet      690.49     (11.0%)      652.57      (7.0%)   -5.5% ( -21% -   14%) 0.399
           BrowseMonthTaxoFacets       34.22     (43.5%)       32.36     (41.6%)   -5.4% ( -63% -  140%) 0.857
                        PKLookup      222.59      (9.3%)      210.61     (10.3%)   -5.4% ( -22% -   15%) 0.438
                  AndMissingHigh     3730.40      (6.0%)     3539.32      (5.1%)   -5.1% ( -15% -    6%) 0.192
        AndHighHighDayTaxoFacets       34.35      (4.8%)       32.69      (3.2%)   -4.8% ( -12% -    3%) 0.092
                         Prefix3     1174.28     (10.0%)     1118.40      (6.6%)   -4.8% ( -19% -   13%) 0.428
                          Fuzzy1      113.38      (3.1%)      108.23      (5.3%)   -4.5% ( -12% -    3%) 0.135
           HighTermDayOfYearSort      483.24      (7.4%)      463.69      (7.3%)   -4.0% ( -17% -   11%) 0.436
                       ConstMSM2     1326.87      (1.9%)     1279.10      (4.2%)   -3.6% (  -9% -    2%) 0.117
                       LowPhrase      202.41      (3.7%)      195.26      (7.2%)   -3.5% ( -13% -    7%) 0.384
                   OrHighNotHigh      873.02      (7.6%)      844.77      (9.9%)   -3.2% ( -19% -   15%) 0.603
             LowIntervalsOrdered      264.32      (9.6%)      256.85     (11.9%)   -2.8% ( -22% -   20%) 0.712
                   OrNotHighHigh      795.80      (2.4%)      780.39      (9.4%)   -1.9% ( -13% -   10%) 0.690
                    HighSpanNear       68.74      (4.1%)       67.59      (1.3%)   -1.7% (  -6% -    3%) 0.433
                      AndHighLow     2003.88      (8.5%)     1972.33      (8.1%)   -1.6% ( -16% -   16%) 0.789
       BrowseDayOfYearTaxoFacets       16.02      (2.5%)       15.77      (3.5%)   -1.5% (  -7% -    4%) 0.483
                         LowTerm     2481.19      (3.9%)     2443.88      (5.7%)   -1.5% ( -10% -    8%) 0.663
                HighSloppyPhrase      104.21      (4.4%)      102.72      (7.1%)   -1.4% ( -12% -   10%) 0.730
                     MedSpanNear      211.04      (1.4%)      208.43      (2.5%)   -1.2% (  -5% -    2%) 0.385
                    OrNotHighLow     1673.14      (6.1%)     1654.74      (7.3%)   -1.1% ( -13% -   13%) 0.818
            HighTermTitleBDVSort       73.73      (2.5%)       72.93      (6.1%)   -1.1% (  -9% -    7%) 0.741
                        Wildcard      180.94      (4.6%)      179.84      (1.0%)   -0.6% (  -5% -    5%) 0.796
            BrowseDateSSDVFacets        2.90      (6.9%)        2.88      (9.4%)   -0.5% ( -15% -   16%) 0.926
                      HighPhrase       98.52      (1.4%)       98.04      (2.5%)   -0.5% (  -4% -    3%) 0.731
                       OrHighLow     1255.63      (3.6%)     1251.10      (6.9%)   -0.4% ( -10% -   10%) 0.926
     BrowseRandomLabelTaxoFacets       12.64      (5.1%)       12.61      (5.7%)   -0.3% ( -10% -   11%) 0.943
                        BM25MSM2       56.62      (8.3%)       56.56     (10.2%)   -0.1% ( -17% -   20%) 0.988
          OrHighMedDayTaxoFacets       39.65      (2.9%)       39.68      (5.7%)    0.1% (  -8% -    8%) 0.983
                 MedSloppyPhrase       48.27      (1.3%)       48.51      (3.1%)    0.5% (  -3% -    4%) 0.766
                    OrNotHighMed      986.55      (2.8%)      992.19      (8.6%)    0.6% ( -10% -   12%) 0.899
                 LowSloppyPhrase      251.20      (9.8%)      252.75     (13.7%)    0.6% ( -20% -   26%) 0.941
            MedTermDayTaxoFacets       93.00      (8.2%)       94.23      (8.1%)    1.3% ( -13% -   19%) 0.819
                          Fuzzy2       74.98      (5.1%)       76.04      (4.8%)    1.4% (  -8% -   11%) 0.687
                       OrHighMed     1046.97      (6.9%)     1063.21      (5.4%)    1.6% ( -10% -   14%) 0.723
         AndHighMedDayTaxoFacets      179.14      (3.5%)      181.97      (4.5%)    1.6% (  -6% -    9%) 0.580
            BrowseDateTaxoFacets       15.16      (5.6%)       15.42      (6.3%)    1.7% (  -9% -   14%) 0.688
                          IntNRQ      652.03      (5.5%)      663.41     (14.6%)    1.7% ( -17% -   23%) 0.823
                       MedPhrase      227.60     (14.5%)      233.05      (8.6%)    2.4% ( -18% -   29%) 0.776
                      AndHighMed      958.88     (12.6%)      984.49      (4.9%)    2.7% ( -13% -   23%) 0.693
                     LowSpanNear      219.94     (10.6%)      227.95      (2.2%)    3.6% (  -8% -   18%) 0.503
                           range     6138.06      (5.2%)     6363.06      (6.7%)    3.7% (  -7% -   16%) 0.386
           BrowseMonthSSDVFacets       16.13      (4.5%)       16.78     (18.8%)    4.0% ( -18% -   28%) 0.675
               HighTermTitleSort      111.91      (5.9%)      119.39      (9.1%)    6.7% (  -7% -   23%) 0.219
               HighTermMonthSort     1482.81      (3.4%)     1604.36      (6.5%)    8.2% (  -1% -   18%) 0.027
  iter 4
    armA2:
      NOTE: using experimental CPU time profiler (see https://mostlynerdless.de/blog/2025/06/11/java-25s-new-cpu-time-profiler-1)
      log: /home/goankur/vsearch/logs/FAA.armA2.4 + stdout
      run: /usr/bin/perf stat -dd -e task-clock,cycles,instructions,cache-references,cache-misses,L1-dcache-loads,L1-dcache-load-misses,L1-icache-loads,L1-icache-load-misses,LLC-loads,LLC-load-misses,LLC-stores,LLC-store-misses,LLC-prefetches,LLC-prefetch-misses,faults,minor-faults,major-faults,branches,branch-misses,stalled-cycles-frontend,stalled-cycles-backend /home/goankur/jdk/corretto-25/bin/java -server -Xms2g -Xmx2g --add-modules jdk.incubator.vector -XX:+HeapDumpOnOutOfMemoryError -XX:+UseParallelGC -XX:StartFlightRecording=jdk.CPUTimeSample#enabled=true,dumponexit=true,maxsize=250M,settings=/home/goankur/vsearch/util/src/python/profiling.jfc,filename=/home/goankur/vsearch/logs/bench-search-FAA-armA2-4.jfr -XX:+UnlockDiagnosticVMOptions -XX:+DebugNonSafepoints -classpath /home/goankur/vsearch/bo/lucene-A/lucene/core/build/libs/lucene-core-11.0.0-SNAPSHOT.jar:/home/goankur/vsearch/bo/lucene-A/lucene/sandbox/build/classes/java/main:/home/goankur/vsearch/bo/lucene-A/lucene/misc/build/classes/java/main:/home/goankur/vsearch/bo/lucene-A/lucene/facet/build/classes/java/main:/home/goankur/vsearch/bo/lucene-A/lucene/analysis/common/build/classes/java/main:/home/goankur/vsearch/bo/lucene-A/lucene/analysis/icu/build/classes/java/main:/home/goankur/vsearch/bo/lucene-A/lucene/queryparser/build/classes/java/main:/home/goankur/vsearch/bo/lucene-A/lucene/grouping/build/classes/java/main:/home/goankur/vsearch/bo/lucene-A/lucene/suggest/build/classes/java/main:/home/goankur/vsearch/bo/lucene-A/lucene/highlighter/build/classes/java/main:/home/goankur/vsearch/bo/lucene-A/lucene/codecs/build/classes/java/main:/home/goankur/vsearch/bo/lucene-A/lucene/queries/build/classes/java/main:/home/goankur/vsearch/bo/lucene-A/lucene/join/build/classes/java/main:/home/goankur/vsearch/bo/lucene-A/lucene/spatial3d/build/classes/java/main:/home/goankur/vsearch/util/lib/HdrHistogram.jar:/home/goankur/vsearch/util/src/main/build/classes/java/main:/home/goankur/vsearch/util/build perf.SearchPerfTest -dirImpl MMapDirectory -indexPath /home/goankur/vsearch/indices/wikimedium10m.lucene-A.facets.taxonomy:Date.taxonomy:Month.taxonomy:DayOfYear.sortedset:Date.sortedset:Month.sortedset:DayOfYear.taxonomy:RandomLabel.sortedset:RandomLabel.Lucene90.Lucene104.dvfields.nd10M -facets taxonomy:Date;Date -facets taxonomy:Month;Month -facets taxonomy:DayOfYear;DayOfYear -facets sortedset:Date;Date -facets sortedset:Month;Month -facets sortedset:DayOfYear;DayOfYear -facets taxonomy:RandomLabel;RandomLabel -facets sortedset:RandomLabel;RandomLabel -analyzer StandardAnalyzer -taskSource /home/goankur/vsearch/util/tasks/wikimedium.10M.nostopwords.tasks -numConcurrentQueries 5 -taskRepeatCount 20 -field body -tasksPerCat 1 -searchConcurrency -1 -staticSeed 648875 -seed -2498431 -similarity BM25Similarity -commit multi -hiliteImpl FastVectorHighlighter -log /home/goankur/vsearch/logs/FAA.armA2.4 -topN 100 -context  -pk -pollute
      9.3 s
      258.2 actual sustained QPS; -1.0 CPU cores used
    armA:
      NOTE: using experimental CPU time profiler (see https://mostlynerdless.de/blog/2025/06/11/java-25s-new-cpu-time-profiler-1)
      log: /home/goankur/vsearch/logs/FAA.armA.4 + stdout
      run: /usr/bin/perf stat -dd -e task-clock,cycles,instructions,cache-references,cache-misses,L1-dcache-loads,L1-dcache-load-misses,L1-icache-loads,L1-icache-load-misses,LLC-loads,LLC-load-misses,LLC-stores,LLC-store-misses,LLC-prefetches,LLC-prefetch-misses,faults,minor-faults,major-faults,branches,branch-misses,stalled-cycles-frontend,stalled-cycles-backend /home/goankur/jdk/corretto-25/bin/java -server -Xms2g -Xmx2g --add-modules jdk.incubator.vector -XX:+HeapDumpOnOutOfMemoryError -XX:+UseParallelGC -XX:StartFlightRecording=jdk.CPUTimeSample#enabled=true,dumponexit=true,maxsize=250M,settings=/home/goankur/vsearch/util/src/python/profiling.jfc,filename=/home/goankur/vsearch/logs/bench-search-FAA-armA-4.jfr -XX:+UnlockDiagnosticVMOptions -XX:+DebugNonSafepoints -classpath /home/goankur/vsearch/bo/lucene-A/lucene/core/build/libs/lucene-core-11.0.0-SNAPSHOT.jar:/home/goankur/vsearch/bo/lucene-A/lucene/sandbox/build/classes/java/main:/home/goankur/vsearch/bo/lucene-A/lucene/misc/build/classes/java/main:/home/goankur/vsearch/bo/lucene-A/lucene/facet/build/classes/java/main:/home/goankur/vsearch/bo/lucene-A/lucene/analysis/common/build/classes/java/main:/home/goankur/vsearch/bo/lucene-A/lucene/analysis/icu/build/classes/java/main:/home/goankur/vsearch/bo/lucene-A/lucene/queryparser/build/classes/java/main:/home/goankur/vsearch/bo/lucene-A/lucene/grouping/build/classes/java/main:/home/goankur/vsearch/bo/lucene-A/lucene/suggest/build/classes/java/main:/home/goankur/vsearch/bo/lucene-A/lucene/highlighter/build/classes/java/main:/home/goankur/vsearch/bo/lucene-A/lucene/codecs/build/classes/java/main:/home/goankur/vsearch/bo/lucene-A/lucene/queries/build/classes/java/main:/home/goankur/vsearch/bo/lucene-A/lucene/join/build/classes/java/main:/home/goankur/vsearch/bo/lucene-A/lucene/spatial3d/build/classes/java/main:/home/goankur/vsearch/util/lib/HdrHistogram.jar:/home/goankur/vsearch/util/src/main/build/classes/java/main:/home/goankur/vsearch/util/build perf.SearchPerfTest -dirImpl MMapDirectory -indexPath /home/goankur/vsearch/indices/wikimedium10m.lucene-A.facets.taxonomy:Date.taxonomy:Month.taxonomy:DayOfYear.sortedset:Date.sortedset:Month.sortedset:DayOfYear.taxonomy:RandomLabel.sortedset:RandomLabel.Lucene90.Lucene104.dvfields.nd10M -facets taxonomy:Date;Date -facets taxonomy:Month;Month -facets taxonomy:DayOfYear;DayOfYear -facets sortedset:Date;Date -facets sortedset:Month;Month -facets sortedset:DayOfYear;DayOfYear -facets taxonomy:RandomLabel;RandomLabel -facets sortedset:RandomLabel;RandomLabel -analyzer StandardAnalyzer -taskSource /home/goankur/vsearch/util/tasks/wikimedium.10M.nostopwords.tasks -numConcurrentQueries 5 -taskRepeatCount 20 -field body -tasksPerCat 1 -searchConcurrency -1 -staticSeed 648875 -seed -2498431 -similarity BM25Similarity -commit multi -hiliteImpl FastVectorHighlighter -log /home/goankur/vsearch/logs/FAA.armA.4 -topN 100 -context  -pk -pollute
      9.3 s
      260.3 actual sustained QPS; -1.0 CPU cores used

Report after iter 4:
QPSChart.supported == False
                            Task     P50 B     P50 C     Diff     P90 B     P90 C     Diff     P99 B     P99 C     Diff    P999 B    P999 C     Diff    P100 B    P100 C     Diff
           ('AndHighHigh', None)     1.742     1.996    14.6%     8.410     6.046   -28.1%    11.536    12.557     8.8%    11.536    12.557     8.8%    17.644    17.623    -0.1%
('AndHighHighDayTaxoFacets', None)    30.329    30.452     0.4%    39.153    43.938    12.2%    68.007    49.526   -27.2%    68.007    49.526   -27.2%   355.185   384.038     8.1%
            ('AndHighLow', None)     0.520     0.578    11.1%     1.472     1.837    24.8%     2.082     2.050    -1.5%     2.082     2.050    -1.5%     6.882     2.390   -65.3%
            ('AndHighMed', None)     1.099     1.123     2.1%     3.270     2.599   -20.5%     3.551     3.800     7.0%     3.551     3.800     7.0%     8.513     6.937   -18.5%
('AndHighMedDayTaxoFacets', None)     5.885     5.632    -4.3%    11.912    16.131    35.4%    17.475    17.187    -1.6%    17.475    17.187    -1.6%    21.079    27.023    28.2%
     ('AndMissingHigh', 'Title')     0.301     0.291    -3.3%     0.542     0.653    20.5%     0.726     1.689   132.5%     0.726     1.689   132.5%     2.112     1.714   -18.8%
              ('BM25MSM2', None)    16.137    20.779    28.8%    30.044    39.588    31.8%    75.303    43.975   -41.6%    75.303    43.975   -41.6%   216.281   165.973   -23.3%
  ('BrowseDateSSDVFacets', None)   343.061   354.014     3.2%   390.521   386.700    -1.0%   516.457   405.459   -21.5%   516.457   405.459   -21.5%   705.054   587.949   -16.6%
  ('BrowseDateTaxoFacets', None)    68.004    71.798     5.6%    91.981    80.272   -12.7%    95.512    80.282   -15.9%    95.512    80.282   -15.9%   169.631   114.644   -32.4%
('BrowseDayOfYearSSDVFacets', None)    72.576    66.767    -8.0%    93.362   101.110     8.3%    98.218   111.763    13.8%    98.218   111.763    13.8%   229.907   148.486   -35.4%
('BrowseDayOfYearTaxoFacets', None)    63.143    60.205    -4.7%    77.629    80.243     3.4%    77.658    81.394     4.8%    77.658    81.394     4.8%    79.270   151.664    91.3%
 ('BrowseMonthSSDVFacets', None)    53.206    47.599   -10.5%    58.209    57.515    -1.2%    64.799    58.963    -9.0%    64.799    58.963    -9.0%    69.869    62.684   -10.3%
 ('BrowseMonthTaxoFacets', None)    26.238    26.282     0.2%    29.152    30.713     5.4%    73.706    77.044     4.5%    73.706    77.044     4.5%   243.548   237.114    -2.6%
('BrowseRandomLabelSSDVFacets', None)    96.716    99.577     3.0%   132.570   143.004     7.9%   169.876   169.001    -0.5%   169.876   169.001    -0.5%   175.022   175.173     0.1%
('BrowseRandomLabelTaxoFacets', None)    78.015    77.870    -0.2%    94.164    99.228     5.4%    96.298   117.758    22.3%    96.298   117.758    22.3%   118.895   132.337    11.3%
             ('ConstMSM2', None)     0.787     0.814     3.5%     1.592     1.563    -1.8%     2.079     1.957    -5.9%     2.079     1.957    -5.9%    48.388    36.852   -23.8%
                ('Fuzzy1', None)     9.503     9.750     2.6%    14.487    21.655    49.5%    30.845    27.092   -12.2%    30.845    27.092   -12.2%    32.815    42.182    28.5%
                ('Fuzzy2', None)    12.881    13.647     5.9%    26.682    25.058    -6.1%    45.725    26.357   -42.4%    45.725    26.357   -42.4%   217.015   136.239   -37.2%
  ('HighIntervalsOrdered', None)    15.363    15.533     1.1%    31.517    28.828    -8.5%    36.203    29.887   -17.4%    36.203    29.887   -17.4%    37.912    31.122   -17.9%
            ('HighPhrase', None)    10.221    10.229     0.1%    14.992    19.085    27.3%    22.524    21.566    -4.3%    22.524    21.566    -4.3%   201.804   216.773     7.4%
      ('HighSloppyPhrase', None)     9.419    10.755    14.2%    13.846    12.910    -6.8%    17.723    14.543   -17.9%    17.723    14.543   -17.9%   122.426    82.084   -33.0%
          ('HighSpanNear', None)    14.249    14.722     3.3%    30.802    32.270     4.8%    33.038    33.467     1.3%    33.038    33.467     1.3%    37.279    33.712    -9.6%
              ('HighTerm', None)     0.832     0.838     0.8%     2.263     1.966   -13.1%     3.216     7.609   136.6%     3.216     7.609   136.6%   133.256   113.182   -15.1%
('HighTermDayOfYearSort', 'DayOfYear')     2.479     2.095   -15.5%    12.576     8.989   -28.5%    12.878    15.675    21.7%    12.878    15.675    21.7%    28.882    45.528    57.6%
  ('HighTermMonthSort', 'Month')     0.792     0.730    -7.8%     1.780     1.988    11.7%     7.508     2.009   -73.2%     7.508     2.009   -73.2%    52.176    43.922   -15.8%
('HighTermTitleBDVSort', 'TitleBinary')    13.964    15.499    11.0%    23.853    26.698    11.9%    35.038    27.209   -22.3%    35.038    27.209   -22.3%    61.036    59.726    -2.1%
  ('HighTermTitleSort', 'Title')     9.301    11.141    19.8%    22.986    24.389     6.1%    56.827    38.551   -32.2%    56.827    38.551   -32.2%   133.245   106.341   -20.2%
                ('IntNRQ', None)     1.512     1.602     6.0%     3.882     6.808    75.4%     8.632    15.544    80.1%     8.632    15.544    80.1%    94.892    81.580   -14.0%
                ('IntSet', None)     1.515     1.627     7.4%     4.907     6.483    32.1%    12.056     7.300   -39.4%    12.056     7.300   -39.4%    22.566    29.068    28.8%
   ('LowIntervalsOrdered', None)     4.444     3.912   -12.0%     8.466     5.613   -33.7%     9.451     8.008   -15.3%     9.451     8.008   -15.3%    29.153    30.920     6.1%
             ('LowPhrase', None)     5.251     5.306     1.0%     9.978     8.638   -13.4%    13.398     8.698   -35.1%    13.398     8.698   -35.1%    65.904    27.277   -58.6%
       ('LowSloppyPhrase', None)     3.830     5.044    31.7%    11.170    11.464     2.6%    18.291    12.426   -32.1%    18.291    12.426   -32.1%    20.955    17.477   -16.6%
           ('LowSpanNear', None)     4.581     4.745     3.6%    11.986    11.906    -0.7%    14.485    14.393    -0.6%    14.485    14.393    -0.6%    62.369    94.790    52.0%
               ('LowTerm', None)     0.388     0.409     5.4%     1.309     0.959   -26.8%     2.005     1.731   -13.7%     2.005     1.731   -13.7%     3.550     5.599    57.7%
   ('MedIntervalsOrdered', None)     3.326     2.614   -21.4%     4.739     5.942    25.4%     6.125     6.237     1.8%     6.125     6.237     1.8%   173.861   162.642    -6.5%
             ('MedPhrase', None)     4.221     5.238    24.1%    10.826     9.838    -9.1%    13.981    11.663   -16.6%    13.981    11.663   -16.6%    20.230    22.785    12.6%
       ('MedSloppyPhrase', None)    20.120    21.086     4.8%    33.249    40.333    21.3%    45.607    41.779    -8.4%    45.607    41.779    -8.4%   221.850   147.122   -33.7%
           ('MedSpanNear', None)     5.013     5.325     6.2%    13.928    17.543    26.0%    20.260    17.636   -12.9%    20.260    17.636   -12.9%    20.835    28.383    36.2%
               ('MedTerm', None)     0.620     0.580    -6.5%     1.458     1.690    15.9%     2.992     1.713   -42.7%     2.992     1.713   -42.7%    22.065    22.102     0.2%
  ('MedTermDayTaxoFacets', None)    11.118    11.407     2.6%    33.176    21.386   -35.5%    45.827    25.148   -45.1%    45.827    25.148   -45.1%    48.588    50.616     4.2%
            ('OrHighHigh', None)     2.006     1.697   -15.4%     9.627    12.701    31.9%    13.267    16.486    24.3%    13.267    16.486    24.3%   128.417   135.385     5.4%
             ('OrHighLow', None)     0.933     0.814   -12.7%     2.037     1.808   -11.3%     4.265     2.232   -47.7%     4.265     2.232   -47.7%   157.536   138.513   -12.1%
             ('OrHighMed', None)     0.910     1.128    24.0%     3.233     2.673   -17.3%     3.527     2.679   -24.0%     3.527     2.679   -24.0%     3.712     4.664    25.7%
('OrHighMedDayTaxoFacets', None)    27.557    26.648    -3.3%    39.027    50.818    30.2%    65.786    97.144    47.7%    65.786    97.144    47.7%   630.240   487.483   -22.7%
         ('OrHighNotHigh', None)     1.205     1.216     0.9%     5.378     4.934    -8.3%    12.518     7.236   -42.2%    12.518     7.236   -42.2%    19.710     8.462   -57.1%
          ('OrHighNotLow', None)     1.440     1.747    21.3%     9.709     4.089   -57.9%    11.703     5.667   -51.6%    11.703     5.667   -51.6%    30.876    40.340    30.7%
          ('OrHighNotMed', None)     1.462     1.425    -2.5%     4.401     3.604   -18.1%     4.955     5.403     9.0%     4.955     5.403     9.0%    27.730    18.426   -33.6%
         ('OrNotHighHigh', None)     1.211     1.253     3.4%     3.640     2.392   -34.3%     4.632     2.991   -35.4%     4.632     2.991   -35.4%     6.311     3.012   -52.3%
          ('OrNotHighLow', None)     0.633     0.622    -1.7%     2.807     1.616   -42.4%     3.290     1.950   -40.7%     3.290     1.950   -40.7%    99.920    68.175   -31.8%
          ('OrNotHighMed', None)     1.093     1.202     9.9%     6.396     3.362   -47.4%     6.843     7.527    10.0%     6.843     7.527    10.0%    10.062     9.110    -9.5%
                   ('PKLookup',)     5.037     4.399   -12.7%    10.375     8.992   -13.3%    20.652    13.407   -35.1%    20.652    13.407   -35.1%    21.514    14.195   -34.0%
               ('Prefix3', None)     0.815     0.751    -7.8%     4.640     4.126   -11.1%     5.357    15.989   198.5%     5.357    15.989   198.5%    19.572    18.850    -3.7%
                    ('Respell',)    13.171    15.229    15.6%    23.244    29.448    26.7%    24.844    30.536    22.9%    24.844    30.536    22.9%   187.268   195.804     4.6%
('TermDateTimeSort', 'DateTime')     2.570     2.555    -0.6%     9.481     4.900   -48.3%     9.605     6.495   -32.4%     9.605     6.495   -32.4%    96.476    91.779    -4.9%
              ('Wildcard', None)     5.788     5.601    -3.2%    13.019    29.120   123.7%    24.745    42.169    70.4%    24.745    42.169    70.4%    63.063    49.476   -21.5%
                 ('range', None)     0.175     0.164    -6.0%     0.485     0.502     3.4%     0.576     0.808    40.4%     0.576     0.808    40.4%    14.794    14.763    -0.2%
                            Task    QPS armA      StdDev   QPS armA2      StdDev                Pct diff p-value
                     AndHighHigh      657.26      (7.4%)      579.79     (10.4%)  -11.8% ( -27% -    6%) 0.039
                         Respell       74.91      (3.5%)       66.56      (4.9%)  -11.1% ( -18% -   -2%) 0.000
       BrowseDayOfYearSSDVFacets       16.63     (13.8%)       14.92      (9.1%)  -10.3% ( -29% -   14%) 0.164
                    OrHighNotLow      813.65      (7.4%)      735.27      (7.8%)   -9.6% ( -23% -    6%) 0.046
                          IntSet      703.30     (10.2%)      663.69      (6.9%)   -5.6% ( -20% -   12%) 0.306
     BrowseRandomLabelSSDVFacets       10.81      (4.7%)       10.20      (2.3%)   -5.6% ( -12% -    1%) 0.017
                    OrHighNotMed      700.97      (6.2%)      662.90     (10.0%)   -5.4% ( -20% -   11%) 0.304
                         MedTerm     1645.51      (3.2%)     1556.93     (11.2%)   -5.4% ( -19% -    9%) 0.300
                      OrHighHigh      581.02      (5.4%)      550.48     (14.3%)   -5.3% ( -23% -   15%) 0.443
                        PKLookup      226.51      (8.8%)      215.25      (9.9%)   -5.0% ( -21% -   15%) 0.401
                          Fuzzy1      112.85      (2.9%)      107.34      (4.9%)   -4.9% ( -12% -    2%) 0.054
                        HighTerm     1221.65      (4.0%)     1164.18     (15.3%)   -4.7% ( -23% -   15%) 0.506
                      TermDTSort      376.77      (6.6%)      360.92      (7.9%)   -4.2% ( -17% -   10%) 0.359
           BrowseMonthTaxoFacets       35.01     (37.1%)       33.56     (36.1%)   -4.1% ( -56% -  109%) 0.858
                HighSloppyPhrase      105.38      (4.5%)      101.05      (7.0%)   -4.1% ( -14% -    7%) 0.269
                        BM25MSM2       57.80      (8.4%)       55.48      (9.6%)   -4.0% ( -20% -   15%) 0.481
             MedIntervalsOrdered      373.44     (11.9%)      359.64      (7.9%)   -3.7% ( -21% -   18%) 0.565
                  AndMissingHigh     3693.64      (5.7%)     3562.18      (4.7%)   -3.6% ( -13% -    7%) 0.279
            HighIntervalsOrdered       76.13     (11.5%)       73.43     (12.8%)   -3.5% ( -24% -   23%) 0.645
                   OrHighNotHigh      869.24      (6.7%)      841.81      (8.6%)   -3.2% ( -17% -   13%) 0.518
                       LowPhrase      200.82      (3.7%)      194.55      (6.4%)   -3.1% ( -12% -    7%) 0.341
        AndHighHighDayTaxoFacets       34.12      (4.4%)       33.15      (4.1%)   -2.8% ( -10% -    5%) 0.290
                       ConstMSM2     1328.95      (1.7%)     1295.92      (4.6%)   -2.5% (  -8% -    3%) 0.256
                         Prefix3     1193.38      (9.3%)     1164.56     (10.3%)   -2.4% ( -20% -   18%) 0.697
                 LowSloppyPhrase      254.52      (8.9%)      248.42     (12.3%)   -2.4% ( -21% -   20%) 0.723
                    OrNotHighMed      984.46      (2.5%)      962.72     (10.0%)   -2.2% ( -14% -   10%) 0.632
                    HighSpanNear       69.08      (3.7%)       67.84      (1.4%)   -1.8% (  -6% -    3%) 0.305
                         LowTerm     2513.18      (4.4%)     2469.48      (5.4%)   -1.7% ( -11% -    8%) 0.575
                     MedSpanNear      209.38      (2.2%)      205.90      (3.4%)   -1.7% (  -7% -    4%) 0.362
                      AndHighLow     2003.78      (7.4%)     1972.16      (7.0%)   -1.6% ( -14% -   13%) 0.729
           HighTermDayOfYearSort      477.44      (7.1%)      469.97      (7.0%)   -1.6% ( -14% -   13%) 0.725
                   OrNotHighHigh      803.33      (2.9%)      791.32      (8.6%)   -1.5% ( -12% -   10%) 0.714
            HighTermTitleBDVSort       73.49      (2.3%)       72.41      (5.5%)   -1.5% (  -9% -    6%) 0.582
                 MedSloppyPhrase       49.00      (3.5%)       48.45      (2.7%)   -1.1% (  -7% -    5%) 0.572
     BrowseRandomLabelTaxoFacets       12.81      (5.2%)       12.69      (5.1%)   -1.0% ( -10% -    9%) 0.765
            BrowseDateSSDVFacets        2.91      (6.0%)        2.89      (8.2%)   -0.7% ( -14% -   14%) 0.874
       BrowseDayOfYearTaxoFacets       16.02      (2.2%)       15.96      (4.0%)   -0.4% (  -6% -    5%) 0.841
          OrHighMedDayTaxoFacets       39.70      (2.5%)       39.54      (5.0%)   -0.4% (  -7% -    7%) 0.873
                      HighPhrase       98.45      (1.2%)       98.17      (2.2%)   -0.3% (  -3% -    3%) 0.800
                          Fuzzy2       75.82      (5.0%)       75.69      (4.2%)   -0.2% (  -8% -    9%) 0.954
                    OrNotHighLow     1656.62      (5.8%)     1654.25      (6.4%)   -0.1% ( -11% -   12%) 0.970
                        Wildcard      180.79      (4.0%)      180.60      (1.3%)   -0.1% (  -5% -    5%) 0.957
             LowIntervalsOrdered      257.13     (10.6%)      256.98     (10.6%)   -0.1% ( -19% -   23%) 0.993
            BrowseDateTaxoFacets       15.13      (4.9%)       15.14      (6.9%)    0.1% ( -11% -   12%) 0.986
            MedTermDayTaxoFacets       92.73      (7.1%)       93.05      (7.6%)    0.3% ( -13% -   16%) 0.942
                       OrHighMed     1070.27      (7.6%)     1076.06      (5.3%)    0.5% ( -11% -   14%) 0.896
                          IntNRQ      654.86      (4.9%)      658.67     (12.7%)    0.6% ( -16% -   19%) 0.924
                       MedPhrase      229.67     (12.6%)      231.15      (7.6%)    0.6% ( -17% -   23%) 0.922
         AndHighMedDayTaxoFacets      179.14      (3.1%)      181.56      (3.9%)    1.4% (  -5% -    8%) 0.543
                      AndHighMed      960.22     (10.9%)      979.44      (4.4%)    2.0% ( -11% -   19%) 0.704
                       OrHighLow     1222.34      (6.9%)     1252.40      (6.1%)    2.5% (  -9% -   16%) 0.551
               HighTermTitleSort      112.31      (5.1%)      115.26     (11.4%)    2.6% ( -13% -   20%) 0.638
                     LowSpanNear      220.41      (9.2%)      227.89      (1.9%)    3.4% (  -7% -   15%) 0.420
                           range     6156.07      (4.5%)     6372.53      (5.8%)    3.5% (  -6% -   14%) 0.284
           BrowseMonthSSDVFacets       16.70      (8.6%)       17.70     (19.9%)    6.0% ( -20% -   37%) 0.538
               HighTermMonthSort     1475.49      (3.2%)     1595.96      (5.8%)    8.2% (   0% -   17%) 0.006
  iter 5
    armA:
      NOTE: using experimental CPU time profiler (see https://mostlynerdless.de/blog/2025/06/11/java-25s-new-cpu-time-profiler-1)
      log: /home/goankur/vsearch/logs/FAA.armA.5 + stdout
      run: /usr/bin/perf stat -dd -e task-clock,cycles,instructions,cache-references,cache-misses,L1-dcache-loads,L1-dcache-load-misses,L1-icache-loads,L1-icache-load-misses,LLC-loads,LLC-load-misses,LLC-stores,LLC-store-misses,LLC-prefetches,LLC-prefetch-misses,faults,minor-faults,major-faults,branches,branch-misses,stalled-cycles-frontend,stalled-cycles-backend /home/goankur/jdk/corretto-25/bin/java -server -Xms2g -Xmx2g --add-modules jdk.incubator.vector -XX:+HeapDumpOnOutOfMemoryError -XX:+UseParallelGC -XX:StartFlightRecording=jdk.CPUTimeSample#enabled=true,dumponexit=true,maxsize=250M,settings=/home/goankur/vsearch/util/src/python/profiling.jfc,filename=/home/goankur/vsearch/logs/bench-search-FAA-armA-5.jfr -XX:+UnlockDiagnosticVMOptions -XX:+DebugNonSafepoints -classpath /home/goankur/vsearch/bo/lucene-A/lucene/core/build/libs/lucene-core-11.0.0-SNAPSHOT.jar:/home/goankur/vsearch/bo/lucene-A/lucene/sandbox/build/classes/java/main:/home/goankur/vsearch/bo/lucene-A/lucene/misc/build/classes/java/main:/home/goankur/vsearch/bo/lucene-A/lucene/facet/build/classes/java/main:/home/goankur/vsearch/bo/lucene-A/lucene/analysis/common/build/classes/java/main:/home/goankur/vsearch/bo/lucene-A/lucene/analysis/icu/build/classes/java/main:/home/goankur/vsearch/bo/lucene-A/lucene/queryparser/build/classes/java/main:/home/goankur/vsearch/bo/lucene-A/lucene/grouping/build/classes/java/main:/home/goankur/vsearch/bo/lucene-A/lucene/suggest/build/classes/java/main:/home/goankur/vsearch/bo/lucene-A/lucene/highlighter/build/classes/java/main:/home/goankur/vsearch/bo/lucene-A/lucene/codecs/build/classes/java/main:/home/goankur/vsearch/bo/lucene-A/lucene/queries/build/classes/java/main:/home/goankur/vsearch/bo/lucene-A/lucene/join/build/classes/java/main:/home/goankur/vsearch/bo/lucene-A/lucene/spatial3d/build/classes/java/main:/home/goankur/vsearch/util/lib/HdrHistogram.jar:/home/goankur/vsearch/util/src/main/build/classes/java/main:/home/goankur/vsearch/util/build perf.SearchPerfTest -dirImpl MMapDirectory -indexPath /home/goankur/vsearch/indices/wikimedium10m.lucene-A.facets.taxonomy:Date.taxonomy:Month.taxonomy:DayOfYear.sortedset:Date.sortedset:Month.sortedset:DayOfYear.taxonomy:RandomLabel.sortedset:RandomLabel.Lucene90.Lucene104.dvfields.nd10M -facets taxonomy:Date;Date -facets taxonomy:Month;Month -facets taxonomy:DayOfYear;DayOfYear -facets sortedset:Date;Date -facets sortedset:Month;Month -facets sortedset:DayOfYear;DayOfYear -facets taxonomy:RandomLabel;RandomLabel -facets sortedset:RandomLabel;RandomLabel -analyzer StandardAnalyzer -taskSource /home/goankur/vsearch/util/tasks/wikimedium.10M.nostopwords.tasks -numConcurrentQueries 5 -taskRepeatCount 20 -field body -tasksPerCat 1 -searchConcurrency -1 -staticSeed 648875 -seed -8394333 -similarity BM25Similarity -commit multi -hiliteImpl FastVectorHighlighter -log /home/goankur/vsearch/logs/FAA.armA.5 -topN 100 -context  -pk -pollute
      9.6 s
      233.0 actual sustained QPS; -1.0 CPU cores used
    armA2:
      NOTE: using experimental CPU time profiler (see https://mostlynerdless.de/blog/2025/06/11/java-25s-new-cpu-time-profiler-1)
      log: /home/goankur/vsearch/logs/FAA.armA2.5 + stdout
      run: /usr/bin/perf stat -dd -e task-clock,cycles,instructions,cache-references,cache-misses,L1-dcache-loads,L1-dcache-load-misses,L1-icache-loads,L1-icache-load-misses,LLC-loads,LLC-load-misses,LLC-stores,LLC-store-misses,LLC-prefetches,LLC-prefetch-misses,faults,minor-faults,major-faults,branches,branch-misses,stalled-cycles-frontend,stalled-cycles-backend /home/goankur/jdk/corretto-25/bin/java -server -Xms2g -Xmx2g --add-modules jdk.incubator.vector -XX:+HeapDumpOnOutOfMemoryError -XX:+UseParallelGC -XX:StartFlightRecording=jdk.CPUTimeSample#enabled=true,dumponexit=true,maxsize=250M,settings=/home/goankur/vsearch/util/src/python/profiling.jfc,filename=/home/goankur/vsearch/logs/bench-search-FAA-armA2-5.jfr -XX:+UnlockDiagnosticVMOptions -XX:+DebugNonSafepoints -classpath /home/goankur/vsearch/bo/lucene-A/lucene/core/build/libs/lucene-core-11.0.0-SNAPSHOT.jar:/home/goankur/vsearch/bo/lucene-A/lucene/sandbox/build/classes/java/main:/home/goankur/vsearch/bo/lucene-A/lucene/misc/build/classes/java/main:/home/goankur/vsearch/bo/lucene-A/lucene/facet/build/classes/java/main:/home/goankur/vsearch/bo/lucene-A/lucene/analysis/common/build/classes/java/main:/home/goankur/vsearch/bo/lucene-A/lucene/analysis/icu/build/classes/java/main:/home/goankur/vsearch/bo/lucene-A/lucene/queryparser/build/classes/java/main:/home/goankur/vsearch/bo/lucene-A/lucene/grouping/build/classes/java/main:/home/goankur/vsearch/bo/lucene-A/lucene/suggest/build/classes/java/main:/home/goankur/vsearch/bo/lucene-A/lucene/highlighter/build/classes/java/main:/home/goankur/vsearch/bo/lucene-A/lucene/codecs/build/classes/java/main:/home/goankur/vsearch/bo/lucene-A/lucene/queries/build/classes/java/main:/home/goankur/vsearch/bo/lucene-A/lucene/join/build/classes/java/main:/home/goankur/vsearch/bo/lucene-A/lucene/spatial3d/build/classes/java/main:/home/goankur/vsearch/util/lib/HdrHistogram.jar:/home/goankur/vsearch/util/src/main/build/classes/java/main:/home/goankur/vsearch/util/build perf.SearchPerfTest -dirImpl MMapDirectory -indexPath /home/goankur/vsearch/indices/wikimedium10m.lucene-A.facets.taxonomy:Date.taxonomy:Month.taxonomy:DayOfYear.sortedset:Date.sortedset:Month.sortedset:DayOfYear.taxonomy:RandomLabel.sortedset:RandomLabel.Lucene90.Lucene104.dvfields.nd10M -facets taxonomy:Date;Date -facets taxonomy:Month;Month -facets taxonomy:DayOfYear;DayOfYear -facets sortedset:Date;Date -facets sortedset:Month;Month -facets sortedset:DayOfYear;DayOfYear -facets taxonomy:RandomLabel;RandomLabel -facets sortedset:RandomLabel;RandomLabel -analyzer StandardAnalyzer -taskSource /home/goankur/vsearch/util/tasks/wikimedium.10M.nostopwords.tasks -numConcurrentQueries 5 -taskRepeatCount 20 -field body -tasksPerCat 1 -searchConcurrency -1 -staticSeed 648875 -seed -8394333 -similarity BM25Similarity -commit multi -hiliteImpl FastVectorHighlighter -log /home/goankur/vsearch/logs/FAA.armA2.5 -topN 100 -context  -pk -pollute
      9.5 s
      237.0 actual sustained QPS; -1.0 CPU cores used

Report after iter 5:
QPSChart.supported == False
                            Task     P50 B     P50 C     Diff     P90 B     P90 C     Diff     P99 B     P99 C     Diff    P999 B    P999 C     Diff    P100 B    P100 C     Diff
           ('AndHighHigh', None)     1.612     1.631     1.2%     7.819     5.789   -26.0%     9.329     6.733   -27.8%     9.329     6.733   -27.8%    16.082    11.613   -27.8%
('AndHighHighDayTaxoFacets', None)    31.163    31.251     0.3%    46.558    42.484    -8.8%    49.532    46.683    -5.8%    49.532    46.683    -5.8%   107.576   104.412    -2.9%
            ('AndHighLow', None)     0.591     0.580    -2.0%     2.684     1.382   -48.5%     2.728     2.163   -20.7%     2.728     2.163   -20.7%     3.047     2.541   -16.6%
            ('AndHighMed', None)     0.986     0.970    -1.7%     4.053     3.077   -24.1%     8.155     3.146   -61.4%     8.155     3.146   -61.4%   104.658   120.753    15.4%
('AndHighMedDayTaxoFacets', None)     5.866     5.750    -2.0%    11.901     8.951   -24.8%    14.457    24.602    70.2%    14.457    24.602    70.2%   309.916   285.333    -7.9%
     ('AndMissingHigh', 'Title')     0.329     0.316    -4.0%     1.370     1.011   -26.2%     1.863     3.124    67.7%     1.863     3.124    67.7%     4.029     4.469    10.9%
              ('BM25MSM2', None)    20.380    17.511   -14.1%    40.922    37.023    -9.5%    98.145    71.751   -26.9%    98.145    71.751   -26.9%   257.044   170.724   -33.6%
  ('BrowseDateSSDVFacets', None)   384.153   392.980     2.3%   433.296   491.723    13.5%   443.796   494.485    11.4%   443.796   494.485    11.4%   691.359   677.568    -2.0%
  ('BrowseDateTaxoFacets', None)    72.598    73.287     0.9%    85.537    87.281     2.0%    90.752    99.079     9.2%    90.752    99.079     9.2%   105.472   114.386     8.5%
('BrowseDayOfYearSSDVFacets', None)    52.035    51.354    -1.3%    60.662    59.354    -2.2%    65.278    88.290    35.3%    65.278    88.290    35.3%   168.576   213.965    26.9%
('BrowseDayOfYearTaxoFacets', None)    68.487    62.546    -8.7%    99.321    91.722    -7.7%   101.096    96.462    -4.6%   101.096    96.462    -4.6%   341.051   277.875   -18.5%
 ('BrowseMonthSSDVFacets', None)    74.992    71.715    -4.4%    94.988    88.174    -7.2%    98.470    92.288    -6.3%    98.470    92.288    -6.3%   129.545   174.162    34.4%
 ('BrowseMonthTaxoFacets', None)    29.463    28.636    -2.8%    73.649    73.118    -0.7%    75.929    89.051    17.3%    75.929    89.051    17.3%   178.290   145.128   -18.6%
('BrowseRandomLabelSSDVFacets', None)    89.180    91.029     2.1%   151.486   113.664   -25.0%   155.902   140.235   -10.0%   155.902   140.235   -10.0%   289.879   347.878    20.0%
('BrowseRandomLabelTaxoFacets', None)    83.719    83.980     0.3%   118.056   120.841     2.4%   122.422   121.492    -0.8%   122.422   121.492    -0.8%   166.607   149.503   -10.3%
             ('ConstMSM2', None)     0.793     0.865     9.1%     1.524     1.806    18.5%     3.036     5.819    91.7%     3.036     5.819    91.7%    22.229    16.887   -24.0%
                ('Fuzzy1', None)     9.818     9.878     0.6%    16.052    16.790     4.6%    22.434    22.452     0.1%    22.434    22.452     0.1%    65.306    73.943    13.2%
                ('Fuzzy2', None)    12.436    14.273    14.8%    25.820    29.622    14.7%    40.796    66.660    63.4%    40.796    66.660    63.4%   110.315    83.115   -24.7%
  ('HighIntervalsOrdered', None)    16.143    15.950    -1.2%    28.213    27.841    -1.3%    71.106    37.449   -47.3%    71.106    37.449   -47.3%   174.173   202.840    16.5%
            ('HighPhrase', None)    10.319    10.234    -0.8%    19.520    20.241     3.7%    23.530    25.027     6.4%    23.530    25.027     6.4%   104.025   110.100     5.8%
      ('HighSloppyPhrase', None)    10.929     9.897    -9.4%    16.158    13.517   -16.3%    41.928    21.802   -48.0%    41.928    21.802   -48.0%    50.940    29.316   -42.4%
          ('HighSpanNear', None)    14.310    13.703    -4.2%    25.230    22.424   -11.1%    37.959    41.722     9.9%    37.959    41.722     9.9%   203.070   208.555     2.7%
              ('HighTerm', None)     0.912     0.972     6.5%     2.838     2.038   -28.2%     3.115     2.440   -21.7%     3.115     2.440   -21.7%     4.099     2.577   -37.1%
('HighTermDayOfYearSort', 'DayOfYear')     1.963     2.586    31.7%     6.837     7.466     9.2%    10.071    13.141    30.5%    10.071    13.141    30.5%    23.259    39.476    69.7%
  ('HighTermMonthSort', 'Month')     0.698     0.722     3.5%     2.391     2.071   -13.4%     2.823     2.841     0.6%     2.823     2.841     0.6%     5.701     3.755   -34.1%
('HighTermTitleBDVSort', 'TitleBinary')    14.186    13.767    -2.9%    26.919    23.731   -11.8%    34.398    28.343   -17.6%    34.398    28.343   -17.6%    83.406    89.648     7.5%
  ('HighTermTitleSort', 'Title')    10.230     7.751   -24.2%    24.028    47.736    98.7%    70.387    59.807   -15.0%    70.387    59.807   -15.0%    81.531    80.877    -0.8%
                ('IntNRQ', None)     1.527     1.788    17.1%     4.151     4.856    17.0%    25.734    10.251   -60.2%    25.734    10.251   -60.2%   110.324    44.001   -60.1%
                ('IntSet', None)     1.588     1.500    -5.5%     6.114     6.966    13.9%    18.715    16.839   -10.0%    18.715    16.839   -10.0%    36.812    37.122     0.8%
   ('LowIntervalsOrdered', None)     4.573     4.324    -5.4%     7.716     6.629   -14.1%     9.162    10.147    10.7%     9.162    10.147    10.7%    14.142    16.770    18.6%
             ('LowPhrase', None)     5.344     5.156    -3.5%    13.055    11.595   -11.2%    49.349    33.094   -32.9%    49.349    33.094   -32.9%    55.235    51.186    -7.3%
       ('LowSloppyPhrase', None)     3.794     3.839     1.2%     8.932     7.717   -13.6%    16.741     8.164   -51.2%    16.741     8.164   -51.2%    57.006    79.462    39.4%
           ('LowSpanNear', None)     4.512     6.132    35.9%     9.515    12.936    36.0%    10.018    16.174    61.4%    10.018    16.174    61.4%    11.435    29.820   160.8%
               ('LowTerm', None)     0.402     0.410     1.9%     0.797     1.004    25.9%     2.068     1.346   -34.9%     2.068     1.346   -34.9%     2.445     5.687   132.6%
   ('MedIntervalsOrdered', None)     2.977     2.923    -1.8%     6.942     4.701   -32.3%     8.262     7.509    -9.1%     8.262     7.509    -9.1%    17.242    10.028   -41.8%
             ('MedPhrase', None)     4.103     4.824    17.6%    12.517     9.496   -24.1%    18.241    11.035   -39.5%    18.241    11.035   -39.5%    30.310    16.786   -44.6%
       ('MedSloppyPhrase', None)    20.255    20.695     2.2%    32.301    34.438     6.6%    87.818    45.185   -48.5%    87.818    45.185   -48.5%   110.384    59.175   -46.4%
           ('MedSpanNear', None)     4.686     4.811     2.7%    12.750    15.613    22.5%    13.075    16.366    25.2%    13.075    16.366    25.2%    34.809    22.867   -34.3%
               ('MedTerm', None)     0.672     0.677     0.7%     2.248     1.459   -35.1%     2.488     1.700   -31.7%     2.488     1.700   -31.7%   101.914    75.217   -26.2%
  ('MedTermDayTaxoFacets', None)    12.409    10.212   -17.7%    16.141    15.728    -2.6%    20.349    16.031   -21.2%    20.349    16.031   -21.2%   283.530   272.117    -4.0%
            ('OrHighHigh', None)     1.717     2.018    17.5%     4.411     4.056    -8.1%     9.371     4.556   -51.4%     9.371     4.556   -51.4%    59.660    94.189    57.9%
             ('OrHighLow', None)     0.803     0.825     2.8%     1.786     2.029    13.6%     2.183     2.756    26.3%     2.183     2.756    26.3%     3.116     8.115   160.4%
             ('OrHighMed', None)     1.215     1.154    -5.0%     3.296     2.708   -17.8%     6.432     4.464   -30.6%     6.432     4.464   -30.6%    20.655    10.697   -48.2%
('OrHighMedDayTaxoFacets', None)    26.596    31.547    18.6%    39.732    47.010    18.3%   128.940   108.321   -16.0%   128.940   108.321   -16.0%   175.612   140.971   -19.7%
         ('OrHighNotHigh', None)     1.361     1.432     5.2%     3.121     4.845    55.3%     4.492    10.725   138.8%     4.492    10.725   138.8%    29.849    11.903   -60.1%
          ('OrHighNotLow', None)     1.187     1.170    -1.4%     3.602     2.599   -27.9%     3.769     3.592    -4.7%     3.769     3.592    -4.7%     9.033    14.859    64.5%
          ('OrHighNotMed', None)     1.488     1.667    12.0%     2.664     3.813    43.1%     3.337     4.620    38.5%     3.337     4.620    38.5%    16.118    24.291    50.7%
         ('OrNotHighHigh', None)     1.145     1.244     8.7%     3.668     3.800     3.6%     6.469     3.828   -40.8%     6.469     3.828   -40.8%   128.300   130.174     1.5%
          ('OrNotHighLow', None)     0.614     0.651     6.0%     2.176     2.915    34.0%     7.941     3.950   -50.3%     7.941     3.950   -50.3%    10.991    17.495    59.2%
          ('OrNotHighMed', None)     0.969     0.956    -1.4%     8.081     6.696   -17.1%     8.275     7.782    -6.0%     8.275     7.782    -6.0%     8.651     8.008    -7.4%
                   ('PKLookup',)     4.097     4.658    13.7%     6.757     8.638    27.8%    11.887    24.040   102.2%    11.887    24.040   102.2%    47.473    41.795   -12.0%
               ('Prefix3', None)     0.974     0.893    -8.3%     4.833     3.534   -26.9%     6.475     5.599   -13.5%     6.475     5.599   -13.5%    14.618    13.214    -9.6%
                    ('Respell',)    16.400    15.581    -5.0%    23.144    23.136    -0.0%    27.843    26.930    -3.3%    27.843    26.930    -3.3%   194.434   217.893    12.1%
('TermDateTimeSort', 'DateTime')     2.592     2.641     1.9%     5.217     7.209    38.2%     7.810    15.180    94.4%     7.810    15.180    94.4%    78.644    88.700    12.8%
              ('Wildcard', None)     5.756     5.534    -3.9%     8.332     9.563    14.8%    26.695    23.530   -11.9%    26.695    23.530   -11.9%    31.409    33.967     8.1%
                 ('range', None)     0.166     0.180     8.8%     0.592     0.636     7.6%     0.900     0.821    -8.8%     0.900     0.821    -8.8%     0.969     9.173   846.2%
                            Task    QPS armA      StdDev   QPS armA2      StdDev                Pct diff p-value
                     AndHighHigh      652.95      (6.9%)      589.86     (10.1%)   -9.7% ( -24% -    7%) 0.053
       BrowseDayOfYearSSDVFacets       17.29     (15.1%)       15.68     (13.4%)   -9.3% ( -32% -   22%) 0.261
                         Respell       73.09      (6.9%)       66.44      (4.5%)   -9.1% ( -19% -    2%) 0.007
                    OrHighNotLow      820.49      (6.9%)      759.59     (10.1%)   -7.4% ( -22% -   10%) 0.136
                         MedTerm     1631.37      (3.5%)     1551.42     (10.1%)   -4.9% ( -17% -    9%) 0.263
                      OrHighHigh      582.82      (4.9%)      555.25     (12.9%)   -4.7% ( -21% -   13%) 0.402
                        PKLookup      230.36      (8.7%)      219.57      (9.8%)   -4.7% ( -21% -   15%) 0.384
     BrowseRandomLabelSSDVFacets       10.90      (4.6%)       10.39      (4.8%)   -4.6% ( -13% -    5%) 0.091
                    OrHighNotMed      704.44      (5.7%)      672.82      (9.6%)   -4.5% ( -18% -   11%) 0.323
                          IntSet      695.60      (9.6%)      666.93      (6.3%)   -4.1% ( -18% -   13%) 0.380
           HighTermDayOfYearSort      486.87      (7.8%)      467.89      (6.2%)   -3.9% ( -16% -   11%) 0.339
                        HighTerm     1203.58      (5.2%)     1162.74     (13.9%)   -3.4% ( -21% -   16%) 0.575
                   OrHighNotHigh      853.45      (7.6%)      824.80      (9.2%)   -3.4% ( -18% -   14%) 0.492
                          Fuzzy1      111.31      (4.3%)      107.58      (4.5%)   -3.4% ( -11% -    5%) 0.184
           BrowseMonthTaxoFacets       35.12     (33.1%)       33.98     (32.3%)   -3.2% ( -51% -   92%) 0.864
                      TermDTSort      379.12      (6.0%)      367.04      (8.0%)   -3.2% ( -16% -   11%) 0.438
        AndHighHighDayTaxoFacets       34.17      (4.0%)       33.17      (3.6%)   -2.9% ( -10% -    4%) 0.180
             MedIntervalsOrdered      367.83     (11.5%)      358.04      (7.3%)   -2.7% ( -19% -   18%) 0.631
            HighIntervalsOrdered       74.05     (12.6%)       72.14     (12.5%)   -2.6% ( -24% -   25%) 0.722
                          Fuzzy2       77.08      (6.0%)       75.18      (4.1%)   -2.5% ( -11% -    8%) 0.403
          OrHighMedDayTaxoFacets       39.49      (2.7%)       38.56      (7.6%)   -2.4% ( -12% -    8%) 0.475
                  AndMissingHigh     3598.03      (8.3%)     3514.19      (5.4%)   -2.3% ( -14% -   12%) 0.566
                 LowSloppyPhrase      256.73      (8.1%)      251.08     (11.2%)   -2.2% ( -19% -   18%) 0.696
                       LowPhrase      199.07      (4.0%)      194.81      (5.7%)   -2.1% ( -11% -    7%) 0.453
                       ConstMSM2     1320.60      (2.2%)     1292.45      (4.2%)   -2.1% (  -8% -    4%) 0.268
                HighSloppyPhrase      103.93      (5.3%)      101.90      (6.7%)   -2.0% ( -13% -   10%) 0.574
                     MedSpanNear      210.30      (2.2%)      206.69      (3.2%)   -1.7% (  -6% -    3%) 0.281
                       MedPhrase      233.12     (11.7%)      229.32      (7.0%)   -1.6% ( -18% -   19%) 0.769
                        BM25MSM2       56.63      (9.2%)       55.82      (8.9%)   -1.4% ( -17% -   18%) 0.783
                         LowTerm     2513.24      (3.9%)     2480.12      (4.9%)   -1.3% (  -9% -    7%) 0.608
                    HighSpanNear       69.67      (3.8%)       68.76      (3.5%)   -1.3% (  -8% -    6%) 0.538
                 MedSloppyPhrase       49.09      (3.2%)       48.53      (2.4%)   -1.1% (  -6% -    4%) 0.485
     BrowseRandomLabelTaxoFacets       12.72      (5.1%)       12.58      (5.0%)   -1.1% ( -10% -    9%) 0.708
                     LowSpanNear      221.64      (8.3%)      219.45      (9.5%)   -1.0% ( -17% -   18%) 0.847
                    OrNotHighMed      996.41      (3.7%)      988.77     (10.9%)   -0.8% ( -14% -   14%) 0.870
                   OrNotHighHigh      816.19      (4.6%)      810.14      (9.5%)   -0.7% ( -14% -   14%) 0.863
                         Prefix3     1178.27      (9.0%)     1170.60      (9.4%)   -0.7% ( -17% -   19%) 0.902
                      AndHighLow     1987.52      (7.0%)     1974.63      (6.3%)   -0.6% ( -13% -   13%) 0.866
            HighTermTitleBDVSort       73.22      (2.2%)       72.88      (5.2%)   -0.5% (  -7% -    7%) 0.840
                    OrNotHighLow     1658.39      (5.2%)     1652.02      (5.7%)   -0.4% ( -10% -   11%) 0.903
            BrowseDateTaxoFacets       14.96      (5.3%)       14.93      (7.2%)   -0.2% ( -12% -   12%) 0.959
                      HighPhrase       98.31      (1.1%)       98.29      (2.0%)   -0.0% (  -3% -    3%) 0.979
            BrowseDateSSDVFacets        2.86      (7.0%)        2.86      (7.8%)   -0.0% ( -13% -   15%) 0.998
       BrowseDayOfYearTaxoFacets       15.89      (2.8%)       15.97      (3.6%)    0.5% (  -5% -    7%) 0.788
                          IntNRQ      657.33      (4.4%)      660.94     (11.3%)    0.5% ( -14% -   17%) 0.912
             LowIntervalsOrdered      252.59     (10.6%)      254.42     (10.0%)    0.7% ( -17% -   23%) 0.903
                        Wildcard      180.49      (3.6%)      182.06      (2.3%)    0.9% (  -4% -    6%) 0.615
         AndHighMedDayTaxoFacets      178.92      (2.8%)      181.00      (3.6%)    1.2% (  -5% -    7%) 0.531
                           range     6179.51      (4.1%)     6263.16      (6.7%)    1.4% (  -9% -   12%) 0.675
                      AndHighMed      975.70     (10.4%)      993.05      (5.1%)    1.8% ( -12% -   19%) 0.707
                       OrHighLow     1227.48      (6.2%)     1253.73      (5.5%)    2.1% (  -8% -   14%) 0.527
                       OrHighMed     1034.09     (11.1%)     1060.75      (6.1%)    2.6% ( -13% -   22%) 0.618
            MedTermDayTaxoFacets       90.93      (8.1%)       95.21      (9.1%)    4.7% ( -11% -   23%) 0.343
               HighTermTitleSort      111.95      (4.7%)      117.71     (11.5%)    5.1% ( -10% -   22%) 0.312
           BrowseMonthSSDVFacets       16.33      (9.6%)       17.23     (19.6%)    5.5% ( -21% -   38%) 0.538
               HighTermMonthSort     1484.12      (3.2%)     1586.03      (5.4%)    6.9% (  -1% -   15%) 0.008
  iter 6
    armA2:
      NOTE: using experimental CPU time profiler (see https://mostlynerdless.de/blog/2025/06/11/java-25s-new-cpu-time-profiler-1)
      log: /home/goankur/vsearch/logs/FAA.armA2.6 + stdout
      run: /usr/bin/perf stat -dd -e task-clock,cycles,instructions,cache-references,cache-misses,L1-dcache-loads,L1-dcache-load-misses,L1-icache-loads,L1-icache-load-misses,LLC-loads,LLC-load-misses,LLC-stores,LLC-store-misses,LLC-prefetches,LLC-prefetch-misses,faults,minor-faults,major-faults,branches,branch-misses,stalled-cycles-frontend,stalled-cycles-backend /home/goankur/jdk/corretto-25/bin/java -server -Xms2g -Xmx2g --add-modules jdk.incubator.vector -XX:+HeapDumpOnOutOfMemoryError -XX:+UseParallelGC -XX:StartFlightRecording=jdk.CPUTimeSample#enabled=true,dumponexit=true,maxsize=250M,settings=/home/goankur/vsearch/util/src/python/profiling.jfc,filename=/home/goankur/vsearch/logs/bench-search-FAA-armA2-6.jfr -XX:+UnlockDiagnosticVMOptions -XX:+DebugNonSafepoints -classpath /home/goankur/vsearch/bo/lucene-A/lucene/core/build/libs/lucene-core-11.0.0-SNAPSHOT.jar:/home/goankur/vsearch/bo/lucene-A/lucene/sandbox/build/classes/java/main:/home/goankur/vsearch/bo/lucene-A/lucene/misc/build/classes/java/main:/home/goankur/vsearch/bo/lucene-A/lucene/facet/build/classes/java/main:/home/goankur/vsearch/bo/lucene-A/lucene/analysis/common/build/classes/java/main:/home/goankur/vsearch/bo/lucene-A/lucene/analysis/icu/build/classes/java/main:/home/goankur/vsearch/bo/lucene-A/lucene/queryparser/build/classes/java/main:/home/goankur/vsearch/bo/lucene-A/lucene/grouping/build/classes/java/main:/home/goankur/vsearch/bo/lucene-A/lucene/suggest/build/classes/java/main:/home/goankur/vsearch/bo/lucene-A/lucene/highlighter/build/classes/java/main:/home/goankur/vsearch/bo/lucene-A/lucene/codecs/build/classes/java/main:/home/goankur/vsearch/bo/lucene-A/lucene/queries/build/classes/java/main:/home/goankur/vsearch/bo/lucene-A/lucene/join/build/classes/java/main:/home/goankur/vsearch/bo/lucene-A/lucene/spatial3d/build/classes/java/main:/home/goankur/vsearch/util/lib/HdrHistogram.jar:/home/goankur/vsearch/util/src/main/build/classes/java/main:/home/goankur/vsearch/util/build perf.SearchPerfTest -dirImpl MMapDirectory -indexPath /home/goankur/vsearch/indices/wikimedium10m.lucene-A.facets.taxonomy:Date.taxonomy:Month.taxonomy:DayOfYear.sortedset:Date.sortedset:Month.sortedset:DayOfYear.taxonomy:RandomLabel.sortedset:RandomLabel.Lucene90.Lucene104.dvfields.nd10M -facets taxonomy:Date;Date -facets taxonomy:Month;Month -facets taxonomy:DayOfYear;DayOfYear -facets sortedset:Date;Date -facets sortedset:Month;Month -facets sortedset:DayOfYear;DayOfYear -facets taxonomy:RandomLabel;RandomLabel -facets sortedset:RandomLabel;RandomLabel -analyzer StandardAnalyzer -taskSource /home/goankur/vsearch/util/tasks/wikimedium.10M.nostopwords.tasks -numConcurrentQueries 5 -taskRepeatCount 20 -field body -tasksPerCat 1 -searchConcurrency -1 -staticSeed 648875 -seed -2720409 -similarity BM25Similarity -commit multi -hiliteImpl FastVectorHighlighter -log /home/goankur/vsearch/logs/FAA.armA2.6 -topN 100 -context  -pk -pollute
      9.2 s
      302.3 actual sustained QPS; -1.0 CPU cores used
    armA:
      NOTE: using experimental CPU time profiler (see https://mostlynerdless.de/blog/2025/06/11/java-25s-new-cpu-time-profiler-1)
      log: /home/goankur/vsearch/logs/FAA.armA.6 + stdout
      run: /usr/bin/perf stat -dd -e task-clock,cycles,instructions,cache-references,cache-misses,L1-dcache-loads,L1-dcache-load-misses,L1-icache-loads,L1-icache-load-misses,LLC-loads,LLC-load-misses,LLC-stores,LLC-store-misses,LLC-prefetches,LLC-prefetch-misses,faults,minor-faults,major-faults,branches,branch-misses,stalled-cycles-frontend,stalled-cycles-backend /home/goankur/jdk/corretto-25/bin/java -server -Xms2g -Xmx2g --add-modules jdk.incubator.vector -XX:+HeapDumpOnOutOfMemoryError -XX:+UseParallelGC -XX:StartFlightRecording=jdk.CPUTimeSample#enabled=true,dumponexit=true,maxsize=250M,settings=/home/goankur/vsearch/util/src/python/profiling.jfc,filename=/home/goankur/vsearch/logs/bench-search-FAA-armA-6.jfr -XX:+UnlockDiagnosticVMOptions -XX:+DebugNonSafepoints -classpath /home/goankur/vsearch/bo/lucene-A/lucene/core/build/libs/lucene-core-11.0.0-SNAPSHOT.jar:/home/goankur/vsearch/bo/lucene-A/lucene/sandbox/build/classes/java/main:/home/goankur/vsearch/bo/lucene-A/lucene/misc/build/classes/java/main:/home/goankur/vsearch/bo/lucene-A/lucene/facet/build/classes/java/main:/home/goankur/vsearch/bo/lucene-A/lucene/analysis/common/build/classes/java/main:/home/goankur/vsearch/bo/lucene-A/lucene/analysis/icu/build/classes/java/main:/home/goankur/vsearch/bo/lucene-A/lucene/queryparser/build/classes/java/main:/home/goankur/vsearch/bo/lucene-A/lucene/grouping/build/classes/java/main:/home/goankur/vsearch/bo/lucene-A/lucene/suggest/build/classes/java/main:/home/goankur/vsearch/bo/lucene-A/lucene/highlighter/build/classes/java/main:/home/goankur/vsearch/bo/lucene-A/lucene/codecs/build/classes/java/main:/home/goankur/vsearch/bo/lucene-A/lucene/queries/build/classes/java/main:/home/goankur/vsearch/bo/lucene-A/lucene/join/build/classes/java/main:/home/goankur/vsearch/bo/lucene-A/lucene/spatial3d/build/classes/java/main:/home/goankur/vsearch/util/lib/HdrHistogram.jar:/home/goankur/vsearch/util/src/main/build/classes/java/main:/home/goankur/vsearch/util/build perf.SearchPerfTest -dirImpl MMapDirectory -indexPath /home/goankur/vsearch/indices/wikimedium10m.lucene-A.facets.taxonomy:Date.taxonomy:Month.taxonomy:DayOfYear.sortedset:Date.sortedset:Month.sortedset:DayOfYear.taxonomy:RandomLabel.sortedset:RandomLabel.Lucene90.Lucene104.dvfields.nd10M -facets taxonomy:Date;Date -facets taxonomy:Month;Month -facets taxonomy:DayOfYear;DayOfYear -facets sortedset:Date;Date -facets sortedset:Month;Month -facets sortedset:DayOfYear;DayOfYear -facets taxonomy:RandomLabel;RandomLabel -facets sortedset:RandomLabel;RandomLabel -analyzer StandardAnalyzer -taskSource /home/goankur/vsearch/util/tasks/wikimedium.10M.nostopwords.tasks -numConcurrentQueries 5 -taskRepeatCount 20 -field body -tasksPerCat 1 -searchConcurrency -1 -staticSeed 648875 -seed -2720409 -similarity BM25Similarity -commit multi -hiliteImpl FastVectorHighlighter -log /home/goankur/vsearch/logs/FAA.armA.6 -topN 100 -context  -pk -pollute
      9.7 s
      251.8 actual sustained QPS; -1.0 CPU cores used

Report after iter 6:
QPSChart.supported == False
                            Task     P50 B     P50 C     Diff     P90 B     P90 C     Diff     P99 B     P99 C     Diff    P999 B    P999 C     Diff    P100 B    P100 C     Diff
           ('AndHighHigh', None)     1.586     2.073    30.7%     5.071     5.255     3.6%     5.349     7.038    31.6%     5.349     7.038    31.6%   138.090   140.279     1.6%
('AndHighHighDayTaxoFacets', None)    28.253    29.165     3.2%    42.953    44.351     3.3%    57.527    62.896     9.3%    57.527    62.896     9.3%   124.893   214.945    72.1%
            ('AndHighLow', None)     0.497     0.624    25.7%     1.513     1.619     7.0%     1.742     2.455    40.9%     1.742     2.455    40.9%     2.249     3.706    64.7%
            ('AndHighMed', None)     1.131     1.336    18.1%     3.451     4.137    19.9%     3.827     4.698    22.8%     3.827     4.698    22.8%     9.894    23.123   133.7%
('AndHighMedDayTaxoFacets', None)     5.609     6.158     9.8%    13.333    13.768     3.3%    15.958    15.131    -5.2%    15.958    15.131    -5.2%    25.925    21.435   -17.3%
     ('AndMissingHigh', 'Title')     0.268     0.328    22.4%     1.346     1.027   -23.7%     1.862     1.035   -44.4%     1.862     1.035   -44.4%     2.527     1.536   -39.2%
              ('BM25MSM2', None)    20.951    22.036     5.2%    46.994    46.551    -0.9%    73.638    53.136   -27.8%    73.638    53.136   -27.8%   264.481   258.860    -2.1%
  ('BrowseDateSSDVFacets', None)   392.524   340.044   -13.4%   462.767   393.048   -15.1%   484.918   421.721   -13.0%   484.918   421.721   -13.0%   683.072   593.722   -13.1%
  ('BrowseDateTaxoFacets', None)    74.754    25.725   -65.6%    86.307    33.074   -61.7%    87.807    66.282   -24.5%    87.807    66.282   -24.5%    99.666    72.692   -27.1%
('BrowseDayOfYearSSDVFacets', None)    65.434    68.496     4.7%    97.714    84.263   -13.8%   118.319    86.371   -27.0%   118.319    86.371   -27.0%   150.286   158.079     5.2%
('BrowseDayOfYearTaxoFacets', None)    69.942    24.461   -65.0%    84.696    36.951   -56.4%    85.109    89.462     5.1%    85.109    89.462     5.1%   207.659   151.010   -27.3%
 ('BrowseMonthSSDVFacets', None)    48.488    62.789    29.5%    56.084    88.357    57.5%    64.319   125.151    94.6%    64.319   125.151    94.6%   100.569   170.801    69.8%
 ('BrowseMonthTaxoFacets', None)    28.545    24.944   -12.6%    75.816    31.396   -58.6%    78.350   117.158    49.5%    78.350   117.158    49.5%   198.471   200.144     0.8%
('BrowseRandomLabelSSDVFacets', None)   102.217    99.611    -2.6%   130.983   143.435     9.5%   149.006   193.246    29.7%   149.006   193.246    29.7%   529.490   494.511    -6.6%
('BrowseRandomLabelTaxoFacets', None)    82.172    35.278   -57.1%   120.602    47.523   -60.6%   121.781    98.376   -19.2%   121.781    98.376   -19.2%   138.957   130.247    -6.3%
             ('ConstMSM2', None)     0.779     0.862    10.6%     4.848    13.731   183.2%     8.857    15.417    74.1%     8.857    15.417    74.1%    20.047    25.926    29.3%
                ('Fuzzy1', None)    10.367    10.443     0.7%    28.928    21.491   -25.7%    50.771    31.381   -38.2%    50.771    31.381   -38.2%    64.014    72.062    12.6%
                ('Fuzzy2', None)    12.931    14.512    12.2%    26.595    32.575    22.5%    71.376    69.744    -2.3%    71.376    69.744    -2.3%    87.155    88.252     1.3%
  ('HighIntervalsOrdered', None)    12.830    13.588     5.9%    32.814    34.531     5.2%    33.917    40.030    18.0%    33.917    40.030    18.0%    65.178    49.816   -23.6%
            ('HighPhrase', None)    10.319    10.833     5.0%    18.932    32.494    71.6%    30.815    69.295   124.9%    30.815    69.295   124.9%   133.538   135.861     1.7%
      ('HighSloppyPhrase', None)    10.833    10.652    -1.7%    12.469    18.275    46.6%    14.764    37.911   156.8%    14.764    37.911   156.8%    20.806    42.836   105.9%
          ('HighSpanNear', None)    14.691    15.111     2.9%    40.288    35.454   -12.0%    41.130    36.768   -10.6%    41.130    36.768   -10.6%   220.470   165.333   -25.0%
              ('HighTerm', None)     0.911     1.275    39.9%     4.129     4.305     4.3%     4.682     5.459    16.6%     4.682     5.459    16.6%     8.164     9.485    16.2%
('HighTermDayOfYearSort', 'DayOfYear')     1.953     2.410    23.4%     9.413    15.695    66.7%    10.249    18.221    77.8%    10.249    18.221    77.8%    21.846    56.313   157.8%
  ('HighTermMonthSort', 'Month')     0.639     0.665     4.0%     4.982     3.285   -34.1%    12.312     8.300   -32.6%    12.312     8.300   -32.6%    48.285    48.270    -0.0%
('HighTermTitleBDVSort', 'TitleBinary')    13.985    14.787     5.7%    26.082    27.645     6.0%    29.917    39.293    31.3%    29.917    39.293    31.3%    72.645    88.008    21.1%
  ('HighTermTitleSort', 'Title')     9.002     9.217     2.4%    19.074    23.779    24.7%    56.736    47.010   -17.1%    56.736    47.010   -17.1%    99.181    94.678    -4.5%
                ('IntNRQ', None)     1.502     1.760    17.1%     6.723     6.746     0.3%     7.713    10.183    32.0%     7.713    10.183    32.0%   104.498    85.742   -17.9%
                ('IntSet', None)     1.606     1.549    -3.6%    14.296     8.920   -37.6%    15.187    10.882   -28.3%    15.187    10.882   -28.3%    40.534    27.414   -32.4%
   ('LowIntervalsOrdered', None)     3.908     4.198     7.4%    13.133    17.303    31.8%    17.185    20.573    19.7%    17.185    20.573    19.7%    18.424    22.049    19.7%
             ('LowPhrase', None)     5.203     5.083    -2.3%    14.701    19.089    29.8%    22.770    40.968    79.9%    22.770    40.968    79.9%    26.297    43.970    67.2%
       ('LowSloppyPhrase', None)     5.069     5.517     8.8%    13.197    11.509   -12.8%    13.334    16.661    24.9%    13.334    16.661    24.9%    65.129    55.561   -14.7%
           ('LowSpanNear', None)     4.961     4.608    -7.1%    12.735    23.779    86.7%    17.819    30.333    70.2%    17.819    30.333    70.2%    22.694    34.532    52.2%
               ('LowTerm', None)     0.411     0.461    12.1%     1.251     1.717    37.2%     1.412     8.178   479.2%     1.412     8.178   479.2%     2.651     8.205   209.5%
   ('MedIntervalsOrdered', None)     2.720     2.627    -3.4%    14.148     8.877   -37.3%    29.261    27.762    -5.1%    29.261    27.762    -5.1%    60.639    75.717    24.9%
             ('MedPhrase', None)     4.086     5.080    24.3%    10.625    20.439    92.4%    14.736    38.251   159.6%    14.736    38.251   159.6%    23.458    53.069   126.2%
       ('MedSloppyPhrase', None)    21.156    20.250    -4.3%    34.384    37.421     8.8%    39.975    79.648    99.2%    39.975    79.648    99.2%   109.302   107.625    -1.5%
           ('MedSpanNear', None)     4.779     6.792    42.1%    10.395    16.065    54.5%    12.512    17.030    36.1%    12.512    17.030    36.1%    23.131    20.213   -12.6%
               ('MedTerm', None)     0.633     0.705    11.3%     2.671     3.451    29.2%     5.287     3.761   -28.9%     5.287     3.761   -28.9%    10.771     7.215   -33.0%
  ('MedTermDayTaxoFacets', None)    10.940    10.976     0.3%    14.991    17.362    15.8%    31.779    50.128    57.7%    31.779    50.128    57.7%   304.435   357.919    17.6%
            ('OrHighHigh', None)     2.234     1.850   -17.2%     4.115     9.581   132.8%    21.275    11.477   -46.1%    21.275    11.477   -46.1%    24.365    18.187   -25.4%
             ('OrHighLow', None)     0.865     0.930     7.6%     3.079     2.393   -22.3%     4.216     2.972   -29.5%     4.216     2.972   -29.5%     5.652     3.272   -42.1%
             ('OrHighMed', None)     0.901     1.027    14.0%     2.814     2.573    -8.6%     2.998     5.532    84.5%     2.998     5.532    84.5%   206.338   204.211    -1.0%
('OrHighMedDayTaxoFacets', None)    31.685    29.692    -6.3%    42.478    36.736   -13.5%   121.720   121.908     0.2%   121.720   121.908     0.2%   187.802   170.735    -9.1%
         ('OrHighNotHigh', None)     1.327     1.238    -6.7%    15.760     6.083   -61.4%    17.761     7.925   -55.4%    17.761     7.925   -55.4%    20.329    14.414   -29.1%
          ('OrHighNotLow', None)     1.304     1.721    32.0%     3.183    10.152   218.9%     6.787    15.387   126.7%     6.787    15.387   126.7%     7.055    18.987   169.1%
          ('OrHighNotMed', None)     1.495     1.776    18.8%     9.065     9.980    10.1%    11.200    17.175    53.3%    11.200    17.175    53.3%   176.289   179.936     2.1%
         ('OrNotHighHigh', None)     1.272     1.231    -3.2%     8.448     4.744   -43.8%     9.761     4.945   -49.3%     9.761     4.945   -49.3%    10.659    16.737    57.0%
          ('OrNotHighLow', None)     0.622     0.731    17.4%     1.950     3.241    66.2%     3.256     9.992   206.9%     3.256     9.992   206.9%     3.342    10.542   215.5%
          ('OrNotHighMed', None)     1.087     1.283    18.1%     4.282     5.885    37.4%    13.665     8.817   -35.5%    13.665     8.817   -35.5%    14.503    14.235    -1.8%
                   ('PKLookup',)     4.978     5.010     0.6%    12.703     9.195   -27.6%    21.588    14.945   -30.8%    21.588    14.945   -30.8%    24.025    25.870     7.7%
               ('Prefix3', None)     0.982     0.977    -0.5%     4.569     4.743     3.8%    10.865     8.050   -25.9%    10.865     8.050   -25.9%    28.054    18.738   -33.2%
                    ('Respell',)    15.561    16.575     6.5%    31.882    33.983     6.6%    57.068    50.717   -11.1%    57.068    50.717   -11.1%    83.989    56.150   -33.1%
('TermDateTimeSort', 'DateTime')     2.910     2.640    -9.3%    10.866    17.335    59.5%    15.091    21.867    44.9%    15.091    21.867    44.9%    46.583    48.785     4.7%
              ('Wildcard', None)     5.581     5.434    -2.6%    19.661    22.264    13.2%    20.837    31.260    50.0%    20.837    31.260    50.0%    79.069    71.110   -10.1%
                 ('range', None)     0.176     0.209    18.7%     0.674     1.802   167.5%     2.339     7.425   217.5%     2.339     7.425   217.5%    12.429    11.515    -7.4%
                            Task    QPS armA      StdDev   QPS armA2      StdDev                Pct diff p-value
                     AndHighHigh      654.30      (6.3%)      578.78     (10.3%)  -11.5% ( -26% -    5%) 0.011
                         Respell       72.77      (6.4%)       65.82      (4.7%)   -9.5% ( -19% -    1%) 0.002
       BrowseDayOfYearSSDVFacets       17.07     (14.4%)       15.66     (12.4%)   -8.2% ( -30% -   21%) 0.250
                    OrHighNotLow      818.98      (6.3%)      757.12      (9.2%)   -7.6% ( -21% -    8%) 0.074
                        PKLookup      229.43      (8.1%)      217.23      (9.4%)   -5.3% ( -21% -   13%) 0.257
                        HighTerm     1197.29      (4.9%)     1134.30     (14.2%)   -5.3% ( -23% -   14%) 0.355
                    OrHighNotMed      701.65      (5.3%)      665.73      (9.2%)   -5.1% ( -18% -    9%) 0.201
                         MedTerm     1628.83      (3.3%)     1553.23      (9.3%)   -4.6% ( -16% -    8%) 0.211
           HighTermDayOfYearSort      492.97      (7.8%)      470.78      (5.8%)   -4.5% ( -16% -    9%) 0.220
                          Fuzzy2       77.68      (5.8%)       74.53      (4.3%)   -4.1% ( -13% -    6%) 0.136
                       MedPhrase      235.51     (10.9%)      226.08      (7.3%)   -4.0% ( -19% -   15%) 0.418
        AndHighHighDayTaxoFacets       34.81      (6.0%)       33.42      (3.8%)   -4.0% ( -13% -    6%) 0.137
                      OrHighHigh      581.25      (4.5%)      558.27     (11.9%)   -4.0% ( -19% -   13%) 0.412
                          IntSet      695.34      (8.8%)      670.55      (6.0%)   -3.6% ( -16% -   12%) 0.374
                  AndMissingHigh     3636.01      (8.0%)     3511.61      (4.9%)   -3.4% ( -15% -   10%) 0.335
     BrowseRandomLabelSSDVFacets       10.83      (4.6%)       10.48      (4.9%)   -3.2% ( -12% -    6%) 0.203
                    OrNotHighMed      993.79      (3.4%)      962.65     (12.2%)   -3.1% ( -18% -   12%) 0.512
                       ConstMSM2     1337.95      (3.9%)     1296.59      (3.9%)   -3.1% ( -10% -    4%) 0.138
                   OrHighNotHigh      850.37      (7.0%)      824.16      (8.5%)   -3.1% ( -17% -   13%) 0.459
                     MedSpanNear      210.22      (2.0%)      203.82      (4.6%)   -3.0% (  -9% -    3%) 0.112
                          Fuzzy1      109.61      (5.7%)      106.33      (5.1%)   -3.0% ( -13% -    8%) 0.301
                        BM25MSM2       56.40      (8.5%)       54.80      (9.5%)   -2.8% ( -19% -   16%) 0.555
                 LowSloppyPhrase      256.27      (7.5%)      249.29     (10.4%)   -2.7% ( -19% -   16%) 0.573
            HighIntervalsOrdered       74.76     (11.7%)       72.81     (11.6%)   -2.6% ( -23% -   23%) 0.674
                         LowTerm     2514.72      (3.6%)     2449.91      (5.5%)   -2.6% ( -11% -    6%) 0.299
                    OrNotHighLow     1664.18      (4.8%)     1630.72      (6.2%)   -2.0% ( -12% -    9%) 0.499
             MedIntervalsOrdered      368.77     (10.5%)      362.59      (7.4%)   -1.7% ( -17% -   18%) 0.729
                      TermDTSort      375.82      (6.0%)      369.56      (7.6%)   -1.7% ( -14% -   12%) 0.649
                       LowPhrase      198.16      (3.8%)      195.14      (5.3%)   -1.5% ( -10% -    7%) 0.536
                    HighSpanNear       69.57      (3.5%)       68.61      (3.2%)   -1.4% (  -7% -    5%) 0.447
                      AndHighLow     1997.84      (6.5%)     1970.74      (5.8%)   -1.4% ( -12% -   11%) 0.679
                HighSloppyPhrase      102.33      (6.4%)      100.98      (6.6%)   -1.3% ( -13% -   12%) 0.706
                           range     6165.69      (3.8%)     6085.46      (9.8%)   -1.3% ( -14% -   12%) 0.743
          OrHighMedDayTaxoFacets       38.50      (7.2%)       38.03      (8.0%)   -1.2% ( -15% -   15%) 0.763
           BrowseMonthTaxoFacets       35.30     (30.1%)       34.90     (30.1%)   -1.1% ( -47% -   84%) 0.944
            HighTermTitleBDVSort       73.49      (2.2%)       72.93      (4.7%)   -0.8% (  -7% -    6%) 0.696
             LowIntervalsOrdered      254.81      (9.9%)      252.85      (9.2%)   -0.8% ( -18% -   20%) 0.880
                      AndHighMed      968.42      (9.8%)      961.35      (9.9%)   -0.7% ( -18% -   20%) 0.889
                          IntNRQ      666.33      (5.4%)      662.42     (10.2%)   -0.6% ( -15% -   15%) 0.893
                   OrNotHighHigh      818.51      (4.3%)      814.51      (8.7%)   -0.5% ( -12% -   13%) 0.894
                       OrHighLow     1237.26      (6.0%)     1233.51      (6.6%)   -0.3% ( -12% -   13%) 0.928
                 MedSloppyPhrase       48.86      (3.2%)       48.77      (2.5%)   -0.2% (  -5% -    5%) 0.904
                      HighPhrase       98.35      (1.0%)       98.39      (1.8%)    0.0% (  -2% -    2%) 0.960
                         Prefix3     1171.75      (8.4%)     1172.34      (8.7%)    0.1% ( -15% -   18%) 0.991
         AndHighMedDayTaxoFacets      179.57      (2.7%)      180.02      (3.6%)    0.3% (  -5% -    6%) 0.881
                        Wildcard      181.63      (3.6%)      183.02      (2.5%)    0.8% (  -5% -    7%) 0.644
                     LowSpanNear      219.60      (8.0%)      221.58      (9.1%)    0.9% ( -15% -   19%) 0.844
                       OrHighMed     1051.53     (10.9%)     1063.58      (5.5%)    1.1% ( -13% -   19%) 0.804
           BrowseMonthSSDVFacets       16.96     (12.9%)       17.18     (17.2%)    1.3% ( -25% -   36%) 0.872
            BrowseDateSSDVFacets        2.82      (7.6%)        2.87      (7.4%)    1.9% ( -12% -   18%) 0.628
               HighTermTitleSort      113.72      (5.9%)      116.84     (10.6%)    2.7% ( -12% -   20%) 0.548
            MedTermDayTaxoFacets       91.63      (7.6%)       94.73      (8.3%)    3.4% ( -11% -   20%) 0.429
               HighTermMonthSort     1497.24      (3.7%)     1596.05      (5.2%)    6.6% (  -2% -   16%) 0.006
     BrowseRandomLabelTaxoFacets       12.65      (4.9%)       14.94     (49.6%)   18.1% ( -34% -   76%) 0.337
            BrowseDateTaxoFacets       14.79      (5.8%)       18.36     (61.7%)   24.2% ( -40% -   97%) 0.303
       BrowseDayOfYearTaxoFacets       15.75      (3.4%)       19.73     (63.2%)   25.2% ( -40% -   95%) 0.292
  iter 7
    armA:
      NOTE: using experimental CPU time profiler (see https://mostlynerdless.de/blog/2025/06/11/java-25s-new-cpu-time-profiler-1)
      log: /home/goankur/vsearch/logs/FAA.armA.7 + stdout
      run: /usr/bin/perf stat -dd -e task-clock,cycles,instructions,cache-references,cache-misses,L1-dcache-loads,L1-dcache-load-misses,L1-icache-loads,L1-icache-load-misses,LLC-loads,LLC-load-misses,LLC-stores,LLC-store-misses,LLC-prefetches,LLC-prefetch-misses,faults,minor-faults,major-faults,branches,branch-misses,stalled-cycles-frontend,stalled-cycles-backend /home/goankur/jdk/corretto-25/bin/java -server -Xms2g -Xmx2g --add-modules jdk.incubator.vector -XX:+HeapDumpOnOutOfMemoryError -XX:+UseParallelGC -XX:StartFlightRecording=jdk.CPUTimeSample#enabled=true,dumponexit=true,maxsize=250M,settings=/home/goankur/vsearch/util/src/python/profiling.jfc,filename=/home/goankur/vsearch/logs/bench-search-FAA-armA-7.jfr -XX:+UnlockDiagnosticVMOptions -XX:+DebugNonSafepoints -classpath /home/goankur/vsearch/bo/lucene-A/lucene/core/build/libs/lucene-core-11.0.0-SNAPSHOT.jar:/home/goankur/vsearch/bo/lucene-A/lucene/sandbox/build/classes/java/main:/home/goankur/vsearch/bo/lucene-A/lucene/misc/build/classes/java/main:/home/goankur/vsearch/bo/lucene-A/lucene/facet/build/classes/java/main:/home/goankur/vsearch/bo/lucene-A/lucene/analysis/common/build/classes/java/main:/home/goankur/vsearch/bo/lucene-A/lucene/analysis/icu/build/classes/java/main:/home/goankur/vsearch/bo/lucene-A/lucene/queryparser/build/classes/java/main:/home/goankur/vsearch/bo/lucene-A/lucene/grouping/build/classes/java/main:/home/goankur/vsearch/bo/lucene-A/lucene/suggest/build/classes/java/main:/home/goankur/vsearch/bo/lucene-A/lucene/highlighter/build/classes/java/main:/home/goankur/vsearch/bo/lucene-A/lucene/codecs/build/classes/java/main:/home/goankur/vsearch/bo/lucene-A/lucene/queries/build/classes/java/main:/home/goankur/vsearch/bo/lucene-A/lucene/join/build/classes/java/main:/home/goankur/vsearch/bo/lucene-A/lucene/spatial3d/build/classes/java/main:/home/goankur/vsearch/util/lib/HdrHistogram.jar:/home/goankur/vsearch/util/src/main/build/classes/java/main:/home/goankur/vsearch/util/build perf.SearchPerfTest -dirImpl MMapDirectory -indexPath /home/goankur/vsearch/indices/wikimedium10m.lucene-A.facets.taxonomy:Date.taxonomy:Month.taxonomy:DayOfYear.sortedset:Date.sortedset:Month.sortedset:DayOfYear.taxonomy:RandomLabel.sortedset:RandomLabel.Lucene90.Lucene104.dvfields.nd10M -facets taxonomy:Date;Date -facets taxonomy:Month;Month -facets taxonomy:DayOfYear;DayOfYear -facets sortedset:Date;Date -facets sortedset:Month;Month -facets sortedset:DayOfYear;DayOfYear -facets taxonomy:RandomLabel;RandomLabel -facets sortedset:RandomLabel;RandomLabel -analyzer StandardAnalyzer -taskSource /home/goankur/vsearch/util/tasks/wikimedium.10M.nostopwords.tasks -numConcurrentQueries 5 -taskRepeatCount 20 -field body -tasksPerCat 1 -searchConcurrency -1 -staticSeed 648875 -seed -3797014 -similarity BM25Similarity -commit multi -hiliteImpl FastVectorHighlighter -log /home/goankur/vsearch/logs/FAA.armA.7 -topN 100 -context  -pk -pollute
      9.7 s
      244.5 actual sustained QPS; -1.0 CPU cores used
    armA2:
      NOTE: using experimental CPU time profiler (see https://mostlynerdless.de/blog/2025/06/11/java-25s-new-cpu-time-profiler-1)
      log: /home/goankur/vsearch/logs/FAA.armA2.7 + stdout
      run: /usr/bin/perf stat -dd -e task-clock,cycles,instructions,cache-references,cache-misses,L1-dcache-loads,L1-dcache-load-misses,L1-icache-loads,L1-icache-load-misses,LLC-loads,LLC-load-misses,LLC-stores,LLC-store-misses,LLC-prefetches,LLC-prefetch-misses,faults,minor-faults,major-faults,branches,branch-misses,stalled-cycles-frontend,stalled-cycles-backend /home/goankur/jdk/corretto-25/bin/java -server -Xms2g -Xmx2g --add-modules jdk.incubator.vector -XX:+HeapDumpOnOutOfMemoryError -XX:+UseParallelGC -XX:StartFlightRecording=jdk.CPUTimeSample#enabled=true,dumponexit=true,maxsize=250M,settings=/home/goankur/vsearch/util/src/python/profiling.jfc,filename=/home/goankur/vsearch/logs/bench-search-FAA-armA2-7.jfr -XX:+UnlockDiagnosticVMOptions -XX:+DebugNonSafepoints -classpath /home/goankur/vsearch/bo/lucene-A/lucene/core/build/libs/lucene-core-11.0.0-SNAPSHOT.jar:/home/goankur/vsearch/bo/lucene-A/lucene/sandbox/build/classes/java/main:/home/goankur/vsearch/bo/lucene-A/lucene/misc/build/classes/java/main:/home/goankur/vsearch/bo/lucene-A/lucene/facet/build/classes/java/main:/home/goankur/vsearch/bo/lucene-A/lucene/analysis/common/build/classes/java/main:/home/goankur/vsearch/bo/lucene-A/lucene/analysis/icu/build/classes/java/main:/home/goankur/vsearch/bo/lucene-A/lucene/queryparser/build/classes/java/main:/home/goankur/vsearch/bo/lucene-A/lucene/grouping/build/classes/java/main:/home/goankur/vsearch/bo/lucene-A/lucene/suggest/build/classes/java/main:/home/goankur/vsearch/bo/lucene-A/lucene/highlighter/build/classes/java/main:/home/goankur/vsearch/bo/lucene-A/lucene/codecs/build/classes/java/main:/home/goankur/vsearch/bo/lucene-A/lucene/queries/build/classes/java/main:/home/goankur/vsearch/bo/lucene-A/lucene/join/build/classes/java/main:/home/goankur/vsearch/bo/lucene-A/lucene/spatial3d/build/classes/java/main:/home/goankur/vsearch/util/lib/HdrHistogram.jar:/home/goankur/vsearch/util/src/main/build/classes/java/main:/home/goankur/vsearch/util/build perf.SearchPerfTest -dirImpl MMapDirectory -indexPath /home/goankur/vsearch/indices/wikimedium10m.lucene-A.facets.taxonomy:Date.taxonomy:Month.taxonomy:DayOfYear.sortedset:Date.sortedset:Month.sortedset:DayOfYear.taxonomy:RandomLabel.sortedset:RandomLabel.Lucene90.Lucene104.dvfields.nd10M -facets taxonomy:Date;Date -facets taxonomy:Month;Month -facets taxonomy:DayOfYear;DayOfYear -facets sortedset:Date;Date -facets sortedset:Month;Month -facets sortedset:DayOfYear;DayOfYear -facets taxonomy:RandomLabel;RandomLabel -facets sortedset:RandomLabel;RandomLabel -analyzer StandardAnalyzer -taskSource /home/goankur/vsearch/util/tasks/wikimedium.10M.nostopwords.tasks -numConcurrentQueries 5 -taskRepeatCount 20 -field body -tasksPerCat 1 -searchConcurrency -1 -staticSeed 648875 -seed -3797014 -similarity BM25Similarity -commit multi -hiliteImpl FastVectorHighlighter -log /home/goankur/vsearch/logs/FAA.armA2.7 -topN 100 -context  -pk -pollute
      9.4 s
      251.2 actual sustained QPS; -1.0 CPU cores used

Report after iter 7:
QPSChart.supported == False
                            Task     P50 B     P50 C     Diff     P90 B     P90 C     Diff     P99 B     P99 C     Diff    P999 B    P999 C     Diff    P100 B    P100 C     Diff
           ('AndHighHigh', None)     1.718     1.991    15.9%     6.986     6.016   -13.9%     7.244     7.923     9.4%     7.244     7.923     9.4%   267.710   240.017   -10.3%
('AndHighHighDayTaxoFacets', None)    29.215    29.847     2.2%    41.629    48.405    16.3%    49.086    60.743    23.7%    49.086    60.743    23.7%   125.767   167.585    33.3%
            ('AndHighLow', None)     0.556     0.518    -6.8%     1.301     1.098   -15.6%     7.045     1.579   -77.6%     7.045     1.579   -77.6%    13.273     4.046   -69.5%
            ('AndHighMed', None)     1.084     1.108     2.2%     4.766     2.721   -42.9%     7.824     3.975   -49.2%     7.824     3.975   -49.2%    15.106     6.989   -53.7%
('AndHighMedDayTaxoFacets', None)     5.351     5.584     4.4%    11.073    12.528    13.1%    16.966    14.838   -12.5%    16.966    14.838   -12.5%    97.220   166.726    71.5%
     ('AndMissingHigh', 'Title')     0.301     0.272    -9.4%     0.784     0.725    -7.5%     0.802     0.841     4.9%     0.802     0.841     4.9%     4.841     2.267   -53.2%
              ('BM25MSM2', None)    17.311    18.528     7.0%    33.025    48.515    46.9%    40.680    49.199    20.9%    40.680    49.199    20.9%   274.097   318.956    16.4%
  ('BrowseDateSSDVFacets', None)   338.544   331.314    -2.1%   365.693   382.902     4.7%   397.999   398.969     0.2%   397.999   398.969     0.2%  1022.743   612.189   -40.1%
  ('BrowseDateTaxoFacets', None)    70.914    71.459     0.8%    86.282    82.939    -3.9%    90.524    87.153    -3.7%    90.524    87.153    -3.7%   257.926   411.819    59.7%
('BrowseDayOfYearSSDVFacets', None)    64.528    68.154     5.6%    85.007    86.043     1.2%   144.604    88.290   -38.9%   144.604    88.290   -38.9%   800.225   172.354   -78.5%
('BrowseDayOfYearTaxoFacets', None)    68.102    69.644     2.3%    82.499    89.877     8.9%    84.288    92.428     9.7%    84.288    92.428     9.7%    98.723   151.087    53.0%
 ('BrowseMonthSSDVFacets', None)    62.516    63.992     2.4%    81.912    81.186    -0.9%    86.896    81.774    -5.9%    86.896    81.774    -5.9%   465.021    82.001   -82.4%
 ('BrowseMonthTaxoFacets', None)    26.315    25.025    -4.9%    75.992    75.747    -0.3%    76.447    75.856    -0.8%    76.447    75.856    -0.8%   388.543   987.664   154.2%
('BrowseRandomLabelSSDVFacets', None)    89.518    95.704     6.9%   173.316   124.934   -27.9%   176.441   134.895   -23.5%   176.441   134.895   -23.5%   514.681   140.967   -72.6%
('BrowseRandomLabelTaxoFacets', None)    86.768    88.349     1.8%   105.800   115.970     9.6%   118.790   123.803     4.2%   118.790   123.803     4.2%   375.239   498.665    32.9%
             ('ConstMSM2', None)     0.755     0.839    11.1%     1.313     1.457    10.9%    11.513    10.921    -5.1%    11.513    10.921    -5.1%    17.218    17.151    -0.4%
                ('Fuzzy1', None)    10.025    10.455     4.3%    14.324    15.928    11.2%    19.813    26.661    34.6%    19.813    26.661    34.6%   108.040   132.749    22.9%
                ('Fuzzy2', None)    13.838    13.633    -1.5%    20.310    24.303    19.7%    20.847    28.945    38.8%    20.847    28.945    38.8%    41.179    66.384    61.2%
  ('HighIntervalsOrdered', None)    15.716    12.736   -19.0%    23.936    24.603     2.8%    24.452    27.813    13.7%    24.452    27.813    13.7%    48.758   142.982   193.2%
            ('HighPhrase', None)    10.147    10.107    -0.4%    17.909    16.357    -8.7%    21.891    20.796    -5.0%    21.891    20.796    -5.0%    47.928    33.467   -30.2%
      ('HighSloppyPhrase', None)    10.134    10.195     0.6%    14.063    15.317     8.9%    45.048    28.532   -36.7%    45.048    28.532   -36.7%    60.934    30.381   -50.1%
          ('HighSpanNear', None)    14.554    15.131     4.0%    24.779    23.571    -4.9%    38.066    25.060   -34.2%    38.066    25.060   -34.2%    46.118    64.418    39.7%
              ('HighTerm', None)     0.898     0.841    -6.3%     2.735     1.372   -49.9%     7.665     2.097   -72.6%     7.665     2.097   -72.6%    10.881    20.003    83.8%
('HighTermDayOfYearSort', 'DayOfYear')     1.818     1.902     4.6%     4.309     4.383     1.7%     9.715    10.180     4.8%     9.715    10.180     4.8%    40.626    51.400    26.5%
  ('HighTermMonthSort', 'Month')     0.662     0.639    -3.4%     1.622     1.952    20.4%     5.412     4.180   -22.8%     5.412     4.180   -22.8%    42.578    48.859    14.8%
('HighTermTitleBDVSort', 'TitleBinary')    13.783    14.072     2.1%    29.191    29.280     0.3%    29.453    29.951     1.7%    29.453    29.951     1.7%   190.705    51.801   -72.8%
  ('HighTermTitleSort', 'Title')     9.213    10.220    10.9%    21.430    26.370    23.1%    25.020    27.892    11.5%    25.020    27.892    11.5%   149.722    79.783   -46.7%
                ('IntNRQ', None)     1.786     1.653    -7.5%     7.557     7.199    -4.7%    10.412    17.926    72.2%    10.412    17.926    72.2%    73.833    36.304   -50.8%
                ('IntSet', None)     1.706     1.675    -1.8%     7.465     6.585   -11.8%     8.225    21.020   155.6%     8.225    21.020   155.6%    49.911    57.471    15.1%
   ('LowIntervalsOrdered', None)     4.391     4.605     4.9%     7.506     9.295    23.8%     9.902    14.623    47.7%     9.902    14.623    47.7%    23.004    53.548   132.8%
             ('LowPhrase', None)     5.115     7.495    46.5%    12.178    13.710    12.6%    12.506    46.344   270.6%    12.506    46.344   270.6%   117.319   112.468    -4.1%
       ('LowSloppyPhrase', None)     3.879     3.786    -2.4%     7.222    14.288    97.8%     7.359    17.079   132.1%     7.359    17.079   132.1%    37.850    46.406    22.6%
           ('LowSpanNear', None)     4.499     4.312    -4.2%    10.831    10.684    -1.4%    12.239    12.254     0.1%    12.239    12.254     0.1%    12.445    12.345    -0.8%
               ('LowTerm', None)     0.415     0.422     1.8%     0.900     1.359    51.1%     1.494     4.386   193.5%     1.494     4.386   193.5%    56.492    60.193     6.6%
   ('MedIntervalsOrdered', None)     3.385     2.871   -15.2%     5.553     4.422   -20.4%     6.507     5.594   -14.0%     6.507     5.594   -14.0%    73.910    65.692   -11.1%
             ('MedPhrase', None)     4.152     4.267     2.8%     6.975    10.315    47.9%     7.735    11.450    48.0%     7.735    11.450    48.0%    55.351    12.464   -77.5%
       ('MedSloppyPhrase', None)    20.752    20.039    -3.4%    32.186    38.260    18.9%    37.876    39.987     5.6%    37.876    39.987     5.6%    40.170    45.080    12.2%
           ('MedSpanNear', None)     4.791     4.878     1.8%    10.687    12.164    13.8%    16.504    27.145    64.5%    16.504    27.145    64.5%   116.604   153.190    31.4%
               ('MedTerm', None)     0.757     0.690    -8.9%     1.139     8.301   628.9%     1.656     8.607   419.8%     1.656     8.607   419.8%     4.986     9.849    97.5%
  ('MedTermDayTaxoFacets', None)    11.589    10.834    -6.5%    14.543    18.021    23.9%    30.395    18.857   -38.0%    30.395    18.857   -38.0%    40.006    57.591    44.0%
            ('OrHighHigh', None)     1.748     1.850     5.9%     4.857     4.106   -15.5%     5.106    19.883   289.4%     5.106    19.883   289.4%    45.713    52.982    15.9%
             ('OrHighLow', None)     0.803     0.836     4.1%     1.990     1.854    -6.8%     2.983     3.347    12.2%     2.983     3.347    12.2%     3.576     6.253    74.9%
             ('OrHighMed', None)     0.973     0.914    -6.1%     2.785     3.624    30.1%     3.229     4.022    24.5%     3.229     4.022    24.5%     3.293    17.555   433.2%
('OrHighMedDayTaxoFacets', None)    28.013    30.899    10.3%    39.818    37.151    -6.7%    74.503   106.411    42.8%    74.503   106.411    42.8%   131.017   182.631    39.4%
         ('OrHighNotHigh', None)     1.263     1.225    -3.0%     6.796     4.298   -36.8%     9.796     6.022   -38.5%     9.796     6.022   -38.5%    20.319    27.113    33.4%
          ('OrHighNotLow', None)     1.251     1.357     8.5%     2.337     3.475    48.7%     2.711     5.865   116.3%     2.711     5.865   116.3%    14.709     8.517   -42.1%
          ('OrHighNotMed', None)     1.581     1.512    -4.4%     4.556     3.102   -31.9%     6.906    18.329   165.4%     6.906    18.329   165.4%    28.686    29.768     3.8%
         ('OrNotHighHigh', None)     1.163     1.264     8.6%     3.692     4.139    12.1%    10.588     4.997   -52.8%    10.588     4.997   -52.8%    15.023    17.776    18.3%
          ('OrNotHighLow', None)     0.736     0.711    -3.4%     1.717     1.795     4.5%     1.915     2.067     7.9%     1.915     2.067     7.9%    75.733    76.435     0.9%
          ('OrNotHighMed', None)     1.254     1.119   -10.7%     4.791     2.739   -42.8%     6.473     3.620   -44.1%     6.473     3.620   -44.1%    10.444     5.170   -50.5%
                   ('PKLookup',)     4.781     5.073     6.1%     6.617     7.540    13.9%    10.701    11.212     4.8%    10.701    11.212     4.8%    24.445    39.777    62.7%
               ('Prefix3', None)     0.977     0.859   -12.1%     2.871     3.875    35.0%     3.187     3.928    23.3%     3.187     3.928    23.3%    14.256     6.856   -51.9%
                    ('Respell',)    15.003    15.056     0.3%    28.181    34.839    23.6%    33.736    40.592    20.3%    33.736    40.592    20.3%    46.739    42.783    -8.5%
('TermDateTimeSort', 'DateTime')     3.070     3.060    -0.3%     4.854     6.889    41.9%     6.276     9.000    43.4%     6.276     9.000    43.4%    99.639    81.350   -18.4%
              ('Wildcard', None)     5.533     5.735     3.6%     8.230    23.856   189.9%    12.192    25.174   106.5%    12.192    25.174   106.5%    47.151    62.012    31.5%
                 ('range', None)     0.168     0.153    -9.0%     0.471     0.446    -5.5%     0.575     0.499   -13.2%     0.575     0.499   -13.2%     0.632     1.817   187.3%
                            Task    QPS armA      StdDev   QPS armA2      StdDev                Pct diff p-value
                     AndHighHigh      646.95      (6.7%)      578.50      (9.6%)  -10.6% ( -25% -    6%) 0.011
                         Respell       73.16      (6.1%)       66.48      (5.0%)   -9.1% ( -19% -    2%) 0.001
                    OrHighNotLow      827.06      (6.4%)      762.13      (8.6%)   -7.8% ( -21% -    7%) 0.039
       BrowseDayOfYearSSDVFacets       16.93     (13.6%)       15.71     (11.6%)   -7.2% ( -28% -   20%) 0.257
                        PKLookup      229.43      (7.5%)      219.38      (9.1%)   -4.4% ( -19% -   13%) 0.294
           HighTermDayOfYearSort      502.11      (8.7%)      480.59      (7.7%)   -4.3% ( -19% -   13%) 0.297
                        HighTerm     1187.95      (5.1%)     1141.50     (13.4%)   -3.9% ( -21% -   15%) 0.440
                         MedTerm     1611.71      (4.3%)     1550.60      (8.7%)   -3.8% ( -16% -    9%) 0.268
                      OrHighHigh      581.73      (4.2%)      559.94     (11.1%)   -3.7% ( -18% -   11%) 0.370
                    OrHighNotMed      695.17      (5.6%)      669.77      (8.7%)   -3.7% ( -17% -   11%) 0.319
                       MedPhrase      236.62     (10.1%)      228.43      (7.3%)   -3.5% ( -18% -   15%) 0.432
     BrowseRandomLabelSSDVFacets       10.91      (4.6%)       10.55      (4.9%)   -3.2% ( -12% -    6%) 0.170
                        BM25MSM2       56.66      (7.9%)       54.84      (8.7%)   -3.2% ( -18% -   14%) 0.441
                       LowPhrase      197.93      (3.6%)      191.65      (7.0%)   -3.2% ( -13% -    7%) 0.252
        AndHighHighDayTaxoFacets       34.80      (5.6%)       33.71      (4.2%)   -3.2% ( -12% -    6%) 0.200
                   OrHighNotHigh      851.61      (6.5%)      824.82      (7.8%)   -3.1% ( -16% -   11%) 0.382
                       ConstMSM2     1338.84      (3.7%)     1298.57      (3.6%)   -3.0% (  -9% -    4%) 0.097
                          Fuzzy2       77.24      (5.6%)       75.00      (4.4%)   -2.9% ( -12% -    7%) 0.250
                     MedSpanNear      210.40      (1.9%)      204.34      (4.4%)   -2.9% (  -8% -    3%) 0.086
                  AndMissingHigh     3636.54      (7.4%)     3536.79      (4.9%)   -2.7% ( -14% -   10%) 0.384
                HighSloppyPhrase      103.77      (7.1%)      101.16      (6.1%)   -2.5% ( -14% -   11%) 0.445
                         LowTerm     2505.00      (3.5%)     2443.71      (5.2%)   -2.4% ( -10% -    6%) 0.267
                          IntSet      684.83      (9.3%)      669.67      (5.6%)   -2.2% ( -15% -   14%) 0.565
                 LowSloppyPhrase      257.80      (7.1%)      252.64     (10.3%)   -2.0% ( -18% -   16%) 0.649
                    OrNotHighLow     1642.38      (5.9%)     1612.08      (6.7%)   -1.8% ( -13% -   11%) 0.557
                      TermDTSort      371.73      (6.4%)      365.16      (7.9%)   -1.8% ( -15% -   13%) 0.623
                          Fuzzy1      108.90      (5.6%)      107.00      (5.1%)   -1.7% ( -11% -    9%) 0.514
                           range     6303.41      (7.1%)     6199.08     (10.2%)   -1.7% ( -17% -   16%) 0.707
                    HighSpanNear       69.50      (3.3%)       68.43      (3.1%)   -1.5% (  -7% -    4%) 0.331
                    OrNotHighMed      985.60      (4.0%)      970.65     (11.6%)   -1.5% ( -16% -   14%) 0.726
                   OrNotHighHigh      826.79      (4.9%)      814.40      (8.0%)   -1.5% ( -13% -   11%) 0.651
                          IntNRQ      666.31      (5.0%)      658.08      (9.6%)   -1.2% ( -15% -   14%) 0.747
                      AndHighMed      968.16      (9.0%)      958.14      (9.2%)   -1.0% ( -17% -   18%) 0.820
          OrHighMedDayTaxoFacets       38.24      (7.0%)       37.90      (7.5%)   -0.9% ( -14% -   14%) 0.811
           BrowseMonthTaxoFacets       35.84     (27.8%)       35.57     (28.0%)   -0.8% ( -44% -   76%) 0.957
            HighTermTitleBDVSort       73.41      (2.1%)       73.00      (4.4%)   -0.6% (  -6% -    6%) 0.746
                      AndHighLow     1980.72      (6.5%)     1972.16      (5.4%)   -0.4% ( -11% -   12%) 0.885
                       OrHighLow     1243.05      (5.7%)     1237.89      (6.1%)   -0.4% ( -11% -   12%) 0.889
             LowIntervalsOrdered      252.95      (9.4%)      252.20      (8.6%)   -0.3% ( -16% -   19%) 0.947
         AndHighMedDayTaxoFacets      180.69      (3.0%)      180.33      (3.3%)   -0.2% (  -6% -    6%) 0.901
                      HighPhrase       98.63      (1.2%)       98.79      (2.0%)    0.2% (  -3% -    3%) 0.845
            HighIntervalsOrdered       73.45     (12.1%)       73.63     (11.4%)    0.2% ( -20% -   26%) 0.967
                 MedSloppyPhrase       48.85      (2.9%)       49.00      (2.7%)    0.3% (  -5% -    6%) 0.829
                        Wildcard      181.63      (3.4%)      182.21      (2.6%)    0.3% (  -5% -    6%) 0.834
           BrowseMonthSSDVFacets       16.90     (12.0%)       16.97     (16.4%)    0.4% ( -24% -   32%) 0.951
             MedIntervalsOrdered      361.60     (11.4%)      363.81      (7.1%)    0.6% ( -15% -   21%) 0.897
                     LowSpanNear      221.16      (7.7%)      223.39      (8.7%)    1.0% ( -14% -   18%) 0.806
                         Prefix3     1163.24      (8.1%)     1180.00      (8.3%)    1.4% ( -13% -   19%) 0.725
            BrowseDateSSDVFacets        2.84      (7.4%)        2.90      (7.4%)    2.0% ( -11% -   18%) 0.590
                       OrHighMed     1053.98     (10.1%)     1077.39      (6.3%)    2.2% ( -12% -   20%) 0.597
               HighTermTitleSort      113.60      (5.5%)      116.25      (9.9%)    2.3% ( -12% -   18%) 0.560
            MedTermDayTaxoFacets       92.47      (7.5%)       94.91      (7.7%)    2.6% ( -11% -   19%) 0.485
               HighTermMonthSort     1503.24      (3.6%)     1594.25      (4.8%)    6.1% (  -2% -   15%) 0.004
     BrowseRandomLabelTaxoFacets       12.54      (5.1%)       14.53     (47.2%)   15.8% ( -34% -   71%) 0.346
            BrowseDateTaxoFacets       14.72      (5.5%)       17.86     (58.2%)   21.3% ( -40% -   90%) 0.303
       BrowseDayOfYearTaxoFacets       15.63      (3.9%)       19.06     (60.2%)   21.9% ( -40% -   89%) 0.304
  iter 8
    armA2:
      NOTE: using experimental CPU time profiler (see https://mostlynerdless.de/blog/2025/06/11/java-25s-new-cpu-time-profiler-1)
      log: /home/goankur/vsearch/logs/FAA.armA2.8 + stdout
      run: /usr/bin/perf stat -dd -e task-clock,cycles,instructions,cache-references,cache-misses,L1-dcache-loads,L1-dcache-load-misses,L1-icache-loads,L1-icache-load-misses,LLC-loads,LLC-load-misses,LLC-stores,LLC-store-misses,LLC-prefetches,LLC-prefetch-misses,faults,minor-faults,major-faults,branches,branch-misses,stalled-cycles-frontend,stalled-cycles-backend /home/goankur/jdk/corretto-25/bin/java -server -Xms2g -Xmx2g --add-modules jdk.incubator.vector -XX:+HeapDumpOnOutOfMemoryError -XX:+UseParallelGC -XX:StartFlightRecording=jdk.CPUTimeSample#enabled=true,dumponexit=true,maxsize=250M,settings=/home/goankur/vsearch/util/src/python/profiling.jfc,filename=/home/goankur/vsearch/logs/bench-search-FAA-armA2-8.jfr -XX:+UnlockDiagnosticVMOptions -XX:+DebugNonSafepoints -classpath /home/goankur/vsearch/bo/lucene-A/lucene/core/build/libs/lucene-core-11.0.0-SNAPSHOT.jar:/home/goankur/vsearch/bo/lucene-A/lucene/sandbox/build/classes/java/main:/home/goankur/vsearch/bo/lucene-A/lucene/misc/build/classes/java/main:/home/goankur/vsearch/bo/lucene-A/lucene/facet/build/classes/java/main:/home/goankur/vsearch/bo/lucene-A/lucene/analysis/common/build/classes/java/main:/home/goankur/vsearch/bo/lucene-A/lucene/analysis/icu/build/classes/java/main:/home/goankur/vsearch/bo/lucene-A/lucene/queryparser/build/classes/java/main:/home/goankur/vsearch/bo/lucene-A/lucene/grouping/build/classes/java/main:/home/goankur/vsearch/bo/lucene-A/lucene/suggest/build/classes/java/main:/home/goankur/vsearch/bo/lucene-A/lucene/highlighter/build/classes/java/main:/home/goankur/vsearch/bo/lucene-A/lucene/codecs/build/classes/java/main:/home/goankur/vsearch/bo/lucene-A/lucene/queries/build/classes/java/main:/home/goankur/vsearch/bo/lucene-A/lucene/join/build/classes/java/main:/home/goankur/vsearch/bo/lucene-A/lucene/spatial3d/build/classes/java/main:/home/goankur/vsearch/util/lib/HdrHistogram.jar:/home/goankur/vsearch/util/src/main/build/classes/java/main:/home/goankur/vsearch/util/build perf.SearchPerfTest -dirImpl MMapDirectory -indexPath /home/goankur/vsearch/indices/wikimedium10m.lucene-A.facets.taxonomy:Date.taxonomy:Month.taxonomy:DayOfYear.sortedset:Date.sortedset:Month.sortedset:DayOfYear.taxonomy:RandomLabel.sortedset:RandomLabel.Lucene90.Lucene104.dvfields.nd10M -facets taxonomy:Date;Date -facets taxonomy:Month;Month -facets taxonomy:DayOfYear;DayOfYear -facets sortedset:Date;Date -facets sortedset:Month;Month -facets sortedset:DayOfYear;DayOfYear -facets taxonomy:RandomLabel;RandomLabel -facets sortedset:RandomLabel;RandomLabel -analyzer StandardAnalyzer -taskSource /home/goankur/vsearch/util/tasks/wikimedium.10M.nostopwords.tasks -numConcurrentQueries 5 -taskRepeatCount 20 -field body -tasksPerCat 1 -searchConcurrency -1 -staticSeed 648875 -seed -6277131 -similarity BM25Similarity -commit multi -hiliteImpl FastVectorHighlighter -log /home/goankur/vsearch/logs/FAA.armA2.8 -topN 100 -context  -pk -pollute
      9.3 s
      261.6 actual sustained QPS; -1.0 CPU cores used
    armA:
      NOTE: using experimental CPU time profiler (see https://mostlynerdless.de/blog/2025/06/11/java-25s-new-cpu-time-profiler-1)
      log: /home/goankur/vsearch/logs/FAA.armA.8 + stdout
      run: /usr/bin/perf stat -dd -e task-clock,cycles,instructions,cache-references,cache-misses,L1-dcache-loads,L1-dcache-load-misses,L1-icache-loads,L1-icache-load-misses,LLC-loads,LLC-load-misses,LLC-stores,LLC-store-misses,LLC-prefetches,LLC-prefetch-misses,faults,minor-faults,major-faults,branches,branch-misses,stalled-cycles-frontend,stalled-cycles-backend /home/goankur/jdk/corretto-25/bin/java -server -Xms2g -Xmx2g --add-modules jdk.incubator.vector -XX:+HeapDumpOnOutOfMemoryError -XX:+UseParallelGC -XX:StartFlightRecording=jdk.CPUTimeSample#enabled=true,dumponexit=true,maxsize=250M,settings=/home/goankur/vsearch/util/src/python/profiling.jfc,filename=/home/goankur/vsearch/logs/bench-search-FAA-armA-8.jfr -XX:+UnlockDiagnosticVMOptions -XX:+DebugNonSafepoints -classpath /home/goankur/vsearch/bo/lucene-A/lucene/core/build/libs/lucene-core-11.0.0-SNAPSHOT.jar:/home/goankur/vsearch/bo/lucene-A/lucene/sandbox/build/classes/java/main:/home/goankur/vsearch/bo/lucene-A/lucene/misc/build/classes/java/main:/home/goankur/vsearch/bo/lucene-A/lucene/facet/build/classes/java/main:/home/goankur/vsearch/bo/lucene-A/lucene/analysis/common/build/classes/java/main:/home/goankur/vsearch/bo/lucene-A/lucene/analysis/icu/build/classes/java/main:/home/goankur/vsearch/bo/lucene-A/lucene/queryparser/build/classes/java/main:/home/goankur/vsearch/bo/lucene-A/lucene/grouping/build/classes/java/main:/home/goankur/vsearch/bo/lucene-A/lucene/suggest/build/classes/java/main:/home/goankur/vsearch/bo/lucene-A/lucene/highlighter/build/classes/java/main:/home/goankur/vsearch/bo/lucene-A/lucene/codecs/build/classes/java/main:/home/goankur/vsearch/bo/lucene-A/lucene/queries/build/classes/java/main:/home/goankur/vsearch/bo/lucene-A/lucene/join/build/classes/java/main:/home/goankur/vsearch/bo/lucene-A/lucene/spatial3d/build/classes/java/main:/home/goankur/vsearch/util/lib/HdrHistogram.jar:/home/goankur/vsearch/util/src/main/build/classes/java/main:/home/goankur/vsearch/util/build perf.SearchPerfTest -dirImpl MMapDirectory -indexPath /home/goankur/vsearch/indices/wikimedium10m.lucene-A.facets.taxonomy:Date.taxonomy:Month.taxonomy:DayOfYear.sortedset:Date.sortedset:Month.sortedset:DayOfYear.taxonomy:RandomLabel.sortedset:RandomLabel.Lucene90.Lucene104.dvfields.nd10M -facets taxonomy:Date;Date -facets taxonomy:Month;Month -facets taxonomy:DayOfYear;DayOfYear -facets sortedset:Date;Date -facets sortedset:Month;Month -facets sortedset:DayOfYear;DayOfYear -facets taxonomy:RandomLabel;RandomLabel -facets sortedset:RandomLabel;RandomLabel -analyzer StandardAnalyzer -taskSource /home/goankur/vsearch/util/tasks/wikimedium.10M.nostopwords.tasks -numConcurrentQueries 5 -taskRepeatCount 20 -field body -tasksPerCat 1 -searchConcurrency -1 -staticSeed 648875 -seed -6277131 -similarity BM25Similarity -commit multi -hiliteImpl FastVectorHighlighter -log /home/goankur/vsearch/logs/FAA.armA.8 -topN 100 -context  -pk -pollute
      9.6 s
      233.7 actual sustained QPS; -1.0 CPU cores used

Report after iter 8:
QPSChart.supported == False
                            Task     P50 B     P50 C     Diff     P90 B     P90 C     Diff     P99 B     P99 C     Diff    P999 B    P999 C     Diff    P100 B    P100 C     Diff
           ('AndHighHigh', None)     1.712     1.691    -1.2%     3.011     7.407   146.0%     6.640    10.203    53.7%     6.640    10.203    53.7%   257.784   248.662    -3.5%
('AndHighHighDayTaxoFacets', None)    29.207    28.047    -4.0%    42.504    43.243     1.7%    56.638    50.031   -11.7%    56.638    50.031   -11.7%   154.059   151.250    -1.8%
            ('AndHighLow', None)     0.593     0.596     0.5%     1.779     1.299   -27.0%     1.846     3.823   107.1%     1.846     3.823   107.1%    13.347     5.890   -55.9%
            ('AndHighMed', None)     1.001     1.024     2.2%     3.234     4.218    30.4%     4.120     4.613    12.0%     4.120     4.613    12.0%     9.478     4.767   -49.7%
('AndHighMedDayTaxoFacets', None)     5.536     5.406    -2.3%    13.585    18.359    35.1%    18.006    18.407     2.2%    18.006    18.407     2.2%    20.645    32.995    59.8%
     ('AndMissingHigh', 'Title')     0.328     0.330     0.7%     1.081     1.780    64.7%     2.786     1.802   -35.3%     2.786     1.802   -35.3%     8.517     2.072   -75.7%
              ('BM25MSM2', None)    18.414    17.210    -6.5%    36.907    33.918    -8.1%    40.039    43.988     9.9%    40.039    43.988     9.9%   197.419   139.393   -29.4%
  ('BrowseDateSSDVFacets', None)   378.319   341.520    -9.7%   457.542   384.416   -16.0%   486.045   392.176   -19.3%   486.045   392.176   -19.3%   567.387   501.661   -11.6%
  ('BrowseDateTaxoFacets', None)    64.422    65.668     1.9%    77.896    81.408     4.5%    78.461    83.263     6.1%    78.461    83.263     6.1%    81.664   120.080    47.0%
('BrowseDayOfYearSSDVFacets', None)    72.731    67.818    -6.8%   100.074    84.331   -15.7%   100.663   103.146     2.5%   100.663   103.146     2.5%   145.774   169.270    16.1%
('BrowseDayOfYearTaxoFacets', None)    62.994    66.223     5.1%    76.589    76.949     0.5%    78.575    90.583    15.3%    78.575    90.583    15.3%   321.922   466.714    45.0%
 ('BrowseMonthSSDVFacets', None)    48.790    68.379    40.2%    54.204    77.190    42.4%    54.617    77.623    42.1%    54.617    77.623    42.1%    55.611    80.401    44.6%
 ('BrowseMonthTaxoFacets', None)    74.484    25.404   -65.9%    77.783    29.703   -61.8%    79.884    84.183     5.4%    79.884    84.183     5.4%   190.628   208.241     9.2%
('BrowseRandomLabelSSDVFacets', None)    94.619    84.465   -10.7%   154.389   114.418   -25.9%   233.273   138.375   -40.7%   233.273   138.375   -40.7%   551.528   331.339   -39.9%
('BrowseRandomLabelTaxoFacets', None)    82.364    80.861    -1.8%   101.103    99.917    -1.2%   102.292   104.594     2.3%   102.292   104.594     2.3%   200.290   230.732    15.2%
             ('ConstMSM2', None)     0.729     0.776     6.4%     2.095     1.953    -6.7%     6.141     2.169   -64.7%     6.141     2.169   -64.7%    43.092    17.725   -58.9%
                ('Fuzzy1', None)     9.790    10.055     2.7%    34.049    18.985   -44.2%    54.984    44.796   -18.5%    54.984    44.796   -18.5%    82.792    83.759     1.2%
                ('Fuzzy2', None)    13.705    13.884     1.3%    41.733    36.905   -11.6%    57.135    37.455   -34.4%    57.135    37.455   -34.4%    59.306    43.168   -27.2%
  ('HighIntervalsOrdered', None)    12.773    12.532    -1.9%    28.021    19.499   -30.4%    33.863    22.102   -34.7%    33.863    22.102   -34.7%    36.162    27.370   -24.3%
            ('HighPhrase', None)     9.846    10.392     5.5%    15.375    20.020    30.2%    24.631    27.138    10.2%    24.631    27.138    10.2%   132.840   172.690    30.0%
      ('HighSloppyPhrase', None)     9.320     9.076    -2.6%    11.515    11.590     0.7%    12.846    18.815    46.5%    12.846    18.815    46.5%    32.550    20.359   -37.5%
          ('HighSpanNear', None)    13.855    15.112     9.1%    29.581    19.769   -33.2%    32.474    25.812   -20.5%    32.474    25.812   -20.5%    56.440    60.373     7.0%
              ('HighTerm', None)     0.830     0.786    -5.2%     2.107     1.647   -21.9%     3.709     3.215   -13.3%     3.709     3.215   -13.3%    13.667    18.571    35.9%
('HighTermDayOfYearSort', 'DayOfYear')     2.068     1.951    -5.7%     5.303     6.750    27.3%    12.257     6.929   -43.5%    12.257     6.929   -43.5%   101.870   105.758     3.8%
  ('HighTermMonthSort', 'Month')     0.586     0.611     4.1%     1.846     1.442   -21.9%     1.931     2.421    25.4%     1.931     2.421    25.4%    40.120    52.382    30.6%
('HighTermTitleBDVSort', 'TitleBinary')    13.540    13.506    -0.2%    24.694    23.392    -5.3%    25.437    36.099    41.9%    25.437    36.099    41.9%    51.599    68.854    33.4%
  ('HighTermTitleSort', 'Title')     7.661     8.353     9.0%    15.374    13.233   -13.9%    31.458    28.903    -8.1%    31.458    28.903    -8.1%    75.510    77.626     2.8%
                ('IntNRQ', None)     1.631     1.477    -9.4%     4.232     4.039    -4.6%     4.739     7.472    57.7%     4.739     7.472    57.7%   113.004   107.673    -4.7%
                ('IntSet', None)     1.798     1.655    -8.0%     6.498     6.490    -0.1%    12.959     8.574   -33.8%    12.959     8.574   -33.8%    32.680    21.369   -34.6%
   ('LowIntervalsOrdered', None)     3.845     4.225     9.9%     6.672     6.300    -5.6%     8.397    21.755   159.1%     8.397    21.755   159.1%   120.548   115.877    -3.9%
             ('LowPhrase', None)     4.874     5.162     5.9%     8.331     9.416    13.0%     9.425    13.690    45.2%     9.425    13.690    45.2%    13.125    39.801   203.2%
       ('LowSloppyPhrase', None)     4.314     3.974    -7.9%     9.980     7.612   -23.7%    12.797    10.131   -20.8%    12.797    10.131   -20.8%    15.205    19.232    26.5%
           ('LowSpanNear', None)     4.624     5.011     8.4%     9.294    12.654    36.2%    10.338    12.888    24.7%    10.338    12.888    24.7%    96.353    93.723    -2.7%
               ('LowTerm', None)     0.427     0.403    -5.5%     2.510     1.045   -58.3%     4.188     1.148   -72.6%     4.188     1.148   -72.6%    63.109    77.900    23.4%
   ('MedIntervalsOrdered', None)     2.745     2.536    -7.6%     5.545     4.588   -17.3%     9.634     4.958   -48.5%     9.634     4.958   -48.5%   119.909   116.797    -2.6%
             ('MedPhrase', None)     4.193     4.065    -3.1%     7.666     9.281    21.1%     8.385    16.410    95.7%     8.385    16.410    95.7%    28.401    17.001   -40.1%
       ('MedSloppyPhrase', None)    19.249    19.941     3.6%    30.875    29.223    -5.4%    39.522    30.953   -21.7%    39.522    30.953   -21.7%   186.573   204.057     9.4%
           ('MedSpanNear', None)     4.748     4.844     2.0%    18.440    12.097   -34.4%    23.493    18.180   -22.6%    23.493    18.180   -22.6%    35.604    27.704   -22.2%
               ('MedTerm', None)     0.645     0.667     3.4%     1.754     2.384    35.9%     2.465     5.362   117.5%     2.465     5.362   117.5%     3.034     6.478   113.5%
  ('MedTermDayTaxoFacets', None)    12.184    12.322     1.1%    16.276    29.086    78.7%    33.755    29.097   -13.8%    33.755    29.097   -13.8%    79.553   105.652    32.8%
            ('OrHighHigh', None)     2.262     1.998   -11.7%     3.438     4.057    18.0%     3.700     5.007    35.3%     3.700     5.007    35.3%    78.542    60.087   -23.5%
             ('OrHighLow', None)     0.823     0.864     5.0%     1.349     2.408    78.5%     2.698     3.131    16.0%     2.698     3.131    16.0%     2.706    10.858   301.3%
             ('OrHighMed', None)     1.017     1.050     3.3%     2.507     3.338    33.2%     3.119     3.547    13.7%     3.119     3.547    13.7%     8.347     3.940   -52.8%
('OrHighMedDayTaxoFacets', None)    27.415    25.755    -6.1%    41.495    38.724    -6.7%    45.327    83.210    83.6%    45.327    83.210    83.6%   188.893   184.271    -2.4%
         ('OrHighNotHigh', None)     1.325     1.390     4.9%     3.407     2.454   -28.0%     4.665     3.749   -19.6%     4.665     3.749   -19.6%   137.858   137.975     0.1%
          ('OrHighNotLow', None)     1.389     1.287    -7.3%     7.255     6.037   -16.8%    21.192     9.749   -54.0%    21.192     9.749   -54.0%    26.978    20.634   -23.5%
          ('OrHighNotMed', None)     1.340     1.490    11.2%     4.273     2.400   -43.8%     8.964     6.282   -29.9%     8.964     6.282   -29.9%    40.689    19.191   -52.8%
         ('OrNotHighHigh', None)     1.271     1.377     8.4%     4.411     2.733   -38.0%     5.150     4.604   -10.6%     5.150     4.604   -10.6%     8.516     4.673   -45.1%
          ('OrNotHighLow', None)     0.674     0.603   -10.6%     2.388     1.564   -34.5%     2.554     2.261   -11.5%     2.554     2.261   -11.5%    12.736    29.847   134.4%
          ('OrNotHighMed', None)     1.068     1.069     0.1%     2.627     2.617    -0.4%     4.588     6.216    35.5%     4.588     6.216    35.5%    11.202     7.973   -28.8%
                   ('PKLookup',)     4.634     4.871     5.1%    11.453     9.019   -21.3%    12.212    14.479    18.6%    12.212    14.479    18.6%    17.241    20.864    21.0%
               ('Prefix3', None)     0.891     1.087    22.0%     3.917     2.874   -26.6%     5.152     4.669    -9.4%     5.152     4.669    -9.4%    62.290    87.660    40.7%
                    ('Respell',)    15.586    16.237     4.2%    35.113    25.387   -27.7%    81.030    48.672   -39.9%    81.030    48.672   -39.9%   201.189   218.051     8.4%
('TermDateTimeSort', 'DateTime')     2.924     2.793    -4.5%    12.609     7.192   -43.0%    15.954    14.054   -11.9%    15.954    14.054   -11.9%    22.044    23.269     5.6%
              ('Wildcard', None)     5.793     5.548    -4.2%    20.084    15.192   -24.4%    21.803    19.605   -10.1%    21.803    19.605   -10.1%    28.060    29.090     3.7%
                 ('range', None)     0.191     0.181    -5.6%     1.451     0.379   -73.9%     2.933     0.489   -83.3%     2.933     0.489   -83.3%     6.404     3.492   -45.5%
                            Task    QPS armA      StdDev   QPS armA2      StdDev                Pct diff p-value
                     AndHighHigh      646.34      (6.3%)      580.82      (9.1%)  -10.1% ( -23% -    5%) 0.006
                         Respell       72.65      (6.2%)       66.17      (4.9%)   -8.9% ( -18% -    2%) 0.001
                    OrHighNotLow      819.54      (6.7%)      767.68      (8.4%)   -6.3% ( -20% -    9%) 0.076
       BrowseDayOfYearSSDVFacets       16.69     (13.6%)       15.69     (11.0%)   -6.0% ( -26% -   21%) 0.300
                        PKLookup      230.17      (7.0%)      218.93      (8.5%)   -4.9% ( -19% -   11%) 0.185
                    OrHighNotMed      702.88      (6.2%)      673.12      (8.2%)   -4.2% ( -17% -   10%) 0.215
                         MedTerm     1612.04      (4.0%)     1546.62      (8.1%)   -4.1% ( -15% -    8%) 0.180
                      OrHighHigh      577.31      (4.6%)      556.56     (10.6%)   -3.6% ( -17% -   12%) 0.349
                       LowPhrase      199.15      (3.8%)      192.15      (6.5%)   -3.5% ( -13% -    7%) 0.163
                       ConstMSM2     1345.31      (3.7%)     1300.09      (3.4%)   -3.4% ( -10% -    3%) 0.044
                        HighTerm     1198.30      (5.4%)     1159.34     (13.2%)   -3.3% ( -20% -   16%) 0.494
           HighTermDayOfYearSort      502.75      (8.2%)      486.64      (8.0%)   -3.2% ( -17% -   14%) 0.401
           BrowseMonthSSDVFacets       17.30     (13.0%)       16.77     (15.4%)   -3.0% ( -27% -   29%) 0.650
                   OrHighNotHigh      843.20      (6.8%)      817.75      (7.8%)   -3.0% ( -16% -   12%) 0.383
                       MedPhrase      237.57      (9.5%)      230.95      (7.5%)   -2.8% ( -18% -   15%) 0.489
                     MedSpanNear      210.82      (1.9%)      205.08      (4.2%)   -2.7% (  -8% -    3%) 0.076
                          Fuzzy2       76.83      (5.5%)       74.87      (4.1%)   -2.5% ( -11% -    7%) 0.269
                    HighSpanNear       69.93      (3.5%)       68.18      (3.0%)   -2.5% (  -8% -    4%) 0.109
                   OrNotHighHigh      828.74      (4.6%)      809.20      (7.7%)   -2.4% ( -13% -   10%) 0.430
                        BM25MSM2       56.74      (7.4%)       55.56      (9.0%)   -2.1% ( -17% -   15%) 0.590
                          IntSet      680.86      (8.9%)      666.95      (5.4%)   -2.0% ( -15% -   13%) 0.558
        AndHighHighDayTaxoFacets       34.76      (5.2%)       34.10      (5.2%)   -1.9% ( -11% -    8%) 0.438
                 LowSloppyPhrase      257.96      (6.6%)      253.36      (9.6%)   -1.8% ( -16% -   15%) 0.647
                          Fuzzy1      108.31      (5.5%)      106.50      (5.0%)   -1.7% ( -11% -    9%) 0.501
     BrowseRandomLabelSSDVFacets       10.89      (4.3%)       10.72      (6.4%)   -1.6% ( -11% -    9%) 0.522
                  AndMissingHigh     3574.00      (8.8%)     3517.38      (5.0%)   -1.6% ( -14% -   13%) 0.638
                    OrNotHighLow     1647.53      (5.5%)     1623.62      (6.6%)   -1.5% ( -12% -   11%) 0.612
                      AndHighMed      975.00      (8.6%)      961.74      (8.6%)   -1.4% ( -17% -   17%) 0.738
                HighSloppyPhrase      104.29      (6.7%)      102.88      (7.5%)   -1.4% ( -14% -   13%) 0.687
                         LowTerm     2493.60      (3.6%)     2464.14      (5.4%)   -1.2% (  -9% -    8%) 0.586
                    OrNotHighMed      982.98      (3.8%)      971.38     (10.9%)   -1.2% ( -15% -   14%) 0.759
             LowIntervalsOrdered      254.22      (8.9%)      251.60      (8.0%)   -1.0% ( -16% -   17%) 0.796
                         Prefix3     1171.67      (7.8%)     1159.61      (9.3%)   -1.0% ( -16% -   17%) 0.799
                      TermDTSort      369.26      (6.4%)      365.56      (7.4%)   -1.0% ( -13% -   13%) 0.759
                       OrHighLow     1243.05      (5.3%)     1232.73      (5.9%)   -0.8% ( -11% -   10%) 0.754
                           range     6227.12      (7.6%)     6180.25      (9.7%)   -0.8% ( -16% -   18%) 0.855
            HighTermTitleBDVSort       73.71      (2.3%)       73.17      (4.2%)   -0.7% (  -7% -    5%) 0.648
                          IntNRQ      667.90      (4.7%)      663.62      (9.3%)   -0.6% ( -14% -   14%) 0.854
                      HighPhrase       99.17      (2.0%)       98.81      (1.9%)   -0.4% (  -4% -    3%) 0.689
         AndHighMedDayTaxoFacets      181.47      (3.1%)      181.19      (3.4%)   -0.2% (  -6% -    6%) 0.919
          OrHighMedDayTaxoFacets       38.21      (6.6%)       38.17      (7.3%)   -0.1% ( -13% -   14%) 0.974
                 MedSloppyPhrase       49.20      (3.5%)       49.15      (2.7%)   -0.1% (  -6% -    6%) 0.948
                     LowSpanNear      221.73      (7.2%)      222.11      (8.3%)    0.2% ( -14% -   16%) 0.963
            HighIntervalsOrdered       74.12     (11.5%)       74.38     (11.0%)    0.3% ( -19% -   25%) 0.949
                      AndHighLow     1957.55      (7.1%)     1969.80      (5.1%)    0.6% ( -10% -   13%) 0.830
                        Wildcard      180.97      (3.3%)      182.46      (2.5%)    0.8% (  -4% -    6%) 0.554
                       OrHighMed     1059.42      (9.5%)     1070.39      (6.2%)    1.0% ( -13% -   18%) 0.784
             MedIntervalsOrdered      363.50     (10.7%)      368.62      (7.7%)    1.4% ( -15% -   22%) 0.748
               HighTermTitleSort      115.89      (7.8%)      117.86     (10.0%)    1.7% ( -14% -   21%) 0.687
            MedTermDayTaxoFacets       91.81      (7.4%)       93.75      (8.2%)    2.1% ( -12% -   19%) 0.565
            BrowseDateSSDVFacets        2.83      (7.1%)        2.91      (6.9%)    2.6% ( -10% -   17%) 0.432
               HighTermMonthSort     1532.57      (6.6%)     1602.40      (4.7%)    4.6% (  -6% -   17%) 0.093
           BrowseMonthTaxoFacets       33.37     (35.7%)       36.00     (28.4%)    7.9% ( -41% -  111%) 0.603
     BrowseRandomLabelTaxoFacets       12.58      (4.8%)       14.30     (44.3%)   13.6% ( -33% -   65%) 0.358
            BrowseDateTaxoFacets       14.82      (5.5%)       17.59     (54.4%)   18.7% ( -39% -   83%) 0.305
       BrowseDayOfYearTaxoFacets       15.68      (3.8%)       18.63     (56.8%)   18.8% ( -40% -   82%) 0.321
  iter 9
    armA:
      NOTE: using experimental CPU time profiler (see https://mostlynerdless.de/blog/2025/06/11/java-25s-new-cpu-time-profiler-1)
      log: /home/goankur/vsearch/logs/FAA.armA.9 + stdout
      run: /usr/bin/perf stat -dd -e task-clock,cycles,instructions,cache-references,cache-misses,L1-dcache-loads,L1-dcache-load-misses,L1-icache-loads,L1-icache-load-misses,LLC-loads,LLC-load-misses,LLC-stores,LLC-store-misses,LLC-prefetches,LLC-prefetch-misses,faults,minor-faults,major-faults,branches,branch-misses,stalled-cycles-frontend,stalled-cycles-backend /home/goankur/jdk/corretto-25/bin/java -server -Xms2g -Xmx2g --add-modules jdk.incubator.vector -XX:+HeapDumpOnOutOfMemoryError -XX:+UseParallelGC -XX:StartFlightRecording=jdk.CPUTimeSample#enabled=true,dumponexit=true,maxsize=250M,settings=/home/goankur/vsearch/util/src/python/profiling.jfc,filename=/home/goankur/vsearch/logs/bench-search-FAA-armA-9.jfr -XX:+UnlockDiagnosticVMOptions -XX:+DebugNonSafepoints -classpath /home/goankur/vsearch/bo/lucene-A/lucene/core/build/libs/lucene-core-11.0.0-SNAPSHOT.jar:/home/goankur/vsearch/bo/lucene-A/lucene/sandbox/build/classes/java/main:/home/goankur/vsearch/bo/lucene-A/lucene/misc/build/classes/java/main:/home/goankur/vsearch/bo/lucene-A/lucene/facet/build/classes/java/main:/home/goankur/vsearch/bo/lucene-A/lucene/analysis/common/build/classes/java/main:/home/goankur/vsearch/bo/lucene-A/lucene/analysis/icu/build/classes/java/main:/home/goankur/vsearch/bo/lucene-A/lucene/queryparser/build/classes/java/main:/home/goankur/vsearch/bo/lucene-A/lucene/grouping/build/classes/java/main:/home/goankur/vsearch/bo/lucene-A/lucene/suggest/build/classes/java/main:/home/goankur/vsearch/bo/lucene-A/lucene/highlighter/build/classes/java/main:/home/goankur/vsearch/bo/lucene-A/lucene/codecs/build/classes/java/main:/home/goankur/vsearch/bo/lucene-A/lucene/queries/build/classes/java/main:/home/goankur/vsearch/bo/lucene-A/lucene/join/build/classes/java/main:/home/goankur/vsearch/bo/lucene-A/lucene/spatial3d/build/classes/java/main:/home/goankur/vsearch/util/lib/HdrHistogram.jar:/home/goankur/vsearch/util/src/main/build/classes/java/main:/home/goankur/vsearch/util/build perf.SearchPerfTest -dirImpl MMapDirectory -indexPath /home/goankur/vsearch/indices/wikimedium10m.lucene-A.facets.taxonomy:Date.taxonomy:Month.taxonomy:DayOfYear.sortedset:Date.sortedset:Month.sortedset:DayOfYear.taxonomy:RandomLabel.sortedset:RandomLabel.Lucene90.Lucene104.dvfields.nd10M -facets taxonomy:Date;Date -facets taxonomy:Month;Month -facets taxonomy:DayOfYear;DayOfYear -facets sortedset:Date;Date -facets sortedset:Month;Month -facets sortedset:DayOfYear;DayOfYear -facets taxonomy:RandomLabel;RandomLabel -facets sortedset:RandomLabel;RandomLabel -analyzer StandardAnalyzer -taskSource /home/goankur/vsearch/util/tasks/wikimedium.10M.nostopwords.tasks -numConcurrentQueries 5 -taskRepeatCount 20 -field body -tasksPerCat 1 -searchConcurrency -1 -staticSeed 648875 -seed -9708469 -similarity BM25Similarity -commit multi -hiliteImpl FastVectorHighlighter -log /home/goankur/vsearch/logs/FAA.armA.9 -topN 100 -context  -pk -pollute
      9.4 s
      236.5 actual sustained QPS; -1.0 CPU cores used
    armA2:
      NOTE: using experimental CPU time profiler (see https://mostlynerdless.de/blog/2025/06/11/java-25s-new-cpu-time-profiler-1)
      log: /home/goankur/vsearch/logs/FAA.armA2.9 + stdout
      run: /usr/bin/perf stat -dd -e task-clock,cycles,instructions,cache-references,cache-misses,L1-dcache-loads,L1-dcache-load-misses,L1-icache-loads,L1-icache-load-misses,LLC-loads,LLC-load-misses,LLC-stores,LLC-store-misses,LLC-prefetches,LLC-prefetch-misses,faults,minor-faults,major-faults,branches,branch-misses,stalled-cycles-frontend,stalled-cycles-backend /home/goankur/jdk/corretto-25/bin/java -server -Xms2g -Xmx2g --add-modules jdk.incubator.vector -XX:+HeapDumpOnOutOfMemoryError -XX:+UseParallelGC -XX:StartFlightRecording=jdk.CPUTimeSample#enabled=true,dumponexit=true,maxsize=250M,settings=/home/goankur/vsearch/util/src/python/profiling.jfc,filename=/home/goankur/vsearch/logs/bench-search-FAA-armA2-9.jfr -XX:+UnlockDiagnosticVMOptions -XX:+DebugNonSafepoints -classpath /home/goankur/vsearch/bo/lucene-A/lucene/core/build/libs/lucene-core-11.0.0-SNAPSHOT.jar:/home/goankur/vsearch/bo/lucene-A/lucene/sandbox/build/classes/java/main:/home/goankur/vsearch/bo/lucene-A/lucene/misc/build/classes/java/main:/home/goankur/vsearch/bo/lucene-A/lucene/facet/build/classes/java/main:/home/goankur/vsearch/bo/lucene-A/lucene/analysis/common/build/classes/java/main:/home/goankur/vsearch/bo/lucene-A/lucene/analysis/icu/build/classes/java/main:/home/goankur/vsearch/bo/lucene-A/lucene/queryparser/build/classes/java/main:/home/goankur/vsearch/bo/lucene-A/lucene/grouping/build/classes/java/main:/home/goankur/vsearch/bo/lucene-A/lucene/suggest/build/classes/java/main:/home/goankur/vsearch/bo/lucene-A/lucene/highlighter/build/classes/java/main:/home/goankur/vsearch/bo/lucene-A/lucene/codecs/build/classes/java/main:/home/goankur/vsearch/bo/lucene-A/lucene/queries/build/classes/java/main:/home/goankur/vsearch/bo/lucene-A/lucene/join/build/classes/java/main:/home/goankur/vsearch/bo/lucene-A/lucene/spatial3d/build/classes/java/main:/home/goankur/vsearch/util/lib/HdrHistogram.jar:/home/goankur/vsearch/util/src/main/build/classes/java/main:/home/goankur/vsearch/util/build perf.SearchPerfTest -dirImpl MMapDirectory -indexPath /home/goankur/vsearch/indices/wikimedium10m.lucene-A.facets.taxonomy:Date.taxonomy:Month.taxonomy:DayOfYear.sortedset:Date.sortedset:Month.sortedset:DayOfYear.taxonomy:RandomLabel.sortedset:RandomLabel.Lucene90.Lucene104.dvfields.nd10M -facets taxonomy:Date;Date -facets taxonomy:Month;Month -facets taxonomy:DayOfYear;DayOfYear -facets sortedset:Date;Date -facets sortedset:Month;Month -facets sortedset:DayOfYear;DayOfYear -facets taxonomy:RandomLabel;RandomLabel -facets sortedset:RandomLabel;RandomLabel -analyzer StandardAnalyzer -taskSource /home/goankur/vsearch/util/tasks/wikimedium.10M.nostopwords.tasks -numConcurrentQueries 5 -taskRepeatCount 20 -field body -tasksPerCat 1 -searchConcurrency -1 -staticSeed 648875 -seed -9708469 -similarity BM25Similarity -commit multi -hiliteImpl FastVectorHighlighter -log /home/goankur/vsearch/logs/FAA.armA2.9 -topN 100 -context  -pk -pollute
      9.2 s
      242.2 actual sustained QPS; -1.0 CPU cores used

Report after iter 9:
QPSChart.supported == False
                            Task     P50 B     P50 C     Diff     P90 B     P90 C     Diff     P99 B     P99 C     Diff    P999 B    P999 C     Diff    P100 B    P100 C     Diff
           ('AndHighHigh', None)     1.559     1.544    -0.9%     5.453     7.490    37.3%     6.801    10.349    52.2%     6.801    10.349    52.2%    14.571    13.423    -7.9%
('AndHighHighDayTaxoFacets', None)    30.407    27.612    -9.2%    47.636    41.599   -12.7%    65.189    58.023   -11.0%    65.189    58.023   -11.0%    69.953    97.763    39.8%
            ('AndHighLow', None)     0.555     0.586     5.7%     1.578     1.538    -2.6%     4.159     2.557   -38.5%     4.159     2.557   -38.5%     6.614     5.798   -12.3%
            ('AndHighMed', None)     1.015     1.023     0.8%     3.406     3.255    -4.4%     3.505     3.421    -2.4%     3.505     3.421    -2.4%   109.841   126.018    14.7%
('AndHighMedDayTaxoFacets', None)     6.601     6.411    -2.9%    11.400     8.804   -22.8%    20.563    26.368    28.2%    20.563    26.368    28.2%   272.529   235.470   -13.6%
     ('AndMissingHigh', 'Title')     0.288     0.317     9.7%     0.902     1.030    14.2%     0.995     1.965    97.5%     0.995     1.965    97.5%     1.189     4.979   318.7%
              ('BM25MSM2', None)    16.573    16.858     1.7%    38.189    27.754   -27.3%    40.329    84.978   110.7%    40.329    84.978   110.7%   188.664   186.121    -1.3%
  ('BrowseDateSSDVFacets', None)   336.997   334.272    -0.8%   366.609   384.083     4.8%   391.936   516.775    31.9%   391.936   516.775    31.9%   554.926   579.009     4.3%
  ('BrowseDateTaxoFacets', None)    73.544    71.550    -2.7%    86.537    83.538    -3.5%    88.490    90.213     1.9%    88.490    90.213     1.9%    89.246    99.192    11.1%
('BrowseDayOfYearSSDVFacets', None)    66.821    71.730     7.3%    88.896    84.192    -5.3%    91.765    84.734    -7.7%    91.765    84.734    -7.7%   152.754   185.161    21.2%
('BrowseDayOfYearTaxoFacets', None)    65.784    68.711     4.4%    80.437    89.150    10.8%    96.982   102.488     5.7%    96.982   102.488     5.7%   222.367   245.379    10.3%
 ('BrowseMonthSSDVFacets', None)    76.944    67.807   -11.9%    90.728    78.009   -14.0%    92.881    86.454    -6.9%    92.881    86.454    -6.9%   187.012   135.973   -27.3%
 ('BrowseMonthTaxoFacets', None)    26.336    26.995     2.5%    78.314    73.774    -5.8%    78.778    76.062    -3.4%    78.778    76.062    -3.4%   268.227   229.561   -14.4%
('BrowseRandomLabelSSDVFacets', None)    98.624   103.349     4.8%   122.819   122.668    -0.1%   135.913   124.487    -8.4%   135.913   124.487    -8.4%   154.577   187.167    21.1%
('BrowseRandomLabelTaxoFacets', None)    91.642    90.257    -1.5%   114.293   112.412    -1.6%   123.503   140.347    13.6%   123.503   140.347    13.6%   188.510   142.247   -24.5%
             ('ConstMSM2', None)     0.897     0.836    -6.9%     2.037     3.424    68.1%     2.387     3.957    65.8%     2.387     3.957    65.8%     7.476    19.085   155.3%
                ('Fuzzy1', None)     9.616     9.795     1.9%    34.846    23.148   -33.6%    38.646    26.262   -32.0%    38.646    26.262   -32.0%   250.865   206.296   -17.8%
                ('Fuzzy2', None)    14.491    12.893   -11.0%    29.430    29.805     1.3%    52.878    43.536   -17.7%    52.878    43.536   -17.7%   111.686    87.202   -21.9%
  ('HighIntervalsOrdered', None)    12.735    12.995     2.0%    20.925    29.292    40.0%    30.039    32.543     8.3%    30.039    32.543     8.3%    88.747    75.308   -15.1%
            ('HighPhrase', None)    10.319    10.232    -0.8%    18.765    21.748    15.9%    21.185    21.781     2.8%    21.185    21.781     2.8%    89.442    48.675   -45.6%
      ('HighSloppyPhrase', None)     8.429    10.219    21.2%    14.082    15.390     9.3%    19.516    19.914     2.0%    19.516    19.914     2.0%   124.606    72.294   -42.0%
          ('HighSpanNear', None)    14.421    14.596     1.2%    25.253    22.396   -11.3%    28.656    29.149     1.7%    28.656    29.149     1.7%    60.023    32.010   -46.7%
              ('HighTerm', None)     0.787     0.800     1.6%     2.016     2.603    29.1%     2.125     8.876   317.7%     2.125     8.876   317.7%     3.789    15.582   311.2%
('HighTermDayOfYearSort', 'DayOfYear')     2.660     1.996   -25.0%     8.344     5.501   -34.1%    12.553     9.870   -21.4%    12.553     9.870   -21.4%    34.568    30.753   -11.0%
  ('HighTermMonthSort', 'Month')     0.687     0.793    15.6%     1.651     2.555    54.7%     1.935     2.631    36.0%     1.935     2.631    36.0%    28.473     8.103   -71.5%
('HighTermTitleBDVSort', 'TitleBinary')    14.475    12.877   -11.0%    26.848    21.693   -19.2%    29.138    41.310    41.8%    29.138    41.310    41.8%    90.041    84.892    -5.7%
  ('HighTermTitleSort', 'Title')     7.979     7.610    -4.6%    20.084    21.107     5.1%    68.524    36.837   -46.2%    68.524    36.837   -46.2%    76.562    80.521     5.2%
                ('IntNRQ', None)     1.891     1.505   -20.4%    10.452    12.092    15.7%    11.847    18.935    59.8%    11.847    18.935    59.8%   168.531   138.294   -17.9%
                ('IntSet', None)     1.420     1.488     4.8%     7.091     7.628     7.6%     8.106     9.425    16.3%     8.106     9.425    16.3%    46.309    57.401    24.0%
   ('LowIntervalsOrdered', None)     3.871     4.249     9.8%     5.095    12.926   153.7%    14.521    13.151    -9.4%    14.521    13.151    -9.4%   177.867    88.414   -50.3%
             ('LowPhrase', None)     5.304     5.246    -1.1%     8.279     7.986    -3.5%    10.335    13.821    33.7%    10.335    13.821    33.7%    31.346    28.629    -8.7%
       ('LowSloppyPhrase', None)     3.946     5.482    38.9%     7.894     9.740    23.4%     9.852    21.784   121.1%     9.852    21.784   121.1%    10.038    29.235   191.2%
           ('LowSpanNear', None)     4.929     4.736    -3.9%     9.567     9.526    -0.4%    40.239    24.007   -40.3%    40.239    24.007   -40.3%    44.012    55.029    25.0%
               ('LowTerm', None)     0.410     0.472    15.0%     0.882     0.889     0.7%     0.954     1.398    46.5%     0.954     1.398    46.5%     8.184     2.351   -71.3%
   ('MedIntervalsOrdered', None)     2.590     2.542    -1.9%     5.510     5.243    -4.9%     9.843     6.524   -33.7%     9.843     6.524   -33.7%    26.385    21.094   -20.1%
             ('MedPhrase', None)     4.047     3.973    -1.8%     7.519     7.575     0.7%     8.284    10.158    22.6%     8.284    10.158    22.6%    78.990    66.552   -15.7%
       ('MedSloppyPhrase', None)    20.197    20.032    -0.8%    31.918    31.853    -0.2%    34.636    32.151    -7.2%    34.636    32.151    -7.2%    46.599    82.607    77.3%
           ('MedSpanNear', None)     4.863     4.919     1.1%    22.145     9.271   -58.1%    29.191    42.676    46.2%    29.191    42.676    46.2%    88.270   122.708    39.0%
               ('MedTerm', None)     0.701     0.662    -5.6%     2.680     2.256   -15.8%     7.759     2.791   -64.0%     7.759     2.791   -64.0%     9.322     8.449    -9.4%
  ('MedTermDayTaxoFacets', None)    11.403    11.661     2.3%    15.778    15.727    -0.3%    16.529    29.557    78.8%    16.529    29.557    78.8%    56.919    48.627   -14.6%
            ('OrHighHigh', None)     1.795     1.676    -6.6%     4.034     4.141     2.6%     6.315     6.405     1.4%     6.315     6.405     1.4%   176.453   175.953    -0.3%
             ('OrHighLow', None)     0.838     0.896     6.9%     2.082     1.358   -34.8%     2.189     5.506   151.5%     2.189     5.506   151.5%     2.857    11.740   310.9%
             ('OrHighMed', None)     1.222     1.006   -17.7%     2.915     1.428   -51.0%     4.485     4.952    10.4%     4.485     4.952    10.4%     4.955     9.835    98.5%
('OrHighMedDayTaxoFacets', None)    26.883    32.199    19.8%    42.563    87.210   104.9%   116.780   106.366    -8.9%   116.780   106.366    -8.9%   195.248   123.594   -36.7%
         ('OrHighNotHigh', None)     1.184     1.095    -7.5%     3.821     8.578   124.5%    17.419    17.361    -0.3%    17.419    17.361    -0.3%    18.017    26.365    46.3%
          ('OrHighNotLow', None)     1.381     1.294    -6.3%     2.609     3.093    18.6%     3.302    23.576   614.0%     3.302    23.576   614.0%    16.630    27.386    64.7%
          ('OrHighNotMed', None)     1.530     1.412    -7.7%     5.282     3.636   -31.1%    18.950     7.455   -60.7%    18.950     7.455   -60.7%    40.691    42.609     4.7%
         ('OrNotHighHigh', None)     1.245     1.247     0.2%     4.650     3.206   -31.0%     5.150     8.731    69.5%     5.150     8.731    69.5%   143.016   112.563   -21.3%
          ('OrNotHighLow', None)     0.672     0.645    -4.1%     1.859     2.077    11.7%     2.876     2.796    -2.8%     2.876     2.796    -2.8%     3.381     5.081    50.3%
          ('OrNotHighMed', None)     1.063     1.008    -5.1%     3.163     2.029   -35.9%     4.355    23.240   433.7%     4.355    23.240   433.7%   143.592   101.618   -29.2%
                   ('PKLookup',)     3.980     4.774    19.9%     6.559     9.666    47.4%     7.513    10.488    39.6%     7.513    10.488    39.6%    30.100    30.821     2.4%
               ('Prefix3', None)     0.952     1.152    20.9%     2.666     4.338    62.7%     3.241     6.539   101.8%     3.241     6.539   101.8%    39.928    29.839   -25.3%
                    ('Respell',)    15.118    13.144   -13.1%    20.875    24.381    16.8%    33.529    42.289    26.1%    33.529    42.289    26.1%    99.783    61.766   -38.1%
('TermDateTimeSort', 'DateTime')     2.432     2.694    10.8%     4.064     7.124    75.3%     9.887    19.178    94.0%     9.887    19.178    94.0%    80.050    67.751   -15.4%
              ('Wildcard', None)     5.704     5.547    -2.7%    12.053    12.434     3.2%    26.578    30.174    13.5%    26.578    30.174    13.5%    41.907    33.397   -20.3%
                 ('range', None)     0.201     0.169   -16.0%     0.373     0.330   -11.5%     0.639     2.359   269.2%     0.639     2.359   269.2%     0.799     3.977   397.6%
                            Task    QPS armA      StdDev   QPS armA2      StdDev                Pct diff p-value
                     AndHighHigh      647.58      (5.9%)      588.60      (9.3%)   -9.1% ( -23% -    6%) 0.009
                         Respell       72.22      (6.1%)       67.36      (7.0%)   -6.7% ( -18% -    6%) 0.022
       BrowseDayOfYearSSDVFacets       16.59     (13.0%)       15.56     (10.7%)   -6.2% ( -26% -   20%) 0.247
                    OrHighNotLow      818.70      (6.3%)      772.68      (8.2%)   -5.6% ( -18% -    9%) 0.084
                        PKLookup      232.76      (7.4%)      219.74      (8.0%)   -5.6% ( -19% -   10%) 0.106
                HighSloppyPhrase      106.05      (8.2%)      102.56      (7.0%)   -3.3% ( -17% -   12%) 0.335
                    OrHighNotMed      701.62      (5.8%)      679.72      (8.3%)   -3.1% ( -16% -   11%) 0.330
                       LowPhrase      198.26      (3.9%)      192.20      (6.2%)   -3.1% ( -12% -    7%) 0.185
                        HighTerm     1207.09      (5.6%)     1170.44     (12.7%)   -3.0% ( -20% -   16%) 0.488
                 LowSloppyPhrase      258.20      (6.2%)      250.62      (9.7%)   -2.9% ( -17% -   13%) 0.419
                         MedTerm     1612.25      (3.8%)     1564.94      (8.5%)   -2.9% ( -14% -    9%) 0.317
                         Prefix3     1180.66      (7.7%)     1147.90      (9.3%)   -2.8% ( -18% -   15%) 0.466
                      OrHighHigh      577.23      (4.3%)      561.39     (10.3%)   -2.7% ( -16% -   12%) 0.437
                          IntSet      687.57      (8.9%)      669.38      (5.2%)   -2.6% ( -15% -   12%) 0.416
                     MedSpanNear      210.73      (1.8%)      205.30      (4.0%)   -2.6% (  -8% -    3%) 0.061
                       ConstMSM2     1329.87      (5.1%)     1297.23      (3.3%)   -2.5% ( -10% -    6%) 0.200
                          Fuzzy1      108.99      (5.5%)      106.47      (4.7%)   -2.3% ( -11% -    8%) 0.313
                       MedPhrase      238.78      (9.0%)      233.36      (7.7%)   -2.3% ( -17% -   15%) 0.546
                    HighSpanNear       69.94      (3.3%)       68.50      (3.2%)   -2.1% (  -8% -    4%) 0.159
                      TermDTSort      373.96      (7.2%)      366.57      (7.0%)   -2.0% ( -15% -   13%) 0.532
           BrowseMonthSSDVFacets       16.95     (14.1%)       16.62     (15.1%)   -2.0% ( -27% -   31%) 0.762
     BrowseRandomLabelSSDVFacets       10.84      (4.4%)       10.63      (6.6%)   -1.9% ( -12% -    9%) 0.441
                        BM25MSM2       57.12      (7.2%)       56.03      (8.8%)   -1.9% ( -16% -   15%) 0.599
                   OrHighNotHigh      844.55      (6.5%)      829.31      (8.5%)   -1.8% ( -15% -   14%) 0.594
                   OrNotHighHigh      829.51      (4.3%)      814.69      (7.5%)   -1.8% ( -13% -   10%) 0.516
             LowIntervalsOrdered      254.94      (8.4%)      251.32      (7.5%)   -1.4% ( -16% -   15%) 0.691
                    OrNotHighLow     1646.80      (5.2%)     1623.39      (6.2%)   -1.4% ( -12% -   10%) 0.579
        AndHighHighDayTaxoFacets       34.83      (4.9%)       34.36      (5.5%)   -1.3% ( -11% -    9%) 0.567
           HighTermDayOfYearSort      497.25      (8.5%)      490.68      (8.1%)   -1.3% ( -16% -   16%) 0.722
          OrHighMedDayTaxoFacets       38.23      (6.2%)       37.73      (7.8%)   -1.3% ( -14% -   13%) 0.681
                      AndHighMed      982.30      (8.4%)      969.65      (8.4%)   -1.3% ( -16% -   17%) 0.733
                       OrHighLow     1244.15      (5.0%)     1229.89      (5.6%)   -1.1% ( -11% -    9%) 0.629
                  AndMissingHigh     3584.58      (8.3%)     3544.46      (5.2%)   -1.1% ( -13% -   13%) 0.719
                         LowTerm     2501.43      (3.5%)     2481.22      (5.5%)   -0.8% (  -9% -    8%) 0.697
                    OrNotHighMed      984.84      (3.6%)      978.76     (10.5%)   -0.6% ( -14% -   14%) 0.861
                          Fuzzy2       76.21      (5.8%)       75.76      (5.4%)   -0.6% ( -11% -   11%) 0.813
                      HighPhrase       99.25      (1.9%)       98.80      (1.8%)   -0.5% (  -4% -    3%) 0.582
         AndHighMedDayTaxoFacets      180.85      (3.1%)      180.25      (3.6%)   -0.3% (  -6% -    6%) 0.826
                      AndHighLow     1957.72      (6.7%)     1953.27      (5.5%)   -0.2% ( -11% -   12%) 0.934
                          IntNRQ      666.56      (4.5%)      665.72      (8.9%)   -0.1% ( -12% -   13%) 0.968
                 MedSloppyPhrase       49.33      (3.4%)       49.29      (2.7%)   -0.1% (  -5% -    6%) 0.951
            HighIntervalsOrdered       74.77     (11.1%)       74.83     (10.4%)    0.1% ( -19% -   24%) 0.985
                     LowSpanNear      221.36      (6.8%)      221.98      (7.8%)    0.3% ( -13% -   16%) 0.932
            HighTermTitleBDVSort       73.42      (2.5%)       73.73      (4.6%)    0.4% (  -6% -    7%) 0.794
                        Wildcard      180.54      (3.3%)      182.56      (2.4%)    1.1% (  -4% -    6%) 0.379
            MedTermDayTaxoFacets       92.00      (7.0%)       93.14      (8.0%)    1.2% ( -12% -   17%) 0.711
                           range     6121.92      (9.1%)     6201.89      (9.4%)    1.3% ( -15% -   21%) 0.753
             MedIntervalsOrdered      367.14     (10.5%)      373.62      (8.4%)    1.8% ( -15% -   22%) 0.676
                       OrHighMed     1044.32     (10.2%)     1065.85      (6.1%)    2.1% ( -12% -   20%) 0.582
               HighTermTitleSort      116.99      (7.8%)      119.79     (10.7%)    2.4% ( -14% -   22%) 0.569
            BrowseDateSSDVFacets        2.85      (6.9%)        2.92      (6.6%)    2.4% ( -10% -   17%) 0.430
               HighTermMonthSort     1529.87      (6.3%)     1577.40      (6.8%)    3.1% (  -9% -   17%) 0.289
           BrowseMonthTaxoFacets       33.91     (33.5%)       36.37     (26.5%)    7.3% ( -39% -  101%) 0.591
     BrowseRandomLabelTaxoFacets       12.44      (5.9%)       14.01     (42.9%)   12.6% ( -34% -   65%) 0.357
       BrowseDayOfYearTaxoFacets       15.63      (3.7%)       18.26     (54.2%)   16.8% ( -39% -   77%) 0.328
            BrowseDateTaxoFacets       14.72      (5.7%)       17.25     (52.1%)   17.2% ( -38% -   79%) 0.299
  iter 10
    armA2:
      NOTE: using experimental CPU time profiler (see https://mostlynerdless.de/blog/2025/06/11/java-25s-new-cpu-time-profiler-1)
      log: /home/goankur/vsearch/logs/FAA.armA2.10 + stdout
      run: /usr/bin/perf stat -dd -e task-clock,cycles,instructions,cache-references,cache-misses,L1-dcache-loads,L1-dcache-load-misses,L1-icache-loads,L1-icache-load-misses,LLC-loads,LLC-load-misses,LLC-stores,LLC-store-misses,LLC-prefetches,LLC-prefetch-misses,faults,minor-faults,major-faults,branches,branch-misses,stalled-cycles-frontend,stalled-cycles-backend /home/goankur/jdk/corretto-25/bin/java -server -Xms2g -Xmx2g --add-modules jdk.incubator.vector -XX:+HeapDumpOnOutOfMemoryError -XX:+UseParallelGC -XX:StartFlightRecording=jdk.CPUTimeSample#enabled=true,dumponexit=true,maxsize=250M,settings=/home/goankur/vsearch/util/src/python/profiling.jfc,filename=/home/goankur/vsearch/logs/bench-search-FAA-armA2-10.jfr -XX:+UnlockDiagnosticVMOptions -XX:+DebugNonSafepoints -classpath /home/goankur/vsearch/bo/lucene-A/lucene/core/build/libs/lucene-core-11.0.0-SNAPSHOT.jar:/home/goankur/vsearch/bo/lucene-A/lucene/sandbox/build/classes/java/main:/home/goankur/vsearch/bo/lucene-A/lucene/misc/build/classes/java/main:/home/goankur/vsearch/bo/lucene-A/lucene/facet/build/classes/java/main:/home/goankur/vsearch/bo/lucene-A/lucene/analysis/common/build/classes/java/main:/home/goankur/vsearch/bo/lucene-A/lucene/analysis/icu/build/classes/java/main:/home/goankur/vsearch/bo/lucene-A/lucene/queryparser/build/classes/java/main:/home/goankur/vsearch/bo/lucene-A/lucene/grouping/build/classes/java/main:/home/goankur/vsearch/bo/lucene-A/lucene/suggest/build/classes/java/main:/home/goankur/vsearch/bo/lucene-A/lucene/highlighter/build/classes/java/main:/home/goankur/vsearch/bo/lucene-A/lucene/codecs/build/classes/java/main:/home/goankur/vsearch/bo/lucene-A/lucene/queries/build/classes/java/main:/home/goankur/vsearch/bo/lucene-A/lucene/join/build/classes/java/main:/home/goankur/vsearch/bo/lucene-A/lucene/spatial3d/build/classes/java/main:/home/goankur/vsearch/util/lib/HdrHistogram.jar:/home/goankur/vsearch/util/src/main/build/classes/java/main:/home/goankur/vsearch/util/build perf.SearchPerfTest -dirImpl MMapDirectory -indexPath /home/goankur/vsearch/indices/wikimedium10m.lucene-A.facets.taxonomy:Date.taxonomy:Month.taxonomy:DayOfYear.sortedset:Date.sortedset:Month.sortedset:DayOfYear.taxonomy:RandomLabel.sortedset:RandomLabel.Lucene90.Lucene104.dvfields.nd10M -facets taxonomy:Date;Date -facets taxonomy:Month;Month -facets taxonomy:DayOfYear;DayOfYear -facets sortedset:Date;Date -facets sortedset:Month;Month -facets sortedset:DayOfYear;DayOfYear -facets taxonomy:RandomLabel;RandomLabel -facets sortedset:RandomLabel;RandomLabel -analyzer StandardAnalyzer -taskSource /home/goankur/vsearch/util/tasks/wikimedium.10M.nostopwords.tasks -numConcurrentQueries 5 -taskRepeatCount 20 -field body -tasksPerCat 1 -searchConcurrency -1 -staticSeed 648875 -seed -5773037 -similarity BM25Similarity -commit multi -hiliteImpl FastVectorHighlighter -log /home/goankur/vsearch/logs/FAA.armA2.10 -topN 100 -context  -pk -pollute
      9.5 s
      241.7 actual sustained QPS; -1.0 CPU cores used
    armA:
      NOTE: using experimental CPU time profiler (see https://mostlynerdless.de/blog/2025/06/11/java-25s-new-cpu-time-profiler-1)
      log: /home/goankur/vsearch/logs/FAA.armA.10 + stdout
      run: /usr/bin/perf stat -dd -e task-clock,cycles,instructions,cache-references,cache-misses,L1-dcache-loads,L1-dcache-load-misses,L1-icache-loads,L1-icache-load-misses,LLC-loads,LLC-load-misses,LLC-stores,LLC-store-misses,LLC-prefetches,LLC-prefetch-misses,faults,minor-faults,major-faults,branches,branch-misses,stalled-cycles-frontend,stalled-cycles-backend /home/goankur/jdk/corretto-25/bin/java -server -Xms2g -Xmx2g --add-modules jdk.incubator.vector -XX:+HeapDumpOnOutOfMemoryError -XX:+UseParallelGC -XX:StartFlightRecording=jdk.CPUTimeSample#enabled=true,dumponexit=true,maxsize=250M,settings=/home/goankur/vsearch/util/src/python/profiling.jfc,filename=/home/goankur/vsearch/logs/bench-search-FAA-armA-10.jfr -XX:+UnlockDiagnosticVMOptions -XX:+DebugNonSafepoints -classpath /home/goankur/vsearch/bo/lucene-A/lucene/core/build/libs/lucene-core-11.0.0-SNAPSHOT.jar:/home/goankur/vsearch/bo/lucene-A/lucene/sandbox/build/classes/java/main:/home/goankur/vsearch/bo/lucene-A/lucene/misc/build/classes/java/main:/home/goankur/vsearch/bo/lucene-A/lucene/facet/build/classes/java/main:/home/goankur/vsearch/bo/lucene-A/lucene/analysis/common/build/classes/java/main:/home/goankur/vsearch/bo/lucene-A/lucene/analysis/icu/build/classes/java/main:/home/goankur/vsearch/bo/lucene-A/lucene/queryparser/build/classes/java/main:/home/goankur/vsearch/bo/lucene-A/lucene/grouping/build/classes/java/main:/home/goankur/vsearch/bo/lucene-A/lucene/suggest/build/classes/java/main:/home/goankur/vsearch/bo/lucene-A/lucene/highlighter/build/classes/java/main:/home/goankur/vsearch/bo/lucene-A/lucene/codecs/build/classes/java/main:/home/goankur/vsearch/bo/lucene-A/lucene/queries/build/classes/java/main:/home/goankur/vsearch/bo/lucene-A/lucene/join/build/classes/java/main:/home/goankur/vsearch/bo/lucene-A/lucene/spatial3d/build/classes/java/main:/home/goankur/vsearch/util/lib/HdrHistogram.jar:/home/goankur/vsearch/util/src/main/build/classes/java/main:/home/goankur/vsearch/util/build perf.SearchPerfTest -dirImpl MMapDirectory -indexPath /home/goankur/vsearch/indices/wikimedium10m.lucene-A.facets.taxonomy:Date.taxonomy:Month.taxonomy:DayOfYear.sortedset:Date.sortedset:Month.sortedset:DayOfYear.taxonomy:RandomLabel.sortedset:RandomLabel.Lucene90.Lucene104.dvfields.nd10M -facets taxonomy:Date;Date -facets taxonomy:Month;Month -facets taxonomy:DayOfYear;DayOfYear -facets sortedset:Date;Date -facets sortedset:Month;Month -facets sortedset:DayOfYear;DayOfYear -facets taxonomy:RandomLabel;RandomLabel -facets sortedset:RandomLabel;RandomLabel -analyzer StandardAnalyzer -taskSource /home/goankur/vsearch/util/tasks/wikimedium.10M.nostopwords.tasks -numConcurrentQueries 5 -taskRepeatCount 20 -field body -tasksPerCat 1 -searchConcurrency -1 -staticSeed 648875 -seed -5773037 -similarity BM25Similarity -commit multi -hiliteImpl FastVectorHighlighter -log /home/goankur/vsearch/logs/FAA.armA.10 -topN 100 -context  -pk -pollute
      9.5 s
      226.2 actual sustained QPS; -1.0 CPU cores used

Report after iter 10:
QPSChart.supported == False
                            Task     P50 B     P50 C     Diff     P90 B     P90 C     Diff     P99 B     P99 C     Diff    P999 B    P999 C     Diff    P100 B    P100 C     Diff
           ('AndHighHigh', None)     1.590     1.553    -2.3%    17.721     8.483   -52.1%    19.551    14.931   -23.6%    19.551    14.931   -23.6%   115.179    57.521   -50.1%
('AndHighHighDayTaxoFacets', None)    30.566    31.207     2.1%    50.765    37.964   -25.2%   103.924    96.065    -7.6%   103.924    96.065    -7.6%   228.637   209.908    -8.2%
            ('AndHighLow', None)     0.577     0.502   -13.0%     1.033     1.408    36.3%     1.850     1.650   -10.8%     1.850     1.650   -10.8%     9.680     2.065   -78.7%
            ('AndHighMed', None)     1.040     1.071     3.0%     2.877     3.910    35.9%     3.200     3.918    22.4%     3.200     3.918    22.4%    14.672    31.014   111.4%
('AndHighMedDayTaxoFacets', None)     5.503     5.888     7.0%    22.749    20.018   -12.0%    23.942    20.375   -14.9%    23.942    20.375   -14.9%   336.806   387.931    15.2%
     ('AndMissingHigh', 'Title')     0.284     0.276    -3.0%     0.743     0.651   -12.4%     0.804     0.804     0.0%     0.804     0.804     0.0%     1.263     1.018   -19.4%
              ('BM25MSM2', None)    17.390    16.296    -6.3%    32.635    42.668    30.7%    47.349    45.377    -4.2%    47.349    45.377    -4.2%   225.842   157.105   -30.4%
  ('BrowseDateSSDVFacets', None)   396.420   387.542    -2.2%   461.274   446.771    -3.1%   484.462   447.672    -7.6%   484.462   447.672    -7.6%   609.270   568.788    -6.6%
  ('BrowseDateTaxoFacets', None)    71.248    65.174    -8.5%    86.012    74.862   -13.0%    93.630    75.477   -19.4%    93.630    75.477   -19.4%   182.256   168.443    -7.6%
('BrowseDayOfYearSSDVFacets', None)    75.889    77.005     1.5%   101.636   100.179    -1.4%   105.153   125.952    19.8%   105.153   125.952    19.8%   106.191   164.644    55.0%
('BrowseDayOfYearTaxoFacets', None)    69.044    62.245    -9.8%    84.983    71.291   -16.1%    86.065    71.372   -17.1%    86.065    71.372   -17.1%   101.730    81.319   -20.1%
 ('BrowseMonthSSDVFacets', None)    48.612    50.023     2.9%    57.042    56.494    -1.0%    63.257    77.696    22.8%    63.257    77.696    22.8%   167.102   338.032   102.3%
 ('BrowseMonthTaxoFacets', None)    27.555    28.123     2.1%    79.568    76.811    -3.5%    83.732    79.822    -4.7%    83.732    79.822    -4.7%   158.170   125.136   -20.9%
('BrowseRandomLabelSSDVFacets', None)   100.386   100.121    -0.3%   191.755   126.257   -34.2%   192.927   172.841   -10.4%   192.927   172.841   -10.4%   303.171   425.725    40.4%
('BrowseRandomLabelTaxoFacets', None)    82.606    85.571     3.6%   101.237    95.277    -5.9%   140.926   106.880   -24.2%   140.926   106.880   -24.2%   157.226   169.121     7.6%
             ('ConstMSM2', None)     0.871     0.808    -7.3%     1.965     4.747   141.6%     9.149     7.973   -12.9%     9.149     7.973   -12.9%    12.158    18.327    50.7%
                ('Fuzzy1', None)     9.320     9.752     4.6%    18.358    20.713    12.8%    28.227    32.234    14.2%    28.227    32.234    14.2%   143.878   122.379   -14.9%
                ('Fuzzy2', None)    14.237    13.891    -2.4%    28.470    23.078   -18.9%    33.312    28.135   -15.5%    33.312    28.135   -15.5%   107.263   104.503    -2.6%
  ('HighIntervalsOrdered', None)    15.086    12.948   -14.2%    35.185    22.226   -36.8%    44.269    32.915   -25.6%    44.269    32.915   -25.6%    60.769    49.711   -18.2%
            ('HighPhrase', None)    10.201    10.156    -0.4%    19.892    16.858   -15.2%    36.472    27.390   -24.9%    36.472    27.390   -24.9%   115.655   154.515    33.6%
      ('HighSloppyPhrase', None)    10.508    10.427    -0.8%    14.149    16.946    19.8%    35.874    22.883   -36.2%    35.874    22.883   -36.2%    65.781    30.952   -52.9%
          ('HighSpanNear', None)    14.833    14.885     0.3%    20.015    22.355    11.7%    27.653    26.585    -3.9%    27.653    26.585    -3.9%    39.400    31.376   -20.4%
              ('HighTerm', None)     0.811     0.938    15.7%     1.665     2.086    25.3%     4.099     3.052   -25.5%     4.099     3.052   -25.5%    20.276    25.393    25.2%
('HighTermDayOfYearSort', 'DayOfYear')     2.762     2.029   -26.5%     6.321     6.050    -4.3%    15.129    11.384   -24.8%    15.129    11.384   -24.8%    50.015    71.413    42.8%
  ('HighTermMonthSort', 'Month')     0.733     0.643   -12.2%     2.268     2.344     3.3%     3.670     2.689   -26.7%     3.670     2.689   -26.7%    38.688    44.601    15.3%
('HighTermTitleBDVSort', 'TitleBinary')    14.505    13.961    -3.7%    24.524    23.850    -2.7%    26.882    26.148    -2.7%    26.882    26.148    -2.7%    64.921   100.835    55.3%
  ('HighTermTitleSort', 'Title')     8.264     8.854     7.1%    23.012    14.553   -36.8%    52.580    50.109    -4.7%    52.580    50.109    -4.7%   104.471    80.752   -22.7%
                ('IntNRQ', None)     1.508     1.854    23.0%     4.961     5.749    15.9%    17.691     7.303   -58.7%    17.691     7.303   -58.7%   106.881    83.985   -21.4%
                ('IntSet', None)     2.025     2.044     0.9%     5.543    10.731    93.6%    10.014    15.704    56.8%    10.014    15.704    56.8%    54.730    39.558   -27.7%
   ('LowIntervalsOrdered', None)     4.372     3.862   -11.7%     6.759     5.887   -12.9%     7.559     8.395    11.1%     7.559     8.395    11.1%    92.848    85.492    -7.9%
             ('LowPhrase', None)     5.228     5.260     0.6%     9.514    10.840    13.9%    17.751    12.892   -27.4%    17.751    12.892   -27.4%    36.140    31.455   -13.0%
       ('LowSloppyPhrase', None)     3.776     3.808     0.8%    11.409    12.634    10.7%    30.223    14.948   -50.5%    30.223    14.948   -50.5%    56.379    52.158    -7.5%
           ('LowSpanNear', None)     4.679     6.480    38.5%     8.760    10.176    16.2%    11.670    11.463    -1.8%    11.670    11.463    -1.8%    13.231    12.533    -5.3%
               ('LowTerm', None)     0.426     0.495    16.0%     0.697     0.964    38.2%     1.082     1.295    19.7%     1.082     1.295    19.7%     1.894     1.547   -18.3%
   ('MedIntervalsOrdered', None)     2.949     2.593   -12.1%     8.351     9.541    14.3%     9.936     9.806    -1.3%     9.936     9.806    -1.3%    19.744    12.543   -36.5%
             ('MedPhrase', None)     4.140     4.754    14.8%    10.109     9.031   -10.7%    23.106    11.983   -48.1%    23.106    11.983   -48.1%    23.761    38.613    62.5%
       ('MedSloppyPhrase', None)    21.237    21.136    -0.5%    40.132    38.275    -4.6%    46.086    39.481   -14.3%    46.086    39.481   -14.3%    96.201    92.794    -3.5%
           ('MedSpanNear', None)     4.818     4.811    -0.1%    10.554     9.960    -5.6%    11.950    10.473   -12.4%    11.950    10.473   -12.4%   184.927   204.001    10.3%
               ('MedTerm', None)     0.699     0.660    -5.5%     1.870     1.583   -15.3%     6.432     2.740   -57.4%     6.432     2.740   -57.4%     7.746     4.903   -36.7%
  ('MedTermDayTaxoFacets', None)    11.555    11.452    -0.9%    16.150    21.656    34.1%    26.484    43.047    62.5%    26.484    43.047    62.5%   146.951   197.678    34.5%
            ('OrHighHigh', None)     1.823     2.006    10.0%     5.794     4.220   -27.2%    11.639    22.557    93.8%    11.639    22.557    93.8%   239.728   160.350   -33.1%
             ('OrHighLow', None)     0.995     0.815   -18.1%     1.656     2.341    41.3%     2.852     3.324    16.6%     2.852     3.324    16.6%     3.969     5.697    43.5%
             ('OrHighMed', None)     1.099     1.012    -7.9%     3.194     2.236   -30.0%     3.308     2.943   -11.0%     3.308     2.943   -11.0%     6.226     5.812    -6.6%
('OrHighMedDayTaxoFacets', None)    29.546    25.774   -12.8%    44.328    41.493    -6.4%    98.412   237.619   141.5%    98.412   237.619   141.5%   155.687   280.846    80.4%
         ('OrHighNotHigh', None)     1.098     1.178     7.3%     4.316    15.012   247.8%     5.071    21.702   327.9%     5.071    21.702   327.9%     8.810    23.420   165.8%
          ('OrHighNotLow', None)     1.299     1.531    17.9%     2.381     3.060    28.5%     3.645    26.317   622.1%     3.645    26.317   622.1%    22.603    29.636    31.1%
          ('OrHighNotMed', None)     1.449     1.404    -3.1%     3.896     3.836    -1.5%     4.575     4.262    -6.8%     4.575     4.262    -6.8%     9.747    38.701   297.1%
         ('OrNotHighHigh', None)     1.408     1.369    -2.8%     3.332     2.594   -22.1%    13.836    10.603   -23.4%    13.836    10.603   -23.4%    35.639    14.029   -60.6%
          ('OrNotHighLow', None)     0.701     0.646    -7.8%     1.788     2.074    16.0%     1.799     2.514    39.7%     1.799     2.514    39.7%     1.830     3.226    76.3%
          ('OrNotHighMed', None)     1.030     1.116     8.3%     5.706     2.634   -53.8%    10.160    10.948     7.7%    10.160    10.948     7.7%   114.894   114.392    -0.4%
                   ('PKLookup',)     5.496     5.179    -5.8%     6.483    13.146   102.8%    10.135    20.152    98.8%    10.135    20.152    98.8%    18.363    21.955    19.6%
               ('Prefix3', None)     1.124     0.993   -11.7%     9.147     5.633   -38.4%     9.541     8.194   -14.1%     9.541     8.194   -14.1%    14.484    29.738   105.3%
                    ('Respell',)    15.578    15.485    -0.6%    23.636    23.549    -0.4%    25.497    24.629    -3.4%    25.497    24.629    -3.4%    50.507    60.471    19.7%
('TermDateTimeSort', 'DateTime')     2.939     2.658    -9.6%     8.407    12.026    43.1%    16.890    15.292    -9.5%    16.890    15.292    -9.5%    55.737    44.601   -20.0%
              ('Wildcard', None)     5.504     5.541     0.7%     8.913     9.523     6.8%    10.076    24.355   141.7%    10.076    24.355   141.7%   175.327   167.137    -4.7%
                 ('range', None)     0.173     0.217    25.8%     0.512     0.443   -13.5%     1.146     0.453   -60.4%     1.146     0.453   -60.4%     1.659     3.743   125.7%
                            Task    QPS armA      StdDev   QPS armA2      StdDev                Pct diff p-value
                     AndHighHigh      647.02      (5.6%)      594.96      (9.4%)   -8.0% ( -21% -    7%) 0.015
                         Respell       71.64      (6.4%)       67.40      (6.7%)   -5.9% ( -17% -    7%) 0.035
       BrowseDayOfYearSSDVFacets       16.30     (13.9%)       15.45     (10.6%)   -5.2% ( -26% -   22%) 0.323
                    OrHighNotLow      816.30      (6.1%)      774.44      (7.8%)   -5.1% ( -17% -    9%) 0.085
                        PKLookup      228.33      (9.7%)      219.65      (7.8%)   -3.8% ( -19% -   15%) 0.309
                        HighTerm     1209.96      (5.3%)     1164.89     (12.1%)   -3.7% ( -20% -   14%) 0.350
                      OrHighHigh      575.13      (4.3%)      556.17     (10.3%)   -3.3% ( -17% -   11%) 0.326
                HighSloppyPhrase      105.53      (7.9%)      102.31      (6.7%)   -3.1% ( -16% -   12%) 0.331
                         MedTerm     1609.09      (3.7%)     1560.79      (8.1%)   -3.0% ( -14% -    9%) 0.263
                          IntSet      680.16      (9.3%)      660.60      (6.6%)   -2.9% ( -17% -   14%) 0.401
                       LowPhrase      197.67      (3.8%)      192.37      (5.9%)   -2.7% ( -11% -    7%) 0.206
                    OrHighNotMed      701.85      (5.5%)      683.07      (8.0%)   -2.7% ( -15% -   11%) 0.363
                       MedPhrase      239.46      (8.6%)      233.51      (7.3%)   -2.5% ( -16% -   14%) 0.466
                         LowTerm     2502.12      (3.3%)     2442.13      (7.4%)   -2.4% ( -12% -    8%) 0.326
                 LowSloppyPhrase      258.83      (5.9%)      252.82      (9.6%)   -2.3% ( -16% -   14%) 0.495
                          Fuzzy1      109.05      (5.3%)      106.56      (4.4%)   -2.3% ( -11% -    7%) 0.272
                    HighSpanNear       69.96      (3.2%)       68.41      (3.1%)   -2.2% (  -8% -    4%) 0.094
                     MedSpanNear      210.57      (1.7%)      206.00      (3.9%)   -2.2% (  -7% -    3%) 0.092
           BrowseMonthSSDVFacets       17.31     (14.8%)       16.94     (15.3%)   -2.1% ( -28% -   32%) 0.741
                          IntNRQ      669.26      (4.4%)      655.79      (9.7%)   -2.0% ( -15% -   12%) 0.532
                   OrHighNotHigh      852.27      (6.8%)      836.07      (8.4%)   -1.9% ( -16% -   14%) 0.560
        AndHighHighDayTaxoFacets       34.86      (4.7%)       34.25      (5.3%)   -1.7% ( -11% -    8%) 0.418
     BrowseRandomLabelSSDVFacets       10.79      (4.4%)       10.61      (6.3%)   -1.7% ( -11% -    9%) 0.468
                      AndHighMed      991.03      (8.4%)      976.29      (8.2%)   -1.5% ( -16% -   16%) 0.676
                   OrNotHighHigh      820.57      (5.5%)      810.37      (7.4%)   -1.2% ( -13% -   12%) 0.656
                      TermDTSort      372.07      (7.0%)      367.65      (6.7%)   -1.2% ( -13% -   13%) 0.686
                    OrNotHighLow     1638.53      (5.3%)     1619.15      (6.0%)   -1.2% ( -11% -   10%) 0.622
                        BM25MSM2       57.17      (6.9%)       56.54      (8.8%)   -1.1% ( -15% -   15%) 0.742
                         Prefix3     1159.93      (9.5%)     1149.00      (8.9%)   -0.9% ( -17% -   19%) 0.811
                     LowSpanNear      220.75      (6.5%)      218.86      (8.8%)   -0.9% ( -15% -   15%) 0.796
                       ConstMSM2     1316.81      (5.9%)     1306.27      (3.9%)   -0.8% (  -9% -    9%) 0.706
          OrHighMedDayTaxoFacets       38.17      (5.9%)       37.92      (7.6%)   -0.7% ( -13% -   13%) 0.817
           HighTermDayOfYearSort      493.90      (8.5%)      491.20      (7.7%)   -0.5% ( -15% -   17%) 0.874
                      HighPhrase       99.23      (1.8%)       98.80      (1.7%)   -0.4% (  -3% -    3%) 0.561
         AndHighMedDayTaxoFacets      181.19      (3.0%)      180.45      (3.4%)   -0.4% (  -6% -    6%) 0.769
                  AndMissingHigh     3581.54      (7.9%)     3576.36      (5.8%)   -0.1% ( -12% -   14%) 0.961
             LowIntervalsOrdered      253.19      (8.4%)      252.90      (7.5%)   -0.1% ( -14% -   17%) 0.973
                    OrNotHighMed      993.82      (4.5%)      996.05     (11.4%)    0.2% ( -15% -   16%) 0.952
                       OrHighLow     1231.18      (5.9%)     1234.91      (5.5%)    0.3% ( -10% -   12%) 0.901
                 MedSloppyPhrase       49.16      (3.4%)       49.33      (2.6%)    0.3% (  -5% -    6%) 0.789
            HighTermTitleBDVSort       73.42      (2.4%)       73.80      (4.4%)    0.5% (  -6% -    7%) 0.731
                        Wildcard      181.50      (3.5%)      182.52      (2.2%)    0.6% (  -5% -    6%) 0.657
                      AndHighLow     1941.18      (7.0%)     1959.33      (5.4%)    0.9% ( -10% -   14%) 0.726
                          Fuzzy2       75.72      (6.0%)       76.46      (6.0%)    1.0% ( -10% -   13%) 0.701
            MedTermDayTaxoFacets       91.62      (6.8%)       92.68      (7.8%)    1.2% ( -12% -   16%) 0.709
               HighTermTitleSort      117.83      (7.7%)      119.49     (10.1%)    1.4% ( -15% -   20%) 0.714
                           range     6114.96      (8.7%)     6221.46      (9.0%)    1.7% ( -14% -   21%) 0.644
            HighIntervalsOrdered       74.08     (11.1%)       75.43     (10.3%)    1.8% ( -17% -   26%) 0.690
                       OrHighMed     1039.51      (9.8%)     1060.25      (6.1%)    2.0% ( -12% -   19%) 0.566
            BrowseDateSSDVFacets        2.83      (7.2%)        2.90      (6.8%)    2.5% ( -10% -   17%) 0.396
             MedIntervalsOrdered      364.94     (10.2%)      375.29      (8.1%)    2.8% ( -14% -   23%) 0.470
               HighTermMonthSort     1523.72      (6.1%)     1588.13      (6.9%)    4.2% (  -8% -   18%) 0.129
           BrowseMonthTaxoFacets       34.18     (31.6%)       36.48     (25.0%)    6.7% ( -37% -   92%) 0.580
     BrowseRandomLabelTaxoFacets       12.45      (5.6%)       13.82     (41.0%)   11.0% ( -33% -   61%) 0.378
       BrowseDayOfYearTaxoFacets       15.56      (3.8%)       18.10     (51.8%)   16.3% ( -37% -   74%) 0.298
            BrowseDateTaxoFacets       14.67      (5.6%)       17.11     (49.7%)   16.6% ( -36% -   76%) 0.271
  iter 11
    armA:
      NOTE: using experimental CPU time profiler (see https://mostlynerdless.de/blog/2025/06/11/java-25s-new-cpu-time-profiler-1)
      log: /home/goankur/vsearch/logs/FAA.armA.11 + stdout
      run: /usr/bin/perf stat -dd -e task-clock,cycles,instructions,cache-references,cache-misses,L1-dcache-loads,L1-dcache-load-misses,L1-icache-loads,L1-icache-load-misses,LLC-loads,LLC-load-misses,LLC-stores,LLC-store-misses,LLC-prefetches,LLC-prefetch-misses,faults,minor-faults,major-faults,branches,branch-misses,stalled-cycles-frontend,stalled-cycles-backend /home/goankur/jdk/corretto-25/bin/java -server -Xms2g -Xmx2g --add-modules jdk.incubator.vector -XX:+HeapDumpOnOutOfMemoryError -XX:+UseParallelGC -XX:StartFlightRecording=jdk.CPUTimeSample#enabled=true,dumponexit=true,maxsize=250M,settings=/home/goankur/vsearch/util/src/python/profiling.jfc,filename=/home/goankur/vsearch/logs/bench-search-FAA-armA-11.jfr -XX:+UnlockDiagnosticVMOptions -XX:+DebugNonSafepoints -classpath /home/goankur/vsearch/bo/lucene-A/lucene/core/build/libs/lucene-core-11.0.0-SNAPSHOT.jar:/home/goankur/vsearch/bo/lucene-A/lucene/sandbox/build/classes/java/main:/home/goankur/vsearch/bo/lucene-A/lucene/misc/build/classes/java/main:/home/goankur/vsearch/bo/lucene-A/lucene/facet/build/classes/java/main:/home/goankur/vsearch/bo/lucene-A/lucene/analysis/common/build/classes/java/main:/home/goankur/vsearch/bo/lucene-A/lucene/analysis/icu/build/classes/java/main:/home/goankur/vsearch/bo/lucene-A/lucene/queryparser/build/classes/java/main:/home/goankur/vsearch/bo/lucene-A/lucene/grouping/build/classes/java/main:/home/goankur/vsearch/bo/lucene-A/lucene/suggest/build/classes/java/main:/home/goankur/vsearch/bo/lucene-A/lucene/highlighter/build/classes/java/main:/home/goankur/vsearch/bo/lucene-A/lucene/codecs/build/classes/java/main:/home/goankur/vsearch/bo/lucene-A/lucene/queries/build/classes/java/main:/home/goankur/vsearch/bo/lucene-A/lucene/join/build/classes/java/main:/home/goankur/vsearch/bo/lucene-A/lucene/spatial3d/build/classes/java/main:/home/goankur/vsearch/util/lib/HdrHistogram.jar:/home/goankur/vsearch/util/src/main/build/classes/java/main:/home/goankur/vsearch/util/build perf.SearchPerfTest -dirImpl MMapDirectory -indexPath /home/goankur/vsearch/indices/wikimedium10m.lucene-A.facets.taxonomy:Date.taxonomy:Month.taxonomy:DayOfYear.sortedset:Date.sortedset:Month.sortedset:DayOfYear.taxonomy:RandomLabel.sortedset:RandomLabel.Lucene90.Lucene104.dvfields.nd10M -facets taxonomy:Date;Date -facets taxonomy:Month;Month -facets taxonomy:DayOfYear;DayOfYear -facets sortedset:Date;Date -facets sortedset:Month;Month -facets sortedset:DayOfYear;DayOfYear -facets taxonomy:RandomLabel;RandomLabel -facets sortedset:RandomLabel;RandomLabel -analyzer StandardAnalyzer -taskSource /home/goankur/vsearch/util/tasks/wikimedium.10M.nostopwords.tasks -numConcurrentQueries 5 -taskRepeatCount 20 -field body -tasksPerCat 1 -searchConcurrency -1 -staticSeed 648875 -seed -7269990 -similarity BM25Similarity -commit multi -hiliteImpl FastVectorHighlighter -log /home/goankur/vsearch/logs/FAA.armA.11 -topN 100 -context  -pk -pollute
      9.4 s
      241.0 actual sustained QPS; -1.0 CPU cores used
    armA2:
      NOTE: using experimental CPU time profiler (see https://mostlynerdless.de/blog/2025/06/11/java-25s-new-cpu-time-profiler-1)
      log: /home/goankur/vsearch/logs/FAA.armA2.11 + stdout
      run: /usr/bin/perf stat -dd -e task-clock,cycles,instructions,cache-references,cache-misses,L1-dcache-loads,L1-dcache-load-misses,L1-icache-loads,L1-icache-load-misses,LLC-loads,LLC-load-misses,LLC-stores,LLC-store-misses,LLC-prefetches,LLC-prefetch-misses,faults,minor-faults,major-faults,branches,branch-misses,stalled-cycles-frontend,stalled-cycles-backend /home/goankur/jdk/corretto-25/bin/java -server -Xms2g -Xmx2g --add-modules jdk.incubator.vector -XX:+HeapDumpOnOutOfMemoryError -XX:+UseParallelGC -XX:StartFlightRecording=jdk.CPUTimeSample#enabled=true,dumponexit=true,maxsize=250M,settings=/home/goankur/vsearch/util/src/python/profiling.jfc,filename=/home/goankur/vsearch/logs/bench-search-FAA-armA2-11.jfr -XX:+UnlockDiagnosticVMOptions -XX:+DebugNonSafepoints -classpath /home/goankur/vsearch/bo/lucene-A/lucene/core/build/libs/lucene-core-11.0.0-SNAPSHOT.jar:/home/goankur/vsearch/bo/lucene-A/lucene/sandbox/build/classes/java/main:/home/goankur/vsearch/bo/lucene-A/lucene/misc/build/classes/java/main:/home/goankur/vsearch/bo/lucene-A/lucene/facet/build/classes/java/main:/home/goankur/vsearch/bo/lucene-A/lucene/analysis/common/build/classes/java/main:/home/goankur/vsearch/bo/lucene-A/lucene/analysis/icu/build/classes/java/main:/home/goankur/vsearch/bo/lucene-A/lucene/queryparser/build/classes/java/main:/home/goankur/vsearch/bo/lucene-A/lucene/grouping/build/classes/java/main:/home/goankur/vsearch/bo/lucene-A/lucene/suggest/build/classes/java/main:/home/goankur/vsearch/bo/lucene-A/lucene/highlighter/build/classes/java/main:/home/goankur/vsearch/bo/lucene-A/lucene/codecs/build/classes/java/main:/home/goankur/vsearch/bo/lucene-A/lucene/queries/build/classes/java/main:/home/goankur/vsearch/bo/lucene-A/lucene/join/build/classes/java/main:/home/goankur/vsearch/bo/lucene-A/lucene/spatial3d/build/classes/java/main:/home/goankur/vsearch/util/lib/HdrHistogram.jar:/home/goankur/vsearch/util/src/main/build/classes/java/main:/home/goankur/vsearch/util/build perf.SearchPerfTest -dirImpl MMapDirectory -indexPath /home/goankur/vsearch/indices/wikimedium10m.lucene-A.facets.taxonomy:Date.taxonomy:Month.taxonomy:DayOfYear.sortedset:Date.sortedset:Month.sortedset:DayOfYear.taxonomy:RandomLabel.sortedset:RandomLabel.Lucene90.Lucene104.dvfields.nd10M -facets taxonomy:Date;Date -facets taxonomy:Month;Month -facets taxonomy:DayOfYear;DayOfYear -facets sortedset:Date;Date -facets sortedset:Month;Month -facets sortedset:DayOfYear;DayOfYear -facets taxonomy:RandomLabel;RandomLabel -facets sortedset:RandomLabel;RandomLabel -analyzer StandardAnalyzer -taskSource /home/goankur/vsearch/util/tasks/wikimedium.10M.nostopwords.tasks -numConcurrentQueries 5 -taskRepeatCount 20 -field body -tasksPerCat 1 -searchConcurrency -1 -staticSeed 648875 -seed -7269990 -similarity BM25Similarity -commit multi -hiliteImpl FastVectorHighlighter -log /home/goankur/vsearch/logs/FAA.armA2.11 -topN 100 -context  -pk -pollute
      9.3 s
      244.7 actual sustained QPS; -1.0 CPU cores used

Report after iter 11:
QPSChart.supported == False
                            Task     P50 B     P50 C     Diff     P90 B     P90 C     Diff     P99 B     P99 C     Diff    P999 B    P999 C     Diff    P100 B    P100 C     Diff
           ('AndHighHigh', None)     1.510     1.518     0.5%     4.266     5.248    23.0%     6.518     6.463    -0.9%     6.518     6.463    -0.9%    56.073    61.068     8.9%
('AndHighHighDayTaxoFacets', None)    30.574    29.545    -3.4%    39.615    43.135     8.9%    75.970    52.382   -31.0%    75.970    52.382   -31.0%   234.332   209.797   -10.5%
            ('AndHighLow', None)     0.582     0.577    -0.8%     2.631     3.232    22.8%     7.285     8.806    20.9%     7.285     8.806    20.9%   117.851    67.665   -42.6%
            ('AndHighMed', None)     1.110     1.067    -3.9%     2.776     6.728   142.3%     5.614     6.732    19.9%     5.614     6.732    19.9%     6.627     8.628    30.2%
('AndHighMedDayTaxoFacets', None)     5.662     7.017    23.9%    16.660    12.495   -25.0%    24.666    18.470   -25.1%    24.666    18.470   -25.1%    26.755    21.688   -18.9%
     ('AndMissingHigh', 'Title')     0.302     0.292    -3.2%     0.688     0.943    37.0%     0.848     1.108    30.6%     0.848     1.108    30.6%     0.897     1.425    58.9%
              ('BM25MSM2', None)    20.140    18.841    -6.4%    35.590    42.352    19.0%   152.873    48.589   -68.2%   152.873    48.589   -68.2%   174.751   196.925    12.7%
  ('BrowseDateSSDVFacets', None)   331.409   345.645     4.3%   384.517   384.889     0.1%   385.613   389.361     1.0%   385.613   389.361     1.0%   498.890   510.912     2.4%
  ('BrowseDateTaxoFacets', None)    62.039    65.711     5.9%    84.249    74.566   -11.5%    85.710    75.847   -11.5%    85.710    75.847   -11.5%    88.534    89.507     1.1%
('BrowseDayOfYearSSDVFacets', None)    51.619    68.400    32.5%    57.902    92.761    60.2%    61.457   104.111    69.4%    61.457   104.111    69.4%   147.939   171.126    15.7%
('BrowseDayOfYearTaxoFacets', None)    70.756    65.414    -7.5%    88.963    77.652   -12.7%    89.315    78.607   -12.0%    89.315    78.607   -12.0%   110.727    96.859   -12.5%
 ('BrowseMonthSSDVFacets', None)    69.057    78.564    13.8%    97.012    91.486    -5.7%    99.058    93.782    -5.3%    99.058    93.782    -5.3%   121.326   105.739   -12.8%
 ('BrowseMonthTaxoFacets', None)    26.202    27.451     4.8%    28.381    74.022   160.8%    28.833    78.259   171.4%    28.833    78.259   171.4%   178.234   165.931    -6.9%
('BrowseRandomLabelSSDVFacets', None)    94.438    92.553    -2.0%   141.435   122.976   -13.1%   158.849   186.081    17.1%   158.849   186.081    17.1%   306.276   201.764   -34.1%
('BrowseRandomLabelTaxoFacets', None)    84.689    87.057     2.8%   101.331    96.537    -4.7%   163.941   101.362   -38.2%   163.941   101.362   -38.2%   376.880   311.786   -17.3%
             ('ConstMSM2', None)     0.858     0.902     5.0%     2.126     3.385    59.2%     3.587     3.620     0.9%     3.587     3.620     0.9%    34.763    55.413    59.4%
                ('Fuzzy1', None)     9.701     8.179   -15.7%    19.144    28.630    49.6%    19.551    35.512    81.6%    19.551    35.512    81.6%    39.568    75.437    90.7%
                ('Fuzzy2', None)    13.996    13.524    -3.4%    23.063    31.304    35.7%    23.203    32.793    41.3%    23.203    32.793    41.3%    82.743   107.400    29.8%
  ('HighIntervalsOrdered', None)    14.361    14.042    -2.2%    25.222    32.824    30.1%    25.733    41.742    62.2%    25.733    41.742    62.2%    28.220    43.637    54.6%
            ('HighPhrase', None)    11.512    11.017    -4.3%    22.813    33.018    44.7%    23.923    38.252    59.9%    23.923    38.252    59.9%    64.070   104.645    63.3%
      ('HighSloppyPhrase', None)     9.300     9.084    -2.3%    14.810    18.833    27.2%    20.095    20.710     3.1%    20.095    20.710     3.1%    37.377    50.769    35.8%
          ('HighSpanNear', None)    14.709    14.422    -1.9%    21.557    23.659     9.8%    21.752    24.291    11.7%    21.752    24.291    11.7%    55.813    33.032   -40.8%
              ('HighTerm', None)     1.007     0.888   -11.9%     2.057     2.461    19.6%     3.992     2.942   -26.3%     3.992     2.942   -26.3%    17.554    11.560   -34.1%
('HighTermDayOfYearSort', 'DayOfYear')     2.032     2.104     3.5%     6.640     8.576    29.2%    32.716    21.173   -35.3%    32.716    21.173   -35.3%    94.794    80.401   -15.2%
  ('HighTermMonthSort', 'Month')     0.622     0.655     5.4%     2.596     1.808   -30.4%     7.248     2.999   -58.6%     7.248     2.999   -58.6%    38.677    15.702   -59.4%
('HighTermTitleBDVSort', 'TitleBinary')    16.294    18.128    11.3%    26.109    27.053     3.6%    58.626    29.983   -48.9%    58.626    29.983   -48.9%    77.024   140.953    83.0%
  ('HighTermTitleSort', 'Title')     8.645     9.054     4.7%    17.523    29.253    66.9%    33.378    42.718    28.0%    33.378    42.718    28.0%    81.530   118.647    45.5%
                ('IntNRQ', None)     2.395     2.016   -15.8%     4.802     7.449    55.1%     7.775    11.951    53.7%     7.775    11.951    53.7%    99.212    77.758   -21.6%
                ('IntSet', None)     1.664     1.712     2.9%     8.968     5.488   -38.8%     9.415     6.502   -30.9%     9.415     6.502   -30.9%    26.863    26.930     0.2%
   ('LowIntervalsOrdered', None)     3.935     4.170     6.0%     7.662    14.206    85.4%    23.142    25.956    12.2%    23.142    25.956    12.2%   107.874   104.346    -3.3%
             ('LowPhrase', None)     5.442     5.335    -2.0%    10.671    18.598    74.3%    21.264    24.361    14.6%    21.264    24.361    14.6%    76.585    88.692    15.8%
       ('LowSloppyPhrase', None)     4.385     4.106    -6.4%     9.671    12.362    27.8%    13.525    18.793    39.0%    13.525    18.793    39.0%    23.344    31.871    36.5%
           ('LowSpanNear', None)     4.602     4.796     4.2%    14.113    11.462   -18.8%    45.875    14.882   -67.6%    45.875    14.882   -67.6%    74.791    89.719    20.0%
               ('LowTerm', None)     0.447     0.424    -5.2%     0.754     1.085    43.9%     1.473     1.487     1.0%     1.473     1.487     1.0%     2.161     2.652    22.7%
   ('MedIntervalsOrdered', None)     2.883     2.811    -2.5%     5.795    10.772    85.9%     7.116    11.849    66.5%     7.116    11.849    66.5%     8.354    12.393    48.4%
             ('MedPhrase', None)     4.452     5.523    24.1%    10.559    10.678     1.1%    12.181    11.093    -8.9%    12.181    11.093    -8.9%    23.044    30.093    30.6%
       ('MedSloppyPhrase', None)    19.306    19.591     1.5%    32.101    36.132    12.6%    61.875    47.111   -23.9%    61.875    47.111   -23.9%   363.514   225.196   -38.1%
           ('MedSpanNear', None)     4.796     4.915     2.5%    10.468    17.001    62.4%    11.749    28.860   145.6%    11.749    28.860   145.6%    59.977    51.429   -14.3%
               ('MedTerm', None)     0.682     0.653    -4.3%     2.177     2.366     8.7%     3.224     3.861    19.7%     3.224     3.861    19.7%     5.307     3.867   -27.1%
  ('MedTermDayTaxoFacets', None)    10.372    11.094     7.0%    26.541    15.667   -41.0%    29.671    17.902   -39.7%    29.671    17.902   -39.7%    37.508    36.690    -2.2%
            ('OrHighHigh', None)     1.739     1.727    -0.7%     2.958     5.029    70.0%     4.174     5.220    25.1%     4.174     5.220    25.1%   161.005   139.147   -13.6%
             ('OrHighLow', None)     0.828     0.889     7.4%     1.612     1.776    10.1%     2.310     2.622    13.5%     2.310     2.622    13.5%    82.247    89.054     8.3%
             ('OrHighMed', None)     1.014     0.990    -2.4%     3.847     3.596    -6.5%     4.108    13.612   231.4%     4.108    13.612   231.4%    18.790    14.009   -25.4%
('OrHighMedDayTaxoFacets', None)    30.020    30.369     1.2%    43.085    36.815   -14.6%    73.886    78.250     5.9%    73.886    78.250     5.9%   221.216   144.407   -34.7%
         ('OrHighNotHigh', None)     1.297     1.209    -6.8%     4.527     7.343    62.2%     5.707     8.004    40.2%     5.707     8.004    40.2%    39.579    13.555   -65.8%
          ('OrHighNotLow', None)     1.164     1.216     4.4%     3.203     3.056    -4.6%    22.737     4.734   -79.2%    22.737     4.734   -79.2%    79.394    53.777   -32.3%
          ('OrHighNotMed', None)     1.704     1.428   -16.2%     6.107     5.746    -5.9%    13.577    19.971    47.1%    13.577    19.971    47.1%    33.973    22.503   -33.8%
         ('OrNotHighHigh', None)     1.204     1.349    12.1%     4.687     3.150   -32.8%    10.706    11.413     6.6%    10.706    11.413     6.6%   148.263   114.820   -22.6%
          ('OrNotHighLow', None)     0.677     0.728     7.4%     2.068     2.452    18.6%     2.896     3.198    10.5%     2.896     3.198    10.5%     3.548     3.878     9.3%
          ('OrNotHighMed', None)     1.223     1.190    -2.7%     2.952     2.410   -18.4%     3.288     2.869   -12.7%     3.288     2.869   -12.7%     5.629     4.159   -26.1%
                   ('PKLookup',)     5.122     5.609     9.5%    12.423     9.575   -22.9%    14.081    13.279    -5.7%    14.081    13.279    -5.7%    16.118    16.203     0.5%
               ('Prefix3', None)     0.885     0.929     5.0%     5.872     5.072   -13.6%    16.407     5.797   -64.7%    16.407     5.797   -64.7%    17.142    17.404     1.5%
                    ('Respell',)    15.754    15.427    -2.1%    22.315    30.587    37.1%    44.125    34.955   -20.8%    44.125    34.955   -20.8%   161.520    92.571   -42.7%
('TermDateTimeSort', 'DateTime')     2.814     2.571    -8.6%     7.402    12.481    68.6%    15.345    29.420    91.7%    15.345    29.420    91.7%    51.510    74.833    45.3%
              ('Wildcard', None)     5.629     5.543    -1.5%    12.423    21.059    69.5%    20.007    36.955    84.7%    20.007    36.955    84.7%    39.730    51.091    28.6%
                 ('range', None)     0.226     0.178   -21.5%     0.391     0.537    37.1%     0.676     0.555   -17.9%     0.676     0.555   -17.9%     6.188     0.560   -90.9%
                            Task    QPS armA      StdDev   QPS armA2      StdDev                Pct diff p-value
                     AndHighHigh      649.46      (5.5%)      600.73      (9.5%)   -7.5% ( -21% -    7%) 0.018
       BrowseDayOfYearSSDVFacets       16.64     (14.8%)       15.46      (9.9%)   -7.1% ( -27% -   20%) 0.166
                         Respell       71.38      (6.3%)       67.41      (6.4%)   -5.6% ( -17% -    7%) 0.032
                    OrHighNotLow      820.28      (6.0%)      779.92      (7.7%)   -4.9% ( -17% -    9%) 0.082
                       MedPhrase      238.43      (8.4%)      230.35      (8.4%)   -3.4% ( -18% -   14%) 0.321
                      OrHighHigh      577.42      (4.3%)      559.53     (10.0%)   -3.1% ( -16% -   11%) 0.322
                HighSloppyPhrase      106.24      (7.9%)      103.28      (7.1%)   -2.8% ( -16% -   13%) 0.364
                          IntSet      675.44      (9.2%)      657.03      (6.6%)   -2.7% ( -16% -   14%) 0.404
                        PKLookup      227.47      (9.3%)      221.33      (7.9%)   -2.7% ( -18% -   15%) 0.443
                         MedTerm     1604.88      (3.6%)     1563.09      (7.8%)   -2.6% ( -13% -    9%) 0.292
           BrowseMonthSSDVFacets       17.08     (15.0%)       16.66     (15.9%)   -2.5% ( -29% -   33%) 0.693
                         LowTerm     2506.20      (3.2%)     2445.13      (7.0%)   -2.4% ( -12% -    8%) 0.275
                        HighTerm     1197.36      (6.3%)     1169.21     (11.7%)   -2.4% ( -19% -   16%) 0.540
                       LowPhrase      196.68      (4.0%)      192.10      (5.7%)   -2.3% ( -11% -    7%) 0.246
                     MedSpanNear      210.77      (1.6%)      206.26      (3.8%)   -2.1% (  -7% -    3%) 0.071
                   OrNotHighHigh      824.85      (5.5%)      808.38      (7.1%)   -2.0% ( -13% -   11%) 0.442
         AndHighMedDayTaxoFacets      181.57      (3.0%)      178.17      (5.4%)   -1.9% (  -9% -    6%) 0.296
                          IntNRQ      657.03      (7.8%)      645.03     (11.0%)   -1.8% ( -19% -   18%) 0.639
                    HighSpanNear       69.82      (3.1%)       68.61      (3.1%)   -1.7% (  -7% -    4%) 0.170
                 LowSloppyPhrase      258.04      (5.8%)      253.67      (9.2%)   -1.7% ( -15% -   14%) 0.590
     BrowseRandomLabelSSDVFacets       10.85      (4.5%)       10.66      (6.2%)   -1.7% ( -11% -    9%) 0.446
                    OrHighNotMed      698.39      (5.6%)      687.28      (8.0%)   -1.6% ( -14% -   12%) 0.571
        AndHighHighDayTaxoFacets       34.75      (4.6%)       34.29      (5.1%)   -1.3% ( -10% -    8%) 0.502
                      AndHighMed      988.52      (8.1%)      975.65      (7.9%)   -1.3% ( -16% -   16%) 0.690
                   OrHighNotHigh      852.65      (6.5%)      841.88      (8.4%)   -1.3% ( -15% -   14%) 0.679
                     LowSpanNear      221.46      (6.3%)      219.30      (8.4%)   -1.0% ( -14% -   14%) 0.747
                        BM25MSM2       56.78      (7.0%)       56.29      (8.6%)   -0.9% ( -15% -   15%) 0.785
                          Fuzzy1      108.79      (5.1%)      107.98      (6.2%)   -0.8% ( -11% -   11%) 0.745
                    OrNotHighLow     1627.03      (5.6%)     1616.02      (5.8%)   -0.7% ( -11% -   11%) 0.771
                         Prefix3     1159.96      (9.1%)     1152.85      (8.6%)   -0.6% ( -16% -   18%) 0.865
           HighTermDayOfYearSort      493.99      (8.1%)      491.21      (7.3%)   -0.6% ( -14% -   16%) 0.858
          OrHighMedDayTaxoFacets       37.94      (6.0%)       37.74      (7.5%)   -0.5% ( -13% -   13%) 0.843
             LowIntervalsOrdered      253.75      (8.0%)      252.76      (7.1%)   -0.4% ( -14% -   16%) 0.900
                      HighPhrase       98.64      (2.7%)       98.36      (2.2%)   -0.3% (  -5% -    4%) 0.777
                       ConstMSM2     1307.36      (6.2%)     1306.41      (3.7%)   -0.1% (  -9% -   10%) 0.972
                      TermDTSort      371.16      (6.8%)      371.19      (7.2%)    0.0% ( -13% -   15%) 0.998
            HighTermTitleBDVSort       72.59      (4.6%)       72.65      (6.9%)    0.1% ( -10% -   12%) 0.972
                       OrHighLow     1233.84      (5.7%)     1235.67      (5.3%)    0.1% ( -10% -   11%) 0.947
                  AndMissingHigh     3571.79      (7.6%)     3577.20      (5.5%)    0.2% ( -12% -   14%) 0.956
            MedTermDayTaxoFacets       92.39      (7.0%)       92.61      (7.3%)    0.2% ( -13% -   15%) 0.936
                 MedSloppyPhrase       49.44      (3.8%)       49.62      (3.2%)    0.4% (  -6% -    7%) 0.803
                          Fuzzy2       76.02      (5.9%)       76.37      (5.7%)    0.5% ( -10% -   12%) 0.846
                        Wildcard      181.59      (3.4%)      182.43      (2.1%)    0.5% (  -4% -    6%) 0.691
                    OrNotHighMed      985.25      (5.3%)      991.36     (11.1%)    0.6% ( -15% -   18%) 0.862
                      AndHighLow     1943.38      (6.7%)     1958.98      (5.1%)    0.8% ( -10% -   13%) 0.741
                       OrHighMed     1042.73      (9.4%)     1060.98      (5.8%)    1.7% ( -12% -   18%) 0.582
               HighTermTitleSort      118.01      (7.4%)      120.24      (9.9%)    1.9% ( -14% -   20%) 0.596
            BrowseDateSSDVFacets        2.85      (7.2%)        2.90      (6.4%)    2.0% ( -10% -   16%) 0.480
            HighIntervalsOrdered       73.86     (10.6%)       75.42      (9.9%)    2.1% ( -16% -   25%) 0.615
                           range     6049.84      (9.2%)     6210.76      (8.7%)    2.7% ( -13% -   22%) 0.465
             MedIntervalsOrdered      363.94      (9.8%)      373.83      (7.9%)    2.7% ( -13% -   22%) 0.454
               HighTermMonthSort     1537.88      (6.6%)     1583.50      (6.6%)    3.0% (  -9% -   17%) 0.271
           BrowseMonthTaxoFacets       34.75     (30.2%)       36.53     (23.5%)    5.1% ( -37% -   84%) 0.642
     BrowseRandomLabelTaxoFacets       12.44      (5.3%)       13.68     (39.3%)    9.9% ( -32% -   57%) 0.386
            BrowseDateTaxoFacets       14.82      (6.3%)       16.96     (47.1%)   14.4% ( -36% -   72%) 0.292
       BrowseDayOfYearTaxoFacets       15.46      (4.3%)       17.86     (50.0%)   15.5% ( -37% -   72%) 0.284
  iter 12
    armA2:
      NOTE: using experimental CPU time profiler (see https://mostlynerdless.de/blog/2025/06/11/java-25s-new-cpu-time-profiler-1)
      log: /home/goankur/vsearch/logs/FAA.armA2.12 + stdout
      run: /usr/bin/perf stat -dd -e task-clock,cycles,instructions,cache-references,cache-misses,L1-dcache-loads,L1-dcache-load-misses,L1-icache-loads,L1-icache-load-misses,LLC-loads,LLC-load-misses,LLC-stores,LLC-store-misses,LLC-prefetches,LLC-prefetch-misses,faults,minor-faults,major-faults,branches,branch-misses,stalled-cycles-frontend,stalled-cycles-backend /home/goankur/jdk/corretto-25/bin/java -server -Xms2g -Xmx2g --add-modules jdk.incubator.vector -XX:+HeapDumpOnOutOfMemoryError -XX:+UseParallelGC -XX:StartFlightRecording=jdk.CPUTimeSample#enabled=true,dumponexit=true,maxsize=250M,settings=/home/goankur/vsearch/util/src/python/profiling.jfc,filename=/home/goankur/vsearch/logs/bench-search-FAA-armA2-12.jfr -XX:+UnlockDiagnosticVMOptions -XX:+DebugNonSafepoints -classpath /home/goankur/vsearch/bo/lucene-A/lucene/core/build/libs/lucene-core-11.0.0-SNAPSHOT.jar:/home/goankur/vsearch/bo/lucene-A/lucene/sandbox/build/classes/java/main:/home/goankur/vsearch/bo/lucene-A/lucene/misc/build/classes/java/main:/home/goankur/vsearch/bo/lucene-A/lucene/facet/build/classes/java/main:/home/goankur/vsearch/bo/lucene-A/lucene/analysis/common/build/classes/java/main:/home/goankur/vsearch/bo/lucene-A/lucene/analysis/icu/build/classes/java/main:/home/goankur/vsearch/bo/lucene-A/lucene/queryparser/build/classes/java/main:/home/goankur/vsearch/bo/lucene-A/lucene/grouping/build/classes/java/main:/home/goankur/vsearch/bo/lucene-A/lucene/suggest/build/classes/java/main:/home/goankur/vsearch/bo/lucene-A/lucene/highlighter/build/classes/java/main:/home/goankur/vsearch/bo/lucene-A/lucene/codecs/build/classes/java/main:/home/goankur/vsearch/bo/lucene-A/lucene/queries/build/classes/java/main:/home/goankur/vsearch/bo/lucene-A/lucene/join/build/classes/java/main:/home/goankur/vsearch/bo/lucene-A/lucene/spatial3d/build/classes/java/main:/home/goankur/vsearch/util/lib/HdrHistogram.jar:/home/goankur/vsearch/util/src/main/build/classes/java/main:/home/goankur/vsearch/util/build perf.SearchPerfTest -dirImpl MMapDirectory -indexPath /home/goankur/vsearch/indices/wikimedium10m.lucene-A.facets.taxonomy:Date.taxonomy:Month.taxonomy:DayOfYear.sortedset:Date.sortedset:Month.sortedset:DayOfYear.taxonomy:RandomLabel.sortedset:RandomLabel.Lucene90.Lucene104.dvfields.nd10M -facets taxonomy:Date;Date -facets taxonomy:Month;Month -facets taxonomy:DayOfYear;DayOfYear -facets sortedset:Date;Date -facets sortedset:Month;Month -facets sortedset:DayOfYear;DayOfYear -facets taxonomy:RandomLabel;RandomLabel -facets sortedset:RandomLabel;RandomLabel -analyzer StandardAnalyzer -taskSource /home/goankur/vsearch/util/tasks/wikimedium.10M.nostopwords.tasks -numConcurrentQueries 5 -taskRepeatCount 20 -field body -tasksPerCat 1 -searchConcurrency -1 -staticSeed 648875 -seed -5895180 -similarity BM25Similarity -commit multi -hiliteImpl FastVectorHighlighter -log /home/goankur/vsearch/logs/FAA.armA2.12 -topN 100 -context  -pk -pollute
      9.3 s
      241.9 actual sustained QPS; -1.0 CPU cores used
    armA:
      NOTE: using experimental CPU time profiler (see https://mostlynerdless.de/blog/2025/06/11/java-25s-new-cpu-time-profiler-1)
      log: /home/goankur/vsearch/logs/FAA.armA.12 + stdout
      run: /usr/bin/perf stat -dd -e task-clock,cycles,instructions,cache-references,cache-misses,L1-dcache-loads,L1-dcache-load-misses,L1-icache-loads,L1-icache-load-misses,LLC-loads,LLC-load-misses,LLC-stores,LLC-store-misses,LLC-prefetches,LLC-prefetch-misses,faults,minor-faults,major-faults,branches,branch-misses,stalled-cycles-frontend,stalled-cycles-backend /home/goankur/jdk/corretto-25/bin/java -server -Xms2g -Xmx2g --add-modules jdk.incubator.vector -XX:+HeapDumpOnOutOfMemoryError -XX:+UseParallelGC -XX:StartFlightRecording=jdk.CPUTimeSample#enabled=true,dumponexit=true,maxsize=250M,settings=/home/goankur/vsearch/util/src/python/profiling.jfc,filename=/home/goankur/vsearch/logs/bench-search-FAA-armA-12.jfr -XX:+UnlockDiagnosticVMOptions -XX:+DebugNonSafepoints -classpath /home/goankur/vsearch/bo/lucene-A/lucene/core/build/libs/lucene-core-11.0.0-SNAPSHOT.jar:/home/goankur/vsearch/bo/lucene-A/lucene/sandbox/build/classes/java/main:/home/goankur/vsearch/bo/lucene-A/lucene/misc/build/classes/java/main:/home/goankur/vsearch/bo/lucene-A/lucene/facet/build/classes/java/main:/home/goankur/vsearch/bo/lucene-A/lucene/analysis/common/build/classes/java/main:/home/goankur/vsearch/bo/lucene-A/lucene/analysis/icu/build/classes/java/main:/home/goankur/vsearch/bo/lucene-A/lucene/queryparser/build/classes/java/main:/home/goankur/vsearch/bo/lucene-A/lucene/grouping/build/classes/java/main:/home/goankur/vsearch/bo/lucene-A/lucene/suggest/build/classes/java/main:/home/goankur/vsearch/bo/lucene-A/lucene/highlighter/build/classes/java/main:/home/goankur/vsearch/bo/lucene-A/lucene/codecs/build/classes/java/main:/home/goankur/vsearch/bo/lucene-A/lucene/queries/build/classes/java/main:/home/goankur/vsearch/bo/lucene-A/lucene/join/build/classes/java/main:/home/goankur/vsearch/bo/lucene-A/lucene/spatial3d/build/classes/java/main:/home/goankur/vsearch/util/lib/HdrHistogram.jar:/home/goankur/vsearch/util/src/main/build/classes/java/main:/home/goankur/vsearch/util/build perf.SearchPerfTest -dirImpl MMapDirectory -indexPath /home/goankur/vsearch/indices/wikimedium10m.lucene-A.facets.taxonomy:Date.taxonomy:Month.taxonomy:DayOfYear.sortedset:Date.sortedset:Month.sortedset:DayOfYear.taxonomy:RandomLabel.sortedset:RandomLabel.Lucene90.Lucene104.dvfields.nd10M -facets taxonomy:Date;Date -facets taxonomy:Month;Month -facets taxonomy:DayOfYear;DayOfYear -facets sortedset:Date;Date -facets sortedset:Month;Month -facets sortedset:DayOfYear;DayOfYear -facets taxonomy:RandomLabel;RandomLabel -facets sortedset:RandomLabel;RandomLabel -analyzer StandardAnalyzer -taskSource /home/goankur/vsearch/util/tasks/wikimedium.10M.nostopwords.tasks -numConcurrentQueries 5 -taskRepeatCount 20 -field body -tasksPerCat 1 -searchConcurrency -1 -staticSeed 648875 -seed -5895180 -similarity BM25Similarity -commit multi -hiliteImpl FastVectorHighlighter -log /home/goankur/vsearch/logs/FAA.armA.12 -topN 100 -context  -pk -pollute
      9.2 s
      241.9 actual sustained QPS; -1.0 CPU cores used

Report after iter 12:
QPSChart.supported == False
                            Task     P50 B     P50 C     Diff     P90 B     P90 C     Diff     P99 B     P99 C     Diff    P999 B    P999 C     Diff    P100 B    P100 C     Diff
           ('AndHighHigh', None)     1.716     1.910    11.3%     5.794     7.531    30.0%    16.723    20.533    22.8%    16.723    20.533    22.8%    25.894    22.820   -11.9%
('AndHighHighDayTaxoFacets', None)    32.271    30.868    -4.3%    57.119    46.456   -18.7%   116.778   115.422    -1.2%   116.778   115.422    -1.2%   122.743   123.594     0.7%
            ('AndHighLow', None)     0.514     0.603    17.2%     2.490     1.435   -42.4%     2.778     1.491   -46.3%     2.778     1.491   -46.3%    10.006     2.446   -75.6%
            ('AndHighMed', None)     1.012     0.948    -6.4%     6.712     2.606   -61.2%     7.573     3.775   -50.1%     7.573     3.775   -50.1%    15.080     6.475   -57.1%
('AndHighMedDayTaxoFacets', None)     6.129     5.843    -4.7%    13.572     8.940   -34.1%    14.442    16.400    13.6%    14.442    16.400    13.6%   124.784   240.235    92.5%
     ('AndMissingHigh', 'Title')     0.323     0.295    -8.7%     0.979     0.690   -29.5%     1.435     0.800   -44.2%     1.435     0.800   -44.2%     5.396     1.247   -76.9%
              ('BM25MSM2', None)    17.310    19.819    14.5%    28.669    29.399     2.5%    38.064    37.766    -0.8%    38.064    37.766    -0.8%   207.650   203.068    -2.2%
  ('BrowseDateSSDVFacets', None)   345.093   344.199    -0.3%   402.026   379.136    -5.7%   417.885   383.726    -8.2%   417.885   383.726    -8.2%   607.681   616.692     1.5%
  ('BrowseDateTaxoFacets', None)    63.884    71.422    11.8%    77.740    80.701     3.8%    83.441    89.691     7.5%    83.441    89.691     7.5%   161.172   776.330   381.7%
('BrowseDayOfYearSSDVFacets', None)    71.793    66.758    -7.0%    89.185    89.286     0.1%    95.580    98.000     2.5%    95.580    98.000     2.5%   161.448   120.596   -25.3%
('BrowseDayOfYearTaxoFacets', None)    62.396    70.448    12.9%    75.338    84.434    12.1%    80.617    88.645    10.0%    80.617    88.645    10.0%    84.621   495.161   485.2%
 ('BrowseMonthSSDVFacets', None)    72.791    68.864    -5.4%    83.993    82.189    -2.1%    84.262    85.179     1.1%    84.262    85.179     1.1%   188.279   157.243   -16.5%
 ('BrowseMonthTaxoFacets', None)    27.261    27.767     1.9%    30.727    77.295   151.6%    31.236    90.651   190.2%    31.236    90.651   190.2%   348.742   294.652   -15.5%
('BrowseRandomLabelSSDVFacets', None)    93.317    92.755    -0.6%   132.105   132.513     0.3%   146.592   151.613     3.4%   146.592   151.613     3.4%   180.950   163.772    -9.5%
('BrowseRandomLabelTaxoFacets', None)    85.123    83.575    -1.8%   105.223   105.316     0.1%   110.907   144.993    30.7%   110.907   144.993    30.7%   141.499   767.499   442.4%
             ('ConstMSM2', None)     0.803     0.743    -7.5%     1.561     2.336    49.7%     1.596     6.017   276.9%     1.596     6.017   276.9%    14.511    13.702    -5.6%
                ('Fuzzy1', None)    10.105     9.042   -10.5%    21.598    15.755   -27.1%    22.653    16.276   -28.1%    22.653    16.276   -28.1%    46.898    25.634   -45.3%
                ('Fuzzy2', None)    15.100    14.875    -1.5%    27.424    27.926     1.8%    31.436    36.672    16.7%    31.436    36.672    16.7%   366.688   318.348   -13.2%
  ('HighIntervalsOrdered', None)    12.577    13.230     5.2%    22.652    23.241     2.6%    23.962    33.639    40.4%    23.962    33.639    40.4%   135.236   126.866    -6.2%
            ('HighPhrase', None)    10.078    10.220     1.4%    19.970    16.569   -17.0%    20.658    26.982    30.6%    20.658    26.982    30.6%    68.372    79.365    16.1%
      ('HighSloppyPhrase', None)    10.680     9.677    -9.4%    11.917    14.341    20.3%    19.775    14.934   -24.5%    19.775    14.934   -24.5%   118.062    94.868   -19.6%
          ('HighSpanNear', None)    14.727    15.346     4.2%    31.525    22.755   -27.8%    36.078    66.258    83.6%    36.078    66.258    83.6%   267.544   172.349   -35.6%
              ('HighTerm', None)     0.818     0.776    -5.0%     1.840     1.892     2.8%     3.399     2.233   -34.3%     3.399     2.233   -34.3%     9.689    11.514    18.8%
('HighTermDayOfYearSort', 'DayOfYear')     1.966     1.873    -4.8%     5.476     6.382    16.5%    14.071     9.884   -29.8%    14.071     9.884   -29.8%   106.691    63.585   -40.4%
  ('HighTermMonthSort', 'Month')     0.742     0.669    -9.9%     2.001     1.511   -24.5%     2.844     2.243   -21.1%     2.844     2.243   -21.1%    16.849    13.636   -19.1%
('HighTermTitleBDVSort', 'TitleBinary')    13.457    13.904     3.3%    32.602    24.169   -25.9%    33.963    24.954   -26.5%    33.963    24.954   -26.5%    77.946   100.402    28.8%
  ('HighTermTitleSort', 'Title')     9.200     9.381     2.0%    25.127    17.997   -28.4%    59.252    47.183   -20.4%    59.252    47.183   -20.4%    97.009    64.325   -33.7%
                ('IntNRQ', None)     1.817     1.876     3.2%     5.861     3.931   -32.9%    13.053     5.291   -59.5%    13.053     5.291   -59.5%    99.907    35.078   -64.9%
                ('IntSet', None)     1.585     1.608     1.4%     6.709     7.486    11.6%    10.827    18.930    74.9%    10.827    18.930    74.9%    27.900    36.573    31.1%
   ('LowIntervalsOrdered', None)     3.933     4.248     8.0%     7.831     6.518   -16.8%    10.000     7.622   -23.8%    10.000     7.622   -23.8%    15.719    11.953   -24.0%
             ('LowPhrase', None)     5.517     5.210    -5.6%    11.442     7.293   -36.3%    14.561    17.703    21.6%    14.561    17.703    21.6%    14.871    21.995    47.9%
       ('LowSloppyPhrase', None)     3.874     4.131     6.6%     8.316     7.275   -12.5%    11.118    10.038    -9.7%    11.118    10.038    -9.7%    29.982    24.781   -17.3%
           ('LowSpanNear', None)     4.508     4.344    -3.6%    12.170     9.890   -18.7%    13.231    11.068   -16.4%    13.231    11.068   -16.4%    82.179    50.921   -38.0%
               ('LowTerm', None)     0.452     0.428    -5.2%     1.099     0.675   -38.6%     1.681     1.922    14.4%     1.681     1.922    14.4%     2.565    13.336   419.9%
   ('MedIntervalsOrdered', None)     2.689     2.732     1.6%     5.745     4.563   -20.6%    11.051     5.923   -46.4%    11.051     5.923   -46.4%    13.030    11.589   -11.1%
             ('MedPhrase', None)     4.632     4.165   -10.1%    10.706     8.952   -16.4%    11.194     9.126   -18.5%    11.194     9.126   -18.5%   102.511    91.348   -10.9%
       ('MedSloppyPhrase', None)    21.961    20.949    -4.6%    27.043    40.576    50.0%    40.650    40.951     0.7%    40.650    40.951     0.7%    44.115    45.545     3.2%
           ('MedSpanNear', None)     4.673     4.874     4.3%    14.147     7.969   -43.7%    15.706    19.337    23.1%    15.706    19.337    23.1%    23.266    24.826     6.7%
               ('MedTerm', None)     0.676     0.678     0.3%     2.089     2.095     0.3%     2.263     3.578    58.1%     2.263     3.578    58.1%    96.240    66.809   -30.6%
  ('MedTermDayTaxoFacets', None)    10.895    11.073     1.6%    32.623    33.775     3.5%    39.591    41.836     5.7%    39.591    41.836     5.7%    48.549    50.433     3.9%
            ('OrHighHigh', None)     2.497     1.767   -29.2%     4.205     4.279     1.8%    13.020     6.407   -50.8%    13.020     6.407   -50.8%    21.925    15.377   -29.9%
             ('OrHighLow', None)     0.831     0.890     7.1%     3.363     1.463   -56.5%     3.596     1.830   -49.1%     3.596     1.830   -49.1%     7.161     3.089   -56.9%
             ('OrHighMed', None)     1.044     1.208    15.7%     3.576     3.148   -12.0%    15.092     5.348   -64.6%    15.092     5.348   -64.6%    20.020    13.685   -31.6%
('OrHighMedDayTaxoFacets', None)    30.675    30.662    -0.0%    44.106    35.856   -18.7%   109.908    91.246   -17.0%   109.908    91.246   -17.0%   184.656   146.635   -20.6%
         ('OrHighNotHigh', None)     1.274     1.450    13.8%     4.563     3.899   -14.5%     6.379     4.086   -36.0%     6.379     4.086   -36.0%     6.630     8.096    22.1%
          ('OrHighNotLow', None)     1.537     2.056    33.8%     3.574     4.811    34.6%     3.685     5.161    40.1%     3.685     5.161    40.1%    16.073    26.911    67.4%
          ('OrHighNotMed', None)     1.593     2.096    31.6%     7.242     8.241    13.8%     8.778     8.840     0.7%     8.778     8.840     0.7%    16.905     8.978   -46.9%
         ('OrNotHighHigh', None)     1.285     1.513    17.7%     2.887     3.068     6.3%    10.277     8.329   -19.0%    10.277     8.329   -19.0%    12.269    10.505   -14.4%
          ('OrNotHighLow', None)     0.671     0.679     1.1%     1.745     1.836     5.2%     2.602     4.053    55.8%     2.602     4.053    55.8%     4.100     6.312    53.9%
          ('OrNotHighMed', None)     1.070     1.052    -1.7%     6.924     2.165   -68.7%    10.584     2.546   -75.9%    10.584     2.546   -75.9%   127.321   124.652    -2.1%
                   ('PKLookup',)     4.719     5.359    13.5%    10.159     9.195    -9.5%    28.213    16.037   -43.2%    28.213    16.037   -43.2%    40.934    17.276   -57.8%
               ('Prefix3', None)     0.968     0.806   -16.7%     3.502     2.922   -16.6%    17.619    13.573   -23.0%    17.619    13.573   -23.0%    21.357    14.713   -31.1%
                    ('Respell',)    13.579    15.993    17.8%    28.326    22.213   -21.6%    35.545    24.014   -32.4%    35.545    24.014   -32.4%    76.752    47.179   -38.5%
('TermDateTimeSort', 'DateTime')     2.891     2.791    -3.4%     8.449     7.540   -10.8%    12.281     9.612   -21.7%    12.281     9.612   -21.7%    53.413    59.685    11.7%
              ('Wildcard', None)     5.735     5.491    -4.3%    15.736    17.700    12.5%    19.034    32.364    70.0%    19.034    32.364    70.0%    51.657    41.035   -20.6%
                 ('range', None)     0.201     0.191    -5.2%     0.831     0.684   -17.7%     5.240     0.873   -83.3%     5.240     0.873   -83.3%    12.277    12.337     0.5%
                            Task    QPS armA      StdDev   QPS armA2      StdDev                Pct diff p-value
                     AndHighHigh      644.69      (6.0%)      599.81      (9.2%)   -7.0% ( -20% -    8%) 0.022
                         Respell       71.90      (6.5%)       67.31      (6.1%)   -6.4% ( -17% -    6%) 0.010
       BrowseDayOfYearSSDVFacets       16.49     (14.7%)       15.47      (9.6%)   -6.1% ( -26% -   21%) 0.206
                    OrHighNotLow      812.34      (6.8%)      767.26      (9.4%)   -5.5% ( -20% -   11%) 0.084
                        PKLookup      227.67      (8.9%)      219.82      (7.9%)   -3.4% ( -18% -   14%) 0.297
                    OrHighNotMed      698.15      (5.3%)      674.17     (10.2%)   -3.4% ( -18% -   12%) 0.282
                   OrNotHighHigh      822.90      (5.4%)      798.48      (8.1%)   -3.0% ( -15% -   11%) 0.270
                          IntSet      675.29      (8.8%)      655.28      (6.3%)   -3.0% ( -16% -   13%) 0.326
                       MedPhrase      238.35      (8.0%)      231.55      (8.2%)   -2.9% ( -17% -   14%) 0.370
                         MedTerm     1598.24      (3.8%)     1559.64      (7.5%)   -2.4% ( -13% -    9%) 0.300
                   OrHighNotHigh      853.31      (6.2%)      833.28      (8.8%)   -2.3% ( -16% -   13%) 0.431
                     MedSpanNear      211.16      (1.7%)      206.54      (3.6%)   -2.2% (  -7% -    3%) 0.049
           BrowseMonthSSDVFacets       16.87     (15.3%)       16.52     (15.7%)   -2.1% ( -28% -   34%) 0.730
                    HighSpanNear       69.73      (3.0%)       68.38      (3.2%)   -1.9% (  -7% -    4%) 0.111
                       LowPhrase      195.95      (4.1%)      192.23      (5.5%)   -1.9% ( -11% -    7%) 0.316
                 LowSloppyPhrase      258.21      (5.5%)      253.54      (8.8%)   -1.8% ( -15% -   13%) 0.532
                HighSloppyPhrase      105.97      (7.6%)      104.17      (7.5%)   -1.7% ( -15% -   14%) 0.564
         AndHighMedDayTaxoFacets      180.89      (3.2%)      177.89      (5.3%)   -1.7% (  -9% -    6%) 0.329
                          IntNRQ      651.73      (8.0%)      641.11     (10.9%)   -1.6% ( -18% -   18%) 0.664
     BrowseRandomLabelSSDVFacets       10.86      (4.4%)       10.68      (6.0%)   -1.6% ( -11% -    9%) 0.428
                      OrHighHigh      572.19      (5.3%)      563.48      (9.9%)   -1.5% ( -15% -   14%) 0.626
                        HighTerm     1199.93      (6.1%)     1182.49     (11.9%)   -1.5% ( -18% -   17%) 0.694
                         LowTerm     2486.31      (4.2%)     2450.69      (6.8%)   -1.4% ( -11% -   10%) 0.521
                        BM25MSM2       56.96      (6.8%)       56.15      (8.3%)   -1.4% ( -15% -   14%) 0.633
                    OrNotHighLow     1634.61      (5.6%)     1615.22      (5.5%)   -1.2% ( -11% -   10%) 0.586
        AndHighHighDayTaxoFacets       34.67      (4.5%)       34.34      (4.9%)   -1.0% (  -9% -    8%) 0.600
             LowIntervalsOrdered      253.87      (7.6%)      251.56      (7.0%)   -0.9% ( -14% -   14%) 0.752
                     LowSpanNear      221.92      (6.1%)      220.44      (8.2%)   -0.7% ( -14% -   14%) 0.814
          OrHighMedDayTaxoFacets       37.61      (6.6%)       37.37      (8.0%)   -0.6% ( -14% -   14%) 0.825
                      AndHighMed      991.00      (7.8%)      985.34      (8.3%)   -0.6% ( -15% -   16%) 0.857
           HighTermDayOfYearSort      497.65      (8.1%)      496.21      (7.9%)   -0.3% ( -15% -   17%) 0.926
                          Fuzzy1      109.26      (5.1%)      108.95      (6.7%)   -0.3% ( -11% -   12%) 0.902
                      HighPhrase       98.71      (2.6%)       98.58      (2.3%)   -0.1% (  -4% -    4%) 0.889
            HighTermTitleBDVSort       72.93      (4.7%)       72.96      (6.8%)    0.0% ( -10% -   12%) 0.989
                      TermDTSort      369.85      (6.6%)      370.37      (7.0%)    0.1% ( -12% -   14%) 0.958
                          Fuzzy2       75.72      (5.8%)       75.90      (5.9%)    0.2% ( -10% -   12%) 0.920
                         Prefix3     1162.22      (8.7%)     1165.25      (9.1%)    0.3% ( -16% -   19%) 0.940
            MedTermDayTaxoFacets       92.67      (6.8%)       92.92      (7.1%)    0.3% ( -12% -   15%) 0.919
                      AndHighLow     1944.24      (6.4%)     1954.55      (5.0%)    0.5% ( -10% -   12%) 0.813
                       OrHighLow     1233.51      (5.5%)     1240.69      (5.2%)    0.6% (  -9% -   11%) 0.782
                 MedSloppyPhrase       49.25      (3.9%)       49.56      (3.1%)    0.6% (  -6% -    7%) 0.647
                    OrNotHighMed      983.90      (5.1%)      990.32     (10.7%)    0.7% ( -14% -   17%) 0.842
                        Wildcard      181.24      (3.3%)      182.51      (2.1%)    0.7% (  -4% -    6%) 0.519
                  AndMissingHigh     3550.94      (7.6%)     3575.98      (5.3%)    0.7% ( -11% -   14%) 0.785
                       ConstMSM2     1308.39      (5.9%)     1319.75      (5.1%)    0.9% (  -9% -   12%) 0.689
               HighTermTitleSort      118.24      (7.1%)      119.99      (9.5%)    1.5% ( -14% -   19%) 0.652
            HighIntervalsOrdered       74.31     (10.4%)       75.51      (9.4%)    1.6% ( -16% -   23%) 0.676
                       OrHighMed     1038.89      (9.1%)     1055.86      (5.8%)    1.6% ( -12% -   18%) 0.586
            BrowseDateSSDVFacets        2.85      (6.9%)        2.91      (6.2%)    2.0% ( -10% -   16%) 0.442
             MedIntervalsOrdered      364.83      (9.4%)      373.93      (7.5%)    2.5% ( -13% -   21%) 0.454
                           range     6016.01      (9.0%)     6196.10      (8.4%)    3.0% ( -13% -   22%) 0.382
               HighTermMonthSort     1531.46      (6.5%)     1585.57      (6.4%)    3.5% (  -8% -   17%) 0.163
           BrowseMonthTaxoFacets       34.94     (28.8%)       36.58     (22.3%)    4.7% ( -36% -   78%) 0.642
     BrowseRandomLabelTaxoFacets       12.47      (5.2%)       13.55     (37.7%)    8.7% ( -32% -   54%) 0.412
            BrowseDateTaxoFacets       14.90      (6.3%)       16.75     (45.1%)   12.4% ( -36% -   68%) 0.327
       BrowseDayOfYearTaxoFacets       15.52      (4.3%)       17.60     (48.0%)   13.4% ( -37% -   68%) 0.316
  iter 13
    armA:
      NOTE: using experimental CPU time profiler (see https://mostlynerdless.de/blog/2025/06/11/java-25s-new-cpu-time-profiler-1)
      log: /home/goankur/vsearch/logs/FAA.armA.13 + stdout
      run: /usr/bin/perf stat -dd -e task-clock,cycles,instructions,cache-references,cache-misses,L1-dcache-loads,L1-dcache-load-misses,L1-icache-loads,L1-icache-load-misses,LLC-loads,LLC-load-misses,LLC-stores,LLC-store-misses,LLC-prefetches,LLC-prefetch-misses,faults,minor-faults,major-faults,branches,branch-misses,stalled-cycles-frontend,stalled-cycles-backend /home/goankur/jdk/corretto-25/bin/java -server -Xms2g -Xmx2g --add-modules jdk.incubator.vector -XX:+HeapDumpOnOutOfMemoryError -XX:+UseParallelGC -XX:StartFlightRecording=jdk.CPUTimeSample#enabled=true,dumponexit=true,maxsize=250M,settings=/home/goankur/vsearch/util/src/python/profiling.jfc,filename=/home/goankur/vsearch/logs/bench-search-FAA-armA-13.jfr -XX:+UnlockDiagnosticVMOptions -XX:+DebugNonSafepoints -classpath /home/goankur/vsearch/bo/lucene-A/lucene/core/build/libs/lucene-core-11.0.0-SNAPSHOT.jar:/home/goankur/vsearch/bo/lucene-A/lucene/sandbox/build/classes/java/main:/home/goankur/vsearch/bo/lucene-A/lucene/misc/build/classes/java/main:/home/goankur/vsearch/bo/lucene-A/lucene/facet/build/classes/java/main:/home/goankur/vsearch/bo/lucene-A/lucene/analysis/common/build/classes/java/main:/home/goankur/vsearch/bo/lucene-A/lucene/analysis/icu/build/classes/java/main:/home/goankur/vsearch/bo/lucene-A/lucene/queryparser/build/classes/java/main:/home/goankur/vsearch/bo/lucene-A/lucene/grouping/build/classes/java/main:/home/goankur/vsearch/bo/lucene-A/lucene/suggest/build/classes/java/main:/home/goankur/vsearch/bo/lucene-A/lucene/highlighter/build/classes/java/main:/home/goankur/vsearch/bo/lucene-A/lucene/codecs/build/classes/java/main:/home/goankur/vsearch/bo/lucene-A/lucene/queries/build/classes/java/main:/home/goankur/vsearch/bo/lucene-A/lucene/join/build/classes/java/main:/home/goankur/vsearch/bo/lucene-A/lucene/spatial3d/build/classes/java/main:/home/goankur/vsearch/util/lib/HdrHistogram.jar:/home/goankur/vsearch/util/src/main/build/classes/java/main:/home/goankur/vsearch/util/build perf.SearchPerfTest -dirImpl MMapDirectory -indexPath /home/goankur/vsearch/indices/wikimedium10m.lucene-A.facets.taxonomy:Date.taxonomy:Month.taxonomy:DayOfYear.sortedset:Date.sortedset:Month.sortedset:DayOfYear.taxonomy:RandomLabel.sortedset:RandomLabel.Lucene90.Lucene104.dvfields.nd10M -facets taxonomy:Date;Date -facets taxonomy:Month;Month -facets taxonomy:DayOfYear;DayOfYear -facets sortedset:Date;Date -facets sortedset:Month;Month -facets sortedset:DayOfYear;DayOfYear -facets taxonomy:RandomLabel;RandomLabel -facets sortedset:RandomLabel;RandomLabel -analyzer StandardAnalyzer -taskSource /home/goankur/vsearch/util/tasks/wikimedium.10M.nostopwords.tasks -numConcurrentQueries 5 -taskRepeatCount 20 -field body -tasksPerCat 1 -searchConcurrency -1 -staticSeed 648875 -seed -6808594 -similarity BM25Similarity -commit multi -hiliteImpl FastVectorHighlighter -log /home/goankur/vsearch/logs/FAA.armA.13 -topN 100 -context  -pk -pollute
      9.2 s
      247.3 actual sustained QPS; -1.0 CPU cores used
    armA2:
      NOTE: using experimental CPU time profiler (see https://mostlynerdless.de/blog/2025/06/11/java-25s-new-cpu-time-profiler-1)
      log: /home/goankur/vsearch/logs/FAA.armA2.13 + stdout
      run: /usr/bin/perf stat -dd -e task-clock,cycles,instructions,cache-references,cache-misses,L1-dcache-loads,L1-dcache-load-misses,L1-icache-loads,L1-icache-load-misses,LLC-loads,LLC-load-misses,LLC-stores,LLC-store-misses,LLC-prefetches,LLC-prefetch-misses,faults,minor-faults,major-faults,branches,branch-misses,stalled-cycles-frontend,stalled-cycles-backend /home/goankur/jdk/corretto-25/bin/java -server -Xms2g -Xmx2g --add-modules jdk.incubator.vector -XX:+HeapDumpOnOutOfMemoryError -XX:+UseParallelGC -XX:StartFlightRecording=jdk.CPUTimeSample#enabled=true,dumponexit=true,maxsize=250M,settings=/home/goankur/vsearch/util/src/python/profiling.jfc,filename=/home/goankur/vsearch/logs/bench-search-FAA-armA2-13.jfr -XX:+UnlockDiagnosticVMOptions -XX:+DebugNonSafepoints -classpath /home/goankur/vsearch/bo/lucene-A/lucene/core/build/libs/lucene-core-11.0.0-SNAPSHOT.jar:/home/goankur/vsearch/bo/lucene-A/lucene/sandbox/build/classes/java/main:/home/goankur/vsearch/bo/lucene-A/lucene/misc/build/classes/java/main:/home/goankur/vsearch/bo/lucene-A/lucene/facet/build/classes/java/main:/home/goankur/vsearch/bo/lucene-A/lucene/analysis/common/build/classes/java/main:/home/goankur/vsearch/bo/lucene-A/lucene/analysis/icu/build/classes/java/main:/home/goankur/vsearch/bo/lucene-A/lucene/queryparser/build/classes/java/main:/home/goankur/vsearch/bo/lucene-A/lucene/grouping/build/classes/java/main:/home/goankur/vsearch/bo/lucene-A/lucene/suggest/build/classes/java/main:/home/goankur/vsearch/bo/lucene-A/lucene/highlighter/build/classes/java/main:/home/goankur/vsearch/bo/lucene-A/lucene/codecs/build/classes/java/main:/home/goankur/vsearch/bo/lucene-A/lucene/queries/build/classes/java/main:/home/goankur/vsearch/bo/lucene-A/lucene/join/build/classes/java/main:/home/goankur/vsearch/bo/lucene-A/lucene/spatial3d/build/classes/java/main:/home/goankur/vsearch/util/lib/HdrHistogram.jar:/home/goankur/vsearch/util/src/main/build/classes/java/main:/home/goankur/vsearch/util/build perf.SearchPerfTest -dirImpl MMapDirectory -indexPath /home/goankur/vsearch/indices/wikimedium10m.lucene-A.facets.taxonomy:Date.taxonomy:Month.taxonomy:DayOfYear.sortedset:Date.sortedset:Month.sortedset:DayOfYear.taxonomy:RandomLabel.sortedset:RandomLabel.Lucene90.Lucene104.dvfields.nd10M -facets taxonomy:Date;Date -facets taxonomy:Month;Month -facets taxonomy:DayOfYear;DayOfYear -facets sortedset:Date;Date -facets sortedset:Month;Month -facets sortedset:DayOfYear;DayOfYear -facets taxonomy:RandomLabel;RandomLabel -facets sortedset:RandomLabel;RandomLabel -analyzer StandardAnalyzer -taskSource /home/goankur/vsearch/util/tasks/wikimedium.10M.nostopwords.tasks -numConcurrentQueries 5 -taskRepeatCount 20 -field body -tasksPerCat 1 -searchConcurrency -1 -staticSeed 648875 -seed -6808594 -similarity BM25Similarity -commit multi -hiliteImpl FastVectorHighlighter -log /home/goankur/vsearch/logs/FAA.armA2.13 -topN 100 -context  -pk -pollute
      9.2 s
      232.1 actual sustained QPS; -1.0 CPU cores used

Report after iter 13:
QPSChart.supported == False
                            Task     P50 B     P50 C     Diff     P90 B     P90 C     Diff     P99 B     P99 C     Diff    P999 B    P999 C     Diff    P100 B    P100 C     Diff
           ('AndHighHigh', None)     2.687     1.489   -44.6%     5.599     5.280    -5.7%     5.760     5.712    -0.8%     5.760     5.712    -0.8%    13.566    10.794   -20.4%
('AndHighHighDayTaxoFacets', None)    29.386    25.866   -12.0%    53.481    49.681    -7.1%    67.547    60.477   -10.5%    67.547    60.477   -10.5%   149.651   112.932   -24.5%
            ('AndHighLow', None)     0.553     0.488   -11.8%     1.403     1.603    14.2%     1.942     2.061     6.1%     1.942     2.061     6.1%    18.145     2.378   -86.9%
            ('AndHighMed', None)     1.258     1.288     2.4%     4.036     2.771   -31.3%     5.659     3.038   -46.3%     5.659     3.038   -46.3%    14.529    11.004   -24.3%
('AndHighMedDayTaxoFacets', None)     5.857     5.789    -1.1%    12.752    10.124   -20.6%    19.167    18.895    -1.4%    19.167    18.895    -1.4%    45.351    29.619   -34.7%
     ('AndMissingHigh', 'Title')     0.311     0.313     0.6%     0.831     0.704   -15.3%     1.020     1.076     5.5%     1.020     1.076     5.5%     1.115     1.960    75.8%
              ('BM25MSM2', None)    18.119    17.086    -5.7%    31.703    31.265    -1.4%    36.739    31.817   -13.4%    36.739    31.817   -13.4%   236.959   126.263   -46.7%
  ('BrowseDateSSDVFacets', None)   342.316   337.806    -1.3%   376.115   371.211    -1.3%   407.349   379.227    -6.9%   407.349   379.227    -6.9%   564.723   494.348   -12.5%
  ('BrowseDateTaxoFacets', None)    67.737    64.115    -5.3%    74.911    72.218    -3.6%    83.707    74.535   -11.0%    83.707    74.535   -11.0%    90.385    77.292   -14.5%
('BrowseDayOfYearSSDVFacets', None)    60.949    64.737     6.2%    83.241    89.115     7.1%    83.656    89.216     6.6%    83.656    89.216     6.6%   168.636   170.638     1.2%
('BrowseDayOfYearTaxoFacets', None)    61.963    60.701    -2.0%    75.607    73.283    -3.1%    76.129    76.532     0.5%    76.129    76.532     0.5%   189.601   134.251   -29.2%
 ('BrowseMonthSSDVFacets', None)    68.245    72.751     6.6%    84.994    82.760    -2.6%    88.647    83.777    -5.5%    88.647    83.777    -5.5%   226.174   215.447    -4.7%
 ('BrowseMonthTaxoFacets', None)    27.010    84.375   212.4%    29.856    94.414   216.2%    29.896    95.523   219.5%    29.896    95.523   219.5%   217.377   230.308     5.9%
('BrowseRandomLabelSSDVFacets', None)    97.766    96.652    -1.1%   143.739   150.683     4.8%   151.706   168.747    11.2%   151.706   168.747    11.2%   234.779   268.333    14.3%
('BrowseRandomLabelTaxoFacets', None)    82.710    83.495     0.9%   102.502    93.970    -8.3%   108.195    96.507   -10.8%   108.195    96.507   -10.8%   146.108   123.343   -15.6%
             ('ConstMSM2', None)     0.763     0.706    -7.5%     1.155     1.215     5.2%     2.088     2.419    15.9%     2.088     2.419    15.9%    24.941    18.066   -27.6%
                ('Fuzzy1', None)    10.571     9.907    -6.3%    15.876    22.868    44.0%    16.418    24.353    48.3%    16.418    24.353    48.3%   419.535   276.331   -34.1%
                ('Fuzzy2', None)    14.907    13.844    -7.1%    30.522    26.099   -14.5%    44.004    27.502   -37.5%    44.004    27.502   -37.5%    86.616    77.758   -10.2%
  ('HighIntervalsOrdered', None)    18.267    14.953   -18.1%    38.031    24.870   -34.6%    42.315    27.183   -35.8%    42.315    27.183   -35.8%   186.014   182.052    -2.1%
            ('HighPhrase', None)    10.197    10.156    -0.4%    21.818    21.294    -2.4%    64.130    45.931   -28.4%    64.130    45.931   -28.4%    84.760    47.802   -43.6%
      ('HighSloppyPhrase', None)    10.520     9.418   -10.5%    12.059    12.245     1.5%    32.112    22.412   -30.2%    32.112    22.412   -30.2%   285.373   235.175   -17.6%
          ('HighSpanNear', None)    15.097    15.478     2.5%    24.287    26.966    11.0%    29.344    43.820    49.3%    29.344    43.820    49.3%   266.587   196.835   -26.2%
              ('HighTerm', None)     1.064     0.956   -10.2%     2.114     2.878    36.2%     3.765     2.913   -22.6%     3.765     2.913   -22.6%    13.249     3.566   -73.1%
('HighTermDayOfYearSort', 'DayOfYear')     2.134     2.072    -2.9%     6.602     8.975    35.9%     8.823    13.996    58.6%     8.823    13.996    58.6%    33.254    19.774   -40.5%
  ('HighTermMonthSort', 'Month')     0.696     0.777    11.7%     1.657     1.423   -14.1%     1.735     2.114    21.9%     1.735     2.114    21.9%     3.208     4.152    29.4%
('HighTermTitleBDVSort', 'TitleBinary')    13.072    12.713    -2.7%    29.349    35.051    19.4%    34.158    44.858    31.3%    34.158    44.858    31.3%    63.898    86.384    35.2%
  ('HighTermTitleSort', 'Title')     8.267     8.596     4.0%    17.465    16.851    -3.5%    53.536    64.397    20.3%    53.536    64.397    20.3%   167.281   139.140   -16.8%
                ('IntNRQ', None)     1.465     1.888    28.8%     6.180     5.740    -7.1%     9.790     5.796   -40.8%     9.790     5.796   -40.8%    42.715    60.975    42.7%
                ('IntSet', None)     1.793     1.526   -14.9%     6.433     7.821    21.6%     6.645     8.039    21.0%     6.645     8.039    21.0%    18.108    62.796   246.8%
   ('LowIntervalsOrdered', None)     5.391     4.146   -23.1%     7.193    10.111    40.6%     7.229    11.518    59.3%     7.229    11.518    59.3%    18.496   105.896   472.5%
             ('LowPhrase', None)     5.182     5.405     4.3%    11.645    15.207    30.6%    15.500    21.212    36.9%    15.500    21.212    36.9%    53.044    94.953    79.0%
       ('LowSloppyPhrase', None)     4.117     3.952    -4.0%    11.394     9.209   -19.2%    12.077     9.392   -22.2%    12.077     9.392   -22.2%    15.058    17.789    18.1%
           ('LowSpanNear', None)     4.867     4.334   -11.0%    15.715    11.032   -29.8%    21.135    16.080   -23.9%    21.135    16.080   -23.9%    24.311    26.091     7.3%
               ('LowTerm', None)     0.481     0.399   -16.9%     1.471     1.085   -26.3%     1.737     1.648    -5.1%     1.737     1.648    -5.1%     2.221     2.156    -2.9%
   ('MedIntervalsOrdered', None)     2.977     2.942    -1.2%     5.996     4.713   -21.4%     6.321     6.632     4.9%     6.321     6.632     4.9%     7.489     7.007    -6.4%
             ('MedPhrase', None)     4.827     4.103   -15.0%    12.832    13.516     5.3%    28.091    13.995   -50.2%    28.091    13.995   -50.2%    91.450    88.781    -2.9%
       ('MedSloppyPhrase', None)    20.850    21.280     2.1%    45.611    35.196   -22.8%    56.801    43.775   -22.9%    56.801    43.775   -22.9%   132.164   108.233   -18.1%
           ('MedSpanNear', None)     4.829     5.387    11.6%    18.034    14.869   -17.6%    18.742    15.464   -17.5%    18.742    15.464   -17.5%    26.940    18.406   -31.7%
               ('MedTerm', None)     0.901     0.814    -9.6%     2.672     1.452   -45.6%     3.013     2.001   -33.6%     3.013     2.001   -33.6%     7.951     4.542   -42.9%
  ('MedTermDayTaxoFacets', None)    11.610    11.962     3.0%    17.626    15.479   -12.2%    27.737    20.618   -25.7%    27.737    20.618   -25.7%   422.042   390.321    -7.5%
            ('OrHighHigh', None)     2.179     2.193     0.7%    10.707     6.670   -37.7%    24.368    17.208   -29.4%    24.368    17.208   -29.4%    25.958    22.832   -12.0%
             ('OrHighLow', None)     0.817     0.784    -4.1%     2.897     1.396   -51.8%     5.437     3.119   -42.6%     5.437     3.119   -42.6%     6.114     5.520    -9.7%
             ('OrHighMed', None)     1.167     0.986   -15.5%     6.596     3.731   -43.4%    12.611    13.439     6.6%    12.611    13.439     6.6%    46.777    74.614    59.5%
('OrHighMedDayTaxoFacets', None)    23.992    26.344     9.8%    44.440    76.031    71.1%   115.711   109.010    -5.8%   115.711   109.010    -5.8%   127.445   121.069    -5.0%
         ('OrHighNotHigh', None)     1.685     1.421   -15.7%     3.677     3.485    -5.2%     4.497     3.696   -17.8%     4.497     3.696   -17.8%    34.563     6.298   -81.8%
          ('OrHighNotLow', None)     1.892     1.304   -31.1%     3.716     2.966   -20.2%     7.052     3.092   -56.2%     7.052     3.092   -56.2%    11.050     4.135   -62.6%
          ('OrHighNotMed', None)     1.764     1.451   -17.8%     7.113     3.008   -57.7%     9.878     6.873   -30.4%     9.878     6.873   -30.4%    49.282    39.056   -20.7%
         ('OrNotHighHigh', None)     1.385     1.214   -12.3%     2.758     2.685    -2.7%     3.428     3.146    -8.2%     3.428     3.146    -8.2%     8.858    11.272    27.2%
          ('OrNotHighLow', None)     0.690     0.731     6.0%     1.837     2.255    22.8%     2.439     2.976    22.0%     2.439     2.976    22.0%     2.880    10.255   256.1%
          ('OrNotHighMed', None)     1.836     1.104   -39.9%     3.901     2.345   -39.9%     7.111     2.950   -58.5%     7.111     2.950   -58.5%    10.319     5.390   -47.8%
                   ('PKLookup',)     4.559     5.465    19.9%     9.258     9.485     2.5%    13.605    18.036    32.6%    13.605    18.036    32.6%    33.563    27.541   -17.9%
               ('Prefix3', None)     1.163     0.929   -20.1%     3.855     2.723   -29.4%     5.542     4.927   -11.1%     5.542     4.927   -11.1%    27.118    27.180     0.2%
                    ('Respell',)    17.318    14.523   -16.1%    22.320    20.503    -8.1%    31.743    31.824     0.3%    31.743    31.824     0.3%    49.877    43.908   -12.0%
('TermDateTimeSort', 'DateTime')     2.353     2.604    10.7%     9.474     6.040   -36.2%    11.718    11.910     1.6%    11.718    11.910     1.6%    79.393    88.821    11.9%
              ('Wildcard', None)     5.908     5.653    -4.3%     9.913     9.520    -4.0%    10.512    12.815    21.9%    10.512    12.815    21.9%    26.274    25.311    -3.7%
                 ('range', None)     0.186     0.179    -4.0%     0.652     0.601    -7.8%     1.335     0.952   -28.7%     1.335     0.952   -28.7%     2.693     3.139    16.6%
                            Task    QPS armA      StdDev   QPS armA2      StdDev                Pct diff p-value
       BrowseDayOfYearSSDVFacets       16.51     (14.1%)       15.51      (9.2%)   -6.1% ( -25% -   19%) 0.174
                         Respell       70.91      (8.2%)       67.71      (6.3%)   -4.5% ( -17% -   10%) 0.104
                        PKLookup      227.68      (8.6%)      217.65      (8.4%)   -4.4% ( -19% -   13%) 0.169
                    OrHighNotLow      801.58      (8.3%)      769.04      (9.2%)   -4.1% ( -19% -   14%) 0.219
                     AndHighHigh      627.98     (11.6%)      607.66     (10.2%)   -3.2% ( -22% -   20%) 0.432
                     MedSpanNear      211.23      (1.6%)      205.46      (4.0%)   -2.7% (  -8% -    2%) 0.018
                          IntNRQ      655.83      (8.0%)      639.72     (10.4%)   -2.5% ( -19% -   17%) 0.484
           BrowseMonthSSDVFacets       16.74     (15.1%)       16.35     (15.7%)   -2.3% ( -28% -   33%) 0.687
                    OrNotHighLow     1637.56      (5.4%)     1603.12      (5.9%)   -2.1% ( -12% -    9%) 0.328
                       LowPhrase      196.33      (4.0%)      192.36      (5.2%)   -2.0% ( -10% -    7%) 0.251
                       MedPhrase      237.43      (7.9%)      232.63      (8.1%)   -2.0% ( -16% -   15%) 0.504
                    OrHighNotMed      689.97      (6.8%)      676.56     (10.0%)   -1.9% ( -17% -   15%) 0.548
                    HighSpanNear       69.55      (3.1%)       68.20      (3.2%)   -1.9% (  -7% -    4%) 0.104
                   OrNotHighHigh      816.88      (5.9%)      801.49      (7.9%)   -1.9% ( -14% -   12%) 0.476
                          IntSet      669.33      (9.2%)      658.23      (6.4%)   -1.7% ( -15% -   15%) 0.579
                 LowSloppyPhrase      258.18      (5.3%)      254.41      (8.6%)   -1.5% ( -14% -   13%) 0.588
                   OrHighNotHigh      838.66      (8.9%)      826.50      (9.1%)   -1.5% ( -17% -   18%) 0.670
         AndHighMedDayTaxoFacets      180.44      (3.2%)      178.06      (5.1%)   -1.3% (  -9% -    7%) 0.411
          OrHighMedDayTaxoFacets       38.00      (7.4%)       37.51      (7.7%)   -1.3% ( -15% -   14%) 0.650
                      AndHighMed      986.61      (7.7%)      975.62      (8.8%)   -1.1% ( -16% -   16%) 0.722
     BrowseRandomLabelSSDVFacets       10.83      (4.3%)       10.71      (5.8%)   -1.1% ( -10% -    9%) 0.568
                        BM25MSM2       57.09      (6.6%)       56.48      (8.2%)   -1.1% ( -14% -   14%) 0.705
                      OrHighHigh      566.12      (6.5%)      560.32      (9.9%)   -1.0% ( -16% -   16%) 0.746
                      TermDTSort      374.95      (8.1%)      371.78      (6.8%)   -0.8% ( -14% -   15%) 0.764
           BrowseMonthTaxoFacets       35.11     (27.6%)       34.81     (28.5%)   -0.8% ( -44% -   76%) 0.937
           HighTermDayOfYearSort      500.16      (8.0%)      497.27      (7.6%)   -0.6% ( -14% -   16%) 0.844
                          Fuzzy1      109.25      (4.9%)      108.63      (6.5%)   -0.6% ( -11% -   11%) 0.792
                        HighTerm     1183.63      (7.8%)     1177.04     (11.7%)   -0.6% ( -18% -   20%) 0.882
                HighSloppyPhrase      105.27      (7.8%)      104.68      (7.5%)   -0.6% ( -14% -   15%) 0.847
                         MedTerm     1564.54      (8.9%)     1556.25      (7.4%)   -0.5% ( -15% -   17%) 0.864
                     LowSpanNear      221.92      (5.8%)      221.38      (8.1%)   -0.2% ( -13% -   14%) 0.926
                         LowTerm     2462.21      (5.5%)     2457.54      (6.7%)   -0.2% ( -11% -   12%) 0.935
                      HighPhrase       98.76      (2.5%)       98.59      (2.2%)   -0.2% (  -4% -    4%) 0.849
             LowIntervalsOrdered      251.79      (8.0%)      251.59      (6.8%)   -0.1% ( -13% -   16%) 0.977
            HighTermTitleBDVSort       73.32      (4.9%)       73.41      (6.9%)    0.1% ( -11% -   12%) 0.956
        AndHighHighDayTaxoFacets       34.71      (4.3%)       34.76      (6.5%)    0.2% ( -10% -   11%) 0.943
            MedTermDayTaxoFacets       92.49      (6.6%)       92.71      (6.9%)    0.2% ( -12% -   14%) 0.925
                          Fuzzy2       75.31      (6.0%)       75.70      (5.8%)    0.5% ( -10% -   13%) 0.818
                 MedSloppyPhrase       49.18      (3.8%)       49.47      (3.0%)    0.6% (  -6% -    7%) 0.654
                       OrHighLow     1233.82      (5.3%)     1243.56      (5.1%)    0.8% (  -9% -   11%) 0.687
                        Wildcard      180.79      (3.3%)      182.31      (2.0%)    0.8% (  -4% -    6%) 0.418
                      AndHighLow     1946.50      (6.2%)     1966.79      (5.3%)    1.0% (  -9% -   13%) 0.632
               HighTermTitleSort      118.63      (6.9%)      120.05      (9.1%)    1.2% ( -13% -   18%) 0.695
                  AndMissingHigh     3539.46      (7.5%)     3587.73      (5.3%)    1.4% ( -10% -   15%) 0.577
                       ConstMSM2     1309.48      (5.7%)     1327.34      (5.4%)    1.4% (  -9% -   13%) 0.514
            BrowseDateSSDVFacets        2.87      (6.8%)        2.92      (6.1%)    1.9% ( -10% -   15%) 0.440
                         Prefix3     1144.82     (10.2%)     1166.98      (8.9%)    1.9% ( -15% -   23%) 0.592
            HighIntervalsOrdered       73.29     (11.4%)       74.94      (9.6%)    2.3% ( -16% -   26%) 0.570
                       OrHighMed     1028.05      (9.7%)     1055.46      (5.7%)    2.7% ( -11% -   19%) 0.374
             MedIntervalsOrdered      363.76      (9.1%)      373.53      (7.3%)    2.7% ( -12% -   20%) 0.388
                           range     5998.40      (8.8%)     6167.45      (8.3%)    2.8% ( -13% -   21%) 0.383
               HighTermMonthSort     1531.20      (6.3%)     1578.76      (6.3%)    3.1% (  -8% -   16%) 0.193
                    OrNotHighMed      954.01     (12.8%)      990.87     (10.6%)    3.9% ( -17% -   31%) 0.383
     BrowseRandomLabelTaxoFacets       12.49      (5.0%)       13.48     (36.3%)    8.0% ( -31% -   51%) 0.414
            BrowseDateTaxoFacets       14.90      (6.1%)       16.69     (43.4%)   12.0% ( -35% -   65%) 0.305
       BrowseDayOfYearTaxoFacets       15.57      (4.3%)       17.53     (46.0%)   12.6% ( -36% -   65%) 0.308
  iter 14
    armA2:
      NOTE: using experimental CPU time profiler (see https://mostlynerdless.de/blog/2025/06/11/java-25s-new-cpu-time-profiler-1)
      log: /home/goankur/vsearch/logs/FAA.armA2.14 + stdout
      run: /usr/bin/perf stat -dd -e task-clock,cycles,instructions,cache-references,cache-misses,L1-dcache-loads,L1-dcache-load-misses,L1-icache-loads,L1-icache-load-misses,LLC-loads,LLC-load-misses,LLC-stores,LLC-store-misses,LLC-prefetches,LLC-prefetch-misses,faults,minor-faults,major-faults,branches,branch-misses,stalled-cycles-frontend,stalled-cycles-backend /home/goankur/jdk/corretto-25/bin/java -server -Xms2g -Xmx2g --add-modules jdk.incubator.vector -XX:+HeapDumpOnOutOfMemoryError -XX:+UseParallelGC -XX:StartFlightRecording=jdk.CPUTimeSample#enabled=true,dumponexit=true,maxsize=250M,settings=/home/goankur/vsearch/util/src/python/profiling.jfc,filename=/home/goankur/vsearch/logs/bench-search-FAA-armA2-14.jfr -XX:+UnlockDiagnosticVMOptions -XX:+DebugNonSafepoints -classpath /home/goankur/vsearch/bo/lucene-A/lucene/core/build/libs/lucene-core-11.0.0-SNAPSHOT.jar:/home/goankur/vsearch/bo/lucene-A/lucene/sandbox/build/classes/java/main:/home/goankur/vsearch/bo/lucene-A/lucene/misc/build/classes/java/main:/home/goankur/vsearch/bo/lucene-A/lucene/facet/build/classes/java/main:/home/goankur/vsearch/bo/lucene-A/lucene/analysis/common/build/classes/java/main:/home/goankur/vsearch/bo/lucene-A/lucene/analysis/icu/build/classes/java/main:/home/goankur/vsearch/bo/lucene-A/lucene/queryparser/build/classes/java/main:/home/goankur/vsearch/bo/lucene-A/lucene/grouping/build/classes/java/main:/home/goankur/vsearch/bo/lucene-A/lucene/suggest/build/classes/java/main:/home/goankur/vsearch/bo/lucene-A/lucene/highlighter/build/classes/java/main:/home/goankur/vsearch/bo/lucene-A/lucene/codecs/build/classes/java/main:/home/goankur/vsearch/bo/lucene-A/lucene/queries/build/classes/java/main:/home/goankur/vsearch/bo/lucene-A/lucene/join/build/classes/java/main:/home/goankur/vsearch/bo/lucene-A/lucene/spatial3d/build/classes/java/main:/home/goankur/vsearch/util/lib/HdrHistogram.jar:/home/goankur/vsearch/util/src/main/build/classes/java/main:/home/goankur/vsearch/util/build perf.SearchPerfTest -dirImpl MMapDirectory -indexPath /home/goankur/vsearch/indices/wikimedium10m.lucene-A.facets.taxonomy:Date.taxonomy:Month.taxonomy:DayOfYear.sortedset:Date.sortedset:Month.sortedset:DayOfYear.taxonomy:RandomLabel.sortedset:RandomLabel.Lucene90.Lucene104.dvfields.nd10M -facets taxonomy:Date;Date -facets taxonomy:Month;Month -facets taxonomy:DayOfYear;DayOfYear -facets sortedset:Date;Date -facets sortedset:Month;Month -facets sortedset:DayOfYear;DayOfYear -facets taxonomy:RandomLabel;RandomLabel -facets sortedset:RandomLabel;RandomLabel -analyzer StandardAnalyzer -taskSource /home/goankur/vsearch/util/tasks/wikimedium.10M.nostopwords.tasks -numConcurrentQueries 5 -taskRepeatCount 20 -field body -tasksPerCat 1 -searchConcurrency -1 -staticSeed 648875 -seed -4024452 -similarity BM25Similarity -commit multi -hiliteImpl FastVectorHighlighter -log /home/goankur/vsearch/logs/FAA.armA2.14 -topN 100 -context  -pk -pollute
      9.2 s
      255.8 actual sustained QPS; -1.0 CPU cores used
    armA:
      NOTE: using experimental CPU time profiler (see https://mostlynerdless.de/blog/2025/06/11/java-25s-new-cpu-time-profiler-1)
      log: /home/goankur/vsearch/logs/FAA.armA.14 + stdout
      run: /usr/bin/perf stat -dd -e task-clock,cycles,instructions,cache-references,cache-misses,L1-dcache-loads,L1-dcache-load-misses,L1-icache-loads,L1-icache-load-misses,LLC-loads,LLC-load-misses,LLC-stores,LLC-store-misses,LLC-prefetches,LLC-prefetch-misses,faults,minor-faults,major-faults,branches,branch-misses,stalled-cycles-frontend,stalled-cycles-backend /home/goankur/jdk/corretto-25/bin/java -server -Xms2g -Xmx2g --add-modules jdk.incubator.vector -XX:+HeapDumpOnOutOfMemoryError -XX:+UseParallelGC -XX:StartFlightRecording=jdk.CPUTimeSample#enabled=true,dumponexit=true,maxsize=250M,settings=/home/goankur/vsearch/util/src/python/profiling.jfc,filename=/home/goankur/vsearch/logs/bench-search-FAA-armA-14.jfr -XX:+UnlockDiagnosticVMOptions -XX:+DebugNonSafepoints -classpath /home/goankur/vsearch/bo/lucene-A/lucene/core/build/libs/lucene-core-11.0.0-SNAPSHOT.jar:/home/goankur/vsearch/bo/lucene-A/lucene/sandbox/build/classes/java/main:/home/goankur/vsearch/bo/lucene-A/lucene/misc/build/classes/java/main:/home/goankur/vsearch/bo/lucene-A/lucene/facet/build/classes/java/main:/home/goankur/vsearch/bo/lucene-A/lucene/analysis/common/build/classes/java/main:/home/goankur/vsearch/bo/lucene-A/lucene/analysis/icu/build/classes/java/main:/home/goankur/vsearch/bo/lucene-A/lucene/queryparser/build/classes/java/main:/home/goankur/vsearch/bo/lucene-A/lucene/grouping/build/classes/java/main:/home/goankur/vsearch/bo/lucene-A/lucene/suggest/build/classes/java/main:/home/goankur/vsearch/bo/lucene-A/lucene/highlighter/build/classes/java/main:/home/goankur/vsearch/bo/lucene-A/lucene/codecs/build/classes/java/main:/home/goankur/vsearch/bo/lucene-A/lucene/queries/build/classes/java/main:/home/goankur/vsearch/bo/lucene-A/lucene/join/build/classes/java/main:/home/goankur/vsearch/bo/lucene-A/lucene/spatial3d/build/classes/java/main:/home/goankur/vsearch/util/lib/HdrHistogram.jar:/home/goankur/vsearch/util/src/main/build/classes/java/main:/home/goankur/vsearch/util/build perf.SearchPerfTest -dirImpl MMapDirectory -indexPath /home/goankur/vsearch/indices/wikimedium10m.lucene-A.facets.taxonomy:Date.taxonomy:Month.taxonomy:DayOfYear.sortedset:Date.sortedset:Month.sortedset:DayOfYear.taxonomy:RandomLabel.sortedset:RandomLabel.Lucene90.Lucene104.dvfields.nd10M -facets taxonomy:Date;Date -facets taxonomy:Month;Month -facets taxonomy:DayOfYear;DayOfYear -facets sortedset:Date;Date -facets sortedset:Month;Month -facets sortedset:DayOfYear;DayOfYear -facets taxonomy:RandomLabel;RandomLabel -facets sortedset:RandomLabel;RandomLabel -analyzer StandardAnalyzer -taskSource /home/goankur/vsearch/util/tasks/wikimedium.10M.nostopwords.tasks -numConcurrentQueries 5 -taskRepeatCount 20 -field body -tasksPerCat 1 -searchConcurrency -1 -staticSeed 648875 -seed -4024452 -similarity BM25Similarity -commit multi -hiliteImpl FastVectorHighlighter -log /home/goankur/vsearch/logs/FAA.armA.14 -topN 100 -context  -pk -pollute
      9.1 s
      262.1 actual sustained QPS; -1.0 CPU cores used

Report after iter 14:
QPSChart.supported == False
                            Task     P50 B     P50 C     Diff     P90 B     P90 C     Diff     P99 B     P99 C     Diff    P999 B    P999 C     Diff    P100 B    P100 C     Diff
           ('AndHighHigh', None)     1.876     2.147    14.5%     6.463     3.384   -47.6%     7.409     5.297   -28.5%     7.409     5.297   -28.5%    43.638    63.496    45.5%
('AndHighHighDayTaxoFacets', None)    29.145    27.976    -4.0%    41.930    43.467     3.7%    51.406    57.794    12.4%    51.406    57.794    12.4%   121.888   121.380    -0.4%
            ('AndHighLow', None)     0.589     0.551    -6.3%     1.185     1.534    29.5%     1.650     1.585    -3.9%     1.650     1.585    -3.9%     4.637     2.408   -48.1%
            ('AndHighMed', None)     0.984     1.000     1.6%     1.785     2.904    62.7%     2.406     4.668    94.1%     2.406     4.668    94.1%     4.132     8.180    98.0%
('AndHighMedDayTaxoFacets', None)     5.689     5.459    -4.0%     7.951     9.543    20.0%    13.271    18.391    38.6%    13.271    18.391    38.6%    42.815    38.504   -10.1%
     ('AndMissingHigh', 'Title')     0.327     0.358     9.4%     0.644     0.735    14.2%     0.916     0.906    -1.1%     0.916     0.906    -1.1%    14.886    15.996     7.5%
              ('BM25MSM2', None)    17.523    16.548    -5.6%    27.809    28.412     2.2%    31.086    35.160    13.1%    31.086    35.160    13.1%   209.129   124.664   -40.4%
  ('BrowseDateSSDVFacets', None)   376.135   379.811     1.0%   448.256   480.239     7.1%   459.589   493.337     7.3%   459.589   493.337     7.3%   564.099   546.407    -3.1%
  ('BrowseDateTaxoFacets', None)    62.698    64.951     3.6%    78.223    73.164    -6.5%    79.574    79.943     0.5%    79.574    79.943     0.5%   319.929   315.796    -1.3%
('BrowseDayOfYearSSDVFacets', None)    66.837    69.300     3.7%    84.765    99.992    18.0%    85.846   110.770    29.0%    85.846   110.770    29.0%    91.781   190.450   107.5%
('BrowseDayOfYearTaxoFacets', None)    61.841    61.097    -1.2%    76.626    74.289    -3.0%    78.519    77.333    -1.5%    78.519    77.333    -1.5%    88.199    78.162   -11.4%
 ('BrowseMonthSSDVFacets', None)    67.157    69.806     3.9%    84.972    93.861    10.5%    90.710    95.365     5.1%    90.710    95.365     5.1%   131.163   119.317    -9.0%
 ('BrowseMonthTaxoFacets', None)    24.276    26.312     8.4%    30.292    29.583    -2.3%    82.521    73.872   -10.5%    82.521    73.872   -10.5%   325.422   141.699   -56.5%
('BrowseRandomLabelSSDVFacets', None)    91.653    99.328     8.4%   113.196   127.120    12.3%   139.691   136.227    -2.5%   139.691   136.227    -2.5%   153.480   152.322    -0.8%
('BrowseRandomLabelTaxoFacets', None)    78.320    79.398     1.4%    93.060    95.753     2.9%   111.198    98.578   -11.3%   111.198    98.578   -11.3%   396.702   127.706   -67.8%
             ('ConstMSM2', None)     0.744     0.811     9.0%     1.487     1.301   -12.5%     3.266     4.051    24.1%     3.266     4.051    24.1%     7.970     7.991     0.3%
                ('Fuzzy1', None)     9.663     9.855     2.0%    18.818    16.677   -11.4%    19.016    19.293     1.5%    19.016    19.293     1.5%    28.131    31.521    12.1%
                ('Fuzzy2', None)    13.462    14.270     6.0%    24.789    22.186   -10.5%    50.818    39.361   -22.5%    50.818    39.361   -22.5%   151.416   140.602    -7.1%
  ('HighIntervalsOrdered', None)    12.954    12.898    -0.4%    17.984    17.519    -2.6%    27.574    23.808   -13.7%    27.574    23.808   -13.7%   107.353    97.845    -8.9%
            ('HighPhrase', None)     9.997     9.709    -2.9%    19.712    18.651    -5.4%    27.694    21.390   -22.8%    27.694    21.390   -22.8%   244.055   256.072     4.9%
      ('HighSloppyPhrase', None)    10.290     9.007   -12.5%    11.385    12.278     7.8%    11.464    12.328     7.5%    11.464    12.328     7.5%    13.666    12.467    -8.8%
          ('HighSpanNear', None)    14.282    14.520     1.7%    24.565    25.514     3.9%    27.114    27.269     0.6%    27.114    27.269     0.6%    32.645    41.080    25.8%
              ('HighTerm', None)     0.833     0.813    -2.4%     1.759     2.246    27.7%     2.121     2.398    13.1%     2.121     2.398    13.1%    15.847     2.718   -82.9%
('HighTermDayOfYearSort', 'DayOfYear')     2.135     2.193     2.7%     5.427     8.585    58.2%     6.795     9.053    33.2%     6.795     9.053    33.2%    46.516    53.830    15.7%
  ('HighTermMonthSort', 'Month')     0.734     0.742     1.0%     2.217     1.372   -38.1%     3.623     2.889   -20.3%     3.623     2.889   -20.3%    23.750     6.488   -72.7%
('HighTermTitleBDVSort', 'TitleBinary')    14.914    15.351     2.9%    23.861    27.147    13.8%    37.141    32.904   -11.4%    37.141    32.904   -11.4%    46.984    95.371   103.0%
  ('HighTermTitleSort', 'Title')     9.052     7.976   -11.9%    17.807    16.337    -8.3%    18.593    52.080   180.1%    18.593    52.080   180.1%   103.137   155.854    51.1%
                ('IntNRQ', None)     1.438     1.603    11.5%     3.548     2.974   -16.2%     6.500     6.688     2.9%     6.500     6.688     2.9%    39.233    53.159    35.5%
                ('IntSet', None)     1.633     1.566    -4.1%     7.387     6.203   -16.0%     7.844     9.468    20.7%     7.844     9.468    20.7%    93.574    82.164   -12.2%
   ('LowIntervalsOrdered', None)     3.770     4.123     9.4%     6.482     9.263    42.9%     9.336    10.147     8.7%     9.336    10.147     8.7%    10.247    12.870    25.6%
             ('LowPhrase', None)     5.141     5.329     3.7%    13.266     9.142   -31.1%    22.907    18.231   -20.4%    22.907    18.231   -20.4%    28.058    24.418   -13.0%
       ('LowSloppyPhrase', None)     5.550     3.900   -29.7%     8.034     7.704    -4.1%     9.071     9.009    -0.7%     9.071     9.009    -0.7%    11.136    14.373    29.1%
           ('LowSpanNear', None)     4.181     4.268     2.1%    10.443     7.473   -28.4%    11.471    10.797    -5.9%    11.471    10.797    -5.9%    22.582    16.363   -27.5%
               ('LowTerm', None)     0.489     0.453    -7.3%     1.143     1.053    -7.9%     1.532     1.148   -25.1%     1.532     1.148   -25.1%     1.910     1.263   -33.9%
   ('MedIntervalsOrdered', None)     2.559     2.575     0.6%     4.087     5.042    23.4%     6.928     7.122     2.8%     6.928     7.122     2.8%    82.156    73.161   -10.9%
             ('MedPhrase', None)     4.484     5.313    18.5%     7.215     7.601     5.4%     8.738     8.661    -0.9%     8.738     8.661    -0.9%    14.772    19.932    34.9%
       ('MedSloppyPhrase', None)    21.438    20.054    -6.5%    32.056    25.870   -19.3%    41.191    45.771    11.1%    41.191    45.771    11.1%   143.709   152.082     5.8%
           ('MedSpanNear', None)     4.872     4.705    -3.4%     7.437     7.428    -0.1%     8.341    10.137    21.5%     8.341    10.137    21.5%    88.429    87.694    -0.8%
               ('MedTerm', None)     0.643     0.663     3.2%     1.592     1.628     2.3%     1.877     3.668    95.5%     1.877     3.668    95.5%     2.068    14.359   594.3%
  ('MedTermDayTaxoFacets', None)    10.877    10.777    -0.9%    14.920    13.441    -9.9%    20.308    27.080    33.3%    20.308    27.080    33.3%    66.725    60.512    -9.3%
            ('OrHighHigh', None)     1.709     2.148    25.7%     5.375     3.601   -33.0%     6.467     6.745     4.3%     6.467     6.745     4.3%   180.223   186.857     3.7%
             ('OrHighLow', None)     0.918     0.806   -12.1%     2.091     1.730   -17.3%     2.157     1.887   -12.5%     2.157     1.887   -12.5%    19.160    10.998   -42.6%
             ('OrHighMed', None)     0.910     0.952     4.6%     3.140     1.998   -36.4%     3.435     2.530   -26.3%     3.435     2.530   -26.3%    11.305     2.711   -76.0%
('OrHighMedDayTaxoFacets', None)    25.738    29.521    14.7%    36.939    36.989     0.1%    39.334    41.985     6.7%    39.334    41.985     6.7%   158.281   169.618     7.2%
         ('OrHighNotHigh', None)     1.418     1.323    -6.7%     9.267     4.581   -50.6%    15.823     5.907   -62.7%    15.823     5.907   -62.7%    29.719     8.855   -70.2%
          ('OrHighNotLow', None)     1.544     1.234   -20.1%     4.159     4.884    17.4%     4.216    14.114   234.8%     4.216    14.114   234.8%     7.306    16.079   120.1%
          ('OrHighNotMed', None)     1.774     1.720    -3.0%     5.477     3.083   -43.7%     7.461     5.214   -30.1%     7.461     5.214   -30.1%    19.694    20.754     5.4%
         ('OrNotHighHigh', None)     1.576     1.329   -15.7%     8.202     5.314   -35.2%    10.598     5.558   -47.6%    10.598     5.558   -47.6%    22.973    13.042   -43.2%
          ('OrNotHighLow', None)     0.700     0.673    -3.9%     1.901     1.847    -2.9%     2.070     1.917    -7.4%     2.070     1.917    -7.4%     2.074     3.781    82.3%
          ('OrNotHighMed', None)     1.151     0.999   -13.2%     2.321     5.513   137.5%     7.595     6.364   -16.2%     7.595     6.364   -16.2%    79.981   103.857    29.9%
                   ('PKLookup',)     3.931     4.880    24.1%     8.154     8.032    -1.5%     9.476    11.360    19.9%     9.476    11.360    19.9%    33.247    39.467    18.7%
               ('Prefix3', None)     0.875     1.122    28.2%     4.270     3.394   -20.5%     5.244     4.466   -14.8%     5.244     4.466   -14.8%     6.593     6.303    -4.4%
                    ('Respell',)    15.565    14.109    -9.4%    27.745    27.200    -2.0%    31.454    27.295   -13.2%    31.454    27.295   -13.2%    42.515    40.317    -5.2%
('TermDateTimeSort', 'DateTime')     2.882     2.920     1.3%     8.596     9.137     6.3%    10.010     9.276    -7.3%    10.010     9.276    -7.3%    38.549    27.932   -27.5%
              ('Wildcard', None)     5.659     5.391    -4.7%    17.238     7.382   -57.2%    20.052    29.490    47.1%    20.052    29.490    47.1%   114.717    97.701   -14.8%
                 ('range', None)     0.157     0.146    -6.8%     0.515     0.442   -14.0%     0.595     0.529   -11.1%     0.595     0.529   -11.1%     0.660    10.759  1531.2%
                            Task    QPS armA      StdDev   QPS armA2      StdDev                Pct diff p-value
       BrowseDayOfYearSSDVFacets       16.48     (13.6%)       15.46      (9.0%)   -6.2% ( -25% -   18%) 0.138
                        PKLookup      229.51      (8.8%)      218.30      (8.1%)   -4.9% ( -19% -   13%) 0.112
                         Respell       70.82      (8.0%)       68.11      (6.5%)   -3.8% ( -16% -   11%) 0.149
                     AndHighHigh      622.14     (11.8%)      600.43     (10.9%)   -3.5% ( -23% -   21%) 0.400
                       MedPhrase      238.05      (7.6%)      230.33      (8.6%)   -3.2% ( -18% -   14%) 0.276
                          IntNRQ      660.27      (8.1%)      642.67     (10.1%)   -2.7% ( -19% -   16%) 0.425
           BrowseMonthSSDVFacets       16.65     (14.7%)       16.25     (15.4%)   -2.4% ( -28% -   32%) 0.660
                     MedSpanNear      211.18      (1.6%)      206.19      (4.1%)   -2.4% (  -7% -    3%) 0.036
                    OrHighNotLow      792.30      (9.3%)      773.99      (9.2%)   -2.3% ( -19% -   17%) 0.494
                    OrNotHighLow     1638.96      (5.2%)     1601.89      (5.7%)   -2.3% ( -12% -    9%) 0.259
                       LowPhrase      196.37      (3.9%)      192.27      (5.0%)   -2.1% ( -10% -    7%) 0.203
          OrHighMedDayTaxoFacets       38.22      (7.4%)       37.46      (7.4%)   -2.0% ( -15% -   13%) 0.460
                    HighSpanNear       69.64      (3.0%)       68.42      (3.3%)   -1.8% (  -7% -    4%) 0.128
     BrowseRandomLabelSSDVFacets       10.86      (4.3%)       10.67      (5.7%)   -1.7% ( -11% -    8%) 0.352
                          IntSet      666.77      (9.0%)      657.31      (6.2%)   -1.4% ( -15% -   15%) 0.615
           BrowseMonthTaxoFacets       35.59     (26.8%)       35.09     (27.2%)   -1.4% ( -43% -   71%) 0.886
                      OrHighHigh      567.93      (6.4%)      561.27      (9.5%)   -1.2% ( -16% -   15%) 0.691
         AndHighMedDayTaxoFacets      180.80      (3.2%)      178.72      (5.1%)   -1.1% (  -9% -    7%) 0.458
                      AndHighMed      992.98      (7.8%)      981.65      (8.8%)   -1.1% ( -16% -   16%) 0.706
                    OrHighNotMed      682.75      (7.8%)      675.12      (9.8%)   -1.1% ( -17% -   17%) 0.729
                        BM25MSM2       57.32      (6.5%)       56.77      (8.1%)   -1.0% ( -14% -   14%) 0.721
                      TermDTSort      373.59      (7.9%)      370.49      (6.7%)   -0.8% ( -14% -   14%) 0.757
                   OrHighNotHigh      831.88      (9.2%)      825.92      (8.9%)   -0.7% ( -17% -   19%) 0.828
           HighTermDayOfYearSort      499.21      (7.7%)      495.82      (7.4%)   -0.7% ( -14% -   15%) 0.806
                   OrNotHighHigh      806.61      (7.6%)      801.95      (7.8%)   -0.6% ( -14% -   15%) 0.836
                     LowSpanNear      223.15      (6.0%)      222.29      (7.9%)   -0.4% ( -13% -   14%) 0.879
                         MedTerm     1565.76      (8.5%)     1560.31      (7.2%)   -0.3% ( -14% -   16%) 0.904
             LowIntervalsOrdered      252.82      (7.9%)      251.96      (6.6%)   -0.3% ( -13% -   15%) 0.898
                 LowSloppyPhrase      255.96      (6.2%)      255.11      (8.4%)   -0.3% ( -14% -   15%) 0.901
                        HighTerm     1188.13      (7.7%)     1184.84     (11.5%)   -0.3% ( -18% -   20%) 0.938
                          Fuzzy1      109.00      (4.8%)      108.75      (6.3%)   -0.2% ( -10% -   11%) 0.911
                      HighPhrase       99.05      (2.6%)       98.94      (2.5%)   -0.1% (  -5% -    5%) 0.912
                          Fuzzy2       75.29      (5.8%)       75.34      (5.9%)    0.1% ( -10% -   12%) 0.974
        AndHighHighDayTaxoFacets       34.81      (4.3%)       34.85      (6.3%)    0.1% ( -10% -   11%) 0.961
            MedTermDayTaxoFacets       92.54      (6.3%)       92.95      (6.7%)    0.4% ( -11% -   14%) 0.853
                         LowTerm     2441.17      (6.3%)     2452.90      (6.6%)    0.5% ( -11% -   14%) 0.838
            HighTermTitleBDVSort       72.98      (5.1%)       73.35      (6.7%)    0.5% ( -10% -   12%) 0.817
                         Prefix3     1147.77      (9.9%)     1155.63      (9.3%)    0.7% ( -16% -   22%) 0.845
                       ConstMSM2     1314.21      (5.6%)     1325.35      (5.2%)    0.8% (  -9% -   12%) 0.668
                 MedSloppyPhrase       49.06      (3.8%)       49.53      (3.0%)    1.0% (  -5% -    8%) 0.441
                HighSloppyPhrase      104.76      (7.8%)      105.90      (8.5%)    1.1% ( -14% -   18%) 0.715
                       OrHighLow     1231.33      (5.1%)     1246.13      (5.0%)    1.2% (  -8% -   11%) 0.516
                        Wildcard      180.57      (3.2%)      182.79      (2.2%)    1.2% (  -4% -    6%) 0.226
                  AndMissingHigh     3515.42      (7.7%)     3569.36      (5.5%)    1.5% ( -10% -   15%) 0.531
                      AndHighLow     1931.18      (6.7%)     1961.97      (5.3%)    1.6% (  -9% -   14%) 0.469
            BrowseDateSSDVFacets        2.85      (6.8%)        2.90      (6.3%)    1.8% ( -10% -   15%) 0.464
            HighIntervalsOrdered       73.63     (11.0%)       75.27      (9.4%)    2.2% ( -16% -   25%) 0.550
                       OrHighMed     1033.62      (9.5%)     1058.59      (5.5%)    2.4% ( -11% -   19%) 0.396
               HighTermTitleSort      118.25      (6.8%)      121.33      (9.7%)    2.6% ( -13% -   20%) 0.394
             MedIntervalsOrdered      365.78      (9.0%)      375.63      (7.3%)    2.7% ( -12% -   20%) 0.368
               HighTermMonthSort     1522.78      (6.4%)     1578.79      (6.1%)    3.7% (  -8% -   17%) 0.110
                           range     6036.75      (8.8%)     6265.87     (10.2%)    3.8% ( -13% -   24%) 0.273
                    OrNotHighMed      950.90     (12.4%)      997.53     (10.6%)    4.9% ( -16% -   31%) 0.244
     BrowseRandomLabelTaxoFacets       12.54      (5.1%)       13.45     (34.8%)    7.2% ( -31% -   49%) 0.427
            BrowseDateTaxoFacets       14.99      (6.3%)       16.68     (41.5%)   11.2% ( -34% -   62%) 0.301
       BrowseDayOfYearTaxoFacets       15.64      (4.4%)       17.49     (44.2%)   11.9% ( -35% -   63%) 0.301
  iter 15
    armA:
      NOTE: using experimental CPU time profiler (see https://mostlynerdless.de/blog/2025/06/11/java-25s-new-cpu-time-profiler-1)
      log: /home/goankur/vsearch/logs/FAA.armA.15 + stdout
      run: /usr/bin/perf stat -dd -e task-clock,cycles,instructions,cache-references,cache-misses,L1-dcache-loads,L1-dcache-load-misses,L1-icache-loads,L1-icache-load-misses,LLC-loads,LLC-load-misses,LLC-stores,LLC-store-misses,LLC-prefetches,LLC-prefetch-misses,faults,minor-faults,major-faults,branches,branch-misses,stalled-cycles-frontend,stalled-cycles-backend /home/goankur/jdk/corretto-25/bin/java -server -Xms2g -Xmx2g --add-modules jdk.incubator.vector -XX:+HeapDumpOnOutOfMemoryError -XX:+UseParallelGC -XX:StartFlightRecording=jdk.CPUTimeSample#enabled=true,dumponexit=true,maxsize=250M,settings=/home/goankur/vsearch/util/src/python/profiling.jfc,filename=/home/goankur/vsearch/logs/bench-search-FAA-armA-15.jfr -XX:+UnlockDiagnosticVMOptions -XX:+DebugNonSafepoints -classpath /home/goankur/vsearch/bo/lucene-A/lucene/core/build/libs/lucene-core-11.0.0-SNAPSHOT.jar:/home/goankur/vsearch/bo/lucene-A/lucene/sandbox/build/classes/java/main:/home/goankur/vsearch/bo/lucene-A/lucene/misc/build/classes/java/main:/home/goankur/vsearch/bo/lucene-A/lucene/facet/build/classes/java/main:/home/goankur/vsearch/bo/lucene-A/lucene/analysis/common/build/classes/java/main:/home/goankur/vsearch/bo/lucene-A/lucene/analysis/icu/build/classes/java/main:/home/goankur/vsearch/bo/lucene-A/lucene/queryparser/build/classes/java/main:/home/goankur/vsearch/bo/lucene-A/lucene/grouping/build/classes/java/main:/home/goankur/vsearch/bo/lucene-A/lucene/suggest/build/classes/java/main:/home/goankur/vsearch/bo/lucene-A/lucene/highlighter/build/classes/java/main:/home/goankur/vsearch/bo/lucene-A/lucene/codecs/build/classes/java/main:/home/goankur/vsearch/bo/lucene-A/lucene/queries/build/classes/java/main:/home/goankur/vsearch/bo/lucene-A/lucene/join/build/classes/java/main:/home/goankur/vsearch/bo/lucene-A/lucene/spatial3d/build/classes/java/main:/home/goankur/vsearch/util/lib/HdrHistogram.jar:/home/goankur/vsearch/util/src/main/build/classes/java/main:/home/goankur/vsearch/util/build perf.SearchPerfTest -dirImpl MMapDirectory -indexPath /home/goankur/vsearch/indices/wikimedium10m.lucene-A.facets.taxonomy:Date.taxonomy:Month.taxonomy:DayOfYear.sortedset:Date.sortedset:Month.sortedset:DayOfYear.taxonomy:RandomLabel.sortedset:RandomLabel.Lucene90.Lucene104.dvfields.nd10M -facets taxonomy:Date;Date -facets taxonomy:Month;Month -facets taxonomy:DayOfYear;DayOfYear -facets sortedset:Date;Date -facets sortedset:Month;Month -facets sortedset:DayOfYear;DayOfYear -facets taxonomy:RandomLabel;RandomLabel -facets sortedset:RandomLabel;RandomLabel -analyzer StandardAnalyzer -taskSource /home/goankur/vsearch/util/tasks/wikimedium.10M.nostopwords.tasks -numConcurrentQueries 5 -taskRepeatCount 20 -field body -tasksPerCat 1 -searchConcurrency -1 -staticSeed 648875 -seed -650188 -similarity BM25Similarity -commit multi -hiliteImpl FastVectorHighlighter -log /home/goankur/vsearch/logs/FAA.armA.15 -topN 100 -context  -pk -pollute
      9.7 s
      250.8 actual sustained QPS; -1.0 CPU cores used
    armA2:
      NOTE: using experimental CPU time profiler (see https://mostlynerdless.de/blog/2025/06/11/java-25s-new-cpu-time-profiler-1)
      log: /home/goankur/vsearch/logs/FAA.armA2.15 + stdout
      run: /usr/bin/perf stat -dd -e task-clock,cycles,instructions,cache-references,cache-misses,L1-dcache-loads,L1-dcache-load-misses,L1-icache-loads,L1-icache-load-misses,LLC-loads,LLC-load-misses,LLC-stores,LLC-store-misses,LLC-prefetches,LLC-prefetch-misses,faults,minor-faults,major-faults,branches,branch-misses,stalled-cycles-frontend,stalled-cycles-backend /home/goankur/jdk/corretto-25/bin/java -server -Xms2g -Xmx2g --add-modules jdk.incubator.vector -XX:+HeapDumpOnOutOfMemoryError -XX:+UseParallelGC -XX:StartFlightRecording=jdk.CPUTimeSample#enabled=true,dumponexit=true,maxsize=250M,settings=/home/goankur/vsearch/util/src/python/profiling.jfc,filename=/home/goankur/vsearch/logs/bench-search-FAA-armA2-15.jfr -XX:+UnlockDiagnosticVMOptions -XX:+DebugNonSafepoints -classpath /home/goankur/vsearch/bo/lucene-A/lucene/core/build/libs/lucene-core-11.0.0-SNAPSHOT.jar:/home/goankur/vsearch/bo/lucene-A/lucene/sandbox/build/classes/java/main:/home/goankur/vsearch/bo/lucene-A/lucene/misc/build/classes/java/main:/home/goankur/vsearch/bo/lucene-A/lucene/facet/build/classes/java/main:/home/goankur/vsearch/bo/lucene-A/lucene/analysis/common/build/classes/java/main:/home/goankur/vsearch/bo/lucene-A/lucene/analysis/icu/build/classes/java/main:/home/goankur/vsearch/bo/lucene-A/lucene/queryparser/build/classes/java/main:/home/goankur/vsearch/bo/lucene-A/lucene/grouping/build/classes/java/main:/home/goankur/vsearch/bo/lucene-A/lucene/suggest/build/classes/java/main:/home/goankur/vsearch/bo/lucene-A/lucene/highlighter/build/classes/java/main:/home/goankur/vsearch/bo/lucene-A/lucene/codecs/build/classes/java/main:/home/goankur/vsearch/bo/lucene-A/lucene/queries/build/classes/java/main:/home/goankur/vsearch/bo/lucene-A/lucene/join/build/classes/java/main:/home/goankur/vsearch/bo/lucene-A/lucene/spatial3d/build/classes/java/main:/home/goankur/vsearch/util/lib/HdrHistogram.jar:/home/goankur/vsearch/util/src/main/build/classes/java/main:/home/goankur/vsearch/util/build perf.SearchPerfTest -dirImpl MMapDirectory -indexPath /home/goankur/vsearch/indices/wikimedium10m.lucene-A.facets.taxonomy:Date.taxonomy:Month.taxonomy:DayOfYear.sortedset:Date.sortedset:Month.sortedset:DayOfYear.taxonomy:RandomLabel.sortedset:RandomLabel.Lucene90.Lucene104.dvfields.nd10M -facets taxonomy:Date;Date -facets taxonomy:Month;Month -facets taxonomy:DayOfYear;DayOfYear -facets sortedset:Date;Date -facets sortedset:Month;Month -facets sortedset:DayOfYear;DayOfYear -facets taxonomy:RandomLabel;RandomLabel -facets sortedset:RandomLabel;RandomLabel -analyzer StandardAnalyzer -taskSource /home/goankur/vsearch/util/tasks/wikimedium.10M.nostopwords.tasks -numConcurrentQueries 5 -taskRepeatCount 20 -field body -tasksPerCat 1 -searchConcurrency -1 -staticSeed 648875 -seed -650188 -similarity BM25Similarity -commit multi -hiliteImpl FastVectorHighlighter -log /home/goankur/vsearch/logs/FAA.armA2.15 -topN 100 -context  -pk -pollute
      9.5 s
      242.5 actual sustained QPS; -1.0 CPU cores used

Report after iter 15:
QPSChart.supported == False
                            Task     P50 B     P50 C     Diff     P90 B     P90 C     Diff     P99 B     P99 C     Diff    P999 B    P999 C     Diff    P100 B    P100 C     Diff
           ('AndHighHigh', None)     1.701     1.626    -4.4%     6.003     5.632    -6.2%     8.411     5.641   -32.9%     8.411     5.641   -32.9%    15.306    11.203   -26.8%
('AndHighHighDayTaxoFacets', None)    31.128    29.360    -5.7%    43.702    48.853    11.8%    98.905    55.364   -44.0%    98.905    55.364   -44.0%   120.384   151.110    25.5%
            ('AndHighLow', None)     0.524     0.547     4.5%     1.618     1.315   -18.7%     1.645     1.496    -9.1%     1.645     1.496    -9.1%     3.173     2.448   -22.8%
            ('AndHighMed', None)     1.138     1.192     4.7%     2.963     2.326   -21.5%     2.969     3.058     3.0%     2.969     3.058     3.0%   123.593   114.449    -7.4%
('AndHighMedDayTaxoFacets', None)     5.738     5.662    -1.3%    10.290     8.541   -17.0%    20.623    18.163   -11.9%    20.623    18.163   -11.9%   246.292   182.745   -25.8%
     ('AndMissingHigh', 'Title')     0.327     0.317    -3.2%     1.048     0.706   -32.7%     1.455     3.371   131.8%     1.455     3.371   131.8%     2.239     5.004   123.5%
              ('BM25MSM2', None)    17.857    17.352    -2.8%    31.339    27.500   -12.3%    43.844    37.824   -13.7%    43.844    37.824   -13.7%   162.654   132.471   -18.6%
  ('BrowseDateSSDVFacets', None)   343.231   374.076     9.0%   401.814   430.892     7.2%   425.106   459.214     8.0%   425.106   459.214     8.0%   518.355   569.450     9.9%
  ('BrowseDateTaxoFacets', None)    81.880    65.192   -20.4%    95.894    79.372   -17.2%   104.879    79.483   -24.2%   104.879    79.483   -24.2%   179.308    79.788   -55.5%
('BrowseDayOfYearSSDVFacets', None)    62.455    64.945     4.0%    85.609    81.084    -5.3%   103.345    82.566   -20.1%   103.345    82.566   -20.1%   115.125   126.715    10.1%
('BrowseDayOfYearTaxoFacets', None)    76.724    67.258   -12.3%    90.198    75.819   -15.9%    94.336    75.871   -19.6%    94.336    75.871   -19.6%   323.380   313.862    -2.9%
 ('BrowseMonthSSDVFacets', None)    66.377    57.573   -13.3%    83.347    82.563    -0.9%    86.611    85.146    -1.7%    86.611    85.146    -1.7%   164.627   250.713    52.3%
 ('BrowseMonthTaxoFacets', None)    25.895    72.092   178.4%    32.471    75.097   131.3%   107.367    80.697   -24.8%   107.367    80.697   -24.8%   230.839   269.775    16.9%
('BrowseRandomLabelSSDVFacets', None)    90.248    94.113     4.3%   142.003   116.128   -18.2%   174.039   136.151   -21.8%   174.039   136.151   -21.8%   405.218   399.893    -1.3%
('BrowseRandomLabelTaxoFacets', None)    94.682    74.867   -20.9%   116.033    90.578   -21.9%   136.466    92.345   -32.3%   136.466    92.345   -32.3%   160.109   159.551    -0.3%
             ('ConstMSM2', None)     0.776     0.803     3.6%     1.851     2.984    61.2%     3.512     3.431    -2.3%     3.512     3.431    -2.3%    13.885    11.909   -14.2%
                ('Fuzzy1', None)     9.876     9.884     0.1%    13.387    17.149    28.1%    37.288    19.248   -48.4%    37.288    19.248   -48.4%   260.702   246.379    -5.5%
                ('Fuzzy2', None)    13.963    15.719    12.6%    23.938    22.961    -4.1%    32.045    24.980   -22.0%    32.045    24.980   -22.0%    77.766    52.233   -32.8%
  ('HighIntervalsOrdered', None)    12.446    12.412    -0.3%    20.235    21.834     7.9%    22.474    31.759    41.3%    22.474    31.759    41.3%    62.853    49.069   -21.9%
            ('HighPhrase', None)    10.200    10.126    -0.7%    18.243    18.085    -0.9%    23.669    30.806    30.2%    23.669    30.806    30.2%    83.486    90.402     8.3%
      ('HighSloppyPhrase', None)     9.471    10.632    12.3%    14.157    11.923   -15.8%    16.970    20.414    20.3%    16.970    20.414    20.3%    81.252    34.278   -57.8%
          ('HighSpanNear', None)    15.773    15.165    -3.9%    23.660    21.927    -7.3%    27.711    25.119    -9.4%    27.711    25.119    -9.4%    48.737    66.234    35.9%
              ('HighTerm', None)     0.889     0.867    -2.5%     2.336     2.356     0.9%     3.076     2.982    -3.1%     3.076     2.982    -3.1%    18.893     9.632   -49.0%
('HighTermDayOfYearSort', 'DayOfYear')     3.014     2.280   -24.4%     8.192     8.956     9.3%    15.920    16.594     4.2%    15.920    16.594     4.2%    90.055    85.411    -5.2%
  ('HighTermMonthSort', 'Month')     0.720     0.675    -6.2%     2.922     2.159   -26.1%    12.334     3.583   -70.9%    12.334     3.583   -70.9%    21.116     5.500   -74.0%
('HighTermTitleBDVSort', 'TitleBinary')    14.414    14.693     1.9%    23.929    23.754    -0.7%    23.989    25.568     6.6%    23.989    25.568     6.6%    69.447   106.095    52.8%
  ('HighTermTitleSort', 'Title')     8.962    10.471    16.8%    23.329    22.677    -2.8%    50.542    40.891   -19.1%    50.542    40.891   -19.1%   158.858   108.831   -31.5%
                ('IntNRQ', None)     1.885     1.626   -13.8%     3.450     4.307    24.8%    20.962    17.171   -18.1%    20.962    17.171   -18.1%   147.928   144.532    -2.3%
                ('IntSet', None)     1.610     1.805    12.2%     7.066     7.922    12.1%    11.304    10.233    -9.5%    11.304    10.233    -9.5%    30.047    47.317    57.5%
   ('LowIntervalsOrdered', None)     3.810     3.858     1.3%     8.286     6.877   -17.0%    14.385     7.396   -48.6%    14.385     7.396   -48.6%   162.660   175.285     7.8%
             ('LowPhrase', None)     5.296     5.787     9.3%    16.074     9.550   -40.6%    17.681    10.750   -39.2%    17.681    10.750   -39.2%    38.914    19.181   -50.7%
       ('LowSloppyPhrase', None)     4.244     5.199    22.5%     9.959     8.587   -13.8%    10.587    16.726    58.0%    10.587    16.726    58.0%    12.678    30.406   139.8%
           ('LowSpanNear', None)     4.542     4.550     0.2%    15.226    16.258     6.8%    20.397    24.803    21.6%    20.397    24.803    21.6%   138.542   159.170    14.9%
               ('LowTerm', None)     0.416     0.408    -1.9%     1.027     0.734   -28.5%     1.203     1.196    -0.6%     1.203     1.196    -0.6%     1.866     1.457   -21.9%
   ('MedIntervalsOrdered', None)     2.509     2.713     8.2%     6.373     4.790   -24.8%     6.686     5.848   -12.5%     6.686     5.848   -12.5%    11.692     6.001   -48.7%
             ('MedPhrase', None)     4.357     4.446     2.1%    10.847    10.113    -6.8%    16.092    15.715    -2.3%    16.092    15.715    -2.3%    18.102    51.184   182.8%
       ('MedSloppyPhrase', None)    21.771    21.075    -3.2%    32.534    30.766    -5.4%    33.409    32.090    -3.9%    33.409    32.090    -3.9%   202.354   131.181   -35.2%
           ('MedSpanNear', None)     5.159     5.007    -2.9%     9.919    10.062     1.4%    11.258    16.350    45.2%    11.258    16.350    45.2%    18.136    17.785    -1.9%
               ('MedTerm', None)     0.637     0.664     4.3%     1.815     3.348    84.5%     1.954     5.869   200.4%     1.954     5.869   200.4%     2.446    12.289   402.4%
  ('MedTermDayTaxoFacets', None)    11.248    11.373     1.1%    14.972    16.481    10.1%    32.173    17.473   -45.7%    32.173    17.473   -45.7%    74.327    92.444    24.4%
            ('OrHighHigh', None)     1.814     1.790    -1.3%     4.393     3.620   -17.6%     8.731     5.886   -32.6%     8.731     5.886   -32.6%    46.874    29.582   -36.9%
             ('OrHighLow', None)     0.856     0.860     0.5%     1.639     2.196    34.0%     6.411     2.816   -56.1%     6.411     2.816   -56.1%    36.469     7.057   -80.6%
             ('OrHighMed', None)     1.320     1.230    -6.8%     2.156     2.369     9.9%     2.644     2.391    -9.6%     2.644     2.391    -9.6%    19.126     7.376   -61.4%
('OrHighMedDayTaxoFacets', None)    34.517    28.978   -16.0%    48.441    40.450   -16.5%   113.151    43.657   -61.4%   113.151    43.657   -61.4%   136.456   123.656    -9.4%
         ('OrHighNotHigh', None)     1.431     1.439     0.6%     4.080     5.597    37.2%     4.712     5.943    26.1%     4.712     5.943    26.1%    33.871    20.712   -38.9%
          ('OrHighNotLow', None)     1.221     1.492    22.2%     5.240     3.928   -25.0%    11.955    18.050    51.0%    11.955    18.050    51.0%    14.571    20.192    38.6%
          ('OrHighNotMed', None)     1.578     1.745    10.6%     4.273     3.354   -21.5%     5.697     4.243   -25.5%     5.697     4.243   -25.5%    39.369    25.984   -34.0%
         ('OrNotHighHigh', None)     1.398     1.566    12.0%     5.231     5.345     2.2%     9.766     6.818   -30.2%     9.766     6.818   -30.2%    20.052    20.511     2.3%
          ('OrNotHighLow', None)     0.681     0.642    -5.7%     1.694     1.832     8.2%     2.310     3.868    67.4%     2.310     3.868    67.4%    96.374    92.383    -4.1%
          ('OrNotHighMed', None)     1.146     1.248     8.8%     2.858     2.961     3.6%     3.142     3.277     4.3%     3.142     3.277     4.3%    17.872     9.018   -49.5%
                   ('PKLookup',)     5.255     5.660     7.7%    11.889     9.578   -19.4%    22.314    15.291   -31.5%    22.314    15.291   -31.5%    23.068    31.386    36.1%
               ('Prefix3', None)     0.845     0.902     6.6%     3.916     3.288   -16.0%    13.517     3.912   -71.1%    13.517     3.912   -71.1%    13.927    22.170    59.2%
                    ('Respell',)    15.592    16.318     4.7%    22.874    20.039   -12.4%    50.034    25.394   -49.2%    50.034    25.394   -49.2%    66.797    69.669     4.3%
('TermDateTimeSort', 'DateTime')     2.803     3.055     9.0%    10.985    18.126    65.0%    18.852    20.640     9.5%    18.852    20.640     9.5%   122.979   107.627   -12.5%
              ('Wildcard', None)     5.652     5.565    -1.5%    10.339    10.903     5.5%    18.377    15.522   -15.5%    18.377    15.522   -15.5%    49.813    49.374    -0.9%
                 ('range', None)     0.206     0.181   -12.4%     1.104     0.913   -17.3%     7.084     1.641   -76.8%     7.084     1.641   -76.8%     8.733     2.150   -75.4%
                            Task    QPS armA      StdDev   QPS armA2      StdDev                Pct diff p-value
       BrowseDayOfYearSSDVFacets       16.47     (13.2%)       15.46      (8.7%)   -6.1% ( -24% -   18%) 0.122
           BrowseMonthTaxoFacets       35.87     (25.9%)       33.76     (30.0%)   -5.9% ( -49% -   67%) 0.552
                        PKLookup      227.53      (9.2%)      216.00      (8.8%)   -5.1% ( -21% -   14%) 0.113
                    OrHighNotLow      796.26      (9.1%)      767.67      (9.4%)   -3.6% ( -20% -   16%) 0.274
                         Respell       70.44      (8.0%)       67.98      (6.3%)   -3.5% ( -16% -   11%) 0.171
                     AndHighHigh      623.65     (11.4%)      603.21     (10.6%)   -3.3% ( -22% -   21%) 0.401
                       MedPhrase      237.77      (7.4%)      230.75      (8.4%)   -3.0% ( -17% -   13%) 0.292
                     MedSpanNear      210.68      (1.8%)      205.94      (4.0%)   -2.2% (  -7% -    3%) 0.039
                          IntNRQ      656.80      (8.2%)      642.17      (9.8%)   -2.2% ( -18% -   17%) 0.485
                       LowPhrase      196.25      (3.7%)      191.95      (4.9%)   -2.2% ( -10% -    6%) 0.156
          OrHighMedDayTaxoFacets       38.15      (7.2%)       37.38      (7.2%)   -2.0% ( -15% -   13%) 0.434
     BrowseRandomLabelSSDVFacets       10.89      (4.3%)       10.68      (5.5%)   -1.9% ( -11% -    8%) 0.271
                    OrHighNotMed      681.59      (7.6%)      669.18     (10.1%)   -1.8% ( -18% -   17%) 0.564
                          IntSet      665.37      (8.8%)      653.81      (6.3%)   -1.7% ( -15% -   14%) 0.521
                    HighSpanNear       69.54      (3.0%)       68.35      (3.2%)   -1.7% (  -7% -    4%) 0.119
                    OrNotHighLow     1631.21      (5.4%)     1607.76      (5.8%)   -1.4% ( -11% -   10%) 0.467
                      OrHighHigh      569.37      (6.2%)      561.70      (9.2%)   -1.3% ( -15% -   14%) 0.627
           BrowseMonthSSDVFacets       16.57     (14.5%)       16.35     (15.1%)   -1.3% ( -26% -   32%) 0.798
                   OrNotHighHigh      803.46      (7.5%)      793.23      (8.7%)   -1.3% ( -16% -   16%) 0.657
                      TermDTSort      373.51      (7.7%)      368.79      (6.7%)   -1.3% ( -14% -   14%) 0.619
                      AndHighMed      987.20      (7.9%)      976.94      (8.7%)   -1.0% ( -16% -   16%) 0.725
         AndHighMedDayTaxoFacets      180.46      (3.1%)      178.79      (4.9%)   -0.9% (  -8% -    7%) 0.528
                   OrHighNotHigh      827.07      (9.2%)      820.44      (9.0%)   -0.8% ( -17% -   19%) 0.804
                          Fuzzy2       75.31      (5.6%)       74.78      (6.4%)   -0.7% ( -11% -   11%) 0.741
                 LowSloppyPhrase      255.78      (6.0%)      254.29      (8.2%)   -0.6% ( -13% -   14%) 0.818
                        BM25MSM2       57.27      (6.3%)       56.94      (7.9%)   -0.6% ( -13% -   14%) 0.820
             LowIntervalsOrdered      254.38      (7.9%)      253.00      (6.5%)   -0.5% ( -13% -   15%) 0.832
                     LowSpanNear      223.44      (5.8%)      222.33      (7.6%)   -0.5% ( -13% -   13%) 0.836
                          Fuzzy1      108.80      (4.7%)      108.53      (6.2%)   -0.3% ( -10% -   11%) 0.897
                         MedTerm     1566.73      (8.3%)     1563.04      (7.0%)   -0.2% ( -14% -   16%) 0.931
                        HighTerm     1186.37      (7.4%)     1184.12     (11.1%)   -0.2% ( -17% -   19%) 0.955
                      HighPhrase       99.18      (2.6%)       99.03      (2.4%)   -0.2% (  -5% -    5%) 0.861
           HighTermDayOfYearSort      495.42      (8.1%)      494.75      (7.2%)   -0.1% ( -14% -   16%) 0.960
                         Prefix3     1151.87      (9.6%)     1153.80      (9.0%)    0.2% ( -16% -   20%) 0.959
        AndHighHighDayTaxoFacets       34.77      (4.2%)       34.85      (6.1%)    0.2% (  -9% -   11%) 0.901
                HighSloppyPhrase      105.81      (8.4%)      106.24      (8.3%)    0.4% ( -14% -   18%) 0.889
                         LowTerm     2448.13      (6.2%)     2459.34      (6.4%)    0.5% ( -11% -   13%) 0.837
            MedTermDayTaxoFacets       92.43      (6.1%)       92.88      (6.5%)    0.5% ( -11% -   14%) 0.825
            HighTermTitleBDVSort       73.01      (4.9%)       73.44      (6.5%)    0.6% ( -10% -   12%) 0.770
                       ConstMSM2     1314.51      (5.4%)     1326.59      (5.0%)    0.9% (  -9% -   12%) 0.620
                       OrHighLow     1228.69      (5.0%)     1241.65      (5.1%)    1.1% (  -8% -   11%) 0.555
                 MedSloppyPhrase       48.92      (3.8%)       49.48      (2.9%)    1.1% (  -5% -    8%) 0.343
            BrowseDateSSDVFacets        2.86      (6.6%)        2.89      (6.2%)    1.2% ( -10% -   15%) 0.596
                      AndHighLow     1932.34      (6.5%)     1956.31      (5.2%)    1.2% (  -9% -   13%) 0.551
                        Wildcard      180.44      (3.2%)      182.81      (2.1%)    1.3% (  -3% -    6%) 0.167
                  AndMissingHigh     3505.95      (7.5%)     3557.02      (5.5%)    1.5% ( -10% -   15%) 0.533
               HighTermTitleSort      118.09      (6.6%)      120.32     (10.0%)    1.9% ( -13% -   19%) 0.528
            HighIntervalsOrdered       74.14     (10.9%)       75.64      (9.2%)    2.0% ( -16% -   24%) 0.573
             MedIntervalsOrdered      368.03      (9.0%)      375.61      (7.0%)    2.1% ( -12% -   19%) 0.469
                       OrHighMed     1028.01      (9.5%)     1053.29      (5.8%)    2.5% ( -11% -   19%) 0.376
               HighTermMonthSort     1520.93      (6.3%)     1574.90      (6.0%)    3.5% (  -8% -   16%) 0.102
                           range     6002.04      (8.8%)     6252.54      (9.9%)    4.2% ( -13% -   25%) 0.208
                    OrNotHighMed      948.73     (12.1%)      990.37     (10.7%)    4.4% ( -16% -   30%) 0.276
     BrowseRandomLabelTaxoFacets       12.43      (6.2%)       13.45     (33.9%)    8.2% ( -30% -   51%) 0.340
            BrowseDateTaxoFacets       14.84      (7.4%)       16.65     (40.5%)   12.2% ( -33% -   64%) 0.238
       BrowseDayOfYearTaxoFacets       15.49      (5.8%)       17.37     (43.2%)   12.2% ( -34% -   64%) 0.264
  iter 16
    armA2:
      NOTE: using experimental CPU time profiler (see https://mostlynerdless.de/blog/2025/06/11/java-25s-new-cpu-time-profiler-1)
      log: /home/goankur/vsearch/logs/FAA.armA2.16 + stdout
      run: /usr/bin/perf stat -dd -e task-clock,cycles,instructions,cache-references,cache-misses,L1-dcache-loads,L1-dcache-load-misses,L1-icache-loads,L1-icache-load-misses,LLC-loads,LLC-load-misses,LLC-stores,LLC-store-misses,LLC-prefetches,LLC-prefetch-misses,faults,minor-faults,major-faults,branches,branch-misses,stalled-cycles-frontend,stalled-cycles-backend /home/goankur/jdk/corretto-25/bin/java -server -Xms2g -Xmx2g --add-modules jdk.incubator.vector -XX:+HeapDumpOnOutOfMemoryError -XX:+UseParallelGC -XX:StartFlightRecording=jdk.CPUTimeSample#enabled=true,dumponexit=true,maxsize=250M,settings=/home/goankur/vsearch/util/src/python/profiling.jfc,filename=/home/goankur/vsearch/logs/bench-search-FAA-armA2-16.jfr -XX:+UnlockDiagnosticVMOptions -XX:+DebugNonSafepoints -classpath /home/goankur/vsearch/bo/lucene-A/lucene/core/build/libs/lucene-core-11.0.0-SNAPSHOT.jar:/home/goankur/vsearch/bo/lucene-A/lucene/sandbox/build/classes/java/main:/home/goankur/vsearch/bo/lucene-A/lucene/misc/build/classes/java/main:/home/goankur/vsearch/bo/lucene-A/lucene/facet/build/classes/java/main:/home/goankur/vsearch/bo/lucene-A/lucene/analysis/common/build/classes/java/main:/home/goankur/vsearch/bo/lucene-A/lucene/analysis/icu/build/classes/java/main:/home/goankur/vsearch/bo/lucene-A/lucene/queryparser/build/classes/java/main:/home/goankur/vsearch/bo/lucene-A/lucene/grouping/build/classes/java/main:/home/goankur/vsearch/bo/lucene-A/lucene/suggest/build/classes/java/main:/home/goankur/vsearch/bo/lucene-A/lucene/highlighter/build/classes/java/main:/home/goankur/vsearch/bo/lucene-A/lucene/codecs/build/classes/java/main:/home/goankur/vsearch/bo/lucene-A/lucene/queries/build/classes/java/main:/home/goankur/vsearch/bo/lucene-A/lucene/join/build/classes/java/main:/home/goankur/vsearch/bo/lucene-A/lucene/spatial3d/build/classes/java/main:/home/goankur/vsearch/util/lib/HdrHistogram.jar:/home/goankur/vsearch/util/src/main/build/classes/java/main:/home/goankur/vsearch/util/build perf.SearchPerfTest -dirImpl MMapDirectory -indexPath /home/goankur/vsearch/indices/wikimedium10m.lucene-A.facets.taxonomy:Date.taxonomy:Month.taxonomy:DayOfYear.sortedset:Date.sortedset:Month.sortedset:DayOfYear.taxonomy:RandomLabel.sortedset:RandomLabel.Lucene90.Lucene104.dvfields.nd10M -facets taxonomy:Date;Date -facets taxonomy:Month;Month -facets taxonomy:DayOfYear;DayOfYear -facets sortedset:Date;Date -facets sortedset:Month;Month -facets sortedset:DayOfYear;DayOfYear -facets taxonomy:RandomLabel;RandomLabel -facets sortedset:RandomLabel;RandomLabel -analyzer StandardAnalyzer -taskSource /home/goankur/vsearch/util/tasks/wikimedium.10M.nostopwords.tasks -numConcurrentQueries 5 -taskRepeatCount 20 -field body -tasksPerCat 1 -searchConcurrency -1 -staticSeed 648875 -seed -2490757 -similarity BM25Similarity -commit multi -hiliteImpl FastVectorHighlighter -log /home/goankur/vsearch/logs/FAA.armA2.16 -topN 100 -context  -pk -pollute
      9.0 s
      287.7 actual sustained QPS; -1.0 CPU cores used
    armA:
      NOTE: using experimental CPU time profiler (see https://mostlynerdless.de/blog/2025/06/11/java-25s-new-cpu-time-profiler-1)
      log: /home/goankur/vsearch/logs/FAA.armA.16 + stdout
      run: /usr/bin/perf stat -dd -e task-clock,cycles,instructions,cache-references,cache-misses,L1-dcache-loads,L1-dcache-load-misses,L1-icache-loads,L1-icache-load-misses,LLC-loads,LLC-load-misses,LLC-stores,LLC-store-misses,LLC-prefetches,LLC-prefetch-misses,faults,minor-faults,major-faults,branches,branch-misses,stalled-cycles-frontend,stalled-cycles-backend /home/goankur/jdk/corretto-25/bin/java -server -Xms2g -Xmx2g --add-modules jdk.incubator.vector -XX:+HeapDumpOnOutOfMemoryError -XX:+UseParallelGC -XX:StartFlightRecording=jdk.CPUTimeSample#enabled=true,dumponexit=true,maxsize=250M,settings=/home/goankur/vsearch/util/src/python/profiling.jfc,filename=/home/goankur/vsearch/logs/bench-search-FAA-armA-16.jfr -XX:+UnlockDiagnosticVMOptions -XX:+DebugNonSafepoints -classpath /home/goankur/vsearch/bo/lucene-A/lucene/core/build/libs/lucene-core-11.0.0-SNAPSHOT.jar:/home/goankur/vsearch/bo/lucene-A/lucene/sandbox/build/classes/java/main:/home/goankur/vsearch/bo/lucene-A/lucene/misc/build/classes/java/main:/home/goankur/vsearch/bo/lucene-A/lucene/facet/build/classes/java/main:/home/goankur/vsearch/bo/lucene-A/lucene/analysis/common/build/classes/java/main:/home/goankur/vsearch/bo/lucene-A/lucene/analysis/icu/build/classes/java/main:/home/goankur/vsearch/bo/lucene-A/lucene/queryparser/build/classes/java/main:/home/goankur/vsearch/bo/lucene-A/lucene/grouping/build/classes/java/main:/home/goankur/vsearch/bo/lucene-A/lucene/suggest/build/classes/java/main:/home/goankur/vsearch/bo/lucene-A/lucene/highlighter/build/classes/java/main:/home/goankur/vsearch/bo/lucene-A/lucene/codecs/build/classes/java/main:/home/goankur/vsearch/bo/lucene-A/lucene/queries/build/classes/java/main:/home/goankur/vsearch/bo/lucene-A/lucene/join/build/classes/java/main:/home/goankur/vsearch/bo/lucene-A/lucene/spatial3d/build/classes/java/main:/home/goankur/vsearch/util/lib/HdrHistogram.jar:/home/goankur/vsearch/util/src/main/build/classes/java/main:/home/goankur/vsearch/util/build perf.SearchPerfTest -dirImpl MMapDirectory -indexPath /home/goankur/vsearch/indices/wikimedium10m.lucene-A.facets.taxonomy:Date.taxonomy:Month.taxonomy:DayOfYear.sortedset:Date.sortedset:Month.sortedset:DayOfYear.taxonomy:RandomLabel.sortedset:RandomLabel.Lucene90.Lucene104.dvfields.nd10M -facets taxonomy:Date;Date -facets taxonomy:Month;Month -facets taxonomy:DayOfYear;DayOfYear -facets sortedset:Date;Date -facets sortedset:Month;Month -facets sortedset:DayOfYear;DayOfYear -facets taxonomy:RandomLabel;RandomLabel -facets sortedset:RandomLabel;RandomLabel -analyzer StandardAnalyzer -taskSource /home/goankur/vsearch/util/tasks/wikimedium.10M.nostopwords.tasks -numConcurrentQueries 5 -taskRepeatCount 20 -field body -tasksPerCat 1 -searchConcurrency -1 -staticSeed 648875 -seed -2490757 -similarity BM25Similarity -commit multi -hiliteImpl FastVectorHighlighter -log /home/goankur/vsearch/logs/FAA.armA.16 -topN 100 -context  -pk -pollute
      9.4 s
      243.5 actual sustained QPS; -1.0 CPU cores used

Report after iter 16:
QPSChart.supported == False
                            Task     P50 B     P50 C     Diff     P90 B     P90 C     Diff     P99 B     P99 C     Diff    P999 B    P999 C     Diff    P100 B    P100 C     Diff
           ('AndHighHigh', None)     1.773     1.744    -1.6%     5.084     5.856    15.2%     5.725     5.984     4.5%     5.725     5.984     4.5%    97.034    77.652   -20.0%
('AndHighHighDayTaxoFacets', None)    29.036    31.663     9.0%    41.108    42.760     4.0%    96.258    92.026    -4.4%    96.258    92.026    -4.4%   124.171   105.549   -15.0%
            ('AndHighLow', None)     0.536     0.628    17.3%     1.491     2.245    50.6%     2.301     3.528    53.3%     2.301     3.528    53.3%     6.278     5.023   -20.0%
            ('AndHighMed', None)     1.068     1.029    -3.7%     2.900     3.936    35.7%     5.072     5.249     3.5%     5.072     5.249     3.5%   162.260   153.755    -5.2%
('AndHighMedDayTaxoFacets', None)     6.188     6.834    10.4%    18.140    15.909   -12.3%    26.921    18.548   -31.1%    26.921    18.548   -31.1%    28.055    31.594    12.6%
     ('AndMissingHigh', 'Title')     0.312     0.301    -3.7%     0.735     0.958    30.3%     0.854     0.964    12.9%     0.854     0.964    12.9%     5.808     1.405   -75.8%
              ('BM25MSM2', None)    17.251    17.508     1.5%    50.084    34.103   -31.9%    50.525    45.955    -9.0%    50.525    45.955    -9.0%   235.914   318.776    35.1%
  ('BrowseDateSSDVFacets', None)   346.723   348.985     0.7%   371.846   394.305     6.0%   380.974   398.312     4.6%   380.974   398.312     4.6%   678.865   515.528   -24.1%
  ('BrowseDateTaxoFacets', None)    66.675    25.333   -62.0%    82.391    29.852   -63.8%    86.772    69.380   -20.0%    86.772    69.380   -20.0%   126.776   110.116   -13.1%
('BrowseDayOfYearSSDVFacets', None)    65.016    65.388     0.6%    86.455    81.931    -5.2%    87.038    93.112     7.0%    87.038    93.112     7.0%   211.983   108.825   -48.7%
('BrowseDayOfYearTaxoFacets', None)    62.524    21.868   -65.0%    79.465    32.995   -58.5%    84.310    62.779   -25.5%    84.310    62.779   -25.5%   259.532   200.036   -22.9%
 ('BrowseMonthSSDVFacets', None)    66.651    72.552     8.9%    89.937    83.157    -7.5%    96.364    89.144    -7.5%    96.364    89.144    -7.5%   200.990   186.902    -7.0%
 ('BrowseMonthTaxoFacets', None)    26.652    26.384    -1.0%    33.914    35.699     5.3%   108.416    86.184   -20.5%   108.416    86.184   -20.5%   135.972   143.711     5.7%
('BrowseRandomLabelSSDVFacets', None)    96.556    98.072     1.6%   135.919   120.698   -11.2%   147.916   194.179    31.3%   147.916   194.179    31.3%   332.940   284.732   -14.5%
('BrowseRandomLabelTaxoFacets', None)    78.356    36.584   -53.3%    97.216    50.700   -47.8%    99.025   106.406     7.5%    99.025   106.406     7.5%   137.008   217.333    58.6%
             ('ConstMSM2', None)     0.900     0.878    -2.5%     2.800     1.189   -57.5%     3.125     3.060    -2.1%     3.125     3.060    -2.1%     7.667    21.106   175.3%
                ('Fuzzy1', None)     9.631     9.656     0.3%    26.119    19.869   -23.9%    38.582    34.982    -9.3%    38.582    34.982    -9.3%    40.041    36.232    -9.5%
                ('Fuzzy2', None)    13.539    13.388    -1.1%    32.033    31.128    -2.8%    34.144    32.144    -5.9%    34.144    32.144    -5.9%   117.110   116.724    -0.3%
  ('HighIntervalsOrdered', None)    13.490    12.483    -7.5%    24.847    23.819    -4.1%    67.495    32.011   -52.6%    67.495    32.011   -52.6%   134.927    96.134   -28.8%
            ('HighPhrase', None)     9.803    10.107     3.1%    18.644    15.542   -16.6%    27.556    26.176    -5.0%    27.556    26.176    -5.0%   132.489   124.722    -5.9%
      ('HighSloppyPhrase', None)    10.224    10.680     4.5%    12.798    12.365    -3.4%    13.724    12.967    -5.5%    13.724    12.967    -5.5%   104.278   143.363    37.5%
          ('HighSpanNear', None)    15.156    17.633    16.3%    29.322    21.792   -25.7%    31.600    35.826    13.4%    31.600    35.826    13.4%    43.470    83.848    92.9%
              ('HighTerm', None)     0.857     0.965    12.6%     2.159     1.756   -18.6%     2.572     2.330    -9.4%     2.572     2.330    -9.4%     2.972     2.963    -0.3%
('HighTermDayOfYearSort', 'DayOfYear')     1.982     2.232    12.6%     7.526     7.896     4.9%     8.886    17.350    95.3%     8.886    17.350    95.3%    80.430    73.569    -8.5%
  ('HighTermMonthSort', 'Month')     0.640     0.720    12.5%     2.011     2.102     4.5%     4.282     3.104   -27.5%     4.282     3.104   -27.5%    12.666     5.950   -53.0%
('HighTermTitleBDVSort', 'TitleBinary')    14.387    14.168    -1.5%    23.442    26.607    13.5%    32.981    29.853    -9.5%    32.981    29.853    -9.5%    68.890   108.278    57.2%
  ('HighTermTitleSort', 'Title')     9.570     9.827     2.7%    18.133    14.350   -20.9%    61.826    55.556   -10.1%    61.826    55.556   -10.1%   100.971   100.672    -0.3%
                ('IntNRQ', None)     1.911     1.768    -7.5%     4.878     7.288    49.4%     7.354    16.425   123.3%     7.354    16.425   123.3%   121.819    86.843   -28.7%
                ('IntSet', None)     1.901     2.176    14.5%     6.708     5.585   -16.7%    10.219     9.556    -6.5%    10.219     9.556    -6.5%    62.543    49.528   -20.8%
   ('LowIntervalsOrdered', None)     4.359     3.940    -9.6%     7.123     8.226    15.5%    18.779     9.262   -50.7%    18.779     9.262   -50.7%    97.262    90.200    -7.3%
             ('LowPhrase', None)     5.251     5.338     1.7%    14.077    14.962     6.3%    16.933    18.458     9.0%    16.933    18.458     9.0%   154.737   150.901    -2.5%
       ('LowSloppyPhrase', None)     5.110     4.137   -19.1%    10.491    14.316    36.5%    17.127    16.379    -4.4%    17.127    16.379    -4.4%    19.014    18.465    -2.9%
           ('LowSpanNear', None)     4.540     4.432    -2.4%    12.148    11.690    -3.8%    23.008    13.350   -42.0%    23.008    13.350   -42.0%   170.596   126.059   -26.1%
               ('LowTerm', None)     0.494     0.512     3.7%     0.956     0.918    -4.0%     1.841     1.115   -39.4%     1.841     1.115   -39.4%    43.107    36.348   -15.7%
   ('MedIntervalsOrdered', None)     2.597     2.682     3.3%     5.938     4.283   -27.9%     8.785     4.440   -49.5%     8.785     4.440   -49.5%    98.299   108.291    10.2%
             ('MedPhrase', None)     3.975     4.063     2.2%     8.372    11.342    35.5%    12.072    37.731   212.6%    12.072    37.731   212.6%    32.129    39.942    24.3%
       ('MedSloppyPhrase', None)    22.802    21.129    -7.3%    34.233    29.773   -13.0%    37.564    41.768    11.2%    37.564    41.768    11.2%    42.906    59.207    38.0%
           ('MedSpanNear', None)     4.906     5.920    20.7%    15.375    10.223   -33.5%    19.508    13.263   -32.0%    19.508    13.263   -32.0%    29.280    48.364    65.2%
               ('MedTerm', None)     0.668     0.803    20.3%     1.266     1.394    10.1%     2.681     3.072    14.6%     2.681     3.072    14.6%     2.827     5.152    82.2%
  ('MedTermDayTaxoFacets', None)    11.966    10.359   -13.4%    17.169    19.047    10.9%    28.077    20.703   -26.3%    28.077    20.703   -26.3%   270.799   210.287   -22.3%
            ('OrHighHigh', None)     1.854     2.295    23.8%     5.054     3.288   -34.9%     7.859     4.234   -46.1%     7.859     4.234   -46.1%    44.770    46.859     4.7%
             ('OrHighLow', None)     0.811     0.765    -5.6%     1.605     1.516    -5.5%     2.391     2.889    20.8%     2.391     2.889    20.8%    10.051     4.086   -59.4%
             ('OrHighMed', None)     0.881     1.076    22.1%     1.824     3.513    92.5%     6.315     4.452   -29.5%     6.315     4.452   -29.5%     9.743    13.498    38.5%
('OrHighMedDayTaxoFacets', None)    23.527    29.401    25.0%    38.351    37.460    -2.3%   121.832    89.207   -26.8%   121.832    89.207   -26.8%   195.788   212.981     8.8%
         ('OrHighNotHigh', None)     1.552     1.239   -20.2%     4.570     3.992   -12.7%    19.018     4.232   -77.7%    19.018     4.232   -77.7%    72.962    63.359   -13.2%
          ('OrHighNotLow', None)     1.553     2.002    28.9%     2.814     3.692    31.2%     5.880     6.416     9.1%     5.880     6.416     9.1%    18.282    11.231   -38.6%
          ('OrHighNotMed', None)     1.529     1.600     4.6%    20.598     2.612   -87.3%    29.631     9.762   -67.1%    29.631     9.762   -67.1%    29.911    33.331    11.4%
         ('OrNotHighHigh', None)     1.244     1.388    11.5%     7.131     3.102   -56.5%     7.540     3.240   -57.0%     7.540     3.240   -57.0%    13.178     4.358   -66.9%
          ('OrNotHighLow', None)     0.628     0.632     0.6%     2.125     1.954    -8.0%     3.351    13.520   303.4%     3.351    13.520   303.4%     9.610    16.612    72.9%
          ('OrNotHighMed', None)     0.968     1.191    23.0%     4.595     4.665     1.5%     5.870     5.137   -12.5%     5.870     5.137   -12.5%     6.059     6.903    13.9%
                   ('PKLookup',)     4.986     4.322   -13.3%    10.002     9.942    -0.6%    13.571    10.934   -19.4%    13.571    10.934   -19.4%    17.445    14.452   -17.2%
               ('Prefix3', None)     0.829     1.061    27.9%     4.511     3.411   -24.4%     8.912     5.992   -32.8%     8.912     5.992   -32.8%    78.994    57.220   -27.6%
                    ('Respell',)    14.751    15.320     3.9%    28.791    41.170    43.0%    50.040    46.848    -6.4%    50.040    46.848    -6.4%   101.614    79.968   -21.3%
('TermDateTimeSort', 'DateTime')     2.930     2.501   -14.6%    10.094     8.009   -20.6%    13.726     9.287   -32.3%    13.726     9.287   -32.3%    23.092    34.470    49.3%
              ('Wildcard', None)     5.598     5.631     0.6%    13.861    11.078   -20.1%    27.494    19.261   -29.9%    27.494    19.261   -29.9%    62.009    84.275    35.9%
                 ('range', None)     0.215     0.227     5.7%     0.682     0.644    -5.5%     0.891     0.980    10.0%     0.891     0.980    10.0%     1.212     2.707   123.4%
                            Task    QPS armA      StdDev   QPS armA2      StdDev                Pct diff p-value
       BrowseDayOfYearSSDVFacets       16.42     (12.8%)       15.47      (8.4%)   -5.8% ( -24% -   17%) 0.118
           BrowseMonthTaxoFacets       36.07     (25.0%)       34.13     (29.2%)   -5.4% ( -47% -   65%) 0.564
                    OrHighNotLow      794.46      (8.9%)      753.95     (11.6%)   -5.1% ( -23% -   16%) 0.151
                        PKLookup      226.03      (9.4%)      217.93      (9.3%)   -3.6% ( -20% -   16%) 0.264
                         Respell       70.40      (7.8%)       68.00      (6.1%)   -3.4% ( -16% -   11%) 0.154
                     AndHighHigh      623.03     (11.1%)      602.45     (10.3%)   -3.3% ( -22% -   20%) 0.368
          OrHighMedDayTaxoFacets       38.44      (7.6%)       37.27      (7.1%)   -3.0% ( -16% -   12%) 0.229
                       MedPhrase      238.91      (7.4%)      231.87      (8.3%)   -2.9% ( -17% -   13%) 0.275
                          IntNRQ      656.58      (7.9%)      640.08      (9.6%)   -2.5% ( -18% -   16%) 0.404
                      OrHighHigh      568.22      (6.1%)      554.54     (10.3%)   -2.4% ( -17% -   14%) 0.407
                     MedSpanNear      210.33      (1.9%)      205.61      (3.9%)   -2.2% (  -7% -    3%) 0.032
                       LowPhrase      196.21      (3.6%)      191.83      (4.8%)   -2.2% ( -10% -    6%) 0.125
                    HighSpanNear       69.36      (3.1%)       67.84      (4.4%)   -2.2% (  -9% -    5%) 0.089
     BrowseRandomLabelSSDVFacets       10.90      (4.2%)       10.67      (5.4%)   -2.1% ( -11% -    7%) 0.199
                    OrHighNotMed      682.68      (7.4%)      668.25      (9.8%)   -2.1% ( -17% -   16%) 0.476
                   OrNotHighHigh      807.75      (7.6%)      790.77      (8.5%)   -2.1% ( -16% -   15%) 0.445
                          IntSet      659.61      (9.3%)      647.84      (7.2%)   -1.8% ( -16% -   16%) 0.532
           BrowseMonthSSDVFacets       16.51     (14.1%)       16.25     (14.9%)   -1.6% ( -26% -   31%) 0.752
         AndHighMedDayTaxoFacets      180.20      (3.1%)      178.04      (5.1%)   -1.2% (  -9% -    7%) 0.406
                    OrNotHighLow     1631.59      (5.2%)     1613.34      (5.7%)   -1.1% ( -11% -   10%) 0.553
                         MedTerm     1568.41      (8.0%)     1552.45      (7.3%)   -1.0% ( -15% -   15%) 0.699
                        HighTerm     1186.97      (7.2%)     1176.62     (11.1%)   -0.9% ( -17% -   18%) 0.786
                         Prefix3     1158.00      (9.5%)     1150.55      (8.8%)   -0.6% ( -17% -   19%) 0.837
                HighSloppyPhrase      106.24      (8.3%)      105.57      (8.4%)   -0.6% ( -15% -   17%) 0.825
                          Fuzzy2       75.35      (5.4%)       74.88      (6.2%)   -0.6% ( -11% -   11%) 0.759
           HighTermDayOfYearSort      496.68      (7.9%)      493.87      (7.0%)   -0.6% ( -14% -   15%) 0.826
                      AndHighMed      985.78      (7.7%)      980.59      (8.6%)   -0.5% ( -15% -   17%) 0.851
                      TermDTSort      373.04      (7.5%)      371.20      (7.0%)   -0.5% ( -13% -   15%) 0.843
                        BM25MSM2       57.40      (6.1%)       57.13      (7.8%)   -0.5% ( -13% -   14%) 0.841
                     LowSpanNear      223.78      (5.6%)      222.86      (7.4%)   -0.4% ( -12% -   13%) 0.857
             LowIntervalsOrdered      254.42      (7.7%)      253.45      (6.4%)   -0.4% ( -13% -   14%) 0.875
                      HighPhrase       99.41      (2.7%)       99.07      (2.4%)   -0.3% (  -5% -    4%) 0.691
                      AndHighLow     1942.62      (6.6%)     1939.57      (6.1%)   -0.2% ( -12% -   13%) 0.943
        AndHighHighDayTaxoFacets       34.79      (4.1%)       34.74      (6.1%)   -0.2% (  -9% -   10%) 0.932
                          Fuzzy1      108.53      (4.7%)      108.41      (6.0%)   -0.1% ( -10% -   11%) 0.949
                   OrHighNotHigh      818.59     (10.0%)      820.39      (8.8%)    0.2% ( -16% -   21%) 0.946
                 LowSloppyPhrase      253.67      (6.8%)      254.25      (8.0%)    0.2% ( -13% -   16%) 0.927
            HighTermTitleBDVSort       72.93      (4.8%)       73.32      (6.3%)    0.5% ( -10% -   12%) 0.779
                         LowTerm     2426.32      (7.1%)     2448.02      (6.6%)    0.9% ( -11% -   15%) 0.702
                       ConstMSM2     1309.35      (5.5%)     1322.27      (5.1%)    1.0% (  -9% -   12%) 0.588
            BrowseDateSSDVFacets        2.86      (6.4%)        2.89      (6.0%)    1.0% ( -10% -   14%) 0.627
                       OrHighLow     1230.90      (4.9%)     1246.14      (5.1%)    1.2% (  -8% -   11%) 0.472
            MedTermDayTaxoFacets       91.97      (6.3%)       93.22      (6.5%)    1.4% ( -10% -   15%) 0.537
                        Wildcard      180.54      (3.1%)      183.05      (2.1%)    1.4% (  -3% -    6%) 0.126
                 MedSloppyPhrase       48.66      (4.3%)       49.36      (3.0%)    1.4% (  -5% -    9%) 0.263
                  AndMissingHigh     3505.94      (7.3%)     3558.98      (5.4%)    1.5% ( -10% -   15%) 0.491
               HighTermTitleSort      117.53      (6.7%)      119.40     (10.3%)    1.6% ( -14% -   19%) 0.594
             MedIntervalsOrdered      369.75      (8.8%)      376.04      (6.8%)    1.7% ( -12% -   19%) 0.529
                       OrHighMed     1036.90      (9.8%)     1057.62      (5.8%)    2.0% ( -12% -   19%) 0.469
            HighIntervalsOrdered       74.40     (10.7%)       76.05      (9.2%)    2.2% ( -15% -   24%) 0.516
               HighTermMonthSort     1526.87      (6.2%)     1565.66      (6.3%)    2.5% (  -9% -   16%) 0.239
                           range     5995.88      (8.6%)     6180.81     (10.8%)    3.1% ( -14% -   24%) 0.356
                    OrNotHighMed      954.05     (11.8%)      984.45     (10.6%)    3.2% ( -17% -   29%) 0.408
     BrowseRandomLabelTaxoFacets       12.47      (6.1%)       14.45     (46.5%)   15.9% ( -34% -   72%) 0.162
            BrowseDateTaxoFacets       14.87      (7.2%)       18.16     (57.5%)   22.1% ( -39% -   93%) 0.115
       BrowseDayOfYearTaxoFacets       15.53      (5.7%)       19.08     (61.6%)   22.9% ( -41% -   95%) 0.127
  iter 17
    armA:
      NOTE: using experimental CPU time profiler (see https://mostlynerdless.de/blog/2025/06/11/java-25s-new-cpu-time-profiler-1)
      log: /home/goankur/vsearch/logs/FAA.armA.17 + stdout
      run: /usr/bin/perf stat -dd -e task-clock,cycles,instructions,cache-references,cache-misses,L1-dcache-loads,L1-dcache-load-misses,L1-icache-loads,L1-icache-load-misses,LLC-loads,LLC-load-misses,LLC-stores,LLC-store-misses,LLC-prefetches,LLC-prefetch-misses,faults,minor-faults,major-faults,branches,branch-misses,stalled-cycles-frontend,stalled-cycles-backend /home/goankur/jdk/corretto-25/bin/java -server -Xms2g -Xmx2g --add-modules jdk.incubator.vector -XX:+HeapDumpOnOutOfMemoryError -XX:+UseParallelGC -XX:StartFlightRecording=jdk.CPUTimeSample#enabled=true,dumponexit=true,maxsize=250M,settings=/home/goankur/vsearch/util/src/python/profiling.jfc,filename=/home/goankur/vsearch/logs/bench-search-FAA-armA-17.jfr -XX:+UnlockDiagnosticVMOptions -XX:+DebugNonSafepoints -classpath /home/goankur/vsearch/bo/lucene-A/lucene/core/build/libs/lucene-core-11.0.0-SNAPSHOT.jar:/home/goankur/vsearch/bo/lucene-A/lucene/sandbox/build/classes/java/main:/home/goankur/vsearch/bo/lucene-A/lucene/misc/build/classes/java/main:/home/goankur/vsearch/bo/lucene-A/lucene/facet/build/classes/java/main:/home/goankur/vsearch/bo/lucene-A/lucene/analysis/common/build/classes/java/main:/home/goankur/vsearch/bo/lucene-A/lucene/analysis/icu/build/classes/java/main:/home/goankur/vsearch/bo/lucene-A/lucene/queryparser/build/classes/java/main:/home/goankur/vsearch/bo/lucene-A/lucene/grouping/build/classes/java/main:/home/goankur/vsearch/bo/lucene-A/lucene/suggest/build/classes/java/main:/home/goankur/vsearch/bo/lucene-A/lucene/highlighter/build/classes/java/main:/home/goankur/vsearch/bo/lucene-A/lucene/codecs/build/classes/java/main:/home/goankur/vsearch/bo/lucene-A/lucene/queries/build/classes/java/main:/home/goankur/vsearch/bo/lucene-A/lucene/join/build/classes/java/main:/home/goankur/vsearch/bo/lucene-A/lucene/spatial3d/build/classes/java/main:/home/goankur/vsearch/util/lib/HdrHistogram.jar:/home/goankur/vsearch/util/src/main/build/classes/java/main:/home/goankur/vsearch/util/build perf.SearchPerfTest -dirImpl MMapDirectory -indexPath /home/goankur/vsearch/indices/wikimedium10m.lucene-A.facets.taxonomy:Date.taxonomy:Month.taxonomy:DayOfYear.sortedset:Date.sortedset:Month.sortedset:DayOfYear.taxonomy:RandomLabel.sortedset:RandomLabel.Lucene90.Lucene104.dvfields.nd10M -facets taxonomy:Date;Date -facets taxonomy:Month;Month -facets taxonomy:DayOfYear;DayOfYear -facets sortedset:Date;Date -facets sortedset:Month;Month -facets sortedset:DayOfYear;DayOfYear -facets taxonomy:RandomLabel;RandomLabel -facets sortedset:RandomLabel;RandomLabel -analyzer StandardAnalyzer -taskSource /home/goankur/vsearch/util/tasks/wikimedium.10M.nostopwords.tasks -numConcurrentQueries 5 -taskRepeatCount 20 -field body -tasksPerCat 1 -searchConcurrency -1 -staticSeed 648875 -seed -7712905 -similarity BM25Similarity -commit multi -hiliteImpl FastVectorHighlighter -log /home/goankur/vsearch/logs/FAA.armA.17 -topN 100 -context  -pk -pollute
      9.5 s
      245.5 actual sustained QPS; -1.0 CPU cores used
    armA2:
      NOTE: using experimental CPU time profiler (see https://mostlynerdless.de/blog/2025/06/11/java-25s-new-cpu-time-profiler-1)
      log: /home/goankur/vsearch/logs/FAA.armA2.17 + stdout
      run: /usr/bin/perf stat -dd -e task-clock,cycles,instructions,cache-references,cache-misses,L1-dcache-loads,L1-dcache-load-misses,L1-icache-loads,L1-icache-load-misses,LLC-loads,LLC-load-misses,LLC-stores,LLC-store-misses,LLC-prefetches,LLC-prefetch-misses,faults,minor-faults,major-faults,branches,branch-misses,stalled-cycles-frontend,stalled-cycles-backend /home/goankur/jdk/corretto-25/bin/java -server -Xms2g -Xmx2g --add-modules jdk.incubator.vector -XX:+HeapDumpOnOutOfMemoryError -XX:+UseParallelGC -XX:StartFlightRecording=jdk.CPUTimeSample#enabled=true,dumponexit=true,maxsize=250M,settings=/home/goankur/vsearch/util/src/python/profiling.jfc,filename=/home/goankur/vsearch/logs/bench-search-FAA-armA2-17.jfr -XX:+UnlockDiagnosticVMOptions -XX:+DebugNonSafepoints -classpath /home/goankur/vsearch/bo/lucene-A/lucene/core/build/libs/lucene-core-11.0.0-SNAPSHOT.jar:/home/goankur/vsearch/bo/lucene-A/lucene/sandbox/build/classes/java/main:/home/goankur/vsearch/bo/lucene-A/lucene/misc/build/classes/java/main:/home/goankur/vsearch/bo/lucene-A/lucene/facet/build/classes/java/main:/home/goankur/vsearch/bo/lucene-A/lucene/analysis/common/build/classes/java/main:/home/goankur/vsearch/bo/lucene-A/lucene/analysis/icu/build/classes/java/main:/home/goankur/vsearch/bo/lucene-A/lucene/queryparser/build/classes/java/main:/home/goankur/vsearch/bo/lucene-A/lucene/grouping/build/classes/java/main:/home/goankur/vsearch/bo/lucene-A/lucene/suggest/build/classes/java/main:/home/goankur/vsearch/bo/lucene-A/lucene/highlighter/build/classes/java/main:/home/goankur/vsearch/bo/lucene-A/lucene/codecs/build/classes/java/main:/home/goankur/vsearch/bo/lucene-A/lucene/queries/build/classes/java/main:/home/goankur/vsearch/bo/lucene-A/lucene/join/build/classes/java/main:/home/goankur/vsearch/bo/lucene-A/lucene/spatial3d/build/classes/java/main:/home/goankur/vsearch/util/lib/HdrHistogram.jar:/home/goankur/vsearch/util/src/main/build/classes/java/main:/home/goankur/vsearch/util/build perf.SearchPerfTest -dirImpl MMapDirectory -indexPath /home/goankur/vsearch/indices/wikimedium10m.lucene-A.facets.taxonomy:Date.taxonomy:Month.taxonomy:DayOfYear.sortedset:Date.sortedset:Month.sortedset:DayOfYear.taxonomy:RandomLabel.sortedset:RandomLabel.Lucene90.Lucene104.dvfields.nd10M -facets taxonomy:Date;Date -facets taxonomy:Month;Month -facets taxonomy:DayOfYear;DayOfYear -facets sortedset:Date;Date -facets sortedset:Month;Month -facets sortedset:DayOfYear;DayOfYear -facets taxonomy:RandomLabel;RandomLabel -facets sortedset:RandomLabel;RandomLabel -analyzer StandardAnalyzer -taskSource /home/goankur/vsearch/util/tasks/wikimedium.10M.nostopwords.tasks -numConcurrentQueries 5 -taskRepeatCount 20 -field body -tasksPerCat 1 -searchConcurrency -1 -staticSeed 648875 -seed -7712905 -similarity BM25Similarity -commit multi -hiliteImpl FastVectorHighlighter -log /home/goankur/vsearch/logs/FAA.armA2.17 -topN 100 -context  -pk -pollute
      9.5 s
      240.7 actual sustained QPS; -1.0 CPU cores used

Report after iter 17:
QPSChart.supported == False
                            Task     P50 B     P50 C     Diff     P90 B     P90 C     Diff     P99 B     P99 C     Diff    P999 B    P999 C     Diff    P100 B    P100 C     Diff
           ('AndHighHigh', None)     1.590     1.689     6.3%     5.513     5.099    -7.5%     5.935     6.390     7.7%     5.935     6.390     7.7%    12.376     6.646   -46.3%
('AndHighHighDayTaxoFacets', None)    29.826    27.312    -8.4%    36.861    52.351    42.0%    43.014    61.100    42.0%    43.014    61.100    42.0%   111.070   120.573     8.6%
            ('AndHighLow', None)     0.579     0.553    -4.5%     1.782     1.567   -12.1%     1.935     2.374    22.6%     1.935     2.374    22.6%     2.584     3.382    30.9%
            ('AndHighMed', None)     1.047     1.089     4.1%     4.486     3.911   -12.8%     6.876     6.807    -1.0%     6.876     6.807    -1.0%    12.841    13.752     7.1%
('AndHighMedDayTaxoFacets', None)     5.441     6.005    10.4%    14.608    13.347    -8.6%    18.511    28.077    51.7%    18.511    28.077    51.7%    26.119    57.054   118.4%
     ('AndMissingHigh', 'Title')     0.298     0.297    -0.4%     0.559     0.872    55.9%     1.500     1.040   -30.6%     1.500     1.040   -30.6%    14.949    14.933    -0.1%
              ('BM25MSM2', None)    17.479    18.199     4.1%    25.424    38.205    50.3%    41.081    53.488    30.2%    41.081    53.488    30.2%   243.631   211.678   -13.1%
  ('BrowseDateSSDVFacets', None)   385.524   382.230    -0.9%   512.866   486.231    -5.2%   518.496   514.293    -0.8%   518.496   514.293    -0.8%   583.237   536.092    -8.1%
  ('BrowseDateTaxoFacets', None)    64.167    63.914    -0.4%    68.821    77.672    12.9%    71.080    79.097    11.3%    71.080    79.097    11.3%    76.854    83.030     8.0%
('BrowseDayOfYearSSDVFacets', None)    61.161    62.365     2.0%    85.619    84.471    -1.3%    92.149    96.521     4.7%    92.149    96.521     4.7%   206.788   123.371   -40.3%
('BrowseDayOfYearTaxoFacets', None)    61.017    63.636     4.3%    78.114    73.666    -5.7%    78.333    79.400     1.4%    78.333    79.400     1.4%   327.921   327.276    -0.2%
 ('BrowseMonthSSDVFacets', None)    69.104    69.307     0.3%    82.873    87.573     5.7%   100.949    93.078    -7.8%   100.949    93.078    -7.8%   208.257   166.407   -20.1%
 ('BrowseMonthTaxoFacets', None)    26.233    26.375     0.5%    77.827    34.778   -55.3%   111.584    90.382   -19.0%   111.584    90.382   -19.0%   245.086   233.295    -4.8%
('BrowseRandomLabelSSDVFacets', None)   102.603   103.050     0.4%   138.182   119.799   -13.3%   148.113   144.090    -2.7%   148.113   144.090    -2.7%   194.951   201.708     3.5%
('BrowseRandomLabelTaxoFacets', None)    79.141    77.855    -1.6%    96.227    87.381    -9.2%   102.565   102.193    -0.4%   102.565   102.193    -0.4%   190.374   250.633    31.7%
             ('ConstMSM2', None)     0.769     0.801     4.1%     1.610     1.737     7.9%     2.656     5.802   118.4%     2.656     5.802   118.4%    13.725    18.433    34.3%
                ('Fuzzy1', None)    10.008    10.198     1.9%    18.154    17.729    -2.3%    20.418    18.789    -8.0%    20.418    18.789    -8.0%    39.353    32.289   -17.9%
                ('Fuzzy2', None)    12.978    13.511     4.1%    23.311    23.406     0.4%    36.059    28.438   -21.1%    36.059    28.438   -21.1%   150.170   147.533    -1.8%
  ('HighIntervalsOrdered', None)    11.996    13.420    11.9%    19.127    24.779    29.6%    28.093    31.045    10.5%    28.093    31.045    10.5%   178.313   115.085   -35.5%
            ('HighPhrase', None)    10.273    11.755    14.4%    15.850    22.008    38.9%    20.115    22.578    12.2%    20.115    22.578    12.2%    59.788    56.587    -5.4%
      ('HighSloppyPhrase', None)     9.481    10.164     7.2%    16.202    12.368   -23.7%    22.318    20.621    -7.6%    22.318    20.621    -7.6%    23.594    27.658    17.2%
          ('HighSpanNear', None)    15.181    14.883    -2.0%    24.903    29.890    20.0%    26.642    35.926    34.8%    26.642    35.926    34.8%    56.452    59.838     6.0%
              ('HighTerm', None)     0.904     0.900    -0.4%     2.584     2.970    14.9%     2.791     8.027   187.6%     2.791     8.027   187.6%    32.089    46.796    45.8%
('HighTermDayOfYearSort', 'DayOfYear')     2.304     2.656    15.3%    14.361     8.011   -44.2%    19.733     9.042   -54.2%    19.733     9.042   -54.2%   103.380   158.348    53.2%
  ('HighTermMonthSort', 'Month')     0.679     0.738     8.6%     2.884     1.341   -53.5%     4.108     1.867   -54.6%     4.108     1.867   -54.6%     7.013     3.021   -56.9%
('HighTermTitleBDVSort', 'TitleBinary')    13.744    12.986    -5.5%    28.308    25.150   -11.2%    38.362    36.152    -5.8%    38.362    36.152    -5.8%    95.630   166.745    74.4%
  ('HighTermTitleSort', 'Title')     8.900    10.335    16.1%    29.797    21.863   -26.6%    40.247    36.242   -10.0%    40.247    36.242   -10.0%    95.697    99.047     3.5%
                ('IntNRQ', None)     1.651     2.367    43.4%     4.516     5.405    19.7%    14.047     7.603   -45.9%    14.047     7.603   -45.9%    99.318    83.935   -15.5%
                ('IntSet', None)     1.634     1.580    -3.3%     6.622    12.915    95.0%     7.399    23.880   222.8%     7.399    23.880   222.8%    42.917    32.500   -24.3%
   ('LowIntervalsOrdered', None)     3.632     4.502    24.0%     6.219     6.435     3.5%     6.421    15.353   139.1%     6.421    15.353   139.1%    32.271    15.370   -52.4%
             ('LowPhrase', None)     5.157     5.299     2.7%    11.543    14.427    25.0%    13.332    20.225    51.7%    13.332    20.225    51.7%    37.917    32.528   -14.2%
       ('LowSloppyPhrase', None)     3.788     5.325    40.6%     8.114    11.179    37.8%     8.642    11.606    34.3%     8.642    11.606    34.3%    79.396    29.682   -62.6%
           ('LowSpanNear', None)     5.589     5.072    -9.2%     9.058    15.802    74.5%     9.377    16.427    75.2%     9.377    16.427    75.2%   165.625   204.966    23.8%
               ('LowTerm', None)     0.374     0.528    40.9%     1.055     1.478    40.1%     1.796     1.732    -3.6%     1.796     1.732    -3.6%     2.293     2.019   -12.0%
   ('MedIntervalsOrdered', None)     2.578     2.635     2.2%     6.220     5.705    -8.3%     8.737     9.518     8.9%     8.737     9.518     8.9%     9.815    11.691    19.1%
             ('MedPhrase', None)     4.025     5.109    26.9%    12.707    17.951    41.3%    13.138    20.991    59.8%    13.138    20.991    59.8%    50.392    61.266    21.6%
       ('MedSloppyPhrase', None)    19.264    20.444     6.1%    26.032    43.205    66.0%    36.162    52.686    45.7%    36.162    52.686    45.7%   180.393   174.441    -3.3%
           ('MedSpanNear', None)     4.749     5.073     6.8%    22.409    24.830    10.8%    36.653    39.071     6.6%    36.653    39.071     6.6%    40.010    57.395    43.5%
               ('MedTerm', None)     0.648     0.618    -4.7%     2.262     2.822    24.7%     3.596     4.863    35.2%     3.596     4.863    35.2%    11.643     5.209   -55.3%
  ('MedTermDayTaxoFacets', None)    10.255    11.679    13.9%    18.369    23.535    28.1%    19.899    24.010    20.7%    19.899    24.010    20.7%   119.928   139.903    16.7%
            ('OrHighHigh', None)     1.734     2.391    37.8%     5.685    14.146   148.8%    18.327    14.779   -19.4%    18.327    14.779   -19.4%   165.142   155.313    -6.0%
             ('OrHighLow', None)     0.823     0.900     9.4%     2.680     2.033   -24.2%     3.518     2.728   -22.4%     3.518     2.728   -22.4%     5.917     5.880    -0.6%
             ('OrHighMed', None)     0.973     0.965    -0.7%     2.886     2.583   -10.5%     3.258     2.890   -11.3%     3.258     2.890   -11.3%     4.339     2.972   -31.5%
('OrHighMedDayTaxoFacets', None)    30.587    29.767    -2.7%   113.959    44.731   -60.7%   115.975   117.987     1.7%   115.975   117.987     1.7%   190.116   208.047     9.4%
         ('OrHighNotHigh', None)     1.443     1.918    32.9%     5.851     5.919     1.2%     6.103     7.413    21.5%     6.103     7.413    21.5%    27.628    22.848   -17.3%
          ('OrHighNotLow', None)     1.284     1.274    -0.8%    15.447    12.586   -18.5%    25.822    19.228   -25.5%    25.822    19.228   -25.5%    32.465    72.653   123.8%
          ('OrHighNotMed', None)     1.398     1.569    12.3%     4.067    12.402   204.9%    13.011    12.885    -1.0%    13.011    12.885    -1.0%    18.859    28.271    49.9%
         ('OrNotHighHigh', None)     1.162     1.234     6.2%     2.958     4.445    50.3%     4.475     7.971    78.1%     4.475     7.971    78.1%    18.109    15.477   -14.5%
          ('OrNotHighLow', None)     0.624     0.626     0.4%     1.155     2.695   133.4%     1.804     2.771    53.6%     1.804     2.771    53.6%     3.670     2.909   -20.7%
          ('OrNotHighMed', None)     0.993     1.377    38.7%     2.831     3.887    37.3%     5.696     5.011   -12.0%     5.696     5.011   -12.0%    14.614     7.338   -49.8%
                   ('PKLookup',)     4.840     5.291     9.3%     9.186     8.276    -9.9%    11.826    13.983    18.2%    11.826    13.983    18.2%    55.046    19.412   -64.7%
               ('Prefix3', None)     1.032     1.126     9.1%     2.982     3.095     3.8%     4.191     3.255   -22.3%     4.191     3.255   -22.3%   139.086   146.970     5.7%
                    ('Respell',)    13.231    16.753    26.6%    36.677    26.945   -26.5%    51.751    38.215   -26.2%    51.751    38.215   -26.2%    53.324    61.207    14.8%
('TermDateTimeSort', 'DateTime')     2.884     2.672    -7.3%     8.300    11.097    33.7%     8.327    12.981    55.9%     8.327    12.981    55.9%    22.439    20.406    -9.1%
              ('Wildcard', None)     5.890     5.479    -7.0%    14.114    14.175     0.4%    16.915    21.158    25.1%    16.915    21.158    25.1%    35.293    72.842   106.4%
                 ('range', None)     0.151     0.164     8.7%     0.629     0.810    28.6%     1.210     2.203    82.1%     1.210     2.203    82.1%     2.983     4.562    52.9%
                            Task    QPS armA      StdDev   QPS armA2      StdDev                Pct diff p-value
       BrowseDayOfYearSSDVFacets       16.44     (12.5%)       15.52      (8.3%)   -5.6% ( -23% -   17%) 0.110
                    OrHighNotLow      797.32      (8.7%)      758.07     (11.4%)   -4.9% ( -23% -   16%) 0.147
           BrowseMonthTaxoFacets       36.23     (24.2%)       34.51     (28.5%)   -4.8% ( -46% -   63%) 0.589
                         Respell       70.83      (7.9%)       67.71      (6.2%)   -4.4% ( -17% -   10%) 0.063
                       MedPhrase      239.72      (7.3%)      231.26      (8.1%)   -3.5% ( -17% -   12%) 0.170
                     AndHighHigh      624.78     (10.8%)      602.76     (10.0%)   -3.5% ( -21% -   19%) 0.309
                        PKLookup      225.73      (9.1%)      217.78      (9.0%)   -3.5% ( -19% -   16%) 0.246
                      OrHighHigh      569.93      (6.0%)      552.59     (10.1%)   -3.0% ( -18% -   13%) 0.272
          OrHighMedDayTaxoFacets       38.28      (7.6%)       37.14      (7.0%)   -3.0% ( -16% -   12%) 0.225
                    OrHighNotMed      685.95      (7.4%)      667.12      (9.4%)   -2.7% ( -18% -   15%) 0.332
                          IntNRQ      655.84      (7.7%)      639.48      (9.3%)   -2.5% ( -18% -   15%) 0.381
                     MedSpanNear      210.41      (1.8%)      205.46      (3.8%)   -2.4% (  -7% -    3%) 0.018
                   OrNotHighHigh      811.71      (7.6%)      792.98      (8.3%)   -2.3% ( -16% -   14%) 0.382
                       LowPhrase      196.22      (3.5%)      191.87      (4.6%)   -2.2% ( -10% -    6%) 0.106
     BrowseRandomLabelSSDVFacets       10.86      (4.3%)       10.62      (5.5%)   -2.2% ( -11% -    8%) 0.183
                    HighSpanNear       69.19      (3.2%)       67.85      (4.3%)   -1.9% (  -9% -    5%) 0.120
             LowIntervalsOrdered      257.08      (8.6%)      252.33      (6.4%)   -1.8% ( -15% -   14%) 0.463
           BrowseMonthSSDVFacets       16.48     (13.8%)       16.20     (14.5%)   -1.7% ( -26% -   30%) 0.721
         AndHighMedDayTaxoFacets      180.55      (3.1%)      177.89      (4.9%)   -1.5% (  -9% -    6%) 0.284
                 LowSloppyPhrase      254.76      (6.8%)      251.33      (9.2%)   -1.3% ( -16% -   15%) 0.616
           HighTermDayOfYearSort      496.61      (7.7%)      490.06      (7.6%)   -1.3% ( -15% -   15%) 0.604
                          IntSet      660.19      (9.0%)      652.40      (7.6%)   -1.2% ( -16% -   16%) 0.671
                    OrNotHighLow     1631.81      (5.1%)     1615.26      (5.6%)   -1.0% ( -11% -   10%) 0.569
                        HighTerm     1185.62      (7.0%)     1173.71     (10.8%)   -1.0% ( -17% -   18%) 0.741
                HighSloppyPhrase      106.44      (8.1%)      105.45      (8.1%)   -0.9% ( -15% -   16%) 0.730
                        BM25MSM2       57.55      (6.0%)       57.06      (7.6%)   -0.8% ( -13% -   13%) 0.711
                         MedTerm     1571.61      (7.8%)     1559.26      (7.3%)   -0.8% ( -14% -   15%) 0.755
                   OrHighNotHigh      817.97      (9.7%)      812.42      (9.5%)   -0.7% ( -18% -   20%) 0.832
                      AndHighMed      985.63      (7.5%)      979.42      (8.4%)   -0.6% ( -15% -   16%) 0.812
                      HighPhrase       99.35      (2.6%)       98.79      (2.6%)   -0.6% (  -5% -    4%) 0.513
                          Fuzzy2       75.51      (5.3%)       75.08      (6.1%)   -0.6% ( -11% -   11%) 0.768
                     LowSpanNear      222.89      (5.8%)      221.63      (7.6%)   -0.6% ( -13% -   13%) 0.802
                         Prefix3     1155.35      (9.3%)     1151.88      (8.5%)   -0.3% ( -16% -   19%) 0.919
                          Fuzzy1      108.21      (4.7%)      107.95      (6.1%)   -0.2% ( -10% -   11%) 0.893
                         LowTerm     2440.58      (7.3%)     2438.54      (6.5%)   -0.1% ( -12% -   14%) 0.971
                      TermDTSort      371.82      (7.4%)      371.58      (6.8%)   -0.1% ( -13% -   15%) 0.979
                      AndHighLow     1941.96      (6.4%)     1948.15      (6.3%)    0.3% ( -11% -   13%) 0.880
        AndHighHighDayTaxoFacets       34.76      (4.0%)       34.93      (6.3%)    0.5% (  -9% -   11%) 0.787
                       ConstMSM2     1311.86      (5.4%)     1318.77      (5.0%)    0.5% (  -9% -   11%) 0.763
            MedTermDayTaxoFacets       92.44      (6.5%)       93.13      (6.3%)    0.8% ( -11% -   14%) 0.724
               HighTermTitleSort      117.36      (6.5%)      118.29     (10.7%)    0.8% ( -15% -   19%) 0.791
                       OrHighLow     1232.50      (4.8%)     1242.63      (5.1%)    0.8% (  -8% -   11%) 0.619
            HighTermTitleBDVSort       72.94      (4.6%)       73.59      (6.3%)    0.9% (  -9% -   12%) 0.632
                 MedSloppyPhrase       48.89      (4.6%)       49.41      (2.9%)    1.0% (  -6% -    9%) 0.418
            BrowseDateSSDVFacets        2.85      (6.6%)        2.88      (6.2%)    1.1% ( -11% -   14%) 0.621
                  AndMissingHigh     3510.23      (7.1%)     3555.89      (5.2%)    1.3% ( -10% -   14%) 0.531
                        Wildcard      180.34      (3.0%)      183.23      (2.1%)    1.6% (  -3% -    6%) 0.065
            HighIntervalsOrdered       74.94     (10.7%)       76.14      (8.9%)    1.6% ( -16% -   23%) 0.625
                       OrHighMed     1039.41      (9.5%)     1058.19      (5.6%)    1.8% ( -12% -   18%) 0.488
             MedIntervalsOrdered      371.01      (8.7%)      378.19      (7.0%)    1.9% ( -12% -   19%) 0.462
               HighTermMonthSort     1526.21      (6.1%)     1562.46      (6.2%)    2.4% (  -9% -   15%) 0.245
                    OrNotHighMed      958.47     (11.6%)      981.41     (10.3%)    2.4% ( -17% -   27%) 0.513
                           range     6046.27      (9.0%)     6220.96     (10.8%)    2.9% ( -15% -   24%) 0.381
     BrowseRandomLabelTaxoFacets       12.50      (6.0%)       14.39     (45.1%)   15.1% ( -33% -   70%) 0.159
            BrowseDateTaxoFacets       14.92      (7.1%)       18.03     (55.8%)   20.9% ( -39% -   90%) 0.115
       BrowseDayOfYearTaxoFacets       15.60      (5.8%)       18.95     (59.5%)   21.5% ( -41% -   92%) 0.128
  iter 18
    armA2:
      NOTE: using experimental CPU time profiler (see https://mostlynerdless.de/blog/2025/06/11/java-25s-new-cpu-time-profiler-1)
      log: /home/goankur/vsearch/logs/FAA.armA2.18 + stdout
      run: /usr/bin/perf stat -dd -e task-clock,cycles,instructions,cache-references,cache-misses,L1-dcache-loads,L1-dcache-load-misses,L1-icache-loads,L1-icache-load-misses,LLC-loads,LLC-load-misses,LLC-stores,LLC-store-misses,LLC-prefetches,LLC-prefetch-misses,faults,minor-faults,major-faults,branches,branch-misses,stalled-cycles-frontend,stalled-cycles-backend /home/goankur/jdk/corretto-25/bin/java -server -Xms2g -Xmx2g --add-modules jdk.incubator.vector -XX:+HeapDumpOnOutOfMemoryError -XX:+UseParallelGC -XX:StartFlightRecording=jdk.CPUTimeSample#enabled=true,dumponexit=true,maxsize=250M,settings=/home/goankur/vsearch/util/src/python/profiling.jfc,filename=/home/goankur/vsearch/logs/bench-search-FAA-armA2-18.jfr -XX:+UnlockDiagnosticVMOptions -XX:+DebugNonSafepoints -classpath /home/goankur/vsearch/bo/lucene-A/lucene/core/build/libs/lucene-core-11.0.0-SNAPSHOT.jar:/home/goankur/vsearch/bo/lucene-A/lucene/sandbox/build/classes/java/main:/home/goankur/vsearch/bo/lucene-A/lucene/misc/build/classes/java/main:/home/goankur/vsearch/bo/lucene-A/lucene/facet/build/classes/java/main:/home/goankur/vsearch/bo/lucene-A/lucene/analysis/common/build/classes/java/main:/home/goankur/vsearch/bo/lucene-A/lucene/analysis/icu/build/classes/java/main:/home/goankur/vsearch/bo/lucene-A/lucene/queryparser/build/classes/java/main:/home/goankur/vsearch/bo/lucene-A/lucene/grouping/build/classes/java/main:/home/goankur/vsearch/bo/lucene-A/lucene/suggest/build/classes/java/main:/home/goankur/vsearch/bo/lucene-A/lucene/highlighter/build/classes/java/main:/home/goankur/vsearch/bo/lucene-A/lucene/codecs/build/classes/java/main:/home/goankur/vsearch/bo/lucene-A/lucene/queries/build/classes/java/main:/home/goankur/vsearch/bo/lucene-A/lucene/join/build/classes/java/main:/home/goankur/vsearch/bo/lucene-A/lucene/spatial3d/build/classes/java/main:/home/goankur/vsearch/util/lib/HdrHistogram.jar:/home/goankur/vsearch/util/src/main/build/classes/java/main:/home/goankur/vsearch/util/build perf.SearchPerfTest -dirImpl MMapDirectory -indexPath /home/goankur/vsearch/indices/wikimedium10m.lucene-A.facets.taxonomy:Date.taxonomy:Month.taxonomy:DayOfYear.sortedset:Date.sortedset:Month.sortedset:DayOfYear.taxonomy:RandomLabel.sortedset:RandomLabel.Lucene90.Lucene104.dvfields.nd10M -facets taxonomy:Date;Date -facets taxonomy:Month;Month -facets taxonomy:DayOfYear;DayOfYear -facets sortedset:Date;Date -facets sortedset:Month;Month -facets sortedset:DayOfYear;DayOfYear -facets taxonomy:RandomLabel;RandomLabel -facets sortedset:RandomLabel;RandomLabel -analyzer StandardAnalyzer -taskSource /home/goankur/vsearch/util/tasks/wikimedium.10M.nostopwords.tasks -numConcurrentQueries 5 -taskRepeatCount 20 -field body -tasksPerCat 1 -searchConcurrency -1 -staticSeed 648875 -seed -3329984 -similarity BM25Similarity -commit multi -hiliteImpl FastVectorHighlighter -log /home/goankur/vsearch/logs/FAA.armA2.18 -topN 100 -context  -pk -pollute
      9.5 s
      260.5 actual sustained QPS; -1.0 CPU cores used
    armA:
      NOTE: using experimental CPU time profiler (see https://mostlynerdless.de/blog/2025/06/11/java-25s-new-cpu-time-profiler-1)
      log: /home/goankur/vsearch/logs/FAA.armA.18 + stdout
      run: /usr/bin/perf stat -dd -e task-clock,cycles,instructions,cache-references,cache-misses,L1-dcache-loads,L1-dcache-load-misses,L1-icache-loads,L1-icache-load-misses,LLC-loads,LLC-load-misses,LLC-stores,LLC-store-misses,LLC-prefetches,LLC-prefetch-misses,faults,minor-faults,major-faults,branches,branch-misses,stalled-cycles-frontend,stalled-cycles-backend /home/goankur/jdk/corretto-25/bin/java -server -Xms2g -Xmx2g --add-modules jdk.incubator.vector -XX:+HeapDumpOnOutOfMemoryError -XX:+UseParallelGC -XX:StartFlightRecording=jdk.CPUTimeSample#enabled=true,dumponexit=true,maxsize=250M,settings=/home/goankur/vsearch/util/src/python/profiling.jfc,filename=/home/goankur/vsearch/logs/bench-search-FAA-armA-18.jfr -XX:+UnlockDiagnosticVMOptions -XX:+DebugNonSafepoints -classpath /home/goankur/vsearch/bo/lucene-A/lucene/core/build/libs/lucene-core-11.0.0-SNAPSHOT.jar:/home/goankur/vsearch/bo/lucene-A/lucene/sandbox/build/classes/java/main:/home/goankur/vsearch/bo/lucene-A/lucene/misc/build/classes/java/main:/home/goankur/vsearch/bo/lucene-A/lucene/facet/build/classes/java/main:/home/goankur/vsearch/bo/lucene-A/lucene/analysis/common/build/classes/java/main:/home/goankur/vsearch/bo/lucene-A/lucene/analysis/icu/build/classes/java/main:/home/goankur/vsearch/bo/lucene-A/lucene/queryparser/build/classes/java/main:/home/goankur/vsearch/bo/lucene-A/lucene/grouping/build/classes/java/main:/home/goankur/vsearch/bo/lucene-A/lucene/suggest/build/classes/java/main:/home/goankur/vsearch/bo/lucene-A/lucene/highlighter/build/classes/java/main:/home/goankur/vsearch/bo/lucene-A/lucene/codecs/build/classes/java/main:/home/goankur/vsearch/bo/lucene-A/lucene/queries/build/classes/java/main:/home/goankur/vsearch/bo/lucene-A/lucene/join/build/classes/java/main:/home/goankur/vsearch/bo/lucene-A/lucene/spatial3d/build/classes/java/main:/home/goankur/vsearch/util/lib/HdrHistogram.jar:/home/goankur/vsearch/util/src/main/build/classes/java/main:/home/goankur/vsearch/util/build perf.SearchPerfTest -dirImpl MMapDirectory -indexPath /home/goankur/vsearch/indices/wikimedium10m.lucene-A.facets.taxonomy:Date.taxonomy:Month.taxonomy:DayOfYear.sortedset:Date.sortedset:Month.sortedset:DayOfYear.taxonomy:RandomLabel.sortedset:RandomLabel.Lucene90.Lucene104.dvfields.nd10M -facets taxonomy:Date;Date -facets taxonomy:Month;Month -facets taxonomy:DayOfYear;DayOfYear -facets sortedset:Date;Date -facets sortedset:Month;Month -facets sortedset:DayOfYear;DayOfYear -facets taxonomy:RandomLabel;RandomLabel -facets sortedset:RandomLabel;RandomLabel -analyzer StandardAnalyzer -taskSource /home/goankur/vsearch/util/tasks/wikimedium.10M.nostopwords.tasks -numConcurrentQueries 5 -taskRepeatCount 20 -field body -tasksPerCat 1 -searchConcurrency -1 -staticSeed 648875 -seed -3329984 -similarity BM25Similarity -commit multi -hiliteImpl FastVectorHighlighter -log /home/goankur/vsearch/logs/FAA.armA.18 -topN 100 -context  -pk -pollute
      9.5 s
      260.8 actual sustained QPS; -1.0 CPU cores used

Report after iter 18:
QPSChart.supported == False
                            Task     P50 B     P50 C     Diff     P90 B     P90 C     Diff     P99 B     P99 C     Diff    P999 B    P999 C     Diff    P100 B    P100 C     Diff
           ('AndHighHigh', None)     2.351     2.543     8.2%     8.681     5.817   -33.0%    10.630    10.327    -2.8%    10.630    10.327    -2.8%   201.074   206.008     2.5%
('AndHighHighDayTaxoFacets', None)    30.420    32.347     6.3%    48.339    49.525     2.5%    97.043    98.215     1.2%    97.043    98.215     1.2%   112.220   121.495     8.3%
            ('AndHighLow', None)     0.522     0.507    -2.8%     2.046     1.184   -42.1%     2.088     1.457   -30.2%     2.088     1.457   -30.2%     7.168     1.994   -72.2%
            ('AndHighMed', None)     0.976     0.979     0.4%     4.295     3.501   -18.5%     4.497     5.014    11.5%     4.497     5.014    11.5%     8.001     6.230   -22.1%
('AndHighMedDayTaxoFacets', None)     5.795     5.577    -3.7%    11.211    17.250    53.9%    20.328    26.679    31.2%    20.328    26.679    31.2%    93.453    94.997     1.7%
     ('AndMissingHigh', 'Title')     0.309     0.305    -1.4%     0.889     0.790   -11.1%     1.391     1.490     7.1%     1.391     1.490     7.1%     2.627     1.569   -40.3%
              ('BM25MSM2', None)    22.040    19.288   -12.5%    44.022    38.700   -12.1%    64.778    38.847   -40.0%    64.778    38.847   -40.0%   170.070   155.905    -8.3%
  ('BrowseDateSSDVFacets', None)   369.727   338.610    -8.4%   456.274   387.720   -15.0%   466.143   394.466   -15.4%   466.143   394.466   -15.4%   609.260   596.734    -2.1%
  ('BrowseDateTaxoFacets', None)    63.498    77.763    22.5%    77.612    89.153    14.9%    77.631    89.532    15.3%    77.631    89.532    15.3%    88.225    91.503     3.7%
('BrowseDayOfYearSSDVFacets', None)    77.365    68.991   -10.8%   102.349    91.652   -10.5%   134.582    98.658   -26.7%   134.582    98.658   -26.7%   279.862   222.507   -20.5%
('BrowseDayOfYearTaxoFacets', None)    64.369    69.754     8.4%    73.855    95.082    28.7%    76.393   107.785    41.1%    76.393   107.785    41.1%   216.390   249.646    15.4%
 ('BrowseMonthSSDVFacets', None)    50.235    61.087    21.6%    56.400    81.416    44.4%    63.847    84.571    32.5%    63.847    84.571    32.5%    68.285    85.554    25.3%
 ('BrowseMonthTaxoFacets', None)    24.389    24.702     1.3%    30.877    29.790    -3.5%    80.714    40.871   -49.4%    80.714    40.871   -49.4%   275.530   246.388   -10.6%
('BrowseRandomLabelSSDVFacets', None)   102.011   100.568    -1.4%   127.939   120.568    -5.8%   160.137   130.666   -18.4%   160.137   130.666   -18.4%   180.815   151.496   -16.2%
('BrowseRandomLabelTaxoFacets', None)    77.529    88.211    13.8%    91.366   115.568    26.5%    99.171   128.990    30.1%    99.171   128.990    30.1%   121.990   139.211    14.1%
             ('ConstMSM2', None)     0.747     0.830    11.2%     1.430     1.931    35.0%     1.822     2.333    28.0%     1.822     2.333    28.0%    36.021    39.181     8.8%
                ('Fuzzy1', None)     9.734    10.599     8.9%    14.641    18.666    27.5%    21.065    28.133    33.6%    21.065    28.133    33.6%    91.067   101.656    11.6%
                ('Fuzzy2', None)    14.838    13.492    -9.1%    23.804    35.685    49.9%    41.481    41.750     0.6%    41.481    41.750     0.6%    58.131    44.437   -23.6%
  ('HighIntervalsOrdered', None)    13.834    14.462     4.5%    17.507    20.865    19.2%    20.643    28.088    36.1%    20.643    28.088    36.1%   230.001   169.914   -26.1%
            ('HighPhrase', None)    10.592    10.217    -3.5%    20.712    20.877     0.8%    22.480    21.968    -2.3%    22.480    21.968    -2.3%    37.088    29.087   -21.6%
      ('HighSloppyPhrase', None)     9.672    10.435     7.9%    11.483    13.070    13.8%    13.076    13.429     2.7%    13.076    13.429     2.7%   101.211    64.252   -36.5%
          ('HighSpanNear', None)    14.343    15.299     6.7%    25.382    22.226   -12.4%    27.153    24.655    -9.2%    27.153    24.655    -9.2%    28.222    24.967   -11.5%
              ('HighTerm', None)     0.888     0.899     1.2%     2.351     2.959    25.9%     3.154     2.985    -5.4%     3.154     2.985    -5.4%    14.910     4.400   -70.5%
('HighTermDayOfYearSort', 'DayOfYear')     2.538     2.147   -15.4%     9.344     6.073   -35.0%    14.627     9.670   -33.9%    14.627     9.670   -33.9%   104.364    80.995   -22.4%
  ('HighTermMonthSort', 'Month')     0.718     0.754     5.0%     3.849     1.741   -54.8%    10.603     2.586   -75.6%    10.603     2.586   -75.6%    17.580    13.950   -20.7%
('HighTermTitleBDVSort', 'TitleBinary')    14.457    14.714     1.8%    27.797    28.020     0.8%    30.990    33.850     9.2%    30.990    33.850     9.2%   156.642   108.525   -30.7%
  ('HighTermTitleSort', 'Title')     8.038     8.378     4.2%    19.077    31.630    65.8%    33.860    47.600    40.6%    33.860    47.600    40.6%    76.377    75.313    -1.4%
                ('IntNRQ', None)     1.953     2.083     6.6%     7.326     5.198   -29.0%    11.655     7.727   -33.7%    11.655     7.727   -33.7%    92.651    57.406   -38.0%
                ('IntSet', None)     1.730     1.383   -20.0%     5.128     7.092    38.3%     8.575    15.693    83.0%     8.575    15.693    83.0%    63.966    83.454    30.5%
   ('LowIntervalsOrdered', None)     4.080     3.512   -13.9%     9.053     7.856   -13.2%     9.057     8.492    -6.2%     9.057     8.492    -6.2%    10.158    11.455    12.8%
             ('LowPhrase', None)     5.430     5.407    -0.4%    13.919    11.426   -17.9%    16.024    17.567     9.6%    16.024    17.567     9.6%   204.308   209.747     2.7%
       ('LowSloppyPhrase', None)     6.198     4.793   -22.7%    15.866     8.350   -47.4%    16.648    14.173   -14.9%    16.648    14.173   -14.9%    31.766    17.151   -46.0%
           ('LowSpanNear', None)     4.704     4.816     2.4%    10.933    10.439    -4.5%    12.786    12.252    -4.2%    12.786    12.252    -4.2%    83.032   103.391    24.5%
               ('LowTerm', None)     0.415     0.456    10.0%     0.956     1.031     7.9%     1.157     1.032   -10.8%     1.157     1.032   -10.8%     1.400     6.549   367.8%
   ('MedIntervalsOrdered', None)     2.821     2.629    -6.8%     6.180     4.325   -30.0%     6.799     5.865   -13.7%     6.799     5.865   -13.7%    12.435    22.158    78.2%
             ('MedPhrase', None)     3.996     3.953    -1.1%    12.107    12.012    -0.8%    14.667    14.570    -0.7%    14.667    14.570    -0.7%    39.006    37.491    -3.9%
       ('MedSloppyPhrase', None)    24.409    22.520    -7.7%    35.379    37.894     7.1%    38.156    51.417    34.8%    38.156    51.417    34.8%    90.702    51.471   -43.3%
           ('MedSpanNear', None)     5.456     5.905     8.2%     8.945    15.319    71.3%    15.805    17.886    13.2%    15.805    17.886    13.2%    23.908    18.070   -24.4%
               ('MedTerm', None)     0.624     0.628     0.8%     2.319     2.445     5.4%     3.031     2.501   -17.5%     3.031     2.501   -17.5%     3.941     2.726   -30.8%
  ('MedTermDayTaxoFacets', None)    11.280    11.804     4.6%    16.806    22.262    32.5%    44.280    23.590   -46.7%    44.280    23.590   -46.7%    89.679    92.085     2.7%
            ('OrHighHigh', None)     1.825     1.950     6.9%     5.103     4.690    -8.1%     5.472     7.501    37.1%     5.472     7.501    37.1%    21.682    19.055   -12.1%
             ('OrHighLow', None)     0.866     0.834    -3.8%     1.984     2.499    25.9%     4.886     6.613    35.3%     4.886     6.613    35.3%    10.370     9.983    -3.7%
             ('OrHighMed', None)     1.024     0.991    -3.1%     3.241     2.933    -9.5%     3.286     3.558     8.3%     3.286     3.558     8.3%   162.036   163.477     0.9%
('OrHighMedDayTaxoFacets', None)    27.673    31.064    12.3%    45.128    42.009    -6.9%   122.916    53.571   -56.4%   122.916    53.571   -56.4%   150.785   168.061    11.5%
         ('OrHighNotHigh', None)     1.165     1.324    13.6%     3.505     5.176    47.7%     5.966    11.572    94.0%     5.966    11.572    94.0%    37.069    15.126   -59.2%
          ('OrHighNotLow', None)     1.300     1.496    15.0%     2.832     2.382   -15.9%     3.027     2.386   -21.2%     3.027     2.386   -21.2%     3.499    10.774   207.9%
          ('OrHighNotMed', None)     2.011     1.642   -18.3%     5.781     4.161   -28.0%    11.617    14.851    27.8%    11.617    14.851    27.8%    11.653    24.027   106.2%
         ('OrNotHighHigh', None)     1.479     1.305   -11.8%     2.917     2.751    -5.7%     3.501     3.262    -6.8%     3.501     3.262    -6.8%     9.696     7.017   -27.6%
          ('OrNotHighLow', None)     0.776     0.797     2.6%     1.620     1.833    13.2%     4.379     1.922   -56.1%     4.379     1.922   -56.1%     8.672     2.646   -69.5%
          ('OrNotHighMed', None)     1.075     1.082     0.6%     4.150     7.219    74.0%    13.319    12.276    -7.8%    13.319    12.276    -7.8%   107.126   109.504     2.2%
                   ('PKLookup',)     5.271     5.456     3.5%    11.060    10.339    -6.5%    16.814    12.400   -26.3%    16.814    12.400   -26.3%    56.116    17.456   -68.9%
               ('Prefix3', None)     1.133     1.076    -5.1%     3.348     3.894    16.3%     7.547     4.193   -44.4%     7.547     4.193   -44.4%    10.387     6.786   -34.7%
                    ('Respell',)    15.102    16.549     9.6%    23.769    23.413    -1.5%    34.288    28.609   -16.6%    34.288    28.609   -16.6%   121.797   157.666    29.4%
('TermDateTimeSort', 'DateTime')     2.616     2.585    -1.2%     9.882     9.568    -3.2%    11.270    13.397    18.9%    11.270    13.397    18.9%    71.311    62.736   -12.0%
              ('Wildcard', None)     5.592     5.760     3.0%    12.274    15.229    24.1%    12.980    22.221    71.2%    12.980    22.221    71.2%    65.819    70.194     6.6%
                 ('range', None)     0.175     0.175     0.2%     0.408     0.388    -4.8%     0.660     0.615    -6.8%     0.660     0.615    -6.8%     1.917     1.365   -28.8%
                            Task    QPS armA      StdDev   QPS armA2      StdDev                Pct diff p-value
           BrowseMonthTaxoFacets       36.58     (23.7%)       34.88     (27.8%)   -4.6% ( -45% -   61%) 0.580
                    OrHighNotLow      796.36      (8.5%)      759.90     (11.2%)   -4.6% ( -22% -   16%) 0.155
       BrowseDayOfYearSSDVFacets       16.26     (13.1%)       15.52      (8.1%)   -4.6% ( -22% -   19%) 0.198
                         Respell       70.79      (7.7%)       67.66      (6.0%)   -4.4% ( -16% -   10%) 0.049
                        PKLookup      225.98      (8.9%)      216.83      (9.0%)   -4.0% ( -20% -   15%) 0.163
          OrHighMedDayTaxoFacets       38.33      (7.4%)       36.91      (7.3%)   -3.7% ( -17% -   11%) 0.121
                     AndHighHigh      616.48     (12.1%)      594.22     (11.5%)   -3.6% ( -24% -   22%) 0.347
                       MedPhrase      240.59      (7.2%)      232.47      (8.2%)   -3.4% ( -17% -   12%) 0.178
                          IntNRQ      652.94      (7.7%)      632.53     (10.2%)   -3.1% ( -19% -   16%) 0.288
                      OrHighHigh      569.86      (5.9%)      553.02      (9.8%)   -3.0% ( -17% -   13%) 0.259
           BrowseMonthSSDVFacets       16.69     (14.3%)       16.23     (13.9%)   -2.8% ( -27% -   29%) 0.549
                    OrHighNotMed      683.23      (7.4%)      665.30      (9.3%)   -2.6% ( -18% -   15%) 0.336
                     MedSpanNear      209.58      (2.5%)      204.99      (3.8%)   -2.2% (  -8% -    4%) 0.037
                   OrNotHighHigh      809.89      (7.4%)      792.75      (8.0%)   -2.1% ( -16% -   14%) 0.400
                       LowPhrase      195.92      (3.5%)      191.95      (4.5%)   -2.0% (  -9% -    6%) 0.121
                    HighSpanNear       69.23      (3.1%)       67.84      (4.1%)   -2.0% (  -8% -    5%) 0.088
     BrowseRandomLabelSSDVFacets       10.83      (4.5%)       10.62      (5.4%)   -1.9% ( -11% -    8%) 0.233
             LowIntervalsOrdered      258.57      (8.7%)      254.67      (7.3%)   -1.5% ( -16% -   15%) 0.563
                 LowSloppyPhrase      253.02      (7.3%)      249.29      (9.6%)   -1.5% ( -17% -   16%) 0.594
                    OrNotHighLow     1623.59      (5.4%)     1600.82      (6.7%)   -1.4% ( -12% -   11%) 0.479
                HighSloppyPhrase      106.48      (7.8%)      105.00      (8.1%)   -1.4% ( -16% -   15%) 0.592
         AndHighMedDayTaxoFacets      180.30      (3.1%)      178.00      (4.8%)   -1.3% (  -8% -    6%) 0.331
                         Prefix3     1156.79      (9.0%)     1146.30      (8.6%)   -0.9% ( -16% -   18%) 0.750
                        HighTerm     1184.04      (6.8%)     1173.42     (10.5%)   -0.9% ( -17% -   17%) 0.756
                   OrHighNotHigh      821.42      (9.6%)      814.68      (9.3%)   -0.8% ( -17% -   19%) 0.789
                      AndHighMed      991.18      (7.6%)      983.17      (8.3%)   -0.8% ( -15% -   16%) 0.754
                         MedTerm     1573.98      (7.6%)     1561.60      (7.1%)   -0.8% ( -14% -   15%) 0.742
                          Fuzzy2       75.72      (5.3%)       75.12      (5.9%)   -0.8% ( -11% -   11%) 0.667
           HighTermDayOfYearSort      493.65      (8.0%)      489.90      (7.4%)   -0.8% ( -14% -   15%) 0.760
                          Fuzzy1      108.14      (4.6%)      107.45      (6.3%)   -0.6% ( -11% -   10%) 0.721
                        BM25MSM2       57.15      (6.6%)       56.83      (7.6%)   -0.6% ( -13% -   14%) 0.806
                     LowSpanNear      222.76      (5.6%)      222.01      (7.4%)   -0.3% ( -12% -   13%) 0.875
                      HighPhrase       99.10      (2.8%)       98.80      (2.5%)   -0.3% (  -5% -    5%) 0.726
                         LowTerm     2442.42      (7.1%)     2435.85      (6.4%)   -0.3% ( -12% -   14%) 0.902
                      TermDTSort      373.46      (7.4%)      372.93      (6.8%)   -0.1% ( -13% -   15%) 0.952
                          IntSet      657.26      (9.0%)      656.39      (7.9%)   -0.1% ( -15% -   18%) 0.962
                       ConstMSM2     1316.12      (5.4%)     1317.53      (4.9%)    0.1% (  -9% -   11%) 0.949
        AndHighHighDayTaxoFacets       34.72      (3.9%)       34.82      (6.3%)    0.3% (  -9% -   10%) 0.869
                      AndHighLow     1943.46      (6.3%)     1950.53      (6.1%)    0.4% ( -11% -   13%) 0.856
            MedTermDayTaxoFacets       92.44      (6.3%)       92.79      (6.3%)    0.4% ( -11% -   13%) 0.854
               HighTermTitleSort      118.09      (6.9%)      118.74     (10.5%)    0.6% ( -15% -   19%) 0.848
            HighTermTitleBDVSort       72.98      (4.5%)       73.41      (6.2%)    0.6% (  -9% -   11%) 0.738
                       OrHighLow     1230.31      (4.7%)     1244.12      (5.0%)    1.1% (  -8% -   11%) 0.478
                        Wildcard      180.38      (2.9%)      182.86      (2.2%)    1.4% (  -3% -    6%) 0.104
                  AndMissingHigh     3510.80      (6.9%)     3559.81      (5.1%)    1.4% (  -9% -   14%) 0.477
            BrowseDateSSDVFacets        2.84      (6.5%)        2.88      (6.1%)    1.5% ( -10% -   15%) 0.479
                 MedSloppyPhrase       48.54      (5.6%)       49.24      (3.2%)    1.5% (  -6% -   10%) 0.325
            HighIntervalsOrdered       74.94     (10.4%)       76.04      (8.6%)    1.5% ( -15% -   22%) 0.637
                       OrHighMed     1038.30      (9.3%)     1057.09      (5.5%)    1.8% ( -11% -   18%) 0.464
             MedIntervalsOrdered      370.47      (8.5%)      378.57      (6.8%)    2.2% ( -12% -   19%) 0.381
                    OrNotHighMed      961.06     (11.3%)      982.69     (10.0%)    2.3% ( -17% -   26%) 0.516
               HighTermMonthSort     1521.97      (6.0%)     1557.23      (6.2%)    2.3% (  -9% -   15%) 0.244
                           range     6034.02      (8.8%)     6211.35     (10.5%)    2.9% ( -15% -   24%) 0.349
     BrowseRandomLabelTaxoFacets       12.53      (5.9%)       14.24     (44.0%)   13.6% ( -34% -   67%) 0.182
            BrowseDateTaxoFacets       14.97      (7.0%)       17.78     (54.5%)   18.8% ( -39% -   86%) 0.136
       BrowseDayOfYearTaxoFacets       15.60      (5.7%)       18.75     (58.1%)   20.2% ( -41% -   88%) 0.132
  iter 19
    armA:
      NOTE: using experimental CPU time profiler (see https://mostlynerdless.de/blog/2025/06/11/java-25s-new-cpu-time-profiler-1)
      log: /home/goankur/vsearch/logs/FAA.armA.19 + stdout
      run: /usr/bin/perf stat -dd -e task-clock,cycles,instructions,cache-references,cache-misses,L1-dcache-loads,L1-dcache-load-misses,L1-icache-loads,L1-icache-load-misses,LLC-loads,LLC-load-misses,LLC-stores,LLC-store-misses,LLC-prefetches,LLC-prefetch-misses,faults,minor-faults,major-faults,branches,branch-misses,stalled-cycles-frontend,stalled-cycles-backend /home/goankur/jdk/corretto-25/bin/java -server -Xms2g -Xmx2g --add-modules jdk.incubator.vector -XX:+HeapDumpOnOutOfMemoryError -XX:+UseParallelGC -XX:StartFlightRecording=jdk.CPUTimeSample#enabled=true,dumponexit=true,maxsize=250M,settings=/home/goankur/vsearch/util/src/python/profiling.jfc,filename=/home/goankur/vsearch/logs/bench-search-FAA-armA-19.jfr -XX:+UnlockDiagnosticVMOptions -XX:+DebugNonSafepoints -classpath /home/goankur/vsearch/bo/lucene-A/lucene/core/build/libs/lucene-core-11.0.0-SNAPSHOT.jar:/home/goankur/vsearch/bo/lucene-A/lucene/sandbox/build/classes/java/main:/home/goankur/vsearch/bo/lucene-A/lucene/misc/build/classes/java/main:/home/goankur/vsearch/bo/lucene-A/lucene/facet/build/classes/java/main:/home/goankur/vsearch/bo/lucene-A/lucene/analysis/common/build/classes/java/main:/home/goankur/vsearch/bo/lucene-A/lucene/analysis/icu/build/classes/java/main:/home/goankur/vsearch/bo/lucene-A/lucene/queryparser/build/classes/java/main:/home/goankur/vsearch/bo/lucene-A/lucene/grouping/build/classes/java/main:/home/goankur/vsearch/bo/lucene-A/lucene/suggest/build/classes/java/main:/home/goankur/vsearch/bo/lucene-A/lucene/highlighter/build/classes/java/main:/home/goankur/vsearch/bo/lucene-A/lucene/codecs/build/classes/java/main:/home/goankur/vsearch/bo/lucene-A/lucene/queries/build/classes/java/main:/home/goankur/vsearch/bo/lucene-A/lucene/join/build/classes/java/main:/home/goankur/vsearch/bo/lucene-A/lucene/spatial3d/build/classes/java/main:/home/goankur/vsearch/util/lib/HdrHistogram.jar:/home/goankur/vsearch/util/src/main/build/classes/java/main:/home/goankur/vsearch/util/build perf.SearchPerfTest -dirImpl MMapDirectory -indexPath /home/goankur/vsearch/indices/wikimedium10m.lucene-A.facets.taxonomy:Date.taxonomy:Month.taxonomy:DayOfYear.sortedset:Date.sortedset:Month.sortedset:DayOfYear.taxonomy:RandomLabel.sortedset:RandomLabel.Lucene90.Lucene104.dvfields.nd10M -facets taxonomy:Date;Date -facets taxonomy:Month;Month -facets taxonomy:DayOfYear;DayOfYear -facets sortedset:Date;Date -facets sortedset:Month;Month -facets sortedset:DayOfYear;DayOfYear -facets taxonomy:RandomLabel;RandomLabel -facets sortedset:RandomLabel;RandomLabel -analyzer StandardAnalyzer -taskSource /home/goankur/vsearch/util/tasks/wikimedium.10M.nostopwords.tasks -numConcurrentQueries 5 -taskRepeatCount 20 -field body -tasksPerCat 1 -searchConcurrency -1 -staticSeed 648875 -seed -5390067 -similarity BM25Similarity -commit multi -hiliteImpl FastVectorHighlighter -log /home/goankur/vsearch/logs/FAA.armA.19 -topN 100 -context  -pk -pollute
      9.6 s
      234.2 actual sustained QPS; -1.0 CPU cores used
    armA2:
      NOTE: using experimental CPU time profiler (see https://mostlynerdless.de/blog/2025/06/11/java-25s-new-cpu-time-profiler-1)
      log: /home/goankur/vsearch/logs/FAA.armA2.19 + stdout
      run: /usr/bin/perf stat -dd -e task-clock,cycles,instructions,cache-references,cache-misses,L1-dcache-loads,L1-dcache-load-misses,L1-icache-loads,L1-icache-load-misses,LLC-loads,LLC-load-misses,LLC-stores,LLC-store-misses,LLC-prefetches,LLC-prefetch-misses,faults,minor-faults,major-faults,branches,branch-misses,stalled-cycles-frontend,stalled-cycles-backend /home/goankur/jdk/corretto-25/bin/java -server -Xms2g -Xmx2g --add-modules jdk.incubator.vector -XX:+HeapDumpOnOutOfMemoryError -XX:+UseParallelGC -XX:StartFlightRecording=jdk.CPUTimeSample#enabled=true,dumponexit=true,maxsize=250M,settings=/home/goankur/vsearch/util/src/python/profiling.jfc,filename=/home/goankur/vsearch/logs/bench-search-FAA-armA2-19.jfr -XX:+UnlockDiagnosticVMOptions -XX:+DebugNonSafepoints -classpath /home/goankur/vsearch/bo/lucene-A/lucene/core/build/libs/lucene-core-11.0.0-SNAPSHOT.jar:/home/goankur/vsearch/bo/lucene-A/lucene/sandbox/build/classes/java/main:/home/goankur/vsearch/bo/lucene-A/lucene/misc/build/classes/java/main:/home/goankur/vsearch/bo/lucene-A/lucene/facet/build/classes/java/main:/home/goankur/vsearch/bo/lucene-A/lucene/analysis/common/build/classes/java/main:/home/goankur/vsearch/bo/lucene-A/lucene/analysis/icu/build/classes/java/main:/home/goankur/vsearch/bo/lucene-A/lucene/queryparser/build/classes/java/main:/home/goankur/vsearch/bo/lucene-A/lucene/grouping/build/classes/java/main:/home/goankur/vsearch/bo/lucene-A/lucene/suggest/build/classes/java/main:/home/goankur/vsearch/bo/lucene-A/lucene/highlighter/build/classes/java/main:/home/goankur/vsearch/bo/lucene-A/lucene/codecs/build/classes/java/main:/home/goankur/vsearch/bo/lucene-A/lucene/queries/build/classes/java/main:/home/goankur/vsearch/bo/lucene-A/lucene/join/build/classes/java/main:/home/goankur/vsearch/bo/lucene-A/lucene/spatial3d/build/classes/java/main:/home/goankur/vsearch/util/lib/HdrHistogram.jar:/home/goankur/vsearch/util/src/main/build/classes/java/main:/home/goankur/vsearch/util/build perf.SearchPerfTest -dirImpl MMapDirectory -indexPath /home/goankur/vsearch/indices/wikimedium10m.lucene-A.facets.taxonomy:Date.taxonomy:Month.taxonomy:DayOfYear.sortedset:Date.sortedset:Month.sortedset:DayOfYear.taxonomy:RandomLabel.sortedset:RandomLabel.Lucene90.Lucene104.dvfields.nd10M -facets taxonomy:Date;Date -facets taxonomy:Month;Month -facets taxonomy:DayOfYear;DayOfYear -facets sortedset:Date;Date -facets sortedset:Month;Month -facets sortedset:DayOfYear;DayOfYear -facets taxonomy:RandomLabel;RandomLabel -facets sortedset:RandomLabel;RandomLabel -analyzer StandardAnalyzer -taskSource /home/goankur/vsearch/util/tasks/wikimedium.10M.nostopwords.tasks -numConcurrentQueries 5 -taskRepeatCount 20 -field body -tasksPerCat 1 -searchConcurrency -1 -staticSeed 648875 -seed -5390067 -similarity BM25Similarity -commit multi -hiliteImpl FastVectorHighlighter -log /home/goankur/vsearch/logs/FAA.armA2.19 -topN 100 -context  -pk -pollute
      9.3 s
      248.9 actual sustained QPS; -1.0 CPU cores used

Report after iter 19:
QPSChart.supported == False
                            Task     P50 B     P50 C     Diff     P90 B     P90 C     Diff     P99 B     P99 C     Diff    P999 B    P999 C     Diff    P100 B    P100 C     Diff
           ('AndHighHigh', None)     1.512     1.681    11.2%     6.013     3.898   -35.2%     7.215     5.064   -29.8%     7.215     5.064   -29.8%    32.478    32.726     0.8%
('AndHighHighDayTaxoFacets', None)    28.788    31.642     9.9%    45.517    46.163     1.4%   111.802    76.423   -31.6%   111.802    76.423   -31.6%   112.136   106.376    -5.1%
            ('AndHighLow', None)     0.585     0.533    -8.9%     1.702     1.636    -3.9%     3.228     1.980   -38.7%     3.228     1.980   -38.7%     5.536     6.649    20.1%
            ('AndHighMed', None)     1.099     1.167     6.2%     3.437     5.700    65.9%     6.534    10.670    63.3%     6.534    10.670    63.3%     8.227    21.128   156.8%
('AndHighMedDayTaxoFacets', None)     5.591     6.383    14.2%    16.073    12.095   -24.8%    19.183    13.379   -30.3%    19.183    13.379   -30.3%    28.387    28.332    -0.2%
     ('AndMissingHigh', 'Title')     0.333     0.351     5.7%     1.269     0.781   -38.4%     1.593     2.234    40.3%     1.593     2.234    40.3%     5.101     5.957    16.8%
              ('BM25MSM2', None)    21.506    16.934   -21.3%    41.505    30.854   -25.7%    72.333    43.258   -40.2%    72.333    43.258   -40.2%   255.150   246.979    -3.2%
  ('BrowseDateSSDVFacets', None)   347.568   328.832    -5.4%   390.417   403.692     3.4%   417.521   408.299    -2.2%   417.521   408.299    -2.2%   624.695  1213.985    94.3%
  ('BrowseDateTaxoFacets', None)    63.820    72.624    13.8%    76.582    84.739    10.7%    80.599    94.388    17.1%    80.599    94.388    17.1%    87.197    99.549    14.2%
('BrowseDayOfYearSSDVFacets', None)    68.164    62.190    -8.8%    89.716    80.237   -10.6%   110.445   144.847    31.1%   110.445   144.847    31.1%   155.856   288.741    85.3%
('BrowseDayOfYearTaxoFacets', None)    64.270    69.768     8.6%    78.990    82.368     4.3%    79.350    85.225     7.4%    79.350    85.225     7.4%    83.591    87.377     4.5%
 ('BrowseMonthSSDVFacets', None)    72.545    61.647   -15.0%    85.371    84.986    -0.5%    88.456    88.196    -0.3%    88.456    88.196    -0.3%   151.710   266.648    75.8%
 ('BrowseMonthTaxoFacets', None)    86.519    29.575   -65.8%   105.045    75.621   -28.0%   116.712    85.227   -27.0%   116.712    85.227   -27.0%   248.834   145.985   -41.3%
('BrowseRandomLabelSSDVFacets', None)    90.007    93.643     4.0%   138.856   108.884   -21.6%   172.759   129.538   -25.0%   172.759   129.538   -25.0%   345.279   435.910    26.2%
('BrowseRandomLabelTaxoFacets', None)    78.607    89.369    13.7%   104.759   104.586    -0.2%   123.606   106.950   -13.5%   123.606   106.950   -13.5%   263.940   271.985     3.0%
             ('ConstMSM2', None)     0.745     0.708    -5.0%     3.104     2.096   -32.5%     9.628     2.237   -76.8%     9.628     2.237   -76.8%    21.755    18.680   -14.1%
                ('Fuzzy1', None)    10.016     9.066    -9.5%    35.550    12.776   -64.1%    38.518    20.524   -46.7%    38.518    20.524   -46.7%    70.353    82.330    17.0%
                ('Fuzzy2', None)    12.989    12.909    -0.6%    23.519    24.403     3.8%    41.472    27.676   -33.3%    41.472    27.676   -33.3%    60.907    35.693   -41.4%
  ('HighIntervalsOrdered', None)    12.544    13.174     5.0%    21.677    21.967     1.3%    24.105    24.903     3.3%    24.105    24.903     3.3%    25.853    65.178   152.1%
            ('HighPhrase', None)    10.482    10.259    -2.1%    15.420    17.496    13.5%    15.532    17.693    13.9%    15.532    17.693    13.9%    22.523    21.245    -5.7%
      ('HighSloppyPhrase', None)    11.000     9.692   -11.9%    15.306    15.801     3.2%    21.512    20.645    -4.0%    21.512    20.645    -4.0%    78.586    94.390    20.1%
          ('HighSpanNear', None)    14.354    14.715     2.5%    25.531    20.516   -19.6%    25.747    22.359   -13.2%    25.747    22.359   -13.2%    29.282    37.186    27.0%
              ('HighTerm', None)     0.836     0.834    -0.3%     2.772     3.121    12.6%     7.192     4.481   -37.7%     7.192     4.481   -37.7%    98.837    76.080   -23.0%
('HighTermDayOfYearSort', 'DayOfYear')     2.073     1.990    -4.0%    10.052     6.325   -37.1%    11.634     7.848   -32.5%    11.634     7.848   -32.5%    15.777    28.897    83.2%
  ('HighTermMonthSort', 'Month')     0.829     0.777    -6.2%     2.286     1.121   -50.9%     3.231     2.523   -21.9%     3.231     2.523   -21.9%     7.765     5.929   -23.6%
('HighTermTitleBDVSort', 'TitleBinary')    13.746    14.412     4.8%    29.838    26.179   -12.3%    32.304    30.920    -4.3%    32.304    30.920    -4.3%    80.788    70.231   -13.1%
  ('HighTermTitleSort', 'Title')     8.942     9.549     6.8%    30.346    14.685   -51.6%    37.027    25.027   -32.4%    37.027    25.027   -32.4%    90.215    89.432    -0.9%
                ('IntNRQ', None)     1.538     1.551     0.8%     5.498     4.240   -22.9%    11.575    11.912     2.9%    11.575    11.912     2.9%    80.971   110.118    36.0%
                ('IntSet', None)     1.590     1.603     0.8%     6.055     9.038    49.3%     6.774    10.539    55.6%     6.774    10.539    55.6%    86.666    38.249   -55.9%
   ('LowIntervalsOrdered', None)     3.847     3.774    -1.9%     6.003     6.381     6.3%     6.770    10.371    53.2%     6.770    10.371    53.2%   129.992   138.430     6.5%
             ('LowPhrase', None)     4.899     5.025     2.6%    12.723     8.902   -30.0%    16.031     9.551   -40.4%    16.031     9.551   -40.4%   120.660   126.046     4.5%
       ('LowSloppyPhrase', None)     3.918     3.973     1.4%    12.814     9.252   -27.8%    21.281    17.294   -18.7%    21.281    17.294   -18.7%    24.748    30.633    23.8%
           ('LowSpanNear', None)     5.479     5.991     9.3%    10.200    11.320    11.0%    11.436    11.544     0.9%    11.436    11.544     0.9%    18.397    12.597   -31.5%
               ('LowTerm', None)     0.429     0.460     7.3%     2.431     1.333   -45.1%     4.763     1.391   -70.8%     4.763     1.391   -70.8%    11.281     5.443   -51.8%
   ('MedIntervalsOrdered', None)     2.635     2.694     2.2%     4.022     3.707    -7.8%     4.287     5.543    29.3%     4.287     5.543    29.3%    18.122     8.385   -53.7%
             ('MedPhrase', None)     3.995     4.133     3.5%    14.050    10.244   -27.1%    16.731    21.884    30.8%    16.731    21.884    30.8%    19.293    33.563    74.0%
       ('MedSloppyPhrase', None)    21.950    21.924    -0.1%    36.700    32.400   -11.7%    39.273    34.175   -13.0%    39.273    34.175   -13.0%    81.945    89.852     9.6%
           ('MedSpanNear', None)     4.625     4.629     0.1%    11.279    10.065   -10.8%    16.600    10.331   -37.8%    16.600    10.331   -37.8%    67.157    66.168    -1.5%
               ('MedTerm', None)     0.612     0.769    25.8%     2.914     2.523   -13.4%     3.073     2.911    -5.3%     3.073     2.911    -5.3%     6.446     8.950    38.8%
  ('MedTermDayTaxoFacets', None)    11.378    11.518     1.2%    16.090    15.105    -6.1%    20.924    16.277   -22.2%    20.924    16.277   -22.2%   211.729   114.482   -45.9%
            ('OrHighHigh', None)     1.720     1.773     3.1%     7.633     6.306   -17.4%    12.726     7.339   -42.3%    12.726     7.339   -42.3%   215.849   174.982   -18.9%
             ('OrHighLow', None)     0.834     0.842     1.0%     1.817     1.484   -18.3%     6.727     5.047   -25.0%     6.727     5.047   -25.0%     9.883     6.476   -34.5%
             ('OrHighMed', None)     0.956     0.907    -5.1%     2.627     3.381    28.7%    16.268     6.093   -62.5%    16.268     6.093   -62.5%    18.524    10.916   -41.1%
('OrHighMedDayTaxoFacets', None)    27.548    32.213    16.9%    96.395   105.530     9.5%   112.922   129.651    14.8%   112.922   129.651    14.8%   255.382   216.662   -15.2%
         ('OrHighNotHigh', None)     1.226     1.246     1.6%     5.506     2.439   -55.7%    10.380     5.472   -47.3%    10.380     5.472   -47.3%    15.287    19.424    27.1%
          ('OrHighNotLow', None)     1.183     1.552    31.2%     3.294     3.751    13.9%    12.643     8.264   -34.6%    12.643     8.264   -34.6%    19.571    20.153     3.0%
          ('OrHighNotMed', None)     1.411     1.799    27.5%     7.635     9.774    28.0%     7.991    17.688   121.4%     7.991    17.688   121.4%    21.137    24.342    15.2%
         ('OrNotHighHigh', None)     1.351     1.330    -1.5%     3.664     3.271   -10.7%     9.692     5.076   -47.6%     9.692     5.076   -47.6%    31.681    15.174   -52.1%
          ('OrNotHighLow', None)     0.749     0.605   -19.2%     1.821     1.019   -44.1%     2.243     1.342   -40.2%     2.243     1.342   -40.2%     8.616     3.006   -65.1%
          ('OrNotHighMed', None)     1.070     0.970    -9.3%     2.370     3.754    58.4%     2.648     3.780    42.7%     2.648     3.780    42.7%     5.235     4.097   -21.7%
                   ('PKLookup',)     4.683     5.670    21.1%    10.848     8.428   -22.3%    11.993    11.564    -3.6%    11.993    11.564    -3.6%    23.968    18.021   -24.8%
               ('Prefix3', None)     0.954     0.941    -1.4%     4.384     3.398   -22.5%    15.036     8.003   -46.8%    15.036     8.003   -46.8%    17.554    12.858   -26.8%
                    ('Respell',)    13.897    14.224     2.4%    28.833    19.170   -33.5%    29.776    28.531    -4.2%    29.776    28.531    -4.2%   111.586    98.632   -11.6%
('TermDateTimeSort', 'DateTime')     2.562     2.730     6.6%    12.884    11.038   -14.3%    30.225    14.958   -50.5%    30.225    14.958   -50.5%    68.438    54.125   -20.9%
              ('Wildcard', None)     5.266     5.577     5.9%    16.921    17.328     2.4%    32.333    19.447   -39.9%    32.333    19.447   -39.9%    70.455    73.270     4.0%
                 ('range', None)     0.186     0.146   -21.6%     1.196     0.598   -50.1%     1.362     0.779   -42.8%     1.362     0.779   -42.8%     1.894     0.797   -57.9%
                            Task    QPS armA      StdDev   QPS armA2      StdDev                Pct diff p-value
                    OrHighNotLow      799.60      (8.5%)      761.66     (10.9%)   -4.7% ( -22% -   15%) 0.123
                        PKLookup      225.78      (8.7%)      215.57      (9.1%)   -4.5% ( -20% -   14%) 0.108
                         Respell       71.01      (7.6%)       67.92      (6.0%)   -4.4% ( -16% -   10%) 0.045
          OrHighMedDayTaxoFacets       38.24      (7.3%)       36.66      (7.7%)   -4.1% ( -17% -   11%) 0.082
                     AndHighHigh      620.49     (12.1%)      595.88     (11.2%)   -4.0% ( -24% -   21%) 0.282
       BrowseDayOfYearSSDVFacets       16.19     (13.0%)       15.56      (8.0%)   -3.9% ( -22% -   19%) 0.250
                    OrHighNotMed      685.05      (7.3%)      661.18      (9.4%)   -3.5% ( -18% -   14%) 0.191
                       MedPhrase      241.33      (7.2%)      233.02      (8.0%)   -3.4% ( -17% -   12%) 0.151
                      OrHighHigh      571.35      (5.8%)      554.73      (9.6%)   -2.9% ( -17% -   13%) 0.246
                          IntNRQ      654.35      (7.6%)      635.57     (10.1%)   -2.9% ( -19% -   16%) 0.311
                   OrNotHighHigh      811.23      (7.3%)      792.47      (7.8%)   -2.3% ( -16% -   13%) 0.333
                     MedSpanNear      210.03      (2.6%)      205.62      (4.0%)   -2.1% (  -8% -    4%) 0.047
           BrowseMonthSSDVFacets       16.59     (14.3%)       16.24     (13.7%)   -2.1% ( -26% -   30%) 0.638
                    HighSpanNear       69.28      (3.0%)       67.86      (4.0%)   -2.1% (  -8% -    5%) 0.068
     BrowseRandomLabelSSDVFacets       10.85      (4.5%)       10.64      (5.3%)   -2.0% ( -11% -    8%) 0.201
                       LowPhrase      196.38      (3.5%)      192.66      (4.7%)   -1.9% (  -9% -    6%) 0.149
         AndHighMedDayTaxoFacets      180.42      (3.0%)      177.53      (4.8%)   -1.6% (  -9% -    6%) 0.208
             LowIntervalsOrdered      259.19      (8.5%)      255.66      (7.3%)   -1.4% ( -15% -   15%) 0.587
                 LowSloppyPhrase      253.21      (7.1%)      250.00      (9.4%)   -1.3% ( -16% -   16%) 0.631
                     LowSpanNear      222.80      (5.4%)      220.03      (8.2%)   -1.2% ( -14% -   13%) 0.574
           BrowseMonthTaxoFacets       35.34     (28.6%)       34.98     (28.0%)   -1.0% ( -44% -   77%) 0.909
                        HighTerm     1187.50      (6.8%)     1176.12     (10.3%)   -1.0% ( -16% -   17%) 0.728
                         MedTerm     1578.76      (7.5%)     1564.49      (7.0%)   -0.9% ( -14% -   14%) 0.693
                          Fuzzy2       75.97      (5.3%)       75.34      (5.9%)   -0.8% ( -11% -   10%) 0.642
                         LowTerm     2449.04      (7.0%)     2428.85      (6.3%)   -0.8% ( -13% -   13%) 0.695
                   OrHighNotHigh      822.66      (9.3%)      815.93      (9.0%)   -0.8% ( -17% -   19%) 0.778
                      TermDTSort      375.46      (7.6%)      372.87      (6.6%)   -0.7% ( -13% -   14%) 0.758
           HighTermDayOfYearSort      494.75      (7.8%)      491.82      (7.4%)   -0.6% ( -14% -   15%) 0.806
                         Prefix3     1153.60      (8.9%)     1147.47      (8.4%)   -0.5% ( -16% -   18%) 0.846
                HighSloppyPhrase      105.72      (8.3%)      105.23      (8.0%)   -0.5% ( -15% -   17%) 0.856
        AndHighHighDayTaxoFacets       34.77      (3.9%)       34.68      (6.4%)   -0.3% ( -10% -   10%) 0.869
                    OrNotHighLow     1614.46      (5.9%)     1610.31      (7.1%)   -0.3% ( -12% -   13%) 0.901
                      AndHighMed      990.07      (7.5%)      989.07      (8.5%)   -0.1% ( -14% -   17%) 0.968
                      HighPhrase       98.98      (2.8%)       98.89      (2.5%)   -0.1% (  -5% -    5%) 0.917
                          Fuzzy1      107.78      (4.7%)      107.82      (6.3%)    0.0% ( -10% -   11%) 0.985
            HighTermTitleBDVSort       73.12      (4.4%)       73.30      (6.1%)    0.3% (  -9% -   11%) 0.882
                        BM25MSM2       56.79      (7.1%)       56.96      (7.5%)    0.3% ( -13% -   16%) 0.895
                          IntSet      655.97      (8.8%)      658.04      (7.8%)    0.3% ( -14% -   18%) 0.904
                       ConstMSM2     1319.77      (5.4%)     1324.34      (5.3%)    0.3% (  -9% -   11%) 0.838
            MedTermDayTaxoFacets       92.32      (6.1%)       92.72      (6.2%)    0.4% ( -11% -   13%) 0.825
                      AndHighLow     1939.91      (6.2%)     1950.36      (5.9%)    0.5% ( -10% -   13%) 0.778
                       OrHighLow     1233.54      (4.8%)     1243.84      (4.8%)    0.8% (  -8% -   10%) 0.582
               HighTermTitleSort      118.08      (6.7%)      119.07     (10.3%)    0.8% ( -15% -   19%) 0.759
                        Wildcard      180.94      (3.2%)      183.00      (2.2%)    1.1% (  -4% -    6%) 0.187
            HighIntervalsOrdered       75.21     (10.2%)       76.12      (8.4%)    1.2% ( -15% -   22%) 0.685
                 MedSloppyPhrase       48.41      (5.6%)       49.09      (3.5%)    1.4% (  -7% -   11%) 0.338
            BrowseDateSSDVFacets        2.85      (6.5%)        2.89      (6.1%)    1.5% ( -10% -   14%) 0.463
             MedIntervalsOrdered      371.70      (8.3%)      378.29      (6.6%)    1.8% ( -12% -   18%) 0.457
                  AndMissingHigh     3489.56      (7.3%)     3560.54      (5.0%)    2.0% (  -9% -   15%) 0.302
                       OrHighMed     1039.98      (9.0%)     1062.33      (5.8%)    2.1% ( -11% -   18%) 0.371
                    OrNotHighMed      962.30     (11.0%)      986.68      (9.9%)    2.5% ( -16% -   26%) 0.444
               HighTermMonthSort     1514.12      (6.3%)     1552.89      (6.2%)    2.6% (  -9% -   16%) 0.198
                           range     6029.13      (8.6%)     6274.68     (11.3%)    4.1% ( -14% -   26%) 0.198
     BrowseRandomLabelTaxoFacets       12.55      (5.8%)       14.11     (43.0%)   12.4% ( -34% -   64%) 0.200
            BrowseDateTaxoFacets       15.01      (6.9%)       17.59     (53.2%)   17.2% ( -40% -   83%) 0.152
       BrowseDayOfYearTaxoFacets       15.61      (5.5%)       18.55     (56.8%)   18.9% ( -41% -   85%) 0.140

CPU merged search profile for armA2:
JFR aggregation command: /home/goankur/jdk/corretto-25/bin/java -server -Xms2g -Xmx2g --add-modules jdk.incubator.vector -XX:+HeapDumpOnOutOfMemoryError -XX:+UseParallelGC -cp /home/goankur/vsearch/bo/lucene-A/build-tools/build-infra/build/classes/java/main -Dtests.profile.mode=cpu -Dtests.profile.stacksize=12 -Dtests.profile.count=30 -Dtests.profile.linenumbers=true org.apache.lucene.gradle.plugins.java.ProfileResults /home/goankur/vsearch/logs/bench-search-FAA-armA2-18.jfr /home/goankur/vsearch/logs/bench-search-FAA-armA2-19.jfr /home/goankur/vsearch/logs/bench-search-FAA-armA2-0.jfr /home/goankur/vsearch/logs/bench-search-FAA-armA2-1.jfr /home/goankur/vsearch/logs/bench-search-FAA-armA2-2.jfr /home/goankur/vsearch/logs/bench-search-FAA-armA2-3.jfr /home/goankur/vsearch/logs/bench-search-FAA-armA2-4.jfr /home/goankur/vsearch/logs/bench-search-FAA-armA2-5.jfr /home/goankur/vsearch/logs/bench-search-FAA-armA2-6.jfr /home/goankur/vsearch/logs/bench-search-FAA-armA2-7.jfr /home/goankur/vsearch/logs/bench-search-FAA-armA2-8.jfr /home/goankur/vsearch/logs/bench-search-FAA-armA2-9.jfr /home/goankur/vsearch/logs/bench-search-FAA-armA2-10.jfr /home/goankur/vsearch/logs/bench-search-FAA-armA2-11.jfr /home/goankur/vsearch/logs/bench-search-FAA-armA2-12.jfr /home/goankur/vsearch/logs/bench-search-FAA-armA2-13.jfr /home/goankur/vsearch/logs/bench-search-FAA-armA2-14.jfr /home/goankur/vsearch/logs/bench-search-FAA-armA2-15.jfr /home/goankur/vsearch/logs/bench-search-FAA-armA2-16.jfr /home/goankur/vsearch/logs/bench-search-FAA-armA2-17.jfr
Took 2.03 seconds
WARNING: Using incubator modules: jdk.incubator.vector
PROFILE SUMMARY from 104861 events (total: 104861)
  tests.profile.mode=cpu
  tests.profile.count=30
  tests.profile.stacksize=12
  tests.profile.linenumbers=true
PERCENT       CPU SAMPLES   STACK
2.02%         2119          org.apache.lucene.facet.sortedset.SortedSetDocValuesFacetCounts#countOneSegmentNHLD():129 [JIT compiled code]
                              at org.apache.lucene.facet.sortedset.SortedSetDocValuesFacetCounts#countAll():322 [Interpreted code]
                              at org.apache.lucene.facet.sortedset.SortedSetDocValuesFacetCounts#<init>():73 [Inlined code]
                              at org.apache.lucene.facet.sortedset.SortedSetDocValuesFacetCounts#<init>():63 [Inlined code]
                              at perf.SearchTask#go():290 [JIT compiled code]
                              at perf.UnparsedTask#go():57 [JIT compiled code]
                              at perf.TaskThreads$RunTask#call():81 [JIT compiled code]
                              at perf.TaskThreads$RunTask#call():64 [JIT compiled code]
                              at java.util.concurrent.FutureTask#run():328 [JIT compiled code]
                              at java.util.concurrent.ThreadPoolExecutor#runWorker():1090 [Interpreted code]
                              at java.util.concurrent.ThreadPoolExecutor$Worker#run():614 [Interpreted code]
                              at java.lang.Thread#runWith():1487 [Interpreted code]
1.72%         1808          org.apache.lucene.facet.taxonomy.FastTaxonomyFacetCounts#countAll():125 [JIT compiled code]
                              at org.apache.lucene.facet.taxonomy.FastTaxonomyFacetCounts#<init>():69 [Interpreted code]
                              at perf.SearchTask#go():282 [JIT compiled code]
                              at perf.UnparsedTask#go():57 [JIT compiled code]
                              at perf.TaskThreads$RunTask#call():81 [JIT compiled code]
                              at perf.TaskThreads$RunTask#call():64 [JIT compiled code]
                              at java.util.concurrent.FutureTask#run():328 [JIT compiled code]
                              at java.util.concurrent.ThreadPoolExecutor#runWorker():1090 [Interpreted code]
                              at java.util.concurrent.ThreadPoolExecutor$Worker#run():614 [Interpreted code]
                              at java.lang.Thread#runWith():1487 [Interpreted code]
                              at java.lang.Thread#run():1474 [Interpreted code]
0.96%         1002          org.apache.lucene.codecs.lucene90.Lucene90DocValuesProducer$20#ordValue():1501 [Inlined code]
                              at org.apache.lucene.facet.sortedset.SortedSetDocValuesFacetCounts#countOneSegmentNHLD():130 [JIT compiled code]
                              at org.apache.lucene.facet.sortedset.SortedSetDocValuesFacetCounts#countAll():322 [Interpreted code]
                              at org.apache.lucene.facet.sortedset.SortedSetDocValuesFacetCounts#<init>():73 [Inlined code]
                              at org.apache.lucene.facet.sortedset.SortedSetDocValuesFacetCounts#<init>():63 [Inlined code]
                              at perf.SearchTask#go():290 [JIT compiled code]
                              at perf.UnparsedTask#go():57 [JIT compiled code]
                              at perf.TaskThreads$RunTask#call():81 [JIT compiled code]
                              at perf.TaskThreads$RunTask#call():64 [JIT compiled code]
                              at java.util.concurrent.FutureTask#run():328 [JIT compiled code]
                              at java.util.concurrent.ThreadPoolExecutor#runWorker():1090 [Interpreted code]
                              at java.util.concurrent.ThreadPoolExecutor$Worker#run():614 [Interpreted code]
0.87%         912           org.apache.lucene.facet.sortedset.SortedSetDocValuesFacetCounts#countOneSegmentNHLD():129 [JIT compiled code]
                              at org.apache.lucene.facet.sortedset.SortedSetDocValuesFacetCounts#countAll():322 [Interpreted code]
                              at org.apache.lucene.facet.sortedset.SortedSetDocValuesFacetCounts#<init>():73 [Interpreted code]
                              at org.apache.lucene.facet.sortedset.SortedSetDocValuesFacetCounts#<init>():63 [Interpreted code]
                              at perf.SearchTask#go():290 [Interpreted code]
                              at perf.UnparsedTask#go():57 [Interpreted code]
                              at perf.TaskThreads$RunTask#call():81 [Interpreted code]
                              at perf.TaskThreads$RunTask#call():64 [Interpreted code]
                              at java.util.concurrent.FutureTask#run():328 [JIT compiled code]
                              at java.util.concurrent.ThreadPoolExecutor#runWorker():1090 [Interpreted code]
                              at java.util.concurrent.ThreadPoolExecutor$Worker#run():614 [Interpreted code]
                              at java.lang.Thread#runWith():1487 [Interpreted code]
0.82%         864           org.apache.lucene.util.packed.DirectReader$DirectPackedReader12#get():282 [Inlined code]
                              at org.apache.lucene.codecs.lucene90.Lucene90DocValuesProducer$25#nextOrd():2324 [Inlined code]
                              at org.apache.lucene.facet.sortedset.SortedSetDocValuesFacetCounts#countOneSegmentNHLD():137 [JIT compiled code]
                              at org.apache.lucene.facet.sortedset.SortedSetDocValuesFacetCounts#countAll():322 [Interpreted code]
                              at org.apache.lucene.facet.sortedset.SortedSetDocValuesFacetCounts#<init>():73 [Inlined code]
                              at org.apache.lucene.facet.sortedset.SortedSetDocValuesFacetCounts#<init>():63 [Inlined code]
                              at perf.SearchTask#go():290 [JIT compiled code]
                              at perf.UnparsedTask#go():57 [JIT compiled code]
                              at perf.TaskThreads$RunTask#call():81 [JIT compiled code]
                              at perf.TaskThreads$RunTask#call():64 [JIT compiled code]
                              at java.util.concurrent.FutureTask#run():328 [JIT compiled code]
                              at java.util.concurrent.ThreadPoolExecutor#runWorker():1090 [Interpreted code]
0.72%         754           jdk.internal.foreign.MemorySessionImpl#checkValidStateRaw():200 [Inlined code]
                              at jdk.internal.misc.ScopedMemoryAccess#getShortUnalignedInternal():1789 [Inlined code]
                              at jdk.internal.misc.ScopedMemoryAccess#getShortUnaligned():1779 [Inlined code]
                              at java.lang.invoke.VarHandleSegmentAsShorts#get():60 [Inlined code]
                              at java.lang.invoke.VarHandleSegmentAsShorts#get():53 [Inlined code]
                              at java.lang.invoke.VarHandleGuards#guard_LJ_I():251 [Inlined code]
                              at jdk.internal.foreign.AbstractMemorySegmentImpl#get():730 [Inlined code]
                              at org.apache.lucene.store.MemorySegmentIndexInput$SingleSegmentImpl#readShort():797 [Inlined code]
                              at org.apache.lucene.util.packed.DirectReader$DirectPackedReader12#get():282 [Inlined code]
                              at org.apache.lucene.codecs.lucene90.Lucene90DocValuesProducer$25#nextOrd():2324 [Inlined code]
                              at org.apache.lucene.facet.sortedset.SortedSetDocValuesFacetCounts#countOneSegmentNHLD():137 [JIT compiled code]
                              at org.apache.lucene.facet.sortedset.SortedSetDocValuesFacetCounts#countAll():322 [Interpreted code]
0.66%         688           jdk.internal.foreign.MemorySessionImpl#checkValidStateRaw():200 [Inlined code]
                              at jdk.internal.misc.ScopedMemoryAccess#getByteInternal():1098 [Inlined code]
                              at jdk.internal.misc.ScopedMemoryAccess#getByte():1088 [Inlined code]
                              at java.lang.invoke.VarHandleSegmentAsBytes#get():56 [Inlined code]
                              at java.lang.invoke.VarHandleSegmentAsBytes#get():49 [Inlined code]
                              at java.lang.invoke.VarHandleGuards#guard_LJ_I():251 [Inlined code]
                              at jdk.internal.foreign.AbstractMemorySegmentImpl#get():694 [Inlined code]
                              at org.apache.lucene.store.MemorySegmentIndexInput$SingleSegmentImpl#readByte():775 [Inlined code]
                              at org.apache.lucene.util.packed.DirectReader$DirectPackedReader4#get():242 [Inlined code]
                              at org.apache.lucene.codecs.lucene90.Lucene90DocValuesProducer$20#ordValue():1501 [Inlined code]
                              at org.apache.lucene.facet.sortedset.SortedSetDocValuesFacetCounts#countOneSegmentNHLD():130 [JIT compiled code]
                              at org.apache.lucene.facet.sortedset.SortedSetDocValuesFacetCounts#countAll():322 [Interpreted code]
0.59%         622           org.apache.lucene.codecs.lucene90.Lucene90DocValuesProducer$4#longValue():994 [Inlined code]
                              at org.apache.lucene.facet.taxonomy.FastTaxonomyFacetCounts#countAll():138 [JIT compiled code]
                              at org.apache.lucene.facet.taxonomy.FastTaxonomyFacetCounts#<init>():69 [Interpreted code]
                              at perf.SearchTask#go():282 [JIT compiled code]
                              at perf.UnparsedTask#go():57 [JIT compiled code]
                              at perf.TaskThreads$RunTask#call():81 [JIT compiled code]
                              at perf.TaskThreads$RunTask#call():64 [JIT compiled code]
                              at java.util.concurrent.FutureTask#run():328 [JIT compiled code]
                              at java.util.concurrent.ThreadPoolExecutor#runWorker():1090 [Interpreted code]
                              at java.util.concurrent.ThreadPoolExecutor$Worker#run():614 [Interpreted code]
                              at java.lang.Thread#runWith():1487 [Interpreted code]
                              at java.lang.Thread#run():1474 [Interpreted code]
0.57%         596           jdk.incubator.vector.Int256Vector$Int256Mask#trueCount():736 [Inlined code]
                              at org.apache.lucene.internal.vectorization.PanamaVectorUtilSupport#findNextGEQ():1190 [Inlined code]
                              at org.apache.lucene.util.VectorUtil#findNextGEQ():556 [Inlined code]
                              at org.apache.lucene.codecs.lucene104.Lucene104PostingsReader$BlockPostingsEnum#advance():936 [Inlined code]
                              at org.apache.lucene.search.WANDScorer#advanceTail():419 [Inlined code]
                              at org.apache.lucene.search.WANDScorer#advanceTail():433 [Inlined code]
                              at org.apache.lucene.search.WANDScorer$2#matches():349 [JIT compiled code]
                              at org.apache.lucene.search.Weight$DefaultBulkScorer#scoreTwoPhaseIterator():311 [JIT compiled code]
                              at org.apache.lucene.search.Weight$DefaultBulkScorer#score():282 [JIT compiled code]
                              at org.apache.lucene.search.IndexSearcher#searchLeaf():852 [JIT compiled code]
                              at org.apache.lucene.search.IndexSearcher#search():814 [JIT compiled code]
                              at org.apache.lucene.search.IndexSearcher#lambda$search$0():784 [Inlined code]
0.56%         585           jdk.incubator.vector.Int256Vector$Int256Mask#trueCount():736 [Inlined code]
                              at org.apache.lucene.internal.vectorization.PanamaVectorUtilSupport#findNextGEQ():1190 [Inlined code]
                              at org.apache.lucene.util.VectorUtil#findNextGEQ():556 [Inlined code]
                              at org.apache.lucene.codecs.lucene104.Lucene104PostingsReader$BlockPostingsEnum#advance():936 [Inlined code]
                              at org.apache.lucene.search.WANDScorer#advanceTail():419 [Inlined code]
                              at org.apache.lucene.search.WANDScorer#advanceTail():433 [Inlined code]
                              at org.apache.lucene.search.WANDScorer$2#matches():349 [JIT compiled code]
                              at org.apache.lucene.search.Weight$DefaultBulkScorer#scoreTwoPhaseIterator():311 [JIT compiled code]
                              at org.apache.lucene.search.Weight$DefaultBulkScorer#score():282 [JIT compiled code]
                              at org.apache.lucene.search.IndexSearcher#searchLeaf():852 [Inlined code]
                              at org.apache.lucene.search.IndexSearcher#search():814 [Inlined code]
                              at org.apache.lucene.search.IndexSearcher#lambda$search$0():784 [Inlined code]
0.54%         571           org.apache.lucene.codecs.lucene90.Lucene90DocValuesProducer$25#nextOrd():2324 [Inlined code]
                              at org.apache.lucene.facet.sortedset.SortedSetDocValuesFacetCounts#countOneSegmentNHLD():137 [JIT compiled code]
                              at org.apache.lucene.facet.sortedset.SortedSetDocValuesFacetCounts#countAll():322 [Interpreted code]
                              at org.apache.lucene.facet.sortedset.SortedSetDocValuesFacetCounts#<init>():73 [Inlined code]
                              at org.apache.lucene.facet.sortedset.SortedSetDocValuesFacetCounts#<init>():63 [Inlined code]
                              at perf.SearchTask#go():290 [JIT compiled code]
                              at perf.UnparsedTask#go():57 [JIT compiled code]
                              at perf.TaskThreads$RunTask#call():81 [JIT compiled code]
                              at perf.TaskThreads$RunTask#call():64 [JIT compiled code]
                              at java.util.concurrent.FutureTask#run():328 [JIT compiled code]
                              at java.util.concurrent.ThreadPoolExecutor#runWorker():1090 [Interpreted code]
                              at java.util.concurrent.ThreadPoolExecutor$Worker#run():614 [Interpreted code]
0.48%         500           jdk.internal.foreign.MemorySessionImpl#checkValidStateRaw():200 [Inlined code]
                              at jdk.internal.misc.ScopedMemoryAccess#getIntUnalignedInternal():3169 [Inlined code]
                              at jdk.internal.misc.ScopedMemoryAccess#getIntUnaligned():3159 [Inlined code]
                              at java.lang.invoke.VarHandleSegmentAsInts#get():60 [Inlined code]
                              at java.lang.invoke.VarHandleSegmentAsInts#get():53 [Inlined code]
                              at java.lang.invoke.VarHandleGuards#guard_LJ_I():251 [Inlined code]
                              at jdk.internal.foreign.AbstractMemorySegmentImpl#get():742 [Inlined code]
                              at org.apache.lucene.store.MemorySegmentIndexInput$SingleSegmentImpl#readInt():808 [Inlined code]
                              at org.apache.lucene.util.packed.DirectReader$DirectPackedReader20#get():322 [Inlined code]
                              at org.apache.lucene.codecs.lucene90.Lucene90DocValuesProducer$4#longValue():994 [Inlined code]
                              at org.apache.lucene.facet.taxonomy.FastTaxonomyFacetCounts#countAll():138 [JIT compiled code]
                              at org.apache.lucene.facet.taxonomy.FastTaxonomyFacetCounts#<init>():69 [Interpreted code]
0.44%         462           java.io.FileOutputStream#writeBytes() [Native code]
                              at java.io.FileOutputStream#traceWriteBytes():311 [Inlined code]
                              at java.io.FileOutputStream#write():349 [Inlined code]
                              at java.io.PrintStream#write():539 [Inlined code]
                              at sun.nio.cs.StreamEncoder#writeBytes():220 [Inlined code]
                              at sun.nio.cs.StreamEncoder#implFlushBuffer():315 [Inlined code]
                              at sun.nio.cs.StreamEncoder#flushBuffer():101 [Inlined code]
                              at java.io.OutputStreamWriter#flushBuffer():179 [Inlined code]
                              at java.io.PrintStream#writeln():690 [Inlined code]
                              at java.io.PrintStream#println():1004 [JIT compiled code]
                              at perf.SearchTask#printResults():776 [JIT compiled code]
                              at perf.UnparsedTask#printResults():85 [JIT compiled code]
0.43%         452           org.apache.lucene.codecs.lucene90.Lucene90DocValuesProducer$25#advance():2356 [Inlined code]
                              at org.apache.lucene.codecs.lucene90.Lucene90DocValuesProducer$25#nextDoc():2348 [Inlined code]
                              at org.apache.lucene.facet.sortedset.SortedSetDocValuesFacetCounts#countOneSegmentNHLD():135 [JIT compiled code]
                              at org.apache.lucene.facet.sortedset.SortedSetDocValuesFacetCounts#countAll():322 [Interpreted code]
                              at org.apache.lucene.facet.sortedset.SortedSetDocValuesFacetCounts#<init>():73 [Inlined code]
                              at org.apache.lucene.facet.sortedset.SortedSetDocValuesFacetCounts#<init>():63 [Inlined code]
                              at perf.SearchTask#go():290 [JIT compiled code]
                              at perf.UnparsedTask#go():57 [JIT compiled code]
                              at perf.TaskThreads$RunTask#call():81 [JIT compiled code]
                              at perf.TaskThreads$RunTask#call():64 [JIT compiled code]
                              at java.util.concurrent.FutureTask#run():328 [JIT compiled code]
                              at java.util.concurrent.ThreadPoolExecutor#runWorker():1090 [Interpreted code]
0.42%         444           org.apache.lucene.codecs.lucene90.Lucene90DocValuesProducer$25#advance():2358 [Inlined code]
                              at org.apache.lucene.codecs.lucene90.Lucene90DocValuesProducer$25#nextDoc():2348 [Inlined code]
                              at org.apache.lucene.facet.sortedset.SortedSetDocValuesFacetCounts#countOneSegmentNHLD():135 [JIT compiled code]
                              at org.apache.lucene.facet.sortedset.SortedSetDocValuesFacetCounts#countAll():322 [Interpreted code]
                              at org.apache.lucene.facet.sortedset.SortedSetDocValuesFacetCounts#<init>():73 [Inlined code]
                              at org.apache.lucene.facet.sortedset.SortedSetDocValuesFacetCounts#<init>():63 [Inlined code]
                              at perf.SearchTask#go():290 [JIT compiled code]
                              at perf.UnparsedTask#go():57 [JIT compiled code]
                              at perf.TaskThreads$RunTask#call():81 [JIT compiled code]
                              at perf.TaskThreads$RunTask#call():64 [JIT compiled code]
                              at java.util.concurrent.FutureTask#run():328 [JIT compiled code]
                              at java.util.concurrent.ThreadPoolExecutor#runWorker():1090 [Interpreted code]
0.41%         428           org.apache.lucene.codecs.lucene90.Lucene90DocValuesProducer$25#advance():2357 [Inlined code]
                              at org.apache.lucene.codecs.lucene90.Lucene90DocValuesProducer$25#nextDoc():2348 [Inlined code]
                              at org.apache.lucene.facet.sortedset.SortedSetDocValuesFacetCounts#countOneSegmentNHLD():135 [JIT compiled code]
                              at org.apache.lucene.facet.sortedset.SortedSetDocValuesFacetCounts#countAll():322 [Interpreted code]
                              at org.apache.lucene.facet.sortedset.SortedSetDocValuesFacetCounts#<init>():73 [Inlined code]
                              at org.apache.lucene.facet.sortedset.SortedSetDocValuesFacetCounts#<init>():63 [Inlined code]
                              at perf.SearchTask#go():290 [JIT compiled code]
                              at perf.UnparsedTask#go():57 [JIT compiled code]
                              at perf.TaskThreads$RunTask#call():81 [JIT compiled code]
                              at perf.TaskThreads$RunTask#call():64 [JIT compiled code]
                              at java.util.concurrent.FutureTask#run():328 [JIT compiled code]
                              at java.util.concurrent.ThreadPoolExecutor#runWorker():1090 [Interpreted code]
0.40%         417           org.apache.lucene.codecs.lucene90.Lucene90DocValuesProducer$20#ordValue():1501 [Inlined code]
                              at org.apache.lucene.facet.sortedset.SortedSetDocValuesFacetCounts#countOneSegmentNHLD():130 [JIT compiled code]
                              at org.apache.lucene.facet.sortedset.SortedSetDocValuesFacetCounts#countAll():322 [Interpreted code]
                              at org.apache.lucene.facet.sortedset.SortedSetDocValuesFacetCounts#<init>():73 [Interpreted code]
                              at org.apache.lucene.facet.sortedset.SortedSetDocValuesFacetCounts#<init>():63 [Interpreted code]
                              at perf.SearchTask#go():290 [Interpreted code]
                              at perf.UnparsedTask#go():57 [Interpreted code]
                              at perf.TaskThreads$RunTask#call():81 [Interpreted code]
                              at perf.TaskThreads$RunTask#call():64 [Interpreted code]
                              at java.util.concurrent.FutureTask#run():328 [JIT compiled code]
                              at java.util.concurrent.ThreadPoolExecutor#runWorker():1090 [Interpreted code]
                              at java.util.concurrent.ThreadPoolExecutor$Worker#run():614 [Interpreted code]
0.39%         413           org.apache.lucene.facet.sortedset.SortedSetDocValuesFacetCounts#countOneSegmentNHLD():136 [JIT compiled code]
                              at org.apache.lucene.facet.sortedset.SortedSetDocValuesFacetCounts#countAll():322 [Interpreted code]
                              at org.apache.lucene.facet.sortedset.SortedSetDocValuesFacetCounts#<init>():73 [Inlined code]
                              at org.apache.lucene.facet.sortedset.SortedSetDocValuesFacetCounts#<init>():63 [Inlined code]
                              at perf.SearchTask#go():290 [JIT compiled code]
                              at perf.UnparsedTask#go():57 [JIT compiled code]
                              at perf.TaskThreads$RunTask#call():81 [JIT compiled code]
                              at perf.TaskThreads$RunTask#call():64 [JIT compiled code]
                              at java.util.concurrent.FutureTask#run():328 [JIT compiled code]
                              at java.util.concurrent.ThreadPoolExecutor#runWorker():1090 [Interpreted code]
                              at java.util.concurrent.ThreadPoolExecutor$Worker#run():614 [Interpreted code]
                              at java.lang.Thread#runWith():1487 [Interpreted code]
0.38%         399           org.apache.lucene.util.packed.DirectReader$DirectPackedReader12#get():282 [JIT compiled code]
                              at org.apache.lucene.codecs.lucene90.Lucene90DocValuesProducer$25#nextOrd():2324 [Inlined code]
                              at org.apache.lucene.facet.sortedset.SortedSetDocValuesFacetCounts#countOneSegmentNHLD():137 [JIT compiled code]
                              at org.apache.lucene.facet.sortedset.SortedSetDocValuesFacetCounts#countAll():322 [Interpreted code]
                              at org.apache.lucene.facet.sortedset.SortedSetDocValuesFacetCounts#<init>():73 [Inlined code]
                              at org.apache.lucene.facet.sortedset.SortedSetDocValuesFacetCounts#<init>():63 [Inlined code]
                              at perf.SearchTask#go():290 [JIT compiled code]
                              at perf.UnparsedTask#go():57 [JIT compiled code]
                              at perf.TaskThreads$RunTask#call():81 [JIT compiled code]
                              at perf.TaskThreads$RunTask#call():64 [JIT compiled code]
                              at java.util.concurrent.FutureTask#run():328 [JIT compiled code]
                              at java.util.concurrent.ThreadPoolExecutor#runWorker():1090 [Interpreted code]
0.37%         384           org.apache.lucene.facet.taxonomy.FastTaxonomyFacetCounts#countAll():125 [JIT compiled code]
                              at org.apache.lucene.facet.taxonomy.FastTaxonomyFacetCounts#<init>():69 [Interpreted code]
                              at perf.SearchTask#go():282 [Interpreted code]
                              at perf.UnparsedTask#go():57 [Interpreted code]
                              at perf.TaskThreads$RunTask#call():81 [Interpreted code]
                              at perf.TaskThreads$RunTask#call():64 [Interpreted code]
                              at java.util.concurrent.FutureTask#run():328 [JIT compiled code]
                              at java.util.concurrent.ThreadPoolExecutor#runWorker():1090 [Interpreted code]
                              at java.util.concurrent.ThreadPoolExecutor$Worker#run():614 [Interpreted code]
                              at java.lang.Thread#runWith():1487 [Interpreted code]
                              at java.lang.Thread#run():1474 [Interpreted code]
0.36%         375           jdk.internal.foreign.AbstractMemorySegmentImpl#checkBounds():403 [Inlined code]
                              at jdk.internal.foreign.AbstractMemorySegmentImpl#checkAccess():357 [Inlined code]
                              at jdk.internal.foreign.AbstractMemorySegmentImpl#checkEnclosingLayout():362 [Inlined code]
                              at java.lang.invoke.SegmentVarHandle#checkSegment():92 [Inlined code]
                              at java.lang.invoke.VarHandleSegmentAsShorts#get():59 [Inlined code]
                              at java.lang.invoke.VarHandleSegmentAsShorts#get():53 [Inlined code]
                              at java.lang.invoke.VarHandleGuards#guard_LJ_I():251 [Inlined code]
                              at jdk.internal.foreign.AbstractMemorySegmentImpl#get():730 [Inlined code]
                              at org.apache.lucene.store.MemorySegmentIndexInput$SingleSegmentImpl#readShort():797 [Inlined code]
                              at org.apache.lucene.util.packed.DirectReader$DirectPackedReader12#get():282 [Inlined code]
                              at org.apache.lucene.codecs.lucene90.Lucene90DocValuesProducer$25#nextOrd():2324 [Inlined code]
                              at org.apache.lucene.facet.sortedset.SortedSetDocValuesFacetCounts#countOneSegmentNHLD():137 [JIT compiled code]
0.35%         371           org.apache.lucene.facet.sortedset.SortedSetDocValuesFacetCounts#countOneSegmentNHLD():129 [JIT compiled code]
                              at org.apache.lucene.facet.sortedset.SortedSetDocValuesFacetCounts#countAll():322 [Interpreted code]
                              at org.apache.lucene.facet.sortedset.SortedSetDocValuesFacetCounts#<init>():73 [Interpreted code]
                              at org.apache.lucene.facet.sortedset.SortedSetDocValuesFacetCounts#<init>():63 [Interpreted code]
                              at perf.SearchTask#go():290 [Interpreted code]
                              at perf.UnparsedTask#go():57 [JIT compiled code]
                              at perf.TaskThreads$RunTask#call():81 [JIT compiled code]
                              at perf.TaskThreads$RunTask#call():64 [JIT compiled code]
                              at java.util.concurrent.FutureTask#run():328 [JIT compiled code]
                              at java.util.concurrent.ThreadPoolExecutor#runWorker():1090 [Interpreted code]
                              at java.util.concurrent.ThreadPoolExecutor$Worker#run():614 [Interpreted code]
                              at java.lang.Thread#runWith():1487 [Interpreted code]
0.35%         370           org.apache.lucene.util.packed.DirectReader$DirectPackedReader20#get():322 [JIT compiled code]
                              at org.apache.lucene.codecs.lucene90.Lucene90DocValuesProducer$4#longValue():994 [Inlined code]
                              at org.apache.lucene.facet.taxonomy.FastTaxonomyFacetCounts#countAll():138 [JIT compiled code]
                              at org.apache.lucene.facet.taxonomy.FastTaxonomyFacetCounts#<init>():69 [Interpreted code]
                              at perf.SearchTask#go():282 [JIT compiled code]
                              at perf.UnparsedTask#go():57 [JIT compiled code]
                              at perf.TaskThreads$RunTask#call():81 [JIT compiled code]
                              at perf.TaskThreads$RunTask#call():64 [JIT compiled code]
                              at java.util.concurrent.FutureTask#run():328 [JIT compiled code]
                              at java.util.concurrent.ThreadPoolExecutor#runWorker():1090 [Interpreted code]
                              at java.util.concurrent.ThreadPoolExecutor$Worker#run():614 [Interpreted code]
                              at java.lang.Thread#runWith():1487 [Interpreted code]
0.34%         358           jdk.internal.foreign.MemorySessionImpl#checkValidStateRaw():203 [Inlined code]
                              at jdk.internal.misc.ScopedMemoryAccess#getShortUnalignedInternal():1789 [Inlined code]
                              at jdk.internal.misc.ScopedMemoryAccess#getShortUnaligned():1779 [Inlined code]
                              at java.lang.invoke.VarHandleSegmentAsShorts#get():60 [Inlined code]
                              at java.lang.invoke.VarHandleSegmentAsShorts#get():53 [Inlined code]
                              at java.lang.invoke.VarHandleGuards#guard_LJ_I():251 [Inlined code]
                              at jdk.internal.foreign.AbstractMemorySegmentImpl#get():730 [Inlined code]
                              at org.apache.lucene.store.MemorySegmentIndexInput$SingleSegmentImpl#readShort():797 [Inlined code]
                              at org.apache.lucene.util.packed.DirectReader$DirectPackedReader12#get():282 [Inlined code]
                              at org.apache.lucene.codecs.lucene90.Lucene90DocValuesProducer$25#nextOrd():2324 [Inlined code]
                              at org.apache.lucene.facet.sortedset.SortedSetDocValuesFacetCounts#countOneSegmentNHLD():137 [JIT compiled code]
                              at org.apache.lucene.facet.sortedset.SortedSetDocValuesFacetCounts#countAll():322 [Interpreted code]
0.34%         353           org.apache.lucene.util.packed.DirectReader$DirectPackedReader12#get():282 [Inlined code]
                              at org.apache.lucene.codecs.lucene90.Lucene90DocValuesProducer$25#nextOrd():2324 [Inlined code]
                              at org.apache.lucene.facet.sortedset.SortedSetDocValuesFacetCounts#countOneSegmentNHLD():137 [JIT compiled code]
                              at org.apache.lucene.facet.sortedset.SortedSetDocValuesFacetCounts#countAll():322 [Interpreted code]
                              at org.apache.lucene.facet.sortedset.SortedSetDocValuesFacetCounts#<init>():73 [Interpreted code]
                              at org.apache.lucene.facet.sortedset.SortedSetDocValuesFacetCounts#<init>():63 [Interpreted code]
                              at perf.SearchTask#go():290 [Interpreted code]
                              at perf.UnparsedTask#go():57 [Interpreted code]
                              at perf.TaskThreads$RunTask#call():81 [Interpreted code]
                              at perf.TaskThreads$RunTask#call():64 [Interpreted code]
                              at java.util.concurrent.FutureTask#run():328 [JIT compiled code]
                              at java.util.concurrent.ThreadPoolExecutor#runWorker():1090 [Interpreted code]
0.33%         342           org.apache.lucene.util.packed.DirectMonotonicReader#get():138 [Inlined code]
                              at org.apache.lucene.codecs.lucene90.Lucene90DocValuesProducer$25#advance():2356 [Inlined code]
                              at org.apache.lucene.codecs.lucene90.Lucene90DocValuesProducer$25#nextDoc():2348 [Inlined code]
                              at org.apache.lucene.facet.sortedset.SortedSetDocValuesFacetCounts#countOneSegmentNHLD():135 [JIT compiled code]
                              at org.apache.lucene.facet.sortedset.SortedSetDocValuesFacetCounts#countAll():322 [Interpreted code]
                              at org.apache.lucene.facet.sortedset.SortedSetDocValuesFacetCounts#<init>():73 [Inlined code]
                              at org.apache.lucene.facet.sortedset.SortedSetDocValuesFacetCounts#<init>():63 [Inlined code]
                              at perf.SearchTask#go():290 [JIT compiled code]
                              at perf.UnparsedTask#go():57 [JIT compiled code]
                              at perf.TaskThreads$RunTask#call():81 [JIT compiled code]
                              at perf.TaskThreads$RunTask#call():64 [JIT compiled code]
                              at java.util.concurrent.FutureTask#run():328 [JIT compiled code]
0.32%         332           org.apache.lucene.facet.taxonomy.FastTaxonomyFacetCounts#countAll():125 [JIT compiled code]
                              at org.apache.lucene.facet.taxonomy.FastTaxonomyFacetCounts#<init>():69 [Interpreted code]
                              at perf.SearchTask#go():282 [Interpreted code]
                              at perf.UnparsedTask#go():57 [JIT compiled code]
                              at perf.TaskThreads$RunTask#call():81 [JIT compiled code]
                              at perf.TaskThreads$RunTask#call():64 [JIT compiled code]
                              at java.util.concurrent.FutureTask#run():328 [JIT compiled code]
                              at java.util.concurrent.ThreadPoolExecutor#runWorker():1090 [Interpreted code]
                              at java.util.concurrent.ThreadPoolExecutor$Worker#run():614 [Interpreted code]
                              at java.lang.Thread#runWith():1487 [Interpreted code]
                              at java.lang.Thread#run():1474 [Interpreted code]
0.30%         313           org.apache.lucene.util.packed.DirectReader$DirectPackedReader12#get():282 [JIT compiled code]
                              at org.apache.lucene.codecs.lucene90.Lucene90DocValuesProducer$20#ordValue():1501 [Inlined code]
                              at org.apache.lucene.facet.sortedset.SortedSetDocValuesFacetCounts#countOneSegmentNHLD():130 [JIT compiled code]
                              at org.apache.lucene.facet.sortedset.SortedSetDocValuesFacetCounts#countAll():322 [Interpreted code]
                              at org.apache.lucene.facet.sortedset.SortedSetDocValuesFacetCounts#<init>():73 [Inlined code]
                              at org.apache.lucene.facet.sortedset.SortedSetDocValuesFacetCounts#<init>():63 [Inlined code]
                              at perf.SearchTask#go():290 [JIT compiled code]
                              at perf.UnparsedTask#go():57 [JIT compiled code]
                              at perf.TaskThreads$RunTask#call():81 [JIT compiled code]
                              at perf.TaskThreads$RunTask#call():64 [JIT compiled code]
                              at java.util.concurrent.FutureTask#run():328 [JIT compiled code]
                              at java.util.concurrent.ThreadPoolExecutor#runWorker():1090 [Interpreted code]
0.29%         306           org.apache.lucene.util.packed.DirectReader$DirectPackedReader20#get():322 [Inlined code]
                              at org.apache.lucene.codecs.lucene90.Lucene90DocValuesProducer$4#longValue():994 [Inlined code]
                              at org.apache.lucene.facet.taxonomy.FastTaxonomyFacetCounts#countAll():138 [JIT compiled code]
                              at org.apache.lucene.facet.taxonomy.FastTaxonomyFacetCounts#<init>():69 [Interpreted code]
                              at perf.SearchTask#go():282 [JIT compiled code]
                              at perf.UnparsedTask#go():57 [JIT compiled code]
                              at perf.TaskThreads$RunTask#call():81 [JIT compiled code]
                              at perf.TaskThreads$RunTask#call():64 [JIT compiled code]
                              at java.util.concurrent.FutureTask#run():328 [JIT compiled code]
                              at java.util.concurrent.ThreadPoolExecutor#runWorker():1090 [Interpreted code]
                              at java.util.concurrent.ThreadPoolExecutor$Worker#run():614 [Interpreted code]
                              at java.lang.Thread#runWith():1487 [Interpreted code]
0.28%         290           org.apache.lucene.codecs.lucene90.Lucene90DocValuesProducer$DenseNumericDocValues#nextDoc():800 [Inlined code]
                              at org.apache.lucene.facet.taxonomy.FastTaxonomyFacetCounts#countAll():137 [JIT compiled code]
                              at org.apache.lucene.facet.taxonomy.FastTaxonomyFacetCounts#<init>():69 [Interpreted code]
                              at perf.SearchTask#go():282 [JIT compiled code]
                              at perf.UnparsedTask#go():57 [JIT compiled code]
                              at perf.TaskThreads$RunTask#call():81 [JIT compiled code]
                              at perf.TaskThreads$RunTask#call():64 [JIT compiled code]
                              at java.util.concurrent.FutureTask#run():328 [JIT compiled code]
                              at java.util.concurrent.ThreadPoolExecutor#runWorker():1090 [Interpreted code]
                              at java.util.concurrent.ThreadPoolExecutor$Worker#run():614 [Interpreted code]
                              at java.lang.Thread#runWith():1487 [Interpreted code]
                              at java.lang.Thread#run():1474 [Interpreted code]


CPU merged search profile for armA:
JFR aggregation command: /home/goankur/jdk/corretto-25/bin/java -server -Xms2g -Xmx2g --add-modules jdk.incubator.vector -XX:+HeapDumpOnOutOfMemoryError -XX:+UseParallelGC -cp /home/goankur/vsearch/bo/lucene-A/build-tools/build-infra/build/classes/java/main -Dtests.profile.mode=cpu -Dtests.profile.stacksize=12 -Dtests.profile.count=30 -Dtests.profile.linenumbers=true org.apache.lucene.gradle.plugins.java.ProfileResults /home/goankur/vsearch/logs/bench-search-FAA-armA-19.jfr /home/goankur/vsearch/logs/bench-search-FAA-armA-18.jfr /home/goankur/vsearch/logs/bench-search-FAA-armA-0.jfr /home/goankur/vsearch/logs/bench-search-FAA-armA-1.jfr /home/goankur/vsearch/logs/bench-search-FAA-armA-2.jfr /home/goankur/vsearch/logs/bench-search-FAA-armA-3.jfr /home/goankur/vsearch/logs/bench-search-FAA-armA-4.jfr /home/goankur/vsearch/logs/bench-search-FAA-armA-5.jfr /home/goankur/vsearch/logs/bench-search-FAA-armA-6.jfr /home/goankur/vsearch/logs/bench-search-FAA-armA-7.jfr /home/goankur/vsearch/logs/bench-search-FAA-armA-8.jfr /home/goankur/vsearch/logs/bench-search-FAA-armA-9.jfr /home/goankur/vsearch/logs/bench-search-FAA-armA-10.jfr /home/goankur/vsearch/logs/bench-search-FAA-armA-11.jfr /home/goankur/vsearch/logs/bench-search-FAA-armA-12.jfr /home/goankur/vsearch/logs/bench-search-FAA-armA-13.jfr /home/goankur/vsearch/logs/bench-search-FAA-armA-14.jfr /home/goankur/vsearch/logs/bench-search-FAA-armA-15.jfr /home/goankur/vsearch/logs/bench-search-FAA-armA-16.jfr /home/goankur/vsearch/logs/bench-search-FAA-armA-17.jfr
Took 2.02 seconds
WARNING: Using incubator modules: jdk.incubator.vector
PROFILE SUMMARY from 106291 events (total: 106291)
  tests.profile.mode=cpu
  tests.profile.count=30
  tests.profile.stacksize=12
  tests.profile.linenumbers=true
PERCENT       CPU SAMPLES   STACK
1.85%         1963          org.apache.lucene.facet.taxonomy.FastTaxonomyFacetCounts#countAll():125 [JIT compiled code]
                              at org.apache.lucene.facet.taxonomy.FastTaxonomyFacetCounts#<init>():69 [Interpreted code]
                              at perf.SearchTask#go():282 [JIT compiled code]
                              at perf.UnparsedTask#go():57 [JIT compiled code]
                              at perf.TaskThreads$RunTask#call():81 [JIT compiled code]
                              at perf.TaskThreads$RunTask#call():64 [JIT compiled code]
                              at java.util.concurrent.FutureTask#run():328 [JIT compiled code]
                              at java.util.concurrent.ThreadPoolExecutor#runWorker():1090 [Interpreted code]
                              at java.util.concurrent.ThreadPoolExecutor$Worker#run():614 [Interpreted code]
                              at java.lang.Thread#runWith():1487 [Interpreted code]
                              at java.lang.Thread#run():1474 [Interpreted code]
1.58%         1679          org.apache.lucene.facet.sortedset.SortedSetDocValuesFacetCounts#countOneSegmentNHLD():129 [JIT compiled code]
                              at org.apache.lucene.facet.sortedset.SortedSetDocValuesFacetCounts#countAll():322 [Interpreted code]
                              at org.apache.lucene.facet.sortedset.SortedSetDocValuesFacetCounts#<init>():73 [Inlined code]
                              at org.apache.lucene.facet.sortedset.SortedSetDocValuesFacetCounts#<init>():63 [Inlined code]
                              at perf.SearchTask#go():290 [JIT compiled code]
                              at perf.UnparsedTask#go():57 [JIT compiled code]
                              at perf.TaskThreads$RunTask#call():81 [JIT compiled code]
                              at perf.TaskThreads$RunTask#call():64 [JIT compiled code]
                              at java.util.concurrent.FutureTask#run():328 [JIT compiled code]
                              at java.util.concurrent.ThreadPoolExecutor#runWorker():1090 [Interpreted code]
                              at java.util.concurrent.ThreadPoolExecutor$Worker#run():614 [Interpreted code]
                              at java.lang.Thread#runWith():1487 [Interpreted code]
0.96%         1017          jdk.internal.foreign.MemorySessionImpl#checkValidStateRaw():200 [Inlined code]
                              at jdk.internal.misc.ScopedMemoryAccess#getByteInternal():1098 [Inlined code]
                              at jdk.internal.misc.ScopedMemoryAccess#getByte():1088 [Inlined code]
                              at java.lang.invoke.VarHandleSegmentAsBytes#get():56 [Inlined code]
                              at java.lang.invoke.VarHandleSegmentAsBytes#get():49 [Inlined code]
                              at java.lang.invoke.VarHandleGuards#guard_LJ_I():251 [Inlined code]
                              at jdk.internal.foreign.AbstractMemorySegmentImpl#get():694 [Inlined code]
                              at org.apache.lucene.store.MemorySegmentIndexInput$SingleSegmentImpl#readByte():775 [Inlined code]
                              at org.apache.lucene.util.packed.DirectReader$DirectPackedReader4#get():242 [Inlined code]
                              at org.apache.lucene.codecs.lucene90.Lucene90DocValuesProducer$20#ordValue():1501 [Inlined code]
                              at org.apache.lucene.facet.sortedset.SortedSetDocValuesFacetCounts#countOneSegmentNHLD():130 [JIT compiled code]
                              at org.apache.lucene.facet.sortedset.SortedSetDocValuesFacetCounts#countAll():322 [Interpreted code]
0.85%         907           org.apache.lucene.codecs.lucene90.Lucene90DocValuesProducer$20#ordValue():1501 [Inlined code]
                              at org.apache.lucene.facet.sortedset.SortedSetDocValuesFacetCounts#countOneSegmentNHLD():130 [JIT compiled code]
                              at org.apache.lucene.facet.sortedset.SortedSetDocValuesFacetCounts#countAll():322 [Interpreted code]
                              at org.apache.lucene.facet.sortedset.SortedSetDocValuesFacetCounts#<init>():73 [Inlined code]
                              at org.apache.lucene.facet.sortedset.SortedSetDocValuesFacetCounts#<init>():63 [Inlined code]
                              at perf.SearchTask#go():290 [JIT compiled code]
                              at perf.UnparsedTask#go():57 [JIT compiled code]
                              at perf.TaskThreads$RunTask#call():81 [JIT compiled code]
                              at perf.TaskThreads$RunTask#call():64 [JIT compiled code]
                              at java.util.concurrent.FutureTask#run():328 [JIT compiled code]
                              at java.util.concurrent.ThreadPoolExecutor#runWorker():1090 [Interpreted code]
                              at java.util.concurrent.ThreadPoolExecutor$Worker#run():614 [Interpreted code]
0.68%         725           org.apache.lucene.util.packed.DirectReader$DirectPackedReader12#get():282 [Inlined code]
                              at org.apache.lucene.codecs.lucene90.Lucene90DocValuesProducer$25#nextOrd():2324 [Inlined code]
                              at org.apache.lucene.facet.sortedset.SortedSetDocValuesFacetCounts#countOneSegmentNHLD():137 [JIT compiled code]
                              at org.apache.lucene.facet.sortedset.SortedSetDocValuesFacetCounts#countAll():322 [Interpreted code]
                              at org.apache.lucene.facet.sortedset.SortedSetDocValuesFacetCounts#<init>():73 [Inlined code]
                              at org.apache.lucene.facet.sortedset.SortedSetDocValuesFacetCounts#<init>():63 [Inlined code]
                              at perf.SearchTask#go():290 [JIT compiled code]
                              at perf.UnparsedTask#go():57 [JIT compiled code]
                              at perf.TaskThreads$RunTask#call():81 [JIT compiled code]
                              at perf.TaskThreads$RunTask#call():64 [JIT compiled code]
                              at java.util.concurrent.FutureTask#run():328 [JIT compiled code]
                              at java.util.concurrent.ThreadPoolExecutor#runWorker():1090 [Interpreted code]
0.64%         680           org.apache.lucene.facet.sortedset.SortedSetDocValuesFacetCounts#countOneSegmentNHLD():129 [JIT compiled code]
                              at org.apache.lucene.facet.sortedset.SortedSetDocValuesFacetCounts#countAll():322 [Interpreted code]
                              at org.apache.lucene.facet.sortedset.SortedSetDocValuesFacetCounts#<init>():73 [Interpreted code]
                              at org.apache.lucene.facet.sortedset.SortedSetDocValuesFacetCounts#<init>():63 [Interpreted code]
                              at perf.SearchTask#go():290 [Interpreted code]
                              at perf.UnparsedTask#go():57 [Interpreted code]
                              at perf.TaskThreads$RunTask#call():81 [Interpreted code]
                              at perf.TaskThreads$RunTask#call():64 [Interpreted code]
                              at java.util.concurrent.FutureTask#run():328 [JIT compiled code]
                              at java.util.concurrent.ThreadPoolExecutor#runWorker():1090 [Interpreted code]
                              at java.util.concurrent.ThreadPoolExecutor$Worker#run():614 [Interpreted code]
                              at java.lang.Thread#runWith():1487 [Interpreted code]
0.62%         658           org.apache.lucene.util.packed.DirectReader$DirectPackedReader12#get():282 [JIT compiled code]
                              at org.apache.lucene.codecs.lucene90.Lucene90DocValuesProducer$25#nextOrd():2324 [Inlined code]
                              at org.apache.lucene.facet.sortedset.SortedSetDocValuesFacetCounts#countOneSegmentNHLD():137 [JIT compiled code]
                              at org.apache.lucene.facet.sortedset.SortedSetDocValuesFacetCounts#countAll():322 [Interpreted code]
                              at org.apache.lucene.facet.sortedset.SortedSetDocValuesFacetCounts#<init>():73 [Inlined code]
                              at org.apache.lucene.facet.sortedset.SortedSetDocValuesFacetCounts#<init>():63 [Inlined code]
                              at perf.SearchTask#go():290 [JIT compiled code]
                              at perf.UnparsedTask#go():57 [JIT compiled code]
                              at perf.TaskThreads$RunTask#call():81 [JIT compiled code]
                              at perf.TaskThreads$RunTask#call():64 [JIT compiled code]
                              at java.util.concurrent.FutureTask#run():328 [JIT compiled code]
                              at java.util.concurrent.ThreadPoolExecutor#runWorker():1090 [Interpreted code]
0.59%         627           jdk.internal.foreign.MemorySessionImpl#checkValidStateRaw():200 [Inlined code]
                              at jdk.internal.misc.ScopedMemoryAccess#getShortUnalignedInternal():1789 [Inlined code]
                              at jdk.internal.misc.ScopedMemoryAccess#getShortUnaligned():1779 [Inlined code]
                              at java.lang.invoke.VarHandleSegmentAsShorts#get():60 [Inlined code]
                              at java.lang.invoke.VarHandleSegmentAsShorts#get():53 [Inlined code]
                              at java.lang.invoke.VarHandleGuards#guard_LJ_I():251 [Inlined code]
                              at jdk.internal.foreign.AbstractMemorySegmentImpl#get():730 [Inlined code]
                              at org.apache.lucene.store.MemorySegmentIndexInput$SingleSegmentImpl#readShort():797 [Inlined code]
                              at org.apache.lucene.util.packed.DirectReader$DirectPackedReader12#get():282 [Inlined code]
                              at org.apache.lucene.codecs.lucene90.Lucene90DocValuesProducer$20#ordValue():1501 [Inlined code]
                              at org.apache.lucene.facet.sortedset.SortedSetDocValuesFacetCounts#countOneSegmentNHLD():130 [JIT compiled code]
                              at org.apache.lucene.facet.sortedset.SortedSetDocValuesFacetCounts#countAll():322 [Interpreted code]
0.57%         604           jdk.incubator.vector.Int256Vector$Int256Mask#trueCount():736 [Inlined code]
                              at org.apache.lucene.internal.vectorization.PanamaVectorUtilSupport#findNextGEQ():1190 [Inlined code]
                              at org.apache.lucene.util.VectorUtil#findNextGEQ():556 [Inlined code]
                              at org.apache.lucene.codecs.lucene104.Lucene104PostingsReader$BlockPostingsEnum#advance():936 [Inlined code]
                              at org.apache.lucene.search.WANDScorer#advanceTail():419 [Inlined code]
                              at org.apache.lucene.search.WANDScorer#advanceTail():433 [Inlined code]
                              at org.apache.lucene.search.WANDScorer$2#matches():349 [JIT compiled code]
                              at org.apache.lucene.search.Weight$DefaultBulkScorer#scoreTwoPhaseIterator():311 [JIT compiled code]
                              at org.apache.lucene.search.Weight$DefaultBulkScorer#score():282 [JIT compiled code]
                              at org.apache.lucene.search.IndexSearcher#searchLeaf():852 [Inlined code]
                              at org.apache.lucene.search.IndexSearcher#search():814 [Inlined code]
                              at org.apache.lucene.search.IndexSearcher#lambda$search$0():784 [Inlined code]
0.54%         579           jdk.internal.foreign.MemorySessionImpl#checkValidStateRaw():200 [Inlined code]
                              at jdk.internal.misc.ScopedMemoryAccess#getShortUnalignedInternal():1789 [Inlined code]
                              at jdk.internal.misc.ScopedMemoryAccess#getShortUnaligned():1779 [Inlined code]
                              at java.lang.invoke.VarHandleSegmentAsShorts#get():60 [Inlined code]
                              at java.lang.invoke.VarHandleSegmentAsShorts#get():53 [Inlined code]
                              at java.lang.invoke.VarHandleGuards#guard_LJ_I():251 [Inlined code]
                              at jdk.internal.foreign.AbstractMemorySegmentImpl#get():730 [Inlined code]
                              at org.apache.lucene.store.MemorySegmentIndexInput$SingleSegmentImpl#readShort():797 [Inlined code]
                              at org.apache.lucene.util.packed.DirectReader$DirectPackedReader12#get():282 [Inlined code]
                              at org.apache.lucene.codecs.lucene90.Lucene90DocValuesProducer$25#nextOrd():2324 [Inlined code]
                              at org.apache.lucene.facet.sortedset.SortedSetDocValuesFacetCounts#countOneSegmentNHLD():137 [JIT compiled code]
                              at org.apache.lucene.facet.sortedset.SortedSetDocValuesFacetCounts#countAll():322 [Interpreted code]
0.53%         561           org.apache.lucene.codecs.lucene90.Lucene90DocValuesProducer$25#nextOrd():2324 [Inlined code]
                              at org.apache.lucene.facet.sortedset.SortedSetDocValuesFacetCounts#countOneSegmentNHLD():137 [JIT compiled code]
                              at org.apache.lucene.facet.sortedset.SortedSetDocValuesFacetCounts#countAll():322 [Interpreted code]
                              at org.apache.lucene.facet.sortedset.SortedSetDocValuesFacetCounts#<init>():73 [Inlined code]
                              at org.apache.lucene.facet.sortedset.SortedSetDocValuesFacetCounts#<init>():63 [Inlined code]
                              at perf.SearchTask#go():290 [JIT compiled code]
                              at perf.UnparsedTask#go():57 [JIT compiled code]
                              at perf.TaskThreads$RunTask#call():81 [JIT compiled code]
                              at perf.TaskThreads$RunTask#call():64 [JIT compiled code]
                              at java.util.concurrent.FutureTask#run():328 [JIT compiled code]
                              at java.util.concurrent.ThreadPoolExecutor#runWorker():1090 [Interpreted code]
                              at java.util.concurrent.ThreadPoolExecutor$Worker#run():614 [Interpreted code]
0.52%         557           jdk.incubator.vector.Int256Vector$Int256Mask#trueCount():736 [Inlined code]
                              at org.apache.lucene.internal.vectorization.PanamaVectorUtilSupport#findNextGEQ():1190 [Inlined code]
                              at org.apache.lucene.util.VectorUtil#findNextGEQ():556 [Inlined code]
                              at org.apache.lucene.codecs.lucene104.Lucene104PostingsReader$BlockPostingsEnum#advance():936 [Inlined code]
                              at org.apache.lucene.search.WANDScorer#advanceTail():419 [Inlined code]
                              at org.apache.lucene.search.WANDScorer#advanceTail():433 [Inlined code]
                              at org.apache.lucene.search.WANDScorer$2#matches():349 [JIT compiled code]
                              at org.apache.lucene.search.Weight$DefaultBulkScorer#scoreTwoPhaseIterator():311 [JIT compiled code]
                              at org.apache.lucene.search.Weight$DefaultBulkScorer#score():282 [JIT compiled code]
                              at org.apache.lucene.search.IndexSearcher#searchLeaf():852 [JIT compiled code]
                              at org.apache.lucene.search.IndexSearcher#search():814 [JIT compiled code]
                              at org.apache.lucene.search.IndexSearcher#lambda$search$0():784 [Inlined code]
0.51%         547           org.apache.lucene.codecs.lucene90.Lucene90DocValuesProducer$4#longValue():994 [Inlined code]
                              at org.apache.lucene.facet.taxonomy.FastTaxonomyFacetCounts#countAll():138 [JIT compiled code]
                              at org.apache.lucene.facet.taxonomy.FastTaxonomyFacetCounts#<init>():69 [Interpreted code]
                              at perf.SearchTask#go():282 [JIT compiled code]
                              at perf.UnparsedTask#go():57 [JIT compiled code]
                              at perf.TaskThreads$RunTask#call():81 [JIT compiled code]
                              at perf.TaskThreads$RunTask#call():64 [JIT compiled code]
                              at java.util.concurrent.FutureTask#run():328 [JIT compiled code]
                              at java.util.concurrent.ThreadPoolExecutor#runWorker():1090 [Interpreted code]
                              at java.util.concurrent.ThreadPoolExecutor$Worker#run():614 [Interpreted code]
                              at java.lang.Thread#runWith():1487 [Interpreted code]
                              at java.lang.Thread#run():1474 [Interpreted code]
0.50%         528           jdk.internal.foreign.MemorySessionImpl#checkValidStateRaw():200 [Inlined code]
                              at jdk.internal.misc.ScopedMemoryAccess#getIntUnalignedInternal():3169 [Inlined code]
                              at jdk.internal.misc.ScopedMemoryAccess#getIntUnaligned():3159 [Inlined code]
                              at java.lang.invoke.VarHandleSegmentAsInts#get():60 [Inlined code]
                              at java.lang.invoke.VarHandleSegmentAsInts#get():53 [Inlined code]
                              at java.lang.invoke.VarHandleGuards#guard_LJ_I():251 [Inlined code]
                              at jdk.internal.foreign.AbstractMemorySegmentImpl#get():742 [Inlined code]
                              at org.apache.lucene.store.MemorySegmentIndexInput$SingleSegmentImpl#readInt():808 [Inlined code]
                              at org.apache.lucene.util.packed.DirectReader$DirectPackedReader20#get():322 [Inlined code]
                              at org.apache.lucene.codecs.lucene90.Lucene90DocValuesProducer$4#longValue():994 [Inlined code]
                              at org.apache.lucene.facet.taxonomy.FastTaxonomyFacetCounts#countAll():138 [JIT compiled code]
                              at org.apache.lucene.facet.taxonomy.FastTaxonomyFacetCounts#<init>():69 [Interpreted code]
0.48%         509           org.apache.lucene.codecs.lucene90.Lucene90DocValuesProducer$25#advance():2358 [Inlined code]
                              at org.apache.lucene.codecs.lucene90.Lucene90DocValuesProducer$25#nextDoc():2348 [Inlined code]
                              at org.apache.lucene.facet.sortedset.SortedSetDocValuesFacetCounts#countOneSegmentNHLD():135 [JIT compiled code]
                              at org.apache.lucene.facet.sortedset.SortedSetDocValuesFacetCounts#countAll():322 [Interpreted code]
                              at org.apache.lucene.facet.sortedset.SortedSetDocValuesFacetCounts#<init>():73 [Inlined code]
                              at org.apache.lucene.facet.sortedset.SortedSetDocValuesFacetCounts#<init>():63 [Inlined code]
                              at perf.SearchTask#go():290 [JIT compiled code]
                              at perf.UnparsedTask#go():57 [JIT compiled code]
                              at perf.TaskThreads$RunTask#call():81 [JIT compiled code]
                              at perf.TaskThreads$RunTask#call():64 [JIT compiled code]
                              at java.util.concurrent.FutureTask#run():328 [JIT compiled code]
                              at java.util.concurrent.ThreadPoolExecutor#runWorker():1090 [Interpreted code]
0.44%         463           org.apache.lucene.codecs.lucene90.Lucene90DocValuesProducer$25#advance():2356 [Inlined code]
                              at org.apache.lucene.codecs.lucene90.Lucene90DocValuesProducer$25#nextDoc():2348 [Inlined code]
                              at org.apache.lucene.facet.sortedset.SortedSetDocValuesFacetCounts#countOneSegmentNHLD():135 [JIT compiled code]
                              at org.apache.lucene.facet.sortedset.SortedSetDocValuesFacetCounts#countAll():322 [Interpreted code]
                              at org.apache.lucene.facet.sortedset.SortedSetDocValuesFacetCounts#<init>():73 [Inlined code]
                              at org.apache.lucene.facet.sortedset.SortedSetDocValuesFacetCounts#<init>():63 [Inlined code]
                              at perf.SearchTask#go():290 [JIT compiled code]
                              at perf.UnparsedTask#go():57 [JIT compiled code]
                              at perf.TaskThreads$RunTask#call():81 [JIT compiled code]
                              at perf.TaskThreads$RunTask#call():64 [JIT compiled code]
                              at java.util.concurrent.FutureTask#run():328 [JIT compiled code]
                              at java.util.concurrent.ThreadPoolExecutor#runWorker():1090 [Interpreted code]
0.43%         461           java.io.FileOutputStream#writeBytes() [Native code]
                              at java.io.FileOutputStream#traceWriteBytes():311 [Inlined code]
                              at java.io.FileOutputStream#write():349 [Inlined code]
                              at java.io.PrintStream#write():539 [Inlined code]
                              at sun.nio.cs.StreamEncoder#writeBytes():220 [Inlined code]
                              at sun.nio.cs.StreamEncoder#implFlushBuffer():315 [Inlined code]
                              at sun.nio.cs.StreamEncoder#flushBuffer():101 [Inlined code]
                              at java.io.OutputStreamWriter#flushBuffer():179 [Inlined code]
                              at java.io.PrintStream#writeln():690 [Inlined code]
                              at java.io.PrintStream#println():1004 [JIT compiled code]
                              at perf.SearchTask#printResults():776 [JIT compiled code]
                              at perf.UnparsedTask#printResults():85 [JIT compiled code]
0.43%         455           org.apache.lucene.util.packed.DirectReader$DirectPackedReader20#get():322 [Inlined code]
                              at org.apache.lucene.codecs.lucene90.Lucene90DocValuesProducer$4#longValue():994 [Inlined code]
                              at org.apache.lucene.facet.taxonomy.FastTaxonomyFacetCounts#countAll():138 [JIT compiled code]
                              at org.apache.lucene.facet.taxonomy.FastTaxonomyFacetCounts#<init>():69 [Interpreted code]
                              at perf.SearchTask#go():282 [JIT compiled code]
                              at perf.UnparsedTask#go():57 [JIT compiled code]
                              at perf.TaskThreads$RunTask#call():81 [JIT compiled code]
                              at perf.TaskThreads$RunTask#call():64 [JIT compiled code]
                              at java.util.concurrent.FutureTask#run():328 [JIT compiled code]
                              at java.util.concurrent.ThreadPoolExecutor#runWorker():1090 [Interpreted code]
                              at java.util.concurrent.ThreadPoolExecutor$Worker#run():614 [Interpreted code]
                              at java.lang.Thread#runWith():1487 [Interpreted code]
0.41%         436           org.apache.lucene.facet.taxonomy.FastTaxonomyFacetCounts#countAll():125 [JIT compiled code]
                              at org.apache.lucene.facet.taxonomy.FastTaxonomyFacetCounts#<init>():69 [Interpreted code]
                              at perf.SearchTask#go():282 [Interpreted code]
                              at perf.UnparsedTask#go():57 [Interpreted code]
                              at perf.TaskThreads$RunTask#call():81 [Interpreted code]
                              at perf.TaskThreads$RunTask#call():64 [Interpreted code]
                              at java.util.concurrent.FutureTask#run():328 [JIT compiled code]
                              at java.util.concurrent.ThreadPoolExecutor#runWorker():1090 [Interpreted code]
                              at java.util.concurrent.ThreadPoolExecutor$Worker#run():614 [Interpreted code]
                              at java.lang.Thread#runWith():1487 [Interpreted code]
                              at java.lang.Thread#run():1474 [Interpreted code]
0.38%         403           org.apache.lucene.facet.sortedset.SortedSetDocValuesFacetCounts#countOneSegmentNHLD():136 [JIT compiled code]
                              at org.apache.lucene.facet.sortedset.SortedSetDocValuesFacetCounts#countAll():322 [Interpreted code]
                              at org.apache.lucene.facet.sortedset.SortedSetDocValuesFacetCounts#<init>():73 [Inlined code]
                              at org.apache.lucene.facet.sortedset.SortedSetDocValuesFacetCounts#<init>():63 [Inlined code]
                              at perf.SearchTask#go():290 [JIT compiled code]
                              at perf.UnparsedTask#go():57 [JIT compiled code]
                              at perf.TaskThreads$RunTask#call():81 [JIT compiled code]
                              at perf.TaskThreads$RunTask#call():64 [JIT compiled code]
                              at java.util.concurrent.FutureTask#run():328 [JIT compiled code]
                              at java.util.concurrent.ThreadPoolExecutor#runWorker():1090 [Interpreted code]
                              at java.util.concurrent.ThreadPoolExecutor$Worker#run():614 [Interpreted code]
                              at java.lang.Thread#runWith():1487 [Interpreted code]
0.37%         389           org.apache.lucene.util.packed.DirectReader$DirectPackedReader20#get():322 [JIT compiled code]
                              at org.apache.lucene.codecs.lucene90.Lucene90DocValuesProducer$4#longValue():994 [Inlined code]
                              at org.apache.lucene.facet.taxonomy.FastTaxonomyFacetCounts#countAll():138 [JIT compiled code]
                              at org.apache.lucene.facet.taxonomy.FastTaxonomyFacetCounts#<init>():69 [Interpreted code]
                              at perf.SearchTask#go():282 [JIT compiled code]
                              at perf.UnparsedTask#go():57 [JIT compiled code]
                              at perf.TaskThreads$RunTask#call():81 [JIT compiled code]
                              at perf.TaskThreads$RunTask#call():64 [JIT compiled code]
                              at java.util.concurrent.FutureTask#run():328 [JIT compiled code]
                              at java.util.concurrent.ThreadPoolExecutor#runWorker():1090 [Interpreted code]
                              at java.util.concurrent.ThreadPoolExecutor$Worker#run():614 [Interpreted code]
                              at java.lang.Thread#runWith():1487 [Interpreted code]
0.37%         388           jdk.internal.foreign.MemorySessionImpl#checkValidStateRaw():200 [Inlined code]
                              at jdk.internal.misc.ScopedMemoryAccess#getShortUnalignedInternal():1789 [Inlined code]
                              at jdk.internal.misc.ScopedMemoryAccess#getShortUnaligned():1779 [Inlined code]
                              at java.lang.invoke.VarHandleSegmentAsShorts#get():60 [Inlined code]
                              at java.lang.invoke.VarHandleSegmentAsShorts#get():53 [Inlined code]
                              at java.lang.invoke.VarHandleGuards#guard_LJ_I():251 [Inlined code]
                              at jdk.internal.foreign.AbstractMemorySegmentImpl#get():730 [Inlined code]
                              at org.apache.lucene.store.MemorySegmentIndexInput$SingleSegmentImpl#readShort():797 [Inlined code]
                              at org.apache.lucene.util.packed.DirectReader$DirectPackedReader12#get():282 [JIT compiled code]
                              at org.apache.lucene.codecs.lucene90.Lucene90DocValuesProducer$25#nextOrd():2324 [Inlined code]
                              at org.apache.lucene.facet.sortedset.SortedSetDocValuesFacetCounts#countOneSegmentNHLD():137 [JIT compiled code]
                              at org.apache.lucene.facet.sortedset.SortedSetDocValuesFacetCounts#countAll():322 [Interpreted code]
0.36%         378           org.apache.lucene.codecs.lucene90.Lucene90DocValuesProducer$20#ordValue():1501 [Inlined code]
                              at org.apache.lucene.facet.sortedset.SortedSetDocValuesFacetCounts#countOneSegmentNHLD():130 [JIT compiled code]
                              at org.apache.lucene.facet.sortedset.SortedSetDocValuesFacetCounts#countAll():322 [Interpreted code]
                              at org.apache.lucene.facet.sortedset.SortedSetDocValuesFacetCounts#<init>():73 [Interpreted code]
                              at org.apache.lucene.facet.sortedset.SortedSetDocValuesFacetCounts#<init>():63 [Interpreted code]
                              at perf.SearchTask#go():290 [Interpreted code]
                              at perf.UnparsedTask#go():57 [Interpreted code]
                              at perf.TaskThreads$RunTask#call():81 [Interpreted code]
                              at perf.TaskThreads$RunTask#call():64 [Interpreted code]
                              at java.util.concurrent.FutureTask#run():328 [JIT compiled code]
                              at java.util.concurrent.ThreadPoolExecutor#runWorker():1090 [Interpreted code]
                              at java.util.concurrent.ThreadPoolExecutor$Worker#run():614 [Interpreted code]
0.35%         373           org.apache.lucene.codecs.lucene90.Lucene90DocValuesProducer$25#advance():2357 [Inlined code]
                              at org.apache.lucene.codecs.lucene90.Lucene90DocValuesProducer$25#nextDoc():2348 [Inlined code]
                              at org.apache.lucene.facet.sortedset.SortedSetDocValuesFacetCounts#countOneSegmentNHLD():135 [JIT compiled code]
                              at org.apache.lucene.facet.sortedset.SortedSetDocValuesFacetCounts#countAll():322 [Interpreted code]
                              at org.apache.lucene.facet.sortedset.SortedSetDocValuesFacetCounts#<init>():73 [Inlined code]
                              at org.apache.lucene.facet.sortedset.SortedSetDocValuesFacetCounts#<init>():63 [Inlined code]
                              at perf.SearchTask#go():290 [JIT compiled code]
                              at perf.UnparsedTask#go():57 [JIT compiled code]
                              at perf.TaskThreads$RunTask#call():81 [JIT compiled code]
                              at perf.TaskThreads$RunTask#call():64 [JIT compiled code]
                              at java.util.concurrent.FutureTask#run():328 [JIT compiled code]
                              at java.util.concurrent.ThreadPoolExecutor#runWorker():1090 [Interpreted code]
0.33%         356           org.apache.lucene.facet.taxonomy.FastTaxonomyFacetCounts#countAll():125 [JIT compiled code]
                              at org.apache.lucene.facet.taxonomy.FastTaxonomyFacetCounts#<init>():69 [Interpreted code]
                              at perf.SearchTask#go():282 [Interpreted code]
                              at perf.UnparsedTask#go():57 [JIT compiled code]
                              at perf.TaskThreads$RunTask#call():81 [JIT compiled code]
                              at perf.TaskThreads$RunTask#call():64 [JIT compiled code]
                              at java.util.concurrent.FutureTask#run():328 [JIT compiled code]
                              at java.util.concurrent.ThreadPoolExecutor#runWorker():1090 [Interpreted code]
                              at java.util.concurrent.ThreadPoolExecutor$Worker#run():614 [Interpreted code]
                              at java.lang.Thread#runWith():1487 [Interpreted code]
                              at java.lang.Thread#run():1474 [Interpreted code]
0.31%         334           org.apache.lucene.util.packed.DirectMonotonicReader#get():138 [Inlined code]
                              at org.apache.lucene.codecs.lucene90.Lucene90DocValuesProducer$25#advance():2356 [Inlined code]
                              at org.apache.lucene.codecs.lucene90.Lucene90DocValuesProducer$25#nextDoc():2348 [Inlined code]
                              at org.apache.lucene.facet.sortedset.SortedSetDocValuesFacetCounts#countOneSegmentNHLD():135 [JIT compiled code]
                              at org.apache.lucene.facet.sortedset.SortedSetDocValuesFacetCounts#countAll():322 [Interpreted code]
                              at org.apache.lucene.facet.sortedset.SortedSetDocValuesFacetCounts#<init>():73 [Inlined code]
                              at org.apache.lucene.facet.sortedset.SortedSetDocValuesFacetCounts#<init>():63 [Inlined code]
                              at perf.SearchTask#go():290 [JIT compiled code]
                              at perf.UnparsedTask#go():57 [JIT compiled code]
                              at perf.TaskThreads$RunTask#call():81 [JIT compiled code]
                              at perf.TaskThreads$RunTask#call():64 [JIT compiled code]
                              at java.util.concurrent.FutureTask#run():328 [JIT compiled code]
0.30%         316           org.apache.lucene.facet.taxonomy.FastTaxonomyFacetCounts#countAll():138 [JIT compiled code]
                              at org.apache.lucene.facet.taxonomy.FastTaxonomyFacetCounts#<init>():69 [Interpreted code]
                              at perf.SearchTask#go():282 [JIT compiled code]
                              at perf.UnparsedTask#go():57 [JIT compiled code]
                              at perf.TaskThreads$RunTask#call():81 [JIT compiled code]
                              at perf.TaskThreads$RunTask#call():64 [JIT compiled code]
                              at java.util.concurrent.FutureTask#run():328 [JIT compiled code]
                              at java.util.concurrent.ThreadPoolExecutor#runWorker():1090 [Interpreted code]
                              at java.util.concurrent.ThreadPoolExecutor$Worker#run():614 [Interpreted code]
                              at java.lang.Thread#runWith():1487 [Interpreted code]
                              at java.lang.Thread#run():1474 [Interpreted code]
0.29%         309           org.apache.lucene.util.packed.DirectReader$DirectPackedReader12#get():280 [JIT compiled code]
                              at org.apache.lucene.codecs.lucene90.Lucene90DocValuesProducer$25#nextOrd():2324 [Inlined code]
                              at org.apache.lucene.facet.sortedset.SortedSetDocValuesFacetCounts#countOneSegmentNHLD():137 [JIT compiled code]
                              at org.apache.lucene.facet.sortedset.SortedSetDocValuesFacetCounts#countAll():322 [Interpreted code]
                              at org.apache.lucene.facet.sortedset.SortedSetDocValuesFacetCounts#<init>():73 [Inlined code]
                              at org.apache.lucene.facet.sortedset.SortedSetDocValuesFacetCounts#<init>():63 [Inlined code]
                              at perf.SearchTask#go():290 [JIT compiled code]
                              at perf.UnparsedTask#go():57 [JIT compiled code]
                              at perf.TaskThreads$RunTask#call():81 [JIT compiled code]
                              at perf.TaskThreads$RunTask#call():64 [JIT compiled code]
                              at java.util.concurrent.FutureTask#run():328 [JIT compiled code]
                              at java.util.concurrent.ThreadPoolExecutor#runWorker():1090 [Interpreted code]
0.29%         304           org.apache.lucene.store.MemorySegmentIndexInput$SingleSegmentImpl#readShort():797 [Inlined code]
                              at org.apache.lucene.util.packed.DirectReader$DirectPackedReader12#get():282 [JIT compiled code]
                              at org.apache.lucene.codecs.lucene90.Lucene90DocValuesProducer$25#nextOrd():2324 [Inlined code]
                              at org.apache.lucene.facet.sortedset.SortedSetDocValuesFacetCounts#countOneSegmentNHLD():137 [JIT compiled code]
                              at org.apache.lucene.facet.sortedset.SortedSetDocValuesFacetCounts#countAll():322 [Interpreted code]
                              at org.apache.lucene.facet.sortedset.SortedSetDocValuesFacetCounts#<init>():73 [Inlined code]
                              at org.apache.lucene.facet.sortedset.SortedSetDocValuesFacetCounts#<init>():63 [Inlined code]
                              at perf.SearchTask#go():290 [JIT compiled code]
                              at perf.UnparsedTask#go():57 [JIT compiled code]
                              at perf.TaskThreads$RunTask#call():81 [JIT compiled code]
                              at perf.TaskThreads$RunTask#call():64 [JIT compiled code]
                              at java.util.concurrent.FutureTask#run():328 [JIT compiled code]
0.28%         300           jdk.internal.foreign.MemorySessionImpl#checkValidStateRaw():203 [Inlined code]
                              at jdk.internal.misc.ScopedMemoryAccess#getShortUnalignedInternal():1789 [Inlined code]
                              at jdk.internal.misc.ScopedMemoryAccess#getShortUnaligned():1779 [Inlined code]
                              at java.lang.invoke.VarHandleSegmentAsShorts#get():60 [Inlined code]
                              at java.lang.invoke.VarHandleSegmentAsShorts#get():53 [Inlined code]
                              at java.lang.invoke.VarHandleGuards#guard_LJ_I():251 [Inlined code]
                              at jdk.internal.foreign.AbstractMemorySegmentImpl#get():730 [Inlined code]
                              at org.apache.lucene.store.MemorySegmentIndexInput$SingleSegmentImpl#readShort():797 [Inlined code]
                              at org.apache.lucene.util.packed.DirectReader$DirectPackedReader12#get():282 [Inlined code]
                              at org.apache.lucene.codecs.lucene90.Lucene90DocValuesProducer$25#nextOrd():2324 [Inlined code]
                              at org.apache.lucene.facet.sortedset.SortedSetDocValuesFacetCounts#countOneSegmentNHLD():137 [JIT compiled code]
                              at org.apache.lucene.facet.sortedset.SortedSetDocValuesFacetCounts#countAll():322 [Interpreted code]


HEAP merged search profile for armA2:
JFR aggregation command: /home/goankur/jdk/corretto-25/bin/java -server -Xms2g -Xmx2g --add-modules jdk.incubator.vector -XX:+HeapDumpOnOutOfMemoryError -XX:+UseParallelGC -cp /home/goankur/vsearch/bo/lucene-A/build-tools/build-infra/build/classes/java/main -Dtests.profile.mode=heap -Dtests.profile.stacksize=12 -Dtests.profile.count=30 -Dtests.profile.linenumbers=true org.apache.lucene.gradle.plugins.java.ProfileResults /home/goankur/vsearch/logs/bench-search-FAA-armA2-18.jfr /home/goankur/vsearch/logs/bench-search-FAA-armA2-19.jfr /home/goankur/vsearch/logs/bench-search-FAA-armA2-0.jfr /home/goankur/vsearch/logs/bench-search-FAA-armA2-1.jfr /home/goankur/vsearch/logs/bench-search-FAA-armA2-2.jfr /home/goankur/vsearch/logs/bench-search-FAA-armA2-3.jfr /home/goankur/vsearch/logs/bench-search-FAA-armA2-4.jfr /home/goankur/vsearch/logs/bench-search-FAA-armA2-5.jfr /home/goankur/vsearch/logs/bench-search-FAA-armA2-6.jfr /home/goankur/vsearch/logs/bench-search-FAA-armA2-7.jfr /home/goankur/vsearch/logs/bench-search-FAA-armA2-8.jfr /home/goankur/vsearch/logs/bench-search-FAA-armA2-9.jfr /home/goankur/vsearch/logs/bench-search-FAA-armA2-10.jfr /home/goankur/vsearch/logs/bench-search-FAA-armA2-11.jfr /home/goankur/vsearch/logs/bench-search-FAA-armA2-12.jfr /home/goankur/vsearch/logs/bench-search-FAA-armA2-13.jfr /home/goankur/vsearch/logs/bench-search-FAA-armA2-14.jfr /home/goankur/vsearch/logs/bench-search-FAA-armA2-15.jfr /home/goankur/vsearch/logs/bench-search-FAA-armA2-16.jfr /home/goankur/vsearch/logs/bench-search-FAA-armA2-17.jfr
Took 1.58 seconds
WARNING: Using incubator modules: jdk.incubator.vector
PROFILE SUMMARY from 55794 events (total: 70580M)
  tests.profile.mode=heap
  tests.profile.count=30
  tests.profile.stacksize=12
  tests.profile.linenumbers=true
PERCENT       HEAP SAMPLES  STACK
3.69%         2604M         org.apache.lucene.facet.taxonomy.TaxonomyFacets#initializeValueCounters():134 [Inlined code]
                              at org.apache.lucene.facet.taxonomy.FastTaxonomyFacetCounts#countAll():127 [JIT compiled code]
                              at org.apache.lucene.facet.taxonomy.FastTaxonomyFacetCounts#<init>():69 [Interpreted code]
                              at perf.SearchTask#go():282 [JIT compiled code]
                              at perf.UnparsedTask#go():57 [JIT compiled code]
                              at perf.TaskThreads$RunTask#call():81 [JIT compiled code]
                              at perf.TaskThreads$RunTask#call():64 [JIT compiled code]
                              at java.util.concurrent.FutureTask#run():328 [JIT compiled code]
                              at java.util.concurrent.ThreadPoolExecutor#runWorker():1090 [Interpreted code]
                              at java.util.concurrent.ThreadPoolExecutor$Worker#run():614 [Interpreted code]
                              at java.lang.Thread#runWith():1487 [Interpreted code]
                              at java.lang.Thread#run():1474 [Interpreted code]
3.64%         2569M         org.apache.lucene.util.ArrayUtil#growExact():436 [Inlined code]
                              at org.apache.lucene.util.ArrayUtil#grow():448 [Inlined code]
                              at org.apache.lucene.codecs.lucene90.LZ4WithPresetDictCompressionMode$LZ4WithPresetDictDecompressor#decompress():132 [JIT compiled code]
                              at org.apache.lucene.codecs.lucene90.compressing.Lucene90CompressingStoredFieldsReader$BlockState#document():641 [JIT compiled code]
                              at org.apache.lucene.codecs.lucene90.compressing.Lucene90CompressingStoredFieldsReader#serializedDocument():673 [Inlined code]
                              at org.apache.lucene.codecs.lucene90.compressing.Lucene90CompressingStoredFieldsReader#document():691 [JIT compiled code]
                              at org.apache.lucene.index.CodecReader$1#document():101 [Inlined code]
                              at org.apache.lucene.index.BaseCompositeReader$2#document():190 [JIT compiled code]
                              at org.apache.lucene.index.StoredFields#document():68 [Inlined code]
                              at perf.SearchTask#printResults():776 [JIT compiled code]
                              at perf.UnparsedTask#printResults():85 [JIT compiled code]
                              at perf.SearchPerfTest#_main():770 [Interpreted code]
1.89%         1336M         org.apache.lucene.facet.sortedset.SortedSetDocValuesFacetCounts#countOneSegmentNHLD():125 [JIT compiled code]
                              at org.apache.lucene.facet.sortedset.SortedSetDocValuesFacetCounts#countAll():322 [Interpreted code]
                              at org.apache.lucene.facet.sortedset.SortedSetDocValuesFacetCounts#<init>():73 [Inlined code]
                              at org.apache.lucene.facet.sortedset.SortedSetDocValuesFacetCounts#<init>():63 [Inlined code]
                              at perf.SearchTask#go():290 [JIT compiled code]
                              at perf.UnparsedTask#go():57 [JIT compiled code]
                              at perf.TaskThreads$RunTask#call():81 [JIT compiled code]
                              at perf.TaskThreads$RunTask#call():64 [JIT compiled code]
                              at java.util.concurrent.FutureTask#run():328 [JIT compiled code]
                              at java.util.concurrent.ThreadPoolExecutor#runWorker():1090 [Interpreted code]
                              at java.util.concurrent.ThreadPoolExecutor$Worker#run():614 [Interpreted code]
                              at java.lang.Thread#runWith():1487 [Interpreted code]
1.14%         805M          org.apache.lucene.util.ArrayUtil#growNoCopy():459 [Inlined code]
                              at org.apache.lucene.codecs.lucene90.LZ4WithPresetDictCompressionMode$LZ4WithPresetDictDecompressor#decompress():102 [JIT compiled code]
                              at org.apache.lucene.codecs.lucene90.compressing.Lucene90CompressingStoredFieldsReader$BlockState#document():641 [JIT compiled code]
                              at org.apache.lucene.codecs.lucene90.compressing.Lucene90CompressingStoredFieldsReader#serializedDocument():673 [Inlined code]
                              at org.apache.lucene.codecs.lucene90.compressing.Lucene90CompressingStoredFieldsReader#document():691 [JIT compiled code]
                              at org.apache.lucene.index.CodecReader$1#document():101 [Inlined code]
                              at org.apache.lucene.index.BaseCompositeReader$2#document():190 [JIT compiled code]
                              at org.apache.lucene.index.StoredFields#document():68 [Inlined code]
                              at perf.SearchTask#printResults():776 [JIT compiled code]
                              at perf.UnparsedTask#printResults():85 [JIT compiled code]
                              at perf.SearchPerfTest#_main():770 [Interpreted code]
                              at perf.SearchPerfTest#main():145 [Interpreted code]
1.03%         730M          org.apache.lucene.util.ArrayUtil#growNoCopy():423 [Inlined code]
                              at org.apache.lucene.codecs.lucene90.compressing.Lucene90CompressingStoredFieldsReader$BlockState#doReset():504 [JIT compiled code]
                              at org.apache.lucene.codecs.lucene90.compressing.Lucene90CompressingStoredFieldsReader$BlockState#reset():472 [Inlined code]
                              at org.apache.lucene.codecs.lucene90.compressing.Lucene90CompressingStoredFieldsReader#serializedDocument():670 [Inlined code]
                              at org.apache.lucene.codecs.lucene90.compressing.Lucene90CompressingStoredFieldsReader#document():691 [JIT compiled code]
                              at org.apache.lucene.index.CodecReader$1#document():101 [Inlined code]
                              at org.apache.lucene.index.BaseCompositeReader$2#document():190 [JIT compiled code]
                              at org.apache.lucene.index.StoredFields#document():68 [Inlined code]
                              at perf.SearchTask#printResults():776 [JIT compiled code]
                              at perf.UnparsedTask#printResults():85 [JIT compiled code]
                              at perf.SearchPerfTest#_main():770 [Interpreted code]
                              at perf.SearchPerfTest#main():145 [Interpreted code]
1.03%         727M          org.apache.lucene.util.ArrayUtil#growNoCopy():423 [Inlined code]
                              at org.apache.lucene.codecs.lucene90.compressing.Lucene90CompressingStoredFieldsReader$BlockState#doReset():503 [JIT compiled code]
                              at org.apache.lucene.codecs.lucene90.compressing.Lucene90CompressingStoredFieldsReader$BlockState#reset():472 [Inlined code]
                              at org.apache.lucene.codecs.lucene90.compressing.Lucene90CompressingStoredFieldsReader#serializedDocument():670 [Inlined code]
                              at org.apache.lucene.codecs.lucene90.compressing.Lucene90CompressingStoredFieldsReader#document():691 [JIT compiled code]
                              at org.apache.lucene.index.CodecReader$1#document():101 [Inlined code]
                              at org.apache.lucene.index.BaseCompositeReader$2#document():190 [JIT compiled code]
                              at org.apache.lucene.index.StoredFields#document():68 [Inlined code]
                              at perf.SearchTask#printResults():776 [JIT compiled code]
                              at perf.UnparsedTask#printResults():85 [JIT compiled code]
                              at perf.SearchPerfTest#_main():770 [Interpreted code]
                              at perf.SearchPerfTest#main():145 [Interpreted code]
1.03%         725M          org.apache.lucene.facet.taxonomy.TaxonomyFacets#initializeValueCounters():134 [Inlined code]
                              at org.apache.lucene.facet.taxonomy.FastTaxonomyFacetCounts#countAll():127 [JIT compiled code]
                              at org.apache.lucene.facet.taxonomy.FastTaxonomyFacetCounts#<init>():69 [Interpreted code]
                              at perf.SearchTask#go():282 [Interpreted code]
                              at perf.UnparsedTask#go():57 [Interpreted code]
                              at perf.TaskThreads$RunTask#call():81 [Interpreted code]
                              at perf.TaskThreads$RunTask#call():64 [Interpreted code]
                              at java.util.concurrent.FutureTask#run():328 [JIT compiled code]
                              at java.util.concurrent.ThreadPoolExecutor#runWorker():1090 [Interpreted code]
                              at java.util.concurrent.ThreadPoolExecutor$Worker#run():614 [Interpreted code]
                              at java.lang.Thread#runWith():1487 [Interpreted code]
                              at java.lang.Thread#run():1474 [Interpreted code]
0.93%         655M          org.apache.lucene.facet.sortedset.SortedSetDocValuesFacetCounts#initializeCounts():81 [Inlined code]
                              at org.apache.lucene.facet.sortedset.SortedSetDocValuesFacetCounts#countOneSegmentNHLD():105 [JIT compiled code]
                              at org.apache.lucene.facet.sortedset.SortedSetDocValuesFacetCounts#countAll():322 [Interpreted code]
                              at org.apache.lucene.facet.sortedset.SortedSetDocValuesFacetCounts#<init>():73 [Inlined code]
                              at org.apache.lucene.facet.sortedset.SortedSetDocValuesFacetCounts#<init>():63 [Inlined code]
                              at perf.SearchTask#go():290 [JIT compiled code]
                              at perf.UnparsedTask#go():57 [JIT compiled code]
                              at perf.TaskThreads$RunTask#call():81 [JIT compiled code]
                              at perf.TaskThreads$RunTask#call():64 [JIT compiled code]
                              at java.util.concurrent.FutureTask#run():328 [JIT compiled code]
                              at java.util.concurrent.ThreadPoolExecutor#runWorker():1090 [Interpreted code]
                              at java.util.concurrent.ThreadPoolExecutor$Worker#run():614 [Interpreted code]
0.92%         650M          org.apache.lucene.facet.taxonomy.TaxonomyFacets#initializeValueCounters():134 [Inlined code]
                              at org.apache.lucene.facet.taxonomy.FastTaxonomyFacetCounts#count():82 [JIT compiled code]
                              at org.apache.lucene.facet.taxonomy.FastTaxonomyFacetCounts#<init>():57 [Interpreted code]
                              at perf.SearchTask#go():310 [JIT compiled code]
                              at perf.UnparsedTask#go():57 [JIT compiled code]
                              at perf.TaskThreads$RunTask#call():81 [JIT compiled code]
                              at perf.TaskThreads$RunTask#call():64 [JIT compiled code]
                              at java.util.concurrent.FutureTask#run():328 [JIT compiled code]
                              at java.util.concurrent.ThreadPoolExecutor#runWorker():1090 [Interpreted code]
                              at java.util.concurrent.ThreadPoolExecutor$Worker#run():614 [Interpreted code]
                              at java.lang.Thread#runWith():1487 [Interpreted code]
                              at java.lang.Thread#run():1474 [Interpreted code]
0.89%         625M          org.apache.lucene.util.ArrayUtil#growExact():436 [Inlined code]
                              at org.apache.lucene.util.ArrayUtil#grow():448 [Inlined code]
                              at org.apache.lucene.codecs.lucene90.LZ4WithPresetDictCompressionMode$LZ4WithPresetDictDecompressor#decompress():132 [JIT compiled code]
                              at org.apache.lucene.codecs.lucene90.compressing.Lucene90CompressingStoredFieldsReader$BlockState#document():641 [JIT compiled code]
                              at org.apache.lucene.codecs.lucene90.compressing.Lucene90CompressingStoredFieldsReader#serializedDocument():673 [Inlined code]
                              at org.apache.lucene.codecs.lucene90.compressing.Lucene90CompressingStoredFieldsReader#document():691 [JIT compiled code]
                              at org.apache.lucene.index.CodecReader$1#document():101 [Inlined code]
                              at org.apache.lucene.index.BaseCompositeReader$2#document():190 [JIT compiled code]
                              at org.apache.lucene.index.StoredFields#document():68 [Inlined code]
                              at perf.SearchTask#printResults():776 [JIT compiled code]
                              at perf.UnparsedTask#printResults():85 [Interpreted code]
                              at perf.SearchPerfTest#_main():770 [Interpreted code]
0.89%         625M          org.apache.lucene.util.ArrayUtil#growExact():436 [Inlined code]
                              at org.apache.lucene.util.ArrayUtil#grow():448 [Inlined code]
                              at org.apache.lucene.codecs.lucene90.LZ4WithPresetDictCompressionMode$LZ4WithPresetDictDecompressor#decompress():132 [JIT compiled code]
                              at org.apache.lucene.codecs.lucene90.compressing.Lucene90CompressingStoredFieldsReader$BlockState#document():641 [JIT compiled code]
                              at org.apache.lucene.codecs.lucene90.compressing.Lucene90CompressingStoredFieldsReader#serializedDocument():673 [Inlined code]
                              at org.apache.lucene.codecs.lucene90.compressing.Lucene90CompressingStoredFieldsReader#document():691 [JIT compiled code]
                              at org.apache.lucene.index.CodecReader$1#document():101 [Inlined code]
                              at org.apache.lucene.index.BaseCompositeReader$2#document():190 [Inlined code]
                              at org.apache.lucene.index.StoredFields#document():68 [Inlined code]
                              at perf.SearchTask#printResults():776 [JIT compiled code]
                              at perf.UnparsedTask#printResults():85 [JIT compiled code]
                              at perf.SearchPerfTest#_main():770 [Interpreted code]
0.67%         474M          org.apache.lucene.facet.taxonomy.TaxonomyFacets#initializeValueCounters():134 [Inlined code]
                              at org.apache.lucene.facet.taxonomy.FastTaxonomyFacetCounts#countAll():127 [JIT compiled code]
                              at org.apache.lucene.facet.taxonomy.FastTaxonomyFacetCounts#<init>():69 [Interpreted code]
                              at perf.SearchTask#go():282 [Interpreted code]
                              at perf.UnparsedTask#go():57 [JIT compiled code]
                              at perf.TaskThreads$RunTask#call():81 [JIT compiled code]
                              at perf.TaskThreads$RunTask#call():64 [JIT compiled code]
                              at java.util.concurrent.FutureTask#run():328 [JIT compiled code]
                              at java.util.concurrent.ThreadPoolExecutor#runWorker():1090 [Interpreted code]
                              at java.util.concurrent.ThreadPoolExecutor$Worker#run():614 [Interpreted code]
                              at java.lang.Thread#runWith():1487 [Interpreted code]
                              at java.lang.Thread#run():1474 [Interpreted code]
0.64%         454M          org.apache.lucene.facet.sortedset.SortedSetDocValuesFacetCounts#countOneSegmentNHLD():125 [JIT compiled code]
                              at org.apache.lucene.facet.sortedset.SortedSetDocValuesFacetCounts#countAll():322 [Interpreted code]
                              at org.apache.lucene.facet.sortedset.SortedSetDocValuesFacetCounts#<init>():73 [Interpreted code]
                              at org.apache.lucene.facet.sortedset.SortedSetDocValuesFacetCounts#<init>():63 [Interpreted code]
                              at perf.SearchTask#go():290 [Interpreted code]
                              at perf.UnparsedTask#go():57 [Interpreted code]
                              at perf.TaskThreads$RunTask#call():81 [Interpreted code]
                              at perf.TaskThreads$RunTask#call():64 [Interpreted code]
                              at java.util.concurrent.FutureTask#run():328 [JIT compiled code]
                              at java.util.concurrent.ThreadPoolExecutor#runWorker():1090 [Interpreted code]
                              at java.util.concurrent.ThreadPoolExecutor$Worker#run():614 [Interpreted code]
                              at java.lang.Thread#runWith():1487 [Interpreted code]
0.63%         443M          org.apache.lucene.util.FixedBitSet#<init>():148 [Inlined code]
                              at org.apache.lucene.codecs.lucene104.Lucene104PostingsReader$BlockPostingsEnum#<init>():307 [JIT compiled code]
                              at org.apache.lucene.codecs.lucene104.Lucene104PostingsReader#postings():260 [Inlined code]
                              at org.apache.lucene.codecs.lucene103.blocktree.SegmentTermsEnum#postings():1010 [JIT compiled code]
                              at org.apache.lucene.search.comparators.TermOrdValComparator$PostingsBasedCompetitiveState#init():660 [JIT compiled code]
                              at org.apache.lucene.search.comparators.TermOrdValComparator$PostingsBasedCompetitiveState#update():615 [Inlined code]
                              at org.apache.lucene.search.comparators.TermOrdValComparator$TermOrdValLeafComparator#updateCompetitiveIterator():500 [JIT compiled code]
                              at org.apache.lucene.search.comparators.TermOrdValComparator$TermOrdValLeafComparator#setBottom():391 [JIT compiled code]
                              at org.apache.lucene.search.TopFieldCollector$TopFieldLeafCollector#collectCompetitiveHit():118 [JIT compiled code]
                              at org.apache.lucene.search.TopFieldCollector$SimpleFieldCollector$1#collect():209 [Inlined code]
                              at org.apache.lucene.search.LeafCollector$$Lambda.0x000000003f1c3570#accept() [Inlined code]
                              at org.apache.lucene.util.FixedBitSet#forEach():944 [Inlined code]
0.63%         442M          org.apache.lucene.codecs.lucene104.Lucene104PostingsReader$BlockPostingsEnum#<init>():335 [JIT compiled code]
                              at org.apache.lucene.codecs.lucene104.Lucene104PostingsReader#postings():260 [Inlined code]
                              at org.apache.lucene.codecs.lucene103.blocktree.SegmentTermsEnum#postings():1010 [JIT compiled code]
                              at org.apache.lucene.search.comparators.TermOrdValComparator$PostingsBasedCompetitiveState#init():660 [JIT compiled code]
                              at org.apache.lucene.search.comparators.TermOrdValComparator$PostingsBasedCompetitiveState#update():615 [Inlined code]
                              at org.apache.lucene.search.comparators.TermOrdValComparator$TermOrdValLeafComparator#updateCompetitiveIterator():500 [JIT compiled code]
                              at org.apache.lucene.search.comparators.TermOrdValComparator$TermOrdValLeafComparator#setBottom():391 [JIT compiled code]
                              at org.apache.lucene.search.TopFieldCollector$TopFieldLeafCollector#collectCompetitiveHit():118 [JIT compiled code]
                              at org.apache.lucene.search.TopFieldCollector$SimpleFieldCollector$1#collect():209 [Inlined code]
                              at org.apache.lucene.search.LeafCollector$$Lambda.0x000000003f1c3570#accept() [Inlined code]
                              at org.apache.lucene.util.FixedBitSet#forEach():944 [Inlined code]
                              at org.apache.lucene.util.FixedBitSet#forEach():931 [JIT compiled code]
0.63%         441M          perf.TaskThreads$TaskThread#run():156 [Interpreted code]
0.60%         422M          org.apache.lucene.codecs.lucene104.Lucene104PostingsReader$BlockPostingsEnum#<init>():302 [JIT compiled code]
                              at org.apache.lucene.codecs.lucene104.Lucene104PostingsReader#postings():260 [Inlined code]
                              at org.apache.lucene.codecs.lucene103.blocktree.SegmentTermsEnum#postings():1010 [JIT compiled code]
                              at org.apache.lucene.search.comparators.TermOrdValComparator$PostingsBasedCompetitiveState#init():660 [JIT compiled code]
                              at org.apache.lucene.search.comparators.TermOrdValComparator$PostingsBasedCompetitiveState#update():615 [Inlined code]
                              at org.apache.lucene.search.comparators.TermOrdValComparator$TermOrdValLeafComparator#updateCompetitiveIterator():500 [JIT compiled code]
                              at org.apache.lucene.search.comparators.TermOrdValComparator$TermOrdValLeafComparator#setBottom():391 [JIT compiled code]
                              at org.apache.lucene.search.TopFieldCollector$TopFieldLeafCollector#collectCompetitiveHit():118 [JIT compiled code]
                              at org.apache.lucene.search.TopFieldCollector$SimpleFieldCollector$1#collect():209 [Inlined code]
                              at org.apache.lucene.search.LeafCollector$$Lambda.0x000000003f1c3570#accept() [Inlined code]
                              at org.apache.lucene.util.FixedBitSet#forEach():944 [Inlined code]
                              at org.apache.lucene.util.FixedBitSet#forEach():931 [JIT compiled code]
0.55%         391M          org.apache.lucene.util.ArrayUtil#growExact():436 [Inlined code]
                              at org.apache.lucene.util.ArrayUtil#grow():448 [Inlined code]
                              at org.apache.lucene.codecs.lucene90.LZ4WithPresetDictCompressionMode$LZ4WithPresetDictDecompressor#decompress():132 [JIT compiled code]
                              at org.apache.lucene.codecs.lucene90.compressing.Lucene90CompressingStoredFieldsReader$BlockState#document():641 [JIT compiled code]
                              at org.apache.lucene.codecs.lucene90.compressing.Lucene90CompressingStoredFieldsReader#serializedDocument():673 [Inlined code]
                              at org.apache.lucene.codecs.lucene90.compressing.Lucene90CompressingStoredFieldsReader#document():691 [JIT compiled code]
                              at org.apache.lucene.index.CodecReader$1#document():101 [Inlined code]
                              at org.apache.lucene.index.BaseCompositeReader$2#document():190 [JIT compiled code]
                              at org.apache.lucene.index.StoredFields#document():68 [Inlined code]
                              at perf.SearchTask#printResults():771 [JIT compiled code]
                              at perf.UnparsedTask#printResults():85 [JIT compiled code]
                              at perf.SearchPerfTest#_main():770 [Interpreted code]
0.45%         317M          java.lang.Integer#valueOf():1006 [Inlined code]
                              at java.util.PrimitiveIterator$OfInt#next():129 [JIT compiled code]
                              at org.apache.lucene.facet.sortedset.AbstractSortedSetDocValueFacetCounts#computeTopChildren():317 [JIT compiled code]
                              at org.apache.lucene.facet.sortedset.AbstractSortedSetDocValueFacetCounts#getTopChildrenForPath():300 [Interpreted code]
                              at org.apache.lucene.facet.sortedset.AbstractSortedSetDocValueFacetCounts#getTopChildren():61 [Interpreted code]
                              at org.apache.lucene.facet.sortedset.SortedSetDocValuesFacetCounts#getTopChildren():57 [Interpreted code]
                              at perf.SearchTask#go():291 [Interpreted code]
                              at perf.UnparsedTask#go():57 [Interpreted code]
                              at perf.TaskThreads$RunTask#call():81 [Interpreted code]
                              at perf.TaskThreads$RunTask#call():64 [Interpreted code]
                              at java.util.concurrent.FutureTask#run():328 [JIT compiled code]
                              at java.util.concurrent.ThreadPoolExecutor#runWorker():1090 [Interpreted code]
0.44%         309M          org.apache.lucene.util.FixedBitSet#<init>():148 [Inlined code]
                              at org.apache.lucene.codecs.lucene104.Lucene104PostingsReader$BlockPostingsEnum#<init>():307 [JIT compiled code]
                              at org.apache.lucene.codecs.lucene104.Lucene104PostingsReader#postings():260 [Inlined code]
                              at org.apache.lucene.codecs.lucene103.blocktree.SegmentTermsEnum#postings():1010 [JIT compiled code]
                              at org.apache.lucene.search.comparators.TermOrdValComparator$PostingsBasedCompetitiveState#init():660 [JIT compiled code]
                              at org.apache.lucene.search.comparators.TermOrdValComparator$PostingsBasedCompetitiveState#update():615 [Inlined code]
                              at org.apache.lucene.search.comparators.TermOrdValComparator$TermOrdValLeafComparator#updateCompetitiveIterator():500 [JIT compiled code]
                              at org.apache.lucene.search.comparators.TermOrdValComparator$TermOrdValLeafComparator#<init>():293 [JIT compiled code]
                              at org.apache.lucene.search.comparators.TermOrdValComparator#getLeafComparator():171 [JIT compiled code]
                              at org.apache.lucene.search.FieldValueHitQueue#getComparators():172 [JIT compiled code]
                              at org.apache.lucene.search.TopFieldCollector$TopFieldLeafCollector#<init>():60 [JIT compiled code]
                              at org.apache.lucene.search.TopFieldCollector$SimpleFieldCollector$1#<init>():200 [JIT compiled code]
0.43%         302M          org.apache.lucene.codecs.lucene104.Lucene104PostingsReader$BlockPostingsEnum#<init>():302 [JIT compiled code]
                              at org.apache.lucene.codecs.lucene104.Lucene104PostingsReader#postings():260 [Inlined code]
                              at org.apache.lucene.codecs.lucene103.blocktree.SegmentTermsEnum#postings():1010 [JIT compiled code]
                              at org.apache.lucene.search.comparators.TermOrdValComparator$PostingsBasedCompetitiveState#init():660 [JIT compiled code]
                              at org.apache.lucene.search.comparators.TermOrdValComparator$PostingsBasedCompetitiveState#update():615 [Inlined code]
                              at org.apache.lucene.search.comparators.TermOrdValComparator$TermOrdValLeafComparator#updateCompetitiveIterator():500 [JIT compiled code]
                              at org.apache.lucene.search.comparators.TermOrdValComparator$TermOrdValLeafComparator#<init>():293 [JIT compiled code]
                              at org.apache.lucene.search.comparators.TermOrdValComparator#getLeafComparator():171 [JIT compiled code]
                              at org.apache.lucene.search.FieldValueHitQueue#getComparators():172 [JIT compiled code]
                              at org.apache.lucene.search.TopFieldCollector$TopFieldLeafCollector#<init>():60 [JIT compiled code]
                              at org.apache.lucene.search.TopFieldCollector$SimpleFieldCollector$1#<init>():200 [JIT compiled code]
                              at org.apache.lucene.search.TopFieldCollector$SimpleFieldCollector#getLeafCollector():199 [JIT compiled code]
0.42%         298M          org.apache.lucene.codecs.lucene104.Lucene104PostingsReader$BlockPostingsEnum#<init>():302 [JIT compiled code]
                              at org.apache.lucene.codecs.lucene104.Lucene104PostingsReader#postings():260 [Inlined code]
                              at org.apache.lucene.codecs.lucene103.blocktree.SegmentTermsEnum#postings():1010 [JIT compiled code]
                              at org.apache.lucene.search.comparators.TermOrdValComparator$PostingsBasedCompetitiveState#init():660 [JIT compiled code]
                              at org.apache.lucene.search.comparators.TermOrdValComparator$PostingsBasedCompetitiveState#update():615 [Inlined code]
                              at org.apache.lucene.search.comparators.TermOrdValComparator$TermOrdValLeafComparator#updateCompetitiveIterator():500 [JIT compiled code]
                              at org.apache.lucene.search.comparators.TermOrdValComparator$TermOrdValLeafComparator#setBottom():391 [JIT compiled code]
                              at org.apache.lucene.search.TopFieldCollector$TopFieldLeafCollector#collectCompetitiveHit():118 [JIT compiled code]
                              at org.apache.lucene.search.TopFieldCollector$SimpleFieldCollector$1#collect():209 [Inlined code]
                              at org.apache.lucene.search.LeafCollector$$Lambda.0x000000000f1c3570#accept() [Inlined code]
                              at org.apache.lucene.util.FixedBitSet#forEach():944 [Inlined code]
                              at org.apache.lucene.util.FixedBitSet#forEach():931 [JIT compiled code]
0.42%         295M          org.apache.lucene.codecs.lucene104.Lucene104PostingsReader$BlockPostingsEnum#<init>():335 [JIT compiled code]
                              at org.apache.lucene.codecs.lucene104.Lucene104PostingsReader#postings():260 [Inlined code]
                              at org.apache.lucene.codecs.lucene103.blocktree.SegmentTermsEnum#postings():1010 [JIT compiled code]
                              at org.apache.lucene.search.comparators.TermOrdValComparator$PostingsBasedCompetitiveState#init():660 [JIT compiled code]
                              at org.apache.lucene.search.comparators.TermOrdValComparator$PostingsBasedCompetitiveState#update():615 [Inlined code]
                              at org.apache.lucene.search.comparators.TermOrdValComparator$TermOrdValLeafComparator#updateCompetitiveIterator():500 [JIT compiled code]
                              at org.apache.lucene.search.comparators.TermOrdValComparator$TermOrdValLeafComparator#setBottom():391 [JIT compiled code]
                              at org.apache.lucene.search.TopFieldCollector$TopFieldLeafCollector#collectCompetitiveHit():118 [JIT compiled code]
                              at org.apache.lucene.search.TopFieldCollector$SimpleFieldCollector$1#collect():209 [Inlined code]
                              at org.apache.lucene.search.LeafCollector$$Lambda.0x000000000f1c3570#accept() [Inlined code]
                              at org.apache.lucene.util.FixedBitSet#forEach():944 [Inlined code]
                              at org.apache.lucene.util.FixedBitSet#forEach():931 [JIT compiled code]
0.41%         291M          perf.TaskParser#secondPassParse():208 [Interpreted code]
                              at perf.UnparsedTask#go():53 [Interpreted code]
                              at perf.TaskThreads$RunTask#call():81 [Interpreted code]
                              at perf.TaskThreads$RunTask#call():64 [Interpreted code]
                              at java.util.concurrent.FutureTask#run():328 [JIT compiled code]
                              at java.util.concurrent.ThreadPoolExecutor#runWorker():1090 [Interpreted code]
                              at java.util.concurrent.ThreadPoolExecutor$Worker#run():614 [Interpreted code]
                              at java.lang.Thread#runWith():1487 [Interpreted code]
                              at java.lang.Thread#run():1474 [Interpreted code]
0.41%         290M          org.apache.lucene.util.FixedBitSet#<init>():148 [Inlined code]
                              at org.apache.lucene.codecs.lucene104.Lucene104PostingsReader$BlockPostingsEnum#<init>():307 [JIT compiled code]
                              at org.apache.lucene.codecs.lucene104.Lucene104PostingsReader#postings():260 [Inlined code]
                              at org.apache.lucene.codecs.lucene103.blocktree.SegmentTermsEnum#postings():1010 [JIT compiled code]
                              at org.apache.lucene.search.comparators.TermOrdValComparator$PostingsBasedCompetitiveState#init():660 [JIT compiled code]
                              at org.apache.lucene.search.comparators.TermOrdValComparator$PostingsBasedCompetitiveState#update():615 [Inlined code]
                              at org.apache.lucene.search.comparators.TermOrdValComparator$TermOrdValLeafComparator#updateCompetitiveIterator():500 [JIT compiled code]
                              at org.apache.lucene.search.comparators.TermOrdValComparator$TermOrdValLeafComparator#setBottom():391 [JIT compiled code]
                              at org.apache.lucene.search.TopFieldCollector$TopFieldLeafCollector#collectCompetitiveHit():118 [JIT compiled code]
                              at org.apache.lucene.search.TopFieldCollector$SimpleFieldCollector$1#collect():209 [Inlined code]
                              at org.apache.lucene.search.LeafCollector$$Lambda.0x000000002f1c3570#accept() [Inlined code]
                              at org.apache.lucene.util.FixedBitSet#forEach():944 [Inlined code]
0.41%         288M          org.apache.lucene.codecs.lucene104.Lucene104PostingsReader$BlockPostingsEnum#<init>():335 [JIT compiled code]
                              at org.apache.lucene.codecs.lucene104.Lucene104PostingsReader#postings():260 [Inlined code]
                              at org.apache.lucene.codecs.lucene103.blocktree.SegmentTermsEnum#postings():1010 [JIT compiled code]
                              at org.apache.lucene.search.comparators.TermOrdValComparator$PostingsBasedCompetitiveState#init():660 [JIT compiled code]
                              at org.apache.lucene.search.comparators.TermOrdValComparator$PostingsBasedCompetitiveState#update():615 [Inlined code]
                              at org.apache.lucene.search.comparators.TermOrdValComparator$TermOrdValLeafComparator#updateCompetitiveIterator():500 [JIT compiled code]
                              at org.apache.lucene.search.comparators.TermOrdValComparator$TermOrdValLeafComparator#<init>():293 [JIT compiled code]
                              at org.apache.lucene.search.comparators.TermOrdValComparator#getLeafComparator():171 [JIT compiled code]
                              at org.apache.lucene.search.FieldValueHitQueue#getComparators():172 [JIT compiled code]
                              at org.apache.lucene.search.TopFieldCollector$TopFieldLeafCollector#<init>():60 [JIT compiled code]
                              at org.apache.lucene.search.TopFieldCollector$SimpleFieldCollector$1#<init>():200 [JIT compiled code]
                              at org.apache.lucene.search.TopFieldCollector$SimpleFieldCollector#getLeafCollector():199 [JIT compiled code]
0.38%         266M          org.apache.lucene.util.FixedBitSet#<init>():148 [Inlined code]
                              at org.apache.lucene.codecs.lucene104.Lucene104PostingsReader$BlockPostingsEnum#<init>():307 [JIT compiled code]
                              at org.apache.lucene.codecs.lucene104.Lucene104PostingsReader#postings():260 [Inlined code]
                              at org.apache.lucene.codecs.lucene103.blocktree.SegmentTermsEnum#postings():1010 [JIT compiled code]
                              at org.apache.lucene.search.comparators.TermOrdValComparator$PostingsBasedCompetitiveState#init():660 [JIT compiled code]
                              at org.apache.lucene.search.comparators.TermOrdValComparator$PostingsBasedCompetitiveState#update():615 [Inlined code]
                              at org.apache.lucene.search.comparators.TermOrdValComparator$TermOrdValLeafComparator#updateCompetitiveIterator():500 [JIT compiled code]
                              at org.apache.lucene.search.comparators.TermOrdValComparator$TermOrdValLeafComparator#setBottom():391 [JIT compiled code]
                              at org.apache.lucene.search.TopFieldCollector$TopFieldLeafCollector#collectCompetitiveHit():118 [JIT compiled code]
                              at org.apache.lucene.search.TopFieldCollector$SimpleFieldCollector$1#collect():209 [Inlined code]
                              at org.apache.lucene.search.LeafCollector$$Lambda.0x000000000f1c3570#accept() [Inlined code]
                              at org.apache.lucene.util.FixedBitSet#forEach():944 [Inlined code]
0.31%         219M          org.apache.lucene.facet.sortedset.SortedSetDocValuesFacetCounts#initializeCounts():81 [Inlined code]
                              at org.apache.lucene.facet.sortedset.SortedSetDocValuesFacetCounts#countOneSegmentNHLD():105 [JIT compiled code]
                              at org.apache.lucene.facet.sortedset.SortedSetDocValuesFacetCounts#countAll():322 [Interpreted code]
                              at org.apache.lucene.facet.sortedset.SortedSetDocValuesFacetCounts#<init>():73 [Interpreted code]
                              at org.apache.lucene.facet.sortedset.SortedSetDocValuesFacetCounts#<init>():63 [Interpreted code]
                              at perf.SearchTask#go():290 [Interpreted code]
                              at perf.UnparsedTask#go():57 [Interpreted code]
                              at perf.TaskThreads$RunTask#call():81 [Interpreted code]
                              at perf.TaskThreads$RunTask#call():64 [Interpreted code]
                              at java.util.concurrent.FutureTask#run():328 [JIT compiled code]
                              at java.util.concurrent.ThreadPoolExecutor#runWorker():1090 [Interpreted code]
                              at java.util.concurrent.ThreadPoolExecutor$Worker#run():614 [Interpreted code]
0.31%         215M          jdk.internal.classfile.impl.EntryMap#<init>():77 [Inlined code]
                              at jdk.internal.classfile.impl.SplitConstantPool#map():182 [Inlined code]
                              at jdk.internal.classfile.impl.SplitConstantPool#tryFindClassOrInterface():403 [Inlined code]
                              at jdk.internal.classfile.impl.SplitConstantPool#classEntryForClassOrInterface():438 [Inlined code]
                              at jdk.internal.classfile.impl.SplitConstantPool#classEntry():514 [JIT compiled code]
                              at java.lang.invoke.InnerClassLambdaMetafactory#<init>():155 [Interpreted code]
                              at java.lang.invoke.LambdaMetafactory#metafactory():349 [Interpreted code]
                              at java.lang.invoke.DirectMethodHandle$Holder#invokeStatic() [Interpreted code]
                              at java.lang.invoke.BootstrapMethodInvoker#invoke():134 [Interpreted code]
                              at java.lang.invoke.CallSite#makeSite():310 [Interpreted code]
                              at java.lang.invoke.MethodHandleNatives#linkCallSiteImpl():250 [Interpreted code]
                              at java.lang.invoke.MethodHandleNatives#linkCallSite():240 [Interpreted code]
0.30%         214M          org.apache.lucene.search.similarities.BM25Similarity#scorer():217 [Interpreted code]
                              at org.apache.lucene.search.TermQuery$TermWeight#<init>():81 [Interpreted code]
                              at org.apache.lucene.search.TermQuery#createWeight():304 [Interpreted code]
                              at org.apache.lucene.search.IndexSearcher#createWeight():978 [Interpreted code]
                              at org.apache.lucene.search.IndexSearcher#search():754 [Interpreted code]
                              at org.apache.lucene.search.IndexSearcher#searchAfter():601 [Interpreted code]
                              at org.apache.lucene.search.IndexSearcher#search():624 [Interpreted code]
                              at perf.TypePolluter#runQueries():179 [Interpreted code]
                              at perf.TypePolluter#pollute():97 [Interpreted code]
                              at perf.SearchPerfTest#_main():282 [Interpreted code]
                              at perf.SearchPerfTest#main():145 [Interpreted code]


HEAP merged search profile for armA:
JFR aggregation command: /home/goankur/jdk/corretto-25/bin/java -server -Xms2g -Xmx2g --add-modules jdk.incubator.vector -XX:+HeapDumpOnOutOfMemoryError -XX:+UseParallelGC -cp /home/goankur/vsearch/bo/lucene-A/build-tools/build-infra/build/classes/java/main -Dtests.profile.mode=heap -Dtests.profile.stacksize=12 -Dtests.profile.count=30 -Dtests.profile.linenumbers=true org.apache.lucene.gradle.plugins.java.ProfileResults /home/goankur/vsearch/logs/bench-search-FAA-armA-19.jfr /home/goankur/vsearch/logs/bench-search-FAA-armA-18.jfr /home/goankur/vsearch/logs/bench-search-FAA-armA-0.jfr /home/goankur/vsearch/logs/bench-search-FAA-armA-1.jfr /home/goankur/vsearch/logs/bench-search-FAA-armA-2.jfr /home/goankur/vsearch/logs/bench-search-FAA-armA-3.jfr /home/goankur/vsearch/logs/bench-search-FAA-armA-4.jfr /home/goankur/vsearch/logs/bench-search-FAA-armA-5.jfr /home/goankur/vsearch/logs/bench-search-FAA-armA-6.jfr /home/goankur/vsearch/logs/bench-search-FAA-armA-7.jfr /home/goankur/vsearch/logs/bench-search-FAA-armA-8.jfr /home/goankur/vsearch/logs/bench-search-FAA-armA-9.jfr /home/goankur/vsearch/logs/bench-search-FAA-armA-10.jfr /home/goankur/vsearch/logs/bench-search-FAA-armA-11.jfr /home/goankur/vsearch/logs/bench-search-FAA-armA-12.jfr /home/goankur/vsearch/logs/bench-search-FAA-armA-13.jfr /home/goankur/vsearch/logs/bench-search-FAA-armA-14.jfr /home/goankur/vsearch/logs/bench-search-FAA-armA-15.jfr /home/goankur/vsearch/logs/bench-search-FAA-armA-16.jfr /home/goankur/vsearch/logs/bench-search-FAA-armA-17.jfr
Took 1.58 seconds
WARNING: Using incubator modules: jdk.incubator.vector
PROFILE SUMMARY from 56418 events (total: 70818M)
  tests.profile.mode=heap
  tests.profile.count=30
  tests.profile.stacksize=12
  tests.profile.linenumbers=true
PERCENT       HEAP SAMPLES  STACK
3.68%         2605M         org.apache.lucene.facet.taxonomy.TaxonomyFacets#initializeValueCounters():134 [Inlined code]
                              at org.apache.lucene.facet.taxonomy.FastTaxonomyFacetCounts#countAll():127 [JIT compiled code]
                              at org.apache.lucene.facet.taxonomy.FastTaxonomyFacetCounts#<init>():69 [Interpreted code]
                              at perf.SearchTask#go():282 [JIT compiled code]
                              at perf.UnparsedTask#go():57 [JIT compiled code]
                              at perf.TaskThreads$RunTask#call():81 [JIT compiled code]
                              at perf.TaskThreads$RunTask#call():64 [JIT compiled code]
                              at java.util.concurrent.FutureTask#run():328 [JIT compiled code]
                              at java.util.concurrent.ThreadPoolExecutor#runWorker():1090 [Interpreted code]
                              at java.util.concurrent.ThreadPoolExecutor$Worker#run():614 [Interpreted code]
                              at java.lang.Thread#runWith():1487 [Interpreted code]
                              at java.lang.Thread#run():1474 [Interpreted code]
3.66%         2590M         org.apache.lucene.util.ArrayUtil#growExact():436 [Inlined code]
                              at org.apache.lucene.util.ArrayUtil#grow():448 [Inlined code]
                              at org.apache.lucene.codecs.lucene90.LZ4WithPresetDictCompressionMode$LZ4WithPresetDictDecompressor#decompress():132 [JIT compiled code]
                              at org.apache.lucene.codecs.lucene90.compressing.Lucene90CompressingStoredFieldsReader$BlockState#document():641 [JIT compiled code]
                              at org.apache.lucene.codecs.lucene90.compressing.Lucene90CompressingStoredFieldsReader#serializedDocument():673 [Inlined code]
                              at org.apache.lucene.codecs.lucene90.compressing.Lucene90CompressingStoredFieldsReader#document():691 [JIT compiled code]
                              at org.apache.lucene.index.CodecReader$1#document():101 [Inlined code]
                              at org.apache.lucene.index.BaseCompositeReader$2#document():190 [JIT compiled code]
                              at org.apache.lucene.index.StoredFields#document():68 [Inlined code]
                              at perf.SearchTask#printResults():776 [JIT compiled code]
                              at perf.UnparsedTask#printResults():85 [JIT compiled code]
                              at perf.SearchPerfTest#_main():770 [Interpreted code]
1.89%         1341M         org.apache.lucene.facet.sortedset.SortedSetDocValuesFacetCounts#countOneSegmentNHLD():125 [JIT compiled code]
                              at org.apache.lucene.facet.sortedset.SortedSetDocValuesFacetCounts#countAll():322 [Interpreted code]
                              at org.apache.lucene.facet.sortedset.SortedSetDocValuesFacetCounts#<init>():73 [Inlined code]
                              at org.apache.lucene.facet.sortedset.SortedSetDocValuesFacetCounts#<init>():63 [Inlined code]
                              at perf.SearchTask#go():290 [JIT compiled code]
                              at perf.UnparsedTask#go():57 [JIT compiled code]
                              at perf.TaskThreads$RunTask#call():81 [JIT compiled code]
                              at perf.TaskThreads$RunTask#call():64 [JIT compiled code]
                              at java.util.concurrent.FutureTask#run():328 [JIT compiled code]
                              at java.util.concurrent.ThreadPoolExecutor#runWorker():1090 [Interpreted code]
                              at java.util.concurrent.ThreadPoolExecutor$Worker#run():614 [Interpreted code]
                              at java.lang.Thread#runWith():1487 [Interpreted code]
1.32%         933M          org.apache.lucene.util.ArrayUtil#growNoCopy():459 [Inlined code]
                              at org.apache.lucene.codecs.lucene90.LZ4WithPresetDictCompressionMode$LZ4WithPresetDictDecompressor#decompress():102 [JIT compiled code]
                              at org.apache.lucene.codecs.lucene90.compressing.Lucene90CompressingStoredFieldsReader$BlockState#document():641 [JIT compiled code]
                              at org.apache.lucene.codecs.lucene90.compressing.Lucene90CompressingStoredFieldsReader#serializedDocument():673 [Inlined code]
                              at org.apache.lucene.codecs.lucene90.compressing.Lucene90CompressingStoredFieldsReader#document():691 [JIT compiled code]
                              at org.apache.lucene.index.CodecReader$1#document():101 [Inlined code]
                              at org.apache.lucene.index.BaseCompositeReader$2#document():190 [JIT compiled code]
                              at org.apache.lucene.index.StoredFields#document():68 [Inlined code]
                              at perf.SearchTask#printResults():776 [JIT compiled code]
                              at perf.UnparsedTask#printResults():85 [JIT compiled code]
                              at perf.SearchPerfTest#_main():770 [Interpreted code]
                              at perf.SearchPerfTest#main():145 [Interpreted code]
1.17%         829M          org.apache.lucene.util.ArrayUtil#growNoCopy():423 [Inlined code]
                              at org.apache.lucene.codecs.lucene90.compressing.Lucene90CompressingStoredFieldsReader$BlockState#doReset():504 [JIT compiled code]
                              at org.apache.lucene.codecs.lucene90.compressing.Lucene90CompressingStoredFieldsReader$BlockState#reset():472 [Inlined code]
                              at org.apache.lucene.codecs.lucene90.compressing.Lucene90CompressingStoredFieldsReader#serializedDocument():670 [Inlined code]
                              at org.apache.lucene.codecs.lucene90.compressing.Lucene90CompressingStoredFieldsReader#document():691 [JIT compiled code]
                              at org.apache.lucene.index.CodecReader$1#document():101 [Inlined code]
                              at org.apache.lucene.index.BaseCompositeReader$2#document():190 [JIT compiled code]
                              at org.apache.lucene.index.StoredFields#document():68 [Inlined code]
                              at perf.SearchTask#printResults():776 [JIT compiled code]
                              at perf.UnparsedTask#printResults():85 [JIT compiled code]
                              at perf.SearchPerfTest#_main():770 [Interpreted code]
                              at perf.SearchPerfTest#main():145 [Interpreted code]
1.12%         792M          org.apache.lucene.util.ArrayUtil#growNoCopy():423 [Inlined code]
                              at org.apache.lucene.codecs.lucene90.compressing.Lucene90CompressingStoredFieldsReader$BlockState#doReset():503 [JIT compiled code]
                              at org.apache.lucene.codecs.lucene90.compressing.Lucene90CompressingStoredFieldsReader$BlockState#reset():472 [Inlined code]
                              at org.apache.lucene.codecs.lucene90.compressing.Lucene90CompressingStoredFieldsReader#serializedDocument():670 [Inlined code]
                              at org.apache.lucene.codecs.lucene90.compressing.Lucene90CompressingStoredFieldsReader#document():691 [JIT compiled code]
                              at org.apache.lucene.index.CodecReader$1#document():101 [Inlined code]
                              at org.apache.lucene.index.BaseCompositeReader$2#document():190 [JIT compiled code]
                              at org.apache.lucene.index.StoredFields#document():68 [Inlined code]
                              at perf.SearchTask#printResults():776 [JIT compiled code]
                              at perf.UnparsedTask#printResults():85 [JIT compiled code]
                              at perf.SearchPerfTest#_main():770 [Interpreted code]
                              at perf.SearchPerfTest#main():145 [Interpreted code]
1.00%         710M          org.apache.lucene.facet.taxonomy.TaxonomyFacets#initializeValueCounters():134 [Inlined code]
                              at org.apache.lucene.facet.taxonomy.FastTaxonomyFacetCounts#countAll():127 [JIT compiled code]
                              at org.apache.lucene.facet.taxonomy.FastTaxonomyFacetCounts#<init>():69 [Interpreted code]
                              at perf.SearchTask#go():282 [Interpreted code]
                              at perf.UnparsedTask#go():57 [Interpreted code]
                              at perf.TaskThreads$RunTask#call():81 [Interpreted code]
                              at perf.TaskThreads$RunTask#call():64 [Interpreted code]
                              at java.util.concurrent.FutureTask#run():328 [JIT compiled code]
                              at java.util.concurrent.ThreadPoolExecutor#runWorker():1090 [Interpreted code]
                              at java.util.concurrent.ThreadPoolExecutor$Worker#run():614 [Interpreted code]
                              at java.lang.Thread#runWith():1487 [Interpreted code]
                              at java.lang.Thread#run():1474 [Interpreted code]
0.92%         654M          org.apache.lucene.facet.sortedset.SortedSetDocValuesFacetCounts#initializeCounts():81 [Inlined code]
                              at org.apache.lucene.facet.sortedset.SortedSetDocValuesFacetCounts#countOneSegmentNHLD():105 [JIT compiled code]
                              at org.apache.lucene.facet.sortedset.SortedSetDocValuesFacetCounts#countAll():322 [Interpreted code]
                              at org.apache.lucene.facet.sortedset.SortedSetDocValuesFacetCounts#<init>():73 [Inlined code]
                              at org.apache.lucene.facet.sortedset.SortedSetDocValuesFacetCounts#<init>():63 [Inlined code]
                              at perf.SearchTask#go():290 [JIT compiled code]
                              at perf.UnparsedTask#go():57 [JIT compiled code]
                              at perf.TaskThreads$RunTask#call():81 [JIT compiled code]
                              at perf.TaskThreads$RunTask#call():64 [JIT compiled code]
                              at java.util.concurrent.FutureTask#run():328 [JIT compiled code]
                              at java.util.concurrent.ThreadPoolExecutor#runWorker():1090 [Interpreted code]
                              at java.util.concurrent.ThreadPoolExecutor$Worker#run():614 [Interpreted code]
0.91%         645M          org.apache.lucene.facet.taxonomy.TaxonomyFacets#initializeValueCounters():134 [Inlined code]
                              at org.apache.lucene.facet.taxonomy.FastTaxonomyFacetCounts#count():82 [JIT compiled code]
                              at org.apache.lucene.facet.taxonomy.FastTaxonomyFacetCounts#<init>():57 [Interpreted code]
                              at perf.SearchTask#go():310 [JIT compiled code]
                              at perf.UnparsedTask#go():57 [JIT compiled code]
                              at perf.TaskThreads$RunTask#call():81 [JIT compiled code]
                              at perf.TaskThreads$RunTask#call():64 [JIT compiled code]
                              at java.util.concurrent.FutureTask#run():328 [JIT compiled code]
                              at java.util.concurrent.ThreadPoolExecutor#runWorker():1090 [Interpreted code]
                              at java.util.concurrent.ThreadPoolExecutor$Worker#run():614 [Interpreted code]
                              at java.lang.Thread#runWith():1487 [Interpreted code]
                              at java.lang.Thread#run():1474 [Interpreted code]
0.89%         627M          org.apache.lucene.util.ArrayUtil#growExact():436 [Inlined code]
                              at org.apache.lucene.util.ArrayUtil#grow():448 [Inlined code]
                              at org.apache.lucene.codecs.lucene90.LZ4WithPresetDictCompressionMode$LZ4WithPresetDictDecompressor#decompress():132 [JIT compiled code]
                              at org.apache.lucene.codecs.lucene90.compressing.Lucene90CompressingStoredFieldsReader$BlockState#document():641 [JIT compiled code]
                              at org.apache.lucene.codecs.lucene90.compressing.Lucene90CompressingStoredFieldsReader#serializedDocument():673 [Inlined code]
                              at org.apache.lucene.codecs.lucene90.compressing.Lucene90CompressingStoredFieldsReader#document():691 [JIT compiled code]
                              at org.apache.lucene.index.CodecReader$1#document():101 [Inlined code]
                              at org.apache.lucene.index.BaseCompositeReader$2#document():190 [JIT compiled code]
                              at org.apache.lucene.index.StoredFields#document():68 [Inlined code]
                              at perf.SearchTask#printResults():776 [JIT compiled code]
                              at perf.UnparsedTask#printResults():85 [Interpreted code]
                              at perf.SearchPerfTest#_main():770 [Interpreted code]
0.88%         620M          org.apache.lucene.util.ArrayUtil#growExact():436 [Inlined code]
                              at org.apache.lucene.util.ArrayUtil#grow():448 [Inlined code]
                              at org.apache.lucene.codecs.lucene90.LZ4WithPresetDictCompressionMode$LZ4WithPresetDictDecompressor#decompress():132 [JIT compiled code]
                              at org.apache.lucene.codecs.lucene90.compressing.Lucene90CompressingStoredFieldsReader$BlockState#document():641 [JIT compiled code]
                              at org.apache.lucene.codecs.lucene90.compressing.Lucene90CompressingStoredFieldsReader#serializedDocument():673 [Inlined code]
                              at org.apache.lucene.codecs.lucene90.compressing.Lucene90CompressingStoredFieldsReader#document():691 [JIT compiled code]
                              at org.apache.lucene.index.CodecReader$1#document():101 [Inlined code]
                              at org.apache.lucene.index.BaseCompositeReader$2#document():190 [Inlined code]
                              at org.apache.lucene.index.StoredFields#document():68 [Inlined code]
                              at perf.SearchTask#printResults():776 [JIT compiled code]
                              at perf.UnparsedTask#printResults():85 [JIT compiled code]
                              at perf.SearchPerfTest#_main():770 [Interpreted code]
0.65%         459M          org.apache.lucene.facet.taxonomy.TaxonomyFacets#initializeValueCounters():134 [Inlined code]
                              at org.apache.lucene.facet.taxonomy.FastTaxonomyFacetCounts#countAll():127 [JIT compiled code]
                              at org.apache.lucene.facet.taxonomy.FastTaxonomyFacetCounts#<init>():69 [Interpreted code]
                              at perf.SearchTask#go():282 [Interpreted code]
                              at perf.UnparsedTask#go():57 [JIT compiled code]
                              at perf.TaskThreads$RunTask#call():81 [JIT compiled code]
                              at perf.TaskThreads$RunTask#call():64 [JIT compiled code]
                              at java.util.concurrent.FutureTask#run():328 [JIT compiled code]
                              at java.util.concurrent.ThreadPoolExecutor#runWorker():1090 [Interpreted code]
                              at java.util.concurrent.ThreadPoolExecutor$Worker#run():614 [Interpreted code]
                              at java.lang.Thread#runWith():1487 [Interpreted code]
                              at java.lang.Thread#run():1474 [Interpreted code]
0.63%         449M          org.apache.lucene.facet.sortedset.SortedSetDocValuesFacetCounts#countOneSegmentNHLD():125 [JIT compiled code]
                              at org.apache.lucene.facet.sortedset.SortedSetDocValuesFacetCounts#countAll():322 [Interpreted code]
                              at org.apache.lucene.facet.sortedset.SortedSetDocValuesFacetCounts#<init>():73 [Interpreted code]
                              at org.apache.lucene.facet.sortedset.SortedSetDocValuesFacetCounts#<init>():63 [Interpreted code]
                              at perf.SearchTask#go():290 [Interpreted code]
                              at perf.UnparsedTask#go():57 [Interpreted code]
                              at perf.TaskThreads$RunTask#call():81 [Interpreted code]
                              at perf.TaskThreads$RunTask#call():64 [Interpreted code]
                              at java.util.concurrent.FutureTask#run():328 [JIT compiled code]
                              at java.util.concurrent.ThreadPoolExecutor#runWorker():1090 [Interpreted code]
                              at java.util.concurrent.ThreadPoolExecutor$Worker#run():614 [Interpreted code]
                              at java.lang.Thread#runWith():1487 [Interpreted code]
0.62%         442M          perf.TaskThreads$TaskThread#run():156 [Interpreted code]
0.56%         393M          org.apache.lucene.util.ArrayUtil#growExact():436 [Inlined code]
                              at org.apache.lucene.util.ArrayUtil#grow():448 [Inlined code]
                              at org.apache.lucene.codecs.lucene90.LZ4WithPresetDictCompressionMode$LZ4WithPresetDictDecompressor#decompress():132 [JIT compiled code]
                              at org.apache.lucene.codecs.lucene90.compressing.Lucene90CompressingStoredFieldsReader$BlockState#document():641 [JIT compiled code]
                              at org.apache.lucene.codecs.lucene90.compressing.Lucene90CompressingStoredFieldsReader#serializedDocument():673 [Inlined code]
                              at org.apache.lucene.codecs.lucene90.compressing.Lucene90CompressingStoredFieldsReader#document():691 [JIT compiled code]
                              at org.apache.lucene.index.CodecReader$1#document():101 [Inlined code]
                              at org.apache.lucene.index.BaseCompositeReader$2#document():190 [JIT compiled code]
                              at org.apache.lucene.index.StoredFields#document():68 [Inlined code]
                              at perf.SearchTask#printResults():771 [JIT compiled code]
                              at perf.UnparsedTask#printResults():85 [JIT compiled code]
                              at perf.SearchPerfTest#_main():770 [Interpreted code]
0.48%         339M          java.lang.Integer#valueOf():1006 [Inlined code]
                              at java.util.PrimitiveIterator$OfInt#next():129 [JIT compiled code]
                              at org.apache.lucene.facet.sortedset.AbstractSortedSetDocValueFacetCounts#computeTopChildren():317 [JIT compiled code]
                              at org.apache.lucene.facet.sortedset.AbstractSortedSetDocValueFacetCounts#getTopChildrenForPath():300 [Interpreted code]
                              at org.apache.lucene.facet.sortedset.AbstractSortedSetDocValueFacetCounts#getTopChildren():61 [Interpreted code]
                              at org.apache.lucene.facet.sortedset.SortedSetDocValuesFacetCounts#getTopChildren():57 [Interpreted code]
                              at perf.SearchTask#go():291 [Interpreted code]
                              at perf.UnparsedTask#go():57 [Interpreted code]
                              at perf.TaskThreads$RunTask#call():81 [Interpreted code]
                              at perf.TaskThreads$RunTask#call():64 [Interpreted code]
                              at java.util.concurrent.FutureTask#run():328 [JIT compiled code]
                              at java.util.concurrent.ThreadPoolExecutor#runWorker():1090 [Interpreted code]
0.43%         307M          org.apache.lucene.codecs.lucene104.Lucene104PostingsReader$BlockPostingsEnum#<init>():302 [JIT compiled code]
                              at org.apache.lucene.codecs.lucene104.Lucene104PostingsReader#postings():260 [Inlined code]
                              at org.apache.lucene.codecs.lucene103.blocktree.SegmentTermsEnum#postings():1010 [JIT compiled code]
                              at org.apache.lucene.search.comparators.TermOrdValComparator$PostingsBasedCompetitiveState#init():660 [JIT compiled code]
                              at org.apache.lucene.search.comparators.TermOrdValComparator$PostingsBasedCompetitiveState#update():615 [Inlined code]
                              at org.apache.lucene.search.comparators.TermOrdValComparator$TermOrdValLeafComparator#updateCompetitiveIterator():500 [JIT compiled code]
                              at org.apache.lucene.search.comparators.TermOrdValComparator$TermOrdValLeafComparator#setBottom():391 [JIT compiled code]
                              at org.apache.lucene.search.TopFieldCollector$TopFieldLeafCollector#collectCompetitiveHit():118 [JIT compiled code]
                              at org.apache.lucene.search.TopFieldCollector$SimpleFieldCollector$1#collect():209 [Inlined code]
                              at org.apache.lucene.search.LeafCollector$$Lambda.0x00000000111c3570#accept() [Inlined code]
                              at org.apache.lucene.util.FixedBitSet#forEach():944 [Inlined code]
                              at org.apache.lucene.util.FixedBitSet#forEach():931 [JIT compiled code]
0.43%         305M          org.apache.lucene.util.FixedBitSet#<init>():148 [Inlined code]
                              at org.apache.lucene.codecs.lucene104.Lucene104PostingsReader$BlockPostingsEnum#<init>():307 [JIT compiled code]
                              at org.apache.lucene.codecs.lucene104.Lucene104PostingsReader#postings():260 [Inlined code]
                              at org.apache.lucene.codecs.lucene103.blocktree.SegmentTermsEnum#postings():1010 [JIT compiled code]
                              at org.apache.lucene.search.comparators.TermOrdValComparator$PostingsBasedCompetitiveState#init():660 [JIT compiled code]
                              at org.apache.lucene.search.comparators.TermOrdValComparator$PostingsBasedCompetitiveState#update():615 [Inlined code]
                              at org.apache.lucene.search.comparators.TermOrdValComparator$TermOrdValLeafComparator#updateCompetitiveIterator():500 [JIT compiled code]
                              at org.apache.lucene.search.comparators.TermOrdValComparator$TermOrdValLeafComparator#setBottom():391 [JIT compiled code]
                              at org.apache.lucene.search.TopFieldCollector$TopFieldLeafCollector#collectCompetitiveHit():118 [JIT compiled code]
                              at org.apache.lucene.search.TopFieldCollector$SimpleFieldCollector$1#collect():209 [Inlined code]
                              at org.apache.lucene.search.LeafCollector$$Lambda.0x00000000111c3570#accept() [Inlined code]
                              at org.apache.lucene.util.FixedBitSet#forEach():944 [Inlined code]
0.43%         302M          org.apache.lucene.util.FixedBitSet#<init>():148 [Inlined code]
                              at org.apache.lucene.codecs.lucene104.Lucene104PostingsReader$BlockPostingsEnum#<init>():307 [JIT compiled code]
                              at org.apache.lucene.codecs.lucene104.Lucene104PostingsReader#postings():260 [Inlined code]
                              at org.apache.lucene.codecs.lucene103.blocktree.SegmentTermsEnum#postings():1010 [JIT compiled code]
                              at org.apache.lucene.search.comparators.TermOrdValComparator$PostingsBasedCompetitiveState#init():660 [JIT compiled code]
                              at org.apache.lucene.search.comparators.TermOrdValComparator$PostingsBasedCompetitiveState#update():615 [Inlined code]
                              at org.apache.lucene.search.comparators.TermOrdValComparator$TermOrdValLeafComparator#updateCompetitiveIterator():500 [JIT compiled code]
                              at org.apache.lucene.search.comparators.TermOrdValComparator$TermOrdValLeafComparator#setBottom():391 [JIT compiled code]
                              at org.apache.lucene.search.TopFieldCollector$TopFieldLeafCollector#collectCompetitiveHit():118 [JIT compiled code]
                              at org.apache.lucene.search.TopFieldCollector$SimpleFieldCollector$1#collect():209 [Inlined code]
                              at org.apache.lucene.search.LeafCollector$$Lambda.0x00000000351c3570#accept() [Inlined code]
                              at org.apache.lucene.util.FixedBitSet#forEach():944 [Inlined code]
0.42%         297M          org.apache.lucene.util.FixedBitSet#<init>():148 [Inlined code]
                              at org.apache.lucene.codecs.lucene104.Lucene104PostingsReader$BlockPostingsEnum#<init>():307 [JIT compiled code]
                              at org.apache.lucene.codecs.lucene104.Lucene104PostingsReader#postings():260 [Inlined code]
                              at org.apache.lucene.codecs.lucene103.blocktree.SegmentTermsEnum#postings():1010 [JIT compiled code]
                              at org.apache.lucene.search.comparators.TermOrdValComparator$PostingsBasedCompetitiveState#init():660 [JIT compiled code]
                              at org.apache.lucene.search.comparators.TermOrdValComparator$PostingsBasedCompetitiveState#update():615 [Inlined code]
                              at org.apache.lucene.search.comparators.TermOrdValComparator$TermOrdValLeafComparator#updateCompetitiveIterator():500 [JIT compiled code]
                              at org.apache.lucene.search.comparators.TermOrdValComparator$TermOrdValLeafComparator#<init>():293 [JIT compiled code]
                              at org.apache.lucene.search.comparators.TermOrdValComparator#getLeafComparator():171 [JIT compiled code]
                              at org.apache.lucene.search.FieldValueHitQueue#getComparators():172 [JIT compiled code]
                              at org.apache.lucene.search.TopFieldCollector$TopFieldLeafCollector#<init>():60 [JIT compiled code]
                              at org.apache.lucene.search.TopFieldCollector$SimpleFieldCollector$1#<init>():200 [JIT compiled code]
0.42%         296M          perf.TaskParser#secondPassParse():208 [Interpreted code]
                              at perf.UnparsedTask#go():53 [Interpreted code]
                              at perf.TaskThreads$RunTask#call():81 [Interpreted code]
                              at perf.TaskThreads$RunTask#call():64 [Interpreted code]
                              at java.util.concurrent.FutureTask#run():328 [JIT compiled code]
                              at java.util.concurrent.ThreadPoolExecutor#runWorker():1090 [Interpreted code]
                              at java.util.concurrent.ThreadPoolExecutor$Worker#run():614 [Interpreted code]
                              at java.lang.Thread#runWith():1487 [Interpreted code]
                              at java.lang.Thread#run():1474 [Interpreted code]
0.42%         296M          org.apache.lucene.codecs.lucene104.Lucene104PostingsReader$BlockPostingsEnum#<init>():335 [JIT compiled code]
                              at org.apache.lucene.codecs.lucene104.Lucene104PostingsReader#postings():260 [Inlined code]
                              at org.apache.lucene.codecs.lucene103.blocktree.SegmentTermsEnum#postings():1010 [JIT compiled code]
                              at org.apache.lucene.search.comparators.TermOrdValComparator$PostingsBasedCompetitiveState#init():660 [JIT compiled code]
                              at org.apache.lucene.search.comparators.TermOrdValComparator$PostingsBasedCompetitiveState#update():615 [Inlined code]
                              at org.apache.lucene.search.comparators.TermOrdValComparator$TermOrdValLeafComparator#updateCompetitiveIterator():500 [JIT compiled code]
                              at org.apache.lucene.search.comparators.TermOrdValComparator$TermOrdValLeafComparator#setBottom():391 [JIT compiled code]
                              at org.apache.lucene.search.TopFieldCollector$TopFieldLeafCollector#collectCompetitiveHit():118 [JIT compiled code]
                              at org.apache.lucene.search.TopFieldCollector$SimpleFieldCollector$1#collect():209 [Inlined code]
                              at org.apache.lucene.search.LeafCollector$$Lambda.0x00000000351c3570#accept() [Inlined code]
                              at org.apache.lucene.util.FixedBitSet#forEach():944 [Inlined code]
                              at org.apache.lucene.util.FixedBitSet#forEach():931 [JIT compiled code]
0.42%         296M          org.apache.lucene.codecs.lucene104.Lucene104PostingsReader$BlockPostingsEnum#<init>():335 [JIT compiled code]
                              at org.apache.lucene.codecs.lucene104.Lucene104PostingsReader#postings():260 [Inlined code]
                              at org.apache.lucene.codecs.lucene103.blocktree.SegmentTermsEnum#postings():1010 [JIT compiled code]
                              at org.apache.lucene.search.comparators.TermOrdValComparator$PostingsBasedCompetitiveState#init():660 [JIT compiled code]
                              at org.apache.lucene.search.comparators.TermOrdValComparator$PostingsBasedCompetitiveState#update():615 [Inlined code]
                              at org.apache.lucene.search.comparators.TermOrdValComparator$TermOrdValLeafComparator#updateCompetitiveIterator():500 [JIT compiled code]
                              at org.apache.lucene.search.comparators.TermOrdValComparator$TermOrdValLeafComparator#setBottom():391 [JIT compiled code]
                              at org.apache.lucene.search.TopFieldCollector$TopFieldLeafCollector#collectCompetitiveHit():118 [JIT compiled code]
                              at org.apache.lucene.search.TopFieldCollector$SimpleFieldCollector$1#collect():209 [Inlined code]
                              at org.apache.lucene.search.LeafCollector$$Lambda.0x000000001f1c3570#accept() [Inlined code]
                              at org.apache.lucene.util.FixedBitSet#forEach():944 [Inlined code]
                              at org.apache.lucene.util.FixedBitSet#forEach():931 [JIT compiled code]
0.41%         291M          org.apache.lucene.codecs.lucene104.Lucene104PostingsReader$BlockPostingsEnum#<init>():335 [JIT compiled code]
                              at org.apache.lucene.codecs.lucene104.Lucene104PostingsReader#postings():260 [Inlined code]
                              at org.apache.lucene.codecs.lucene103.blocktree.SegmentTermsEnum#postings():1010 [JIT compiled code]
                              at org.apache.lucene.search.comparators.TermOrdValComparator$PostingsBasedCompetitiveState#init():660 [JIT compiled code]
                              at org.apache.lucene.search.comparators.TermOrdValComparator$PostingsBasedCompetitiveState#update():615 [Inlined code]
                              at org.apache.lucene.search.comparators.TermOrdValComparator$TermOrdValLeafComparator#updateCompetitiveIterator():500 [JIT compiled code]
                              at org.apache.lucene.search.comparators.TermOrdValComparator$TermOrdValLeafComparator#<init>():293 [JIT compiled code]
                              at org.apache.lucene.search.comparators.TermOrdValComparator#getLeafComparator():171 [JIT compiled code]
                              at org.apache.lucene.search.FieldValueHitQueue#getComparators():172 [JIT compiled code]
                              at org.apache.lucene.search.TopFieldCollector$TopFieldLeafCollector#<init>():60 [JIT compiled code]
                              at org.apache.lucene.search.TopFieldCollector$SimpleFieldCollector$1#<init>():200 [JIT compiled code]
                              at org.apache.lucene.search.TopFieldCollector$SimpleFieldCollector#getLeafCollector():199 [JIT compiled code]
0.40%         281M          org.apache.lucene.codecs.lucene104.Lucene104PostingsReader$BlockPostingsEnum#<init>():302 [JIT compiled code]
                              at org.apache.lucene.codecs.lucene104.Lucene104PostingsReader#postings():260 [Inlined code]
                              at org.apache.lucene.codecs.lucene103.blocktree.SegmentTermsEnum#postings():1010 [JIT compiled code]
                              at org.apache.lucene.search.comparators.TermOrdValComparator$PostingsBasedCompetitiveState#init():660 [JIT compiled code]
                              at org.apache.lucene.search.comparators.TermOrdValComparator$PostingsBasedCompetitiveState#update():615 [Inlined code]
                              at org.apache.lucene.search.comparators.TermOrdValComparator$TermOrdValLeafComparator#updateCompetitiveIterator():500 [JIT compiled code]
                              at org.apache.lucene.search.comparators.TermOrdValComparator$TermOrdValLeafComparator#<init>():293 [JIT compiled code]
                              at org.apache.lucene.search.comparators.TermOrdValComparator#getLeafComparator():171 [JIT compiled code]
                              at org.apache.lucene.search.FieldValueHitQueue#getComparators():172 [JIT compiled code]
                              at org.apache.lucene.search.TopFieldCollector$TopFieldLeafCollector#<init>():60 [JIT compiled code]
                              at org.apache.lucene.search.TopFieldCollector$SimpleFieldCollector$1#<init>():200 [JIT compiled code]
                              at org.apache.lucene.search.TopFieldCollector$SimpleFieldCollector#getLeafCollector():199 [JIT compiled code]
0.39%         277M          org.apache.lucene.codecs.lucene104.Lucene104PostingsReader$BlockPostingsEnum#<init>():302 [JIT compiled code]
                              at org.apache.lucene.codecs.lucene104.Lucene104PostingsReader#postings():260 [Inlined code]
                              at org.apache.lucene.codecs.lucene103.blocktree.SegmentTermsEnum#postings():1010 [JIT compiled code]
                              at org.apache.lucene.search.comparators.TermOrdValComparator$PostingsBasedCompetitiveState#init():660 [JIT compiled code]
                              at org.apache.lucene.search.comparators.TermOrdValComparator$PostingsBasedCompetitiveState#update():615 [Inlined code]
                              at org.apache.lucene.search.comparators.TermOrdValComparator$TermOrdValLeafComparator#updateCompetitiveIterator():500 [JIT compiled code]
                              at org.apache.lucene.search.comparators.TermOrdValComparator$TermOrdValLeafComparator#setBottom():391 [JIT compiled code]
                              at org.apache.lucene.search.TopFieldCollector$TopFieldLeafCollector#collectCompetitiveHit():118 [JIT compiled code]
                              at org.apache.lucene.search.TopFieldCollector$SimpleFieldCollector$1#collect():209 [Inlined code]
                              at org.apache.lucene.search.LeafCollector$$Lambda.0x00000000181c3570#accept() [Inlined code]
                              at org.apache.lucene.util.FixedBitSet#forEach():944 [Inlined code]
                              at org.apache.lucene.util.FixedBitSet#forEach():931 [JIT compiled code]
0.39%         277M          org.apache.lucene.codecs.lucene104.Lucene104PostingsReader$BlockPostingsEnum#<init>():302 [JIT compiled code]
                              at org.apache.lucene.codecs.lucene104.Lucene104PostingsReader#postings():260 [Inlined code]
                              at org.apache.lucene.codecs.lucene103.blocktree.SegmentTermsEnum#postings():1010 [JIT compiled code]
                              at org.apache.lucene.search.comparators.TermOrdValComparator$PostingsBasedCompetitiveState#init():660 [JIT compiled code]
                              at org.apache.lucene.search.comparators.TermOrdValComparator$PostingsBasedCompetitiveState#update():615 [Inlined code]
                              at org.apache.lucene.search.comparators.TermOrdValComparator$TermOrdValLeafComparator#updateCompetitiveIterator():500 [JIT compiled code]
                              at org.apache.lucene.search.comparators.TermOrdValComparator$TermOrdValLeafComparator#setBottom():391 [JIT compiled code]
                              at org.apache.lucene.search.TopFieldCollector$TopFieldLeafCollector#collectCompetitiveHit():118 [JIT compiled code]
                              at org.apache.lucene.search.TopFieldCollector$SimpleFieldCollector$1#collect():209 [Inlined code]
                              at org.apache.lucene.search.LeafCollector$$Lambda.0x000000001f1c3570#accept() [Inlined code]
                              at org.apache.lucene.util.FixedBitSet#forEach():944 [Inlined code]
                              at org.apache.lucene.util.FixedBitSet#forEach():931 [JIT compiled code]
0.39%         275M          org.apache.lucene.util.FixedBitSet#<init>():148 [Inlined code]
                              at org.apache.lucene.codecs.lucene104.Lucene104PostingsReader$BlockPostingsEnum#<init>():307 [JIT compiled code]
                              at org.apache.lucene.codecs.lucene104.Lucene104PostingsReader#postings():260 [Inlined code]
                              at org.apache.lucene.codecs.lucene103.blocktree.SegmentTermsEnum#postings():1010 [JIT compiled code]
                              at org.apache.lucene.search.comparators.TermOrdValComparator$PostingsBasedCompetitiveState#init():660 [JIT compiled code]
                              at org.apache.lucene.search.comparators.TermOrdValComparator$PostingsBasedCompetitiveState#update():615 [Inlined code]
                              at org.apache.lucene.search.comparators.TermOrdValComparator$TermOrdValLeafComparator#updateCompetitiveIterator():500 [JIT compiled code]
                              at org.apache.lucene.search.comparators.TermOrdValComparator$TermOrdValLeafComparator#setBottom():391 [JIT compiled code]
                              at org.apache.lucene.search.TopFieldCollector$TopFieldLeafCollector#collectCompetitiveHit():118 [JIT compiled code]
                              at org.apache.lucene.search.TopFieldCollector$SimpleFieldCollector$1#collect():209 [Inlined code]
                              at org.apache.lucene.search.LeafCollector$$Lambda.0x000000001f1c3570#accept() [Inlined code]
                              at org.apache.lucene.util.FixedBitSet#forEach():944 [Inlined code]
0.38%         270M          org.apache.lucene.util.FixedBitSet#<init>():148 [Inlined code]
                              at org.apache.lucene.codecs.lucene104.Lucene104PostingsReader$BlockPostingsEnum#<init>():307 [JIT compiled code]
                              at org.apache.lucene.codecs.lucene104.Lucene104PostingsReader#postings():260 [Inlined code]
                              at org.apache.lucene.codecs.lucene103.blocktree.SegmentTermsEnum#postings():1010 [JIT compiled code]
                              at org.apache.lucene.search.comparators.TermOrdValComparator$PostingsBasedCompetitiveState#init():660 [JIT compiled code]
                              at org.apache.lucene.search.comparators.TermOrdValComparator$PostingsBasedCompetitiveState#update():615 [Inlined code]
                              at org.apache.lucene.search.comparators.TermOrdValComparator$TermOrdValLeafComparator#updateCompetitiveIterator():500 [JIT compiled code]
                              at org.apache.lucene.search.comparators.TermOrdValComparator$TermOrdValLeafComparator#setBottom():391 [JIT compiled code]
                              at org.apache.lucene.search.TopFieldCollector$TopFieldLeafCollector#collectCompetitiveHit():118 [JIT compiled code]
                              at org.apache.lucene.search.TopFieldCollector$SimpleFieldCollector$1#collect():209 [Inlined code]
                              at org.apache.lucene.search.LeafCollector$$Lambda.0x00000000181c3570#accept() [Inlined code]
                              at org.apache.lucene.util.FixedBitSet#forEach():944 [Inlined code]
0.38%         269M          org.apache.lucene.codecs.lucene104.Lucene104PostingsReader$BlockPostingsEnum#<init>():335 [JIT compiled code]
                              at org.apache.lucene.codecs.lucene104.Lucene104PostingsReader#postings():260 [Inlined code]
                              at org.apache.lucene.codecs.lucene103.blocktree.SegmentTermsEnum#postings():1010 [JIT compiled code]
                              at org.apache.lucene.search.comparators.TermOrdValComparator$PostingsBasedCompetitiveState#init():660 [JIT compiled code]
                              at org.apache.lucene.search.comparators.TermOrdValComparator$PostingsBasedCompetitiveState#update():615 [Inlined code]
                              at org.apache.lucene.search.comparators.TermOrdValComparator$TermOrdValLeafComparator#updateCompetitiveIterator():500 [JIT compiled code]
                              at org.apache.lucene.search.comparators.TermOrdValComparator$TermOrdValLeafComparator#setBottom():391 [JIT compiled code]
                              at org.apache.lucene.search.TopFieldCollector$TopFieldLeafCollector#collectCompetitiveHit():118 [JIT compiled code]
                              at org.apache.lucene.search.TopFieldCollector$SimpleFieldCollector$1#collect():209 [Inlined code]
                              at org.apache.lucene.search.LeafCollector$$Lambda.0x00000000111c3570#accept() [Inlined code]
                              at org.apache.lucene.util.FixedBitSet#forEach():944 [Inlined code]
                              at org.apache.lucene.util.FixedBitSet#forEach():931 [JIT compiled code]

