Using java from: /home/goankur/jdk/corretto-25/bin/
use java command /home/goankur/jdk/corretto-25/bin/java -server -Xms2g -Xmx2g --add-modules jdk.incubator.vector -XX:+HeapDumpOnOutOfMemoryError -XX:+UseParallelGC
NOTE: perf executable is /usr/bin/perf; will collect aggregate CPU profiling data
NOTE: vmstat executable is /usr/bin/vmstat; will collect system-wide CPU/IO telemetry
WARNING: no gnuplot executable; will not generate system-wide CPU/IO graphs from vmstat
Using checkout:[/home/goankur/vsearch/bo/lucene-A] for competitor:[armA]
Using checkout:[/home/goankur/vsearch/bo/lucene-G] for competitor:[armG]
Removing old JFR /home/goankur/vsearch/logs/bench-search-FAK-armA-13.jfr...
Removing old JFR /home/goankur/vsearch/logs/bench-search-FAK-armK-13.jfr...
Removing old JFR /home/goankur/vsearch/logs/bench-search-FAK-armK-14.jfr...
Removing old JFR /home/goankur/vsearch/logs/bench-search-FAK-armA-14.jfr...
Removing old JFR /home/goankur/vsearch/logs/bench-search-FAK-armA-15.jfr...
Removing old JFR /home/goankur/vsearch/logs/bench-search-FAK-armK-15.jfr...
Removing old JFR /home/goankur/vsearch/logs/bench-search-FAK-armK-16.jfr...
Removing old JFR /home/goankur/vsearch/logs/bench-search-FAK-armA-16.jfr...
Removing old JFR /home/goankur/vsearch/logs/bench-search-FAK-armA-17.jfr...
Removing old JFR /home/goankur/vsearch/logs/bench-search-FAK-armK-17.jfr...
Removing old JFR /home/goankur/vsearch/logs/bench-search-FAK-armK-18.jfr...
Removing old JFR /home/goankur/vsearch/logs/bench-search-FAK-armA-18.jfr...
Removing old JFR /home/goankur/vsearch/logs/bench-search-FAK-armA-19.jfr...
Removing old JFR /home/goankur/vsearch/logs/bench-search-FAK-armK-19.jfr...
Removing old JFR /home/goankur/vsearch/logs/bench-search-FAK-armK-8.jfr...
Removing old JFR /home/goankur/vsearch/logs/bench-search-FAK-armA-8.jfr...
Removing old JFR /home/goankur/vsearch/logs/bench-search-FAK-armA-9.jfr...
Removing old JFR /home/goankur/vsearch/logs/bench-search-FAK-armK-9.jfr...
Removing old JFR /home/goankur/vsearch/logs/bench-search-FAK-armK-10.jfr...
Removing old JFR /home/goankur/vsearch/logs/bench-search-FAK-armA-10.jfr...
Removing old JFR /home/goankur/vsearch/logs/bench-search-FAK-armA-11.jfr...
Removing old JFR /home/goankur/vsearch/logs/bench-search-FAK-armK-11.jfr...
Removing old JFR /home/goankur/vsearch/logs/bench-search-FAK-armK-12.jfr...
Removing old JFR /home/goankur/vsearch/logs/bench-search-FAK-armA-12.jfr...
Removing old JFR /home/goankur/vsearch/logs/bench-search-FAK-armK-2.jfr...
Removing old JFR /home/goankur/vsearch/logs/bench-search-FAK-armA-2.jfr...
Removing old JFR /home/goankur/vsearch/logs/bench-search-FAK-armA-3.jfr...
Removing old JFR /home/goankur/vsearch/logs/bench-search-FAK-armK-3.jfr...
Removing old JFR /home/goankur/vsearch/logs/bench-search-FAK-armK-4.jfr...
Removing old JFR /home/goankur/vsearch/logs/bench-search-FAK-armA-4.jfr...
Removing old JFR /home/goankur/vsearch/logs/bench-search-FAK-armA-5.jfr...
Removing old JFR /home/goankur/vsearch/logs/bench-search-FAK-armK-5.jfr...
Removing old JFR /home/goankur/vsearch/logs/bench-search-FAK-armK-6.jfr...
Removing old JFR /home/goankur/vsearch/logs/bench-search-FAK-armA-6.jfr...
Removing old JFR /home/goankur/vsearch/logs/bench-search-FAK-armA-7.jfr...
Removing old JFR /home/goankur/vsearch/logs/bench-search-FAK-armK-7.jfr...
Removing old JFR /home/goankur/vsearch/logs/bench-search-FAK-armA-0.jfr...
Removing old JFR /home/goankur/vsearch/logs/bench-search-FAK-armA-1.jfr...
Removing old JFR /home/goankur/vsearch/logs/bench-search-FAK-armK-1.jfr...
Removing old JFR /home/goankur/vsearch/logs/bench-search-FAK-armK-0.jfr...

JAVA:
WARNING: Using incubator modules: jdk.incubator.vector
openjdk version "25.0.4.1" 2026-08-18 LTS
OpenJDK Runtime Environment Corretto-25.0.4.8.1 (build 25.0.4.1+8-LTS)
OpenJDK 64-Bit Server VM Corretto-25.0.4.8.1 (build 25.0.4.1+8-LTS, mixed mode, sharing)


OS:
Linux ip-10-0-2-83.us-east-2.compute.internal 6.18.51-120.163.amzn2023.x86_64 #2 SMP PREEMPT_DYNAMIC Fri Sep 25 01:45:40 UTC 2026 x86_64 x86_64 x86_64 GNU/Linux


LOGS:
/home/goankur/vsearch/logs

Compile:
compile lucene:core...
    run: ['./gradlew', 'lucene:core:jar'], cwd=/home/goankur/vsearch/bo/lucene-G vmstatLogFile=None topLogFile=None
  /home/goankur/vsearch/bo/lucene-G/lucene/benchmark
files ['/home/goankur/vsearch/util/src/main/perf/Args.java', '/home/goankur/vsearch/util/src/main/perf/BatchPKLookup.java', '/home/goankur/vsearch/util/src/main/perf/BenchRearranger.java', '/home/goankur/vsearch/util/src/main/perf/CreateQueries.java', '/home/goankur/vsearch/util/src/main/perf/DiskUsage.java', '/home/goankur/vsearch/util/src/main/perf/IndexAndSearchOpenStreetMaps.java', '/home/goankur/vsearch/util/src/main/perf/IndexState.java', '/home/goankur/vsearch/util/src/main/perf/IndexTaxis.java', '/home/goankur/vsearch/util/src/main/perf/IndexThreads.java', '/home/goankur/vsearch/util/src/main/perf/Indexer.java', '/home/goankur/vsearch/util/src/main/perf/KeepNoCommitsDeletionPolicy.java', '/home/goankur/vsearch/util/src/main/perf/LineFileDocs.java', '/home/goankur/vsearch/util/src/main/perf/LocalTaskSource.java', '/home/goankur/vsearch/util/src/main/perf/NRTPerfTest.java', '/home/goankur/vsearch/util/src/main/perf/OpenCloseIndexWriter.java', '/home/goankur/vsearch/util/src/main/perf/OpenDirectory.java', '/home/goankur/vsearch/util/src/main/perf/PKLookupWithTermStateTask.java', '/home/goankur/vsearch/util/src/main/perf/PerfUtils.java', '/home/goankur/vsearch/util/src/main/perf/PointsPKLookupTask.java', '/home/goankur/vsearch/util/src/main/perf/RandomQuery.java', '/home/goankur/vsearch/util/src/main/perf/RemoteTaskSource.java', '/home/goankur/vsearch/util/src/main/perf/RespellTask.java', '/home/goankur/vsearch/util/src/main/perf/SearchPerfTest.java', '/home/goankur/vsearch/util/src/main/perf/SearchTask.java', '/home/goankur/vsearch/util/src/main/perf/SearchTaxis.java', '/home/goankur/vsearch/util/src/main/perf/StatisticsHelper.java', '/home/goankur/vsearch/util/src/main/perf/StringFieldDocSelector.java', '/home/goankur/vsearch/util/src/main/perf/Task.java', '/home/goankur/vsearch/util/src/main/perf/TaskParser.java', '/home/goankur/vsearch/util/src/main/perf/TaskParserFactory.java', '/home/goankur/vsearch/util/src/main/perf/TaskSource.java', '/home/goankur/vsearch/util/src/main/perf/TaskThreads.java', '/home/goankur/vsearch/util/src/main/perf/TestContext.java', '/home/goankur/vsearch/util/src/main/perf/TypePolluter.java', '/home/goankur/vsearch/util/src/main/perf/UnparsedTask.java', '/home/goankur/vsearch/util/src/main/perf/VectorDictionary.java']
compile: /home/goankur/jdk/corretto-25/bin/javac -g -d /home/goankur/vsearch/util/build -classpath /home/goankur/vsearch/bo/lucene-G/lucene/core/build/libs/lucene-core-11.0.0-SNAPSHOT.jar:/home/goankur/vsearch/bo/lucene-G/lucene/sandbox/build/classes/java/main:/home/goankur/vsearch/bo/lucene-G/lucene/misc/build/classes/java/main:/home/goankur/vsearch/bo/lucene-G/lucene/facet/build/classes/java/main:/home/goankur/vsearch/bo/lucene-G/lucene/analysis/common/build/classes/java/main:/home/goankur/vsearch/bo/lucene-G/lucene/analysis/icu/build/classes/java/main:/home/goankur/vsearch/bo/lucene-G/lucene/queryparser/build/classes/java/main:/home/goankur/vsearch/bo/lucene-G/lucene/grouping/build/classes/java/main:/home/goankur/vsearch/bo/lucene-G/lucene/suggest/build/classes/java/main:/home/goankur/vsearch/bo/lucene-G/lucene/highlighter/build/classes/java/main:/home/goankur/vsearch/bo/lucene-G/lucene/codecs/build/classes/java/main:/home/goankur/vsearch/bo/lucene-G/lucene/queries/build/classes/java/main:/home/goankur/vsearch/bo/lucene-G/lucene/join/build/classes/java/main:/home/goankur/vsearch/bo/lucene-G/lucene/spatial3d/build/classes/java/main:/home/goankur/vsearch/util/lib/HdrHistogram.jar:/home/goankur/vsearch/util/src/main/build/classes/java/main:/home/goankur/vsearch/util/build /home/goankur/vsearch/util/src/main/perf/Args.java /home/goankur/vsearch/util/src/main/perf/BatchPKLookup.java /home/goankur/vsearch/util/src/main/perf/BenchRearranger.java /home/goankur/vsearch/util/src/main/perf/CreateQueries.java /home/goankur/vsearch/util/src/main/perf/DiskUsage.java /home/goankur/vsearch/util/src/main/perf/IndexAndSearchOpenStreetMaps.java /home/goankur/vsearch/util/src/main/perf/IndexState.java /home/goankur/vsearch/util/src/main/perf/IndexTaxis.java /home/goankur/vsearch/util/src/main/perf/IndexThreads.java /home/goankur/vsearch/util/src/main/perf/Indexer.java /home/goankur/vsearch/util/src/main/perf/KeepNoCommitsDeletionPolicy.java /home/goankur/vsearch/util/src/main/perf/LineFileDocs.java /home/goankur/vsearch/util/src/main/perf/LocalTaskSource.java /home/goankur/vsearch/util/src/main/perf/NRTPerfTest.java /home/goankur/vsearch/util/src/main/perf/OpenCloseIndexWriter.java /home/goankur/vsearch/util/src/main/perf/OpenDirectory.java /home/goankur/vsearch/util/src/main/perf/PKLookupWithTermStateTask.java /home/goankur/vsearch/util/src/main/perf/PerfUtils.java /home/goankur/vsearch/util/src/main/perf/PointsPKLookupTask.java /home/goankur/vsearch/util/src/main/perf/RandomQuery.java /home/goankur/vsearch/util/src/main/perf/RemoteTaskSource.java /home/goankur/vsearch/util/src/main/perf/RespellTask.java /home/goankur/vsearch/util/src/main/perf/SearchPerfTest.java /home/goankur/vsearch/util/src/main/perf/SearchTask.java /home/goankur/vsearch/util/src/main/perf/SearchTaxis.java /home/goankur/vsearch/util/src/main/perf/StatisticsHelper.java /home/goankur/vsearch/util/src/main/perf/StringFieldDocSelector.java /home/goankur/vsearch/util/src/main/perf/Task.java /home/goankur/vsearch/util/src/main/perf/TaskParser.java /home/goankur/vsearch/util/src/main/perf/TaskParserFactory.java /home/goankur/vsearch/util/src/main/perf/TaskSource.java /home/goankur/vsearch/util/src/main/perf/TaskThreads.java /home/goankur/vsearch/util/src/main/perf/TestContext.java /home/goankur/vsearch/util/src/main/perf/TypePolluter.java /home/goankur/vsearch/util/src/main/perf/UnparsedTask.java /home/goankur/vsearch/util/src/main/perf/VectorDictionary.java
    run: ['/home/goankur/jdk/corretto-25/bin/javac', '-g', '-d', '/home/goankur/vsearch/util/build', '-classpath', '/home/goankur/vsearch/bo/lucene-G/lucene/core/build/libs/lucene-core-11.0.0-SNAPSHOT.jar:/home/goankur/vsearch/bo/lucene-G/lucene/sandbox/build/classes/java/main:/home/goankur/vsearch/bo/lucene-G/lucene/misc/build/classes/java/main:/home/goankur/vsearch/bo/lucene-G/lucene/facet/build/classes/java/main:/home/goankur/vsearch/bo/lucene-G/lucene/analysis/common/build/classes/java/main:/home/goankur/vsearch/bo/lucene-G/lucene/analysis/icu/build/classes/java/main:/home/goankur/vsearch/bo/lucene-G/lucene/queryparser/build/classes/java/main:/home/goankur/vsearch/bo/lucene-G/lucene/grouping/build/classes/java/main:/home/goankur/vsearch/bo/lucene-G/lucene/suggest/build/classes/java/main:/home/goankur/vsearch/bo/lucene-G/lucene/highlighter/build/classes/java/main:/home/goankur/vsearch/bo/lucene-G/lucene/codecs/build/classes/java/main:/home/goankur/vsearch/bo/lucene-G/lucene/queries/build/classes/java/main:/home/goankur/vsearch/bo/lucene-G/lucene/join/build/classes/java/main:/home/goankur/vsearch/bo/lucene-G/lucene/spatial3d/build/classes/java/main:/home/goankur/vsearch/util/lib/HdrHistogram.jar:/home/goankur/vsearch/util/src/main/build/classes/java/main:/home/goankur/vsearch/util/build', '/home/goankur/vsearch/util/src/main/perf/Args.java', '/home/goankur/vsearch/util/src/main/perf/BatchPKLookup.java', '/home/goankur/vsearch/util/src/main/perf/BenchRearranger.java', '/home/goankur/vsearch/util/src/main/perf/CreateQueries.java', '/home/goankur/vsearch/util/src/main/perf/DiskUsage.java', '/home/goankur/vsearch/util/src/main/perf/IndexAndSearchOpenStreetMaps.java', '/home/goankur/vsearch/util/src/main/perf/IndexState.java', '/home/goankur/vsearch/util/src/main/perf/IndexTaxis.java', '/home/goankur/vsearch/util/src/main/perf/IndexThreads.java', '/home/goankur/vsearch/util/src/main/perf/Indexer.java', '/home/goankur/vsearch/util/src/main/perf/KeepNoCommitsDeletionPolicy.java', '/home/goankur/vsearch/util/src/main/perf/LineFileDocs.java', '/home/goankur/vsearch/util/src/main/perf/LocalTaskSource.java', '/home/goankur/vsearch/util/src/main/perf/NRTPerfTest.java', '/home/goankur/vsearch/util/src/main/perf/OpenCloseIndexWriter.java', '/home/goankur/vsearch/util/src/main/perf/OpenDirectory.java', '/home/goankur/vsearch/util/src/main/perf/PKLookupWithTermStateTask.java', '/home/goankur/vsearch/util/src/main/perf/PerfUtils.java', '/home/goankur/vsearch/util/src/main/perf/PointsPKLookupTask.java', '/home/goankur/vsearch/util/src/main/perf/RandomQuery.java', '/home/goankur/vsearch/util/src/main/perf/RemoteTaskSource.java', '/home/goankur/vsearch/util/src/main/perf/RespellTask.java', '/home/goankur/vsearch/util/src/main/perf/SearchPerfTest.java', '/home/goankur/vsearch/util/src/main/perf/SearchTask.java', '/home/goankur/vsearch/util/src/main/perf/SearchTaxis.java', '/home/goankur/vsearch/util/src/main/perf/StatisticsHelper.java', '/home/goankur/vsearch/util/src/main/perf/StringFieldDocSelector.java', '/home/goankur/vsearch/util/src/main/perf/Task.java', '/home/goankur/vsearch/util/src/main/perf/TaskParser.java', '/home/goankur/vsearch/util/src/main/perf/TaskParserFactory.java', '/home/goankur/vsearch/util/src/main/perf/TaskSource.java', '/home/goankur/vsearch/util/src/main/perf/TaskThreads.java', '/home/goankur/vsearch/util/src/main/perf/TestContext.java', '/home/goankur/vsearch/util/src/main/perf/TypePolluter.java', '/home/goankur/vsearch/util/src/main/perf/UnparsedTask.java', '/home/goankur/vsearch/util/src/main/perf/VectorDictionary.java'], cwd=/home/goankur/vsearch/bo/lucene-G/lucene/benchmark vmstatLogFile=None topLogFile=None
compile lucene:core...
    run: ['./gradlew', 'lucene:core:jar'], cwd=/home/goankur/vsearch/bo/lucene-A vmstatLogFile=None topLogFile=None
  /home/goankur/vsearch/bo/lucene-A/lucene/benchmark
files ['/home/goankur/vsearch/util/src/main/perf/Args.java', '/home/goankur/vsearch/util/src/main/perf/BatchPKLookup.java', '/home/goankur/vsearch/util/src/main/perf/BenchRearranger.java', '/home/goankur/vsearch/util/src/main/perf/CreateQueries.java', '/home/goankur/vsearch/util/src/main/perf/DiskUsage.java', '/home/goankur/vsearch/util/src/main/perf/IndexAndSearchOpenStreetMaps.java', '/home/goankur/vsearch/util/src/main/perf/IndexState.java', '/home/goankur/vsearch/util/src/main/perf/IndexTaxis.java', '/home/goankur/vsearch/util/src/main/perf/IndexThreads.java', '/home/goankur/vsearch/util/src/main/perf/Indexer.java', '/home/goankur/vsearch/util/src/main/perf/KeepNoCommitsDeletionPolicy.java', '/home/goankur/vsearch/util/src/main/perf/LineFileDocs.java', '/home/goankur/vsearch/util/src/main/perf/LocalTaskSource.java', '/home/goankur/vsearch/util/src/main/perf/NRTPerfTest.java', '/home/goankur/vsearch/util/src/main/perf/OpenCloseIndexWriter.java', '/home/goankur/vsearch/util/src/main/perf/OpenDirectory.java', '/home/goankur/vsearch/util/src/main/perf/PKLookupWithTermStateTask.java', '/home/goankur/vsearch/util/src/main/perf/PerfUtils.java', '/home/goankur/vsearch/util/src/main/perf/PointsPKLookupTask.java', '/home/goankur/vsearch/util/src/main/perf/RandomQuery.java', '/home/goankur/vsearch/util/src/main/perf/RemoteTaskSource.java', '/home/goankur/vsearch/util/src/main/perf/RespellTask.java', '/home/goankur/vsearch/util/src/main/perf/SearchPerfTest.java', '/home/goankur/vsearch/util/src/main/perf/SearchTask.java', '/home/goankur/vsearch/util/src/main/perf/SearchTaxis.java', '/home/goankur/vsearch/util/src/main/perf/StatisticsHelper.java', '/home/goankur/vsearch/util/src/main/perf/StringFieldDocSelector.java', '/home/goankur/vsearch/util/src/main/perf/Task.java', '/home/goankur/vsearch/util/src/main/perf/TaskParser.java', '/home/goankur/vsearch/util/src/main/perf/TaskParserFactory.java', '/home/goankur/vsearch/util/src/main/perf/TaskSource.java', '/home/goankur/vsearch/util/src/main/perf/TaskThreads.java', '/home/goankur/vsearch/util/src/main/perf/TestContext.java', '/home/goankur/vsearch/util/src/main/perf/TypePolluter.java', '/home/goankur/vsearch/util/src/main/perf/UnparsedTask.java', '/home/goankur/vsearch/util/src/main/perf/VectorDictionary.java']
compile: /home/goankur/jdk/corretto-25/bin/javac -g -d /home/goankur/vsearch/util/build -classpath /home/goankur/vsearch/bo/lucene-A/lucene/core/build/libs/lucene-core-11.0.0-SNAPSHOT.jar:/home/goankur/vsearch/bo/lucene-A/lucene/sandbox/build/classes/java/main:/home/goankur/vsearch/bo/lucene-A/lucene/misc/build/classes/java/main:/home/goankur/vsearch/bo/lucene-A/lucene/facet/build/classes/java/main:/home/goankur/vsearch/bo/lucene-A/lucene/analysis/common/build/classes/java/main:/home/goankur/vsearch/bo/lucene-A/lucene/analysis/icu/build/classes/java/main:/home/goankur/vsearch/bo/lucene-A/lucene/queryparser/build/classes/java/main:/home/goankur/vsearch/bo/lucene-A/lucene/grouping/build/classes/java/main:/home/goankur/vsearch/bo/lucene-A/lucene/suggest/build/classes/java/main:/home/goankur/vsearch/bo/lucene-A/lucene/highlighter/build/classes/java/main:/home/goankur/vsearch/bo/lucene-A/lucene/codecs/build/classes/java/main:/home/goankur/vsearch/bo/lucene-A/lucene/queries/build/classes/java/main:/home/goankur/vsearch/bo/lucene-A/lucene/join/build/classes/java/main:/home/goankur/vsearch/bo/lucene-A/lucene/spatial3d/build/classes/java/main:/home/goankur/vsearch/util/lib/HdrHistogram.jar:/home/goankur/vsearch/util/src/main/build/classes/java/main:/home/goankur/vsearch/util/build /home/goankur/vsearch/util/src/main/perf/Args.java /home/goankur/vsearch/util/src/main/perf/BatchPKLookup.java /home/goankur/vsearch/util/src/main/perf/BenchRearranger.java /home/goankur/vsearch/util/src/main/perf/CreateQueries.java /home/goankur/vsearch/util/src/main/perf/DiskUsage.java /home/goankur/vsearch/util/src/main/perf/IndexAndSearchOpenStreetMaps.java /home/goankur/vsearch/util/src/main/perf/IndexState.java /home/goankur/vsearch/util/src/main/perf/IndexTaxis.java /home/goankur/vsearch/util/src/main/perf/IndexThreads.java /home/goankur/vsearch/util/src/main/perf/Indexer.java /home/goankur/vsearch/util/src/main/perf/KeepNoCommitsDeletionPolicy.java /home/goankur/vsearch/util/src/main/perf/LineFileDocs.java /home/goankur/vsearch/util/src/main/perf/LocalTaskSource.java /home/goankur/vsearch/util/src/main/perf/NRTPerfTest.java /home/goankur/vsearch/util/src/main/perf/OpenCloseIndexWriter.java /home/goankur/vsearch/util/src/main/perf/OpenDirectory.java /home/goankur/vsearch/util/src/main/perf/PKLookupWithTermStateTask.java /home/goankur/vsearch/util/src/main/perf/PerfUtils.java /home/goankur/vsearch/util/src/main/perf/PointsPKLookupTask.java /home/goankur/vsearch/util/src/main/perf/RandomQuery.java /home/goankur/vsearch/util/src/main/perf/RemoteTaskSource.java /home/goankur/vsearch/util/src/main/perf/RespellTask.java /home/goankur/vsearch/util/src/main/perf/SearchPerfTest.java /home/goankur/vsearch/util/src/main/perf/SearchTask.java /home/goankur/vsearch/util/src/main/perf/SearchTaxis.java /home/goankur/vsearch/util/src/main/perf/StatisticsHelper.java /home/goankur/vsearch/util/src/main/perf/StringFieldDocSelector.java /home/goankur/vsearch/util/src/main/perf/Task.java /home/goankur/vsearch/util/src/main/perf/TaskParser.java /home/goankur/vsearch/util/src/main/perf/TaskParserFactory.java /home/goankur/vsearch/util/src/main/perf/TaskSource.java /home/goankur/vsearch/util/src/main/perf/TaskThreads.java /home/goankur/vsearch/util/src/main/perf/TestContext.java /home/goankur/vsearch/util/src/main/perf/TypePolluter.java /home/goankur/vsearch/util/src/main/perf/UnparsedTask.java /home/goankur/vsearch/util/src/main/perf/VectorDictionary.java
    run: ['/home/goankur/jdk/corretto-25/bin/javac', '-g', '-d', '/home/goankur/vsearch/util/build', '-classpath', '/home/goankur/vsearch/bo/lucene-A/lucene/core/build/libs/lucene-core-11.0.0-SNAPSHOT.jar:/home/goankur/vsearch/bo/lucene-A/lucene/sandbox/build/classes/java/main:/home/goankur/vsearch/bo/lucene-A/lucene/misc/build/classes/java/main:/home/goankur/vsearch/bo/lucene-A/lucene/facet/build/classes/java/main:/home/goankur/vsearch/bo/lucene-A/lucene/analysis/common/build/classes/java/main:/home/goankur/vsearch/bo/lucene-A/lucene/analysis/icu/build/classes/java/main:/home/goankur/vsearch/bo/lucene-A/lucene/queryparser/build/classes/java/main:/home/goankur/vsearch/bo/lucene-A/lucene/grouping/build/classes/java/main:/home/goankur/vsearch/bo/lucene-A/lucene/suggest/build/classes/java/main:/home/goankur/vsearch/bo/lucene-A/lucene/highlighter/build/classes/java/main:/home/goankur/vsearch/bo/lucene-A/lucene/codecs/build/classes/java/main:/home/goankur/vsearch/bo/lucene-A/lucene/queries/build/classes/java/main:/home/goankur/vsearch/bo/lucene-A/lucene/join/build/classes/java/main:/home/goankur/vsearch/bo/lucene-A/lucene/spatial3d/build/classes/java/main:/home/goankur/vsearch/util/lib/HdrHistogram.jar:/home/goankur/vsearch/util/src/main/build/classes/java/main:/home/goankur/vsearch/util/build', '/home/goankur/vsearch/util/src/main/perf/Args.java', '/home/goankur/vsearch/util/src/main/perf/BatchPKLookup.java', '/home/goankur/vsearch/util/src/main/perf/BenchRearranger.java', '/home/goankur/vsearch/util/src/main/perf/CreateQueries.java', '/home/goankur/vsearch/util/src/main/perf/DiskUsage.java', '/home/goankur/vsearch/util/src/main/perf/IndexAndSearchOpenStreetMaps.java', '/home/goankur/vsearch/util/src/main/perf/IndexState.java', '/home/goankur/vsearch/util/src/main/perf/IndexTaxis.java', '/home/goankur/vsearch/util/src/main/perf/IndexThreads.java', '/home/goankur/vsearch/util/src/main/perf/Indexer.java', '/home/goankur/vsearch/util/src/main/perf/KeepNoCommitsDeletionPolicy.java', '/home/goankur/vsearch/util/src/main/perf/LineFileDocs.java', '/home/goankur/vsearch/util/src/main/perf/LocalTaskSource.java', '/home/goankur/vsearch/util/src/main/perf/NRTPerfTest.java', '/home/goankur/vsearch/util/src/main/perf/OpenCloseIndexWriter.java', '/home/goankur/vsearch/util/src/main/perf/OpenDirectory.java', '/home/goankur/vsearch/util/src/main/perf/PKLookupWithTermStateTask.java', '/home/goankur/vsearch/util/src/main/perf/PerfUtils.java', '/home/goankur/vsearch/util/src/main/perf/PointsPKLookupTask.java', '/home/goankur/vsearch/util/src/main/perf/RandomQuery.java', '/home/goankur/vsearch/util/src/main/perf/RemoteTaskSource.java', '/home/goankur/vsearch/util/src/main/perf/RespellTask.java', '/home/goankur/vsearch/util/src/main/perf/SearchPerfTest.java', '/home/goankur/vsearch/util/src/main/perf/SearchTask.java', '/home/goankur/vsearch/util/src/main/perf/SearchTaxis.java', '/home/goankur/vsearch/util/src/main/perf/StatisticsHelper.java', '/home/goankur/vsearch/util/src/main/perf/StringFieldDocSelector.java', '/home/goankur/vsearch/util/src/main/perf/Task.java', '/home/goankur/vsearch/util/src/main/perf/TaskParser.java', '/home/goankur/vsearch/util/src/main/perf/TaskParserFactory.java', '/home/goankur/vsearch/util/src/main/perf/TaskSource.java', '/home/goankur/vsearch/util/src/main/perf/TaskThreads.java', '/home/goankur/vsearch/util/src/main/perf/TestContext.java', '/home/goankur/vsearch/util/src/main/perf/TypePolluter.java', '/home/goankur/vsearch/util/src/main/perf/UnparsedTask.java', '/home/goankur/vsearch/util/src/main/perf/VectorDictionary.java'], cwd=/home/goankur/vsearch/bo/lucene-A/lucene/benchmark vmstatLogFile=None topLogFile=None

Create indices:
  /home/goankur/vsearch/indices/wikimedium10m.lucene-A.facets.taxonomy:Date.taxonomy:Month.taxonomy:DayOfYear.sortedset:Date.sortedset:Month.sortedset:DayOfYear.taxonomy:RandomLabel.sortedset:RandomLabel.Lucene90.Lucene104.dvfields.nd10M: already exists
    tasks file: /home/goankur/vsearch/util/tasks/wikimedium.10M.nostopwords.tasks

Search:
  iter 0
    armG:
      NOTE: using experimental CPU time profiler (see https://mostlynerdless.de/blog/2025/06/11/java-25s-new-cpu-time-profiler-1)
      log: /home/goankur/vsearch/logs/FAG.armG.0 + stdout
      run: /usr/bin/perf stat -dd -e task-clock,cycles,instructions,cache-references,cache-misses,L1-dcache-loads,L1-dcache-load-misses,L1-icache-loads,L1-icache-load-misses,LLC-loads,LLC-load-misses,LLC-stores,LLC-store-misses,LLC-prefetches,LLC-prefetch-misses,faults,minor-faults,major-faults,branches,branch-misses,stalled-cycles-frontend,stalled-cycles-backend /home/goankur/jdk/corretto-25/bin/java -server -Xms2g -Xmx2g --add-modules jdk.incubator.vector -XX:+HeapDumpOnOutOfMemoryError -XX:+UseParallelGC -XX:StartFlightRecording=jdk.CPUTimeSample#enabled=true,dumponexit=true,maxsize=250M,settings=/home/goankur/vsearch/util/src/python/profiling.jfc,filename=/home/goankur/vsearch/logs/bench-search-FAG-armG-0.jfr -XX:+UnlockDiagnosticVMOptions -XX:+DebugNonSafepoints -classpath /home/goankur/vsearch/bo/lucene-G/lucene/core/build/libs/lucene-core-11.0.0-SNAPSHOT.jar:/home/goankur/vsearch/bo/lucene-G/lucene/sandbox/build/classes/java/main:/home/goankur/vsearch/bo/lucene-G/lucene/misc/build/classes/java/main:/home/goankur/vsearch/bo/lucene-G/lucene/facet/build/classes/java/main:/home/goankur/vsearch/bo/lucene-G/lucene/analysis/common/build/classes/java/main:/home/goankur/vsearch/bo/lucene-G/lucene/analysis/icu/build/classes/java/main:/home/goankur/vsearch/bo/lucene-G/lucene/queryparser/build/classes/java/main:/home/goankur/vsearch/bo/lucene-G/lucene/grouping/build/classes/java/main:/home/goankur/vsearch/bo/lucene-G/lucene/suggest/build/classes/java/main:/home/goankur/vsearch/bo/lucene-G/lucene/highlighter/build/classes/java/main:/home/goankur/vsearch/bo/lucene-G/lucene/codecs/build/classes/java/main:/home/goankur/vsearch/bo/lucene-G/lucene/queries/build/classes/java/main:/home/goankur/vsearch/bo/lucene-G/lucene/join/build/classes/java/main:/home/goankur/vsearch/bo/lucene-G/lucene/spatial3d/build/classes/java/main:/home/goankur/vsearch/util/lib/HdrHistogram.jar:/home/goankur/vsearch/util/src/main/build/classes/java/main:/home/goankur/vsearch/util/build perf.SearchPerfTest -dirImpl MMapDirectory -indexPath /home/goankur/vsearch/indices/wikimedium10m.lucene-A.facets.taxonomy:Date.taxonomy:Month.taxonomy:DayOfYear.sortedset:Date.sortedset:Month.sortedset:DayOfYear.taxonomy:RandomLabel.sortedset:RandomLabel.Lucene90.Lucene104.dvfields.nd10M -facets taxonomy:Date;Date -facets taxonomy:Month;Month -facets taxonomy:DayOfYear;DayOfYear -facets sortedset:Date;Date -facets sortedset:Month;Month -facets sortedset:DayOfYear;DayOfYear -facets taxonomy:RandomLabel;RandomLabel -facets sortedset:RandomLabel;RandomLabel -analyzer StandardAnalyzer -taskSource /home/goankur/vsearch/util/tasks/wikimedium.10M.nostopwords.tasks -numConcurrentQueries 5 -taskRepeatCount 20 -field body -tasksPerCat 1 -searchConcurrency -1 -staticSeed 137351 -seed -6038035 -similarity BM25Similarity -commit multi -hiliteImpl FastVectorHighlighter -log /home/goankur/vsearch/logs/FAG.armG.0 -topN 100 -context  -pk -pollute
      10.1 s
      220.9 actual sustained QPS; -1.0 CPU cores used
    armA:
      NOTE: using experimental CPU time profiler (see https://mostlynerdless.de/blog/2025/06/11/java-25s-new-cpu-time-profiler-1)
      log: /home/goankur/vsearch/logs/FAG.armA.0 + stdout
      run: /usr/bin/perf stat -dd -e task-clock,cycles,instructions,cache-references,cache-misses,L1-dcache-loads,L1-dcache-load-misses,L1-icache-loads,L1-icache-load-misses,LLC-loads,LLC-load-misses,LLC-stores,LLC-store-misses,LLC-prefetches,LLC-prefetch-misses,faults,minor-faults,major-faults,branches,branch-misses,stalled-cycles-frontend,stalled-cycles-backend /home/goankur/jdk/corretto-25/bin/java -server -Xms2g -Xmx2g --add-modules jdk.incubator.vector -XX:+HeapDumpOnOutOfMemoryError -XX:+UseParallelGC -XX:StartFlightRecording=jdk.CPUTimeSample#enabled=true,dumponexit=true,maxsize=250M,settings=/home/goankur/vsearch/util/src/python/profiling.jfc,filename=/home/goankur/vsearch/logs/bench-search-FAG-armA-0.jfr -XX:+UnlockDiagnosticVMOptions -XX:+DebugNonSafepoints -classpath /home/goankur/vsearch/bo/lucene-A/lucene/core/build/libs/lucene-core-11.0.0-SNAPSHOT.jar:/home/goankur/vsearch/bo/lucene-A/lucene/sandbox/build/classes/java/main:/home/goankur/vsearch/bo/lucene-A/lucene/misc/build/classes/java/main:/home/goankur/vsearch/bo/lucene-A/lucene/facet/build/classes/java/main:/home/goankur/vsearch/bo/lucene-A/lucene/analysis/common/build/classes/java/main:/home/goankur/vsearch/bo/lucene-A/lucene/analysis/icu/build/classes/java/main:/home/goankur/vsearch/bo/lucene-A/lucene/queryparser/build/classes/java/main:/home/goankur/vsearch/bo/lucene-A/lucene/grouping/build/classes/java/main:/home/goankur/vsearch/bo/lucene-A/lucene/suggest/build/classes/java/main:/home/goankur/vsearch/bo/lucene-A/lucene/highlighter/build/classes/java/main:/home/goankur/vsearch/bo/lucene-A/lucene/codecs/build/classes/java/main:/home/goankur/vsearch/bo/lucene-A/lucene/queries/build/classes/java/main:/home/goankur/vsearch/bo/lucene-A/lucene/join/build/classes/java/main:/home/goankur/vsearch/bo/lucene-A/lucene/spatial3d/build/classes/java/main:/home/goankur/vsearch/util/lib/HdrHistogram.jar:/home/goankur/vsearch/util/src/main/build/classes/java/main:/home/goankur/vsearch/util/build perf.SearchPerfTest -dirImpl MMapDirectory -indexPath /home/goankur/vsearch/indices/wikimedium10m.lucene-A.facets.taxonomy:Date.taxonomy:Month.taxonomy:DayOfYear.sortedset:Date.sortedset:Month.sortedset:DayOfYear.taxonomy:RandomLabel.sortedset:RandomLabel.Lucene90.Lucene104.dvfields.nd10M -facets taxonomy:Date;Date -facets taxonomy:Month;Month -facets taxonomy:DayOfYear;DayOfYear -facets sortedset:Date;Date -facets sortedset:Month;Month -facets sortedset:DayOfYear;DayOfYear -facets taxonomy:RandomLabel;RandomLabel -facets sortedset:RandomLabel;RandomLabel -analyzer StandardAnalyzer -taskSource /home/goankur/vsearch/util/tasks/wikimedium.10M.nostopwords.tasks -numConcurrentQueries 5 -taskRepeatCount 20 -field body -tasksPerCat 1 -searchConcurrency -1 -staticSeed 137351 -seed -6038035 -similarity BM25Similarity -commit multi -hiliteImpl FastVectorHighlighter -log /home/goankur/vsearch/logs/FAG.armA.0 -topN 100 -context  -pk -pollute
      10.1 s
      214.5 actual sustained QPS; -1.0 CPU cores used

Report after iter 0:
QPSChart.supported == False
                            Task     P50 B     P50 C     Diff     P90 B     P90 C     Diff     P99 B     P99 C     Diff    P999 B    P999 C     Diff    P100 B    P100 C     Diff
           ('AndHighHigh', None)     1.402     1.442     2.9%    12.190    10.759   -11.7%    12.836    15.301    19.2%    12.836    15.301    19.2%    14.706    16.544    12.5%
('AndHighHighDayTaxoFacets', None)    19.270    18.991    -1.4%    23.821    29.743    24.9%    50.727    85.102    67.8%    50.727    85.102    67.8%    84.510    91.414     8.2%
            ('AndHighLow', None)     0.676     0.658    -2.7%     1.454     1.575     8.3%     2.192     3.087    40.8%     2.192     3.087    40.8%    14.976     7.781   -48.0%
            ('AndHighMed', None)     0.971     1.115    14.8%     4.507     5.049    12.0%     5.140     5.590     8.8%     5.140     5.590     8.8%     8.152     6.755   -17.1%
('AndHighMedDayTaxoFacets', None)     6.022     5.507    -8.5%    12.849    11.409   -11.2%    19.431    12.779   -34.2%    19.431    12.779   -34.2%    21.935    14.044   -36.0%
     ('AndMissingHigh', 'Title')     0.281     0.267    -5.2%     1.168     1.576    34.9%     5.720     1.710   -70.1%     5.720     1.710   -70.1%    10.250     1.879   -81.7%
              ('BM25MSM2', None)    20.455    21.097     3.1%    29.126    43.793    50.4%    38.329    71.149    85.6%    38.329    71.149    85.6%   166.265   173.476     4.3%
  ('BrowseDateSSDVFacets', None)   345.919   341.098    -1.4%   399.178   396.464    -0.7%   423.335   411.196    -2.9%   423.335   411.196    -2.9%   556.307   589.166     5.9%
  ('BrowseDateTaxoFacets', None)    74.440    72.688    -2.4%    91.327    87.885    -3.8%    91.947    93.594     1.8%    91.947    93.594     1.8%   296.920   245.034   -17.5%
('BrowseDayOfYearSSDVFacets', None)    63.858    59.520    -6.8%   118.806    78.430   -34.0%   131.317   126.029    -4.0%   131.317   126.029    -4.0%   170.041   146.067   -14.1%
('BrowseDayOfYearTaxoFacets', None)    71.846    67.885    -5.5%    88.592    90.397     2.0%    99.677    91.393    -8.3%    99.677    91.393    -8.3%   135.947   102.756   -24.4%
 ('BrowseMonthSSDVFacets', None)    73.583    63.693   -13.4%    86.243    78.247    -9.3%    93.950    78.818   -16.1%    93.950    78.818   -16.1%   101.365   125.721    24.0%
 ('BrowseMonthTaxoFacets', None)    73.512    26.403   -64.1%    77.182    84.854     9.9%    79.336    99.928    26.0%    79.336    99.928    26.0%   198.738   202.146     1.7%
('BrowseRandomLabelSSDVFacets', None)    90.516    92.760     2.5%   138.216   148.568     7.5%   153.684   173.157    12.7%   153.684   173.157    12.7%   176.946   300.205    69.7%
('BrowseRandomLabelTaxoFacets', None)    86.409    89.425     3.5%   112.713   121.589     7.9%   140.953   133.904    -5.0%   140.953   133.904    -5.0%   165.597   185.964    12.3%
             ('ConstMSM2', None)     0.749     0.721    -3.8%     2.248     1.450   -35.5%     2.741     5.615   104.9%     2.741     5.615   104.9%     4.651     8.188    76.0%
                ('Fuzzy1', None)    12.764    12.016    -5.9%    19.773    21.233     7.4%    38.366    31.057   -19.1%    38.366    31.057   -19.1%    76.332    61.322   -19.7%
                ('Fuzzy2', None)    17.632    17.407    -1.3%    31.964    28.114   -12.0%    32.796    35.083     7.0%    32.796    35.083     7.0%   122.454   110.929    -9.4%
  ('HighIntervalsOrdered', None)    17.454    16.643    -4.6%    28.438    29.170     2.6%    29.778    34.613    16.2%    29.778    34.613    16.2%   271.099   288.724     6.5%
            ('HighPhrase', None)     3.995     3.999     0.1%    10.165     8.642   -15.0%    11.250    11.270     0.2%    11.250    11.270     0.2%    43.939    29.782   -32.2%
      ('HighSloppyPhrase', None)    22.960    22.373    -2.6%    29.145    31.819     9.2%    47.121    36.165   -23.3%    47.121    36.165   -23.3%    56.561    36.247   -35.9%
          ('HighSpanNear', None)     7.893     7.698    -2.5%    15.697    13.285   -15.4%    15.865    21.996    38.6%    15.865    21.996    38.6%    22.708    26.012    14.5%
              ('HighTerm', None)     1.566     1.709     9.2%     2.478     3.906    57.6%     4.737    10.269   116.8%     4.737    10.269   116.8%   120.686   173.928    44.1%
('HighTermDayOfYearSort', 'DayOfYear')     2.784     3.082    10.7%    12.307    13.256     7.7%    16.554    15.082    -8.9%    16.554    15.082    -8.9%    53.589    75.068    40.1%
  ('HighTermMonthSort', 'Month')     0.673     0.657    -2.4%     4.563     2.081   -54.4%     5.275     2.218   -58.0%     5.275     2.218   -58.0%     9.658    36.252   275.3%
('HighTermTitleBDVSort', 'TitleBinary')    13.374    13.393     0.1%    24.829    30.836    24.2%    30.190    58.469    93.7%    30.190    58.469    93.7%   141.013    60.402   -57.2%
  ('HighTermTitleSort', 'Title')    11.152    11.241     0.8%    20.506    18.764    -8.5%    48.133    36.169   -24.9%    48.133    36.169   -24.9%   132.168   130.776    -1.1%
                ('IntNRQ', None)     1.546     1.662     7.5%     5.681     5.093   -10.3%    13.670     8.084   -40.9%    13.670     8.084   -40.9%    57.573   140.925   144.8%
                ('IntSet', None)     1.472     1.712    16.3%     7.747     7.756     0.1%    18.776    13.226   -29.6%    18.776    13.226   -29.6%    53.982    85.119    57.7%
   ('LowIntervalsOrdered', None)     4.053     3.603   -11.1%     6.494     7.322    12.7%     7.880     9.615    22.0%     7.880     9.615    22.0%    11.648    10.068   -13.6%
             ('LowPhrase', None)     5.404     4.922    -8.9%     8.110     9.198    13.4%     9.337    15.958    70.9%     9.337    15.958    70.9%    32.414    17.796   -45.1%
       ('LowSloppyPhrase', None)    11.344    10.415    -8.2%    21.659    17.646   -18.5%    24.557    21.657   -11.8%    24.557    21.657   -11.8%    24.901    30.314    21.7%
           ('LowSpanNear', None)     4.551     4.571     0.4%    10.747     8.841   -17.7%    15.625     9.837   -37.0%    15.625     9.837   -37.0%   231.965   259.737    12.0%
               ('LowTerm', None)     0.432     0.484    12.1%     1.233     1.105   -10.4%     1.667     3.027    81.5%     1.667     3.027    81.5%    99.643    64.384   -35.4%
   ('MedIntervalsOrdered', None)     4.065     4.027    -0.9%     6.971     7.784    11.7%     7.235     9.350    29.2%     7.235     9.350    29.2%     7.934    11.228    41.5%
             ('MedPhrase', None)     2.638     2.541    -3.7%     4.892     7.603    55.4%     7.254    10.109    39.3%     7.254    10.109    39.3%    57.284    94.854    65.6%
       ('MedSloppyPhrase', None)    12.165    11.050    -9.2%    20.952    22.185     5.9%    20.958    24.698    17.8%    20.958    24.698    17.8%   178.407   124.905   -30.0%
           ('MedSpanNear', None)    10.703    11.735     9.6%    14.059    18.796    33.7%    14.104    23.232    64.7%    14.104    23.232    64.7%    14.466    25.448    75.9%
               ('MedTerm', None)     0.653     0.683     4.5%     1.332     2.559    92.2%     2.137     4.935   130.9%     2.137     4.935   130.9%     5.216    11.107   112.9%
  ('MedTermDayTaxoFacets', None)    11.894    11.189    -5.9%    16.515    16.930     2.5%    37.037    22.482   -39.3%    37.037    22.482   -39.3%   461.827   472.200     2.2%
            ('OrHighHigh', None)     1.720     1.751     1.8%     4.310     6.469    50.1%    14.376     9.525   -33.7%    14.376     9.525   -33.7%    19.696    65.370   231.9%
             ('OrHighLow', None)     0.716     0.781     9.1%     2.157     2.896    34.3%     6.829     6.673    -2.3%     6.829     6.673    -2.3%   155.674   183.107    17.6%
             ('OrHighMed', None)     1.411     1.119   -20.7%     3.729     2.736   -26.6%     5.358     2.938   -45.2%     5.358     2.938   -45.2%    44.286    42.003    -5.2%
('OrHighMedDayTaxoFacets', None)   144.466   140.208    -2.9%   201.781   207.753     3.0%   329.141   272.022   -17.4%   329.141   272.022   -17.4%   636.612   719.141    13.0%
         ('OrHighNotHigh', None)     1.101     1.190     8.1%     3.871     5.303    37.0%    13.285    13.066    -1.6%    13.285    13.066    -1.6%    14.452    21.552    49.1%
          ('OrHighNotLow', None)     1.105     1.263    14.3%     2.099     3.294    56.9%     3.286     8.164   148.4%     3.286     8.164   148.4%    12.391    18.022    45.4%
          ('OrHighNotMed', None)     1.020     1.148    12.5%     3.146     3.098    -1.5%     4.135     4.554    10.1%     4.135     4.554    10.1%     4.895    27.140   454.5%
         ('OrNotHighHigh', None)     1.248     1.319     5.7%     3.347     3.709    10.8%     5.972     4.500   -24.6%     5.972     4.500   -24.6%    15.719    17.670    12.4%
          ('OrNotHighLow', None)     0.673     0.762    13.2%     2.635     1.981   -24.8%     5.133     2.367   -53.9%     5.133     2.367   -53.9%    14.385    17.430    21.2%
          ('OrNotHighMed', None)     0.975     1.059     8.6%     3.933     3.514   -10.6%     4.071     3.800    -6.7%     4.071     3.800    -6.7%    24.603    27.826    13.1%
                   ('PKLookup',)     5.124     5.673    10.7%     9.892    10.720     8.4%    21.798    14.266   -34.6%    21.798    14.266   -34.6%    56.541    47.462   -16.1%
               ('Prefix3', None)     1.319     1.177   -10.8%     4.383     3.377   -23.0%    25.024     8.391   -66.5%    25.024     8.391   -66.5%    92.215    99.368     7.8%
                    ('Respell',)    14.361    13.557    -5.6%    20.587    19.563    -5.0%    37.956    27.800   -26.8%    37.956    27.800   -26.8%   104.843    79.369   -24.3%
('TermDateTimeSort', 'DateTime')     2.585     2.492    -3.6%     4.819     4.848     0.6%     8.146     5.937   -27.1%     8.146     5.937   -27.1%    30.576    73.650   140.9%
              ('Wildcard', None)     1.542     1.493    -3.1%     4.215     3.746   -11.1%     4.910     5.155     5.0%     4.910     5.155     5.0%    29.942    28.048    -6.3%
                 ('range', None)     0.159     0.169     6.5%     0.491     0.510     4.0%     0.657     0.713     8.6%     0.657     0.713     8.6%     5.898     4.534   -23.1%
                            Task    QPS armA      StdDev    QPS armG      StdDev                Pct diff p-value
                      AndHighMed     1203.66      (0.0%)      950.65      (0.0%)  -21.0% ( -21% -  -21%) 1.000
                          IntSet      724.30      (0.0%)      592.39      (0.0%)  -18.2% ( -18% -  -18%) 1.000
                        PKLookup      218.04      (0.0%)      179.70      (0.0%)  -17.6% ( -17% -  -17%) 1.000
                           range     7016.53      (0.0%)     6058.11      (0.0%)  -13.7% ( -13% -  -13%) 1.000
                        HighTerm      653.61      (0.0%)      589.84      (0.0%)   -9.8% (  -9% -   -9%) 1.000
                    OrHighNotLow      926.19      (0.0%)      842.20      (0.0%)   -9.1% (  -9% -   -9%) 1.000
                    OrNotHighMed     1059.40      (0.0%)      972.04      (0.0%)   -8.2% (  -8% -   -8%) 1.000
                         LowTerm     2443.43      (0.0%)     2243.87      (0.0%)   -8.2% (  -8% -   -8%) 1.000
                       OrHighLow     1418.94      (0.0%)     1305.38      (0.0%)   -8.0% (  -8% -   -8%) 1.000
                      AndHighLow     1691.29      (0.0%)     1594.84      (0.0%)   -5.7% (  -5% -   -5%) 1.000
                    OrHighNotMed     1009.57      (0.0%)      956.49      (0.0%)   -5.3% (  -5% -   -5%) 1.000
                    OrNotHighLow     1546.41      (0.0%)     1465.24      (0.0%)   -5.2% (  -5% -   -5%) 1.000
           HighTermDayOfYearSort      428.56      (0.0%)      406.92      (0.0%)   -5.1% (  -5% -   -5%) 1.000
                     MedSpanNear       97.66      (0.0%)       93.90      (0.0%)   -3.9% (  -3% -   -3%) 1.000
                   OrHighNotHigh      922.32      (0.0%)      889.45      (0.0%)   -3.6% (  -3% -   -3%) 1.000
     BrowseRandomLabelSSDVFacets       11.68      (0.0%)       11.28      (0.0%)   -3.4% (  -3% -   -3%) 1.000
                      OrHighHigh      607.53      (0.0%)      590.23      (0.0%)   -2.8% (  -2% -   -2%) 1.000
                        BM25MSM2       49.14      (0.0%)       48.14      (0.0%)   -2.0% (  -2% -   -2%) 1.000
          OrHighMedDayTaxoFacets        7.37      (0.0%)        7.24      (0.0%)   -1.7% (  -1% -   -1%) 1.000
                          Fuzzy2       58.83      (0.0%)       57.91      (0.0%)   -1.6% (  -1% -   -1%) 1.000
                     LowSpanNear      222.18      (0.0%)      220.11      (0.0%)   -0.9% (   0% -    0%) 1.000
                     AndHighHigh      722.01      (0.0%)      715.75      (0.0%)   -0.9% (   0% -    0%) 1.000
            BrowseDateSSDVFacets        3.00      (0.0%)        2.97      (0.0%)   -0.8% (   0% -    0%) 1.000
            BrowseDateTaxoFacets       13.84      (0.0%)       13.77      (0.0%)   -0.5% (   0% -    0%) 1.000
                      HighPhrase      251.86      (0.0%)      250.87      (0.0%)   -0.4% (   0% -    0%) 1.000
     BrowseRandomLabelTaxoFacets       11.67      (0.0%)       11.64      (0.0%)   -0.2% (   0% -    0%) 1.000
                         MedTerm     1565.55      (0.0%)     1567.28      (0.0%)    0.1% (   0% -    0%) 1.000
                         Respell       73.60      (0.0%)       74.66      (0.0%)    1.4% (   1% -    1%) 1.000
                       ConstMSM2     1395.10      (0.0%)     1415.40      (0.0%)    1.5% (   1% -    1%) 1.000
                          IntNRQ      678.96      (0.0%)      690.94      (0.0%)    1.8% (   1% -    1%) 1.000
                       MedPhrase      389.61      (0.0%)      398.45      (0.0%)    2.3% (   2% -    2%) 1.000
            HighTermTitleBDVSort       83.80      (0.0%)       85.79      (0.0%)    2.4% (   2% -    2%) 1.000
                HighSloppyPhrase       44.29      (0.0%)       45.55      (0.0%)    2.8% (   2% -    2%) 1.000
                        Wildcard      731.03      (0.0%)      752.25      (0.0%)    2.9% (   2% -    2%) 1.000
             MedIntervalsOrdered      254.37      (0.0%)      261.96      (0.0%)    3.0% (   2% -    2%) 1.000
            HighIntervalsOrdered       57.67      (0.0%)       60.32      (0.0%)    4.6% (   4% -    4%) 1.000
                    HighSpanNear      128.86      (0.0%)      134.89      (0.0%)    4.7% (   4% -    4%) 1.000
               HighTermTitleSort       93.80      (0.0%)       98.62      (0.0%)    5.1% (   5% -    5%) 1.000
               HighTermMonthSort     1538.85      (0.0%)     1619.58      (0.0%)    5.2% (   5% -    5%) 1.000
       BrowseDayOfYearSSDVFacets       16.23      (0.0%)       17.09      (0.0%)    5.3% (   5% -    5%) 1.000
         AndHighMedDayTaxoFacets      177.38      (0.0%)      186.93      (0.0%)    5.4% (   5% -    5%) 1.000
                  AndMissingHigh     3626.85      (0.0%)     3848.08      (0.0%)    6.1% (   6% -    6%) 1.000
                   OrNotHighHigh      820.63      (0.0%)      871.25      (0.0%)    6.2% (   6% -    6%) 1.000
                      TermDTSort      419.01      (0.0%)      447.50      (0.0%)    6.8% (   6% -    6%) 1.000
            MedTermDayTaxoFacets       93.64      (0.0%)      100.21      (0.0%)    7.0% (   7% -    7%) 1.000
                          Fuzzy1       87.76      (0.0%)       94.75      (0.0%)    8.0% (   7% -    7%) 1.000
                 LowSloppyPhrase       89.36      (0.0%)       96.75      (0.0%)    8.3% (   8% -    8%) 1.000
                 MedSloppyPhrase       83.72      (0.0%)       91.23      (0.0%)    9.0% (   8% -    8%) 1.000
                       LowPhrase      188.37      (0.0%)      205.42      (0.0%)    9.0% (   9% -    9%) 1.000
        AndHighHighDayTaxoFacets       52.06      (0.0%)       57.24      (0.0%)   10.0% (   9% -    9%) 1.000
           BrowseMonthSSDVFacets       14.51      (0.0%)       16.07      (0.0%)   10.8% (  10% -   10%) 1.000
       BrowseDayOfYearTaxoFacets       14.09      (0.0%)       15.95      (0.0%)   13.2% (  13% -   13%) 1.000
                         Prefix3      835.30      (0.0%)      965.49      (0.0%)   15.6% (  15% -   15%) 1.000
                       OrHighMed      768.60      (0.0%)      910.44      (0.0%)   18.5% (  18% -   18%) 1.000
             LowIntervalsOrdered      256.67      (0.0%)      318.60      (0.0%)   24.1% (  24% -   24%) 1.000
           BrowseMonthTaxoFacets       13.70      (0.0%)       38.10      (0.0%)  178.1% ( 178% -  178%) 1.000
  iter 1
    armA:
      NOTE: using experimental CPU time profiler (see https://mostlynerdless.de/blog/2025/06/11/java-25s-new-cpu-time-profiler-1)
      log: /home/goankur/vsearch/logs/FAG.armA.1 + stdout
      run: /usr/bin/perf stat -dd -e task-clock,cycles,instructions,cache-references,cache-misses,L1-dcache-loads,L1-dcache-load-misses,L1-icache-loads,L1-icache-load-misses,LLC-loads,LLC-load-misses,LLC-stores,LLC-store-misses,LLC-prefetches,LLC-prefetch-misses,faults,minor-faults,major-faults,branches,branch-misses,stalled-cycles-frontend,stalled-cycles-backend /home/goankur/jdk/corretto-25/bin/java -server -Xms2g -Xmx2g --add-modules jdk.incubator.vector -XX:+HeapDumpOnOutOfMemoryError -XX:+UseParallelGC -XX:StartFlightRecording=jdk.CPUTimeSample#enabled=true,dumponexit=true,maxsize=250M,settings=/home/goankur/vsearch/util/src/python/profiling.jfc,filename=/home/goankur/vsearch/logs/bench-search-FAG-armA-1.jfr -XX:+UnlockDiagnosticVMOptions -XX:+DebugNonSafepoints -classpath /home/goankur/vsearch/bo/lucene-A/lucene/core/build/libs/lucene-core-11.0.0-SNAPSHOT.jar:/home/goankur/vsearch/bo/lucene-A/lucene/sandbox/build/classes/java/main:/home/goankur/vsearch/bo/lucene-A/lucene/misc/build/classes/java/main:/home/goankur/vsearch/bo/lucene-A/lucene/facet/build/classes/java/main:/home/goankur/vsearch/bo/lucene-A/lucene/analysis/common/build/classes/java/main:/home/goankur/vsearch/bo/lucene-A/lucene/analysis/icu/build/classes/java/main:/home/goankur/vsearch/bo/lucene-A/lucene/queryparser/build/classes/java/main:/home/goankur/vsearch/bo/lucene-A/lucene/grouping/build/classes/java/main:/home/goankur/vsearch/bo/lucene-A/lucene/suggest/build/classes/java/main:/home/goankur/vsearch/bo/lucene-A/lucene/highlighter/build/classes/java/main:/home/goankur/vsearch/bo/lucene-A/lucene/codecs/build/classes/java/main:/home/goankur/vsearch/bo/lucene-A/lucene/queries/build/classes/java/main:/home/goankur/vsearch/bo/lucene-A/lucene/join/build/classes/java/main:/home/goankur/vsearch/bo/lucene-A/lucene/spatial3d/build/classes/java/main:/home/goankur/vsearch/util/lib/HdrHistogram.jar:/home/goankur/vsearch/util/src/main/build/classes/java/main:/home/goankur/vsearch/util/build perf.SearchPerfTest -dirImpl MMapDirectory -indexPath /home/goankur/vsearch/indices/wikimedium10m.lucene-A.facets.taxonomy:Date.taxonomy:Month.taxonomy:DayOfYear.sortedset:Date.sortedset:Month.sortedset:DayOfYear.taxonomy:RandomLabel.sortedset:RandomLabel.Lucene90.Lucene104.dvfields.nd10M -facets taxonomy:Date;Date -facets taxonomy:Month;Month -facets taxonomy:DayOfYear;DayOfYear -facets sortedset:Date;Date -facets sortedset:Month;Month -facets sortedset:DayOfYear;DayOfYear -facets taxonomy:RandomLabel;RandomLabel -facets sortedset:RandomLabel;RandomLabel -analyzer StandardAnalyzer -taskSource /home/goankur/vsearch/util/tasks/wikimedium.10M.nostopwords.tasks -numConcurrentQueries 5 -taskRepeatCount 20 -field body -tasksPerCat 1 -searchConcurrency -1 -staticSeed 137351 -seed -2596346 -similarity BM25Similarity -commit multi -hiliteImpl FastVectorHighlighter -log /home/goankur/vsearch/logs/FAG.armA.1 -topN 100 -context  -pk -pollute
      10.2 s
      234.7 actual sustained QPS; -1.0 CPU cores used
    armG:
      NOTE: using experimental CPU time profiler (see https://mostlynerdless.de/blog/2025/06/11/java-25s-new-cpu-time-profiler-1)
      log: /home/goankur/vsearch/logs/FAG.armG.1 + stdout
      run: /usr/bin/perf stat -dd -e task-clock,cycles,instructions,cache-references,cache-misses,L1-dcache-loads,L1-dcache-load-misses,L1-icache-loads,L1-icache-load-misses,LLC-loads,LLC-load-misses,LLC-stores,LLC-store-misses,LLC-prefetches,LLC-prefetch-misses,faults,minor-faults,major-faults,branches,branch-misses,stalled-cycles-frontend,stalled-cycles-backend /home/goankur/jdk/corretto-25/bin/java -server -Xms2g -Xmx2g --add-modules jdk.incubator.vector -XX:+HeapDumpOnOutOfMemoryError -XX:+UseParallelGC -XX:StartFlightRecording=jdk.CPUTimeSample#enabled=true,dumponexit=true,maxsize=250M,settings=/home/goankur/vsearch/util/src/python/profiling.jfc,filename=/home/goankur/vsearch/logs/bench-search-FAG-armG-1.jfr -XX:+UnlockDiagnosticVMOptions -XX:+DebugNonSafepoints -classpath /home/goankur/vsearch/bo/lucene-G/lucene/core/build/libs/lucene-core-11.0.0-SNAPSHOT.jar:/home/goankur/vsearch/bo/lucene-G/lucene/sandbox/build/classes/java/main:/home/goankur/vsearch/bo/lucene-G/lucene/misc/build/classes/java/main:/home/goankur/vsearch/bo/lucene-G/lucene/facet/build/classes/java/main:/home/goankur/vsearch/bo/lucene-G/lucene/analysis/common/build/classes/java/main:/home/goankur/vsearch/bo/lucene-G/lucene/analysis/icu/build/classes/java/main:/home/goankur/vsearch/bo/lucene-G/lucene/queryparser/build/classes/java/main:/home/goankur/vsearch/bo/lucene-G/lucene/grouping/build/classes/java/main:/home/goankur/vsearch/bo/lucene-G/lucene/suggest/build/classes/java/main:/home/goankur/vsearch/bo/lucene-G/lucene/highlighter/build/classes/java/main:/home/goankur/vsearch/bo/lucene-G/lucene/codecs/build/classes/java/main:/home/goankur/vsearch/bo/lucene-G/lucene/queries/build/classes/java/main:/home/goankur/vsearch/bo/lucene-G/lucene/join/build/classes/java/main:/home/goankur/vsearch/bo/lucene-G/lucene/spatial3d/build/classes/java/main:/home/goankur/vsearch/util/lib/HdrHistogram.jar:/home/goankur/vsearch/util/src/main/build/classes/java/main:/home/goankur/vsearch/util/build perf.SearchPerfTest -dirImpl MMapDirectory -indexPath /home/goankur/vsearch/indices/wikimedium10m.lucene-A.facets.taxonomy:Date.taxonomy:Month.taxonomy:DayOfYear.sortedset:Date.sortedset:Month.sortedset:DayOfYear.taxonomy:RandomLabel.sortedset:RandomLabel.Lucene90.Lucene104.dvfields.nd10M -facets taxonomy:Date;Date -facets taxonomy:Month;Month -facets taxonomy:DayOfYear;DayOfYear -facets sortedset:Date;Date -facets sortedset:Month;Month -facets sortedset:DayOfYear;DayOfYear -facets taxonomy:RandomLabel;RandomLabel -facets sortedset:RandomLabel;RandomLabel -analyzer StandardAnalyzer -taskSource /home/goankur/vsearch/util/tasks/wikimedium.10M.nostopwords.tasks -numConcurrentQueries 5 -taskRepeatCount 20 -field body -tasksPerCat 1 -searchConcurrency -1 -staticSeed 137351 -seed -2596346 -similarity BM25Similarity -commit multi -hiliteImpl FastVectorHighlighter -log /home/goankur/vsearch/logs/FAG.armG.1 -topN 100 -context  -pk -pollute
      9.9 s
      217.6 actual sustained QPS; -1.0 CPU cores used

Report after iter 1:
QPSChart.supported == False
                            Task     P50 B     P50 C     Diff     P90 B     P90 C     Diff     P99 B     P99 C     Diff    P999 B    P999 C     Diff    P100 B    P100 C     Diff
           ('AndHighHigh', None)     1.801     1.903     5.7%     9.538     5.790   -39.3%    16.174    12.100   -25.2%    16.174    12.100   -25.2%    36.563    14.714   -59.8%
('AndHighHighDayTaxoFacets', None)    20.473    19.424    -5.1%    28.664    29.698     3.6%    34.147    32.434    -5.0%    34.147    32.434    -5.0%    86.197    90.197     4.6%
            ('AndHighLow', None)     0.544     0.579     6.4%     1.589     1.717     8.0%     1.698     2.486    46.4%     1.698     2.486    46.4%     2.049     5.393   163.1%
            ('AndHighMed', None)     0.917     0.931     1.5%     3.534     5.307    50.2%     5.224     5.328     2.0%     5.224     5.328     2.0%     8.949     5.800   -35.2%
('AndHighMedDayTaxoFacets', None)     5.835     5.438    -6.8%    10.707     9.938    -7.2%    12.085    11.071    -8.4%    12.085    11.071    -8.4%    38.158    21.089   -44.7%
     ('AndMissingHigh', 'Title')     0.282     0.268    -5.0%     0.766     0.823     7.4%     1.170     0.900   -23.1%     1.170     0.900   -23.1%     1.476     1.736    17.6%
              ('BM25MSM2', None)    24.232    22.138    -8.6%    42.843    33.061   -22.8%    54.540    61.424    12.6%    54.540    61.424    12.6%   332.709   235.347   -29.3%
  ('BrowseDateSSDVFacets', None)   383.577   319.784   -16.6%   473.823   361.729   -23.7%   474.143   417.070   -12.0%   474.143   417.070   -12.0%   520.567   423.486   -18.6%
  ('BrowseDateTaxoFacets', None)    66.677    80.607    20.9%    74.395    89.485    20.3%    74.896    93.491    24.8%    74.896    93.491    24.8%    75.633    94.966    25.6%
('BrowseDayOfYearSSDVFacets', None)    67.238    71.750     6.7%    83.798    90.828     8.4%    86.557    97.845    13.0%    86.557    97.845    13.0%   154.446   107.372   -30.5%
('BrowseDayOfYearTaxoFacets', None)    61.859    68.165    10.2%    73.113    86.566    18.4%    75.549    87.477    15.8%    75.549    87.477    15.8%    83.389   109.521    31.3%
 ('BrowseMonthSSDVFacets', None)    61.387    72.209    17.6%    78.509    79.256     1.0%    78.569    80.755     2.8%    78.569    80.755     2.8%   130.241   215.016    65.1%
 ('BrowseMonthTaxoFacets', None)    25.882    88.420   241.6%    28.127   101.877   262.2%    78.390   101.932    30.0%    78.390   101.932    30.0%   159.798   118.375   -25.9%
('BrowseRandomLabelSSDVFacets', None)    96.817    86.787   -10.4%   119.182   112.078    -6.0%   142.327   131.246    -7.8%   142.327   131.246    -7.8%   213.422   174.911   -18.0%
('BrowseRandomLabelTaxoFacets', None)    79.952    98.038    22.6%    88.784   109.908    23.8%   122.634   132.891     8.4%   122.634   132.891     8.4%   238.106   259.505     9.0%
             ('ConstMSM2', None)     0.953     0.820   -13.9%     2.707     8.029   196.6%    16.103    11.354   -29.5%    16.103    11.354   -29.5%    20.385    30.348    48.9%
                ('Fuzzy1', None)    12.704    12.341    -2.9%    26.667    21.063   -21.0%    41.245    39.483    -4.3%    41.245    39.483    -4.3%    85.030    61.612   -27.5%
                ('Fuzzy2', None)    17.094    16.860    -1.4%    42.424    27.963   -34.1%    73.771    50.987   -30.9%    73.771    50.987   -30.9%    90.836    96.487     6.2%
  ('HighIntervalsOrdered', None)    15.811    16.197     2.4%    28.592    25.603   -10.5%    30.644    27.231   -11.1%    30.644    27.231   -11.1%   171.228   173.133     1.1%
            ('HighPhrase', None)     4.980     4.450   -10.7%    20.630    14.416   -30.1%    43.986    16.653   -62.1%    43.986    16.653   -62.1%    62.355    37.718   -39.5%
      ('HighSloppyPhrase', None)    22.537    21.587    -4.2%    37.217    36.920    -0.8%    98.753    44.287   -55.2%    98.753    44.287   -55.2%   185.798    58.180   -68.7%
          ('HighSpanNear', None)     9.295     7.870   -15.3%    28.420    14.125   -50.3%    60.649    16.427   -72.9%    60.649    16.427   -72.9%   139.135   177.383    27.5%
              ('HighTerm', None)     1.608     1.722     7.1%     2.948     2.403   -18.5%     6.243     2.528   -59.5%     6.243     2.528   -59.5%     7.311     7.232    -1.1%
('HighTermDayOfYearSort', 'DayOfYear')     2.107     2.549    20.9%     5.332     5.718     7.2%     9.626    25.340   163.2%     9.626    25.340   163.2%    50.759    57.006    12.3%
  ('HighTermMonthSort', 'Month')     0.772     0.632   -18.2%     3.092     1.577   -49.0%     4.549     2.795   -38.6%     4.549     2.795   -38.6%     7.659     3.033   -60.4%
('HighTermTitleBDVSort', 'TitleBinary')    13.664    12.022   -12.0%    26.046    25.063    -3.8%    29.320    27.162    -7.4%    29.320    27.162    -7.4%   174.005    94.880   -45.5%
  ('HighTermTitleSort', 'Title')    10.345    10.276    -0.7%    30.733    18.567   -39.6%    31.428    34.685    10.4%    31.428    34.685    10.4%   135.472   114.843   -15.2%
                ('IntNRQ', None)     1.705     1.612    -5.4%     6.174     7.086    14.8%     7.430     7.535     1.4%     7.430     7.535     1.4%   143.101    59.303   -58.6%
                ('IntSet', None)     1.807     1.614   -10.7%     5.996     4.964   -17.2%     8.264     6.158   -25.5%     8.264     6.158   -25.5%    44.010    32.639   -25.8%
   ('LowIntervalsOrdered', None)     2.936     2.635   -10.2%     6.493     5.106   -21.4%     7.135     6.360   -10.9%     7.135     6.360   -10.9%     7.547     6.862    -9.1%
             ('LowPhrase', None)     5.208     6.325    21.4%    20.050    11.897   -40.7%    25.639    14.629   -42.9%    25.639    14.629   -42.9%    46.490    35.542   -23.6%
       ('LowSloppyPhrase', None)    10.481    10.419    -0.6%    25.933    23.043   -11.1%    32.592    24.088   -26.1%    32.592    24.088   -26.1%   248.716   261.909     5.3%
           ('LowSpanNear', None)     6.398     4.820   -24.7%    19.956     8.618   -56.8%    32.547    10.775   -66.9%    32.547    10.775   -66.9%    49.772    27.031   -45.7%
               ('LowTerm', None)     0.417     0.438     4.9%     1.124     0.812   -27.8%     1.427     1.195   -16.3%     1.427     1.195   -16.3%     6.976     1.630   -76.6%
   ('MedIntervalsOrdered', None)     3.712     3.687    -0.7%     5.627     6.612    17.5%    10.036     7.005   -30.2%    10.036     7.005   -30.2%    29.869    18.269   -38.8%
             ('MedPhrase', None)     4.340     2.697   -37.9%     9.946     6.078   -38.9%    10.407    10.168    -2.3%    10.407    10.168    -2.3%   135.028    68.345   -49.4%
       ('MedSloppyPhrase', None)    14.234    10.848   -23.8%    24.151    20.710   -14.3%    34.172    21.119   -38.2%    34.172    21.119   -38.2%    38.374    60.685    58.1%
           ('MedSpanNear', None)    12.135    12.006    -1.1%    14.075    16.005    13.7%    21.514    22.733     5.7%    21.514    22.733     5.7%    45.086    31.224   -30.7%
               ('MedTerm', None)     0.737     0.654   -11.3%     2.035     0.907   -55.4%     2.194     3.825    74.4%     2.194     3.825    74.4%     9.772     4.460   -54.4%
  ('MedTermDayTaxoFacets', None)    11.622    11.304    -2.7%    17.071    14.498   -15.1%    21.105    27.315    29.4%    21.105    27.315    29.4%   213.866   225.069     5.2%
            ('OrHighHigh', None)     2.032     1.622   -20.2%     4.669     7.199    54.2%     6.846    11.348    65.8%     6.846    11.348    65.8%   271.413   288.825     6.4%
             ('OrHighLow', None)     0.895     0.876    -2.0%     3.480     1.781   -48.8%     4.824     2.580   -46.5%     4.824     2.580   -46.5%     6.231     5.728    -8.1%
             ('OrHighMed', None)     1.018     1.018     0.0%     3.215     2.014   -37.3%     4.228     3.709   -12.3%     4.228     3.709   -12.3%   272.930   258.717    -5.2%
('OrHighMedDayTaxoFacets', None)   130.864   132.980     1.6%   178.019   194.998     9.5%   191.663   343.128    79.0%   191.663   343.128    79.0%   908.992   698.912   -23.1%
         ('OrHighNotHigh', None)     1.251     1.226    -2.0%    10.358     3.385   -67.3%    13.626    12.323    -9.6%    13.626    12.323    -9.6%    14.361    16.896    17.7%
          ('OrHighNotLow', None)     1.100     1.277    16.1%     2.802     3.020     7.8%     3.017     3.081     2.1%     3.017     3.081     2.1%    21.280     9.771   -54.1%
          ('OrHighNotMed', None)     1.029     1.027    -0.2%     3.237     2.585   -20.1%     4.147     3.342   -19.4%     4.147     3.342   -19.4%     4.202     6.038    43.7%
         ('OrNotHighHigh', None)     1.414     1.264   -10.6%     3.410     3.303    -3.1%    10.693     9.900    -7.4%    10.693     9.900    -7.4%    34.604    42.232    22.0%
          ('OrNotHighLow', None)     1.134     0.856   -24.5%     2.197     2.123    -3.4%     3.042     2.173   -28.6%     3.042     2.173   -28.6%     4.374     2.647   -39.5%
          ('OrNotHighMed', None)     1.250     0.967   -22.6%     2.986     3.045     2.0%     3.386     4.754    40.4%     3.386     4.754    40.4%     6.550     8.050    22.9%
                   ('PKLookup',)     4.590     5.142    12.0%    10.066     9.645    -4.2%    11.841    12.391     4.6%    11.841    12.391     4.6%    34.545    34.353    -0.6%
               ('Prefix3', None)     1.522     1.201   -21.1%     3.709     3.359    -9.4%    16.903     6.518   -61.4%    16.903     6.518   -61.4%    23.058    17.402   -24.5%
                    ('Respell',)    14.885    14.589    -2.0%    25.803    27.506     6.6%    32.530    34.210     5.2%    32.530    34.210     5.2%    62.328    81.793    31.2%
('TermDateTimeSort', 'DateTime')     2.520     2.405    -4.6%     7.694     7.469    -2.9%    11.922    11.015    -7.6%    11.922    11.015    -7.6%    65.841    58.007   -11.9%
              ('Wildcard', None)     1.524     1.425    -6.4%     3.278     5.504    67.9%     8.221     6.691   -18.6%     8.221     6.691   -18.6%    50.273    50.963     1.4%
                 ('range', None)     0.173     0.188     8.9%     0.522     0.927    77.6%     0.855     0.929     8.7%     0.855     0.929     8.7%     1.061     1.873    76.5%
                            Task    QPS armA      StdDev    QPS armG      StdDev                Pct diff p-value
                        PKLookup      230.08      (7.4%)      194.18      (8.9%)  -15.6% ( -29% -    0%) 0.057
                           range     6865.52      (3.1%)     6055.28      (0.1%)  -11.8% ( -14% -   -8%) 0.000
                      AndHighMed     1163.98      (4.8%)     1034.72     (10.2%)  -11.1% ( -24% -    4%) 0.164
           BrowseMonthTaxoFacets       27.79     (71.7%)       24.80     (67.7%)  -10.7% ( -87% -  454%) 0.878
     BrowseRandomLabelTaxoFacets       12.12      (5.3%)       10.99      (7.6%)   -9.3% ( -21% -    3%) 0.153
            BrowseDateTaxoFacets       14.44      (5.9%)       13.17      (5.9%)   -8.8% ( -19% -    3%) 0.133
                    OrHighNotLow      921.61      (0.7%)      840.86      (0.2%)   -8.8% (  -9% -   -7%) 0.000
                          IntSet      668.71     (11.8%)      621.56      (6.2%)   -7.1% ( -22% -   12%) 0.453
                        HighTerm      646.93      (1.5%)      611.42      (4.7%)   -5.5% ( -11% -    0%) 0.116
           HighTermDayOfYearSort      472.76     (13.2%)      449.14     (12.6%)   -5.0% ( -27% -   24%) 0.699
                         LowTerm     2476.59      (1.9%)     2354.56      (6.3%)   -4.9% ( -12% -    3%) 0.291
                      AndHighLow     1806.39      (9.0%)     1718.67      (9.7%)   -4.9% ( -21% -   15%) 0.604
                       OrHighLow     1314.06     (11.3%)     1258.92      (5.0%)   -4.2% ( -18% -   13%) 0.631
                         Respell       76.73      (5.8%)       73.79      (1.6%)   -3.8% ( -10% -    3%) 0.365
                    OrHighNotMed     1009.16      (0.1%)      977.36      (2.9%)   -3.2% (  -6% -    0%) 0.128
                     AndHighHigh      672.60     (10.4%)      652.80     (13.2%)   -2.9% ( -24% -   23%) 0.805
                    OrNotHighMed     1038.88      (2.8%)     1008.57      (5.0%)   -2.9% ( -10% -    4%) 0.469
                          Fuzzy2       60.54      (4.0%)       59.37      (3.4%)   -1.9% (  -8% -    5%) 0.603
          OrHighMedDayTaxoFacets        7.53      (3.1%)        7.45      (3.8%)   -1.1% (  -7% -    5%) 0.753
                          IntNRQ      667.42      (2.4%)      660.27      (6.5%)   -1.1% (  -9% -    8%) 0.827
                   OrHighNotHigh      871.98      (8.2%)      866.65      (3.7%)   -0.6% ( -11% -   12%) 0.923
                       ConstMSM2     1355.31      (4.2%)     1362.89      (5.5%)    0.6% (  -8% -   10%) 0.908
     BrowseRandomLabelSSDVFacets       11.35      (4.1%)       11.42      (1.8%)    0.7% (  -5% -    6%) 0.838
           BrowseMonthSSDVFacets       15.40      (8.2%)       15.65      (3.9%)    1.6% (  -9% -   14%) 0.805
       BrowseDayOfYearTaxoFacets       15.17     (10.1%)       15.42      (5.0%)    1.6% ( -12% -   18%) 0.839
                     MedSpanNear       90.16     (11.8%)       91.65      (3.5%)    1.7% ( -12% -   19%) 0.849
                      HighPhrase      237.38      (8.6%)      241.50      (5.6%)    1.7% ( -11% -   17%) 0.811
             MedIntervalsOrdered      265.84      (6.1%)      270.80      (4.7%)    1.9% (  -8% -   13%) 0.732
                        BM25MSM2       46.30      (8.7%)       47.28      (2.6%)    2.1% (  -8% -   14%) 0.739
            HighIntervalsOrdered       61.12      (8.0%)       62.55      (5.2%)    2.3% ( -10% -   16%) 0.728
               HighTermTitleSort       96.09      (3.4%)       98.50      (0.2%)    2.5% (  -1% -    6%) 0.293
       BrowseDayOfYearSSDVFacets       15.72      (4.6%)       16.16      (8.5%)    2.7% (  -9% -   16%) 0.686
                HighSloppyPhrase       44.93      (2.0%)       46.19      (2.0%)    2.8% (  -1% -    6%) 0.165
                       LowPhrase      192.43      (3.0%)      199.65      (4.2%)    3.7% (  -3% -   11%) 0.306
         AndHighMedDayTaxoFacets      180.99      (2.8%)      188.29      (1.1%)    4.0% (   0% -    8%) 0.058
                         MedTerm     1505.82      (5.6%)     1570.58      (0.3%)    4.3% (  -1% -   10%) 0.279
            HighTermTitleBDVSort       81.58      (3.8%)       85.16      (1.1%)    4.4% (   0% -    9%) 0.121
                       OrHighMed      912.59     (22.3%)      955.89      (7.0%)    4.7% ( -20% -   43%) 0.774
                 LowSloppyPhrase       93.01      (5.6%)       97.47      (1.1%)    4.8% (  -1% -   12%) 0.231
                        Wildcard      714.32      (3.3%)      748.87      (0.7%)    4.8% (   0% -    9%) 0.043
                      TermDTSort      419.39      (0.1%)      447.47      (0.0%)    6.7% (   6% -    6%) 0.000
                  AndMissingHigh     3664.52      (1.5%)     3924.65      (3.0%)    7.1% (   2% -   11%) 0.002
                     LowSpanNear      207.27     (10.2%)      222.81      (1.8%)    7.5% (  -4% -   21%) 0.305
                    OrNotHighLow     1289.43     (28.2%)     1386.46      (8.6%)    7.5% ( -22% -   61%) 0.718
            MedTermDayTaxoFacets       90.32      (5.2%)       97.58      (4.1%)    8.0% (  -1% -   18%) 0.087
            BrowseDateSSDVFacets        2.82      (9.0%)        3.05      (4.0%)    8.4% (  -4% -   23%) 0.228
                    HighSpanNear      122.08      (7.8%)      132.82      (2.4%)    8.8% (  -1% -   20%) 0.129
               HighTermMonthSort     1481.79      (5.4%)     1612.97      (0.6%)    8.9% (   2% -   15%) 0.022
                   OrNotHighHigh      790.33      (5.4%)      861.28      (1.8%)    9.0% (   1% -   17%) 0.026
        AndHighHighDayTaxoFacets       50.87      (3.3%)       55.59      (4.6%)    9.3% (   1% -   17%) 0.020
                      OrHighHigh      565.16     (10.6%)      618.15      (7.0%)    9.4% (  -7% -   30%) 0.296
                          Fuzzy1       83.57      (7.1%)       92.05      (4.6%)   10.2% (  -1% -   23%) 0.089
                 MedSloppyPhrase       79.90      (6.8%)       91.93      (1.2%)   15.1% (   6% -   24%) 0.002
                       MedPhrase      336.48     (22.3%)      390.22      (3.5%)   16.0% (  -8% -   53%) 0.318
             LowIntervalsOrdered      299.43     (20.2%)      356.98     (18.1%)   19.2% ( -15% -   72%) 0.316
                         Prefix3      762.47     (13.5%)     1055.60     (16.7%)   38.4% (   7% -   79%) 0.011
  iter 2
    armG:
      NOTE: using experimental CPU time profiler (see https://mostlynerdless.de/blog/2025/06/11/java-25s-new-cpu-time-profiler-1)
      log: /home/goankur/vsearch/logs/FAG.armG.2 + stdout
      run: /usr/bin/perf stat -dd -e task-clock,cycles,instructions,cache-references,cache-misses,L1-dcache-loads,L1-dcache-load-misses,L1-icache-loads,L1-icache-load-misses,LLC-loads,LLC-load-misses,LLC-stores,LLC-store-misses,LLC-prefetches,LLC-prefetch-misses,faults,minor-faults,major-faults,branches,branch-misses,stalled-cycles-frontend,stalled-cycles-backend /home/goankur/jdk/corretto-25/bin/java -server -Xms2g -Xmx2g --add-modules jdk.incubator.vector -XX:+HeapDumpOnOutOfMemoryError -XX:+UseParallelGC -XX:StartFlightRecording=jdk.CPUTimeSample#enabled=true,dumponexit=true,maxsize=250M,settings=/home/goankur/vsearch/util/src/python/profiling.jfc,filename=/home/goankur/vsearch/logs/bench-search-FAG-armG-2.jfr -XX:+UnlockDiagnosticVMOptions -XX:+DebugNonSafepoints -classpath /home/goankur/vsearch/bo/lucene-G/lucene/core/build/libs/lucene-core-11.0.0-SNAPSHOT.jar:/home/goankur/vsearch/bo/lucene-G/lucene/sandbox/build/classes/java/main:/home/goankur/vsearch/bo/lucene-G/lucene/misc/build/classes/java/main:/home/goankur/vsearch/bo/lucene-G/lucene/facet/build/classes/java/main:/home/goankur/vsearch/bo/lucene-G/lucene/analysis/common/build/classes/java/main:/home/goankur/vsearch/bo/lucene-G/lucene/analysis/icu/build/classes/java/main:/home/goankur/vsearch/bo/lucene-G/lucene/queryparser/build/classes/java/main:/home/goankur/vsearch/bo/lucene-G/lucene/grouping/build/classes/java/main:/home/goankur/vsearch/bo/lucene-G/lucene/suggest/build/classes/java/main:/home/goankur/vsearch/bo/lucene-G/lucene/highlighter/build/classes/java/main:/home/goankur/vsearch/bo/lucene-G/lucene/codecs/build/classes/java/main:/home/goankur/vsearch/bo/lucene-G/lucene/queries/build/classes/java/main:/home/goankur/vsearch/bo/lucene-G/lucene/join/build/classes/java/main:/home/goankur/vsearch/bo/lucene-G/lucene/spatial3d/build/classes/java/main:/home/goankur/vsearch/util/lib/HdrHistogram.jar:/home/goankur/vsearch/util/src/main/build/classes/java/main:/home/goankur/vsearch/util/build perf.SearchPerfTest -dirImpl MMapDirectory -indexPath /home/goankur/vsearch/indices/wikimedium10m.lucene-A.facets.taxonomy:Date.taxonomy:Month.taxonomy:DayOfYear.sortedset:Date.sortedset:Month.sortedset:DayOfYear.taxonomy:RandomLabel.sortedset:RandomLabel.Lucene90.Lucene104.dvfields.nd10M -facets taxonomy:Date;Date -facets taxonomy:Month;Month -facets taxonomy:DayOfYear;DayOfYear -facets sortedset:Date;Date -facets sortedset:Month;Month -facets sortedset:DayOfYear;DayOfYear -facets taxonomy:RandomLabel;RandomLabel -facets sortedset:RandomLabel;RandomLabel -analyzer StandardAnalyzer -taskSource /home/goankur/vsearch/util/tasks/wikimedium.10M.nostopwords.tasks -numConcurrentQueries 5 -taskRepeatCount 20 -field body -tasksPerCat 1 -searchConcurrency -1 -staticSeed 137351 -seed -7652138 -similarity BM25Similarity -commit multi -hiliteImpl FastVectorHighlighter -log /home/goankur/vsearch/logs/FAG.armG.2 -topN 100 -context  -pk -pollute
      10.0 s
      232.3 actual sustained QPS; -1.0 CPU cores used
    armA:
      NOTE: using experimental CPU time profiler (see https://mostlynerdless.de/blog/2025/06/11/java-25s-new-cpu-time-profiler-1)
      log: /home/goankur/vsearch/logs/FAG.armA.2 + stdout
      run: /usr/bin/perf stat -dd -e task-clock,cycles,instructions,cache-references,cache-misses,L1-dcache-loads,L1-dcache-load-misses,L1-icache-loads,L1-icache-load-misses,LLC-loads,LLC-load-misses,LLC-stores,LLC-store-misses,LLC-prefetches,LLC-prefetch-misses,faults,minor-faults,major-faults,branches,branch-misses,stalled-cycles-frontend,stalled-cycles-backend /home/goankur/jdk/corretto-25/bin/java -server -Xms2g -Xmx2g --add-modules jdk.incubator.vector -XX:+HeapDumpOnOutOfMemoryError -XX:+UseParallelGC -XX:StartFlightRecording=jdk.CPUTimeSample#enabled=true,dumponexit=true,maxsize=250M,settings=/home/goankur/vsearch/util/src/python/profiling.jfc,filename=/home/goankur/vsearch/logs/bench-search-FAG-armA-2.jfr -XX:+UnlockDiagnosticVMOptions -XX:+DebugNonSafepoints -classpath /home/goankur/vsearch/bo/lucene-A/lucene/core/build/libs/lucene-core-11.0.0-SNAPSHOT.jar:/home/goankur/vsearch/bo/lucene-A/lucene/sandbox/build/classes/java/main:/home/goankur/vsearch/bo/lucene-A/lucene/misc/build/classes/java/main:/home/goankur/vsearch/bo/lucene-A/lucene/facet/build/classes/java/main:/home/goankur/vsearch/bo/lucene-A/lucene/analysis/common/build/classes/java/main:/home/goankur/vsearch/bo/lucene-A/lucene/analysis/icu/build/classes/java/main:/home/goankur/vsearch/bo/lucene-A/lucene/queryparser/build/classes/java/main:/home/goankur/vsearch/bo/lucene-A/lucene/grouping/build/classes/java/main:/home/goankur/vsearch/bo/lucene-A/lucene/suggest/build/classes/java/main:/home/goankur/vsearch/bo/lucene-A/lucene/highlighter/build/classes/java/main:/home/goankur/vsearch/bo/lucene-A/lucene/codecs/build/classes/java/main:/home/goankur/vsearch/bo/lucene-A/lucene/queries/build/classes/java/main:/home/goankur/vsearch/bo/lucene-A/lucene/join/build/classes/java/main:/home/goankur/vsearch/bo/lucene-A/lucene/spatial3d/build/classes/java/main:/home/goankur/vsearch/util/lib/HdrHistogram.jar:/home/goankur/vsearch/util/src/main/build/classes/java/main:/home/goankur/vsearch/util/build perf.SearchPerfTest -dirImpl MMapDirectory -indexPath /home/goankur/vsearch/indices/wikimedium10m.lucene-A.facets.taxonomy:Date.taxonomy:Month.taxonomy:DayOfYear.sortedset:Date.sortedset:Month.sortedset:DayOfYear.taxonomy:RandomLabel.sortedset:RandomLabel.Lucene90.Lucene104.dvfields.nd10M -facets taxonomy:Date;Date -facets taxonomy:Month;Month -facets taxonomy:DayOfYear;DayOfYear -facets sortedset:Date;Date -facets sortedset:Month;Month -facets sortedset:DayOfYear;DayOfYear -facets taxonomy:RandomLabel;RandomLabel -facets sortedset:RandomLabel;RandomLabel -analyzer StandardAnalyzer -taskSource /home/goankur/vsearch/util/tasks/wikimedium.10M.nostopwords.tasks -numConcurrentQueries 5 -taskRepeatCount 20 -field body -tasksPerCat 1 -searchConcurrency -1 -staticSeed 137351 -seed -7652138 -similarity BM25Similarity -commit multi -hiliteImpl FastVectorHighlighter -log /home/goankur/vsearch/logs/FAG.armA.2 -topN 100 -context  -pk -pollute
      10.2 s
      227.6 actual sustained QPS; -1.0 CPU cores used

Report after iter 2:
QPSChart.supported == False
                            Task     P50 B     P50 C     Diff     P90 B     P90 C     Diff     P99 B     P99 C     Diff    P999 B    P999 C     Diff    P100 B    P100 C     Diff
           ('AndHighHigh', None)     1.743     2.110    21.0%     6.108     4.482   -26.6%    15.086     4.572   -69.7%    15.086     4.572   -69.7%    22.186    20.358    -8.2%
('AndHighHighDayTaxoFacets', None)    17.387    19.293    11.0%    29.160    26.940    -7.6%    44.420    32.728   -26.3%    44.420    32.728   -26.3%    63.148    61.837    -2.1%
            ('AndHighLow', None)     0.534     0.799    49.7%     1.629     1.384   -15.0%     1.756     1.609    -8.4%     1.756     1.609    -8.4%     2.822     3.579    26.8%
            ('AndHighMed', None)     0.884     1.231    39.3%     2.490     4.142    66.3%     3.685     4.374    18.7%     3.685     4.374    18.7%     5.412    22.506   315.8%
('AndHighMedDayTaxoFacets', None)     5.699     5.599    -1.8%    16.294    17.502     7.4%    21.534    20.380    -5.4%    21.534    20.380    -5.4%    24.224    22.922    -5.4%
     ('AndMissingHigh', 'Title')     0.317     0.305    -3.6%     1.845     1.282   -30.5%     3.505     2.405   -31.4%     3.505     2.405   -31.4%    19.134    18.891    -1.3%
              ('BM25MSM2', None)    21.955    20.163    -8.2%    42.282    37.718   -10.8%    42.658    38.255   -10.3%    42.658    38.255   -10.3%   197.260   138.366   -29.9%
  ('BrowseDateSSDVFacets', None)   344.611   349.794     1.5%   389.197   392.833     0.9%   411.544   401.229    -2.5%   411.544   401.229    -2.5%   557.485   715.712    28.4%
  ('BrowseDateTaxoFacets', None)    70.658    62.902   -11.0%    89.971    78.135   -13.2%    91.701    78.792   -14.1%    91.701    78.792   -14.1%   184.649   169.325    -8.3%
('BrowseDayOfYearSSDVFacets', None)    68.306    68.198    -0.2%    86.413    87.257     1.0%    97.803    98.483     0.7%    97.803    98.483     0.7%   103.130   109.724     6.4%
('BrowseDayOfYearTaxoFacets', None)    66.065    64.506    -2.4%    85.380    76.688   -10.2%    85.404    79.204    -7.3%    85.404    79.204    -7.3%    89.776    79.503   -11.4%
 ('BrowseMonthSSDVFacets', None)    65.726    67.177     2.2%    85.794    85.522    -0.3%    86.530   103.884    20.1%    86.530   103.884    20.1%   266.714   345.196    29.4%
 ('BrowseMonthTaxoFacets', None)    27.698    25.393    -8.3%    73.671    77.252     4.9%    82.010    88.913     8.4%    82.010    88.913     8.4%   100.999   103.779     2.8%
('BrowseRandomLabelSSDVFacets', None)    92.966    92.728    -0.3%   114.145   113.680    -0.4%   216.173   116.141   -46.3%   216.173   116.141   -46.3%   355.211   394.886    11.2%
('BrowseRandomLabelTaxoFacets', None)    91.753    79.029   -13.9%   115.864    93.060   -19.7%   121.446   102.921   -15.3%   121.446   102.921   -15.3%   189.031   133.839   -29.2%
             ('ConstMSM2', None)     0.838     0.791    -5.5%     1.825     1.468   -19.6%     2.672     1.616   -39.5%     2.672     1.616   -39.5%    18.025    14.943   -17.1%
                ('Fuzzy1', None)    12.764    12.528    -1.8%    36.481    30.448   -16.5%    60.781    33.279   -45.2%    60.781    33.279   -45.2%   178.216   269.532    51.2%
                ('Fuzzy2', None)    17.522    16.819    -4.0%    24.318    23.830    -2.0%    46.474    40.107   -13.7%    46.474    40.107   -13.7%    57.557    49.671   -13.7%
  ('HighIntervalsOrdered', None)    18.779    17.811    -5.2%    29.476    31.776     7.8%    34.860    38.418    10.2%    34.860    38.418    10.2%    49.569    38.562   -22.2%
            ('HighPhrase', None)     4.183     4.994    19.4%     8.584     8.221    -4.2%     9.258    23.065   149.1%     9.258    23.065   149.1%   125.881   106.381   -15.5%
      ('HighSloppyPhrase', None)    20.964    20.233    -3.5%    59.515    36.634   -38.4%    61.713    37.179   -39.8%    61.713    37.179   -39.8%   358.844   417.436    16.3%
          ('HighSpanNear', None)     7.885     8.760    11.1%    17.391    19.068     9.6%    20.166    21.285     5.5%    20.166    21.285     5.5%    54.283    45.832   -15.6%
              ('HighTerm', None)     1.592     1.510    -5.2%     2.158     2.042    -5.4%     2.926     2.989     2.1%     2.926     2.989     2.1%    14.277    34.901   144.5%
('HighTermDayOfYearSort', 'DayOfYear')     2.232     3.059    37.1%     5.671     7.655    35.0%    20.989    20.233    -3.6%    20.989    20.233    -3.6%    89.622    70.394   -21.5%
  ('HighTermMonthSort', 'Month')     0.686     0.757    10.4%     2.355     2.006   -14.8%     2.467     2.677     8.6%     2.467     2.677     8.6%     4.374     6.734    54.0%
('HighTermTitleBDVSort', 'TitleBinary')    13.266    12.654    -4.6%    26.440    28.765     8.8%    27.018    34.629    28.2%    27.018    34.629    28.2%   123.823   159.940    29.2%
  ('HighTermTitleSort', 'Title')     9.660     9.440    -2.3%    21.487    16.995   -20.9%    28.856    19.045   -34.0%    28.856    19.045   -34.0%    94.474    68.795   -27.2%
                ('IntNRQ', None)     1.557     1.906    22.4%     8.509     5.707   -32.9%     9.102     7.432   -18.3%     9.102     7.432   -18.3%   139.394   135.408    -2.9%
                ('IntSet', None)     1.385     1.496     8.0%     2.483     5.152   107.5%     7.701    10.351    34.4%     7.701    10.351    34.4%    72.887    80.983    11.1%
   ('LowIntervalsOrdered', None)     3.518     3.938    11.9%     6.347     5.494   -13.4%     7.911     5.848   -26.1%     7.911     5.848   -26.1%     8.798    17.000    93.2%
             ('LowPhrase', None)     6.255     5.855    -6.4%    11.677    12.198     4.5%    12.252    15.091    23.2%    12.252    15.091    23.2%    13.063    21.060    61.2%
       ('LowSloppyPhrase', None)    10.190    11.689    14.7%    17.660    25.239    42.9%    21.771    25.745    18.3%    21.771    25.745    18.3%    23.301    26.134    12.2%
           ('LowSpanNear', None)     5.610     4.913   -12.4%    10.802    10.597    -1.9%    12.980    11.608   -10.6%    12.980    11.608   -10.6%   149.194   159.833     7.1%
               ('LowTerm', None)     0.454     0.446    -1.6%     0.711     0.971    36.4%     0.789     1.190    50.8%     0.789     1.190    50.8%     1.292     3.590   177.9%
   ('MedIntervalsOrdered', None)     4.386     3.968    -9.5%     8.008     7.937    -0.9%     9.134     8.127   -11.0%     9.134     8.127   -11.0%   105.880   131.972    24.6%
             ('MedPhrase', None)     2.752     3.354    21.9%     5.765     5.577    -3.3%     5.950    10.817    81.8%     5.950    10.817    81.8%    88.448   106.509    20.4%
       ('MedSloppyPhrase', None)    10.023     9.990    -0.3%    17.166    21.453    25.0%    22.778    24.268     6.5%    22.778    24.268     6.5%    52.994    52.045    -1.8%
           ('MedSpanNear', None)    11.743    11.701    -0.4%    18.223    15.771   -13.5%    25.604    24.064    -6.0%    25.604    24.064    -6.0%    44.804    48.077     7.3%
               ('MedTerm', None)     0.758     0.697    -7.9%     1.867     1.864    -0.2%     2.603     2.263   -13.1%     2.603     2.263   -13.1%   140.902   110.154   -21.8%
  ('MedTermDayTaxoFacets', None)    11.092    10.484    -5.5%    15.111    16.286     7.8%    24.850    19.751   -20.5%    24.850    19.751   -20.5%   363.314   283.221   -22.0%
            ('OrHighHigh', None)     1.633     1.484    -9.1%     3.531     4.658    31.9%     9.197    32.655   255.1%     9.197    32.655   255.1%   246.775   305.279    23.7%
             ('OrHighLow', None)     1.077     0.881   -18.2%     1.991     1.410   -29.2%     2.105     1.909    -9.3%     2.105     1.909    -9.3%    19.125    31.880    66.7%
             ('OrHighMed', None)     1.185     1.239     4.6%     3.720     5.714    53.6%     4.253     7.280    71.2%     4.253     7.280    71.2%    11.231    12.227     8.9%
('OrHighMedDayTaxoFacets', None)   143.857   131.310    -8.7%   198.985   184.451    -7.3%   330.212   193.376   -41.4%   330.212   193.376   -41.4%   709.630   753.535     6.2%
         ('OrHighNotHigh', None)     1.272     1.276     0.3%     3.467     4.063    17.2%     3.655     5.809    58.9%     3.655     5.809    58.9%    34.131    52.085    52.6%
          ('OrHighNotLow', None)     1.486     1.814    22.1%     5.182     3.249   -37.3%     9.437    10.168     7.7%     9.437    10.168     7.7%    14.303    32.985   130.6%
          ('OrHighNotMed', None)     1.088     1.115     2.5%     2.345     1.702   -27.4%    11.658     1.986   -83.0%    11.658     1.986   -83.0%    13.217     4.609   -65.1%
         ('OrNotHighHigh', None)     1.243     1.159    -6.7%     4.341     2.367   -45.5%     9.136     8.078   -11.6%     9.136     8.078   -11.6%    19.934    10.693   -46.4%
          ('OrNotHighLow', None)     0.610     0.647     6.0%     1.625     1.877    15.5%     3.214     1.970   -38.7%     3.214     1.970   -38.7%     4.973     2.387   -52.0%
          ('OrNotHighMed', None)     1.456     1.358    -6.7%     3.108     3.682    18.5%     3.998     4.039     1.0%     3.998     4.039     1.0%     4.542     5.409    19.1%
                   ('PKLookup',)     4.963     5.498    10.8%     9.234    10.919    18.2%    16.673    12.463   -25.3%    16.673    12.463   -25.3%    20.150    17.950   -10.9%
               ('Prefix3', None)     1.125     1.180     4.8%     4.381     6.998    59.7%     5.939     9.628    62.1%     5.939     9.628    62.1%    11.317    14.682    29.7%
                    ('Respell',)    14.772    15.062     2.0%    21.823    24.128    10.6%    22.205    32.350    45.7%    22.205    32.350    45.7%   161.663   183.340    13.4%
('TermDateTimeSort', 'DateTime')     2.157     2.479    14.9%     8.313     6.657   -19.9%     8.375     7.290   -13.0%     8.375     7.290   -13.0%    15.322    18.920    23.5%
              ('Wildcard', None)     1.774     1.777     0.1%     7.520     2.689   -64.2%    10.689     4.383   -59.0%    10.689     4.383   -59.0%    13.892    12.420   -10.6%
                 ('range', None)     0.207     0.204    -1.6%     0.752     0.625   -16.9%     2.210     0.807   -63.5%     2.210     0.807   -63.5%     2.442     5.981   144.9%
                            Task    QPS armA      StdDev    QPS armG      StdDev                Pct diff p-value
                        PKLookup      230.89      (5.2%)      191.86      (6.5%)  -16.9% ( -27% -   -5%) 0.000
                    OrHighNotLow      870.89     (10.1%)      754.91     (17.1%)  -13.3% ( -36% -   15%) 0.245
                      AndHighMed     1174.87      (3.7%)     1021.91      (7.4%)  -13.0% ( -23% -   -1%) 0.007
                           range     6493.23     (10.2%)     5822.30      (6.2%)  -10.3% ( -24% -    6%) 0.134
                          IntNRQ      686.05      (5.0%)      630.12      (8.8%)   -8.2% ( -20% -    5%) 0.164
           HighTermDayOfYearSort      475.27      (9.3%)      437.05      (9.9%)   -8.0% ( -24% -   12%) 0.307
                          IntSet      696.47     (10.6%)      642.66      (6.7%)   -7.7% ( -22% -   10%) 0.285
                      AndHighLow     1852.70      (7.6%)     1747.27      (7.2%)   -5.7% ( -19% -    9%) 0.345
                         LowTerm     2424.80      (3.9%)     2335.25      (4.8%)   -3.7% ( -11% -    5%) 0.301
                         Respell       74.91      (5.9%)       72.40      (3.4%)   -3.4% ( -11% -    6%) 0.396
                        HighTerm      648.18      (1.1%)      629.73      (5.9%)   -2.8% (  -9% -    4%) 0.413
                   OrHighNotHigh      867.72      (5.9%)      846.14      (4.9%)   -2.5% ( -12% -    8%) 0.572
            BrowseDateTaxoFacets       14.49      (4.2%)       14.13     (12.3%)   -2.5% ( -18% -   14%) 0.741
                     AndHighHigh      640.56     (11.6%)      625.52     (12.3%)   -2.3% ( -23% -   24%) 0.810
           BrowseMonthTaxoFacets       30.62     (48.7%)       29.91     (52.1%)   -2.3% ( -69% -  192%) 0.955
                      HighPhrase      241.96      (6.8%)      236.63      (5.2%)   -2.2% ( -13% -   10%) 0.657
                    OrHighNotMed      984.41      (4.4%)      965.04      (3.0%)   -2.0% (  -8% -    5%) 0.521
     BrowseRandomLabelTaxoFacets       11.82      (5.8%)       11.60     (10.5%)   -1.9% ( -17% -   15%) 0.785
                    OrNotHighMed      944.52     (17.4%)      935.54     (13.9%)   -1.0% ( -27% -   36%) 0.941
     BrowseRandomLabelSSDVFacets       11.38      (3.0%)       11.34      (1.7%)   -0.3% (  -4% -    4%) 0.875
                       OrHighLow     1231.56     (14.4%)     1229.15      (5.6%)   -0.2% ( -17% -   23%) 0.982
                          Fuzzy2       60.10      (3.1%)       60.29      (3.6%)    0.3% (  -6% -    7%) 0.909
               HighTermTitleSort      102.03     (10.3%)      102.42      (6.6%)    0.4% ( -15% -   19%) 0.957
                    OrNotHighLow     1453.25     (26.3%)     1460.42     (10.3%)    0.5% ( -28% -   50%) 0.976
       BrowseDayOfYearTaxoFacets       15.26      (7.2%)       15.40      (3.5%)    0.9% (  -9% -   12%) 0.840
           BrowseMonthSSDVFacets       15.62      (6.2%)       15.78      (3.1%)    1.0% (  -7% -   10%) 0.805
                     MedSpanNear       88.86      (8.8%)       90.01      (4.1%)    1.3% ( -10% -   15%) 0.818
                      TermDTSort      437.14      (7.0%)      444.39      (1.2%)    1.7% (  -6% -   10%) 0.688
                       ConstMSM2     1307.73      (7.0%)     1335.04      (5.5%)    2.1% (  -9% -   15%) 0.683
          OrHighMedDayTaxoFacets        7.36      (4.5%)        7.53      (3.4%)    2.3% (  -5% -   10%) 0.477
                HighSloppyPhrase       46.20      (4.9%)       47.45      (4.9%)    2.7% (  -6% -   13%) 0.501
         AndHighMedDayTaxoFacets      182.84      (2.6%)      188.08      (0.8%)    2.9% (   0% -    6%) 0.071
               HighTermMonthSort     1491.55      (4.0%)     1535.64      (9.0%)    3.0% (  -9% -   16%) 0.603
                 LowSloppyPhrase       95.26      (5.6%)       98.10      (1.4%)    3.0% (  -3% -   10%) 0.370
            HighIntervalsOrdered       59.01      (8.5%)       60.92      (6.1%)    3.2% ( -10% -   19%) 0.593
                    HighSpanNear      125.22      (6.9%)      129.44      (5.0%)    3.4% (  -7% -   16%) 0.494
       BrowseDayOfYearSSDVFacets       15.40      (4.9%)       15.94      (6.6%)    3.5% (  -7% -   15%) 0.462
                        BM25MSM2       46.55      (6.2%)       48.20      (3.9%)    3.5% (  -6% -   14%) 0.400
        AndHighHighDayTaxoFacets       53.27      (8.1%)       55.23      (3.3%)    3.7% (  -7% -   16%) 0.469
                       OrHighMed      909.68     (15.8%)      946.08      (5.3%)    4.0% ( -14% -   29%) 0.678
            HighTermTitleBDVSort       81.10      (2.9%)       84.35      (1.9%)    4.0% (   0% -    9%) 0.046
                        Wildcard      679.06      (9.3%)      707.59     (10.5%)    4.2% ( -14% -   26%) 0.605
            BrowseDateSSDVFacets        2.87      (6.9%)        3.00      (4.3%)    4.6% (  -6% -   17%) 0.333
            MedTermDayTaxoFacets       91.80      (4.6%)       97.33      (2.9%)    6.0% (  -1% -   14%) 0.054
                         MedTerm     1458.42      (7.0%)     1546.73      (2.8%)    6.1% (  -3% -   17%) 0.163
                  AndMissingHigh     3569.59      (4.7%)     3795.32      (6.6%)    6.3% (  -4% -   18%) 0.179
             MedIntervalsOrdered      254.61      (8.9%)      271.52      (3.5%)    6.6% (  -5% -   20%) 0.228
                       MedPhrase      356.10     (17.7%)      382.00      (4.6%)    7.3% ( -12% -   35%) 0.491
                     LowSpanNear      205.17      (7.5%)      220.38      (2.4%)    7.4% (  -2% -   18%) 0.103
             LowIntervalsOrdered      298.79     (14.3%)      322.79     (23.6%)    8.0% ( -26% -   53%) 0.614
                          Fuzzy1       82.33      (5.7%)       89.10      (7.0%)    8.2% (  -4% -   22%) 0.116
                      OrHighHigh      591.90     (10.6%)      641.02      (8.2%)    8.3% (  -9% -   30%) 0.283
                   OrNotHighHigh      800.26      (4.4%)      868.90      (2.1%)    8.6% (   2% -   15%) 0.002
                       LowPhrase      184.92      (7.4%)      201.50      (3.6%)    9.0% (  -1% -   21%) 0.058
                 MedSloppyPhrase       86.95     (14.7%)       95.60      (7.4%)    9.9% ( -10% -   37%) 0.295
                         Prefix3      821.45     (15.3%)     1007.23     (15.0%)   22.6% (  -6% -   62%) 0.067
  iter 3
    armA:
      NOTE: using experimental CPU time profiler (see https://mostlynerdless.de/blog/2025/06/11/java-25s-new-cpu-time-profiler-1)
      log: /home/goankur/vsearch/logs/FAG.armA.3 + stdout
      run: /usr/bin/perf stat -dd -e task-clock,cycles,instructions,cache-references,cache-misses,L1-dcache-loads,L1-dcache-load-misses,L1-icache-loads,L1-icache-load-misses,LLC-loads,LLC-load-misses,LLC-stores,LLC-store-misses,LLC-prefetches,LLC-prefetch-misses,faults,minor-faults,major-faults,branches,branch-misses,stalled-cycles-frontend,stalled-cycles-backend /home/goankur/jdk/corretto-25/bin/java -server -Xms2g -Xmx2g --add-modules jdk.incubator.vector -XX:+HeapDumpOnOutOfMemoryError -XX:+UseParallelGC -XX:StartFlightRecording=jdk.CPUTimeSample#enabled=true,dumponexit=true,maxsize=250M,settings=/home/goankur/vsearch/util/src/python/profiling.jfc,filename=/home/goankur/vsearch/logs/bench-search-FAG-armA-3.jfr -XX:+UnlockDiagnosticVMOptions -XX:+DebugNonSafepoints -classpath /home/goankur/vsearch/bo/lucene-A/lucene/core/build/libs/lucene-core-11.0.0-SNAPSHOT.jar:/home/goankur/vsearch/bo/lucene-A/lucene/sandbox/build/classes/java/main:/home/goankur/vsearch/bo/lucene-A/lucene/misc/build/classes/java/main:/home/goankur/vsearch/bo/lucene-A/lucene/facet/build/classes/java/main:/home/goankur/vsearch/bo/lucene-A/lucene/analysis/common/build/classes/java/main:/home/goankur/vsearch/bo/lucene-A/lucene/analysis/icu/build/classes/java/main:/home/goankur/vsearch/bo/lucene-A/lucene/queryparser/build/classes/java/main:/home/goankur/vsearch/bo/lucene-A/lucene/grouping/build/classes/java/main:/home/goankur/vsearch/bo/lucene-A/lucene/suggest/build/classes/java/main:/home/goankur/vsearch/bo/lucene-A/lucene/highlighter/build/classes/java/main:/home/goankur/vsearch/bo/lucene-A/lucene/codecs/build/classes/java/main:/home/goankur/vsearch/bo/lucene-A/lucene/queries/build/classes/java/main:/home/goankur/vsearch/bo/lucene-A/lucene/join/build/classes/java/main:/home/goankur/vsearch/bo/lucene-A/lucene/spatial3d/build/classes/java/main:/home/goankur/vsearch/util/lib/HdrHistogram.jar:/home/goankur/vsearch/util/src/main/build/classes/java/main:/home/goankur/vsearch/util/build perf.SearchPerfTest -dirImpl MMapDirectory -indexPath /home/goankur/vsearch/indices/wikimedium10m.lucene-A.facets.taxonomy:Date.taxonomy:Month.taxonomy:DayOfYear.sortedset:Date.sortedset:Month.sortedset:DayOfYear.taxonomy:RandomLabel.sortedset:RandomLabel.Lucene90.Lucene104.dvfields.nd10M -facets taxonomy:Date;Date -facets taxonomy:Month;Month -facets taxonomy:DayOfYear;DayOfYear -facets sortedset:Date;Date -facets sortedset:Month;Month -facets sortedset:DayOfYear;DayOfYear -facets taxonomy:RandomLabel;RandomLabel -facets sortedset:RandomLabel;RandomLabel -analyzer StandardAnalyzer -taskSource /home/goankur/vsearch/util/tasks/wikimedium.10M.nostopwords.tasks -numConcurrentQueries 5 -taskRepeatCount 20 -field body -tasksPerCat 1 -searchConcurrency -1 -staticSeed 137351 -seed -7529707 -similarity BM25Similarity -commit multi -hiliteImpl FastVectorHighlighter -log /home/goankur/vsearch/logs/FAG.armA.3 -topN 100 -context  -pk -pollute
      9.8 s
      236.0 actual sustained QPS; -1.0 CPU cores used
    armG:
      NOTE: using experimental CPU time profiler (see https://mostlynerdless.de/blog/2025/06/11/java-25s-new-cpu-time-profiler-1)
      log: /home/goankur/vsearch/logs/FAG.armG.3 + stdout
      run: /usr/bin/perf stat -dd -e task-clock,cycles,instructions,cache-references,cache-misses,L1-dcache-loads,L1-dcache-load-misses,L1-icache-loads,L1-icache-load-misses,LLC-loads,LLC-load-misses,LLC-stores,LLC-store-misses,LLC-prefetches,LLC-prefetch-misses,faults,minor-faults,major-faults,branches,branch-misses,stalled-cycles-frontend,stalled-cycles-backend /home/goankur/jdk/corretto-25/bin/java -server -Xms2g -Xmx2g --add-modules jdk.incubator.vector -XX:+HeapDumpOnOutOfMemoryError -XX:+UseParallelGC -XX:StartFlightRecording=jdk.CPUTimeSample#enabled=true,dumponexit=true,maxsize=250M,settings=/home/goankur/vsearch/util/src/python/profiling.jfc,filename=/home/goankur/vsearch/logs/bench-search-FAG-armG-3.jfr -XX:+UnlockDiagnosticVMOptions -XX:+DebugNonSafepoints -classpath /home/goankur/vsearch/bo/lucene-G/lucene/core/build/libs/lucene-core-11.0.0-SNAPSHOT.jar:/home/goankur/vsearch/bo/lucene-G/lucene/sandbox/build/classes/java/main:/home/goankur/vsearch/bo/lucene-G/lucene/misc/build/classes/java/main:/home/goankur/vsearch/bo/lucene-G/lucene/facet/build/classes/java/main:/home/goankur/vsearch/bo/lucene-G/lucene/analysis/common/build/classes/java/main:/home/goankur/vsearch/bo/lucene-G/lucene/analysis/icu/build/classes/java/main:/home/goankur/vsearch/bo/lucene-G/lucene/queryparser/build/classes/java/main:/home/goankur/vsearch/bo/lucene-G/lucene/grouping/build/classes/java/main:/home/goankur/vsearch/bo/lucene-G/lucene/suggest/build/classes/java/main:/home/goankur/vsearch/bo/lucene-G/lucene/highlighter/build/classes/java/main:/home/goankur/vsearch/bo/lucene-G/lucene/codecs/build/classes/java/main:/home/goankur/vsearch/bo/lucene-G/lucene/queries/build/classes/java/main:/home/goankur/vsearch/bo/lucene-G/lucene/join/build/classes/java/main:/home/goankur/vsearch/bo/lucene-G/lucene/spatial3d/build/classes/java/main:/home/goankur/vsearch/util/lib/HdrHistogram.jar:/home/goankur/vsearch/util/src/main/build/classes/java/main:/home/goankur/vsearch/util/build perf.SearchPerfTest -dirImpl MMapDirectory -indexPath /home/goankur/vsearch/indices/wikimedium10m.lucene-A.facets.taxonomy:Date.taxonomy:Month.taxonomy:DayOfYear.sortedset:Date.sortedset:Month.sortedset:DayOfYear.taxonomy:RandomLabel.sortedset:RandomLabel.Lucene90.Lucene104.dvfields.nd10M -facets taxonomy:Date;Date -facets taxonomy:Month;Month -facets taxonomy:DayOfYear;DayOfYear -facets sortedset:Date;Date -facets sortedset:Month;Month -facets sortedset:DayOfYear;DayOfYear -facets taxonomy:RandomLabel;RandomLabel -facets sortedset:RandomLabel;RandomLabel -analyzer StandardAnalyzer -taskSource /home/goankur/vsearch/util/tasks/wikimedium.10M.nostopwords.tasks -numConcurrentQueries 5 -taskRepeatCount 20 -field body -tasksPerCat 1 -searchConcurrency -1 -staticSeed 137351 -seed -7529707 -similarity BM25Similarity -commit multi -hiliteImpl FastVectorHighlighter -log /home/goankur/vsearch/logs/FAG.armG.3 -topN 100 -context  -pk -pollute
      10.0 s
      223.7 actual sustained QPS; -1.0 CPU cores used

Report after iter 3:
QPSChart.supported == False
                            Task     P50 B     P50 C     Diff     P90 B     P90 C     Diff     P99 B     P99 C     Diff    P999 B    P999 C     Diff    P100 B    P100 C     Diff
           ('AndHighHigh', None)     2.114     1.573   -25.6%     5.060    10.408   105.7%     5.477    12.711   132.1%     5.477    12.711   132.1%    17.161    13.220   -23.0%
('AndHighHighDayTaxoFacets', None)    18.597    19.222     3.4%    20.939    28.092    34.2%    44.098    32.281   -26.8%    44.098    32.281   -26.8%    85.240    94.817    11.2%
            ('AndHighLow', None)     0.536     0.585     9.1%     1.190     1.051   -11.7%     1.415     1.093   -22.7%     1.415     1.093   -22.7%     1.725     1.787     3.6%
            ('AndHighMed', None)     1.131     0.937   -17.2%     1.944     3.587    84.5%     3.917     8.580   119.0%     3.917     8.580   119.0%     9.715    13.520    39.2%
('AndHighMedDayTaxoFacets', None)     5.149     5.304     3.0%     9.639    10.513     9.1%    18.133    13.061   -28.0%    18.133    13.061   -28.0%   388.503   292.904   -24.6%
     ('AndMissingHigh', 'Title')     0.293     0.293     0.2%     1.440     0.753   -47.8%     3.011     2.352   -21.9%     3.011     2.352   -21.9%     3.822     6.213    62.6%
              ('BM25MSM2', None)    20.403    23.088    13.2%    34.177    43.666    27.8%    37.897    74.705    97.1%    37.897    74.705    97.1%   134.655   183.544    36.3%
  ('BrowseDateSSDVFacets', None)   352.752   329.592    -6.6%   381.822   357.580    -6.3%   434.036   383.887   -11.6%   434.036   383.887   -11.6%  1078.880   620.549   -42.5%
  ('BrowseDateTaxoFacets', None)    62.540    74.594    19.3%    75.933    86.138    13.4%    76.472    92.893    21.5%    76.472    92.893    21.5%   191.673   169.387   -11.6%
('BrowseDayOfYearSSDVFacets', None)    58.743    63.783     8.6%    86.881    86.002    -1.0%    89.741    92.288     2.8%    89.741    92.288     2.8%   173.014   101.513   -41.3%
('BrowseDayOfYearTaxoFacets', None)    60.090    74.430    23.9%    70.802    86.758    22.5%    71.238    92.111    29.3%    71.238    92.111    29.3%    74.083    92.430    24.8%
 ('BrowseMonthSSDVFacets', None)    65.094    65.809     1.1%    86.972    82.626    -5.0%    89.762    93.217     3.8%    89.762    93.217     3.8%   109.314   122.162    11.8%
 ('BrowseMonthTaxoFacets', None)    28.905    28.647    -0.9%    75.514    72.464    -4.0%    94.351   106.323    12.7%    94.351   106.323    12.7%   129.067   130.617     1.2%
('BrowseRandomLabelSSDVFacets', None)    85.930    88.271     2.7%   156.740   121.477   -22.5%   156.901   176.408    12.4%   156.901   176.408    12.4%   961.460   223.445   -76.8%
('BrowseRandomLabelTaxoFacets', None)    78.944    81.213     2.9%    91.996   108.413    17.8%    93.411   138.424    48.2%    93.411   138.424    48.2%   118.385   159.287    34.5%
             ('ConstMSM2', None)     0.726     0.781     7.7%     1.393     2.296    64.8%     2.332     3.888    66.8%     2.332     3.888    66.8%    14.328    19.315    34.8%
                ('Fuzzy1', None)    12.754    12.027    -5.7%    18.388    20.392    10.9%    94.525    59.521   -37.0%    94.525    59.521   -37.0%   150.478   147.812    -1.8%
                ('Fuzzy2', None)    16.909    18.281     8.1%    21.467    28.882    34.5%    47.872    74.152    54.9%    47.872    74.152    54.9%   117.257   114.144    -2.7%
  ('HighIntervalsOrdered', None)    17.252    17.460     1.2%    32.002    23.443   -26.7%    45.177    31.592   -30.1%    45.177    31.592   -30.1%   180.539   218.752    21.2%
            ('HighPhrase', None)     4.501     4.075    -9.5%    10.163     7.874   -22.5%    16.008     7.967   -50.2%    16.008     7.967   -50.2%   173.455   240.036    38.4%
      ('HighSloppyPhrase', None)    22.411    21.383    -4.6%    30.701    30.774     0.2%    35.711    32.626    -8.6%    35.711    32.626    -8.6%   348.615   417.985    19.9%
          ('HighSpanNear', None)     7.555     8.201     8.6%    12.071    15.158    25.6%    19.417    15.204   -21.7%    19.417    15.204   -21.7%   117.095   191.969    63.9%
              ('HighTerm', None)     1.529     1.575     3.0%     2.338     2.918    24.8%     2.371     3.132    32.1%     2.371     3.132    32.1%     2.579     4.153    61.1%
('HighTermDayOfYearSort', 'DayOfYear')     2.483     2.856    15.0%     7.448     5.956   -20.0%     9.633    20.602   113.9%     9.633    20.602   113.9%   104.868    99.307    -5.3%
  ('HighTermMonthSort', 'Month')     0.624     0.674     7.9%     1.602     1.996    24.6%     1.699     3.367    98.2%     1.699     3.367    98.2%    10.142    11.704    15.4%
('HighTermTitleBDVSort', 'TitleBinary')    11.497    14.228    23.8%    28.271    25.825    -8.7%    30.913    64.236   107.8%    30.913    64.236   107.8%    73.270    64.515   -11.9%
  ('HighTermTitleSort', 'Title')    10.735     9.820    -8.5%    19.420    23.467    20.8%    38.381    66.248    72.6%    38.381    66.248    72.6%    57.766    71.893    24.5%
                ('IntNRQ', None)     1.386     1.387     0.0%     2.981     3.477    16.6%     2.991     6.668   123.0%     2.991     6.668   123.0%   106.527    92.916   -12.8%
                ('IntSet', None)     1.702     1.855     9.0%     4.105     5.846    42.4%    21.890    18.461   -15.7%    21.890    18.461   -15.7%    29.966    50.095    67.2%
   ('LowIntervalsOrdered', None)     3.392     3.761    10.9%     6.290     6.088    -3.2%     7.418     6.371   -14.1%     7.418     6.371   -14.1%    11.871    11.282    -5.0%
             ('LowPhrase', None)     5.290     5.793     9.5%    10.367     9.543    -8.0%    10.936    10.734    -1.8%    10.936    10.734    -1.8%    11.183    12.571    12.4%
       ('LowSloppyPhrase', None)    12.550    11.060   -11.9%    21.307    24.064    12.9%    23.266    25.089     7.8%    23.266    25.089     7.8%    27.378    27.008    -1.4%
           ('LowSpanNear', None)     5.619     6.750    20.1%     9.996     9.508    -4.9%    14.762    13.360    -9.5%    14.762    13.360    -9.5%    17.439    47.252   171.0%
               ('LowTerm', None)     0.434     0.452     4.1%     1.201     1.222     1.7%     1.274     1.749    37.3%     1.274     1.749    37.3%     1.836     7.058   284.4%
   ('MedIntervalsOrdered', None)     4.188     5.749    37.3%     8.601    12.508    45.4%     9.851    13.305    35.1%     9.851    13.305    35.1%    16.378    15.639    -4.5%
             ('MedPhrase', None)     2.608     2.830     8.5%     7.871     6.550   -16.8%    11.230     7.868   -29.9%    11.230     7.868   -29.9%    11.884    14.214    19.6%
       ('MedSloppyPhrase', None)    11.054    10.149    -8.2%    19.809    19.411    -2.0%    21.368    29.711    39.0%    21.368    29.711    39.0%    22.222    39.836    79.3%
           ('MedSpanNear', None)    11.231    11.857     5.6%    14.354    18.208    26.8%    16.909    22.217    31.4%    16.909    22.217    31.4%    19.691    26.833    36.3%
               ('MedTerm', None)     0.644     0.642    -0.3%     1.498     1.918    28.0%     2.191     2.034    -7.2%     2.191     2.034    -7.2%     8.387     2.835   -66.2%
  ('MedTermDayTaxoFacets', None)    11.315    11.494     1.6%    15.169    14.179    -6.5%    23.736    25.543     7.6%    23.736    25.543     7.6%    32.319    49.737    53.9%
            ('OrHighHigh', None)     1.692     1.761     4.1%     3.939     5.785    46.9%     6.749    17.722   162.6%     6.749    17.722   162.6%    28.022    20.253   -27.7%
             ('OrHighLow', None)     0.673     0.717     6.6%     0.956     1.702    78.1%     1.889     2.177    15.2%     1.889     2.177    15.2%    12.092     2.830   -76.6%
             ('OrHighMed', None)     1.220     1.114    -8.7%     2.227     7.055   216.8%     2.629     9.178   249.1%     2.629     9.178   249.1%    90.411   175.659    94.3%
('OrHighMedDayTaxoFacets', None)   125.660   155.567    23.8%   163.220   193.097    18.3%   269.448   385.949    43.2%   269.448   385.949    43.2%   752.698   732.106    -2.7%
         ('OrHighNotHigh', None)     1.147     1.095    -4.5%     2.490     4.194    68.4%     3.332     4.971    49.2%     3.332     4.971    49.2%    10.814     5.875   -45.7%
          ('OrHighNotLow', None)     1.242     1.332     7.3%     4.739     7.973    68.2%     5.124    16.015   212.5%     5.124    16.015   212.5%    39.969    19.360   -51.6%
          ('OrHighNotMed', None)     1.091     1.263    15.8%     2.066     1.947    -5.7%     3.028     2.236   -26.1%     3.028     2.236   -26.1%     4.884     2.352   -51.8%
         ('OrNotHighHigh', None)     1.383     1.476     6.7%     2.912     2.319   -20.3%     7.923     2.328   -70.6%     7.923     2.328   -70.6%   110.012   106.209    -3.5%
          ('OrNotHighLow', None)     0.610     0.603    -1.2%     1.819     2.807    54.3%     2.433     6.487   166.7%     2.433     6.487   166.7%     6.092    17.973   195.0%
          ('OrNotHighMed', None)     1.118     0.968   -13.4%     2.945     2.143   -27.2%     4.426     2.766   -37.5%     4.426     2.766   -37.5%     4.457     3.707   -16.8%
                   ('PKLookup',)     5.625     5.611    -0.2%     6.179     8.636    39.8%    11.315    17.860    57.8%    11.315    17.860    57.8%    43.014    27.172   -36.8%
               ('Prefix3', None)     1.249     1.171    -6.2%     8.797     3.759   -57.3%    10.116     4.362   -56.9%    10.116     4.362   -56.9%   120.274   131.367     9.2%
                    ('Respell',)    14.208    15.974    12.4%    19.769    28.389    43.6%    64.332    47.094   -26.8%    64.332    47.094   -26.8%   110.964   130.472    17.6%
('TermDateTimeSort', 'DateTime')     2.179     2.185     0.3%     4.658     4.804     3.1%     7.491    18.905   152.4%     7.491    18.905   152.4%    24.967    30.758    23.2%
              ('Wildcard', None)     1.617     1.555    -3.9%     4.529     5.608    23.8%     7.345    10.485    42.8%     7.345    10.485    42.8%    17.350    59.789   244.6%
                 ('range', None)     0.196     0.168   -14.3%     0.410     0.538    31.3%     0.438     0.720    64.4%     0.438     0.720    64.4%     0.495     2.062   316.8%
                            Task    QPS armA      StdDev    QPS armG      StdDev                Pct diff p-value
                        PKLookup      225.80      (6.3%)      189.26      (5.9%)  -16.2% ( -26% -   -4%) 0.000
                    OrHighNotLow      883.00      (8.6%)      767.41     (14.1%)  -13.1% ( -32% -   10%) 0.112
           HighTermDayOfYearSort      482.42      (8.1%)      422.79      (9.9%)  -12.4% ( -28% -    6%) 0.053
                           range     6610.68      (8.9%)     5864.60      (5.1%)  -11.3% ( -23% -    3%) 0.028
                      AndHighMed     1123.93      (9.6%)     1039.73      (7.1%)   -7.5% ( -22% -   10%) 0.209
                          IntSet      682.06      (9.8%)      632.40      (6.4%)   -7.3% ( -21% -    9%) 0.211
                         Respell       75.60      (5.1%)       70.93      (4.8%)   -6.2% ( -15% -    3%) 0.078
                          IntNRQ      701.25      (5.9%)      657.97     (10.6%)   -6.2% ( -21% -   10%) 0.310
                      AndHighLow     1870.35      (6.4%)     1755.38      (5.9%)   -6.1% ( -17% -    6%) 0.158
            BrowseDateTaxoFacets       14.93      (6.7%)       14.17      (9.7%)   -5.0% ( -20% -   12%) 0.393
                         LowTerm     2440.60      (3.5%)     2322.16      (4.0%)   -4.9% ( -11% -    2%) 0.067
           BrowseMonthTaxoFacets       32.67     (39.3%)       31.45     (41.0%)   -3.8% ( -60% -  126%) 0.895
       BrowseDayOfYearTaxoFacets       15.63      (7.5%)       15.13      (4.5%)   -3.2% ( -14% -    9%) 0.456
                        HighTerm      650.86      (1.2%)      632.09      (4.9%)   -2.9% (  -8% -    3%) 0.250
               HighTermTitleSort      106.52     (11.7%)      103.63      (5.7%)   -2.7% ( -17% -   16%) 0.677
                    OrHighNotMed      973.89      (4.2%)      947.91      (4.3%)   -2.7% ( -10% -    6%) 0.375
          OrHighMedDayTaxoFacets        7.53      (5.7%)        7.34      (5.8%)   -2.5% ( -13% -    9%) 0.543
                       OrHighLow     1303.58     (15.7%)     1276.09      (8.4%)   -2.1% ( -22% -   26%) 0.812
     BrowseRandomLabelTaxoFacets       12.07      (6.2%)       11.87      (9.5%)   -1.7% ( -16% -   14%) 0.766
                       ConstMSM2     1339.01      (7.3%)     1328.32      (4.5%)   -0.8% ( -11% -   11%) 0.852
                   OrHighNotHigh      872.11      (4.9%)      866.18      (6.1%)   -0.7% ( -11% -   10%) 0.861
     BrowseRandomLabelSSDVFacets       11.50      (3.2%)       11.45      (2.4%)   -0.4% (  -5% -    5%) 0.846
                      HighPhrase      240.00      (5.8%)      239.58      (4.9%)   -0.2% ( -10% -   11%) 0.964
       BrowseDayOfYearSSDVFacets       15.99      (8.3%)       15.98      (5.2%)   -0.1% ( -12% -   14%) 0.984
                     MedSpanNear       89.26      (7.2%)       89.31      (3.7%)    0.1% ( -10% -   11%) 0.989
            HighTermTitleBDVSort       83.30      (5.8%)       83.36      (2.8%)    0.1% (  -8% -    9%) 0.981
                        BM25MSM2       47.37      (6.0%)       47.47      (4.4%)    0.2% (  -9% -   11%) 0.957
                    OrNotHighLow     1512.39     (22.1%)     1517.18     (11.1%)    0.3% ( -26% -   42%) 0.980
             MedIntervalsOrdered      251.16      (7.8%)      252.10     (15.7%)    0.4% ( -21% -   25%) 0.966
            HighIntervalsOrdered       59.81      (7.4%)       60.06      (5.7%)    0.4% ( -11% -   14%) 0.927
           BrowseMonthSSDVFacets       15.64      (5.1%)       15.73      (2.6%)    0.6% (  -6% -    8%) 0.839
               HighTermMonthSort     1530.40      (6.0%)     1544.65      (7.3%)    0.9% ( -11% -   15%) 0.843
                      TermDTSort      443.44      (6.3%)      448.92      (2.3%)    1.2% (  -6% -   10%) 0.713
         AndHighMedDayTaxoFacets      185.95      (4.0%)      188.51      (0.8%)    1.4% (  -3% -    6%) 0.495
                    OrNotHighMed      955.33     (14.3%)      970.43     (13.4%)    1.6% ( -22% -   34%) 0.872
                          Fuzzy2       60.26      (2.6%)       61.22      (4.3%)    1.6% (  -5% -    8%) 0.521
                     LowSpanNear      204.24      (6.2%)      207.58     (12.7%)    1.6% ( -16% -   21%) 0.817
                    HighSpanNear      127.35      (6.5%)      129.48      (4.0%)    1.7% (  -8% -   12%) 0.660
             LowIntervalsOrdered      305.97     (12.3%)      311.11     (20.3%)    1.7% ( -27% -   39%) 0.888
        AndHighHighDayTaxoFacets       53.87      (6.9%)       54.92      (2.9%)    2.0% (  -7% -   12%) 0.603
                     AndHighHigh      616.76     (12.5%)      632.25     (10.6%)    2.5% ( -18% -   29%) 0.760
                HighSloppyPhrase       45.89      (4.3%)       47.36      (4.1%)    3.2% (  -4% -   12%) 0.276
                  AndMissingHigh     3614.99      (4.6%)     3745.66      (6.0%)    3.6% (  -6% -   14%) 0.338
            MedTermDayTaxoFacets       91.53      (3.8%)       95.04      (5.5%)    3.8% (  -5% -   13%) 0.253
                       OrHighMed      902.06     (13.2%)      940.25      (4.6%)    4.2% ( -11% -   25%) 0.543
                       MedPhrase      363.65     (14.8%)      379.68      (3.9%)    4.4% ( -12% -   27%) 0.564
                         MedTerm     1490.55      (7.0%)     1557.09      (2.7%)    4.5% (  -4% -   15%) 0.235
                        Wildcard      666.59      (8.6%)      696.54      (9.4%)    4.5% ( -12% -   24%) 0.480
            BrowseDateSSDVFacets        2.88      (5.7%)        3.02      (3.8%)    4.8% (  -4% -   15%) 0.162
                          Fuzzy1       83.71      (5.7%)       88.26      (6.0%)    5.4% (  -5% -   18%) 0.188
                 LowSloppyPhrase       92.01      (8.5%)       97.93      (1.2%)    6.4% (  -3% -   17%) 0.135
                   OrNotHighHigh      797.61      (3.6%)      850.01      (5.0%)    6.6% (  -2% -   15%) 0.034
                       LowPhrase      187.07      (6.4%)      199.45      (3.6%)    6.6% (  -3% -   17%) 0.071
                      OrHighHigh      596.97      (8.8%)      639.39      (6.7%)    7.1% (  -7% -   24%) 0.196
                 MedSloppyPhrase       88.73     (12.4%)       96.57      (6.3%)    8.8% (  -8% -   31%) 0.205
                         Prefix3      827.06     (12.5%)      976.38     (14.3%)   18.1% (  -7% -   51%) 0.057
  iter 4
    armG:
      NOTE: using experimental CPU time profiler (see https://mostlynerdless.de/blog/2025/06/11/java-25s-new-cpu-time-profiler-1)
      log: /home/goankur/vsearch/logs/FAG.armG.4 + stdout
      run: /usr/bin/perf stat -dd -e task-clock,cycles,instructions,cache-references,cache-misses,L1-dcache-loads,L1-dcache-load-misses,L1-icache-loads,L1-icache-load-misses,LLC-loads,LLC-load-misses,LLC-stores,LLC-store-misses,LLC-prefetches,LLC-prefetch-misses,faults,minor-faults,major-faults,branches,branch-misses,stalled-cycles-frontend,stalled-cycles-backend /home/goankur/jdk/corretto-25/bin/java -server -Xms2g -Xmx2g --add-modules jdk.incubator.vector -XX:+HeapDumpOnOutOfMemoryError -XX:+UseParallelGC -XX:StartFlightRecording=jdk.CPUTimeSample#enabled=true,dumponexit=true,maxsize=250M,settings=/home/goankur/vsearch/util/src/python/profiling.jfc,filename=/home/goankur/vsearch/logs/bench-search-FAG-armG-4.jfr -XX:+UnlockDiagnosticVMOptions -XX:+DebugNonSafepoints -classpath /home/goankur/vsearch/bo/lucene-G/lucene/core/build/libs/lucene-core-11.0.0-SNAPSHOT.jar:/home/goankur/vsearch/bo/lucene-G/lucene/sandbox/build/classes/java/main:/home/goankur/vsearch/bo/lucene-G/lucene/misc/build/classes/java/main:/home/goankur/vsearch/bo/lucene-G/lucene/facet/build/classes/java/main:/home/goankur/vsearch/bo/lucene-G/lucene/analysis/common/build/classes/java/main:/home/goankur/vsearch/bo/lucene-G/lucene/analysis/icu/build/classes/java/main:/home/goankur/vsearch/bo/lucene-G/lucene/queryparser/build/classes/java/main:/home/goankur/vsearch/bo/lucene-G/lucene/grouping/build/classes/java/main:/home/goankur/vsearch/bo/lucene-G/lucene/suggest/build/classes/java/main:/home/goankur/vsearch/bo/lucene-G/lucene/highlighter/build/classes/java/main:/home/goankur/vsearch/bo/lucene-G/lucene/codecs/build/classes/java/main:/home/goankur/vsearch/bo/lucene-G/lucene/queries/build/classes/java/main:/home/goankur/vsearch/bo/lucene-G/lucene/join/build/classes/java/main:/home/goankur/vsearch/bo/lucene-G/lucene/spatial3d/build/classes/java/main:/home/goankur/vsearch/util/lib/HdrHistogram.jar:/home/goankur/vsearch/util/src/main/build/classes/java/main:/home/goankur/vsearch/util/build perf.SearchPerfTest -dirImpl MMapDirectory -indexPath /home/goankur/vsearch/indices/wikimedium10m.lucene-A.facets.taxonomy:Date.taxonomy:Month.taxonomy:DayOfYear.sortedset:Date.sortedset:Month.sortedset:DayOfYear.taxonomy:RandomLabel.sortedset:RandomLabel.Lucene90.Lucene104.dvfields.nd10M -facets taxonomy:Date;Date -facets taxonomy:Month;Month -facets taxonomy:DayOfYear;DayOfYear -facets sortedset:Date;Date -facets sortedset:Month;Month -facets sortedset:DayOfYear;DayOfYear -facets taxonomy:RandomLabel;RandomLabel -facets sortedset:RandomLabel;RandomLabel -analyzer StandardAnalyzer -taskSource /home/goankur/vsearch/util/tasks/wikimedium.10M.nostopwords.tasks -numConcurrentQueries 5 -taskRepeatCount 20 -field body -tasksPerCat 1 -searchConcurrency -1 -staticSeed 137351 -seed -6093267 -similarity BM25Similarity -commit multi -hiliteImpl FastVectorHighlighter -log /home/goankur/vsearch/logs/FAG.armG.4 -topN 100 -context  -pk -pollute
      9.9 s
      217.1 actual sustained QPS; -1.0 CPU cores used
    armA:
      NOTE: using experimental CPU time profiler (see https://mostlynerdless.de/blog/2025/06/11/java-25s-new-cpu-time-profiler-1)
      log: /home/goankur/vsearch/logs/FAG.armA.4 + stdout
      run: /usr/bin/perf stat -dd -e task-clock,cycles,instructions,cache-references,cache-misses,L1-dcache-loads,L1-dcache-load-misses,L1-icache-loads,L1-icache-load-misses,LLC-loads,LLC-load-misses,LLC-stores,LLC-store-misses,LLC-prefetches,LLC-prefetch-misses,faults,minor-faults,major-faults,branches,branch-misses,stalled-cycles-frontend,stalled-cycles-backend /home/goankur/jdk/corretto-25/bin/java -server -Xms2g -Xmx2g --add-modules jdk.incubator.vector -XX:+HeapDumpOnOutOfMemoryError -XX:+UseParallelGC -XX:StartFlightRecording=jdk.CPUTimeSample#enabled=true,dumponexit=true,maxsize=250M,settings=/home/goankur/vsearch/util/src/python/profiling.jfc,filename=/home/goankur/vsearch/logs/bench-search-FAG-armA-4.jfr -XX:+UnlockDiagnosticVMOptions -XX:+DebugNonSafepoints -classpath /home/goankur/vsearch/bo/lucene-A/lucene/core/build/libs/lucene-core-11.0.0-SNAPSHOT.jar:/home/goankur/vsearch/bo/lucene-A/lucene/sandbox/build/classes/java/main:/home/goankur/vsearch/bo/lucene-A/lucene/misc/build/classes/java/main:/home/goankur/vsearch/bo/lucene-A/lucene/facet/build/classes/java/main:/home/goankur/vsearch/bo/lucene-A/lucene/analysis/common/build/classes/java/main:/home/goankur/vsearch/bo/lucene-A/lucene/analysis/icu/build/classes/java/main:/home/goankur/vsearch/bo/lucene-A/lucene/queryparser/build/classes/java/main:/home/goankur/vsearch/bo/lucene-A/lucene/grouping/build/classes/java/main:/home/goankur/vsearch/bo/lucene-A/lucene/suggest/build/classes/java/main:/home/goankur/vsearch/bo/lucene-A/lucene/highlighter/build/classes/java/main:/home/goankur/vsearch/bo/lucene-A/lucene/codecs/build/classes/java/main:/home/goankur/vsearch/bo/lucene-A/lucene/queries/build/classes/java/main:/home/goankur/vsearch/bo/lucene-A/lucene/join/build/classes/java/main:/home/goankur/vsearch/bo/lucene-A/lucene/spatial3d/build/classes/java/main:/home/goankur/vsearch/util/lib/HdrHistogram.jar:/home/goankur/vsearch/util/src/main/build/classes/java/main:/home/goankur/vsearch/util/build perf.SearchPerfTest -dirImpl MMapDirectory -indexPath /home/goankur/vsearch/indices/wikimedium10m.lucene-A.facets.taxonomy:Date.taxonomy:Month.taxonomy:DayOfYear.sortedset:Date.sortedset:Month.sortedset:DayOfYear.taxonomy:RandomLabel.sortedset:RandomLabel.Lucene90.Lucene104.dvfields.nd10M -facets taxonomy:Date;Date -facets taxonomy:Month;Month -facets taxonomy:DayOfYear;DayOfYear -facets sortedset:Date;Date -facets sortedset:Month;Month -facets sortedset:DayOfYear;DayOfYear -facets taxonomy:RandomLabel;RandomLabel -facets sortedset:RandomLabel;RandomLabel -analyzer StandardAnalyzer -taskSource /home/goankur/vsearch/util/tasks/wikimedium.10M.nostopwords.tasks -numConcurrentQueries 5 -taskRepeatCount 20 -field body -tasksPerCat 1 -searchConcurrency -1 -staticSeed 137351 -seed -6093267 -similarity BM25Similarity -commit multi -hiliteImpl FastVectorHighlighter -log /home/goankur/vsearch/logs/FAG.armA.4 -topN 100 -context  -pk -pollute
      9.9 s
      236.5 actual sustained QPS; -1.0 CPU cores used

Report after iter 4:
QPSChart.supported == False
                            Task     P50 B     P50 C     Diff     P90 B     P90 C     Diff     P99 B     P99 C     Diff    P999 B    P999 C     Diff    P100 B    P100 C     Diff
           ('AndHighHigh', None)     2.364     2.268    -4.1%     6.343     4.273   -32.6%     6.835     6.733    -1.5%     6.835     6.733    -1.5%    25.250    10.972   -56.5%
('AndHighHighDayTaxoFacets', None)    16.709    18.865    12.9%    30.414    35.000    15.1%    38.953    35.492    -8.9%    38.953    35.492    -8.9%   112.913   106.683    -5.5%
            ('AndHighLow', None)     0.553     0.579     4.7%     2.419     1.771   -26.8%     2.946     2.045   -30.6%     2.946     2.045   -30.6%     5.549    14.622   163.5%
            ('AndHighMed', None)     1.054     1.062     0.8%     5.138     3.289   -36.0%     5.594     5.845     4.5%     5.594     5.845     4.5%    11.069     8.835   -20.2%
('AndHighMedDayTaxoFacets', None)     5.095     5.305     4.1%    11.274     8.294   -26.4%    15.756    10.849   -31.1%    15.756    10.849   -31.1%    60.670    58.692    -3.3%
     ('AndMissingHigh', 'Title')     0.284     0.281    -1.0%     0.988     1.099    11.3%     0.995     2.144   115.4%     0.995     2.144   115.4%     2.978    11.226   276.9%
              ('BM25MSM2', None)    20.192    21.303     5.5%    37.849    35.793    -5.4%    49.842    42.952   -13.8%    49.842    42.952   -13.8%   196.258   184.927    -5.8%
  ('BrowseDateSSDVFacets', None)   337.023   383.507    13.8%   375.581   459.302    22.3%   405.936   553.282    36.3%   405.936   553.282    36.3%   505.896   577.910    14.2%
  ('BrowseDateTaxoFacets', None)    70.317    65.614    -6.7%    76.313    74.804    -2.0%    82.400    78.049    -5.3%    82.400    78.049    -5.3%    82.497    87.073     5.5%
('BrowseDayOfYearSSDVFacets', None)    70.817    69.101    -2.4%    88.447    88.868     0.5%    92.460    94.113     1.8%    92.460    94.113     1.8%   127.481   138.936     9.0%
('BrowseDayOfYearTaxoFacets', None)    64.051    64.394     0.5%    79.565    72.848    -8.4%    84.670    78.186    -7.7%    84.670    78.186    -7.7%   108.261   129.316    19.4%
 ('BrowseMonthSSDVFacets', None)    64.971    59.159    -8.9%    88.768    80.586    -9.2%    95.139    86.791    -8.8%    95.139    86.791    -8.8%   105.918   134.392    26.9%
 ('BrowseMonthTaxoFacets', None)    24.348    25.322     4.0%    75.372    30.597   -59.4%    81.263    69.720   -14.2%    81.263    69.720   -14.2%   158.226   163.871     3.6%
('BrowseRandomLabelSSDVFacets', None)    92.462    95.284     3.1%   117.636   123.147     4.7%   151.392   154.128     1.8%   151.392   154.128     1.8%   309.377   335.900     8.6%
('BrowseRandomLabelTaxoFacets', None)    77.100    76.382    -0.9%    93.873    98.708     5.2%   123.163    99.616   -19.1%   123.163    99.616   -19.1%   423.899   331.812   -21.7%
             ('ConstMSM2', None)     0.721     0.754     4.7%     1.342     3.283   144.7%     1.582     8.179   416.9%     1.582     8.179   416.9%    10.865    30.081   176.9%
                ('Fuzzy1', None)    13.989     9.897   -29.3%    22.495    19.286   -14.3%    42.215    38.599    -8.6%    42.215    38.599    -8.6%    79.413    74.055    -6.7%
                ('Fuzzy2', None)    16.794    15.557    -7.4%    25.456    29.001    13.9%    49.329    41.299   -16.3%    49.329    41.299   -16.3%   390.282   400.354     2.6%
  ('HighIntervalsOrdered', None)    16.325    16.756     2.6%    39.501    21.207   -46.3%    40.695    33.418   -17.9%    40.695    33.418   -17.9%   159.556   205.623    28.9%
            ('HighPhrase', None)     4.275     4.190    -2.0%    11.279     7.108   -37.0%    12.504     9.145   -26.9%    12.504     9.145   -26.9%    14.420    26.069    80.8%
      ('HighSloppyPhrase', None)    21.603    21.752     0.7%    33.224    33.336     0.3%    37.113    38.071     2.6%    37.113    38.071     2.6%   272.459   348.422    27.9%
          ('HighSpanNear', None)     7.886     7.610    -3.5%    24.660    18.357   -25.6%    25.831    20.614   -20.2%    25.831    20.614   -20.2%    28.801    87.513   203.9%
              ('HighTerm', None)     1.625     1.586    -2.4%     3.690     2.029   -45.0%     5.785     2.729   -52.8%     5.785     2.729   -52.8%     6.292     3.401   -45.9%
('HighTermDayOfYearSort', 'DayOfYear')     1.950     1.880    -3.6%     5.366     9.630    79.5%    54.169    14.191   -73.8%    54.169    14.191   -73.8%   114.150    88.437   -22.5%
  ('HighTermMonthSort', 'Month')     0.882     0.730   -17.2%     1.835     8.394   357.5%     6.743     9.185    36.2%     6.743     9.185    36.2%    55.645    31.959   -42.6%
('HighTermTitleBDVSort', 'TitleBinary')    14.549    12.727   -12.5%    31.625    32.840     3.8%    40.522    36.893    -9.0%    40.522    36.893    -9.0%    61.379    79.438    29.4%
  ('HighTermTitleSort', 'Title')    10.314    10.762     4.3%    28.992    24.470   -15.6%    30.745    36.613    19.1%    30.745    36.613    19.1%   125.946    80.728   -35.9%
                ('IntNRQ', None)     1.300     1.313     1.0%     5.301     4.845    -8.6%    14.388     6.212   -56.8%    14.388     6.212   -56.8%   133.512    53.056   -60.3%
                ('IntSet', None)     1.266     1.527    20.6%     6.403     8.835    38.0%     9.229    12.738    38.0%     9.229    12.738    38.0%    59.665    48.495   -18.7%
   ('LowIntervalsOrdered', None)     2.709     3.598    32.8%     7.248     5.557   -23.3%     8.589     9.262     7.8%     8.589     9.262     7.8%    10.968     9.722   -11.4%
             ('LowPhrase', None)     5.485     5.241    -4.4%    14.978    13.070   -12.7%    19.989    14.840   -25.8%    19.989    14.840   -25.8%    56.444    40.567   -28.1%
       ('LowSloppyPhrase', None)    10.783    10.118    -6.2%    25.231    20.400   -19.1%    29.909    25.114   -16.0%    29.909    25.114   -16.0%    41.362    34.253   -17.2%
           ('LowSpanNear', None)     4.669     4.742     1.6%     9.325    10.797    15.8%    14.502    12.881   -11.2%    14.502    12.881   -11.2%    17.846    49.219   175.8%
               ('LowTerm', None)     0.424     0.451     6.4%     1.573     1.263   -19.7%     4.920     3.584   -27.2%     4.920     3.584   -27.2%     6.904     7.681    11.3%
   ('MedIntervalsOrdered', None)     3.929     4.068     3.6%     7.814     8.071     3.3%    12.238     8.420   -31.2%    12.238     8.420   -31.2%    57.021    69.883    22.6%
             ('MedPhrase', None)     2.757     2.559    -7.2%     6.716     7.161     6.6%     9.588     7.264   -24.2%     9.588     7.264   -24.2%    74.964    76.527     2.1%
       ('MedSloppyPhrase', None)    11.051    10.219    -7.5%    18.813    22.965    22.1%    18.949    33.744    78.1%    18.949    33.744    78.1%    39.397    57.907    47.0%
           ('MedSpanNear', None)    10.152     9.778    -3.7%    11.952    13.080     9.4%    13.540    13.246    -2.2%    13.540    13.246    -2.2%    85.303   119.979    40.7%
               ('MedTerm', None)     0.661     0.751    13.6%     1.863     1.842    -1.1%     1.895     2.458    29.8%     1.895     2.458    29.8%     4.787     2.773   -42.1%
  ('MedTermDayTaxoFacets', None)    10.094    10.745     6.4%    15.449    15.711     1.7%    43.139    15.812   -63.3%    43.139    15.812   -63.3%    88.077   117.519    33.4%
            ('OrHighHigh', None)     1.603     1.674     4.4%     3.812     6.347    66.5%     7.216     6.412   -11.1%     7.216     6.412   -11.1%   100.345    91.454    -8.9%
             ('OrHighLow', None)     0.809     0.797    -1.5%     1.875     1.886     0.6%     3.006     3.291     9.5%     3.006     3.291     9.5%    11.306     7.223   -36.1%
             ('OrHighMed', None)     1.432     1.150   -19.7%     3.446     5.358    55.5%     6.256    15.449   146.9%     6.256    15.449   146.9%    32.321    38.890    20.3%
('OrHighMedDayTaxoFacets', None)   147.772   124.094   -16.0%   177.798   175.554    -1.3%   185.018   201.006     8.6%   185.018   201.006     8.6%   691.965   580.110   -16.2%
         ('OrHighNotHigh', None)     1.426     1.195   -16.2%     5.635     6.504    15.4%    22.193     8.786   -60.4%    22.193     8.786   -60.4%    42.415    17.858   -57.9%
          ('OrHighNotLow', None)     1.467     1.042   -29.0%     5.629     2.639   -53.1%    10.884     2.802   -74.3%    10.884     2.802   -74.3%    14.980     4.913   -67.2%
          ('OrHighNotMed', None)     1.320     1.055   -20.1%     5.055     3.184   -37.0%     5.745     7.761    35.1%     5.745     7.761    35.1%     6.218    11.176    79.7%
         ('OrNotHighHigh', None)     1.602     1.138   -29.0%     5.083     2.881   -43.3%     8.615     8.413    -2.3%     8.615     8.413    -2.3%    13.149    27.703   110.7%
          ('OrNotHighLow', None)     0.609     0.701    15.1%     1.607     1.797    11.8%     2.436     3.296    35.3%     2.436     3.296    35.3%     4.447     4.635     4.2%
          ('OrNotHighMed', None)     1.024     1.105     7.9%     3.079     2.645   -14.1%    22.542     3.958   -82.4%    22.542     3.958   -82.4%   118.059   170.206    44.2%
                   ('PKLookup',)     5.370     5.167    -3.8%    10.224     8.019   -21.6%    12.543    11.823    -5.7%    12.543    11.823    -5.7%    36.936    23.208   -37.2%
               ('Prefix3', None)     1.107     1.104    -0.2%     6.734     4.921   -26.9%     7.450     5.875   -21.1%     7.450     5.875   -21.1%    23.086    31.556    36.7%
                    ('Respell',)    14.396    14.995     4.2%    36.322    18.535   -49.0%    49.776    30.011   -39.7%    49.776    30.011   -39.7%    61.753    94.094    52.4%
('TermDateTimeSort', 'DateTime')     2.119     2.125     0.3%     6.539     5.113   -21.8%     8.135     7.520    -7.6%     8.135     7.520    -7.6%   206.298    82.228   -60.1%
              ('Wildcard', None)     1.575     1.496    -5.0%     3.443     4.038    17.3%     4.107     4.142     0.9%     4.107     4.142     0.9%    32.762    44.416    35.6%
                 ('range', None)     0.193     0.171   -11.3%     0.624     0.411   -34.1%     0.664     0.589   -11.2%     0.664     0.589   -11.2%     1.089     1.005    -7.7%
                            Task    QPS armA      StdDev    QPS armG      StdDev                Pct diff p-value
                          IntSet      714.76     (13.0%)      642.70      (6.2%)  -10.1% ( -25% -   10%) 0.118
                        PKLookup      222.60      (6.4%)      201.46     (13.3%)   -9.5% ( -27% -   10%) 0.150
           HighTermDayOfYearSort      492.32      (8.2%)      447.30     (14.0%)   -9.1% ( -28% -   14%) 0.207
                           range     6489.36      (8.9%)     5900.81      (4.7%)   -9.1% ( -20% -    4%) 0.044
                      AndHighLow     1915.01      (7.5%)     1767.21      (5.2%)   -7.7% ( -18% -    5%) 0.059
                      AndHighMed     1104.12      (9.4%)     1030.52      (6.5%)   -6.7% ( -20% -   10%) 0.191
                         Respell       75.56      (4.4%)       71.24      (4.2%)   -5.7% ( -13% -    3%) 0.037
                          IntNRQ      717.51      (7.1%)      680.78     (11.5%)   -5.1% ( -22% -   14%) 0.396
                    OrHighNotLow      850.94     (11.4%)      808.60     (16.6%)   -5.0% ( -29% -   26%) 0.581
           BrowseMonthTaxoFacets       34.68     (34.6%)       33.16     (35.2%)   -4.4% ( -55% -  100%) 0.843
            BrowseDateTaxoFacets       14.89      (5.9%)       14.39      (9.1%)   -3.4% ( -17% -   12%) 0.487
                         LowTerm     2439.86      (3.0%)     2363.53      (5.1%)   -3.1% ( -10% -    5%) 0.240
               HighTermTitleSort      105.63     (10.4%)      102.69      (5.3%)   -2.8% ( -16% -   14%) 0.594
                        HighTerm      650.17      (1.1%)      632.48      (4.2%)   -2.7% (  -7% -    2%) 0.162
       BrowseDayOfYearTaxoFacets       15.63      (6.5%)       15.24      (4.2%)   -2.5% ( -12% -    8%) 0.476
                       ConstMSM2     1365.26      (7.5%)     1332.14      (3.8%)   -2.4% ( -12% -    9%) 0.521
                    OrNotHighLow     1545.87     (19.3%)     1515.49      (9.4%)   -2.0% ( -25% -   33%) 0.838
             LowIntervalsOrdered      319.43     (13.9%)      313.35     (16.9%)   -1.9% ( -28% -   33%) 0.846
        AndHighHighDayTaxoFacets       55.89      (9.9%)       54.87      (2.4%)   -1.8% ( -12% -   11%) 0.688
                       OrHighLow     1306.97     (13.5%)     1285.92      (7.5%)   -1.6% ( -19% -   22%) 0.816
     BrowseRandomLabelTaxoFacets       12.27      (6.4%)       12.11      (9.2%)   -1.3% ( -15% -   15%) 0.798
                        BM25MSM2       48.11      (6.2%)       47.52      (3.7%)   -1.2% ( -10% -    9%) 0.704
             MedIntervalsOrdered      253.49      (7.0%)      251.36     (13.5%)   -0.8% ( -19% -   21%) 0.902
            HighIntervalsOrdered       60.42      (6.7%)       60.16      (4.9%)   -0.4% ( -11% -   11%) 0.905
     BrowseRandomLabelSSDVFacets       11.44      (3.0%)       11.39      (2.4%)   -0.4% (  -5% -    5%) 0.816
       BrowseDayOfYearSSDVFacets       15.73      (8.2%)       15.71      (5.9%)   -0.1% ( -13% -   15%) 0.980
         AndHighMedDayTaxoFacets      188.34      (4.4%)      188.61      (0.7%)    0.1% (  -4% -    5%) 0.942
                      HighPhrase      239.10      (5.1%)      239.82      (4.3%)    0.3% (  -8% -   10%) 0.920
                    OrNotHighMed      967.16     (12.5%)      971.08     (11.5%)    0.4% ( -20% -   27%) 0.957
                         MedTerm     1509.29      (6.6%)     1519.15      (6.1%)    0.7% ( -11% -   14%) 0.871
                        Wildcard      689.04     (10.3%)      694.67      (7.9%)    0.8% ( -15% -   21%) 0.888
                      TermDTSort      449.29      (6.1%)      454.42      (3.4%)    1.1% (  -7% -   11%) 0.715
          OrHighMedDayTaxoFacets        7.42      (6.0%)        7.51      (7.2%)    1.2% ( -11% -   15%) 0.769
                     AndHighHigh      593.69     (14.2%)      601.95     (14.9%)    1.4% ( -24% -   35%) 0.880
            BrowseDateSSDVFacets        2.90      (5.2%)        2.95      (6.4%)    1.6% (  -9% -   13%) 0.674
                     MedSpanNear       92.11      (9.2%)       93.54     (10.7%)    1.6% ( -16% -   23%) 0.805
                HighSloppyPhrase       46.38      (4.4%)       47.18      (3.6%)    1.7% (  -5% -   10%) 0.496
                    HighSpanNear      128.00      (5.7%)      130.21      (3.7%)    1.7% (  -7% -   11%) 0.570
           BrowseMonthSSDVFacets       15.66      (4.4%)       15.98      (4.2%)    2.0% (  -6% -   11%) 0.453
                     LowSpanNear      206.38      (5.8%)      210.70     (11.4%)    2.1% ( -14% -   20%) 0.714
                  AndMissingHigh     3626.77      (4.0%)     3715.27      (5.5%)    2.4% (  -6% -   12%) 0.424
                   OrHighNotHigh      843.09      (8.8%)      864.98      (5.4%)    2.6% ( -10% -   18%) 0.576
                          Fuzzy2       60.61      (2.6%)       62.25      (5.3%)    2.7% (  -5% -   10%) 0.304
            MedTermDayTaxoFacets       93.32      (5.4%)       95.97      (5.2%)    2.8% (  -7% -   14%) 0.397
            HighTermTitleBDVSort       81.49      (7.1%)       83.95      (3.0%)    3.0% (  -6% -   14%) 0.381
                    OrHighNotMed      932.90     (10.5%)      962.58      (5.3%)    3.2% ( -11% -   21%) 0.546
                       MedPhrase      369.90     (13.1%)      382.73      (3.8%)    3.5% ( -11% -   23%) 0.570
                       OrHighMed      896.07     (11.6%)      929.18      (4.9%)    3.7% ( -11% -   22%) 0.510
               HighTermMonthSort     1501.32      (6.8%)     1562.59      (6.9%)    4.1% (  -9% -   19%) 0.349
                      OrHighHigh      606.99      (8.3%)      634.87      (5.9%)    4.6% (  -8% -   20%) 0.314
                 LowSloppyPhrase       93.23      (7.8%)       98.22      (1.3%)    5.4% (  -3% -   15%) 0.132
                       LowPhrase      189.11      (6.0%)      200.05      (3.2%)    5.8% (  -3% -   15%) 0.056
                 MedSloppyPhrase       90.70     (11.6%)       97.06      (5.5%)    7.0% (  -9% -   27%) 0.222
                          Fuzzy1       82.42      (6.1%)       90.97      (9.0%)   10.4% (  -4% -   27%) 0.034
                   OrNotHighHigh      768.34      (9.1%)      860.25      (5.4%)   12.0% (  -2% -   29%) 0.012
                         Prefix3      858.26     (13.2%)      982.43     (12.0%)   14.5% (  -9% -   45%) 0.070
  iter 5
    armA:
      NOTE: using experimental CPU time profiler (see https://mostlynerdless.de/blog/2025/06/11/java-25s-new-cpu-time-profiler-1)
      log: /home/goankur/vsearch/logs/FAG.armA.5 + stdout
      run: /usr/bin/perf stat -dd -e task-clock,cycles,instructions,cache-references,cache-misses,L1-dcache-loads,L1-dcache-load-misses,L1-icache-loads,L1-icache-load-misses,LLC-loads,LLC-load-misses,LLC-stores,LLC-store-misses,LLC-prefetches,LLC-prefetch-misses,faults,minor-faults,major-faults,branches,branch-misses,stalled-cycles-frontend,stalled-cycles-backend /home/goankur/jdk/corretto-25/bin/java -server -Xms2g -Xmx2g --add-modules jdk.incubator.vector -XX:+HeapDumpOnOutOfMemoryError -XX:+UseParallelGC -XX:StartFlightRecording=jdk.CPUTimeSample#enabled=true,dumponexit=true,maxsize=250M,settings=/home/goankur/vsearch/util/src/python/profiling.jfc,filename=/home/goankur/vsearch/logs/bench-search-FAG-armA-5.jfr -XX:+UnlockDiagnosticVMOptions -XX:+DebugNonSafepoints -classpath /home/goankur/vsearch/bo/lucene-A/lucene/core/build/libs/lucene-core-11.0.0-SNAPSHOT.jar:/home/goankur/vsearch/bo/lucene-A/lucene/sandbox/build/classes/java/main:/home/goankur/vsearch/bo/lucene-A/lucene/misc/build/classes/java/main:/home/goankur/vsearch/bo/lucene-A/lucene/facet/build/classes/java/main:/home/goankur/vsearch/bo/lucene-A/lucene/analysis/common/build/classes/java/main:/home/goankur/vsearch/bo/lucene-A/lucene/analysis/icu/build/classes/java/main:/home/goankur/vsearch/bo/lucene-A/lucene/queryparser/build/classes/java/main:/home/goankur/vsearch/bo/lucene-A/lucene/grouping/build/classes/java/main:/home/goankur/vsearch/bo/lucene-A/lucene/suggest/build/classes/java/main:/home/goankur/vsearch/bo/lucene-A/lucene/highlighter/build/classes/java/main:/home/goankur/vsearch/bo/lucene-A/lucene/codecs/build/classes/java/main:/home/goankur/vsearch/bo/lucene-A/lucene/queries/build/classes/java/main:/home/goankur/vsearch/bo/lucene-A/lucene/join/build/classes/java/main:/home/goankur/vsearch/bo/lucene-A/lucene/spatial3d/build/classes/java/main:/home/goankur/vsearch/util/lib/HdrHistogram.jar:/home/goankur/vsearch/util/src/main/build/classes/java/main:/home/goankur/vsearch/util/build perf.SearchPerfTest -dirImpl MMapDirectory -indexPath /home/goankur/vsearch/indices/wikimedium10m.lucene-A.facets.taxonomy:Date.taxonomy:Month.taxonomy:DayOfYear.sortedset:Date.sortedset:Month.sortedset:DayOfYear.taxonomy:RandomLabel.sortedset:RandomLabel.Lucene90.Lucene104.dvfields.nd10M -facets taxonomy:Date;Date -facets taxonomy:Month;Month -facets taxonomy:DayOfYear;DayOfYear -facets sortedset:Date;Date -facets sortedset:Month;Month -facets sortedset:DayOfYear;DayOfYear -facets taxonomy:RandomLabel;RandomLabel -facets sortedset:RandomLabel;RandomLabel -analyzer StandardAnalyzer -taskSource /home/goankur/vsearch/util/tasks/wikimedium.10M.nostopwords.tasks -numConcurrentQueries 5 -taskRepeatCount 20 -field body -tasksPerCat 1 -searchConcurrency -1 -staticSeed 137351 -seed -6741112 -similarity BM25Similarity -commit multi -hiliteImpl FastVectorHighlighter -log /home/goankur/vsearch/logs/FAG.armA.5 -topN 100 -context  -pk -pollute
      10.0 s
      226.0 actual sustained QPS; -1.0 CPU cores used
    armG:
      NOTE: using experimental CPU time profiler (see https://mostlynerdless.de/blog/2025/06/11/java-25s-new-cpu-time-profiler-1)
      log: /home/goankur/vsearch/logs/FAG.armG.5 + stdout
      run: /usr/bin/perf stat -dd -e task-clock,cycles,instructions,cache-references,cache-misses,L1-dcache-loads,L1-dcache-load-misses,L1-icache-loads,L1-icache-load-misses,LLC-loads,LLC-load-misses,LLC-stores,LLC-store-misses,LLC-prefetches,LLC-prefetch-misses,faults,minor-faults,major-faults,branches,branch-misses,stalled-cycles-frontend,stalled-cycles-backend /home/goankur/jdk/corretto-25/bin/java -server -Xms2g -Xmx2g --add-modules jdk.incubator.vector -XX:+HeapDumpOnOutOfMemoryError -XX:+UseParallelGC -XX:StartFlightRecording=jdk.CPUTimeSample#enabled=true,dumponexit=true,maxsize=250M,settings=/home/goankur/vsearch/util/src/python/profiling.jfc,filename=/home/goankur/vsearch/logs/bench-search-FAG-armG-5.jfr -XX:+UnlockDiagnosticVMOptions -XX:+DebugNonSafepoints -classpath /home/goankur/vsearch/bo/lucene-G/lucene/core/build/libs/lucene-core-11.0.0-SNAPSHOT.jar:/home/goankur/vsearch/bo/lucene-G/lucene/sandbox/build/classes/java/main:/home/goankur/vsearch/bo/lucene-G/lucene/misc/build/classes/java/main:/home/goankur/vsearch/bo/lucene-G/lucene/facet/build/classes/java/main:/home/goankur/vsearch/bo/lucene-G/lucene/analysis/common/build/classes/java/main:/home/goankur/vsearch/bo/lucene-G/lucene/analysis/icu/build/classes/java/main:/home/goankur/vsearch/bo/lucene-G/lucene/queryparser/build/classes/java/main:/home/goankur/vsearch/bo/lucene-G/lucene/grouping/build/classes/java/main:/home/goankur/vsearch/bo/lucene-G/lucene/suggest/build/classes/java/main:/home/goankur/vsearch/bo/lucene-G/lucene/highlighter/build/classes/java/main:/home/goankur/vsearch/bo/lucene-G/lucene/codecs/build/classes/java/main:/home/goankur/vsearch/bo/lucene-G/lucene/queries/build/classes/java/main:/home/goankur/vsearch/bo/lucene-G/lucene/join/build/classes/java/main:/home/goankur/vsearch/bo/lucene-G/lucene/spatial3d/build/classes/java/main:/home/goankur/vsearch/util/lib/HdrHistogram.jar:/home/goankur/vsearch/util/src/main/build/classes/java/main:/home/goankur/vsearch/util/build perf.SearchPerfTest -dirImpl MMapDirectory -indexPath /home/goankur/vsearch/indices/wikimedium10m.lucene-A.facets.taxonomy:Date.taxonomy:Month.taxonomy:DayOfYear.sortedset:Date.sortedset:Month.sortedset:DayOfYear.taxonomy:RandomLabel.sortedset:RandomLabel.Lucene90.Lucene104.dvfields.nd10M -facets taxonomy:Date;Date -facets taxonomy:Month;Month -facets taxonomy:DayOfYear;DayOfYear -facets sortedset:Date;Date -facets sortedset:Month;Month -facets sortedset:DayOfYear;DayOfYear -facets taxonomy:RandomLabel;RandomLabel -facets sortedset:RandomLabel;RandomLabel -analyzer StandardAnalyzer -taskSource /home/goankur/vsearch/util/tasks/wikimedium.10M.nostopwords.tasks -numConcurrentQueries 5 -taskRepeatCount 20 -field body -tasksPerCat 1 -searchConcurrency -1 -staticSeed 137351 -seed -6741112 -similarity BM25Similarity -commit multi -hiliteImpl FastVectorHighlighter -log /home/goankur/vsearch/logs/FAG.armG.5 -topN 100 -context  -pk -pollute
      9.8 s
      229.4 actual sustained QPS; -1.0 CPU cores used

Report after iter 5:
QPSChart.supported == False
                            Task     P50 B     P50 C     Diff     P90 B     P90 C     Diff     P99 B     P99 C     Diff    P999 B    P999 C     Diff    P100 B    P100 C     Diff
           ('AndHighHigh', None)     1.463     1.668    14.0%     3.842     6.188    61.1%    10.397    10.292    -1.0%    10.397    10.292    -1.0%    10.988    13.263    20.7%
('AndHighHighDayTaxoFacets', None)    20.063    17.183   -14.4%    23.949    23.825    -0.5%    57.066    27.532   -51.8%    57.066    27.532   -51.8%    91.264   104.398    14.4%
            ('AndHighLow', None)     0.661     0.510   -22.9%     1.337     1.755    31.3%     2.697     2.216   -17.8%     2.697     2.216   -17.8%   148.723   134.067    -9.9%
            ('AndHighMed', None)     0.847     0.873     3.1%     4.616     4.089   -11.4%     5.121     5.009    -2.2%     5.121     5.009    -2.2%    16.413    12.346   -24.8%
('AndHighMedDayTaxoFacets', None)     5.203     5.092    -2.1%     9.303     9.650     3.7%    28.333    14.878   -47.5%    28.333    14.878   -47.5%    28.381    24.315   -14.3%
     ('AndMissingHigh', 'Title')     0.296     0.292    -1.1%     0.963     0.807   -16.2%     1.189     1.033   -13.1%     1.189     1.033   -13.1%     1.221     1.416    16.0%
              ('BM25MSM2', None)    21.513    19.953    -7.2%    40.892    39.153    -4.3%    69.660    77.249    10.9%    69.660    77.249    10.9%   178.381   152.244   -14.7%
  ('BrowseDateSSDVFacets', None)   335.737   386.170    15.0%   388.020   429.211    10.6%   471.093   523.218    11.1%   471.093   523.218    11.1%   507.091   638.146    25.8%
  ('BrowseDateTaxoFacets', None)    74.814    65.154   -12.9%    86.678    77.351   -10.8%    87.920    78.633   -10.6%    87.920    78.633   -10.6%   138.378    79.106   -42.8%
('BrowseDayOfYearSSDVFacets', None)    66.958    64.531    -3.6%    80.751    86.057     6.6%    81.125    89.563    10.4%    81.125    89.563    10.4%   105.605   133.336    26.3%
('BrowseDayOfYearTaxoFacets', None)    71.400    64.538    -9.6%    86.766    74.651   -14.0%    91.460    77.345   -15.4%    91.460    77.345   -15.4%   171.250   168.851    -1.4%
 ('BrowseMonthSSDVFacets', None)    65.428    66.559     1.7%    77.579    80.992     4.4%   104.892    94.162   -10.2%   104.892    94.162   -10.2%   139.207   174.491    25.3%
 ('BrowseMonthTaxoFacets', None)    23.877    27.719    16.1%    74.124    30.686   -58.6%    82.340    83.196     1.0%    82.340    83.196     1.0%   223.804   216.442    -3.3%
('BrowseRandomLabelSSDVFacets', None)    90.954    97.563     7.3%   118.214   120.957     2.3%   119.111   133.168    11.8%   119.111   133.168    11.8%   187.467   237.605    26.7%
('BrowseRandomLabelTaxoFacets', None)    91.873    81.346   -11.5%   108.867    96.321   -11.5%   218.473   115.920   -46.9%   218.473   115.920   -46.9%   226.639   177.291   -21.8%
             ('ConstMSM2', None)     0.712     0.726     2.0%     2.291     1.835   -19.9%     3.446     2.064   -40.1%     3.446     2.064   -40.1%    15.565     6.216   -60.1%
                ('Fuzzy1', None)    12.955    11.602   -10.4%    21.379    17.595   -17.7%    30.952    20.609   -33.4%    30.952    20.609   -33.4%    51.913    69.748    34.4%
                ('Fuzzy2', None)    17.546    15.750   -10.2%    25.246    21.109   -16.4%    38.041    31.119   -18.2%    38.041    31.119   -18.2%   143.635   118.269   -17.7%
  ('HighIntervalsOrdered', None)    17.712    18.186     2.7%    37.199    33.133   -10.9%    44.096    38.924   -11.7%    44.096    38.924   -11.7%    44.224    50.782    14.8%
            ('HighPhrase', None)     4.323     4.348     0.6%    13.144    13.340     1.5%    19.939    17.293   -13.3%    19.939    17.293   -13.3%    41.177    53.598    30.2%
      ('HighSloppyPhrase', None)    21.107    21.307     1.0%    28.797    26.950    -6.4%    31.264    27.281   -12.7%    31.264    27.281   -12.7%    59.829    77.530    29.6%
          ('HighSpanNear', None)     7.636     8.905    16.6%    24.056    14.846   -38.3%    30.074    24.508   -18.5%    30.074    24.508   -18.5%    90.655    78.607   -13.3%
              ('HighTerm', None)     1.674     1.607    -4.0%     3.037     2.594   -14.6%     3.176     7.204   126.8%     3.176     7.204   126.8%     8.833    30.122   241.0%
('HighTermDayOfYearSort', 'DayOfYear')     2.275     2.141    -5.9%     6.832     6.667    -2.4%     6.940     6.833    -1.5%     6.940     6.833    -1.5%    48.804    49.621     1.7%
  ('HighTermMonthSort', 'Month')     0.800     0.633   -20.9%     1.750     1.282   -26.7%     2.306     2.742    18.9%     2.306     2.742    18.9%     2.927    26.611   809.1%
('HighTermTitleBDVSort', 'TitleBinary')    13.103    11.039   -15.8%    20.615    22.042     6.9%    27.122    26.847    -1.0%    27.122    26.847    -1.0%   157.221   131.655   -16.3%
  ('HighTermTitleSort', 'Title')    10.915     9.358   -14.3%    33.386    22.045   -34.0%    40.676    38.364    -5.7%    40.676    38.364    -5.7%   108.500   103.252    -4.8%
                ('IntNRQ', None)     1.907     1.766    -7.4%     5.545     4.083   -26.4%     5.714    42.562   644.8%     5.714    42.562   644.8%    93.527    64.613   -30.9%
                ('IntSet', None)     1.648     1.452   -11.9%     6.830     6.290    -7.9%     6.880    17.929   160.6%     6.880    17.929   160.6%   110.715    97.229   -12.2%
   ('LowIntervalsOrdered', None)     3.813     3.916     2.7%     5.552     6.742    21.4%     7.080    11.275    59.3%     7.080    11.275    59.3%   175.564   170.862    -2.7%
             ('LowPhrase', None)     5.226     4.901    -6.2%    15.536    14.085    -9.3%    17.042    19.388    13.8%    17.042    19.388    13.8%    71.884    89.168    24.0%
       ('LowSloppyPhrase', None)    10.493    10.819     3.1%    21.972    20.301    -7.6%    28.616    22.413   -21.7%    28.616    22.413   -21.7%   220.878   207.736    -5.9%
           ('LowSpanNear', None)     4.510     4.655     3.2%    12.426     8.593   -30.8%    17.758    12.803   -27.9%    17.758    12.803   -27.9%    21.203    25.203    18.9%
               ('LowTerm', None)     0.503     0.401   -20.3%     1.751     1.000   -42.9%     1.974     1.557   -21.1%     1.974     1.557   -21.1%     2.811    17.258   514.1%
   ('MedIntervalsOrdered', None)     4.544     4.489    -1.2%     8.048     8.012    -0.4%     8.191     8.306     1.4%     8.191     8.306     1.4%    27.695    40.024    44.5%
             ('MedPhrase', None)     2.594     2.556    -1.5%     6.788     6.474    -4.6%     8.324    13.916    67.2%     8.324    13.916    67.2%    17.254    25.128    45.6%
       ('MedSloppyPhrase', None)    10.498    10.283    -2.1%    21.120    24.037    13.8%    37.316    24.103   -35.4%    37.316    24.103   -35.4%    53.715    65.301    21.6%
           ('MedSpanNear', None)    10.882    11.399     4.8%    17.890    16.156    -9.7%    22.027    16.232   -26.3%    22.027    16.232   -26.3%    98.980    91.558    -7.5%
               ('MedTerm', None)     0.732     0.624   -14.7%     1.771     1.130   -36.2%     4.022     3.038   -24.5%     4.022     3.038   -24.5%     4.305    19.802   360.0%
  ('MedTermDayTaxoFacets', None)     9.852    10.745     9.1%    13.855    15.393    11.1%    48.059    41.376   -13.9%    48.059    41.376   -13.9%   224.449   218.095    -2.8%
            ('OrHighHigh', None)     1.497     1.508     0.7%     5.996     2.921   -51.3%     8.186     8.402     2.6%     8.186     8.402     2.6%   198.610   196.635    -1.0%
             ('OrHighLow', None)     0.914     0.874    -4.4%     2.788     1.477   -47.0%     4.907     1.704   -65.3%     4.907     1.704   -65.3%    10.603     2.258   -78.7%
             ('OrHighMed', None)     1.140     0.988   -13.4%     4.224     3.788   -10.3%     6.973     4.423   -36.6%     6.973     4.423   -36.6%     8.854     4.828   -45.5%
('OrHighMedDayTaxoFacets', None)   136.561   124.219    -9.0%   181.747   163.281   -10.2%   564.408   305.647   -45.8%   564.408   305.647   -45.8%   728.693   730.711     0.3%
         ('OrHighNotHigh', None)     1.351     1.226    -9.2%     4.746    11.593   144.3%     6.024    11.818    96.2%     6.024    11.818    96.2%    24.254    30.539    25.9%
          ('OrHighNotLow', None)     1.401     1.076   -23.2%     3.166     3.289     3.9%     3.322     4.659    40.2%     3.322     4.659    40.2%     7.017    11.082    57.9%
          ('OrHighNotMed', None)     1.104     1.022    -7.4%     3.058     2.662   -13.0%     3.105     3.683    18.6%     3.105     3.683    18.6%    18.696     6.612   -64.6%
         ('OrNotHighHigh', None)     1.330     1.260    -5.2%    15.495     6.377   -58.8%    16.498     9.134   -44.6%    16.498     9.134   -44.6%    22.458    22.963     2.3%
          ('OrNotHighLow', None)     0.733     0.679    -7.4%     1.865     1.747    -6.3%     2.876     3.780    31.4%     2.876     3.780    31.4%     4.804    15.642   225.6%
          ('OrNotHighMed', None)     1.198     1.164    -2.9%     4.845     2.934   -39.4%     8.752     3.018   -65.5%     8.752     3.018   -65.5%    15.521    14.848    -4.3%
                   ('PKLookup',)     5.599     5.135    -8.3%     8.600     9.228     7.3%    10.529    10.123    -3.9%    10.529    10.123    -3.9%    46.262    70.627    52.7%
               ('Prefix3', None)     1.238     1.402    13.3%     4.601     4.032   -12.4%     5.411     6.164    13.9%     5.411     6.164    13.9%    11.838     6.614   -44.1%
                    ('Respell',)    13.599    12.840    -5.6%    17.562    24.989    42.3%    51.190    27.668   -45.9%    51.190    27.668   -45.9%   133.117   124.430    -6.5%
('TermDateTimeSort', 'DateTime')     2.309     2.205    -4.5%     8.407     7.560   -10.1%    25.792    18.162   -29.6%    25.792    18.162   -29.6%    53.240    86.565    62.6%
              ('Wildcard', None)     1.496     1.396    -6.7%     3.383     4.898    44.8%     9.809     7.475   -23.8%     9.809     7.475   -23.8%    28.949    19.515   -32.6%
                 ('range', None)     0.179     0.167    -6.8%     0.398     0.810   103.8%     0.489     0.957    95.8%     0.489     0.957    95.8%    12.117    12.688     4.7%
                            Task    QPS armA      StdDev    QPS armG      StdDev                Pct diff p-value
           HighTermDayOfYearSort      494.88      (7.4%)      451.55     (12.6%)   -8.8% ( -26% -   12%) 0.142
                          IntSet      705.68     (12.2%)      658.03      (7.7%)   -6.8% ( -23% -   15%) 0.252
                           range     6359.46      (9.5%)     5955.43      (4.8%)   -6.4% ( -18% -    8%) 0.145
                        PKLookup      215.62      (9.9%)      203.18     (12.4%)   -5.8% ( -25% -   18%) 0.374
                      AndHighMed     1118.36      (8.8%)     1057.51      (8.2%)   -5.4% ( -20% -   12%) 0.270
           BrowseMonthTaxoFacets       35.95     (31.1%)       34.00     (30.9%)   -5.4% ( -51% -   82%) 0.762
                          IntNRQ      703.87      (8.0%)      674.14     (10.7%)   -4.2% ( -21% -   15%) 0.440
                      AndHighLow     1883.44      (8.0%)     1807.78      (7.1%)   -4.0% ( -17% -   11%) 0.356
                         Respell       76.46      (4.9%)       73.77      (8.9%)   -3.5% ( -16% -   10%) 0.397
                       ConstMSM2     1372.24      (6.8%)     1341.90      (3.8%)   -2.2% ( -12% -    9%) 0.489
                         LowTerm     2435.72      (2.7%)     2397.52      (5.7%)   -1.6% (  -9% -    7%) 0.545
                        HighTerm      642.64      (3.0%)      633.62      (3.8%)   -1.4% (  -8% -    5%) 0.483
     BrowseRandomLabelSSDVFacets       11.43      (2.7%)       11.29      (3.1%)   -1.2% (  -6% -    4%) 0.466
       BrowseDayOfYearTaxoFacets       15.50      (6.2%)       15.31      (4.0%)   -1.2% ( -10% -    9%) 0.694
               HighTermTitleSort      106.33      (9.3%)      105.11      (7.3%)   -1.1% ( -16% -   17%) 0.814
                    OrNotHighLow     1542.50     (17.3%)     1528.36      (8.6%)   -0.9% ( -22% -   30%) 0.908
            BrowseDateSSDVFacets        2.92      (4.8%)        2.89      (7.2%)   -0.8% ( -12% -   11%) 0.815
             LowIntervalsOrdered      310.13     (14.8%)      307.63     (16.2%)   -0.8% ( -27% -   35%) 0.928
            HighIntervalsOrdered       59.85      (6.5%)       59.37      (5.5%)   -0.8% ( -11% -   11%) 0.818
                    OrHighNotLow      845.06     (10.4%)      838.37     (17.3%)   -0.8% ( -25% -   30%) 0.923
                     AndHighHigh      610.79     (14.1%)      606.26     (13.1%)   -0.7% ( -24% -   30%) 0.925
       BrowseDayOfYearSSDVFacets       15.82      (7.5%)       15.71      (5.3%)   -0.7% ( -12% -   13%) 0.852
            BrowseDateTaxoFacets       14.67      (6.5%)       14.57      (8.7%)   -0.7% ( -14% -   15%) 0.883
                       OrHighLow     1277.61     (13.6%)     1272.02      (7.3%)   -0.4% ( -18% -   23%) 0.945
             MedIntervalsOrdered      248.56      (8.0%)      248.81     (12.6%)    0.1% ( -19% -   22%) 0.987
                        Wildcard      700.26      (9.8%)      701.45      (7.3%)    0.2% ( -15% -   19%) 0.973
                      HighPhrase      239.38      (4.6%)      239.87      (3.8%)    0.2% (  -7% -    9%) 0.932
                     LowSpanNear      210.88      (7.3%)      211.58     (10.0%)    0.3% ( -15% -   19%) 0.948
                        BM25MSM2       47.88      (5.7%)       48.14      (4.6%)    0.5% (  -9% -   11%) 0.859
                     MedSpanNear       92.44      (8.2%)       92.94      (9.7%)    0.5% ( -16% -   20%) 0.918
     BrowseRandomLabelTaxoFacets       12.09      (6.8%)       12.17      (8.5%)    0.6% ( -13% -   17%) 0.889
                  AndMissingHigh     3695.93      (5.8%)     3722.79      (4.9%)    0.7% (  -9% -   12%) 0.814
         AndHighMedDayTaxoFacets      189.82      (4.4%)      191.52      (3.8%)    0.9% (  -6% -    9%) 0.705
            MedTermDayTaxoFacets       95.36      (7.0%)       96.24      (4.6%)    0.9% ( -10% -   13%) 0.787
                    HighSpanNear      129.16      (5.5%)      130.43      (3.3%)    1.0% (  -7% -   10%) 0.707
                HighSloppyPhrase       46.59      (4.0%)       47.23      (3.2%)    1.4% (  -5% -    8%) 0.511
        AndHighHighDayTaxoFacets       55.05      (9.8%)       55.90      (5.1%)    1.5% ( -12% -   18%) 0.732
           BrowseMonthSSDVFacets       15.66      (3.9%)       15.92      (3.8%)    1.7% (  -5% -    9%) 0.449
                      TermDTSort      449.49      (5.5%)      457.90      (3.5%)    1.9% (  -6% -   11%) 0.484
                         MedTerm     1503.76      (6.0%)     1540.44      (6.5%)    2.4% (  -9% -   15%) 0.498
                       MedPhrase      375.15     (12.1%)      384.80      (3.6%)    2.6% ( -11% -   20%) 0.617
          OrHighMedDayTaxoFacets        7.41      (5.4%)        7.62      (7.4%)    2.8% (  -9% -   16%) 0.448
                    OrNotHighMed      952.31     (12.0%)      986.37     (11.1%)    3.6% ( -17% -   30%) 0.592
                      OrHighHigh      619.53      (8.8%)      642.34      (6.0%)    3.7% ( -10% -   20%) 0.397
                 LowSloppyPhrase       94.08      (7.3%)       97.92      (1.4%)    4.1% (  -4% -   13%) 0.177
            HighTermTitleBDVSort       81.80      (6.4%)       85.15      (4.5%)    4.1% (  -6% -   16%) 0.200
                   OrHighNotHigh      828.13      (9.2%)      862.64      (5.0%)    4.2% (  -9% -   20%) 0.329
                       OrHighMed      901.77     (10.4%)      944.71      (6.0%)    4.8% ( -10% -   23%) 0.332
                       LowPhrase      191.51      (6.1%)      201.12      (3.1%)    5.0% (  -3% -   15%) 0.073
                          Fuzzy2       60.29      (2.7%)       63.32      (6.4%)    5.0% (  -3% -   14%) 0.077
                    OrHighNotMed      932.45      (9.4%)      982.61      (7.1%)    5.4% ( -10% -   24%) 0.263
                 MedSloppyPhrase       91.78     (10.7%)       97.49      (5.0%)    6.2% (  -8% -   24%) 0.194
               HighTermMonthSort     1479.97      (7.1%)     1575.71      (6.7%)    6.5% (  -6% -   21%) 0.104
                   OrNotHighHigh      782.43      (9.1%)      851.62      (5.5%)    8.8% (  -5% -   25%) 0.042
                          Fuzzy1       82.55      (5.5%)       90.50      (8.2%)    9.6% (  -3% -   24%) 0.017
                         Prefix3      853.12     (12.0%)      948.33     (14.6%)   11.2% ( -13% -   42%) 0.147
  iter 6
    armG:
      NOTE: using experimental CPU time profiler (see https://mostlynerdless.de/blog/2025/06/11/java-25s-new-cpu-time-profiler-1)
      log: /home/goankur/vsearch/logs/FAG.armG.6 + stdout
      run: /usr/bin/perf stat -dd -e task-clock,cycles,instructions,cache-references,cache-misses,L1-dcache-loads,L1-dcache-load-misses,L1-icache-loads,L1-icache-load-misses,LLC-loads,LLC-load-misses,LLC-stores,LLC-store-misses,LLC-prefetches,LLC-prefetch-misses,faults,minor-faults,major-faults,branches,branch-misses,stalled-cycles-frontend,stalled-cycles-backend /home/goankur/jdk/corretto-25/bin/java -server -Xms2g -Xmx2g --add-modules jdk.incubator.vector -XX:+HeapDumpOnOutOfMemoryError -XX:+UseParallelGC -XX:StartFlightRecording=jdk.CPUTimeSample#enabled=true,dumponexit=true,maxsize=250M,settings=/home/goankur/vsearch/util/src/python/profiling.jfc,filename=/home/goankur/vsearch/logs/bench-search-FAG-armG-6.jfr -XX:+UnlockDiagnosticVMOptions -XX:+DebugNonSafepoints -classpath /home/goankur/vsearch/bo/lucene-G/lucene/core/build/libs/lucene-core-11.0.0-SNAPSHOT.jar:/home/goankur/vsearch/bo/lucene-G/lucene/sandbox/build/classes/java/main:/home/goankur/vsearch/bo/lucene-G/lucene/misc/build/classes/java/main:/home/goankur/vsearch/bo/lucene-G/lucene/facet/build/classes/java/main:/home/goankur/vsearch/bo/lucene-G/lucene/analysis/common/build/classes/java/main:/home/goankur/vsearch/bo/lucene-G/lucene/analysis/icu/build/classes/java/main:/home/goankur/vsearch/bo/lucene-G/lucene/queryparser/build/classes/java/main:/home/goankur/vsearch/bo/lucene-G/lucene/grouping/build/classes/java/main:/home/goankur/vsearch/bo/lucene-G/lucene/suggest/build/classes/java/main:/home/goankur/vsearch/bo/lucene-G/lucene/highlighter/build/classes/java/main:/home/goankur/vsearch/bo/lucene-G/lucene/codecs/build/classes/java/main:/home/goankur/vsearch/bo/lucene-G/lucene/queries/build/classes/java/main:/home/goankur/vsearch/bo/lucene-G/lucene/join/build/classes/java/main:/home/goankur/vsearch/bo/lucene-G/lucene/spatial3d/build/classes/java/main:/home/goankur/vsearch/util/lib/HdrHistogram.jar:/home/goankur/vsearch/util/src/main/build/classes/java/main:/home/goankur/vsearch/util/build perf.SearchPerfTest -dirImpl MMapDirectory -indexPath /home/goankur/vsearch/indices/wikimedium10m.lucene-A.facets.taxonomy:Date.taxonomy:Month.taxonomy:DayOfYear.sortedset:Date.sortedset:Month.sortedset:DayOfYear.taxonomy:RandomLabel.sortedset:RandomLabel.Lucene90.Lucene104.dvfields.nd10M -facets taxonomy:Date;Date -facets taxonomy:Month;Month -facets taxonomy:DayOfYear;DayOfYear -facets sortedset:Date;Date -facets sortedset:Month;Month -facets sortedset:DayOfYear;DayOfYear -facets taxonomy:RandomLabel;RandomLabel -facets sortedset:RandomLabel;RandomLabel -analyzer StandardAnalyzer -taskSource /home/goankur/vsearch/util/tasks/wikimedium.10M.nostopwords.tasks -numConcurrentQueries 5 -taskRepeatCount 20 -field body -tasksPerCat 1 -searchConcurrency -1 -staticSeed 137351 -seed -4756424 -similarity BM25Similarity -commit multi -hiliteImpl FastVectorHighlighter -log /home/goankur/vsearch/logs/FAG.armG.6 -topN 100 -context  -pk -pollute
      10.2 s
      219.9 actual sustained QPS; -1.0 CPU cores used
    armA:
      NOTE: using experimental CPU time profiler (see https://mostlynerdless.de/blog/2025/06/11/java-25s-new-cpu-time-profiler-1)
      log: /home/goankur/vsearch/logs/FAG.armA.6 + stdout
      run: /usr/bin/perf stat -dd -e task-clock,cycles,instructions,cache-references,cache-misses,L1-dcache-loads,L1-dcache-load-misses,L1-icache-loads,L1-icache-load-misses,LLC-loads,LLC-load-misses,LLC-stores,LLC-store-misses,LLC-prefetches,LLC-prefetch-misses,faults,minor-faults,major-faults,branches,branch-misses,stalled-cycles-frontend,stalled-cycles-backend /home/goankur/jdk/corretto-25/bin/java -server -Xms2g -Xmx2g --add-modules jdk.incubator.vector -XX:+HeapDumpOnOutOfMemoryError -XX:+UseParallelGC -XX:StartFlightRecording=jdk.CPUTimeSample#enabled=true,dumponexit=true,maxsize=250M,settings=/home/goankur/vsearch/util/src/python/profiling.jfc,filename=/home/goankur/vsearch/logs/bench-search-FAG-armA-6.jfr -XX:+UnlockDiagnosticVMOptions -XX:+DebugNonSafepoints -classpath /home/goankur/vsearch/bo/lucene-A/lucene/core/build/libs/lucene-core-11.0.0-SNAPSHOT.jar:/home/goankur/vsearch/bo/lucene-A/lucene/sandbox/build/classes/java/main:/home/goankur/vsearch/bo/lucene-A/lucene/misc/build/classes/java/main:/home/goankur/vsearch/bo/lucene-A/lucene/facet/build/classes/java/main:/home/goankur/vsearch/bo/lucene-A/lucene/analysis/common/build/classes/java/main:/home/goankur/vsearch/bo/lucene-A/lucene/analysis/icu/build/classes/java/main:/home/goankur/vsearch/bo/lucene-A/lucene/queryparser/build/classes/java/main:/home/goankur/vsearch/bo/lucene-A/lucene/grouping/build/classes/java/main:/home/goankur/vsearch/bo/lucene-A/lucene/suggest/build/classes/java/main:/home/goankur/vsearch/bo/lucene-A/lucene/highlighter/build/classes/java/main:/home/goankur/vsearch/bo/lucene-A/lucene/codecs/build/classes/java/main:/home/goankur/vsearch/bo/lucene-A/lucene/queries/build/classes/java/main:/home/goankur/vsearch/bo/lucene-A/lucene/join/build/classes/java/main:/home/goankur/vsearch/bo/lucene-A/lucene/spatial3d/build/classes/java/main:/home/goankur/vsearch/util/lib/HdrHistogram.jar:/home/goankur/vsearch/util/src/main/build/classes/java/main:/home/goankur/vsearch/util/build perf.SearchPerfTest -dirImpl MMapDirectory -indexPath /home/goankur/vsearch/indices/wikimedium10m.lucene-A.facets.taxonomy:Date.taxonomy:Month.taxonomy:DayOfYear.sortedset:Date.sortedset:Month.sortedset:DayOfYear.taxonomy:RandomLabel.sortedset:RandomLabel.Lucene90.Lucene104.dvfields.nd10M -facets taxonomy:Date;Date -facets taxonomy:Month;Month -facets taxonomy:DayOfYear;DayOfYear -facets sortedset:Date;Date -facets sortedset:Month;Month -facets sortedset:DayOfYear;DayOfYear -facets taxonomy:RandomLabel;RandomLabel -facets sortedset:RandomLabel;RandomLabel -analyzer StandardAnalyzer -taskSource /home/goankur/vsearch/util/tasks/wikimedium.10M.nostopwords.tasks -numConcurrentQueries 5 -taskRepeatCount 20 -field body -tasksPerCat 1 -searchConcurrency -1 -staticSeed 137351 -seed -4756424 -similarity BM25Similarity -commit multi -hiliteImpl FastVectorHighlighter -log /home/goankur/vsearch/logs/FAG.armA.6 -topN 100 -context  -pk -pollute
      10.1 s
      235.7 actual sustained QPS; -1.0 CPU cores used

Report after iter 6:
QPSChart.supported == False
                            Task     P50 B     P50 C     Diff     P90 B     P90 C     Diff     P99 B     P99 C     Diff    P999 B    P999 C     Diff    P100 B    P100 C     Diff
           ('AndHighHigh', None)     1.450     1.488     2.6%     5.948     9.142    53.7%     8.251    12.731    54.3%     8.251    12.731    54.3%    83.385   173.862   108.5%
('AndHighHighDayTaxoFacets', None)    19.670    18.590    -5.5%    28.359    27.351    -3.6%   103.949    66.063   -36.4%   103.949    66.063   -36.4%   161.055   126.471   -21.5%
            ('AndHighLow', None)     0.579     0.580     0.2%     1.599     1.328   -17.0%     3.905     1.578   -59.6%     3.905     1.578   -59.6%     6.493     4.035   -37.9%
            ('AndHighMed', None)     0.995     1.026     3.1%     3.808     4.904    28.8%     4.952     4.969     0.4%     4.952     4.969     0.4%    42.557    53.531    25.8%
('AndHighMedDayTaxoFacets', None)     5.352     5.217    -2.5%    14.013    17.318    23.6%    16.185    17.798    10.0%    16.185    17.798    10.0%    31.539    31.169    -1.2%
     ('AndMissingHigh', 'Title')     0.354     0.311   -12.3%     0.827     0.831     0.4%     1.674     1.197   -28.5%     1.674     1.197   -28.5%     2.050     1.241   -39.5%
              ('BM25MSM2', None)    20.116    20.885     3.8%    37.706    35.216    -6.6%    47.043    47.328     0.6%    47.043    47.328     0.6%   180.088   153.882   -14.6%
  ('BrowseDateSSDVFacets', None)   339.474   394.693    16.3%   376.957   460.254    22.1%   390.251   469.845    20.4%   390.251   469.845    20.4%   473.037   493.191     4.3%
  ('BrowseDateTaxoFacets', None)    64.628    67.333     4.2%    76.179    94.331    23.8%    77.692    94.733    21.9%    77.692    94.733    21.9%   435.033   325.948   -25.1%
('BrowseDayOfYearSSDVFacets', None)    63.842    63.838    -0.0%    86.357    82.003    -5.0%    90.742    87.816    -3.2%    90.742    87.816    -3.2%   168.734   257.893    52.8%
('BrowseDayOfYearTaxoFacets', None)    64.220    62.890    -2.1%    74.952    74.581    -0.5%    75.889    78.580     3.5%    75.889    78.580     3.5%    82.607    82.249    -0.4%
 ('BrowseMonthSSDVFacets', None)    68.320    60.255   -11.8%    86.312    76.838   -11.0%    87.687    97.752    11.5%    87.687    97.752    11.5%    90.877   159.846    75.9%
 ('BrowseMonthTaxoFacets', None)    25.810    27.767     7.6%    69.684    30.522   -56.2%    88.238    77.711   -11.9%    88.238    77.711   -11.9%   479.204   325.791   -32.0%
('BrowseRandomLabelSSDVFacets', None)    94.021    94.673     0.7%   123.459   131.260     6.3%   143.164   141.619    -1.1%   143.164   141.619    -1.1%   214.190   204.035    -4.7%
('BrowseRandomLabelTaxoFacets', None)    78.631    81.558     3.7%    87.258   128.939    47.8%    88.360   142.835    61.7%    88.360   142.835    61.7%   328.086   158.633   -51.6%
             ('ConstMSM2', None)     0.799     0.823     3.0%     2.148     2.946    37.2%     2.320     4.413    90.2%     2.320     4.413    90.2%    13.876     9.612   -30.7%
                ('Fuzzy1', None)    12.472    13.967    12.0%    21.965    18.068   -17.7%    22.867    28.619    25.2%    22.867    28.619    25.2%   108.605    57.929   -46.7%
                ('Fuzzy2', None)    17.091    19.161    12.1%   110.960    28.883   -74.0%   113.500    29.185   -74.3%   113.500    29.185   -74.3%   127.117   107.320   -15.6%
  ('HighIntervalsOrdered', None)    15.581    18.691    20.0%    29.469    36.885    25.2%    39.544    46.717    18.1%    39.544    46.717    18.1%    68.790   104.498    51.9%
            ('HighPhrase', None)     4.613     4.219    -8.6%    11.955     8.684   -27.4%    44.925    21.356   -52.5%    44.925    21.356   -52.5%    57.526    50.908   -11.5%
      ('HighSloppyPhrase', None)    22.608    22.926     1.4%    34.219    34.301     0.2%    40.954    38.862    -5.1%    40.954    38.862    -5.1%   195.459    74.532   -61.9%
          ('HighSpanNear', None)     7.958     7.343    -7.7%    19.453    13.972   -28.2%    22.717    15.604   -31.3%    22.717    15.604   -31.3%    83.813    75.227   -10.2%
              ('HighTerm', None)     1.488     1.589     6.8%     2.686     2.067   -23.0%     5.371     2.474   -53.9%     5.371     2.474   -53.9%    20.400    21.931     7.5%
('HighTermDayOfYearSort', 'DayOfYear')     2.614     2.395    -8.4%     6.162     4.799   -22.1%    14.274    10.198   -28.6%    14.274    10.198   -28.6%    46.875    58.663    25.1%
  ('HighTermMonthSort', 'Month')     0.678     0.611    -9.9%     1.284     4.105   219.8%     2.814     4.740    68.5%     2.814     4.740    68.5%     4.291    17.160   299.9%
('HighTermTitleBDVSort', 'TitleBinary')    12.128    14.095    16.2%    23.943    30.430    27.1%    25.659    31.340    22.1%    25.659    31.340    22.1%   153.640   180.450    17.4%
  ('HighTermTitleSort', 'Title')     9.370     9.904     5.7%    15.760    44.780   184.1%    27.681    55.121    99.1%    27.681    55.121    99.1%   117.953   200.573    70.0%
                ('IntNRQ', None)     1.640     1.844    12.4%     3.437     4.292    24.9%     5.288     4.323   -18.3%     5.288     4.323   -18.3%   113.856    92.752   -18.5%
                ('IntSet', None)     1.766     1.374   -22.2%     6.147     7.489    21.8%     7.806     9.585    22.8%     7.806     9.585    22.8%    37.707    66.766    77.1%
   ('LowIntervalsOrdered', None)     3.261     3.776    15.8%     5.090     6.333    24.4%     8.377     6.391   -23.7%     8.377     6.391   -23.7%    11.723     6.594   -43.7%
             ('LowPhrase', None)     4.965     5.638    13.6%    16.828    13.295   -21.0%    22.367    16.199   -27.6%    22.367    16.199   -27.6%    66.973    24.534   -63.4%
       ('LowSloppyPhrase', None)    12.568    11.026   -12.3%    23.828    20.506   -13.9%    36.355    33.664    -7.4%    36.355    33.664    -7.4%    74.523    57.018   -23.5%
           ('LowSpanNear', None)     4.652     4.872     4.7%     8.072    12.593    56.0%    17.928    13.257   -26.1%    17.928    13.257   -26.1%    55.167    50.689    -8.1%
               ('LowTerm', None)     0.502     0.468    -6.7%     1.146     1.315    14.8%     1.942     2.723    40.2%     1.942     2.723    40.2%     2.870     4.296    49.7%
   ('MedIntervalsOrdered', None)     3.926     4.515    15.0%    11.118    12.155     9.3%    22.513    21.186    -5.9%    22.513    21.186    -5.9%    97.638    65.561   -32.9%
             ('MedPhrase', None)     3.403     2.953   -13.2%     7.755     5.344   -31.1%     9.581    13.713    43.1%     9.581    13.713    43.1%    64.802    44.409   -31.5%
       ('MedSloppyPhrase', None)    10.927    10.433    -4.5%    34.996    28.006   -20.0%    49.435    30.242   -38.8%    49.435    30.242   -38.8%   175.898   162.463    -7.6%
           ('MedSpanNear', None)    11.165    11.267     0.9%    13.963    17.340    24.2%    15.011    17.819    18.7%    15.011    17.819    18.7%   199.181   154.844   -22.3%
               ('MedTerm', None)     0.625     0.664     6.4%     2.672     2.313   -13.4%     4.111     2.332   -43.3%     4.111     2.332   -43.3%     4.502     4.551     1.1%
  ('MedTermDayTaxoFacets', None)    11.935    11.429    -4.2%    23.298    20.694   -11.2%    23.386    39.090    67.2%    23.386    39.090    67.2%    44.416    46.408     4.5%
            ('OrHighHigh', None)     1.574     1.697     7.8%     2.977     7.956   167.3%    10.033     8.315   -17.1%    10.033     8.315   -17.1%    19.270     8.875   -53.9%
             ('OrHighLow', None)     0.847     0.902     6.4%     1.742     1.763     1.2%    11.974     7.822   -34.7%    11.974     7.822   -34.7%   155.381   175.320    12.8%
             ('OrHighMed', None)     1.053     1.149     9.1%     3.150     2.228   -29.3%     3.365     3.230    -4.0%     3.365     3.230    -4.0%   193.255   235.754    22.0%
('OrHighMedDayTaxoFacets', None)   132.088   133.876     1.4%   177.567   168.934    -4.9%   341.571   208.276   -39.0%   341.571   208.276   -39.0%   766.786   796.375     3.9%
         ('OrHighNotHigh', None)     1.298     1.135   -12.5%     4.229     3.300   -22.0%    22.307    15.626   -30.0%    22.307    15.626   -30.0%    55.617    39.061   -29.8%
          ('OrHighNotLow', None)     1.111     1.216     9.4%     3.313     2.957   -10.7%     7.837     3.971   -49.3%     7.837     3.971   -49.3%    53.734    11.594   -78.4%
          ('OrHighNotMed', None)     1.003     1.035     3.2%     3.668     3.331    -9.2%     3.881     3.432   -11.6%     3.881     3.432   -11.6%    13.965    12.601    -9.8%
         ('OrNotHighHigh', None)     1.254     1.298     3.5%     4.367     4.161    -4.7%     7.306     4.373   -40.1%     7.306     4.373   -40.1%    23.747     7.980   -66.4%
          ('OrNotHighLow', None)     0.742     0.797     7.5%     1.517     2.063    36.0%     2.389     3.237    35.5%     2.389     3.237    35.5%     8.941     6.358   -28.9%
          ('OrNotHighMed', None)     1.021     1.150    12.6%     3.312     3.661    10.5%     4.771     5.239     9.8%     4.771     5.239     9.8%     4.796    23.066   381.0%
                   ('PKLookup',)     5.180     5.141    -0.8%     9.675    13.512    39.7%    26.733    24.610    -7.9%    26.733    24.610    -7.9%    50.036    53.450     6.8%
               ('Prefix3', None)     1.171     1.150    -1.7%     4.070     5.367    31.9%     4.968     7.877    58.5%     4.968     7.877    58.5%    18.835    10.767   -42.8%
                    ('Respell',)    14.745    15.481     5.0%    20.852    29.822    43.0%    89.606    34.683   -61.3%    89.606    34.683   -61.3%   139.998   142.888     2.1%
('TermDateTimeSort', 'DateTime')     2.263     2.064    -8.8%     4.909     5.067     3.2%    14.934     6.988   -53.2%    14.934     6.988   -53.2%    57.553    40.217   -30.1%
              ('Wildcard', None)     1.464     1.934    32.1%     2.892     6.153   112.8%    12.365    16.607    34.3%    12.365    16.607    34.3%    68.117    59.094   -13.2%
                 ('range', None)     0.199     0.209     4.9%     0.437     0.604    38.3%     0.745     0.773     3.7%     0.745     0.773     3.7%     0.809     3.598   344.5%
                            Task    QPS armA      StdDev    QPS armG      StdDev                Pct diff p-value
           HighTermDayOfYearSort      496.89      (6.8%)      454.40     (11.6%)   -8.6% ( -25% -   10%) 0.092
                           range     6212.57     (10.9%)     5815.49      (7.5%)   -6.4% ( -22% -   13%) 0.200
           BrowseMonthTaxoFacets       36.81     (28.4%)       35.03     (28.5%)   -4.8% ( -48% -   72%) 0.750
                        PKLookup      213.84      (9.4%)      204.51     (11.6%)   -4.4% ( -23% -   18%) 0.438
                          IntNRQ      702.29      (7.4%)      671.71      (9.8%)   -4.4% ( -20% -   13%) 0.349
                      AndHighMed     1105.62      (8.7%)     1060.07      (7.6%)   -4.1% ( -18% -   13%) 0.347
                      AndHighLow     1891.88      (7.3%)     1814.26      (6.5%)   -4.1% ( -16% -   10%) 0.268
                         Respell       76.32      (4.5%)       73.25      (8.4%)   -4.0% ( -16% -    9%) 0.263
             LowIntervalsOrdered      315.42     (14.0%)      303.38     (15.0%)   -3.8% ( -28% -   29%) 0.622
            HighIntervalsOrdered       60.52      (6.5%)       58.73      (5.7%)   -2.9% ( -14% -    9%) 0.368
                          IntSet      689.72     (12.9%)      670.69      (8.7%)   -2.8% ( -21% -   21%) 0.640
                        Wildcard      704.04      (9.0%)      685.58      (8.9%)   -2.6% ( -18% -   16%) 0.585
                       ConstMSM2     1371.39      (6.2%)     1336.76      (3.6%)   -2.5% ( -11% -    7%) 0.354
            BrowseDateSSDVFacets        2.92      (4.4%)        2.85      (7.6%)   -2.4% ( -13% -   10%) 0.465
             MedIntervalsOrdered      250.33      (7.5%)      245.49     (11.9%)   -1.9% ( -19% -   18%) 0.717
                        HighTerm      649.88      (4.0%)      637.86      (3.9%)   -1.8% (  -9% -    6%) 0.381
                    OrHighNotLow      856.57     (10.0%)      842.49     (15.6%)   -1.6% ( -24% -   26%) 0.815
                         LowTerm     2390.53      (5.6%)     2365.75      (6.4%)   -1.0% ( -12% -   11%) 0.747
                     AndHighHigh      624.43     (13.9%)      617.99     (12.7%)   -1.0% ( -24% -   29%) 0.885
     BrowseRandomLabelSSDVFacets       11.36      (2.9%)       11.25      (3.0%)   -1.0% (  -6% -    5%) 0.540
            BrowseDateTaxoFacets       14.77      (6.2%)       14.66      (8.1%)   -0.7% ( -14% -   14%) 0.848
       BrowseDayOfYearTaxoFacets       15.51      (5.7%)       15.40      (3.9%)   -0.7% (  -9% -    9%) 0.782
                    OrNotHighLow     1524.99     (16.3%)     1515.33      (8.3%)   -0.6% ( -21% -   28%) 0.927
       BrowseDayOfYearSSDVFacets       15.82      (6.8%)       15.74      (4.8%)   -0.6% ( -11% -   11%) 0.859
               HighTermTitleSort      107.09      (8.7%)      106.53      (7.5%)   -0.5% ( -15% -   17%) 0.905
                     LowSpanNear      211.83      (6.7%)      211.66      (9.1%)   -0.1% ( -14% -   16%) 0.984
                     MedSpanNear       92.55      (7.5%)       92.63      (8.9%)    0.1% ( -15% -   17%) 0.984
                        BM25MSM2       48.16      (5.4%)       48.27      (4.2%)    0.2% (  -8% -   10%) 0.931
     BrowseRandomLabelTaxoFacets       12.20      (6.6%)       12.27      (8.0%)    0.6% ( -13% -   16%) 0.882
                      HighPhrase      238.46      (4.3%)      240.20      (3.5%)    0.7% (  -6% -    9%) 0.730
                  AndMissingHigh     3643.33      (6.6%)     3679.27      (5.5%)    1.0% ( -10% -   13%) 0.761
                HighSloppyPhrase       46.41      (3.8%)       46.87      (3.6%)    1.0% (  -6% -    8%) 0.617
                       OrHighLow     1270.00     (12.6%)     1283.14      (7.1%)    1.0% ( -16% -   23%) 0.850
                    HighSpanNear      129.79      (5.2%)      131.32      (3.5%)    1.2% (  -7% -   10%) 0.615
                         MedTerm     1524.07      (6.5%)     1543.01      (5.8%)    1.2% ( -10% -   14%) 0.706
         AndHighMedDayTaxoFacets      189.80      (4.0%)      192.33      (3.6%)    1.3% (  -6% -    9%) 0.515
                    OrNotHighMed      964.47     (11.3%)      978.08     (10.3%)    1.4% ( -18% -   25%) 0.807
            MedTermDayTaxoFacets       93.94      (7.6%)       95.73      (4.5%)    1.9% (  -9% -   15%) 0.571
                      OrHighHigh      625.10      (8.3%)      637.81      (5.7%)    2.0% ( -11% -   17%) 0.594
                       LowPhrase      193.69      (6.3%)      198.16      (4.9%)    2.3% (  -8% -   14%) 0.443
                      TermDTSort      451.45      (5.1%)      462.08      (4.0%)    2.4% (  -6% -   12%) 0.340
          OrHighMedDayTaxoFacets        7.44      (5.0%)        7.62      (6.7%)    2.4% (  -8% -   14%) 0.440
           BrowseMonthSSDVFacets       15.72      (3.7%)       16.16      (5.3%)    2.8% (  -5% -   12%) 0.246
                       MedPhrase      373.01     (11.2%)      384.64      (3.3%)    3.1% ( -10% -   19%) 0.480
            HighTermTitleBDVSort       82.23      (6.0%)       84.84      (4.2%)    3.2% (  -6% -   14%) 0.251
                    OrHighNotMed      956.30     (10.7%)      986.72      (6.4%)    3.2% ( -12% -   22%) 0.498
        AndHighHighDayTaxoFacets       54.80      (9.0%)       56.57      (5.7%)    3.2% ( -10% -   19%) 0.424
                       OrHighMed      910.25      (9.7%)      942.42      (5.5%)    3.5% ( -10% -   20%) 0.402
                          Fuzzy2       60.17      (2.5%)       62.50      (6.9%)    3.9% (  -5% -   13%) 0.160
                 LowSloppyPhrase       93.04      (7.3%)       97.44      (1.9%)    4.7% (  -4% -   15%) 0.098
                   OrHighNotHigh      822.29      (8.7%)      867.22      (4.8%)    5.5% (  -7% -   20%) 0.145
                 MedSloppyPhrase       91.86      (9.7%)       97.30      (4.6%)    5.9% (  -7% -   22%) 0.145
                   OrNotHighHigh      791.60      (8.8%)      845.44      (5.3%)    6.8% (  -6% -   22%) 0.081
               HighTermMonthSort     1494.77      (7.0%)     1602.46      (7.7%)    7.2% (  -6% -   23%) 0.066
                          Fuzzy1       82.40      (5.0%)       89.22      (8.6%)    8.3% (  -5% -   22%) 0.027
                         Prefix3      858.06     (11.0%)      946.24     (13.2%)   10.3% ( -12% -   38%) 0.114
  iter 7
    armA:
      NOTE: using experimental CPU time profiler (see https://mostlynerdless.de/blog/2025/06/11/java-25s-new-cpu-time-profiler-1)
      log: /home/goankur/vsearch/logs/FAG.armA.7 + stdout
      run: /usr/bin/perf stat -dd -e task-clock,cycles,instructions,cache-references,cache-misses,L1-dcache-loads,L1-dcache-load-misses,L1-icache-loads,L1-icache-load-misses,LLC-loads,LLC-load-misses,LLC-stores,LLC-store-misses,LLC-prefetches,LLC-prefetch-misses,faults,minor-faults,major-faults,branches,branch-misses,stalled-cycles-frontend,stalled-cycles-backend /home/goankur/jdk/corretto-25/bin/java -server -Xms2g -Xmx2g --add-modules jdk.incubator.vector -XX:+HeapDumpOnOutOfMemoryError -XX:+UseParallelGC -XX:StartFlightRecording=jdk.CPUTimeSample#enabled=true,dumponexit=true,maxsize=250M,settings=/home/goankur/vsearch/util/src/python/profiling.jfc,filename=/home/goankur/vsearch/logs/bench-search-FAG-armA-7.jfr -XX:+UnlockDiagnosticVMOptions -XX:+DebugNonSafepoints -classpath /home/goankur/vsearch/bo/lucene-A/lucene/core/build/libs/lucene-core-11.0.0-SNAPSHOT.jar:/home/goankur/vsearch/bo/lucene-A/lucene/sandbox/build/classes/java/main:/home/goankur/vsearch/bo/lucene-A/lucene/misc/build/classes/java/main:/home/goankur/vsearch/bo/lucene-A/lucene/facet/build/classes/java/main:/home/goankur/vsearch/bo/lucene-A/lucene/analysis/common/build/classes/java/main:/home/goankur/vsearch/bo/lucene-A/lucene/analysis/icu/build/classes/java/main:/home/goankur/vsearch/bo/lucene-A/lucene/queryparser/build/classes/java/main:/home/goankur/vsearch/bo/lucene-A/lucene/grouping/build/classes/java/main:/home/goankur/vsearch/bo/lucene-A/lucene/suggest/build/classes/java/main:/home/goankur/vsearch/bo/lucene-A/lucene/highlighter/build/classes/java/main:/home/goankur/vsearch/bo/lucene-A/lucene/codecs/build/classes/java/main:/home/goankur/vsearch/bo/lucene-A/lucene/queries/build/classes/java/main:/home/goankur/vsearch/bo/lucene-A/lucene/join/build/classes/java/main:/home/goankur/vsearch/bo/lucene-A/lucene/spatial3d/build/classes/java/main:/home/goankur/vsearch/util/lib/HdrHistogram.jar:/home/goankur/vsearch/util/src/main/build/classes/java/main:/home/goankur/vsearch/util/build perf.SearchPerfTest -dirImpl MMapDirectory -indexPath /home/goankur/vsearch/indices/wikimedium10m.lucene-A.facets.taxonomy:Date.taxonomy:Month.taxonomy:DayOfYear.sortedset:Date.sortedset:Month.sortedset:DayOfYear.taxonomy:RandomLabel.sortedset:RandomLabel.Lucene90.Lucene104.dvfields.nd10M -facets taxonomy:Date;Date -facets taxonomy:Month;Month -facets taxonomy:DayOfYear;DayOfYear -facets sortedset:Date;Date -facets sortedset:Month;Month -facets sortedset:DayOfYear;DayOfYear -facets taxonomy:RandomLabel;RandomLabel -facets sortedset:RandomLabel;RandomLabel -analyzer StandardAnalyzer -taskSource /home/goankur/vsearch/util/tasks/wikimedium.10M.nostopwords.tasks -numConcurrentQueries 5 -taskRepeatCount 20 -field body -tasksPerCat 1 -searchConcurrency -1 -staticSeed 137351 -seed -1378935 -similarity BM25Similarity -commit multi -hiliteImpl FastVectorHighlighter -log /home/goankur/vsearch/logs/FAG.armA.7 -topN 100 -context  -pk -pollute
      10.1 s
      224.2 actual sustained QPS; -1.0 CPU cores used
    armG:
      NOTE: using experimental CPU time profiler (see https://mostlynerdless.de/blog/2025/06/11/java-25s-new-cpu-time-profiler-1)
      log: /home/goankur/vsearch/logs/FAG.armG.7 + stdout
      run: /usr/bin/perf stat -dd -e task-clock,cycles,instructions,cache-references,cache-misses,L1-dcache-loads,L1-dcache-load-misses,L1-icache-loads,L1-icache-load-misses,LLC-loads,LLC-load-misses,LLC-stores,LLC-store-misses,LLC-prefetches,LLC-prefetch-misses,faults,minor-faults,major-faults,branches,branch-misses,stalled-cycles-frontend,stalled-cycles-backend /home/goankur/jdk/corretto-25/bin/java -server -Xms2g -Xmx2g --add-modules jdk.incubator.vector -XX:+HeapDumpOnOutOfMemoryError -XX:+UseParallelGC -XX:StartFlightRecording=jdk.CPUTimeSample#enabled=true,dumponexit=true,maxsize=250M,settings=/home/goankur/vsearch/util/src/python/profiling.jfc,filename=/home/goankur/vsearch/logs/bench-search-FAG-armG-7.jfr -XX:+UnlockDiagnosticVMOptions -XX:+DebugNonSafepoints -classpath /home/goankur/vsearch/bo/lucene-G/lucene/core/build/libs/lucene-core-11.0.0-SNAPSHOT.jar:/home/goankur/vsearch/bo/lucene-G/lucene/sandbox/build/classes/java/main:/home/goankur/vsearch/bo/lucene-G/lucene/misc/build/classes/java/main:/home/goankur/vsearch/bo/lucene-G/lucene/facet/build/classes/java/main:/home/goankur/vsearch/bo/lucene-G/lucene/analysis/common/build/classes/java/main:/home/goankur/vsearch/bo/lucene-G/lucene/analysis/icu/build/classes/java/main:/home/goankur/vsearch/bo/lucene-G/lucene/queryparser/build/classes/java/main:/home/goankur/vsearch/bo/lucene-G/lucene/grouping/build/classes/java/main:/home/goankur/vsearch/bo/lucene-G/lucene/suggest/build/classes/java/main:/home/goankur/vsearch/bo/lucene-G/lucene/highlighter/build/classes/java/main:/home/goankur/vsearch/bo/lucene-G/lucene/codecs/build/classes/java/main:/home/goankur/vsearch/bo/lucene-G/lucene/queries/build/classes/java/main:/home/goankur/vsearch/bo/lucene-G/lucene/join/build/classes/java/main:/home/goankur/vsearch/bo/lucene-G/lucene/spatial3d/build/classes/java/main:/home/goankur/vsearch/util/lib/HdrHistogram.jar:/home/goankur/vsearch/util/src/main/build/classes/java/main:/home/goankur/vsearch/util/build perf.SearchPerfTest -dirImpl MMapDirectory -indexPath /home/goankur/vsearch/indices/wikimedium10m.lucene-A.facets.taxonomy:Date.taxonomy:Month.taxonomy:DayOfYear.sortedset:Date.sortedset:Month.sortedset:DayOfYear.taxonomy:RandomLabel.sortedset:RandomLabel.Lucene90.Lucene104.dvfields.nd10M -facets taxonomy:Date;Date -facets taxonomy:Month;Month -facets taxonomy:DayOfYear;DayOfYear -facets sortedset:Date;Date -facets sortedset:Month;Month -facets sortedset:DayOfYear;DayOfYear -facets taxonomy:RandomLabel;RandomLabel -facets sortedset:RandomLabel;RandomLabel -analyzer StandardAnalyzer -taskSource /home/goankur/vsearch/util/tasks/wikimedium.10M.nostopwords.tasks -numConcurrentQueries 5 -taskRepeatCount 20 -field body -tasksPerCat 1 -searchConcurrency -1 -staticSeed 137351 -seed -1378935 -similarity BM25Similarity -commit multi -hiliteImpl FastVectorHighlighter -log /home/goankur/vsearch/logs/FAG.armG.7 -topN 100 -context  -pk -pollute
      10.0 s
      217.8 actual sustained QPS; -1.0 CPU cores used

Report after iter 7:
QPSChart.supported == False
                            Task     P50 B     P50 C     Diff     P90 B     P90 C     Diff     P99 B     P99 C     Diff    P999 B    P999 C     Diff    P100 B    P100 C     Diff
           ('AndHighHigh', None)     1.617     2.062    27.6%     4.336     4.149    -4.3%     4.531     5.718    26.2%     4.531     5.718    26.2%    16.253    11.984   -26.3%
('AndHighHighDayTaxoFacets', None)    18.157    19.745     8.7%    37.349    27.373   -26.7%    64.037    70.227     9.7%    64.037    70.227     9.7%   162.557   136.934   -15.8%
            ('AndHighLow', None)     0.482     0.554    14.9%     1.584     2.137    34.9%     2.190     2.220     1.4%     2.190     2.220     1.4%     4.058     8.800   116.8%
            ('AndHighMed', None)     0.838     0.871     3.9%     3.093     6.597   113.3%     4.960     7.351    48.2%     4.960     7.351    48.2%     9.125    16.766    83.7%
('AndHighMedDayTaxoFacets', None)     5.422     5.485     1.2%     9.918    10.610     7.0%    15.777    14.064   -10.9%    15.777    14.064   -10.9%   338.792   323.958    -4.4%
     ('AndMissingHigh', 'Title')     0.332     0.290   -12.6%     0.855     0.992    15.9%     1.210     0.997   -17.6%     1.210     0.997   -17.6%     4.800     3.868   -19.4%
              ('BM25MSM2', None)    20.270    22.497    11.0%    38.524    49.644    28.9%    58.742    51.368   -12.6%    58.742    51.368   -12.6%   172.509   178.015     3.2%
  ('BrowseDateSSDVFacets', None)   366.529   393.200     7.3%   431.985   441.507     2.2%   494.392   461.376    -6.7%   494.392   461.376    -6.7%   714.402   941.458    31.8%
  ('BrowseDateTaxoFacets', None)    64.813    68.777     6.1%    77.245    79.733     3.2%    81.720    81.013    -0.9%    81.720    81.013    -0.9%    97.063    81.340   -16.2%
('BrowseDayOfYearSSDVFacets', None)    66.676    63.879    -4.2%    81.540    88.745     8.8%    82.366    89.455     8.6%    82.366    89.455     8.6%   464.111   386.874   -16.6%
('BrowseDayOfYearTaxoFacets', None)    69.964    67.765    -3.1%    79.221    79.894     0.8%    79.435    79.957     0.7%    79.435    79.957     0.7%   115.444   131.116    13.6%
 ('BrowseMonthSSDVFacets', None)    68.060    72.206     6.1%    79.339    89.631    13.0%    81.809    93.775    14.6%    81.809    93.775    14.6%   658.149   173.544   -73.6%
 ('BrowseMonthTaxoFacets', None)    22.951    28.437    23.9%    73.916    74.773     1.2%    77.405    88.899    14.8%    77.405    88.899    14.8%   294.046   179.031   -39.1%
('BrowseRandomLabelSSDVFacets', None)    92.276    88.660    -3.9%   149.552   135.733    -9.2%   157.116   166.785     6.2%   157.116   166.785     6.2%   346.435   516.243    49.0%
('BrowseRandomLabelTaxoFacets', None)    80.155    74.870    -6.6%    97.330    87.780    -9.8%   108.877    90.643   -16.7%   108.877    90.643   -16.7%   288.355   206.624   -28.3%
             ('ConstMSM2', None)     0.753     0.770     2.3%     1.356     8.869   553.9%     1.679    12.051   617.9%     1.679    12.051   617.9%    37.705    13.500   -64.2%
                ('Fuzzy1', None)    12.559    12.294    -2.1%    37.870    35.197    -7.1%    43.845    70.613    61.1%    43.845    70.613    61.1%   228.580   222.251    -2.8%
                ('Fuzzy2', None)    15.743    17.828    13.2%    21.350    20.886    -2.2%    45.405    57.267    26.1%    45.405    57.267    26.1%   128.694   102.396   -20.4%
  ('HighIntervalsOrdered', None)    16.762    14.711   -12.2%    27.809    23.801   -14.4%    33.790    30.700    -9.1%    33.790    30.700    -9.1%    38.351    60.200    57.0%
            ('HighPhrase', None)     5.234     4.104   -21.6%     7.843     8.068     2.9%     8.536     8.564     0.3%     8.536     8.564     0.3%    40.128    59.068    47.2%
      ('HighSloppyPhrase', None)    22.976    21.701    -5.5%    32.878    44.794    36.2%    33.718    68.656   103.6%    33.718    68.656   103.6%   157.421   138.482   -12.0%
          ('HighSpanNear', None)     7.819     7.360    -5.9%    15.913    14.034   -11.8%    24.191    38.032    57.2%    24.191    38.032    57.2%    59.328    39.206   -33.9%
              ('HighTerm', None)     1.646     1.602    -2.7%     4.346     2.101   -51.7%     4.830     3.468   -28.2%     4.830     3.468   -28.2%     6.231     7.845    25.9%
('HighTermDayOfYearSort', 'DayOfYear')     2.342     2.263    -3.4%     5.602     4.270   -23.8%    11.818     6.799   -42.5%    11.818     6.799   -42.5%    85.531    59.099   -30.9%
  ('HighTermMonthSort', 'Month')     0.669     0.621    -7.2%     1.359     1.203   -11.5%     4.848     2.210   -54.4%     4.848     2.210   -54.4%     5.445     6.286    15.4%
('HighTermTitleBDVSort', 'TitleBinary')    13.661    12.677    -7.2%    19.339    21.089     9.1%    20.061    44.760   123.1%    20.061    44.760   123.1%   106.665   104.082    -2.4%
  ('HighTermTitleSort', 'Title')     7.978     9.123    14.4%    18.212    16.012   -12.1%    49.910    32.113   -35.7%    49.910    32.113   -35.7%   106.470    94.972   -10.8%
                ('IntNRQ', None)     1.749     1.475   -15.7%     4.177     5.040    20.7%     6.901     6.086   -11.8%     6.901     6.086   -11.8%    38.423    50.670    31.9%
                ('IntSet', None)     1.607     1.459    -9.2%     5.611     9.985    78.0%    11.377    12.829    12.8%    11.377    12.829    12.8%    65.513    43.842   -33.1%
   ('LowIntervalsOrdered', None)     3.738     2.854   -23.7%     9.206     6.459   -29.8%    13.008    15.304    17.6%    13.008    15.304    17.6%    51.269    54.538     6.4%
             ('LowPhrase', None)     6.637     4.784   -27.9%     8.850     9.896    11.8%    26.284    27.869     6.0%    26.284    27.869     6.0%   242.269   218.716    -9.7%
       ('LowSloppyPhrase', None)    13.291    10.718   -19.4%    18.709    17.064    -8.8%    23.744    22.937    -3.4%    23.744    22.937    -3.4%    49.909    34.923   -30.0%
           ('LowSpanNear', None)     4.858     4.336   -10.7%     8.555     6.849   -19.9%    16.034    14.710    -8.3%    16.034    14.710    -8.3%    79.292    72.036    -9.2%
               ('LowTerm', None)     0.427     0.430     0.8%     0.944     0.927    -1.8%     1.387     6.404   361.9%     1.387     6.404   361.9%     4.216     7.792    84.8%
   ('MedIntervalsOrdered', None)     4.106     3.497   -14.8%     8.844     5.779   -34.7%    14.594     6.326   -56.7%    14.594     6.326   -56.7%    19.457    50.655   160.3%
             ('MedPhrase', None)     2.664     2.947    10.6%     6.538     9.087    39.0%     7.541     9.892    31.2%     7.541     9.892    31.2%    28.656    47.144    64.5%
       ('MedSloppyPhrase', None)    11.000    12.181    10.7%    26.088    20.520   -21.3%    29.517    22.879   -22.5%    29.517    22.879   -22.5%   220.000   164.167   -25.4%
           ('MedSpanNear', None)    12.953    11.386   -12.1%    17.312    14.550   -16.0%    19.251    17.117   -11.1%    19.251    17.117   -11.1%    52.379    44.382   -15.3%
               ('MedTerm', None)     0.728     0.638   -12.4%     1.626     1.873    15.2%     1.831     2.281    24.6%     1.831     2.281    24.6%    20.400     2.878   -85.9%
  ('MedTermDayTaxoFacets', None)    10.309    10.694     3.7%    14.637    18.565    26.8%    38.504    25.860   -32.8%    38.504    25.860   -32.8%    38.995    30.992   -20.5%
            ('OrHighHigh', None)     1.640     1.848    12.7%    11.271     4.376   -61.2%    12.286     7.021   -42.8%    12.286     7.021   -42.8%   208.326   197.414    -5.2%
             ('OrHighLow', None)     0.819     0.731   -10.8%     1.711     1.111   -35.0%     1.942     2.551    31.4%     1.942     2.551    31.4%     2.242     3.854    71.9%
             ('OrHighMed', None)     1.184     1.245     5.1%     1.833     2.439    33.1%     1.897     3.008    58.6%     1.897     3.008    58.6%     5.111     7.021    37.4%
('OrHighMedDayTaxoFacets', None)   139.672   148.503     6.3%   171.176   171.919     0.4%   192.110   330.553    72.1%   192.110   330.553    72.1%   784.885   804.983     2.6%
         ('OrHighNotHigh', None)     1.263     1.154    -8.6%     7.700     4.720   -38.7%    12.105     5.937   -51.0%    12.105     5.937   -51.0%    18.594    13.616   -26.8%
          ('OrHighNotLow', None)     1.147     1.052    -8.3%     2.845     3.172    11.5%     4.624     7.645    65.3%     4.624     7.645    65.3%    26.727    41.629    55.8%
          ('OrHighNotMed', None)     0.976     1.176    20.4%     2.589     4.167    60.9%     3.486    10.530   202.1%     3.486    10.530   202.1%     4.564    13.491   195.6%
         ('OrNotHighHigh', None)     1.232     1.230    -0.2%     3.232     2.426   -25.0%    15.233     2.800   -81.6%    15.233     2.800   -81.6%    20.108    16.997   -15.5%
          ('OrNotHighLow', None)     0.734     0.821    11.9%     2.181     4.840   121.9%     3.710     6.171    66.4%     3.710     6.171    66.4%    19.996    21.052     5.3%
          ('OrNotHighMed', None)     1.133     1.208     6.6%     3.323     3.567     7.3%     7.032     4.494   -36.1%     7.032     4.494   -36.1%     9.706    37.744   288.9%
                   ('PKLookup',)     4.664     4.407    -5.5%     6.427     7.709    19.9%    11.155    15.012    34.6%    11.155    15.012    34.6%    39.164    18.785   -52.0%
               ('Prefix3', None)     1.260     1.225    -2.8%     4.047     9.563   136.3%     7.506    16.244   116.4%     7.506    16.244   116.4%    18.307    25.288    38.1%
                    ('Respell',)    14.557    14.475    -0.6%    16.849    18.293     8.6%    40.039    33.549   -16.2%    40.039    33.549   -16.2%   122.504   126.579     3.3%
('TermDateTimeSort', 'DateTime')     2.208     2.636    19.4%     4.452     5.225    17.4%    12.357    21.658    75.3%    12.357    21.658    75.3%    83.649    68.285   -18.4%
              ('Wildcard', None)     1.465     1.517     3.5%     3.902     2.773   -29.0%     4.522     3.322   -26.5%     4.522     3.322   -26.5%    18.516    28.801    55.5%
                 ('range', None)     0.156     0.180    15.1%     0.527     0.517    -1.7%     0.626     0.587    -6.3%     0.626     0.587    -6.3%     1.229     0.592   -51.9%
                            Task    QPS armA      StdDev    QPS armG      StdDev                Pct diff p-value
           HighTermDayOfYearSort      493.54      (6.6%)      457.38     (10.9%)   -7.3% ( -23% -   10%) 0.105
                           range     6252.07     (10.2%)     5818.06      (6.9%)   -6.9% ( -21% -   11%) 0.110
           BrowseMonthTaxoFacets       37.95     (26.9%)       35.49     (25.9%)   -6.5% ( -46% -   63%) 0.624
                      AndHighLow     1922.94      (8.1%)     1838.94      (6.9%)   -4.4% ( -17% -   11%) 0.247
                         Respell       76.31      (4.2%)       73.08      (7.8%)   -4.2% ( -15% -    8%) 0.174
                      AndHighMed     1118.42      (8.6%)     1076.17      (8.1%)   -3.8% ( -18% -   14%) 0.366
                        PKLookup      216.76      (9.4%)      208.98     (12.1%)   -3.6% ( -22% -   19%) 0.506
                     AndHighHigh      629.18     (12.9%)      607.77     (12.5%)   -3.4% ( -25% -   25%) 0.593
                       ConstMSM2     1374.95      (5.8%)     1334.10      (3.4%)   -3.0% ( -11% -    6%) 0.211
                        Wildcard      710.91      (8.7%)      689.90      (8.4%)   -3.0% ( -18% -   15%) 0.490
            BrowseDateSSDVFacets        2.90      (4.6%)        2.82      (7.6%)   -2.7% ( -14% -    9%) 0.389
                          IntNRQ      692.40      (8.0%)      676.83      (9.5%)   -2.2% ( -18% -   16%) 0.608
                    OrNotHighLow     1518.93     (15.2%)     1487.67      (9.3%)   -2.1% ( -23% -   26%) 0.744
            BrowseDateTaxoFacets       14.87      (6.0%)       14.60      (7.5%)   -1.8% ( -14% -   12%) 0.590
                        HighTerm      646.76      (4.0%)      636.62      (3.6%)   -1.6% (  -8% -    6%) 0.412
                        BM25MSM2       48.35      (5.1%)       47.81      (4.7%)   -1.1% ( -10% -    9%) 0.652
               HighTermTitleSort      110.69     (12.1%)      109.61     (10.3%)   -1.0% ( -20% -   24%) 0.862
            HighIntervalsOrdered       60.47      (6.1%)       59.91      (7.6%)   -0.9% ( -13% -   13%) 0.788
                          IntSet      686.24     (12.1%)      680.04      (9.0%)   -0.9% ( -19% -   22%) 0.865
                    OrHighNotLow      866.63      (9.8%)      859.10     (15.3%)   -0.9% ( -23% -   26%) 0.892
     BrowseRandomLabelSSDVFacets       11.38      (2.7%)       11.29      (2.9%)   -0.7% (  -6% -    5%) 0.607
                         LowTerm     2399.66      (5.3%)     2384.57      (6.3%)   -0.6% ( -11% -   11%) 0.829
       BrowseDayOfYearTaxoFacets       15.34      (6.2%)       15.31      (4.0%)   -0.2% (  -9% -   10%) 0.933
             LowIntervalsOrdered      311.06     (13.7%)      311.89     (16.1%)    0.3% ( -25% -   34%) 0.972
       BrowseDayOfYearSSDVFacets       15.70      (6.7%)       15.79      (4.6%)    0.6% ( -10% -   12%) 0.834
             MedIntervalsOrdered      249.60      (7.0%)      251.35     (12.9%)    0.7% ( -17% -   22%) 0.893
         AndHighMedDayTaxoFacets      189.97      (3.7%)      191.93      (3.4%)    1.0% (  -5% -    8%) 0.563
     BrowseRandomLabelTaxoFacets       12.28      (6.4%)       12.43      (8.2%)    1.2% ( -12% -   16%) 0.744
            MedTermDayTaxoFacets       94.55      (7.3%)       95.74      (4.2%)    1.3% (  -9% -   13%) 0.670
                    OrNotHighMed      958.12     (10.7%)      970.68      (9.8%)    1.3% ( -17% -   24%) 0.799
                     LowSpanNear      212.17      (6.2%)      215.02      (9.5%)    1.3% ( -13% -   18%) 0.738
                    OrHighNotMed      970.53     (10.6%)      983.92      (5.9%)    1.4% ( -13% -   19%) 0.747
                      TermDTSort      452.74      (4.8%)      459.22      (4.1%)    1.4% (  -7% -   10%) 0.523
                HighSloppyPhrase       46.08      (4.1%)       46.78      (3.4%)    1.5% (  -5% -    9%) 0.420
                     MedSpanNear       90.65      (9.2%)       92.18      (8.5%)    1.7% ( -14% -   21%) 0.705
                    HighSpanNear      129.75      (4.8%)      132.03      (3.6%)    1.8% (  -6% -   10%) 0.405
                  AndMissingHigh     3591.19      (7.4%)     3655.10      (5.5%)    1.8% ( -10% -   15%) 0.586
                      OrHighHigh      625.10      (7.7%)      636.44      (5.3%)    1.8% ( -10% -   16%) 0.584
           BrowseMonthSSDVFacets       15.69      (3.5%)       15.98      (5.9%)    1.9% (  -7% -   11%) 0.443
                          Fuzzy2       60.98      (4.4%)       62.13      (6.5%)    1.9% (  -8% -   13%) 0.496
        AndHighHighDayTaxoFacets       55.11      (8.5%)       56.23      (5.5%)    2.0% ( -11% -   17%) 0.569
          OrHighMedDayTaxoFacets        7.43      (4.6%)        7.61      (6.2%)    2.4% (  -8% -   13%) 0.376
                       OrHighLow     1270.28     (11.7%)     1301.18      (7.7%)    2.4% ( -15% -   24%) 0.623
                         MedTerm     1517.75      (6.1%)     1557.33      (6.0%)    2.6% (  -9% -   15%) 0.391
                       MedPhrase      374.08     (10.4%)      385.11      (3.1%)    2.9% (  -9% -   18%) 0.440
                       OrHighMed      904.56      (9.2%)      933.14      (5.9%)    3.2% ( -10% -   20%) 0.414
            HighTermTitleBDVSort       81.58      (6.0%)       84.31      (4.3%)    3.3% (  -6% -   14%) 0.202
                      HighPhrase      233.54      (7.2%)      241.51      (3.7%)    3.4% (  -7% -   15%) 0.235
                 MedSloppyPhrase       92.00      (9.0%)       96.01      (5.8%)    4.4% (  -9% -   21%) 0.248
                       LowPhrase      191.32      (6.8%)      199.68      (5.1%)    4.4% (  -7% -   17%) 0.148
                   OrHighNotHigh      822.48      (8.0%)      868.67      (4.5%)    5.6% (  -6% -   19%) 0.084
                   OrNotHighHigh      797.96      (8.4%)      843.23      (5.0%)    5.7% (  -7% -   20%) 0.100
                 LowSloppyPhrase       91.02      (9.4%)       97.45      (1.8%)    7.1% (  -3% -   20%) 0.036
               HighTermMonthSort     1502.63      (6.6%)     1614.22      (7.4%)    7.4% (  -6% -   22%) 0.034
                         Prefix3      859.76     (10.1%)      938.12     (12.5%)    9.1% ( -12% -   35%) 0.110
                          Fuzzy1       82.47      (4.6%)       90.18      (8.6%)    9.3% (  -3% -   23%) 0.007
  iter 8
    armG:
      NOTE: using experimental CPU time profiler (see https://mostlynerdless.de/blog/2025/06/11/java-25s-new-cpu-time-profiler-1)
      log: /home/goankur/vsearch/logs/FAG.armG.8 + stdout
      run: /usr/bin/perf stat -dd -e task-clock,cycles,instructions,cache-references,cache-misses,L1-dcache-loads,L1-dcache-load-misses,L1-icache-loads,L1-icache-load-misses,LLC-loads,LLC-load-misses,LLC-stores,LLC-store-misses,LLC-prefetches,LLC-prefetch-misses,faults,minor-faults,major-faults,branches,branch-misses,stalled-cycles-frontend,stalled-cycles-backend /home/goankur/jdk/corretto-25/bin/java -server -Xms2g -Xmx2g --add-modules jdk.incubator.vector -XX:+HeapDumpOnOutOfMemoryError -XX:+UseParallelGC -XX:StartFlightRecording=jdk.CPUTimeSample#enabled=true,dumponexit=true,maxsize=250M,settings=/home/goankur/vsearch/util/src/python/profiling.jfc,filename=/home/goankur/vsearch/logs/bench-search-FAG-armG-8.jfr -XX:+UnlockDiagnosticVMOptions -XX:+DebugNonSafepoints -classpath /home/goankur/vsearch/bo/lucene-G/lucene/core/build/libs/lucene-core-11.0.0-SNAPSHOT.jar:/home/goankur/vsearch/bo/lucene-G/lucene/sandbox/build/classes/java/main:/home/goankur/vsearch/bo/lucene-G/lucene/misc/build/classes/java/main:/home/goankur/vsearch/bo/lucene-G/lucene/facet/build/classes/java/main:/home/goankur/vsearch/bo/lucene-G/lucene/analysis/common/build/classes/java/main:/home/goankur/vsearch/bo/lucene-G/lucene/analysis/icu/build/classes/java/main:/home/goankur/vsearch/bo/lucene-G/lucene/queryparser/build/classes/java/main:/home/goankur/vsearch/bo/lucene-G/lucene/grouping/build/classes/java/main:/home/goankur/vsearch/bo/lucene-G/lucene/suggest/build/classes/java/main:/home/goankur/vsearch/bo/lucene-G/lucene/highlighter/build/classes/java/main:/home/goankur/vsearch/bo/lucene-G/lucene/codecs/build/classes/java/main:/home/goankur/vsearch/bo/lucene-G/lucene/queries/build/classes/java/main:/home/goankur/vsearch/bo/lucene-G/lucene/join/build/classes/java/main:/home/goankur/vsearch/bo/lucene-G/lucene/spatial3d/build/classes/java/main:/home/goankur/vsearch/util/lib/HdrHistogram.jar:/home/goankur/vsearch/util/src/main/build/classes/java/main:/home/goankur/vsearch/util/build perf.SearchPerfTest -dirImpl MMapDirectory -indexPath /home/goankur/vsearch/indices/wikimedium10m.lucene-A.facets.taxonomy:Date.taxonomy:Month.taxonomy:DayOfYear.sortedset:Date.sortedset:Month.sortedset:DayOfYear.taxonomy:RandomLabel.sortedset:RandomLabel.Lucene90.Lucene104.dvfields.nd10M -facets taxonomy:Date;Date -facets taxonomy:Month;Month -facets taxonomy:DayOfYear;DayOfYear -facets sortedset:Date;Date -facets sortedset:Month;Month -facets sortedset:DayOfYear;DayOfYear -facets taxonomy:RandomLabel;RandomLabel -facets sortedset:RandomLabel;RandomLabel -analyzer StandardAnalyzer -taskSource /home/goankur/vsearch/util/tasks/wikimedium.10M.nostopwords.tasks -numConcurrentQueries 5 -taskRepeatCount 20 -field body -tasksPerCat 1 -searchConcurrency -1 -staticSeed 137351 -seed -744395 -similarity BM25Similarity -commit multi -hiliteImpl FastVectorHighlighter -log /home/goankur/vsearch/logs/FAG.armG.8 -topN 100 -context  -pk -pollute
      10.1 s
      211.6 actual sustained QPS; -1.0 CPU cores used
    armA:
      NOTE: using experimental CPU time profiler (see https://mostlynerdless.de/blog/2025/06/11/java-25s-new-cpu-time-profiler-1)
      log: /home/goankur/vsearch/logs/FAG.armA.8 + stdout
      run: /usr/bin/perf stat -dd -e task-clock,cycles,instructions,cache-references,cache-misses,L1-dcache-loads,L1-dcache-load-misses,L1-icache-loads,L1-icache-load-misses,LLC-loads,LLC-load-misses,LLC-stores,LLC-store-misses,LLC-prefetches,LLC-prefetch-misses,faults,minor-faults,major-faults,branches,branch-misses,stalled-cycles-frontend,stalled-cycles-backend /home/goankur/jdk/corretto-25/bin/java -server -Xms2g -Xmx2g --add-modules jdk.incubator.vector -XX:+HeapDumpOnOutOfMemoryError -XX:+UseParallelGC -XX:StartFlightRecording=jdk.CPUTimeSample#enabled=true,dumponexit=true,maxsize=250M,settings=/home/goankur/vsearch/util/src/python/profiling.jfc,filename=/home/goankur/vsearch/logs/bench-search-FAG-armA-8.jfr -XX:+UnlockDiagnosticVMOptions -XX:+DebugNonSafepoints -classpath /home/goankur/vsearch/bo/lucene-A/lucene/core/build/libs/lucene-core-11.0.0-SNAPSHOT.jar:/home/goankur/vsearch/bo/lucene-A/lucene/sandbox/build/classes/java/main:/home/goankur/vsearch/bo/lucene-A/lucene/misc/build/classes/java/main:/home/goankur/vsearch/bo/lucene-A/lucene/facet/build/classes/java/main:/home/goankur/vsearch/bo/lucene-A/lucene/analysis/common/build/classes/java/main:/home/goankur/vsearch/bo/lucene-A/lucene/analysis/icu/build/classes/java/main:/home/goankur/vsearch/bo/lucene-A/lucene/queryparser/build/classes/java/main:/home/goankur/vsearch/bo/lucene-A/lucene/grouping/build/classes/java/main:/home/goankur/vsearch/bo/lucene-A/lucene/suggest/build/classes/java/main:/home/goankur/vsearch/bo/lucene-A/lucene/highlighter/build/classes/java/main:/home/goankur/vsearch/bo/lucene-A/lucene/codecs/build/classes/java/main:/home/goankur/vsearch/bo/lucene-A/lucene/queries/build/classes/java/main:/home/goankur/vsearch/bo/lucene-A/lucene/join/build/classes/java/main:/home/goankur/vsearch/bo/lucene-A/lucene/spatial3d/build/classes/java/main:/home/goankur/vsearch/util/lib/HdrHistogram.jar:/home/goankur/vsearch/util/src/main/build/classes/java/main:/home/goankur/vsearch/util/build perf.SearchPerfTest -dirImpl MMapDirectory -indexPath /home/goankur/vsearch/indices/wikimedium10m.lucene-A.facets.taxonomy:Date.taxonomy:Month.taxonomy:DayOfYear.sortedset:Date.sortedset:Month.sortedset:DayOfYear.taxonomy:RandomLabel.sortedset:RandomLabel.Lucene90.Lucene104.dvfields.nd10M -facets taxonomy:Date;Date -facets taxonomy:Month;Month -facets taxonomy:DayOfYear;DayOfYear -facets sortedset:Date;Date -facets sortedset:Month;Month -facets sortedset:DayOfYear;DayOfYear -facets taxonomy:RandomLabel;RandomLabel -facets sortedset:RandomLabel;RandomLabel -analyzer StandardAnalyzer -taskSource /home/goankur/vsearch/util/tasks/wikimedium.10M.nostopwords.tasks -numConcurrentQueries 5 -taskRepeatCount 20 -field body -tasksPerCat 1 -searchConcurrency -1 -staticSeed 137351 -seed -744395 -similarity BM25Similarity -commit multi -hiliteImpl FastVectorHighlighter -log /home/goankur/vsearch/logs/FAG.armA.8 -topN 100 -context  -pk -pollute
      10.2 s
      214.5 actual sustained QPS; -1.0 CPU cores used

Report after iter 8:
QPSChart.supported == False
                            Task     P50 B     P50 C     Diff     P90 B     P90 C     Diff     P99 B     P99 C     Diff    P999 B    P999 C     Diff    P100 B    P100 C     Diff
           ('AndHighHigh', None)     1.571     1.449    -7.8%     4.586     4.126   -10.0%     5.687     7.127    25.3%     5.687     7.127    25.3%    38.637    13.641   -64.7%
('AndHighHighDayTaxoFacets', None)    19.818    17.531   -11.5%    26.997    26.087    -3.4%    33.023    27.147   -17.8%    33.023    27.147   -17.8%    71.973    71.738    -0.3%
            ('AndHighLow', None)     0.620     0.581    -6.3%     1.686     1.356   -19.6%     1.802     1.410   -21.7%     1.802     1.410   -21.7%     3.427     1.927   -43.8%
            ('AndHighMed', None)     0.848     0.963    13.5%     2.834     3.905    37.8%     3.013     7.189   138.6%     3.013     7.189   138.6%     7.711    12.028    56.0%
('AndHighMedDayTaxoFacets', None)     5.539     5.183    -6.4%    10.851     8.744   -19.4%    14.941     9.620   -35.6%    14.941     9.620   -35.6%   169.893   179.152     5.4%
     ('AndMissingHigh', 'Title')     0.280     0.284     1.3%     0.741     0.576   -22.3%     2.445     0.784   -68.0%     2.445     0.784   -68.0%     3.412     0.992   -70.9%
              ('BM25MSM2', None)    23.627    20.874   -11.7%    43.549    34.384   -21.0%    45.637    34.957   -23.4%    45.637    34.957   -23.4%   125.069   183.099    46.4%
  ('BrowseDateSSDVFacets', None)   387.681   405.975     4.7%   472.598   467.896    -1.0%   492.310   482.924    -1.9%   492.310   482.924    -1.9%   556.076   565.197     1.6%
  ('BrowseDateTaxoFacets', None)    68.760    68.374    -0.6%    82.896    78.349    -5.5%    85.455    79.115    -7.4%    85.455    79.115    -7.4%   140.476   155.574    10.7%
('BrowseDayOfYearSSDVFacets', None)    63.631    69.010     8.5%    94.310    85.146    -9.7%    96.818    95.884    -1.0%    96.818    95.884    -1.0%   120.041   137.938    14.9%
('BrowseDayOfYearTaxoFacets', None)    69.629    65.276    -6.3%    78.599    78.831     0.3%    79.707    80.305     0.8%    79.707    80.305     0.8%   127.270   134.758     5.9%
 ('BrowseMonthSSDVFacets', None)    61.257    67.964    10.9%    75.388    84.943    12.7%    76.880    86.416    12.4%    76.880    86.416    12.4%    77.296    91.348    18.2%
 ('BrowseMonthTaxoFacets', None)    26.418    25.935    -1.8%    76.074    75.221    -1.1%    80.404    78.673    -2.2%    80.404    78.673    -2.2%   244.383   330.494    35.2%
('BrowseRandomLabelSSDVFacets', None)    91.829    92.730     1.0%   118.865   117.133    -1.5%   129.366   167.184    29.2%   129.366   167.184    29.2%   164.520   174.840     6.3%
('BrowseRandomLabelTaxoFacets', None)    86.060    80.966    -5.9%    96.350    96.201    -0.2%   104.425   101.027    -3.3%   104.425   101.027    -3.3%   113.879   108.359    -4.8%
             ('ConstMSM2', None)     0.726     0.785     8.1%     3.052     1.539   -49.6%     6.035     1.567   -74.0%     6.035     1.567   -74.0%    15.614    16.523     5.8%
                ('Fuzzy1', None)    11.772    11.728    -0.4%    26.327    22.341   -15.1%    30.957    24.656   -20.4%    30.957    24.656   -20.4%   291.310   236.328   -18.9%
                ('Fuzzy2', None)    17.026    16.307    -4.2%    45.733    22.817   -50.1%    48.579    33.147   -31.8%    48.579    33.147   -31.8%    94.081   115.864    23.2%
  ('HighIntervalsOrdered', None)    18.099    18.358     1.4%    35.603    36.424     2.3%    57.410    61.103     6.4%    57.410    61.103     6.4%   132.910   206.883    55.7%
            ('HighPhrase', None)     4.250     3.864    -9.1%    10.405     7.000   -32.7%    53.258    21.153   -60.3%    53.258    21.153   -60.3%    82.298   115.649    40.5%
      ('HighSloppyPhrase', None)    22.426    23.636     5.4%    31.689    26.511   -16.3%    38.362    40.672     6.0%    38.362    40.672     6.0%    43.143    41.645    -3.5%
          ('HighSpanNear', None)     9.118     7.866   -13.7%    17.348    14.659   -15.5%    19.462    17.793    -8.6%    19.462    17.793    -8.6%    43.390    30.518   -29.7%
              ('HighTerm', None)     1.597     1.530    -4.2%     3.095     3.640    17.6%     3.655     4.324    18.3%     3.655     4.324    18.3%     7.457    10.090    35.3%
('HighTermDayOfYearSort', 'DayOfYear')     2.617     2.128   -18.7%     6.267     7.592    21.1%    12.016    14.772    22.9%    12.016    14.772    22.9%   109.302    44.590   -59.2%
  ('HighTermMonthSort', 'Month')     0.653     0.718    10.0%     2.372     2.029   -14.5%     2.426     3.440    41.8%     2.426     3.440    41.8%     8.377     7.475   -10.8%
('HighTermTitleBDVSort', 'TitleBinary')    14.612    11.198   -23.4%    26.539    20.510   -22.7%    31.978    22.643   -29.2%    31.978    22.643   -29.2%    98.494    34.616   -64.9%
  ('HighTermTitleSort', 'Title')    11.756    10.174   -13.5%    27.471    18.170   -33.9%    51.415    19.980   -61.1%    51.415    19.980   -61.1%    78.355    91.447    16.7%
                ('IntNRQ', None)     1.804     1.476   -18.2%     5.677     3.434   -39.5%     8.460     4.178   -50.6%     8.460     4.178   -50.6%    91.135    68.205   -25.2%
                ('IntSet', None)     1.572     1.461    -7.0%     5.978     5.207   -12.9%     6.010     6.306     4.9%     6.010     6.306     4.9%    52.852    71.844    35.9%
   ('LowIntervalsOrdered', None)     3.582     3.636     1.5%     6.223     4.932   -20.8%     6.367     7.203    13.1%     6.367     7.203    13.1%     7.019     7.864    12.0%
             ('LowPhrase', None)     4.846     5.533    14.2%     8.341    10.554    26.5%    21.777    17.748   -18.5%    21.777    17.748   -18.5%   274.566   274.804     0.1%
       ('LowSloppyPhrase', None)    11.015    12.229    11.0%    26.589    22.956   -13.7%    28.546    25.885    -9.3%    28.546    25.885    -9.3%    53.605    28.911   -46.1%
           ('LowSpanNear', None)     4.824     4.571    -5.3%    10.471    11.106     6.1%    16.393    11.520   -29.7%    16.393    11.520   -29.7%    93.907    60.397   -35.7%
               ('LowTerm', None)     0.439     0.444     1.1%     0.842     1.420    68.7%     0.846     1.627    92.2%     0.846     1.627    92.2%     1.570     3.243   106.6%
   ('MedIntervalsOrdered', None)     4.094     4.248     3.7%     7.707     8.279     7.4%    13.733    11.261   -18.0%    13.733    11.261   -18.0%   138.667   233.234    68.2%
             ('MedPhrase', None)     2.970     2.779    -6.4%     7.144     4.531   -36.6%     7.220     8.016    11.0%     7.220     8.016    11.0%    31.408    20.806   -33.8%
       ('MedSloppyPhrase', None)    11.033    12.342    11.9%    22.019    21.522    -2.3%    24.919    26.716     7.2%    24.919    26.716     7.2%    98.456    72.597   -26.3%
           ('MedSpanNear', None)    11.563    11.906     3.0%    16.030    13.266   -17.2%    16.568    14.649   -11.6%    16.568    14.649   -11.6%    16.971    16.979     0.0%
               ('MedTerm', None)     0.678     0.715     5.4%     1.565     1.995    27.5%     2.244     2.272     1.3%     2.244     2.272     1.3%     5.601     3.234   -42.3%
  ('MedTermDayTaxoFacets', None)    11.356    10.585    -6.8%    18.513    20.147     8.8%    45.190    33.416   -26.1%    45.190    33.416   -26.1%    45.782    50.496    10.3%
            ('OrHighHigh', None)     1.604     1.576    -1.7%     3.877     2.880   -25.7%     5.440     3.306   -39.2%     5.440     3.306   -39.2%   350.155   224.845   -35.8%
             ('OrHighLow', None)     0.816     0.870     6.7%     1.526     1.713    12.3%     2.244     2.096    -6.6%     2.244     2.096    -6.6%     3.073     3.225     5.0%
             ('OrHighMed', None)     1.000     0.988    -1.2%     3.386     1.762   -48.0%    11.419     6.289   -44.9%    11.419     6.289   -44.9%    14.826    18.029    21.6%
('OrHighMedDayTaxoFacets', None)   134.647   125.449    -6.8%   198.679   164.371   -17.3%   216.984   208.776    -3.8%   216.984   208.776    -3.8%   781.909   793.483     1.5%
         ('OrHighNotHigh', None)     1.276     1.184    -7.2%     7.507     3.044   -59.5%    33.821    15.324   -54.7%    33.821    15.324   -54.7%   209.056   182.136   -12.9%
          ('OrHighNotLow', None)     1.138     1.210     6.3%     3.226     3.247     0.7%     9.543    13.007    36.3%     9.543    13.007    36.3%    21.131    14.517   -31.3%
          ('OrHighNotMed', None)     0.973     1.057     8.5%     2.134     1.769   -17.1%     2.973     1.879   -36.8%     2.973     1.879   -36.8%     3.522     2.059   -41.5%
         ('OrNotHighHigh', None)     1.364     1.281    -6.1%     5.413     3.466   -36.0%     8.055    12.513    55.3%     8.055    12.513    55.3%     9.643    14.395    49.3%
          ('OrNotHighLow', None)     0.560     0.662    18.1%     1.934     2.132    10.2%    11.107     5.823   -47.6%    11.107     5.823   -47.6%   181.576   147.283   -18.9%
          ('OrNotHighMed', None)     1.038     1.118     7.7%     4.491     2.712   -39.6%     6.876     3.141   -54.3%     6.876     3.141   -54.3%    17.844     6.003   -66.4%
                   ('PKLookup',)     5.442     4.767   -12.4%    11.012    11.818     7.3%    21.481    13.116   -38.9%    21.481    13.116   -38.9%    31.982    72.485   126.6%
               ('Prefix3', None)     1.324     1.293    -2.4%     5.133     7.322    42.6%     5.557     9.207    65.7%     5.557     9.207    65.7%    10.522    18.388    74.8%
                    ('Respell',)    13.168    14.024     6.5%    27.146    19.512   -28.1%    27.253    21.189   -22.3%    27.253    21.189   -22.3%    70.686    56.267   -20.4%
('TermDateTimeSort', 'DateTime')     2.256     3.339    48.0%     7.454     7.361    -1.2%     8.267    10.592    28.1%     8.267    10.592    28.1%   174.632   135.772   -22.3%
              ('Wildcard', None)     1.460     1.507     3.2%     4.641     9.454   103.7%     6.535    14.111   115.9%     6.535    14.111   115.9%    77.198    98.875    28.1%
                 ('range', None)     0.148     0.163    10.0%     0.414     0.483    16.6%     0.467     0.555    18.8%     0.467     0.555    18.8%     0.753     0.579   -23.0%
                            Task    QPS armA      StdDev    QPS armG      StdDev                Pct diff p-value
           HighTermDayOfYearSort      491.93      (6.3%)      460.76     (10.4%)   -6.3% ( -21% -   11%) 0.119
           BrowseMonthTaxoFacets       38.08     (25.1%)       35.92     (24.3%)   -5.7% ( -44% -   58%) 0.626
                      AndHighMed     1132.34      (8.8%)     1077.45      (7.5%)   -4.8% ( -19% -   12%) 0.207
                       ConstMSM2     1380.13      (5.5%)     1329.65      (3.3%)   -3.7% ( -11% -    5%) 0.088
                           range     6365.60     (10.8%)     6134.08     (16.2%)   -3.6% ( -27% -   26%) 0.574
                      AndHighLow     1905.37      (8.1%)     1836.83      (6.6%)   -3.6% ( -16% -   12%) 0.302
                         Respell       76.53      (4.0%)       73.98      (8.1%)   -3.3% ( -14% -    9%) 0.265
                        PKLookup      216.17      (8.8%)      209.97     (11.4%)   -2.9% ( -21% -   19%) 0.550
                    OrNotHighLow     1551.85     (15.3%)     1510.08      (9.5%)   -2.7% ( -23% -   26%) 0.654
            BrowseDateSSDVFacets        2.87      (5.6%)        2.79      (7.8%)   -2.6% ( -15% -   11%) 0.422
                        Wildcard      709.32      (8.2%)      692.84      (7.9%)   -2.3% ( -17% -   15%) 0.542
                          IntNRQ      693.01      (7.5%)      679.09      (8.9%)   -2.0% ( -17% -   15%) 0.605
            HighIntervalsOrdered       60.56      (5.7%)       59.40      (7.6%)   -1.9% ( -14% -   12%) 0.542
                     AndHighHigh      630.18     (12.1%)      618.77     (12.8%)   -1.8% ( -23% -   26%) 0.758
            BrowseDateTaxoFacets       14.87      (5.6%)       14.65      (7.1%)   -1.5% ( -13% -   11%) 0.620
                        HighTerm      646.96      (3.7%)      639.09      (3.6%)   -1.2% (  -8% -    6%) 0.481
                         LowTerm     2413.12      (5.2%)     2384.57      (5.9%)   -1.2% ( -11% -   10%) 0.650
                        BM25MSM2       48.45      (4.8%)       47.89      (4.4%)   -1.2% (  -9% -    8%) 0.593
     BrowseRandomLabelSSDVFacets       11.33      (2.8%)       11.24      (3.1%)   -0.8% (  -6% -    5%) 0.545
             LowIntervalsOrdered      310.35     (12.9%)      309.48     (15.2%)   -0.3% ( -25% -   31%) 0.966
                    OrHighNotLow      873.06      (9.3%)      871.57     (14.8%)   -0.2% ( -22% -   26%) 0.977
                          IntSet      686.74     (11.3%)      686.01      (8.8%)   -0.1% ( -18% -   22%) 0.982
                    OrNotHighMed      966.68     (10.3%)      965.86      (9.2%)   -0.1% ( -17% -   21%) 0.985
               HighTermTitleSort      108.57     (12.9%)      108.75     (10.2%)    0.2% ( -20% -   26%) 0.976
       BrowseDayOfYearTaxoFacets       15.28      (5.9%)       15.32      (3.8%)    0.3% (  -8% -   10%) 0.909
       BrowseDayOfYearSSDVFacets       15.72      (6.3%)       15.76      (4.4%)    0.3% (  -9% -   11%) 0.905
           BrowseMonthSSDVFacets       15.80      (3.8%)       15.85      (6.0%)    0.3% (  -9% -   10%) 0.888
             MedIntervalsOrdered      249.31      (6.6%)      250.42     (12.2%)    0.4% ( -17% -   20%) 0.923
                HighSloppyPhrase       45.98      (3.9%)       46.30      (4.5%)    0.7% (  -7% -    9%) 0.728
                    OrHighNotMed      981.51     (10.3%)      989.39      (5.7%)    0.8% ( -13% -   18%) 0.838
                      TermDTSort      455.61      (4.8%)      459.63      (3.9%)    0.9% (  -7% -   10%) 0.669
                     MedSpanNear       91.18      (8.8%)       92.13      (7.9%)    1.0% ( -14% -   19%) 0.792
                  AndMissingHigh     3611.93      (7.1%)     3652.26      (5.1%)    1.1% ( -10% -   14%) 0.702
                          Fuzzy2       61.81      (5.7%)       62.60      (6.4%)    1.3% ( -10% -   14%) 0.656
                     LowSpanNear      212.66      (5.9%)      215.92      (9.0%)    1.5% ( -12% -   17%) 0.669
                    HighSpanNear      130.08      (4.5%)      132.09      (3.3%)    1.5% (  -6% -    9%) 0.410
         AndHighMedDayTaxoFacets      189.90      (3.5%)      192.96      (3.6%)    1.6% (  -5% -    8%) 0.332
     BrowseRandomLabelTaxoFacets       12.22      (6.2%)       12.44      (7.7%)    1.8% ( -11% -   16%) 0.585
            MedTermDayTaxoFacets       94.02      (7.0%)       95.74      (3.9%)    1.8% (  -8% -   13%) 0.495
                         MedTerm     1518.80      (5.7%)     1546.87      (6.0%)    1.8% (  -9% -   14%) 0.504
                       OrHighLow     1270.22     (10.9%)     1300.19      (7.2%)    2.4% ( -14% -   22%) 0.588
                      OrHighHigh      626.17      (7.2%)      641.31      (5.5%)    2.4% (  -9% -   16%) 0.424
                       LowPhrase      193.20      (7.0%)      198.58      (5.1%)    2.8% (  -8% -   15%) 0.332
          OrHighMedDayTaxoFacets        7.45      (4.4%)        7.66      (6.2%)    2.9% (  -7% -   14%) 0.258
                       OrHighMed      917.25      (9.5%)      944.77      (6.6%)    3.0% ( -11% -   21%) 0.436
                 MedSloppyPhrase       92.02      (8.4%)       95.02      (6.3%)    3.3% ( -10% -   19%) 0.352
                       MedPhrase      372.89      (9.8%)      386.05      (3.0%)    3.5% (  -8% -   18%) 0.300
                      HighPhrase      235.18      (7.0%)      243.49      (4.3%)    3.5% (  -7% -   15%) 0.198
        AndHighHighDayTaxoFacets       54.69      (8.3%)       57.09      (7.0%)    4.4% ( -10% -   21%) 0.226
            HighTermTitleBDVSort       81.18      (5.9%)       85.09      (5.0%)    4.8% (  -5% -   16%) 0.060
                   OrHighNotHigh      825.02      (7.5%)      867.28      (4.2%)    5.1% (  -6% -   18%) 0.075
                 LowSloppyPhrase       91.43      (8.8%)       96.23      (4.3%)    5.2% (  -7% -   20%) 0.109
                   OrNotHighHigh      795.64      (7.9%)      839.16      (4.9%)    5.5% (  -6% -   19%) 0.078
               HighTermMonthSort     1508.72      (6.2%)     1598.21      (7.6%)    5.9% (  -7% -   21%) 0.070
                         Prefix3      862.42      (9.5%)      930.21     (12.0%)    7.9% ( -12% -   32%) 0.124
                          Fuzzy1       83.22      (5.1%)       90.11      (8.0%)    8.3% (  -4% -   22%) 0.008
  iter 9
    armA:
      NOTE: using experimental CPU time profiler (see https://mostlynerdless.de/blog/2025/06/11/java-25s-new-cpu-time-profiler-1)
      log: /home/goankur/vsearch/logs/FAG.armA.9 + stdout
      run: /usr/bin/perf stat -dd -e task-clock,cycles,instructions,cache-references,cache-misses,L1-dcache-loads,L1-dcache-load-misses,L1-icache-loads,L1-icache-load-misses,LLC-loads,LLC-load-misses,LLC-stores,LLC-store-misses,LLC-prefetches,LLC-prefetch-misses,faults,minor-faults,major-faults,branches,branch-misses,stalled-cycles-frontend,stalled-cycles-backend /home/goankur/jdk/corretto-25/bin/java -server -Xms2g -Xmx2g --add-modules jdk.incubator.vector -XX:+HeapDumpOnOutOfMemoryError -XX:+UseParallelGC -XX:StartFlightRecording=jdk.CPUTimeSample#enabled=true,dumponexit=true,maxsize=250M,settings=/home/goankur/vsearch/util/src/python/profiling.jfc,filename=/home/goankur/vsearch/logs/bench-search-FAG-armA-9.jfr -XX:+UnlockDiagnosticVMOptions -XX:+DebugNonSafepoints -classpath /home/goankur/vsearch/bo/lucene-A/lucene/core/build/libs/lucene-core-11.0.0-SNAPSHOT.jar:/home/goankur/vsearch/bo/lucene-A/lucene/sandbox/build/classes/java/main:/home/goankur/vsearch/bo/lucene-A/lucene/misc/build/classes/java/main:/home/goankur/vsearch/bo/lucene-A/lucene/facet/build/classes/java/main:/home/goankur/vsearch/bo/lucene-A/lucene/analysis/common/build/classes/java/main:/home/goankur/vsearch/bo/lucene-A/lucene/analysis/icu/build/classes/java/main:/home/goankur/vsearch/bo/lucene-A/lucene/queryparser/build/classes/java/main:/home/goankur/vsearch/bo/lucene-A/lucene/grouping/build/classes/java/main:/home/goankur/vsearch/bo/lucene-A/lucene/suggest/build/classes/java/main:/home/goankur/vsearch/bo/lucene-A/lucene/highlighter/build/classes/java/main:/home/goankur/vsearch/bo/lucene-A/lucene/codecs/build/classes/java/main:/home/goankur/vsearch/bo/lucene-A/lucene/queries/build/classes/java/main:/home/goankur/vsearch/bo/lucene-A/lucene/join/build/classes/java/main:/home/goankur/vsearch/bo/lucene-A/lucene/spatial3d/build/classes/java/main:/home/goankur/vsearch/util/lib/HdrHistogram.jar:/home/goankur/vsearch/util/src/main/build/classes/java/main:/home/goankur/vsearch/util/build perf.SearchPerfTest -dirImpl MMapDirectory -indexPath /home/goankur/vsearch/indices/wikimedium10m.lucene-A.facets.taxonomy:Date.taxonomy:Month.taxonomy:DayOfYear.sortedset:Date.sortedset:Month.sortedset:DayOfYear.taxonomy:RandomLabel.sortedset:RandomLabel.Lucene90.Lucene104.dvfields.nd10M -facets taxonomy:Date;Date -facets taxonomy:Month;Month -facets taxonomy:DayOfYear;DayOfYear -facets sortedset:Date;Date -facets sortedset:Month;Month -facets sortedset:DayOfYear;DayOfYear -facets taxonomy:RandomLabel;RandomLabel -facets sortedset:RandomLabel;RandomLabel -analyzer StandardAnalyzer -taskSource /home/goankur/vsearch/util/tasks/wikimedium.10M.nostopwords.tasks -numConcurrentQueries 5 -taskRepeatCount 20 -field body -tasksPerCat 1 -searchConcurrency -1 -staticSeed 137351 -seed -2938119 -similarity BM25Similarity -commit multi -hiliteImpl FastVectorHighlighter -log /home/goankur/vsearch/logs/FAG.armA.9 -topN 100 -context  -pk -pollute
      10.1 s
      215.1 actual sustained QPS; -1.0 CPU cores used
    armG:
      NOTE: using experimental CPU time profiler (see https://mostlynerdless.de/blog/2025/06/11/java-25s-new-cpu-time-profiler-1)
      log: /home/goankur/vsearch/logs/FAG.armG.9 + stdout
      run: /usr/bin/perf stat -dd -e task-clock,cycles,instructions,cache-references,cache-misses,L1-dcache-loads,L1-dcache-load-misses,L1-icache-loads,L1-icache-load-misses,LLC-loads,LLC-load-misses,LLC-stores,LLC-store-misses,LLC-prefetches,LLC-prefetch-misses,faults,minor-faults,major-faults,branches,branch-misses,stalled-cycles-frontend,stalled-cycles-backend /home/goankur/jdk/corretto-25/bin/java -server -Xms2g -Xmx2g --add-modules jdk.incubator.vector -XX:+HeapDumpOnOutOfMemoryError -XX:+UseParallelGC -XX:StartFlightRecording=jdk.CPUTimeSample#enabled=true,dumponexit=true,maxsize=250M,settings=/home/goankur/vsearch/util/src/python/profiling.jfc,filename=/home/goankur/vsearch/logs/bench-search-FAG-armG-9.jfr -XX:+UnlockDiagnosticVMOptions -XX:+DebugNonSafepoints -classpath /home/goankur/vsearch/bo/lucene-G/lucene/core/build/libs/lucene-core-11.0.0-SNAPSHOT.jar:/home/goankur/vsearch/bo/lucene-G/lucene/sandbox/build/classes/java/main:/home/goankur/vsearch/bo/lucene-G/lucene/misc/build/classes/java/main:/home/goankur/vsearch/bo/lucene-G/lucene/facet/build/classes/java/main:/home/goankur/vsearch/bo/lucene-G/lucene/analysis/common/build/classes/java/main:/home/goankur/vsearch/bo/lucene-G/lucene/analysis/icu/build/classes/java/main:/home/goankur/vsearch/bo/lucene-G/lucene/queryparser/build/classes/java/main:/home/goankur/vsearch/bo/lucene-G/lucene/grouping/build/classes/java/main:/home/goankur/vsearch/bo/lucene-G/lucene/suggest/build/classes/java/main:/home/goankur/vsearch/bo/lucene-G/lucene/highlighter/build/classes/java/main:/home/goankur/vsearch/bo/lucene-G/lucene/codecs/build/classes/java/main:/home/goankur/vsearch/bo/lucene-G/lucene/queries/build/classes/java/main:/home/goankur/vsearch/bo/lucene-G/lucene/join/build/classes/java/main:/home/goankur/vsearch/bo/lucene-G/lucene/spatial3d/build/classes/java/main:/home/goankur/vsearch/util/lib/HdrHistogram.jar:/home/goankur/vsearch/util/src/main/build/classes/java/main:/home/goankur/vsearch/util/build perf.SearchPerfTest -dirImpl MMapDirectory -indexPath /home/goankur/vsearch/indices/wikimedium10m.lucene-A.facets.taxonomy:Date.taxonomy:Month.taxonomy:DayOfYear.sortedset:Date.sortedset:Month.sortedset:DayOfYear.taxonomy:RandomLabel.sortedset:RandomLabel.Lucene90.Lucene104.dvfields.nd10M -facets taxonomy:Date;Date -facets taxonomy:Month;Month -facets taxonomy:DayOfYear;DayOfYear -facets sortedset:Date;Date -facets sortedset:Month;Month -facets sortedset:DayOfYear;DayOfYear -facets taxonomy:RandomLabel;RandomLabel -facets sortedset:RandomLabel;RandomLabel -analyzer StandardAnalyzer -taskSource /home/goankur/vsearch/util/tasks/wikimedium.10M.nostopwords.tasks -numConcurrentQueries 5 -taskRepeatCount 20 -field body -tasksPerCat 1 -searchConcurrency -1 -staticSeed 137351 -seed -2938119 -similarity BM25Similarity -commit multi -hiliteImpl FastVectorHighlighter -log /home/goankur/vsearch/logs/FAG.armG.9 -topN 100 -context  -pk -pollute
      9.9 s
      227.1 actual sustained QPS; -1.0 CPU cores used

Report after iter 9:
QPSChart.supported == False
                            Task     P50 B     P50 C     Diff     P90 B     P90 C     Diff     P99 B     P99 C     Diff    P999 B    P999 C     Diff    P100 B    P100 C     Diff
           ('AndHighHigh', None)     2.091     1.505   -28.0%     6.900     3.674   -46.8%     7.059     5.094   -27.8%     7.059     5.094   -27.8%   136.071   195.972    44.0%
('AndHighHighDayTaxoFacets', None)    21.592    19.642    -9.0%    32.311    27.173   -15.9%    39.071    28.311   -27.5%    39.071    28.311   -27.5%    70.782    74.747     5.6%
            ('AndHighLow', None)     0.547     0.562     2.9%     1.697     1.243   -26.8%     2.691     1.339   -50.3%     2.691     1.339   -50.3%     6.976     3.206   -54.0%
            ('AndHighMed', None)     0.936     0.969     3.5%     3.239     2.690   -16.9%     5.457     3.265   -40.2%     5.457     3.265   -40.2%     7.497     4.670   -37.7%
('AndHighMedDayTaxoFacets', None)     5.083     5.242     3.1%    13.306    10.946   -17.7%    17.544    13.688   -22.0%    17.544    13.688   -22.0%    52.621    80.668    53.3%
     ('AndMissingHigh', 'Title')     0.275     0.262    -4.5%     0.548     0.720    31.5%     0.663     0.767    15.7%     0.663     0.767    15.7%     1.298     0.820   -36.8%
              ('BM25MSM2', None)    20.629    21.729     5.3%    34.810    33.429    -4.0%    36.244    36.515     0.7%    36.244    36.515     0.7%   204.922   271.648    32.6%
  ('BrowseDateSSDVFacets', None)   372.232   343.369    -7.8%   471.168   398.314   -15.5%   488.118   402.048   -17.6%   488.118   402.048   -17.6%   597.487   501.446   -16.1%
  ('BrowseDateTaxoFacets', None)    62.057    63.403     2.2%    77.943    74.231    -4.8%    78.855    78.766    -0.1%    78.855    78.766    -0.1%   118.458    84.061   -29.0%
('BrowseDayOfYearSSDVFacets', None)    62.327    72.574    16.4%    99.560    82.610   -17.0%   100.009    83.200   -16.8%   100.009    83.200   -16.8%   106.534    94.062   -11.7%
('BrowseDayOfYearTaxoFacets', None)    61.843    62.112     0.4%    76.284    76.184    -0.1%    76.471    76.342    -0.2%    76.471    76.342    -0.2%    83.258    80.750    -3.0%
 ('BrowseMonthSSDVFacets', None)    51.179    67.425    31.7%    54.353    78.259    44.0%    56.499    79.915    41.4%    56.499    79.915    41.4%   318.134   457.309    43.7%
 ('BrowseMonthTaxoFacets', None)    25.681    28.464    10.8%    77.810    73.977    -4.9%    77.811    77.494    -0.4%    77.811    77.494    -0.4%   114.795   106.554    -7.2%
('BrowseRandomLabelSSDVFacets', None)    96.604    90.791    -6.0%   175.766   125.519   -28.6%   184.288   156.089   -15.3%   184.288   156.089   -15.3%   229.589   274.241    19.4%
('BrowseRandomLabelTaxoFacets', None)    82.492    77.351    -6.2%    94.061    89.062    -5.3%   131.426    96.031   -26.9%   131.426    96.031   -26.9%   171.253   149.196   -12.9%
             ('ConstMSM2', None)     0.775     0.758    -2.2%     1.539     1.273   -17.3%     2.298     4.637   101.8%     2.298     4.637   101.8%    11.120    10.041    -9.7%
                ('Fuzzy1', None)    11.977    11.509    -3.9%    28.994    19.710   -32.0%    73.394    46.095   -37.2%    73.394    46.095   -37.2%    81.752    62.334   -23.8%
                ('Fuzzy2', None)    16.606    16.231    -2.3%    36.235    25.113   -30.7%    48.559    33.370   -31.3%    48.559    33.370   -31.3%   101.641    82.758   -18.6%
  ('HighIntervalsOrdered', None)    14.383    17.354    20.7%    26.777    32.772    22.4%    29.213    33.830    15.8%    29.213    33.830    15.8%   312.355   295.553    -5.4%
            ('HighPhrase', None)     4.776     4.531    -5.1%    10.389    15.397    48.2%    11.036    15.583    41.2%    11.036    15.583    41.2%    12.540    15.609    24.5%
      ('HighSloppyPhrase', None)    22.264    22.014    -1.1%    31.978    26.988   -15.6%    59.970    30.418   -49.3%    59.970    30.418   -49.3%   307.736   296.076    -3.8%
          ('HighSpanNear', None)     7.277     7.556     3.8%    13.894    15.276     9.9%    38.210    17.328   -54.6%    38.210    17.328   -54.6%    64.909    19.410   -70.1%
              ('HighTerm', None)     1.604     1.571    -2.1%     2.798     2.049   -26.8%    14.413     3.543   -75.4%    14.413     3.543   -75.4%    35.930    19.557   -45.6%
('HighTermDayOfYearSort', 'DayOfYear')     2.514     2.078   -17.4%     7.237     8.383    15.8%    19.091    17.668    -7.5%    19.091    17.668    -7.5%   145.800   163.750    12.3%
  ('HighTermMonthSort', 'Month')     0.685     0.666    -2.8%     4.246     1.931   -54.5%     6.468     2.530   -60.9%     6.468     2.530   -60.9%    59.429    79.911    34.5%
('HighTermTitleBDVSort', 'TitleBinary')    10.854    11.195     3.1%    20.797    23.198    11.5%    20.837    23.767    14.1%    20.837    23.767    14.1%    55.849    48.419   -13.3%
  ('HighTermTitleSort', 'Title')    11.832    10.447   -11.7%    16.959    19.623    15.7%    46.751    23.695   -49.3%    46.751    23.695   -49.3%    99.985    97.335    -2.7%
                ('IntNRQ', None)     1.431     1.511     5.6%     4.003     3.212   -19.8%     5.587     3.606   -35.5%     5.587     3.606   -35.5%    66.629    78.921    18.4%
                ('IntSet', None)     1.345     1.385     3.0%     9.697     4.424   -54.4%    16.610    16.405    -1.2%    16.610    16.405    -1.2%    23.918    24.931     4.2%
   ('LowIntervalsOrdered', None)     3.350     3.803    13.5%     5.060     5.174     2.2%     6.805     6.712    -1.4%     6.805     6.712    -1.4%    10.062     7.400   -26.5%
             ('LowPhrase', None)     4.768     6.159    29.2%    11.772    10.375   -11.9%    28.091    10.840   -61.4%    28.091    10.840   -61.4%   217.978   247.320    13.5%
       ('LowSloppyPhrase', None)    10.735    10.266    -4.4%    21.019    16.598   -21.0%    21.816    19.098   -12.5%    21.816    19.098   -12.5%    24.093    22.408    -7.0%
           ('LowSpanNear', None)     5.962     7.261    21.8%    16.345    13.085   -19.9%    20.260    15.047   -25.7%    20.260    15.047   -25.7%    27.125    16.828   -38.0%
               ('LowTerm', None)     0.449     0.430    -4.3%     1.295     0.993   -23.3%     3.689     1.723   -53.3%     3.689     1.723   -53.3%     4.107     9.693   136.0%
   ('MedIntervalsOrdered', None)     3.789     4.568    20.6%     7.864     6.443   -18.1%     8.857     7.399   -16.5%     8.857     7.399   -16.5%    43.226     7.750   -82.1%
             ('MedPhrase', None)     2.453     2.615     6.6%     7.350     4.181   -43.1%     7.992     8.086     1.2%     7.992     8.086     1.2%    19.404     9.065   -53.3%
       ('MedSloppyPhrase', None)    10.914    11.559     5.9%    21.011    20.426    -2.8%    22.415    20.931    -6.6%    22.415    20.931    -6.6%    52.515    23.897   -54.5%
           ('MedSpanNear', None)    10.499     8.886   -15.4%    14.642    16.236    10.9%    17.506    26.840    53.3%    17.506    26.840    53.3%    97.480    57.822   -40.7%
               ('MedTerm', None)     0.670     0.681     1.6%     6.296     2.119   -66.3%     7.256     2.413   -66.7%     7.256     2.413   -66.7%     7.550     3.129   -58.6%
  ('MedTermDayTaxoFacets', None)    13.121    10.530   -19.7%    17.048    16.206    -4.9%    47.896    18.335   -61.7%    47.896    18.335   -61.7%    48.299    41.382   -14.3%
            ('OrHighHigh', None)     1.614     1.902    17.8%     4.875     6.772    38.9%     9.689     9.546    -1.5%     9.689     9.546    -1.5%    47.446    72.981    53.8%
             ('OrHighLow', None)     0.692     0.769    11.2%     1.667     2.233    33.9%     4.154     2.812   -32.3%     4.154     2.812   -32.3%    66.330   144.075   117.2%
             ('OrHighMed', None)     0.993     1.215    22.3%     2.138     2.032    -5.0%     2.441     2.724    11.6%     2.441     2.724    11.6%     4.737     3.014   -36.4%
('OrHighMedDayTaxoFacets', None)   123.580   141.202    14.3%   157.634   168.756     7.1%   419.373   168.820   -59.7%   419.373   168.820   -59.7%   788.508   967.179    22.7%
         ('OrHighNotHigh', None)     1.262     1.179    -6.6%     4.625     5.126    10.8%     4.913    12.469   153.8%     4.913    12.469   153.8%    11.879    15.048    26.7%
          ('OrHighNotLow', None)     1.157     1.049    -9.4%     2.805     4.361    55.5%     8.707     4.748   -45.5%     8.707     4.748   -45.5%    15.424    10.870   -29.5%
          ('OrHighNotMed', None)     1.133     1.158     2.2%     2.892    14.404   398.2%     3.156    14.411   356.7%     3.156    14.411   356.7%     4.110    16.129   292.4%
         ('OrNotHighHigh', None)     1.342     1.380     2.8%     4.771     4.759    -0.3%     8.439     6.766   -19.8%     8.439     6.766   -19.8%    80.001    47.807   -40.2%
          ('OrNotHighLow', None)     0.706     0.718     1.8%     1.547     1.780    15.1%     2.068     1.894    -8.4%     2.068     1.894    -8.4%    13.778    25.558    85.5%
          ('OrNotHighMed', None)     1.036     1.056     2.0%     2.283     2.243    -1.7%     3.120     4.596    47.3%     3.120     4.596    47.3%     5.065     7.887    55.7%
                   ('PKLookup',)     4.288     4.588     7.0%     8.290     6.012   -27.5%     9.799     7.270   -25.8%     9.799     7.270   -25.8%    46.253    74.822    61.8%
               ('Prefix3', None)     1.137     1.636    43.9%     4.947     4.124   -16.6%     7.230    10.150    40.4%     7.230    10.150    40.4%    80.066    78.296    -2.2%
                    ('Respell',)    15.290    13.323   -12.9%    32.102    23.855   -25.7%    42.877    40.712    -5.0%    42.877    40.712    -5.0%   205.754   122.483   -40.5%
('TermDateTimeSort', 'DateTime')     2.686     2.361   -12.1%     5.290     7.073    33.7%     9.731     7.154   -26.5%     9.731     7.154   -26.5%   143.821   162.378    12.9%
              ('Wildcard', None)     1.552     1.550    -0.1%     9.052     3.452   -61.9%    10.374     4.969   -52.1%    10.374     4.969   -52.1%    12.355     7.730   -37.4%
                 ('range', None)     0.163     0.162    -0.4%     0.663     0.495   -25.5%     0.674     0.521   -22.8%     0.674     0.521   -22.8%     0.827     0.727   -12.0%
                            Task    QPS armA      StdDev    QPS armG      StdDev                Pct diff p-value
           BrowseMonthTaxoFacets       38.55     (23.7%)       36.33     (22.9%)   -5.8% ( -42% -   53%) 0.581
                      AndHighMed     1134.20      (8.3%)     1083.35      (7.2%)   -4.5% ( -18% -   12%) 0.197
                      AndHighLow     1908.75      (7.7%)     1834.32      (6.2%)   -3.9% ( -16% -   10%) 0.211
                    OrNotHighLow     1563.12     (14.5%)     1507.79      (8.9%)   -3.5% ( -23% -   23%) 0.511
                           range     6390.93     (10.2%)     6165.97     (15.3%)   -3.5% ( -26% -   24%) 0.544
            HighIntervalsOrdered       61.49      (7.1%)       59.33      (7.0%)   -3.5% ( -16% -   11%) 0.267
           HighTermDayOfYearSort      487.08      (6.8%)      470.07     (11.6%)   -3.5% ( -20% -   16%) 0.412
                        PKLookup      218.66      (9.0%)      211.40     (10.8%)   -3.3% ( -21% -   18%) 0.455
           BrowseMonthSSDVFacets       16.21      (8.7%)       15.79      (5.7%)   -2.6% ( -15% -   12%) 0.432
                        Wildcard      708.49      (7.8%)      691.10      (7.5%)   -2.5% ( -16% -   13%) 0.473
                       ConstMSM2     1372.94      (5.5%)     1340.97      (4.1%)   -2.3% ( -11% -    7%) 0.282
                          IntNRQ      695.39      (7.1%)      680.76      (8.4%)   -2.1% ( -16% -   14%) 0.546
                     LowSpanNear      213.52      (5.6%)      209.46     (12.8%)   -1.9% ( -19% -   17%) 0.667
            BrowseDateTaxoFacets       15.01      (6.0%)       14.74      (6.9%)   -1.8% ( -13% -   11%) 0.532
                         Respell       75.85      (4.7%)       74.56      (8.0%)   -1.7% ( -13% -   11%) 0.563
       BrowseDayOfYearSSDVFacets       15.85      (6.5%)       15.58      (5.5%)   -1.7% ( -12% -   10%) 0.526
             MedIntervalsOrdered      251.58      (6.8%)      247.53     (11.9%)   -1.6% ( -19% -   18%) 0.710
             LowIntervalsOrdered      309.87     (12.2%)      304.88     (15.1%)   -1.6% ( -25% -   29%) 0.793
            BrowseDateSSDVFacets        2.86      (5.5%)        2.81      (7.6%)   -1.6% ( -13% -   12%) 0.597
                        BM25MSM2       48.53      (4.5%)       47.79      (4.2%)   -1.5% (  -9% -    7%) 0.437
                        HighTerm      647.66      (3.5%)      639.09      (3.4%)   -1.3% (  -7% -    5%) 0.392
                          IntSet      694.86     (11.2%)      690.56      (8.4%)   -0.6% ( -18% -   21%) 0.889
     BrowseRandomLabelSSDVFacets       11.30      (2.8%)       11.25      (2.9%)   -0.5% (  -5% -    5%) 0.724
                         LowTerm     2398.44      (5.3%)     2388.18      (5.6%)   -0.4% ( -10% -   11%) 0.860
       BrowseDayOfYearTaxoFacets       15.38      (5.9%)       15.39      (3.8%)    0.1% (  -9% -   10%) 0.970
                    OrHighNotMed      978.81      (9.8%)      980.20      (6.1%)    0.1% ( -14% -   17%) 0.969
                    OrNotHighMed      970.14      (9.7%)      972.74      (9.0%)    0.3% ( -16% -   20%) 0.949
                    OrHighNotLow      878.43      (8.9%)      882.61     (14.5%)    0.5% ( -21% -   26%) 0.929
               HighTermTitleSort      107.15     (13.0%)      107.73     (10.1%)    0.5% ( -20% -   27%) 0.917
                HighSloppyPhrase       45.90      (3.7%)       46.23      (4.2%)    0.7% (  -7% -    9%) 0.693
                       LowPhrase      195.02      (7.1%)      196.57      (5.7%)    0.8% ( -11% -   14%) 0.784
                      OrHighHigh      631.14      (7.2%)      636.80      (5.6%)    0.9% ( -11% -   14%) 0.756
                      TermDTSort      452.60      (5.1%)      457.31      (4.0%)    1.0% (  -7% -   10%) 0.610
                    HighSpanNear      130.86      (4.6%)      132.32      (3.2%)    1.1% (  -6% -    9%) 0.530
                  AndMissingHigh     3634.07      (6.9%)     3676.24      (5.2%)    1.2% ( -10% -   14%) 0.673
         AndHighMedDayTaxoFacets      190.80      (3.6%)      193.03      (3.4%)    1.2% (  -5% -    8%) 0.451
                       OrHighLow     1289.30     (11.2%)     1304.94      (6.8%)    1.2% ( -15% -   21%) 0.769
                     AndHighHigh      616.79     (13.5%)      624.37     (12.7%)    1.2% ( -21% -   31%) 0.834
          OrHighMedDayTaxoFacets        7.52      (5.0%)        7.62      (6.0%)    1.4% (  -9% -   13%) 0.580
                       OrHighMed      928.19      (9.6%)      944.92      (6.2%)    1.8% ( -12% -   19%) 0.617
                          Fuzzy2       62.05      (5.5%)       63.18      (6.7%)    1.8% (  -9% -   14%) 0.507
     BrowseRandomLabelTaxoFacets       12.27      (6.0%)       12.49      (7.4%)    1.8% ( -10% -   16%) 0.541
                         MedTerm     1522.77      (5.5%)     1550.76      (5.7%)    1.8% (  -8% -   13%) 0.462
                     MedSpanNear       92.84      (9.9%)       94.58     (11.1%)    1.9% ( -17% -   25%) 0.691
            MedTermDayTaxoFacets       94.07      (6.6%)       95.96      (3.8%)    2.0% (  -7% -   13%) 0.404
                       MedPhrase      377.44      (9.9%)      387.10      (2.9%)    2.6% (  -9% -   17%) 0.431
                 MedSloppyPhrase       92.05      (7.9%)       94.58      (6.1%)    2.7% ( -10% -   18%) 0.387
                         Prefix3      871.03      (9.4%)      900.92     (15.4%)    3.4% ( -19% -   31%) 0.548
                      HighPhrase      234.47      (6.7%)      242.86      (4.1%)    3.6% (  -6% -   15%) 0.152
            HighTermTitleBDVSort       82.40      (7.2%)       85.61      (5.0%)    3.9% (  -7% -   17%) 0.160
        AndHighHighDayTaxoFacets       54.12      (8.6%)       56.53      (7.4%)    4.4% ( -10% -   22%) 0.216
                 LowSloppyPhrase       91.86      (8.4%)       96.44      (4.1%)    5.0% (  -6% -   19%) 0.092
                   OrHighNotHigh      825.41      (7.1%)      867.49      (4.0%)    5.1% (  -5% -   17%) 0.048
                   OrNotHighHigh      792.63      (7.6%)      835.78      (4.8%)    5.4% (  -6% -   19%) 0.056
               HighTermMonthSort     1517.75      (6.2%)     1609.94      (7.5%)    6.1% (  -7% -   21%) 0.048
                          Fuzzy1       83.93      (5.5%)       90.29      (7.5%)    7.6% (  -5% -   21%) 0.010
  iter 10
    armG:
      NOTE: using experimental CPU time profiler (see https://mostlynerdless.de/blog/2025/06/11/java-25s-new-cpu-time-profiler-1)
      log: /home/goankur/vsearch/logs/FAG.armG.10 + stdout
      run: /usr/bin/perf stat -dd -e task-clock,cycles,instructions,cache-references,cache-misses,L1-dcache-loads,L1-dcache-load-misses,L1-icache-loads,L1-icache-load-misses,LLC-loads,LLC-load-misses,LLC-stores,LLC-store-misses,LLC-prefetches,LLC-prefetch-misses,faults,minor-faults,major-faults,branches,branch-misses,stalled-cycles-frontend,stalled-cycles-backend /home/goankur/jdk/corretto-25/bin/java -server -Xms2g -Xmx2g --add-modules jdk.incubator.vector -XX:+HeapDumpOnOutOfMemoryError -XX:+UseParallelGC -XX:StartFlightRecording=jdk.CPUTimeSample#enabled=true,dumponexit=true,maxsize=250M,settings=/home/goankur/vsearch/util/src/python/profiling.jfc,filename=/home/goankur/vsearch/logs/bench-search-FAG-armG-10.jfr -XX:+UnlockDiagnosticVMOptions -XX:+DebugNonSafepoints -classpath /home/goankur/vsearch/bo/lucene-G/lucene/core/build/libs/lucene-core-11.0.0-SNAPSHOT.jar:/home/goankur/vsearch/bo/lucene-G/lucene/sandbox/build/classes/java/main:/home/goankur/vsearch/bo/lucene-G/lucene/misc/build/classes/java/main:/home/goankur/vsearch/bo/lucene-G/lucene/facet/build/classes/java/main:/home/goankur/vsearch/bo/lucene-G/lucene/analysis/common/build/classes/java/main:/home/goankur/vsearch/bo/lucene-G/lucene/analysis/icu/build/classes/java/main:/home/goankur/vsearch/bo/lucene-G/lucene/queryparser/build/classes/java/main:/home/goankur/vsearch/bo/lucene-G/lucene/grouping/build/classes/java/main:/home/goankur/vsearch/bo/lucene-G/lucene/suggest/build/classes/java/main:/home/goankur/vsearch/bo/lucene-G/lucene/highlighter/build/classes/java/main:/home/goankur/vsearch/bo/lucene-G/lucene/codecs/build/classes/java/main:/home/goankur/vsearch/bo/lucene-G/lucene/queries/build/classes/java/main:/home/goankur/vsearch/bo/lucene-G/lucene/join/build/classes/java/main:/home/goankur/vsearch/bo/lucene-G/lucene/spatial3d/build/classes/java/main:/home/goankur/vsearch/util/lib/HdrHistogram.jar:/home/goankur/vsearch/util/src/main/build/classes/java/main:/home/goankur/vsearch/util/build perf.SearchPerfTest -dirImpl MMapDirectory -indexPath /home/goankur/vsearch/indices/wikimedium10m.lucene-A.facets.taxonomy:Date.taxonomy:Month.taxonomy:DayOfYear.sortedset:Date.sortedset:Month.sortedset:DayOfYear.taxonomy:RandomLabel.sortedset:RandomLabel.Lucene90.Lucene104.dvfields.nd10M -facets taxonomy:Date;Date -facets taxonomy:Month;Month -facets taxonomy:DayOfYear;DayOfYear -facets sortedset:Date;Date -facets sortedset:Month;Month -facets sortedset:DayOfYear;DayOfYear -facets taxonomy:RandomLabel;RandomLabel -facets sortedset:RandomLabel;RandomLabel -analyzer StandardAnalyzer -taskSource /home/goankur/vsearch/util/tasks/wikimedium.10M.nostopwords.tasks -numConcurrentQueries 5 -taskRepeatCount 20 -field body -tasksPerCat 1 -searchConcurrency -1 -staticSeed 137351 -seed -633408 -similarity BM25Similarity -commit multi -hiliteImpl FastVectorHighlighter -log /home/goankur/vsearch/logs/FAG.armG.10 -topN 100 -context  -pk -pollute
      10.2 s
      229.0 actual sustained QPS; -1.0 CPU cores used
    armA:
      NOTE: using experimental CPU time profiler (see https://mostlynerdless.de/blog/2025/06/11/java-25s-new-cpu-time-profiler-1)
      log: /home/goankur/vsearch/logs/FAG.armA.10 + stdout
      run: /usr/bin/perf stat -dd -e task-clock,cycles,instructions,cache-references,cache-misses,L1-dcache-loads,L1-dcache-load-misses,L1-icache-loads,L1-icache-load-misses,LLC-loads,LLC-load-misses,LLC-stores,LLC-store-misses,LLC-prefetches,LLC-prefetch-misses,faults,minor-faults,major-faults,branches,branch-misses,stalled-cycles-frontend,stalled-cycles-backend /home/goankur/jdk/corretto-25/bin/java -server -Xms2g -Xmx2g --add-modules jdk.incubator.vector -XX:+HeapDumpOnOutOfMemoryError -XX:+UseParallelGC -XX:StartFlightRecording=jdk.CPUTimeSample#enabled=true,dumponexit=true,maxsize=250M,settings=/home/goankur/vsearch/util/src/python/profiling.jfc,filename=/home/goankur/vsearch/logs/bench-search-FAG-armA-10.jfr -XX:+UnlockDiagnosticVMOptions -XX:+DebugNonSafepoints -classpath /home/goankur/vsearch/bo/lucene-A/lucene/core/build/libs/lucene-core-11.0.0-SNAPSHOT.jar:/home/goankur/vsearch/bo/lucene-A/lucene/sandbox/build/classes/java/main:/home/goankur/vsearch/bo/lucene-A/lucene/misc/build/classes/java/main:/home/goankur/vsearch/bo/lucene-A/lucene/facet/build/classes/java/main:/home/goankur/vsearch/bo/lucene-A/lucene/analysis/common/build/classes/java/main:/home/goankur/vsearch/bo/lucene-A/lucene/analysis/icu/build/classes/java/main:/home/goankur/vsearch/bo/lucene-A/lucene/queryparser/build/classes/java/main:/home/goankur/vsearch/bo/lucene-A/lucene/grouping/build/classes/java/main:/home/goankur/vsearch/bo/lucene-A/lucene/suggest/build/classes/java/main:/home/goankur/vsearch/bo/lucene-A/lucene/highlighter/build/classes/java/main:/home/goankur/vsearch/bo/lucene-A/lucene/codecs/build/classes/java/main:/home/goankur/vsearch/bo/lucene-A/lucene/queries/build/classes/java/main:/home/goankur/vsearch/bo/lucene-A/lucene/join/build/classes/java/main:/home/goankur/vsearch/bo/lucene-A/lucene/spatial3d/build/classes/java/main:/home/goankur/vsearch/util/lib/HdrHistogram.jar:/home/goankur/vsearch/util/src/main/build/classes/java/main:/home/goankur/vsearch/util/build perf.SearchPerfTest -dirImpl MMapDirectory -indexPath /home/goankur/vsearch/indices/wikimedium10m.lucene-A.facets.taxonomy:Date.taxonomy:Month.taxonomy:DayOfYear.sortedset:Date.sortedset:Month.sortedset:DayOfYear.taxonomy:RandomLabel.sortedset:RandomLabel.Lucene90.Lucene104.dvfields.nd10M -facets taxonomy:Date;Date -facets taxonomy:Month;Month -facets taxonomy:DayOfYear;DayOfYear -facets sortedset:Date;Date -facets sortedset:Month;Month -facets sortedset:DayOfYear;DayOfYear -facets taxonomy:RandomLabel;RandomLabel -facets sortedset:RandomLabel;RandomLabel -analyzer StandardAnalyzer -taskSource /home/goankur/vsearch/util/tasks/wikimedium.10M.nostopwords.tasks -numConcurrentQueries 5 -taskRepeatCount 20 -field body -tasksPerCat 1 -searchConcurrency -1 -staticSeed 137351 -seed -633408 -similarity BM25Similarity -commit multi -hiliteImpl FastVectorHighlighter -log /home/goankur/vsearch/logs/FAG.armA.10 -topN 100 -context  -pk -pollute
      9.7 s
      269.4 actual sustained QPS; -1.0 CPU cores used

Report after iter 10:
QPSChart.supported == False
                            Task     P50 B     P50 C     Diff     P90 B     P90 C     Diff     P99 B     P99 C     Diff    P999 B    P999 C     Diff    P100 B    P100 C     Diff
           ('AndHighHigh', None)     2.107     2.023    -4.0%     8.626     8.446    -2.1%    28.275    10.118   -64.2%    28.275    10.118   -64.2%   128.681   196.018    52.3%
('AndHighHighDayTaxoFacets', None)    16.571    17.191     3.7%    21.356    28.521    33.5%    52.264    38.356   -26.6%    52.264    38.356   -26.6%   139.317    92.393   -33.7%
            ('AndHighLow', None)     0.605     0.605     0.2%     1.353     1.866    37.9%     1.728     2.149    24.4%     1.728     2.149    24.4%     5.869     5.680    -3.2%
            ('AndHighMed', None)     1.026     1.076     4.9%     4.432     5.825    31.4%    15.067    10.896   -27.7%    15.067    10.896   -27.7%    17.291    12.438   -28.1%
('AndHighMedDayTaxoFacets', None)     5.237     5.415     3.4%    11.642     8.706   -25.2%    23.662    35.552    50.2%    23.662    35.552    50.2%   258.258   236.001    -8.6%
     ('AndMissingHigh', 'Title')     0.293     0.306     4.2%     3.569     1.461   -59.1%    11.562     1.595   -86.2%    11.562     1.595   -86.2%    20.182     2.307   -88.6%
              ('BM25MSM2', None)    22.573    20.774    -8.0%    36.954    31.653   -14.3%    51.850    95.936    85.0%    51.850    95.936    85.0%   254.977   167.096   -34.5%
  ('BrowseDateSSDVFacets', None)   334.852   329.084    -1.7%   367.634   369.123     0.4%   371.198   375.865     1.3%   371.198   375.865     1.3%   542.734   679.582    25.2%
  ('BrowseDateTaxoFacets', None)    27.815    69.724   150.7%    29.107    87.701   201.3%    52.170   114.623   119.7%    52.170   114.623   119.7%    73.925   125.632    69.9%
('BrowseDayOfYearSSDVFacets', None)    78.681    67.551   -14.1%   103.339    98.169    -5.0%   154.255   153.146    -0.7%   154.255   153.146    -0.7%   158.962   192.663    21.2%
('BrowseDayOfYearTaxoFacets', None)    23.591    76.247   223.2%    28.162    86.371   206.7%    33.457    86.632   158.9%    33.457    86.632   158.9%   205.823   195.394    -5.1%
 ('BrowseMonthSSDVFacets', None)    48.445    48.918     1.0%    66.051    62.514    -5.4%    77.133    75.066    -2.7%    77.133    75.066    -2.7%    80.967   151.038    86.5%
 ('BrowseMonthTaxoFacets', None)    23.489    29.166    24.2%    43.489    74.417    71.1%   175.287    75.347   -57.0%   175.287    75.347   -57.0%   251.123   258.897     3.1%
('BrowseRandomLabelSSDVFacets', None)   109.280    96.756   -11.5%   176.150   150.042   -14.8%   244.714   180.314   -26.3%   244.714   180.314   -26.3%   273.817   232.935   -14.9%
('BrowseRandomLabelTaxoFacets', None)    36.464    83.514   129.0%    44.927   122.723   173.2%   121.425   136.523    12.4%   121.425   136.523    12.4%   207.568   187.592    -9.6%
             ('ConstMSM2', None)     0.715     0.775     8.3%     2.248     1.188   -47.1%     3.828     5.251    37.2%     3.828     5.251    37.2%    20.559    10.925   -46.9%
                ('Fuzzy1', None)    11.279    12.065     7.0%    28.513    17.632   -38.2%    33.265    19.349   -41.8%    33.265    19.349   -41.8%   110.905    93.780   -15.4%
                ('Fuzzy2', None)    17.597    17.914     1.8%    27.063    32.213    19.0%    73.210    54.222   -25.9%    73.210    54.222   -25.9%   100.066    67.119   -32.9%
  ('HighIntervalsOrdered', None)    15.415    16.488     7.0%    39.242    38.580    -1.7%    64.895    45.876   -29.3%    64.895    45.876   -29.3%    69.996    79.211    13.2%
            ('HighPhrase', None)     5.376     5.166    -3.9%     8.740    10.104    15.6%    27.057    32.742    21.0%    27.057    32.742    21.0%    74.975    77.209     3.0%
      ('HighSloppyPhrase', None)    22.754    23.150     1.7%    35.603    33.500    -5.9%    83.672    66.557   -20.5%    83.672    66.557   -20.5%    89.804    95.084     5.9%
          ('HighSpanNear', None)     9.289     7.353   -20.8%    15.370    15.276    -0.6%    28.921    24.887   -13.9%    28.921    24.887   -13.9%   122.688   128.066     4.4%
              ('HighTerm', None)     1.627     1.599    -1.7%     3.342     5.511    64.9%    23.240    11.450   -50.7%    23.240    11.450   -50.7%    41.404    28.315   -31.6%
('HighTermDayOfYearSort', 'DayOfYear')     2.564     2.878    12.2%     4.923     6.777    37.7%    14.836    12.196   -17.8%    14.836    12.196   -17.8%    86.795    72.210   -16.8%
  ('HighTermMonthSort', 'Month')     0.672     0.725     7.8%     1.912     2.211    15.6%     5.307     2.865   -46.0%     5.307     2.865   -46.0%    20.281    14.265   -29.7%
('HighTermTitleBDVSort', 'TitleBinary')    11.916    11.503    -3.5%    19.212    27.357    42.4%    65.681    44.466   -32.3%    65.681    44.466   -32.3%    69.872    55.419   -20.7%
  ('HighTermTitleSort', 'Title')     9.223    10.424    13.0%    19.523    15.280   -21.7%    34.683    41.130    18.6%    34.683    41.130    18.6%   115.091    93.860   -18.4%
                ('IntNRQ', None)     1.374     1.398     1.7%     5.795    12.224   110.9%     8.675    18.556   113.9%     8.675    18.556   113.9%    99.415    42.595   -57.2%
                ('IntSet', None)     1.396     1.462     4.7%     5.415     4.088   -24.5%    28.832     8.625   -70.1%    28.832     8.625   -70.1%    62.422    40.727   -34.8%
   ('LowIntervalsOrdered', None)     3.318     3.366     1.5%     5.161     7.917    53.4%     8.367     8.887     6.2%     8.367     8.887     6.2%    19.373    24.149    24.7%
             ('LowPhrase', None)     4.832     5.281     9.3%    21.981    15.779   -28.2%    23.810    25.022     5.1%    23.810    25.022     5.1%    62.971    58.678    -6.8%
       ('LowSloppyPhrase', None)    11.239    11.382     1.3%    29.213    23.087   -21.0%    48.873    55.799    14.2%    48.873    55.799    14.2%   140.029   107.323   -23.4%
           ('LowSpanNear', None)     4.736     4.787     1.1%    16.480    12.910   -21.7%    23.334    26.158    12.1%    23.334    26.158    12.1%    27.447    31.193    13.6%
               ('LowTerm', None)     0.532     0.488    -8.3%     1.470     3.219   119.0%     8.361     6.865   -17.9%     8.361     6.865   -17.9%    40.630    52.694    29.7%
   ('MedIntervalsOrdered', None)     3.805     3.659    -3.8%    16.577     8.970   -45.9%    16.628    34.494   107.4%    16.628    34.494   107.4%   162.030   143.316   -11.5%
             ('MedPhrase', None)     2.468     2.587     4.8%     8.624     6.282   -27.2%    10.431    13.314    27.6%    10.431    13.314    27.6%    32.147    25.201   -21.6%
       ('MedSloppyPhrase', None)    10.533    10.645     1.1%    17.076    22.127    29.6%    21.020    22.370     6.4%    21.020    22.370     6.4%    75.597    66.112   -12.5%
           ('MedSpanNear', None)    12.157    12.851     5.7%    17.235    19.914    15.5%    21.348    30.387    42.3%    21.348    30.387    42.3%    25.953    30.649    18.1%
               ('MedTerm', None)     0.616     0.701    13.8%     1.863     3.891   108.8%     9.346    11.657    24.7%     9.346    11.657    24.7%    92.920    68.986   -25.8%
  ('MedTermDayTaxoFacets', None)    11.085    11.746     6.0%    26.312    24.595    -6.5%    55.946    47.560   -15.0%    55.946    47.560   -15.0%    61.561    54.329   -11.7%
            ('OrHighHigh', None)     2.148     2.052    -4.5%     6.295     4.747   -24.6%     7.337     5.601   -23.7%     7.337     5.601   -23.7%   109.044    73.924   -32.2%
             ('OrHighLow', None)     0.757     0.749    -1.0%     2.270     1.428   -37.1%     3.308     2.725   -17.6%     3.308     2.725   -17.6%     7.082     2.844   -59.8%
             ('OrHighMed', None)     1.001     1.086     8.6%     3.905     2.489   -36.3%    14.213     2.674   -81.2%    14.213     2.674   -81.2%   149.960   139.518    -7.0%
('OrHighMedDayTaxoFacets', None)   131.770   144.486     9.6%   187.964   169.056   -10.1%   432.430   532.234    23.1%   432.430   532.234    23.1%   846.678   918.936     8.5%
         ('OrHighNotHigh', None)     1.329     1.249    -6.0%    11.224     3.158   -71.9%    14.054    23.430    66.7%    14.054    23.430    66.7%    28.511    34.720    21.8%
          ('OrHighNotLow', None)     1.149     1.080    -6.0%     4.610    15.723   241.1%    13.264    16.007    20.7%    13.264    16.007    20.7%    15.686    25.247    60.9%
          ('OrHighNotMed', None)     0.986     0.965    -2.1%     2.667     9.188   244.5%     8.867    12.228    37.9%     8.867    12.228    37.9%    17.990    16.708    -7.1%
         ('OrNotHighHigh', None)     1.568     1.328   -15.3%     4.262    11.172   162.1%     7.891    14.514    83.9%     7.891    14.514    83.9%    14.461    21.216    46.7%
          ('OrNotHighLow', None)     0.739     0.636   -13.8%     1.802     2.008    11.4%     4.120     3.367   -18.3%     4.120     3.367   -18.3%     6.279    15.405   145.3%
          ('OrNotHighMed', None)     1.236     1.006   -18.6%     4.872     3.553   -27.1%    13.242     8.981   -32.2%    13.242     8.981   -32.2%    19.942    22.168    11.2%
                   ('PKLookup',)     4.288     3.988    -7.0%    11.509     8.542   -25.8%    12.972    16.245    25.2%    12.972    16.245    25.2%    62.527    46.020   -26.4%
               ('Prefix3', None)     1.023     1.130    10.4%     5.161     4.275   -17.2%    22.603    20.105   -11.0%    22.603    20.105   -11.0%    37.770    20.220   -46.5%
                    ('Respell',)    15.152    12.558   -17.1%    21.333    18.006   -15.6%    33.456    39.180    17.1%    33.456    39.180    17.1%    58.196    59.211     1.7%
('TermDateTimeSort', 'DateTime')     2.277     2.473     8.6%     6.671    12.276    84.0%    13.502    20.683    53.2%    13.502    20.683    53.2%    32.026    37.539    17.2%
              ('Wildcard', None)     1.410     1.583    12.3%     2.419     2.761    14.1%    18.881    32.205    70.6%    18.881    32.205    70.6%    77.937    71.041    -8.8%
                 ('range', None)     0.169     0.166    -1.6%     0.412     0.417     1.4%     0.422     0.581    37.6%     0.422     0.581    37.6%     4.751     4.829     1.6%
                            Task    QPS armA      StdDev    QPS armG      StdDev                Pct diff p-value
       BrowseDayOfYearTaxoFacets       18.09     (49.9%)       15.24      (4.2%)  -15.8% ( -46% -   76%) 0.296
            BrowseDateTaxoFacets       16.95     (38.2%)       14.72      (5.8%)  -13.1% ( -41% -   50%) 0.260
     BrowseRandomLabelTaxoFacets       13.84     (38.0%)       12.47      (6.2%)   -9.9% ( -39% -   55%) 0.394
           BrowseMonthTaxoFacets       38.99     (22.5%)       36.23     (21.5%)   -7.1% ( -41% -   47%) 0.452
                      AndHighMed     1130.60      (7.9%)     1074.33      (7.4%)   -5.0% ( -18% -   11%) 0.128
           HighTermDayOfYearSort      481.08      (7.7%)      460.56     (13.0%)   -4.3% ( -23% -   17%) 0.348
                        Wildcard      717.57      (8.4%)      689.50      (7.1%)   -3.9% ( -17% -   12%) 0.238
                      AndHighLow     1900.96      (7.4%)     1828.69      (6.0%)   -3.8% ( -16% -   10%) 0.186
            HighIntervalsOrdered       61.86      (7.0%)       59.51      (6.7%)   -3.8% ( -16% -   10%) 0.194
                           range     6396.18      (9.7%)     6184.94     (14.5%)   -3.3% ( -25% -   23%) 0.530
                       ConstMSM2     1378.82      (5.4%)     1342.67      (3.9%)   -2.6% ( -11% -    7%) 0.190
                        PKLookup      220.72      (9.0%)      215.27     (11.7%)   -2.5% ( -21% -   20%) 0.579
                          IntNRQ      701.35      (7.3%)      684.84      (8.1%)   -2.4% ( -16% -   14%) 0.474
           BrowseMonthSSDVFacets       16.62     (11.5%)       16.25     (10.6%)   -2.2% ( -21% -   22%) 0.640
                         LowTerm     2410.42      (5.3%)     2360.76      (6.5%)   -2.1% ( -13% -   10%) 0.413
                     LowSpanNear      213.59      (5.4%)      209.84     (12.1%)   -1.8% ( -18% -   16%) 0.660
                    OrNotHighLow     1546.53     (14.4%)     1525.38      (9.4%)   -1.4% ( -21% -   26%) 0.791
            BrowseDateSSDVFacets        2.87      (5.5%)        2.84      (7.7%)   -1.2% ( -13% -   12%) 0.662
                        HighTerm      645.43      (3.5%)      639.35      (3.2%)   -0.9% (  -7% -    6%) 0.515
                          IntSet      698.01     (10.7%)      692.69      (8.0%)   -0.8% ( -17% -   20%) 0.850
                        BM25MSM2       48.22      (4.8%)       47.90      (4.1%)   -0.7% (  -9% -    8%) 0.723
             LowIntervalsOrdered      309.79     (11.5%)      307.87     (14.7%)   -0.6% ( -24% -   28%) 0.913
               HighTermTitleSort      107.51     (12.4%)      107.00      (9.9%)   -0.5% ( -20% -   24%) 0.920
       BrowseDayOfYearSSDVFacets       15.58      (8.5%)       15.54      (5.3%)   -0.3% ( -13% -   14%) 0.922
             MedIntervalsOrdered      253.20      (6.7%)      252.82     (13.2%)   -0.1% ( -18% -   21%) 0.973
                  AndMissingHigh     3666.07      (7.1%)     3666.45      (5.0%)    0.0% ( -11% -   13%) 0.997
                     MedSpanNear       93.16      (9.4%)       93.20     (11.6%)    0.0% ( -19% -   23%) 0.993
     BrowseRandomLabelSSDVFacets       11.16      (4.9%)       11.18      (3.5%)    0.2% (  -7% -    8%) 0.934
                       LowPhrase      196.34      (7.1%)      196.70      (5.4%)    0.2% ( -11% -   13%) 0.946
                         Respell       75.34      (5.1%)       75.47      (8.7%)    0.2% ( -12% -   14%) 0.951
                      TermDTSort      452.44      (4.8%)      453.73      (4.6%)    0.3% (  -8% -   10%) 0.887
                HighSloppyPhrase       45.78      (3.7%)       45.96      (4.5%)    0.4% (  -7% -    8%) 0.819
          OrHighMedDayTaxoFacets        7.53      (4.8%)        7.56      (6.2%)    0.4% ( -10% -   11%) 0.865
                    OrHighNotLow      886.03      (8.9%)      890.98     (13.9%)    0.6% ( -20% -   25%) 0.911
                     AndHighHigh      615.53     (12.9%)      619.01     (12.4%)    0.6% ( -21% -   29%) 0.916
                       OrHighMed      938.63      (9.7%)      944.48      (5.8%)    0.6% ( -13% -   17%) 0.855
                    OrHighNotMed      983.37      (9.4%)      991.81      (7.0%)    0.9% ( -14% -   19%) 0.808
         AndHighMedDayTaxoFacets      190.91      (3.4%)      192.66      (3.3%)    0.9% (  -5% -    7%) 0.518
                         MedTerm     1533.19      (5.6%)     1548.36      (5.4%)    1.0% (  -9% -   12%) 0.674
                       OrHighLow     1294.26     (10.6%)     1309.84      (6.6%)    1.2% ( -14% -   20%) 0.749
            MedTermDayTaxoFacets       93.91      (6.3%)       95.22      (4.4%)    1.4% (  -8% -   12%) 0.551
                          Fuzzy2       61.86      (5.3%)       62.81      (6.7%)    1.5% (  -9% -   14%) 0.551
                    OrNotHighMed      965.55      (9.4%)      982.68      (9.2%)    1.8% ( -15% -   22%) 0.655
                       MedPhrase      380.98      (9.8%)      387.77      (2.8%)    1.8% (  -9% -   15%) 0.561
                 MedSloppyPhrase       93.14      (8.4%)       94.93      (5.9%)    1.9% ( -11% -   17%) 0.534
                    HighSpanNear      130.01      (4.9%)      132.74      (3.2%)    2.1% (  -5% -   10%) 0.237
                      OrHighHigh      618.41      (9.7%)      631.55      (6.1%)    2.1% ( -12% -   19%) 0.540
                         Prefix3      884.56     (10.1%)      907.19     (14.6%)    2.6% ( -20% -   30%) 0.634
        AndHighHighDayTaxoFacets       54.87      (9.3%)       56.87      (7.3%)    3.6% ( -11% -   22%) 0.305
            HighTermTitleBDVSort       82.70      (6.9%)       85.77      (4.8%)    3.7% (  -7% -   16%) 0.143
                 LowSloppyPhrase       91.83      (8.0%)       95.77      (4.6%)    4.3% (  -7% -   18%) 0.122
                      HighPhrase      231.82      (7.5%)      242.25      (4.1%)    4.5% (  -6% -   17%) 0.080
                   OrHighNotHigh      826.15      (6.7%)      865.15      (3.9%)    4.7% (  -5% -   16%) 0.044
               HighTermMonthSort     1518.44      (5.8%)     1596.18      (7.7%)    5.1% (  -7% -   19%) 0.080
                   OrNotHighHigh      786.19      (7.8%)      830.12      (5.2%)    5.6% (  -6% -   20%) 0.047
                          Fuzzy1       84.97      (6.5%)       90.37      (7.0%)    6.3% (  -6% -   21%) 0.028
  iter 11
    armA:
      NOTE: using experimental CPU time profiler (see https://mostlynerdless.de/blog/2025/06/11/java-25s-new-cpu-time-profiler-1)
      log: /home/goankur/vsearch/logs/FAG.armA.11 + stdout
      run: /usr/bin/perf stat -dd -e task-clock,cycles,instructions,cache-references,cache-misses,L1-dcache-loads,L1-dcache-load-misses,L1-icache-loads,L1-icache-load-misses,LLC-loads,LLC-load-misses,LLC-stores,LLC-store-misses,LLC-prefetches,LLC-prefetch-misses,faults,minor-faults,major-faults,branches,branch-misses,stalled-cycles-frontend,stalled-cycles-backend /home/goankur/jdk/corretto-25/bin/java -server -Xms2g -Xmx2g --add-modules jdk.incubator.vector -XX:+HeapDumpOnOutOfMemoryError -XX:+UseParallelGC -XX:StartFlightRecording=jdk.CPUTimeSample#enabled=true,dumponexit=true,maxsize=250M,settings=/home/goankur/vsearch/util/src/python/profiling.jfc,filename=/home/goankur/vsearch/logs/bench-search-FAG-armA-11.jfr -XX:+UnlockDiagnosticVMOptions -XX:+DebugNonSafepoints -classpath /home/goankur/vsearch/bo/lucene-A/lucene/core/build/libs/lucene-core-11.0.0-SNAPSHOT.jar:/home/goankur/vsearch/bo/lucene-A/lucene/sandbox/build/classes/java/main:/home/goankur/vsearch/bo/lucene-A/lucene/misc/build/classes/java/main:/home/goankur/vsearch/bo/lucene-A/lucene/facet/build/classes/java/main:/home/goankur/vsearch/bo/lucene-A/lucene/analysis/common/build/classes/java/main:/home/goankur/vsearch/bo/lucene-A/lucene/analysis/icu/build/classes/java/main:/home/goankur/vsearch/bo/lucene-A/lucene/queryparser/build/classes/java/main:/home/goankur/vsearch/bo/lucene-A/lucene/grouping/build/classes/java/main:/home/goankur/vsearch/bo/lucene-A/lucene/suggest/build/classes/java/main:/home/goankur/vsearch/bo/lucene-A/lucene/highlighter/build/classes/java/main:/home/goankur/vsearch/bo/lucene-A/lucene/codecs/build/classes/java/main:/home/goankur/vsearch/bo/lucene-A/lucene/queries/build/classes/java/main:/home/goankur/vsearch/bo/lucene-A/lucene/join/build/classes/java/main:/home/goankur/vsearch/bo/lucene-A/lucene/spatial3d/build/classes/java/main:/home/goankur/vsearch/util/lib/HdrHistogram.jar:/home/goankur/vsearch/util/src/main/build/classes/java/main:/home/goankur/vsearch/util/build perf.SearchPerfTest -dirImpl MMapDirectory -indexPath /home/goankur/vsearch/indices/wikimedium10m.lucene-A.facets.taxonomy:Date.taxonomy:Month.taxonomy:DayOfYear.sortedset:Date.sortedset:Month.sortedset:DayOfYear.taxonomy:RandomLabel.sortedset:RandomLabel.Lucene90.Lucene104.dvfields.nd10M -facets taxonomy:Date;Date -facets taxonomy:Month;Month -facets taxonomy:DayOfYear;DayOfYear -facets sortedset:Date;Date -facets sortedset:Month;Month -facets sortedset:DayOfYear;DayOfYear -facets taxonomy:RandomLabel;RandomLabel -facets sortedset:RandomLabel;RandomLabel -analyzer StandardAnalyzer -taskSource /home/goankur/vsearch/util/tasks/wikimedium.10M.nostopwords.tasks -numConcurrentQueries 5 -taskRepeatCount 20 -field body -tasksPerCat 1 -searchConcurrency -1 -staticSeed 137351 -seed -3617906 -similarity BM25Similarity -commit multi -hiliteImpl FastVectorHighlighter -log /home/goankur/vsearch/logs/FAG.armA.11 -topN 100 -context  -pk -pollute
      9.8 s
      233.1 actual sustained QPS; -1.0 CPU cores used
    armG:
      NOTE: using experimental CPU time profiler (see https://mostlynerdless.de/blog/2025/06/11/java-25s-new-cpu-time-profiler-1)
      log: /home/goankur/vsearch/logs/FAG.armG.11 + stdout
      run: /usr/bin/perf stat -dd -e task-clock,cycles,instructions,cache-references,cache-misses,L1-dcache-loads,L1-dcache-load-misses,L1-icache-loads,L1-icache-load-misses,LLC-loads,LLC-load-misses,LLC-stores,LLC-store-misses,LLC-prefetches,LLC-prefetch-misses,faults,minor-faults,major-faults,branches,branch-misses,stalled-cycles-frontend,stalled-cycles-backend /home/goankur/jdk/corretto-25/bin/java -server -Xms2g -Xmx2g --add-modules jdk.incubator.vector -XX:+HeapDumpOnOutOfMemoryError -XX:+UseParallelGC -XX:StartFlightRecording=jdk.CPUTimeSample#enabled=true,dumponexit=true,maxsize=250M,settings=/home/goankur/vsearch/util/src/python/profiling.jfc,filename=/home/goankur/vsearch/logs/bench-search-FAG-armG-11.jfr -XX:+UnlockDiagnosticVMOptions -XX:+DebugNonSafepoints -classpath /home/goankur/vsearch/bo/lucene-G/lucene/core/build/libs/lucene-core-11.0.0-SNAPSHOT.jar:/home/goankur/vsearch/bo/lucene-G/lucene/sandbox/build/classes/java/main:/home/goankur/vsearch/bo/lucene-G/lucene/misc/build/classes/java/main:/home/goankur/vsearch/bo/lucene-G/lucene/facet/build/classes/java/main:/home/goankur/vsearch/bo/lucene-G/lucene/analysis/common/build/classes/java/main:/home/goankur/vsearch/bo/lucene-G/lucene/analysis/icu/build/classes/java/main:/home/goankur/vsearch/bo/lucene-G/lucene/queryparser/build/classes/java/main:/home/goankur/vsearch/bo/lucene-G/lucene/grouping/build/classes/java/main:/home/goankur/vsearch/bo/lucene-G/lucene/suggest/build/classes/java/main:/home/goankur/vsearch/bo/lucene-G/lucene/highlighter/build/classes/java/main:/home/goankur/vsearch/bo/lucene-G/lucene/codecs/build/classes/java/main:/home/goankur/vsearch/bo/lucene-G/lucene/queries/build/classes/java/main:/home/goankur/vsearch/bo/lucene-G/lucene/join/build/classes/java/main:/home/goankur/vsearch/bo/lucene-G/lucene/spatial3d/build/classes/java/main:/home/goankur/vsearch/util/lib/HdrHistogram.jar:/home/goankur/vsearch/util/src/main/build/classes/java/main:/home/goankur/vsearch/util/build perf.SearchPerfTest -dirImpl MMapDirectory -indexPath /home/goankur/vsearch/indices/wikimedium10m.lucene-A.facets.taxonomy:Date.taxonomy:Month.taxonomy:DayOfYear.sortedset:Date.sortedset:Month.sortedset:DayOfYear.taxonomy:RandomLabel.sortedset:RandomLabel.Lucene90.Lucene104.dvfields.nd10M -facets taxonomy:Date;Date -facets taxonomy:Month;Month -facets taxonomy:DayOfYear;DayOfYear -facets sortedset:Date;Date -facets sortedset:Month;Month -facets sortedset:DayOfYear;DayOfYear -facets taxonomy:RandomLabel;RandomLabel -facets sortedset:RandomLabel;RandomLabel -analyzer StandardAnalyzer -taskSource /home/goankur/vsearch/util/tasks/wikimedium.10M.nostopwords.tasks -numConcurrentQueries 5 -taskRepeatCount 20 -field body -tasksPerCat 1 -searchConcurrency -1 -staticSeed 137351 -seed -3617906 -similarity BM25Similarity -commit multi -hiliteImpl FastVectorHighlighter -log /home/goankur/vsearch/logs/FAG.armG.11 -topN 100 -context  -pk -pollute
      10.2 s
      217.0 actual sustained QPS; -1.0 CPU cores used

Report after iter 11:
QPSChart.supported == False
                            Task     P50 B     P50 C     Diff     P90 B     P90 C     Diff     P99 B     P99 C     Diff    P999 B    P999 C     Diff    P100 B    P100 C     Diff
           ('AndHighHigh', None)     1.456     1.719    18.1%     4.755     4.261   -10.4%     6.262     6.087    -2.8%     6.262     6.087    -2.8%   242.299   238.175    -1.7%
('AndHighHighDayTaxoFacets', None)    19.277    19.256    -0.1%    29.800    34.186    14.7%    34.607    37.545     8.5%    34.607    37.545     8.5%   120.495   157.686    30.9%
            ('AndHighLow', None)     0.544     0.583     7.3%     1.523     1.516    -0.5%     1.554     3.321   113.6%     1.554     3.321   113.6%     2.414     7.591   214.5%
            ('AndHighMed', None)     0.900     0.991    10.1%     4.099     2.851   -30.4%     4.308     3.856   -10.5%     4.308     3.856   -10.5%     5.399     4.373   -19.0%
('AndHighMedDayTaxoFacets', None)     5.321     5.388     1.3%     8.690    10.778    24.0%    12.030    14.125    17.4%    12.030    14.125    17.4%    64.126    31.815   -50.4%
     ('AndMissingHigh', 'Title')     0.283     0.320    13.1%     0.524     0.688    31.4%     1.040     0.870   -16.3%     1.040     0.870   -16.3%     1.070     2.722   154.5%
              ('BM25MSM2', None)    22.572    22.514    -0.3%    36.914    41.497    12.4%    51.924    41.929   -19.2%    51.924    41.929   -19.2%   182.110   179.360    -1.5%
  ('BrowseDateSSDVFacets', None)   372.531   374.559     0.5%   457.215   450.905    -1.4%   458.445   452.425    -1.3%   458.445   452.425    -1.3%   584.433   685.984    17.4%
  ('BrowseDateTaxoFacets', None)    65.705    63.708    -3.0%    76.391    70.404    -7.8%    80.497    72.682    -9.7%    80.497    72.682    -9.7%    84.218    74.396   -11.7%
('BrowseDayOfYearSSDVFacets', None)    65.843    73.885    12.2%    86.460    82.884    -4.1%    97.457    83.360   -14.5%    97.457    83.360   -14.5%   155.519    87.144   -44.0%
('BrowseDayOfYearTaxoFacets', None)    60.229    61.688     2.4%    77.370    73.159    -5.4%    78.469    74.081    -5.6%    78.469    74.081    -5.6%   268.762   231.771   -13.8%
 ('BrowseMonthSSDVFacets', None)    72.017    68.672    -4.6%    85.322    83.194    -2.5%    88.476    85.514    -3.3%    88.476    85.514    -3.3%   188.284   109.532   -41.8%
 ('BrowseMonthTaxoFacets', None)    26.057    87.496   235.8%    29.124    92.659   218.2%    89.160   126.577    42.0%    89.160   126.577    42.0%   248.603   232.605    -6.4%
('BrowseRandomLabelSSDVFacets', None)    91.764    77.228   -15.8%   103.428   138.112    33.5%   107.708   138.184    28.3%   107.708   138.184    28.3%   191.928   319.933    66.7%
('BrowseRandomLabelTaxoFacets', None)    76.904    80.179     4.3%    91.845    91.033    -0.9%   104.667    99.154    -5.3%   104.667    99.154    -5.3%   138.597   174.383    25.8%
             ('ConstMSM2', None)     0.800     0.822     2.9%     2.814     2.314   -17.8%     6.558     4.303   -34.4%     6.558     4.303   -34.4%    25.157    20.862   -17.1%
                ('Fuzzy1', None)    11.266    11.529     2.3%    13.771    36.776   167.1%    40.107    69.109    72.3%    40.107    69.109    72.3%   108.318   125.470    15.8%
                ('Fuzzy2', None)    16.497    17.273     4.7%    29.958    42.713    42.6%    40.784    66.260    62.5%    40.784    66.260    62.5%    75.640    68.200    -9.8%
  ('HighIntervalsOrdered', None)    18.763    14.405   -23.2%    27.472    23.278   -15.3%    28.195    23.860   -15.4%    28.195    23.860   -15.4%    58.746    73.897    25.8%
            ('HighPhrase', None)     4.133     3.973    -3.9%     7.370     7.648     3.8%    11.303    13.120    16.1%    11.303    13.120    16.1%    84.563    93.401    10.5%
      ('HighSloppyPhrase', None)    21.535    22.680     5.3%    38.388    45.456    18.4%    39.133    55.216    41.1%    39.133    55.216    41.1%    64.427    72.797    13.0%
          ('HighSpanNear', None)     7.839     7.695    -1.8%    20.871    18.762   -10.1%    31.900    21.904   -31.3%    31.900    21.904   -31.3%    42.055    61.860    47.1%
              ('HighTerm', None)     1.588     1.623     2.1%     8.131     2.161   -73.4%    11.901     5.002   -58.0%    11.901     5.002   -58.0%    36.065     8.351   -76.8%
('HighTermDayOfYearSort', 'DayOfYear')     2.285     2.021   -11.6%     5.750     4.778   -16.9%    17.500    17.022    -2.7%    17.500    17.022    -2.7%    38.358    38.012    -0.9%
  ('HighTermMonthSort', 'Month')     0.676     0.653    -3.4%     1.494     1.623     8.7%     1.597     3.079    92.8%     1.597     3.079    92.8%    19.883    68.550   244.8%
('HighTermTitleBDVSort', 'TitleBinary')    11.297    11.613     2.8%    31.295    29.936    -4.3%    37.476    55.481    48.0%    37.476    55.481    48.0%    62.884   147.071   133.9%
  ('HighTermTitleSort', 'Title')     8.919     9.475     6.2%    23.878    22.013    -7.8%    28.658    47.170    64.6%    28.658    47.170    64.6%    98.759    70.474   -28.6%
                ('IntNRQ', None)     1.315     1.427     8.5%     5.034     4.908    -2.5%     6.043     7.049    16.6%     6.043     7.049    16.6%    84.002   113.120    34.7%
                ('IntSet', None)     1.760     1.461   -17.0%     2.892     3.289    13.7%     6.283     7.207    14.7%     6.283     7.207    14.7%    46.267    72.450    56.6%
   ('LowIntervalsOrdered', None)     2.979     2.568   -13.8%     5.141     4.743    -7.7%    10.569     7.161   -32.3%    10.569     7.161   -32.3%    84.575    90.487     7.0%
             ('LowPhrase', None)     4.718     4.859     3.0%    10.898     7.529   -30.9%    11.323    28.481   151.5%    11.323    28.481   151.5%    37.062    73.069    97.2%
       ('LowSloppyPhrase', None)    10.734    10.577    -1.5%    16.317    23.445    43.7%    22.613    29.587    30.8%    22.613    29.587    30.8%   215.703   224.426     4.0%
           ('LowSpanNear', None)     5.072     4.871    -4.0%    10.285    12.177    18.4%    16.445    16.383    -0.4%    16.445    16.383    -0.4%    17.525    19.744    12.7%
               ('LowTerm', None)     0.445     0.475     6.6%     1.146     1.450    26.5%     1.699     1.619    -4.7%     1.699     1.619    -4.7%     1.754     8.801   401.8%
   ('MedIntervalsOrdered', None)     4.274     3.692   -13.6%     9.835     9.753    -0.8%    10.425    12.937    24.1%    10.425    12.937    24.1%    81.391    95.304    17.1%
             ('MedPhrase', None)     2.640     2.523    -4.5%     7.218     7.815     8.3%     8.259    26.431   220.0%     8.259    26.431   220.0%    12.719    53.065   317.2%
       ('MedSloppyPhrase', None)    10.810    12.059    11.6%    17.737    22.122    24.7%    21.750    31.570    45.1%    21.750    31.570    45.1%    53.120    45.238   -14.8%
           ('MedSpanNear', None)    10.932    10.995     0.6%    14.810    14.673    -0.9%    20.663    15.007   -27.4%    20.663    15.007   -27.4%   124.762   176.979    41.9%
               ('MedTerm', None)     0.706     0.660    -6.5%     1.829     2.244    22.7%     1.942     2.337    20.4%     1.942     2.337    20.4%     3.678     6.764    83.9%
  ('MedTermDayTaxoFacets', None)    10.522    11.016     4.7%    25.033    29.282    17.0%    29.470    37.500    27.2%    29.470    37.500    27.2%    29.604    54.800    85.1%
            ('OrHighHigh', None)     1.489     1.630     9.5%     7.445     2.891   -61.2%    15.392     9.323   -39.4%    15.392     9.323   -39.4%    65.191    59.307    -9.0%
             ('OrHighLow', None)     0.703     0.728     3.6%     1.488     1.391    -6.5%     2.309     1.676   -27.4%     2.309     1.676   -27.4%     5.011     4.553    -9.1%
             ('OrHighMed', None)     0.999     1.078     7.8%     1.861     2.068    11.1%     2.869     3.110     8.4%     2.869     3.110     8.4%    13.891    14.962     7.7%
('OrHighMedDayTaxoFacets', None)   125.802   133.697     6.3%   167.430   159.265    -4.9%   199.901   411.622   105.9%   199.901   411.622   105.9%   721.345   802.226    11.2%
         ('OrHighNotHigh', None)     1.117     1.255    12.3%     9.637     3.303   -65.7%    11.904    15.670    31.6%    11.904    15.670    31.6%   160.093   110.118   -31.2%
          ('OrHighNotLow', None)     1.165     1.067    -8.4%     6.489     5.388   -17.0%    24.035    14.510   -39.6%    24.035    14.510   -39.6%   129.500    99.461   -23.2%
          ('OrHighNotMed', None)     1.061     1.170    10.3%     2.359     3.775    60.0%     2.416     5.527   128.8%     2.416     5.527   128.8%    13.352     7.003   -47.6%
         ('OrNotHighHigh', None)     1.184     1.356    14.5%     5.096     3.157   -38.1%     9.044     6.269   -30.7%     9.044     6.269   -30.7%    12.386    11.067   -10.6%
          ('OrNotHighLow', None)     0.609     0.613     0.6%     1.601     1.403   -12.4%     2.789     1.861   -33.3%     2.789     1.861   -33.3%     3.973    21.485   440.8%
          ('OrNotHighMed', None)     1.079     1.108     2.6%     4.546     3.251   -28.5%     6.197     7.188    16.0%     6.197     7.188    16.0%     6.213    18.848   203.4%
                   ('PKLookup',)     5.754     5.337    -7.3%     9.938    10.287     3.5%    10.448    18.861    80.5%    10.448    18.861    80.5%    56.685    27.835   -50.9%
               ('Prefix3', None)     1.090     1.044    -4.2%     3.213     3.170    -1.4%    13.248    14.069     6.2%    13.248    14.069     6.2%    49.596    53.500     7.9%
                    ('Respell',)    12.665    12.130    -4.2%    17.844    29.719    66.5%    29.850    46.641    56.3%    29.850    46.641    56.3%    56.155    48.165   -14.2%
('TermDateTimeSort', 'DateTime')     2.148     2.101    -2.2%     6.519     4.488   -31.2%    15.462     7.224   -53.3%    15.462     7.224   -53.3%    99.193   112.761    13.7%
              ('Wildcard', None)     1.477     1.589     7.6%     2.976     5.177    74.0%     9.413     7.900   -16.1%     9.413     7.900   -16.1%    24.718    19.138   -22.6%
                 ('range', None)     0.167     0.182     8.9%     0.308     0.570    85.1%     0.612     6.882  1024.8%     0.612     6.882  1024.8%    12.161    11.978    -1.5%
                            Task    QPS armA      StdDev    QPS armG      StdDev                Pct diff p-value
       BrowseDayOfYearTaxoFacets       17.99     (47.9%)       15.34      (4.5%)  -14.7% ( -45% -   72%) 0.288
           BrowseMonthTaxoFacets       39.04     (21.4%)       34.18     (27.4%)  -12.4% ( -50% -   46%) 0.216
            BrowseDateTaxoFacets       16.80     (36.9%)       14.86      (6.3%)  -11.6% ( -39% -   50%) 0.285
     BrowseRandomLabelTaxoFacets       13.78     (36.4%)       12.50      (6.0%)   -9.3% ( -37% -   51%) 0.382
                      AndHighMed     1130.46      (7.6%)     1073.38      (7.0%)   -5.0% ( -18% -   10%) 0.091
                        Wildcard      716.60      (8.0%)      685.58      (7.0%)   -4.3% ( -17% -   11%) 0.160
                           range     6393.85      (9.2%)     6130.29     (14.1%)   -4.1% ( -25% -   21%) 0.398
           HighTermDayOfYearSort      481.55      (7.4%)      463.98     (12.6%)   -3.6% ( -21% -   17%) 0.386
                      AndHighLow     1909.46      (7.2%)     1843.46      (6.3%)   -3.5% ( -15% -   10%) 0.211
                          IntNRQ      706.84      (7.4%)      689.22      (8.0%)   -2.5% ( -16% -   13%) 0.427
                       ConstMSM2     1370.24      (5.6%)     1337.68      (3.9%)   -2.4% ( -11% -    7%) 0.228
                         LowTerm     2410.12      (5.0%)     2353.45      (6.3%)   -2.4% ( -12% -    9%) 0.310
                    OrNotHighLow     1562.57     (14.0%)     1536.86      (9.2%)   -1.6% ( -21% -   25%) 0.734
               HighTermTitleSort      109.01     (12.6%)      107.26      (9.3%)   -1.6% ( -20% -   23%) 0.721
            HighIntervalsOrdered       61.28      (7.5%)       60.41      (8.2%)   -1.4% ( -15% -   15%) 0.658
                     LowSpanNear      214.17      (5.2%)      211.26     (11.7%)   -1.4% ( -17% -   16%) 0.714
                     AndHighHigh      624.69     (13.1%)      616.51     (11.7%)   -1.3% ( -23% -   27%) 0.796
       BrowseDayOfYearSSDVFacets       15.60      (8.1%)       15.40      (6.0%)   -1.3% ( -14% -   13%) 0.659
            BrowseDateSSDVFacets        2.86      (5.4%)        2.83      (7.5%)   -1.2% ( -13% -   12%) 0.646
           BrowseMonthSSDVFacets       16.40     (12.0%)       16.21     (10.3%)   -1.1% ( -20% -   24%) 0.801
                        HighTerm      644.77      (3.4%)      638.16      (3.1%)   -1.0% (  -7% -    5%) 0.443
                  AndMissingHigh     3674.51      (6.8%)     3639.02      (5.4%)   -1.0% ( -12% -   12%) 0.701
                        PKLookup      217.06     (10.5%)      215.04     (11.4%)   -0.9% ( -20% -   23%) 0.835
                     MedSpanNear       93.69      (9.1%)       93.04     (11.0%)   -0.7% ( -19% -   21%) 0.867
                        BM25MSM2       47.97      (5.0%)       47.67      (4.3%)   -0.6% (  -9% -    9%) 0.739
                       OrHighMed      947.92      (9.8%)      943.49      (5.5%)   -0.5% ( -14% -   16%) 0.885
                          IntSet      696.10     (10.3%)      693.90      (7.7%)   -0.3% ( -16% -   19%) 0.932
                       LowPhrase      197.88      (7.2%)      197.54      (5.3%)   -0.2% ( -11% -   13%) 0.947
          OrHighMedDayTaxoFacets        7.57      (4.9%)        7.57      (5.9%)   -0.0% ( -10% -   11%) 0.991
                HighSloppyPhrase       45.88      (3.6%)       45.95      (4.3%)    0.1% (  -7% -    8%) 0.928
                      TermDTSort      455.05      (5.0%)      455.86      (4.7%)    0.2% (  -9% -   10%) 0.928
                          Fuzzy2       62.41      (5.9%)       62.60      (6.4%)    0.3% ( -11% -   13%) 0.902
                    OrHighNotMed      985.12      (9.0%)      988.61      (6.8%)    0.4% ( -14% -   17%) 0.913
                         Respell       75.98      (5.6%)       76.27      (9.0%)    0.4% ( -13% -   15%) 0.899
                       OrHighLow     1311.82     (11.0%)     1318.64      (6.6%)    0.5% ( -15% -   20%) 0.888
            MedTermDayTaxoFacets       94.27      (6.1%)       94.94      (4.3%)    0.7% (  -9% -   11%) 0.746
             LowIntervalsOrdered      312.75     (11.4%)      315.35     (16.2%)    0.8% ( -24% -   32%) 0.885
                    OrHighNotLow      890.76      (8.6%)      898.33     (13.5%)    0.9% ( -19% -   25%) 0.854
         AndHighMedDayTaxoFacets      190.92      (3.2%)      192.66      (3.1%)    0.9% (  -5% -    7%) 0.481
             MedIntervalsOrdered      252.93      (6.5%)      255.48     (13.1%)    1.0% ( -17% -   22%) 0.811
                 MedSloppyPhrase       93.36      (8.0%)       94.51      (5.8%)    1.2% ( -11% -   16%) 0.665
                      OrHighHigh      624.56      (9.8%)      633.76      (5.9%)    1.5% ( -12% -   19%) 0.656
                    OrNotHighMed      968.55      (9.0%)      983.49      (8.8%)    1.5% ( -14% -   21%) 0.671
     BrowseRandomLabelSSDVFacets       11.16      (4.7%)       11.35      (6.2%)    1.7% (  -8% -   13%) 0.450
                         MedTerm     1527.23      (5.5%)     1554.48      (5.4%)    1.8% (  -8% -   13%) 0.423
                       MedPhrase      381.90      (9.3%)      389.05      (2.9%)    1.9% (  -9% -   15%) 0.507
                    HighSpanNear      130.07      (4.7%)      133.22      (3.3%)    2.4% (  -5% -   10%) 0.145
                         Prefix3      896.27     (10.6%)      922.45     (15.0%)    2.9% ( -20% -   31%) 0.581
            HighTermTitleBDVSort       83.23      (6.9%)       86.03      (4.7%)    3.4% (  -7% -   16%) 0.160
                 LowSloppyPhrase       92.24      (7.7%)       95.78      (4.3%)    3.8% (  -7% -   17%) 0.134
                   OrHighNotHigh      833.09      (7.0%)      865.33      (3.7%)    3.9% (  -6% -   15%) 0.090
        AndHighHighDayTaxoFacets       54.96      (8.8%)       57.12      (7.1%)    3.9% ( -11% -   21%) 0.229
                   OrNotHighHigh      796.45      (8.6%)      829.76      (4.9%)    4.2% (  -8% -   19%) 0.142
                      HighPhrase      233.03      (7.3%)      243.31      (4.2%)    4.4% (  -6% -   17%) 0.070
               HighTermMonthSort     1516.69      (5.6%)     1592.10      (7.4%)    5.0% (  -7% -   19%) 0.064
                          Fuzzy1       85.71      (6.9%)       90.16      (6.7%)    5.2% (  -7% -   20%) 0.060
  iter 12
    armG:
      NOTE: using experimental CPU time profiler (see https://mostlynerdless.de/blog/2025/06/11/java-25s-new-cpu-time-profiler-1)
      log: /home/goankur/vsearch/logs/FAG.armG.12 + stdout
      run: /usr/bin/perf stat -dd -e task-clock,cycles,instructions,cache-references,cache-misses,L1-dcache-loads,L1-dcache-load-misses,L1-icache-loads,L1-icache-load-misses,LLC-loads,LLC-load-misses,LLC-stores,LLC-store-misses,LLC-prefetches,LLC-prefetch-misses,faults,minor-faults,major-faults,branches,branch-misses,stalled-cycles-frontend,stalled-cycles-backend /home/goankur/jdk/corretto-25/bin/java -server -Xms2g -Xmx2g --add-modules jdk.incubator.vector -XX:+HeapDumpOnOutOfMemoryError -XX:+UseParallelGC -XX:StartFlightRecording=jdk.CPUTimeSample#enabled=true,dumponexit=true,maxsize=250M,settings=/home/goankur/vsearch/util/src/python/profiling.jfc,filename=/home/goankur/vsearch/logs/bench-search-FAG-armG-12.jfr -XX:+UnlockDiagnosticVMOptions -XX:+DebugNonSafepoints -classpath /home/goankur/vsearch/bo/lucene-G/lucene/core/build/libs/lucene-core-11.0.0-SNAPSHOT.jar:/home/goankur/vsearch/bo/lucene-G/lucene/sandbox/build/classes/java/main:/home/goankur/vsearch/bo/lucene-G/lucene/misc/build/classes/java/main:/home/goankur/vsearch/bo/lucene-G/lucene/facet/build/classes/java/main:/home/goankur/vsearch/bo/lucene-G/lucene/analysis/common/build/classes/java/main:/home/goankur/vsearch/bo/lucene-G/lucene/analysis/icu/build/classes/java/main:/home/goankur/vsearch/bo/lucene-G/lucene/queryparser/build/classes/java/main:/home/goankur/vsearch/bo/lucene-G/lucene/grouping/build/classes/java/main:/home/goankur/vsearch/bo/lucene-G/lucene/suggest/build/classes/java/main:/home/goankur/vsearch/bo/lucene-G/lucene/highlighter/build/classes/java/main:/home/goankur/vsearch/bo/lucene-G/lucene/codecs/build/classes/java/main:/home/goankur/vsearch/bo/lucene-G/lucene/queries/build/classes/java/main:/home/goankur/vsearch/bo/lucene-G/lucene/join/build/classes/java/main:/home/goankur/vsearch/bo/lucene-G/lucene/spatial3d/build/classes/java/main:/home/goankur/vsearch/util/lib/HdrHistogram.jar:/home/goankur/vsearch/util/src/main/build/classes/java/main:/home/goankur/vsearch/util/build perf.SearchPerfTest -dirImpl MMapDirectory -indexPath /home/goankur/vsearch/indices/wikimedium10m.lucene-A.facets.taxonomy:Date.taxonomy:Month.taxonomy:DayOfYear.sortedset:Date.sortedset:Month.sortedset:DayOfYear.taxonomy:RandomLabel.sortedset:RandomLabel.Lucene90.Lucene104.dvfields.nd10M -facets taxonomy:Date;Date -facets taxonomy:Month;Month -facets taxonomy:DayOfYear;DayOfYear -facets sortedset:Date;Date -facets sortedset:Month;Month -facets sortedset:DayOfYear;DayOfYear -facets taxonomy:RandomLabel;RandomLabel -facets sortedset:RandomLabel;RandomLabel -analyzer StandardAnalyzer -taskSource /home/goankur/vsearch/util/tasks/wikimedium.10M.nostopwords.tasks -numConcurrentQueries 5 -taskRepeatCount 20 -field body -tasksPerCat 1 -searchConcurrency -1 -staticSeed 137351 -seed -3460686 -similarity BM25Similarity -commit multi -hiliteImpl FastVectorHighlighter -log /home/goankur/vsearch/logs/FAG.armG.12 -topN 100 -context  -pk -pollute
      10.4 s
      212.1 actual sustained QPS; -1.0 CPU cores used
    armA:
      NOTE: using experimental CPU time profiler (see https://mostlynerdless.de/blog/2025/06/11/java-25s-new-cpu-time-profiler-1)
      log: /home/goankur/vsearch/logs/FAG.armA.12 + stdout
      run: /usr/bin/perf stat -dd -e task-clock,cycles,instructions,cache-references,cache-misses,L1-dcache-loads,L1-dcache-load-misses,L1-icache-loads,L1-icache-load-misses,LLC-loads,LLC-load-misses,LLC-stores,LLC-store-misses,LLC-prefetches,LLC-prefetch-misses,faults,minor-faults,major-faults,branches,branch-misses,stalled-cycles-frontend,stalled-cycles-backend /home/goankur/jdk/corretto-25/bin/java -server -Xms2g -Xmx2g --add-modules jdk.incubator.vector -XX:+HeapDumpOnOutOfMemoryError -XX:+UseParallelGC -XX:StartFlightRecording=jdk.CPUTimeSample#enabled=true,dumponexit=true,maxsize=250M,settings=/home/goankur/vsearch/util/src/python/profiling.jfc,filename=/home/goankur/vsearch/logs/bench-search-FAG-armA-12.jfr -XX:+UnlockDiagnosticVMOptions -XX:+DebugNonSafepoints -classpath /home/goankur/vsearch/bo/lucene-A/lucene/core/build/libs/lucene-core-11.0.0-SNAPSHOT.jar:/home/goankur/vsearch/bo/lucene-A/lucene/sandbox/build/classes/java/main:/home/goankur/vsearch/bo/lucene-A/lucene/misc/build/classes/java/main:/home/goankur/vsearch/bo/lucene-A/lucene/facet/build/classes/java/main:/home/goankur/vsearch/bo/lucene-A/lucene/analysis/common/build/classes/java/main:/home/goankur/vsearch/bo/lucene-A/lucene/analysis/icu/build/classes/java/main:/home/goankur/vsearch/bo/lucene-A/lucene/queryparser/build/classes/java/main:/home/goankur/vsearch/bo/lucene-A/lucene/grouping/build/classes/java/main:/home/goankur/vsearch/bo/lucene-A/lucene/suggest/build/classes/java/main:/home/goankur/vsearch/bo/lucene-A/lucene/highlighter/build/classes/java/main:/home/goankur/vsearch/bo/lucene-A/lucene/codecs/build/classes/java/main:/home/goankur/vsearch/bo/lucene-A/lucene/queries/build/classes/java/main:/home/goankur/vsearch/bo/lucene-A/lucene/join/build/classes/java/main:/home/goankur/vsearch/bo/lucene-A/lucene/spatial3d/build/classes/java/main:/home/goankur/vsearch/util/lib/HdrHistogram.jar:/home/goankur/vsearch/util/src/main/build/classes/java/main:/home/goankur/vsearch/util/build perf.SearchPerfTest -dirImpl MMapDirectory -indexPath /home/goankur/vsearch/indices/wikimedium10m.lucene-A.facets.taxonomy:Date.taxonomy:Month.taxonomy:DayOfYear.sortedset:Date.sortedset:Month.sortedset:DayOfYear.taxonomy:RandomLabel.sortedset:RandomLabel.Lucene90.Lucene104.dvfields.nd10M -facets taxonomy:Date;Date -facets taxonomy:Month;Month -facets taxonomy:DayOfYear;DayOfYear -facets sortedset:Date;Date -facets sortedset:Month;Month -facets sortedset:DayOfYear;DayOfYear -facets taxonomy:RandomLabel;RandomLabel -facets sortedset:RandomLabel;RandomLabel -analyzer StandardAnalyzer -taskSource /home/goankur/vsearch/util/tasks/wikimedium.10M.nostopwords.tasks -numConcurrentQueries 5 -taskRepeatCount 20 -field body -tasksPerCat 1 -searchConcurrency -1 -staticSeed 137351 -seed -3460686 -similarity BM25Similarity -commit multi -hiliteImpl FastVectorHighlighter -log /home/goankur/vsearch/logs/FAG.armA.12 -topN 100 -context  -pk -pollute
      9.9 s
      240.6 actual sustained QPS; -1.0 CPU cores used

Report after iter 12:
QPSChart.supported == False
                            Task     P50 B     P50 C     Diff     P90 B     P90 C     Diff     P99 B     P99 C     Diff    P999 B    P999 C     Diff    P100 B    P100 C     Diff
           ('AndHighHigh', None)     1.500     1.419    -5.4%     3.748     6.193    65.3%    21.050    28.331    34.6%    21.050    28.331    34.6%   323.908   293.433    -9.4%
('AndHighHighDayTaxoFacets', None)    19.988    17.629   -11.8%    30.492    29.379    -3.6%    55.875    34.507   -38.2%    55.875    34.507   -38.2%    99.109    87.748   -11.5%
            ('AndHighLow', None)     0.549     0.617    12.4%     1.418     1.263   -11.0%     1.959     1.472   -24.9%     1.959     1.472   -24.9%     7.493     3.061   -59.2%
            ('AndHighMed', None)     0.921     0.918    -0.4%     2.067     3.864    87.0%     4.651     4.523    -2.7%     4.651     4.523    -2.7%     4.943     9.469    91.6%
('AndHighMedDayTaxoFacets', None)     5.493     5.456    -0.7%    10.212     8.392   -17.8%    11.883    14.822    24.7%    11.883    14.822    24.7%   426.911   403.276    -5.5%
     ('AndMissingHigh', 'Title')     0.335     0.312    -7.0%     0.623     0.851    36.5%     0.917     0.856    -6.6%     0.917     0.856    -6.6%     1.237     1.246     0.7%
              ('BM25MSM2', None)    20.916    20.523    -1.9%    29.747    27.516    -7.5%    36.694    43.341    18.1%    36.694    43.341    18.1%   137.544   152.756    11.1%
  ('BrowseDateSSDVFacets', None)   341.057   395.009    15.8%   372.058   451.854    21.4%   392.004   467.906    19.4%   392.004   467.906    19.4%   578.042   749.925    29.7%
  ('BrowseDateTaxoFacets', None)    71.901    76.751     6.7%    80.585    85.980     6.7%    80.743    88.373     9.5%    80.743    88.373     9.5%   160.683   158.264    -1.5%
('BrowseDayOfYearSSDVFacets', None)    65.470    71.972     9.9%    81.301    84.772     4.3%    83.358    88.572     6.3%    83.358    88.572     6.3%    91.967    89.752    -2.4%
('BrowseDayOfYearTaxoFacets', None)    63.978    70.712    10.5%    77.678    84.247     8.5%    78.502    85.449     8.8%    78.502    85.449     8.8%    85.248    91.142     6.9%
 ('BrowseMonthSSDVFacets', None)    62.251    62.842     0.9%    78.055    86.980    11.4%    79.251    90.943    14.8%    79.251    90.943    14.8%   250.033   385.966    54.4%
 ('BrowseMonthTaxoFacets', None)    25.497    29.757    16.7%    31.649    75.150   137.5%   163.292   193.669    18.6%   163.292   193.669    18.6%   267.758   234.548   -12.4%
('BrowseRandomLabelSSDVFacets', None)    88.015    86.659    -1.5%   122.945   114.692    -6.7%   141.623   157.985    11.6%   141.623   157.985    11.6%   193.136   231.495    19.9%
('BrowseRandomLabelTaxoFacets', None)    78.335    88.854    13.4%    94.083    97.962     4.1%   118.534   118.134    -0.3%   118.534   118.134    -0.3%   184.623   138.571   -24.9%
             ('ConstMSM2', None)     0.752     0.762     1.3%     2.248     1.637   -27.2%     3.774     2.323   -38.4%     3.774     2.323   -38.4%    25.678    21.684   -15.6%
                ('Fuzzy1', None)    10.543    11.343     7.6%    17.515    16.227    -7.4%    49.036   109.533   123.4%    49.036   109.533   123.4%   162.553   181.059    11.4%
                ('Fuzzy2', None)    17.528    17.096    -2.5%    29.743    25.882   -13.0%    36.767    47.170    28.3%    36.767    47.170    28.3%    55.154    48.938   -11.3%
  ('HighIntervalsOrdered', None)    18.463    17.605    -4.6%    25.645    25.317    -1.3%    37.405    31.550   -15.7%    37.405    31.550   -15.7%   210.474   217.039     3.1%
            ('HighPhrase', None)     4.090     3.880    -5.1%     7.372     9.346    26.8%    13.981     9.591   -31.4%    13.981     9.591   -31.4%    70.856    72.655     2.5%
      ('HighSloppyPhrase', None)    21.056    21.466     1.9%    27.860    35.847    28.7%    36.752    38.085     3.6%    36.752    38.085     3.6%   182.291   244.683    34.2%
          ('HighSpanNear', None)     7.576     7.131    -5.9%    13.688    16.385    19.7%    17.354    18.109     4.4%    17.354    18.109     4.4%   123.493   138.645    12.3%
              ('HighTerm', None)     1.531     1.638     6.9%     5.970     3.694   -38.1%     6.522    11.015    68.9%     6.522    11.015    68.9%    38.331    12.730   -66.8%
('HighTermDayOfYearSort', 'DayOfYear')     2.673     2.343   -12.3%     5.820     7.541    29.6%    14.051    21.760    54.9%    14.051    21.760    54.9%    70.392    56.488   -19.8%
  ('HighTermMonthSort', 'Month')     0.623     0.649     4.2%     1.216     1.302     7.1%     4.804     4.036   -16.0%     4.804     4.036   -16.0%    10.704     5.639   -47.3%
('HighTermTitleBDVSort', 'TitleBinary')    12.672    12.235    -3.4%    23.283    24.571     5.5%    28.973    25.922   -10.5%    28.973    25.922   -10.5%   110.799   101.230    -8.6%
  ('HighTermTitleSort', 'Title')     9.707    10.420     7.3%    42.930    17.051   -60.3%    57.538    32.891   -42.8%    57.538    32.891   -42.8%   180.591   148.775   -17.6%
                ('IntNRQ', None)     1.491     1.858    24.6%     4.736     4.062   -14.2%     7.576     4.757   -37.2%     7.576     4.757   -37.2%    82.840    85.547     3.3%
                ('IntSet', None)     1.697     1.580    -6.9%     2.904     4.074    40.3%     7.729     6.204   -19.7%     7.729     6.204   -19.7%    47.218    38.055   -19.4%
   ('LowIntervalsOrdered', None)     3.686     3.782     2.6%     4.961     5.774    16.4%     7.194     8.549    18.8%     7.194     8.549    18.8%    14.287    17.152    20.1%
             ('LowPhrase', None)     5.215     4.930    -5.5%     9.803    11.266    14.9%    15.253    14.780    -3.1%    15.253    14.780    -3.1%    21.445    19.095   -11.0%
       ('LowSloppyPhrase', None)     9.814    10.213     4.1%    19.335    17.713    -8.4%    19.424    19.320    -0.5%    19.424    19.320    -0.5%    21.272    29.468    38.5%
           ('LowSpanNear', None)     4.428     4.481     1.2%     9.991    11.339    13.5%    18.432    12.531   -32.0%    18.432    12.531   -32.0%    24.188    29.253    20.9%
               ('LowTerm', None)     0.427     0.453     6.2%     1.163     0.746   -35.8%     1.235     1.021   -17.4%     1.235     1.021   -17.4%     1.885     4.229   124.4%
   ('MedIntervalsOrdered', None)     4.185     4.446     6.3%     8.162     6.892   -15.6%     8.866    16.780    89.3%     8.866    16.780    89.3%    18.731    68.409   265.2%
             ('MedPhrase', None)     2.602     3.116    19.8%     8.642     7.887    -8.7%    13.556    10.011   -26.2%    13.556    10.011   -26.2%    74.108   106.524    43.7%
       ('MedSloppyPhrase', None)    10.174    10.289     1.1%    16.549    19.314    16.7%    17.010    19.762    16.2%    17.010    19.762    16.2%    48.862    32.265   -34.0%
           ('MedSpanNear', None)    10.622    11.686    10.0%    17.155    15.762    -8.1%    17.661    18.511     4.8%    17.661    18.511     4.8%    36.202    39.856    10.1%
               ('MedTerm', None)     0.707     0.718     1.6%     1.056     1.274    20.7%     1.441     1.692    17.4%     1.441     1.692    17.4%     1.598     1.723     7.8%
  ('MedTermDayTaxoFacets', None)    11.704    11.423    -2.4%    28.289    20.676   -26.9%    31.968    28.258   -11.6%    31.968    28.258   -11.6%    75.298    60.487   -19.7%
            ('OrHighHigh', None)     1.837     1.840     0.2%     3.433     4.433    29.1%     3.597     5.540    54.0%     3.597     5.540    54.0%     8.353     9.651    15.5%
             ('OrHighLow', None)     0.868     0.904     4.1%     1.609     1.847    14.8%     1.876     2.086    11.2%     1.876     2.086    11.2%     4.916     3.517   -28.5%
             ('OrHighMed', None)     1.170     1.297    10.9%     2.583     6.343   145.6%     2.779     7.829   181.7%     2.779     7.829   181.7%     5.810     9.977    71.7%
('OrHighMedDayTaxoFacets', None)   132.534   169.445    27.8%   188.499   268.336    42.4%   433.670   428.660    -1.2%   433.670   428.660    -1.2%   713.326   678.133    -4.9%
         ('OrHighNotHigh', None)     1.231     1.200    -2.5%     2.515     8.331   231.2%     7.034     9.003    28.0%     7.034     9.003    28.0%    12.814    11.131   -13.1%
          ('OrHighNotLow', None)     1.339     1.219    -9.0%     9.134     2.858   -68.7%    10.898     5.012   -54.0%    10.898     5.012   -54.0%    13.726    15.597    13.6%
          ('OrHighNotMed', None)     1.017     0.979    -3.7%     2.066     2.621    26.8%     2.194     2.771    26.3%     2.194     2.771    26.3%   173.461   151.816   -12.5%
         ('OrNotHighHigh', None)     1.913     1.197   -37.4%     3.467     8.367   141.3%     6.798     8.704    28.0%     6.798     8.704    28.0%    10.586    13.329    25.9%
          ('OrNotHighLow', None)     0.734     0.698    -5.0%     1.565     2.016    28.8%     1.867     2.275    21.8%     1.867     2.275    21.8%     1.934     3.607    86.5%
          ('OrNotHighMed', None)     1.029     1.256    22.0%     2.173     2.488    14.5%     2.793     3.217    15.2%     2.793     3.217    15.2%     6.972     6.486    -7.0%
                   ('PKLookup',)     5.350     4.581   -14.4%     8.402     9.095     8.2%     9.968     9.156    -8.1%     9.968     9.156    -8.1%    29.752    43.892    47.5%
               ('Prefix3', None)     1.194     1.397    17.0%     2.434     2.895    19.0%     5.431     5.233    -3.6%     5.431     5.233    -3.6%    22.497    16.200   -28.0%
                    ('Respell',)    12.498    13.739     9.9%    18.337    20.477    11.7%    43.754    21.299   -51.3%    43.754    21.299   -51.3%    75.291    60.849   -19.2%
('TermDateTimeSort', 'DateTime')     3.008     2.680   -10.9%     8.185     4.550   -44.4%    13.206    24.197    83.2%    13.206    24.197    83.2%    85.830    69.522   -19.0%
              ('Wildcard', None)     1.435     1.619    12.8%     4.365     2.601   -40.4%    13.233    11.334   -14.4%    13.233    11.334   -14.4%   137.474    77.450   -43.7%
                 ('range', None)     0.156     0.169     8.3%     0.467     0.458    -2.0%     0.716     0.569   -20.5%     0.716     0.569   -20.5%     0.733     8.632  1077.0%
                            Task    QPS armA      StdDev    QPS armG      StdDev                Pct diff p-value
       BrowseDayOfYearTaxoFacets       17.83     (46.4%)       15.33      (4.4%)  -14.0% ( -44% -   68%) 0.278
           BrowseMonthTaxoFacets       39.08     (20.5%)       34.21     (26.2%)  -12.5% ( -49% -   43%) 0.177
            BrowseDateTaxoFacets       16.65     (35.8%)       14.74      (6.6%)  -11.5% ( -39% -   48%) 0.256
     BrowseRandomLabelTaxoFacets       13.72     (35.0%)       12.44      (6.0%)   -9.3% ( -37% -   48%) 0.345
                        Wildcard      716.45      (7.7%)      683.79      (6.8%)   -4.6% ( -17% -   10%) 0.109
                      AndHighMed     1134.65      (7.3%)     1084.39      (7.6%)   -4.4% ( -18% -   11%) 0.130
                           range     6402.83      (8.8%)     6145.61     (13.6%)   -4.0% ( -24% -   20%) 0.371
                      AndHighLow     1912.16      (6.9%)     1836.55      (6.1%)   -4.0% ( -15% -    9%) 0.123
                          IntNRQ      708.19      (7.1%)      684.62      (8.0%)   -3.3% ( -17% -   12%) 0.261
           HighTermDayOfYearSort      475.25      (8.6%)      462.01     (12.3%)   -2.8% ( -21% -   19%) 0.503
                       ConstMSM2     1379.69      (5.9%)     1346.01      (4.3%)   -2.4% ( -11% -    8%) 0.227
                         LowTerm     2410.33      (4.8%)     2355.93      (6.0%)   -2.3% ( -12% -    8%) 0.290
            BrowseDateSSDVFacets        2.87      (5.2%)        2.81      (7.6%)   -2.2% ( -14% -   11%) 0.395
          OrHighMedDayTaxoFacets        7.59      (4.7%)        7.45      (8.1%)   -1.9% ( -14% -   11%) 0.471
       BrowseDayOfYearSSDVFacets       15.59      (7.7%)       15.32      (6.0%)   -1.8% ( -14% -   13%) 0.516
                     MedSpanNear       94.13      (8.9%)       92.70     (10.6%)   -1.5% ( -19% -   19%) 0.693
               HighTermTitleSort      108.81     (12.1%)      107.21      (8.9%)   -1.5% ( -20% -   22%) 0.725
           BrowseMonthSSDVFacets       16.43     (11.5%)       16.23      (9.8%)   -1.3% ( -20% -   22%) 0.765
                     LowSpanNear      215.09      (5.2%)      212.41     (11.4%)   -1.2% ( -16% -   16%) 0.719
                    OrNotHighLow     1553.21     (13.7%)     1534.92      (8.9%)   -1.2% ( -20% -   24%) 0.794
            HighIntervalsOrdered       60.85      (7.7%)       60.22      (8.0%)   -1.1% ( -15% -   15%) 0.732
                        HighTerm      646.77      (3.4%)      640.15      (3.2%)   -1.0% (  -7% -    5%) 0.432
                     AndHighHigh      630.34     (12.9%)      624.93     (12.1%)   -0.9% ( -22% -   27%) 0.861
                       OrHighMed      942.92      (9.6%)      938.91      (5.6%)   -0.4% ( -14% -   16%) 0.890
                        BM25MSM2       47.99      (4.7%)       47.79      (4.2%)   -0.4% (  -8% -    8%) 0.811
                         Respell       76.48      (5.8%)       76.31      (8.5%)   -0.2% ( -13% -   15%) 0.938
                  AndMissingHigh     3629.33      (8.0%)     3627.89      (5.4%)   -0.0% ( -12% -   14%) 0.988
                       OrHighLow     1305.91     (10.7%)     1307.99      (7.0%)    0.2% ( -15% -   20%) 0.964
                          IntSet      688.97     (10.6%)      690.61      (7.6%)    0.2% ( -16% -   20%) 0.947
                       LowPhrase      197.82      (6.9%)      198.30      (5.3%)    0.2% ( -11% -   13%) 0.919
                HighSloppyPhrase       46.04      (3.6%)       46.16      (4.4%)    0.3% (  -7% -    8%) 0.863
                        PKLookup      215.84     (10.3%)      216.67     (11.3%)    0.4% ( -19% -   24%) 0.928
                    OrNotHighMed      972.43      (8.7%)      976.38      (8.8%)    0.4% ( -15% -   19%) 0.906
             MedIntervalsOrdered      252.04      (6.3%)      253.46     (12.9%)    0.6% ( -17% -   21%) 0.888
             LowIntervalsOrdered      310.50     (11.3%)      312.53     (15.9%)    0.7% ( -23% -   31%) 0.904
                       MedPhrase      385.38      (9.4%)      388.40      (2.8%)    0.8% ( -10% -   14%) 0.774
                 MedSloppyPhrase       94.01      (8.0%)       94.79      (5.6%)    0.8% ( -11% -   15%) 0.760
                          Fuzzy2       62.09      (6.0%)       62.65      (6.2%)    0.9% ( -10% -   13%) 0.702
            MedTermDayTaxoFacets       93.66      (6.4%)       94.51      (4.5%)    0.9% (  -9% -   12%) 0.672
                    OrHighNotMed      986.69      (8.6%)      996.32      (7.0%)    1.0% ( -13% -   18%) 0.752
                      OrHighHigh      622.45      (9.5%)      628.92      (6.3%)    1.0% ( -13% -   18%) 0.743
         AndHighMedDayTaxoFacets      190.64      (3.1%)      192.74      (3.0%)    1.1% (  -4% -    7%) 0.359
                      TermDTSort      446.90      (8.2%)      453.14      (5.1%)    1.4% ( -10% -   15%) 0.600
                    OrHighNotLow      884.27      (8.7%)      896.86     (13.1%)    1.4% ( -18% -   25%) 0.744
                         MedTerm     1529.98      (5.3%)     1555.28      (5.1%)    1.7% (  -8% -   12%) 0.420
     BrowseRandomLabelSSDVFacets       11.23      (4.9%)       11.42      (6.3%)    1.7% (  -9% -   13%) 0.453
                    HighSpanNear      130.31      (4.5%)      133.85      (3.6%)    2.7% (  -5% -   11%) 0.092
                         Prefix3      894.58     (10.2%)      922.17     (14.4%)    3.1% ( -19% -   30%) 0.527
            HighTermTitleBDVSort       83.48      (6.7%)       86.18      (4.5%)    3.2% (  -7% -   15%) 0.147
                   OrHighNotHigh      836.48      (6.8%)      864.68      (3.5%)    3.4% (  -6% -   14%) 0.113
                 LowSloppyPhrase       93.02      (7.9%)       96.21      (4.4%)    3.4% (  -8% -   17%) 0.173
               HighTermMonthSort     1529.70      (6.1%)     1588.98      (7.1%)    3.9% (  -8% -   18%) 0.136
        AndHighHighDayTaxoFacets       54.75      (8.6%)       57.10      (6.8%)    4.3% ( -10% -   21%) 0.158
                      HighPhrase      234.37      (7.3%)      244.60      (4.4%)    4.4% (  -6% -   17%) 0.065
                          Fuzzy1       86.43      (7.2%)       90.35      (6.4%)    4.5% (  -8% -   19%) 0.089
                   OrNotHighHigh      784.50     (10.0%)      831.77      (4.9%)    6.0% (  -8% -   23%) 0.050
  iter 13
    armA:
      NOTE: using experimental CPU time profiler (see https://mostlynerdless.de/blog/2025/06/11/java-25s-new-cpu-time-profiler-1)
      log: /home/goankur/vsearch/logs/FAG.armA.13 + stdout
      run: /usr/bin/perf stat -dd -e task-clock,cycles,instructions,cache-references,cache-misses,L1-dcache-loads,L1-dcache-load-misses,L1-icache-loads,L1-icache-load-misses,LLC-loads,LLC-load-misses,LLC-stores,LLC-store-misses,LLC-prefetches,LLC-prefetch-misses,faults,minor-faults,major-faults,branches,branch-misses,stalled-cycles-frontend,stalled-cycles-backend /home/goankur/jdk/corretto-25/bin/java -server -Xms2g -Xmx2g --add-modules jdk.incubator.vector -XX:+HeapDumpOnOutOfMemoryError -XX:+UseParallelGC -XX:StartFlightRecording=jdk.CPUTimeSample#enabled=true,dumponexit=true,maxsize=250M,settings=/home/goankur/vsearch/util/src/python/profiling.jfc,filename=/home/goankur/vsearch/logs/bench-search-FAG-armA-13.jfr -XX:+UnlockDiagnosticVMOptions -XX:+DebugNonSafepoints -classpath /home/goankur/vsearch/bo/lucene-A/lucene/core/build/libs/lucene-core-11.0.0-SNAPSHOT.jar:/home/goankur/vsearch/bo/lucene-A/lucene/sandbox/build/classes/java/main:/home/goankur/vsearch/bo/lucene-A/lucene/misc/build/classes/java/main:/home/goankur/vsearch/bo/lucene-A/lucene/facet/build/classes/java/main:/home/goankur/vsearch/bo/lucene-A/lucene/analysis/common/build/classes/java/main:/home/goankur/vsearch/bo/lucene-A/lucene/analysis/icu/build/classes/java/main:/home/goankur/vsearch/bo/lucene-A/lucene/queryparser/build/classes/java/main:/home/goankur/vsearch/bo/lucene-A/lucene/grouping/build/classes/java/main:/home/goankur/vsearch/bo/lucene-A/lucene/suggest/build/classes/java/main:/home/goankur/vsearch/bo/lucene-A/lucene/highlighter/build/classes/java/main:/home/goankur/vsearch/bo/lucene-A/lucene/codecs/build/classes/java/main:/home/goankur/vsearch/bo/lucene-A/lucene/queries/build/classes/java/main:/home/goankur/vsearch/bo/lucene-A/lucene/join/build/classes/java/main:/home/goankur/vsearch/bo/lucene-A/lucene/spatial3d/build/classes/java/main:/home/goankur/vsearch/util/lib/HdrHistogram.jar:/home/goankur/vsearch/util/src/main/build/classes/java/main:/home/goankur/vsearch/util/build perf.SearchPerfTest -dirImpl MMapDirectory -indexPath /home/goankur/vsearch/indices/wikimedium10m.lucene-A.facets.taxonomy:Date.taxonomy:Month.taxonomy:DayOfYear.sortedset:Date.sortedset:Month.sortedset:DayOfYear.taxonomy:RandomLabel.sortedset:RandomLabel.Lucene90.Lucene104.dvfields.nd10M -facets taxonomy:Date;Date -facets taxonomy:Month;Month -facets taxonomy:DayOfYear;DayOfYear -facets sortedset:Date;Date -facets sortedset:Month;Month -facets sortedset:DayOfYear;DayOfYear -facets taxonomy:RandomLabel;RandomLabel -facets sortedset:RandomLabel;RandomLabel -analyzer StandardAnalyzer -taskSource /home/goankur/vsearch/util/tasks/wikimedium.10M.nostopwords.tasks -numConcurrentQueries 5 -taskRepeatCount 20 -field body -tasksPerCat 1 -searchConcurrency -1 -staticSeed 137351 -seed -5481770 -similarity BM25Similarity -commit multi -hiliteImpl FastVectorHighlighter -log /home/goankur/vsearch/logs/FAG.armA.13 -topN 100 -context  -pk -pollute
      9.6 s
      227.1 actual sustained QPS; -1.0 CPU cores used
    armG:
      NOTE: using experimental CPU time profiler (see https://mostlynerdless.de/blog/2025/06/11/java-25s-new-cpu-time-profiler-1)
      log: /home/goankur/vsearch/logs/FAG.armG.13 + stdout
      run: /usr/bin/perf stat -dd -e task-clock,cycles,instructions,cache-references,cache-misses,L1-dcache-loads,L1-dcache-load-misses,L1-icache-loads,L1-icache-load-misses,LLC-loads,LLC-load-misses,LLC-stores,LLC-store-misses,LLC-prefetches,LLC-prefetch-misses,faults,minor-faults,major-faults,branches,branch-misses,stalled-cycles-frontend,stalled-cycles-backend /home/goankur/jdk/corretto-25/bin/java -server -Xms2g -Xmx2g --add-modules jdk.incubator.vector -XX:+HeapDumpOnOutOfMemoryError -XX:+UseParallelGC -XX:StartFlightRecording=jdk.CPUTimeSample#enabled=true,dumponexit=true,maxsize=250M,settings=/home/goankur/vsearch/util/src/python/profiling.jfc,filename=/home/goankur/vsearch/logs/bench-search-FAG-armG-13.jfr -XX:+UnlockDiagnosticVMOptions -XX:+DebugNonSafepoints -classpath /home/goankur/vsearch/bo/lucene-G/lucene/core/build/libs/lucene-core-11.0.0-SNAPSHOT.jar:/home/goankur/vsearch/bo/lucene-G/lucene/sandbox/build/classes/java/main:/home/goankur/vsearch/bo/lucene-G/lucene/misc/build/classes/java/main:/home/goankur/vsearch/bo/lucene-G/lucene/facet/build/classes/java/main:/home/goankur/vsearch/bo/lucene-G/lucene/analysis/common/build/classes/java/main:/home/goankur/vsearch/bo/lucene-G/lucene/analysis/icu/build/classes/java/main:/home/goankur/vsearch/bo/lucene-G/lucene/queryparser/build/classes/java/main:/home/goankur/vsearch/bo/lucene-G/lucene/grouping/build/classes/java/main:/home/goankur/vsearch/bo/lucene-G/lucene/suggest/build/classes/java/main:/home/goankur/vsearch/bo/lucene-G/lucene/highlighter/build/classes/java/main:/home/goankur/vsearch/bo/lucene-G/lucene/codecs/build/classes/java/main:/home/goankur/vsearch/bo/lucene-G/lucene/queries/build/classes/java/main:/home/goankur/vsearch/bo/lucene-G/lucene/join/build/classes/java/main:/home/goankur/vsearch/bo/lucene-G/lucene/spatial3d/build/classes/java/main:/home/goankur/vsearch/util/lib/HdrHistogram.jar:/home/goankur/vsearch/util/src/main/build/classes/java/main:/home/goankur/vsearch/util/build perf.SearchPerfTest -dirImpl MMapDirectory -indexPath /home/goankur/vsearch/indices/wikimedium10m.lucene-A.facets.taxonomy:Date.taxonomy:Month.taxonomy:DayOfYear.sortedset:Date.sortedset:Month.sortedset:DayOfYear.taxonomy:RandomLabel.sortedset:RandomLabel.Lucene90.Lucene104.dvfields.nd10M -facets taxonomy:Date;Date -facets taxonomy:Month;Month -facets taxonomy:DayOfYear;DayOfYear -facets sortedset:Date;Date -facets sortedset:Month;Month -facets sortedset:DayOfYear;DayOfYear -facets taxonomy:RandomLabel;RandomLabel -facets sortedset:RandomLabel;RandomLabel -analyzer StandardAnalyzer -taskSource /home/goankur/vsearch/util/tasks/wikimedium.10M.nostopwords.tasks -numConcurrentQueries 5 -taskRepeatCount 20 -field body -tasksPerCat 1 -searchConcurrency -1 -staticSeed 137351 -seed -5481770 -similarity BM25Similarity -commit multi -hiliteImpl FastVectorHighlighter -log /home/goankur/vsearch/logs/FAG.armG.13 -topN 100 -context  -pk -pollute
      9.6 s
      227.3 actual sustained QPS; -1.0 CPU cores used

Report after iter 13:
QPSChart.supported == False
                            Task     P50 B     P50 C     Diff     P90 B     P90 C     Diff     P99 B     P99 C     Diff    P999 B    P999 C     Diff    P100 B    P100 C     Diff
           ('AndHighHigh', None)     1.829     1.518   -17.0%     6.261     5.927    -5.3%    11.319     6.719   -40.6%    11.319     6.719   -40.6%   189.509   243.525    28.5%
('AndHighHighDayTaxoFacets', None)    16.821    18.897    12.3%    26.368    34.292    30.1%    29.371    35.208    19.9%    29.371    35.208    19.9%    85.708    89.010     3.9%
            ('AndHighLow', None)     0.511     0.584    14.3%     1.136     1.271    11.9%     1.606     1.439   -10.4%     1.606     1.439   -10.4%     1.623     1.647     1.5%
            ('AndHighMed', None)     0.876     0.944     7.8%     4.242     3.473   -18.1%     4.428     8.701    96.5%     4.428     8.701    96.5%     5.313    19.630   269.4%
('AndHighMedDayTaxoFacets', None)     5.197     5.430     4.5%     9.452     9.887     4.6%    14.225    13.939    -2.0%    14.225    13.939    -2.0%    16.323    17.787     9.0%
     ('AndMissingHigh', 'Title')     0.310     0.355    14.5%     0.661     1.212    83.4%     0.820     1.714   109.0%     0.820     1.714   109.0%     1.375     4.340   215.7%
              ('BM25MSM2', None)    20.729    22.280     7.5%    39.975    39.242    -1.8%    43.773    65.205    49.0%    43.773    65.205    49.0%   245.864   329.199    33.9%
  ('BrowseDateSSDVFacets', None)   330.033   337.576     2.3%   377.386   387.021     2.6%   390.859   393.250     0.6%   390.859   393.250     0.6%   568.103   607.578     6.9%
  ('BrowseDateTaxoFacets', None)    62.590    67.970     8.6%    74.251    81.029     9.1%    91.583    81.300   -11.2%    91.583    81.300   -11.2%   190.265   220.306    15.8%
('BrowseDayOfYearSSDVFacets', None)    78.441    78.011    -0.5%    91.381    92.994     1.8%   105.270   104.464    -0.8%   105.270   104.464    -0.8%   277.986   262.179    -5.7%
('BrowseDayOfYearTaxoFacets', None)    65.881    64.676    -1.8%    73.198    80.554    10.0%    75.699    81.550     7.7%    75.699    81.550     7.7%    80.386    83.984     4.5%
 ('BrowseMonthSSDVFacets', None)    61.770    59.212    -4.1%    89.523    87.274    -2.5%    89.653    90.487     0.9%    89.653    90.487     0.9%   217.244   138.374   -36.3%
 ('BrowseMonthTaxoFacets', None)    23.981    26.737    11.5%    28.725    71.154   147.7%    78.302    76.795    -1.9%    78.302    76.795    -1.9%   205.480   106.961   -47.9%
('BrowseRandomLabelSSDVFacets', None)    88.476    93.857     6.1%   117.821   114.064    -3.2%   136.896   127.034    -7.2%   136.896   127.034    -7.2%   229.187   253.800    10.7%
('BrowseRandomLabelTaxoFacets', None)    80.640    83.846     4.0%    91.412    96.546     5.6%    95.939    96.787     0.9%    95.939    96.787     0.9%   272.284   324.729    19.3%
             ('ConstMSM2', None)     0.722     0.771     6.8%     2.127     3.083    44.9%     3.954     4.665    18.0%     3.954     4.665    18.0%     8.000    23.182   189.8%
                ('Fuzzy1', None)    10.910    12.546    15.0%    28.681    34.308    19.6%    76.440    40.250   -47.3%    76.440    40.250   -47.3%   114.332   179.249    56.8%
                ('Fuzzy2', None)    16.401    16.417     0.1%    24.627    29.401    19.4%    98.567    50.896   -48.4%    98.567    50.896   -48.4%   150.982    94.130   -37.7%
  ('HighIntervalsOrdered', None)    15.155    18.213    20.2%    25.368    26.861     5.9%    43.504    36.116   -17.0%    43.504    36.116   -17.0%    49.758    47.278    -5.0%
            ('HighPhrase', None)     4.239     5.864    38.3%     8.543    13.355    56.3%    14.711    14.010    -4.8%    14.711    14.010    -4.8%    81.925    65.692   -19.8%
      ('HighSloppyPhrase', None)    22.156    21.308    -3.8%    30.670    32.730     6.7%    31.886    39.370    23.5%    31.886    39.370    23.5%   154.790   182.383    17.8%
          ('HighSpanNear', None)    11.245     7.927   -29.5%    17.732    22.277    25.6%    18.735    24.122    28.8%    18.735    24.122    28.8%    29.283    30.248     3.3%
              ('HighTerm', None)     1.523     1.625     6.7%     3.054     3.376    10.5%     3.237     4.078    26.0%     3.237     4.078    26.0%    16.725    19.888    18.9%
('HighTermDayOfYearSort', 'DayOfYear')     1.917     2.881    50.3%     8.605     5.452   -36.6%    13.338     6.759   -49.3%    13.338     6.759   -49.3%    24.716    36.643    48.3%
  ('HighTermMonthSort', 'Month')     0.663     0.769    15.9%     1.536     1.624     5.8%     1.891     2.849    50.7%     1.891     2.849    50.7%    31.509    10.863   -65.5%
('HighTermTitleBDVSort', 'TitleBinary')    11.436    12.345     7.9%    27.395    26.895    -1.8%    28.079    27.451    -2.2%    28.079    27.451    -2.2%    68.845    73.806     7.2%
  ('HighTermTitleSort', 'Title')    10.037    10.431     3.9%    15.407    19.664    27.6%    51.289    52.752     2.9%    51.289    52.752     2.9%    75.673   130.917    73.0%
                ('IntNRQ', None)     1.551     1.537    -0.9%     4.397     4.739     7.8%     6.411    10.103    57.6%     6.411    10.103    57.6%    89.760   102.409    14.1%
                ('IntSet', None)     1.556     1.486    -4.5%     5.680     4.428   -22.0%     6.530     6.805     4.2%     6.530     6.805     4.2%    49.347    43.527   -11.8%
   ('LowIntervalsOrdered', None)     3.468     3.455    -0.4%     4.871     5.343     9.7%     6.580     9.566    45.4%     6.580     9.566    45.4%    11.229    16.636    48.1%
             ('LowPhrase', None)     5.667     4.868   -14.1%    10.289    10.224    -0.6%    13.080    11.232   -14.1%    13.080    11.232   -14.1%    24.034    22.507    -6.4%
       ('LowSloppyPhrase', None)    10.987    10.536    -4.1%    17.452    20.306    16.4%    17.504    28.996    65.7%    17.504    28.996    65.7%    30.105    33.158    10.1%
           ('LowSpanNear', None)     5.034     5.295     5.2%    11.639    11.673     0.3%    12.894    16.239    25.9%    12.894    16.239    25.9%   133.474   253.328    89.8%
               ('LowTerm', None)     0.494     0.479    -3.0%     0.968     1.489    53.8%     2.664     1.499   -43.7%     2.664     1.499   -43.7%     4.635     1.842   -60.3%
   ('MedIntervalsOrdered', None)     4.040     4.620    14.4%     7.532     7.607     1.0%     8.095    11.506    42.1%     8.095    11.506    42.1%   182.912   263.229    43.9%
             ('MedPhrase', None)     2.455     2.597     5.8%     6.497     5.330   -18.0%     6.772     6.866     1.4%     6.772     6.866     1.4%    24.721    11.722   -52.6%
       ('MedSloppyPhrase', None)    10.343    10.564     2.1%    19.371    23.255    20.1%    21.827    25.329    16.0%    21.827    25.329    16.0%    52.326    54.296     3.8%
           ('MedSpanNear', None)    10.891     9.916    -9.0%    12.960    16.259    25.5%    16.420    17.475     6.4%    16.420    17.475     6.4%    51.068    21.169   -58.5%
               ('MedTerm', None)     0.731     0.698    -4.4%    11.855     1.844   -84.4%    15.052     2.252   -85.0%    15.052     2.252   -85.0%    15.482    27.322    76.5%
  ('MedTermDayTaxoFacets', None)    11.672    11.312    -3.1%    31.824    14.368   -54.9%    41.340    17.451   -57.8%    41.340    17.451   -57.8%    63.960    86.255    34.9%
            ('OrHighHigh', None)     2.066     1.984    -4.0%     4.710     6.324    34.3%    11.538    10.928    -5.3%    11.538    10.928    -5.3%    13.867    11.396   -17.8%
             ('OrHighLow', None)     0.810     0.772    -4.7%     2.613     1.999   -23.5%     3.319     4.429    33.5%     3.319     4.429    33.5%     9.220     4.788   -48.1%
             ('OrHighMed', None)     1.119     1.105    -1.2%     2.961     4.267    44.1%     4.130     4.720    14.3%     4.130     4.720    14.3%    11.671     9.128   -21.8%
('OrHighMedDayTaxoFacets', None)   159.069   128.383   -19.3%   223.840   178.872   -20.1%   244.606   204.527   -16.4%   244.606   204.527   -16.4%   432.876   413.917    -4.4%
         ('OrHighNotHigh', None)     1.230     1.578    28.3%     5.078     9.902    95.0%     9.818    24.538   149.9%     9.818    24.538   149.9%    28.429    66.001   132.2%
          ('OrHighNotLow', None)     1.097     1.174     7.0%     2.781     1.825   -34.4%     4.194    13.108   212.6%     4.194    13.108   212.6%    59.010    87.381    48.1%
          ('OrHighNotMed', None)     0.971     1.156    19.1%     2.582     2.867    11.0%     6.739     9.221    36.8%     6.739     9.221    36.8%    21.567    10.937   -49.3%
         ('OrNotHighHigh', None)     1.343     1.296    -3.5%     4.696     3.979   -15.3%    14.959     5.228   -65.1%    14.959     5.228   -65.1%    16.189    20.647    27.5%
          ('OrNotHighLow', None)     0.637     0.710    11.5%     2.094     1.728   -17.5%     8.133     4.348   -46.5%     8.133     4.348   -46.5%    14.306     5.485   -61.7%
          ('OrNotHighMed', None)     0.984     1.057     7.4%     2.420     2.133   -11.9%     4.164     4.593    10.3%     4.164     4.593    10.3%     8.823     5.996   -32.0%
                   ('PKLookup',)     4.649     4.541    -2.3%     8.694     6.580   -24.3%    12.153    10.846   -10.8%    12.153    10.846   -10.8%    31.286    48.611    55.4%
               ('Prefix3', None)     1.243     1.248     0.4%     4.655     5.707    22.6%     7.971     5.715   -28.3%     7.971     5.715   -28.3%    18.477     7.425   -59.8%
                    ('Respell',)    14.636    13.718    -6.3%    68.440    25.579   -62.6%    72.161    28.595   -60.4%    72.161    28.595   -60.4%    96.047   102.621     6.8%
('TermDateTimeSort', 'DateTime')     2.300     2.171    -5.6%     5.044     7.090    40.6%     8.633    13.602    57.6%     8.633    13.602    57.6%   157.446   126.948   -19.4%
              ('Wildcard', None)     2.197     1.605   -27.0%     8.956     3.640   -59.4%    10.927     7.249   -33.7%    10.927     7.249   -33.7%    85.672    54.631   -36.2%
                 ('range', None)     0.193     0.212    10.3%     0.432     0.423    -2.2%     0.566     0.687    21.4%     0.566     0.687    21.4%     0.673     0.984    46.2%
                            Task    QPS armA      StdDev    QPS armG      StdDev                Pct diff p-value
       BrowseDayOfYearTaxoFacets       17.67     (45.1%)       15.33      (4.2%)  -13.2% ( -43% -   65%) 0.275
           BrowseMonthTaxoFacets       39.56     (20.0%)       34.54     (25.1%)  -12.7% ( -48% -   40%) 0.139
            BrowseDateTaxoFacets       16.61     (34.5%)       14.75      (6.4%)  -11.2% ( -38% -   45%) 0.232
     BrowseRandomLabelTaxoFacets       13.62     (34.0%)       12.41      (5.8%)   -8.8% ( -36% -   47%) 0.338
                      AndHighMed     1143.48      (7.6%)     1086.77      (7.3%)   -5.0% ( -18% -   10%) 0.077
           HighTermDayOfYearSort      479.84      (8.9%)      456.13     (12.6%)   -4.9% ( -24% -   18%) 0.230
                      AndHighLow     1915.98      (6.7%)     1837.41      (5.9%)   -4.1% ( -15% -    9%) 0.085
                           range     6318.72      (9.9%)     6077.56     (13.8%)   -3.8% ( -25% -   22%) 0.401
                          IntNRQ      710.44      (6.9%)      684.71      (7.6%)   -3.6% ( -16% -   11%) 0.188
                        Wildcard      705.42      (9.5%)      680.92      (6.8%)   -3.5% ( -18% -   14%) 0.267
                       ConstMSM2     1384.25      (5.7%)     1345.80      (4.1%)   -2.8% ( -11% -    7%) 0.142
            HighIntervalsOrdered       61.40      (8.0%)       59.88      (7.9%)   -2.5% ( -16% -   14%) 0.408
            BrowseDateSSDVFacets        2.88      (5.3%)        2.82      (7.5%)   -2.2% ( -14% -   11%) 0.381
                         LowTerm     2392.22      (5.4%)     2342.03      (6.2%)   -2.1% ( -13% -   10%) 0.342
               HighTermTitleSort      109.31     (11.7%)      107.08      (8.6%)   -2.0% ( -19% -   20%) 0.598
                    OrNotHighLow     1556.66     (13.1%)     1526.58      (8.7%)   -1.9% ( -21% -   22%) 0.646
       BrowseDayOfYearSSDVFacets       15.39      (9.0%)       15.16      (6.9%)   -1.5% ( -15% -   15%) 0.626
                        HighTerm      648.12      (3.4%)      639.57      (3.1%)   -1.3% (  -7% -    5%) 0.282
           BrowseMonthSSDVFacets       16.50     (11.1%)       16.29      (9.5%)   -1.2% ( -19% -   21%) 0.754
                     LowSpanNear      214.65      (5.0%)      212.32     (10.9%)   -1.1% ( -16% -   15%) 0.736
                     MedSpanNear       94.24      (8.5%)       93.31     (10.4%)   -1.0% ( -18% -   19%) 0.784
                  AndMissingHigh     3609.09      (8.0%)     3586.05      (6.8%)   -0.6% ( -14% -   15%) 0.820
                       OrHighMed      944.61      (9.2%)      939.11      (5.3%)   -0.6% ( -13% -   15%) 0.838
                        BM25MSM2       48.03      (4.6%)       47.77      (4.0%)   -0.6% (  -8% -    8%) 0.734
          OrHighMedDayTaxoFacets        7.51      (5.9%)        7.48      (8.1%)   -0.4% ( -13% -   14%) 0.880
                     AndHighHigh      631.06     (12.3%)      629.45     (11.9%)   -0.3% ( -21% -   27%) 0.956
                    OrNotHighMed      977.29      (8.5%)      975.48      (8.4%)   -0.2% ( -15% -   18%) 0.954
             MedIntervalsOrdered      252.10      (6.1%)      251.77     (12.7%)   -0.1% ( -17% -   19%) 0.972
                    OrHighNotMed      990.42      (8.3%)      991.19      (7.0%)    0.1% ( -14% -   16%) 0.979
                         Respell       76.23      (5.8%)       76.38      (8.2%)    0.2% ( -13% -   15%) 0.942
                        PKLookup      216.87     (10.0%)      217.45     (10.9%)    0.3% ( -18% -   23%) 0.947
                          Fuzzy2       62.57      (6.4%)       62.75      (5.9%)    0.3% ( -11% -   13%) 0.900
                       OrHighLow     1305.76     (10.3%)     1310.31      (6.7%)    0.3% ( -15% -   19%) 0.916
                       MedPhrase      387.40      (9.2%)      388.99      (2.8%)    0.4% ( -10% -   13%) 0.873
                      OrHighHigh      618.41      (9.5%)      622.30      (7.3%)    0.6% ( -14% -   19%) 0.845
                 MedSloppyPhrase       94.44      (7.9%)       95.08      (5.5%)    0.7% ( -11% -   15%) 0.792
                          IntSet      688.91     (10.2%)      693.79      (7.5%)    0.7% ( -15% -   20%) 0.834
             LowIntervalsOrdered      308.94     (11.1%)      311.16     (15.5%)    0.7% ( -23% -   30%) 0.888
                    OrHighNotLow      889.51      (8.6%)      896.16     (12.5%)    0.7% ( -18% -   23%) 0.854
                HighSloppyPhrase       46.01      (3.5%)       46.36      (4.5%)    0.8% (  -6% -    9%) 0.614
         AndHighMedDayTaxoFacets      191.03      (3.1%)      192.56      (2.9%)    0.8% (  -5% -    7%) 0.478
     BrowseRandomLabelSSDVFacets       11.27      (5.0%)       11.37      (6.2%)    0.9% (  -9% -   12%) 0.683
                       LowPhrase      197.23      (6.8%)      199.06      (5.3%)    0.9% ( -10% -   13%) 0.686
            MedTermDayTaxoFacets       93.48      (6.2%)       94.43      (4.3%)    1.0% (  -8% -   12%) 0.614
                         MedTerm     1525.17      (5.3%)     1551.17      (5.0%)    1.7% (  -8% -   12%) 0.382
                      TermDTSort      446.72      (7.8%)      454.46      (5.0%)    1.7% ( -10% -   15%) 0.485
                   OrHighNotHigh      836.66      (6.6%)      853.03      (6.2%)    2.0% ( -10% -   15%) 0.417
                      HighPhrase      234.69      (7.0%)      240.06      (8.4%)    2.3% ( -12% -   19%) 0.433
            HighTermTitleBDVSort       83.95      (6.7%)       85.94      (4.4%)    2.4% (  -8% -   14%) 0.271
                         Prefix3      893.27      (9.8%)      914.81     (14.2%)    2.4% ( -19% -   29%) 0.600
                    HighSpanNear      129.91      (4.5%)      133.43      (3.7%)    2.7% (  -5% -   11%) 0.082
               HighTermMonthSort     1530.36      (5.9%)     1573.12      (7.8%)    2.8% ( -10% -   17%) 0.286
                 LowSloppyPhrase       93.41      (7.7%)       96.21      (4.3%)    3.0% (  -8% -   16%) 0.205
                          Fuzzy1       87.14      (7.5%)       89.85      (6.5%)    3.1% ( -10% -   18%) 0.239
        AndHighHighDayTaxoFacets       55.18      (8.7%)       56.93      (6.6%)    3.2% ( -11% -   20%) 0.277
                   OrNotHighHigh      785.77      (9.6%)      831.74      (4.7%)    5.8% (  -7% -   22%) 0.040
  iter 14
    armG:
      NOTE: using experimental CPU time profiler (see https://mostlynerdless.de/blog/2025/06/11/java-25s-new-cpu-time-profiler-1)
      log: /home/goankur/vsearch/logs/FAG.armG.14 + stdout
      run: /usr/bin/perf stat -dd -e task-clock,cycles,instructions,cache-references,cache-misses,L1-dcache-loads,L1-dcache-load-misses,L1-icache-loads,L1-icache-load-misses,LLC-loads,LLC-load-misses,LLC-stores,LLC-store-misses,LLC-prefetches,LLC-prefetch-misses,faults,minor-faults,major-faults,branches,branch-misses,stalled-cycles-frontend,stalled-cycles-backend /home/goankur/jdk/corretto-25/bin/java -server -Xms2g -Xmx2g --add-modules jdk.incubator.vector -XX:+HeapDumpOnOutOfMemoryError -XX:+UseParallelGC -XX:StartFlightRecording=jdk.CPUTimeSample#enabled=true,dumponexit=true,maxsize=250M,settings=/home/goankur/vsearch/util/src/python/profiling.jfc,filename=/home/goankur/vsearch/logs/bench-search-FAG-armG-14.jfr -XX:+UnlockDiagnosticVMOptions -XX:+DebugNonSafepoints -classpath /home/goankur/vsearch/bo/lucene-G/lucene/core/build/libs/lucene-core-11.0.0-SNAPSHOT.jar:/home/goankur/vsearch/bo/lucene-G/lucene/sandbox/build/classes/java/main:/home/goankur/vsearch/bo/lucene-G/lucene/misc/build/classes/java/main:/home/goankur/vsearch/bo/lucene-G/lucene/facet/build/classes/java/main:/home/goankur/vsearch/bo/lucene-G/lucene/analysis/common/build/classes/java/main:/home/goankur/vsearch/bo/lucene-G/lucene/analysis/icu/build/classes/java/main:/home/goankur/vsearch/bo/lucene-G/lucene/queryparser/build/classes/java/main:/home/goankur/vsearch/bo/lucene-G/lucene/grouping/build/classes/java/main:/home/goankur/vsearch/bo/lucene-G/lucene/suggest/build/classes/java/main:/home/goankur/vsearch/bo/lucene-G/lucene/highlighter/build/classes/java/main:/home/goankur/vsearch/bo/lucene-G/lucene/codecs/build/classes/java/main:/home/goankur/vsearch/bo/lucene-G/lucene/queries/build/classes/java/main:/home/goankur/vsearch/bo/lucene-G/lucene/join/build/classes/java/main:/home/goankur/vsearch/bo/lucene-G/lucene/spatial3d/build/classes/java/main:/home/goankur/vsearch/util/lib/HdrHistogram.jar:/home/goankur/vsearch/util/src/main/build/classes/java/main:/home/goankur/vsearch/util/build perf.SearchPerfTest -dirImpl MMapDirectory -indexPath /home/goankur/vsearch/indices/wikimedium10m.lucene-A.facets.taxonomy:Date.taxonomy:Month.taxonomy:DayOfYear.sortedset:Date.sortedset:Month.sortedset:DayOfYear.taxonomy:RandomLabel.sortedset:RandomLabel.Lucene90.Lucene104.dvfields.nd10M -facets taxonomy:Date;Date -facets taxonomy:Month;Month -facets taxonomy:DayOfYear;DayOfYear -facets sortedset:Date;Date -facets sortedset:Month;Month -facets sortedset:DayOfYear;DayOfYear -facets taxonomy:RandomLabel;RandomLabel -facets sortedset:RandomLabel;RandomLabel -analyzer StandardAnalyzer -taskSource /home/goankur/vsearch/util/tasks/wikimedium.10M.nostopwords.tasks -numConcurrentQueries 5 -taskRepeatCount 20 -field body -tasksPerCat 1 -searchConcurrency -1 -staticSeed 137351 -seed -9557987 -similarity BM25Similarity -commit multi -hiliteImpl FastVectorHighlighter -log /home/goankur/vsearch/logs/FAG.armG.14 -topN 100 -context  -pk -pollute
      10.3 s
      235.4 actual sustained QPS; -1.0 CPU cores used
    armA:
      NOTE: using experimental CPU time profiler (see https://mostlynerdless.de/blog/2025/06/11/java-25s-new-cpu-time-profiler-1)
      log: /home/goankur/vsearch/logs/FAG.armA.14 + stdout
      run: /usr/bin/perf stat -dd -e task-clock,cycles,instructions,cache-references,cache-misses,L1-dcache-loads,L1-dcache-load-misses,L1-icache-loads,L1-icache-load-misses,LLC-loads,LLC-load-misses,LLC-stores,LLC-store-misses,LLC-prefetches,LLC-prefetch-misses,faults,minor-faults,major-faults,branches,branch-misses,stalled-cycles-frontend,stalled-cycles-backend /home/goankur/jdk/corretto-25/bin/java -server -Xms2g -Xmx2g --add-modules jdk.incubator.vector -XX:+HeapDumpOnOutOfMemoryError -XX:+UseParallelGC -XX:StartFlightRecording=jdk.CPUTimeSample#enabled=true,dumponexit=true,maxsize=250M,settings=/home/goankur/vsearch/util/src/python/profiling.jfc,filename=/home/goankur/vsearch/logs/bench-search-FAG-armA-14.jfr -XX:+UnlockDiagnosticVMOptions -XX:+DebugNonSafepoints -classpath /home/goankur/vsearch/bo/lucene-A/lucene/core/build/libs/lucene-core-11.0.0-SNAPSHOT.jar:/home/goankur/vsearch/bo/lucene-A/lucene/sandbox/build/classes/java/main:/home/goankur/vsearch/bo/lucene-A/lucene/misc/build/classes/java/main:/home/goankur/vsearch/bo/lucene-A/lucene/facet/build/classes/java/main:/home/goankur/vsearch/bo/lucene-A/lucene/analysis/common/build/classes/java/main:/home/goankur/vsearch/bo/lucene-A/lucene/analysis/icu/build/classes/java/main:/home/goankur/vsearch/bo/lucene-A/lucene/queryparser/build/classes/java/main:/home/goankur/vsearch/bo/lucene-A/lucene/grouping/build/classes/java/main:/home/goankur/vsearch/bo/lucene-A/lucene/suggest/build/classes/java/main:/home/goankur/vsearch/bo/lucene-A/lucene/highlighter/build/classes/java/main:/home/goankur/vsearch/bo/lucene-A/lucene/codecs/build/classes/java/main:/home/goankur/vsearch/bo/lucene-A/lucene/queries/build/classes/java/main:/home/goankur/vsearch/bo/lucene-A/lucene/join/build/classes/java/main:/home/goankur/vsearch/bo/lucene-A/lucene/spatial3d/build/classes/java/main:/home/goankur/vsearch/util/lib/HdrHistogram.jar:/home/goankur/vsearch/util/src/main/build/classes/java/main:/home/goankur/vsearch/util/build perf.SearchPerfTest -dirImpl MMapDirectory -indexPath /home/goankur/vsearch/indices/wikimedium10m.lucene-A.facets.taxonomy:Date.taxonomy:Month.taxonomy:DayOfYear.sortedset:Date.sortedset:Month.sortedset:DayOfYear.taxonomy:RandomLabel.sortedset:RandomLabel.Lucene90.Lucene104.dvfields.nd10M -facets taxonomy:Date;Date -facets taxonomy:Month;Month -facets taxonomy:DayOfYear;DayOfYear -facets sortedset:Date;Date -facets sortedset:Month;Month -facets sortedset:DayOfYear;DayOfYear -facets taxonomy:RandomLabel;RandomLabel -facets sortedset:RandomLabel;RandomLabel -analyzer StandardAnalyzer -taskSource /home/goankur/vsearch/util/tasks/wikimedium.10M.nostopwords.tasks -numConcurrentQueries 5 -taskRepeatCount 20 -field body -tasksPerCat 1 -searchConcurrency -1 -staticSeed 137351 -seed -9557987 -similarity BM25Similarity -commit multi -hiliteImpl FastVectorHighlighter -log /home/goankur/vsearch/logs/FAG.armA.14 -topN 100 -context  -pk -pollute
      9.9 s
      228.3 actual sustained QPS; -1.0 CPU cores used

Report after iter 14:
QPSChart.supported == False
                            Task     P50 B     P50 C     Diff     P90 B     P90 C     Diff     P99 B     P99 C     Diff    P999 B    P999 C     Diff    P100 B    P100 C     Diff
           ('AndHighHigh', None)     1.943     1.549   -20.3%     5.649     4.701   -16.8%     6.630     9.036    36.3%     6.630     9.036    36.3%   168.549   168.791     0.1%
('AndHighHighDayTaxoFacets', None)    19.418    18.802    -3.2%    42.999    28.359   -34.0%   119.509    63.262   -47.1%   119.509    63.262   -47.1%   134.466   187.490    39.4%
            ('AndHighLow', None)     0.581     0.538    -7.3%     1.763     1.286   -27.1%     1.830     1.499   -18.1%     1.830     1.499   -18.1%     2.646     2.063   -22.0%
            ('AndHighMed', None)     0.942     0.825   -12.4%     2.942     4.654    58.2%     5.848     5.404    -7.6%     5.848     5.404    -7.6%     7.899     5.500   -30.4%
('AndHighMedDayTaxoFacets', None)     5.728     5.412    -5.5%     9.208    12.190    32.4%    10.139    15.632    54.2%    10.139    15.632    54.2%    18.178    18.775     3.3%
     ('AndMissingHigh', 'Title')     0.357     0.371     4.0%     1.066     0.800   -24.9%     2.799     0.945   -66.2%     2.799     0.945   -66.2%    16.795    16.802     0.0%
              ('BM25MSM2', None)    21.249    19.658    -7.5%    42.137    36.348   -13.7%    52.202    76.507    46.6%    52.202    76.507    46.6%   224.950   286.224    27.2%
  ('BrowseDateSSDVFacets', None)   340.654   325.383    -4.5%   367.211   394.419     7.4%   387.377   466.956    20.5%   387.377   466.956    20.5%   483.778   486.291     0.5%
  ('BrowseDateTaxoFacets', None)    67.657    73.895     9.2%    81.062    90.170    11.2%   105.309    98.793    -6.2%   105.309    98.793    -6.2%   205.359   184.539   -10.1%
('BrowseDayOfYearSSDVFacets', None)    73.547    65.958   -10.3%    85.820    79.641    -7.2%    87.305    92.481     5.9%    87.305    92.481     5.9%   199.124   206.369     3.6%
('BrowseDayOfYearTaxoFacets', None)    66.634    73.418    10.2%    74.797    83.590    11.8%    76.078    86.232    13.3%    76.078    86.232    13.3%    80.462    88.182     9.6%
 ('BrowseMonthSSDVFacets', None)    68.616    60.230   -12.2%    84.236    78.267    -7.1%    95.692    79.378   -17.0%    95.692    79.378   -17.0%   106.324   123.427    16.1%
 ('BrowseMonthTaxoFacets', None)    28.184    28.261     0.3%    30.070    75.922   152.5%    30.561    76.308   149.7%    30.561    76.308   149.7%   325.798   301.087    -7.6%
('BrowseRandomLabelSSDVFacets', None)   101.640    99.033    -2.6%   114.951   107.132    -6.8%   160.408   151.437    -5.6%   160.408   151.437    -5.6%   206.072   173.951   -15.6%
('BrowseRandomLabelTaxoFacets', None)    80.217    91.935    14.6%   108.331   106.909    -1.3%   126.851   170.328    34.3%   126.851   170.328    34.3%   131.591   262.700    99.6%
             ('ConstMSM2', None)     0.833     0.688   -17.4%     1.775     1.209   -31.9%     3.982     2.117   -46.8%     3.982     2.117   -46.8%    10.010    15.923    59.1%
                ('Fuzzy1', None)    12.422    11.910    -4.1%    17.264    18.740     8.6%    61.981    39.745   -35.9%    61.981    39.745   -35.9%   105.399    83.032   -21.2%
                ('Fuzzy2', None)    17.285    16.606    -3.9%    22.181    34.475    55.4%    38.627    55.367    43.3%    38.627    55.367    43.3%    59.083    59.670     1.0%
  ('HighIntervalsOrdered', None)    15.307    14.378    -6.1%    26.191    31.862    21.7%    30.841    47.423    53.8%    30.841    47.423    53.8%   131.879   168.051    27.4%
            ('HighPhrase', None)     4.926     5.441    10.5%    10.125     9.914    -2.1%    12.634     9.997   -20.9%    12.634     9.997   -20.9%    13.625    11.910   -12.6%
      ('HighSloppyPhrase', None)    21.464    22.661     5.6%    35.596    30.893   -13.2%    37.786    32.227   -14.7%    37.786    32.227   -14.7%    48.837    40.123   -17.8%
          ('HighSpanNear', None)     7.161     7.521     5.0%    16.933    21.357    26.1%    17.170    25.507    48.6%    17.170    25.507    48.6%    43.899    32.664   -25.6%
              ('HighTerm', None)     1.570     1.621     3.3%     2.006     4.835   141.1%     2.343     5.078   116.7%     2.343     5.078   116.7%     2.612     6.290   140.9%
('HighTermDayOfYearSort', 'DayOfYear')     2.906     2.861    -1.6%    11.821     7.965   -32.6%    15.450     8.329   -46.1%    15.450     8.329   -46.1%    17.454    13.093   -25.0%
  ('HighTermMonthSort', 'Month')     0.718     0.663    -7.5%     1.604     2.610    62.7%     1.943     6.946   257.5%     1.943     6.946   257.5%    31.106    27.140   -12.7%
('HighTermTitleBDVSort', 'TitleBinary')    12.584    10.830   -13.9%    33.348    26.773   -19.7%    51.305    42.963   -16.3%    51.305    42.963   -16.3%    62.974    62.012    -1.5%
  ('HighTermTitleSort', 'Title')    11.889     9.586   -19.4%    20.387    32.396    58.9%    42.177    68.551    62.5%    42.177    68.551    62.5%    71.039   101.349    42.7%
                ('IntNRQ', None)     1.379     1.551    12.4%    12.115     5.189   -57.2%    16.879     5.626   -66.7%    16.879     5.626   -66.7%    44.168    72.196    63.5%
                ('IntSet', None)     1.580     1.478    -6.5%     8.371     6.224   -25.6%    10.298     7.670   -25.5%    10.298     7.670   -25.5%    74.051   103.565    39.9%
   ('LowIntervalsOrdered', None)     3.388     2.853   -15.8%     7.975     7.617    -4.5%     8.726    13.917    59.5%     8.726    13.917    59.5%    20.090    15.887   -20.9%
             ('LowPhrase', None)     4.769     4.923     3.2%    10.945    13.798    26.1%    40.132    31.030   -22.7%    40.132    31.030   -22.7%    95.204   193.332   103.1%
       ('LowSloppyPhrase', None)    11.003    10.314    -6.3%    20.989    27.859    32.7%    39.425    28.834   -26.9%    39.425    28.834   -26.9%   164.689   174.811     6.1%
           ('LowSpanNear', None)     4.716     4.546    -3.6%    15.704    11.068   -29.5%    37.462    21.939   -41.4%    37.462    21.939   -41.4%   156.596   145.006    -7.4%
               ('LowTerm', None)     0.386     0.415     7.6%     1.327     1.333     0.5%     1.557     2.067    32.8%     1.557     2.067    32.8%     4.513     9.502   110.6%
   ('MedIntervalsOrdered', None)     3.046     3.360    10.3%     7.201     7.370     2.3%     8.628     8.087    -6.3%     8.628     8.087    -6.3%    10.458     8.447   -19.2%
             ('MedPhrase', None)     2.728     2.428   -11.0%     9.107     6.016   -33.9%    13.567     6.209   -54.2%    13.567     6.209   -54.2%    18.368    16.576    -9.8%
       ('MedSloppyPhrase', None)    11.070    10.563    -4.6%    18.230    23.992    31.6%    23.329    34.551    48.1%    23.329    34.551    48.1%    23.772    75.885   219.2%
           ('MedSpanNear', None)    11.230    11.627     3.5%    16.876    19.949    18.2%    31.026    35.001    12.8%    31.026    35.001    12.8%    50.154    44.704   -10.9%
               ('MedTerm', None)     0.693     0.676    -2.5%     2.464     2.787    13.1%     3.514     6.720    91.2%     3.514     6.720    91.2%     3.574    11.756   228.9%
  ('MedTermDayTaxoFacets', None)    10.648    11.235     5.5%    14.723    25.866    75.7%    20.889    28.003    34.1%    20.889    28.003    34.1%    47.780    32.028   -33.0%
            ('OrHighHigh', None)     1.738     1.999    15.0%     7.294     8.295    13.7%     7.357     9.509    29.3%     7.357     9.509    29.3%    10.986    14.889    35.5%
             ('OrHighLow', None)     0.748     0.840    12.3%     1.635     4.339   165.3%     2.895     4.487    55.0%     2.895     4.487    55.0%     6.162     5.075   -17.6%
             ('OrHighMed', None)     1.188     1.336    12.5%     3.393     3.471     2.3%     4.557     4.105    -9.9%     4.557     4.105    -9.9%    10.972     4.335   -60.5%
('OrHighMedDayTaxoFacets', None)   141.159   138.444    -1.9%   180.606   190.694     5.6%   384.068   539.045    40.4%   384.068   539.045    40.4%   897.103   974.854     8.7%
         ('OrHighNotHigh', None)     1.249     1.174    -6.0%     3.298    15.456   368.6%     7.818    16.439   110.3%     7.818    16.439   110.3%    15.303    23.657    54.6%
          ('OrHighNotLow', None)     1.043     1.027    -1.6%     2.779     3.648    31.3%     2.998     9.165   205.7%     2.998     9.165   205.7%    10.483    10.659     1.7%
          ('OrHighNotMed', None)     1.085     0.981    -9.5%     2.457     2.882    17.3%     3.386     6.515    92.4%     3.386     6.515    92.4%     5.725    11.347    98.2%
         ('OrNotHighHigh', None)     1.331     1.158   -13.0%     4.508     4.193    -7.0%    10.882     8.537   -21.6%    10.882     8.537   -21.6%   145.070   127.568   -12.1%
          ('OrNotHighLow', None)     0.661     0.784    18.7%     2.112     2.038    -3.5%     2.717     4.011    47.6%     2.717     4.011    47.6%     7.553     9.325    23.5%
          ('OrNotHighMed', None)     1.117     1.413    26.6%     2.434     6.084   149.9%     3.658     6.885    88.2%     3.658     6.885    88.2%   146.506   142.523    -2.7%
                   ('PKLookup',)     5.386     4.886    -9.3%     6.711     8.822    31.4%     7.158    10.831    51.3%     7.158    10.831    51.3%    27.693    36.630    32.3%
               ('Prefix3', None)     1.304     1.575    20.8%     3.040     3.512    15.5%     3.241     9.641   197.4%     3.241     9.641   197.4%    10.650    11.985    12.5%
                    ('Respell',)    15.113    14.276    -5.5%    30.363    31.125     2.5%    31.813    40.551    27.5%    31.813    40.551    27.5%    32.605    88.166   170.4%
('TermDateTimeSort', 'DateTime')     2.160     2.306     6.7%     8.339     8.054    -3.4%     9.975    12.552    25.8%     9.975    12.552    25.8%    60.506   101.956    68.5%
              ('Wildcard', None)     1.717     1.556    -9.4%     3.685     8.335   126.2%     4.162    10.850   160.7%     4.162    10.850   160.7%    31.507    32.020     1.6%
                 ('range', None)     0.194     0.163   -16.0%     0.431     0.435     1.0%     0.472     0.500     6.0%     0.472     0.500     6.0%     0.906     0.595   -34.3%
                            Task    QPS armA      StdDev    QPS armG      StdDev                Pct diff p-value
       BrowseDayOfYearTaxoFacets       17.51     (44.0%)       15.24      (4.6%)  -13.0% ( -42% -   63%) 0.255
           BrowseMonthTaxoFacets       39.30     (19.6%)       34.65     (24.4%)  -11.8% ( -46% -   39%) 0.143
            BrowseDateTaxoFacets       16.50     (33.6%)       14.70      (6.3%)  -10.9% ( -37% -   43%) 0.217
     BrowseRandomLabelTaxoFacets       13.56     (33.0%)       12.38      (5.7%)   -8.7% ( -35% -   44%) 0.315
           HighTermDayOfYearSort      474.98      (9.5%)      451.60     (12.8%)   -4.9% ( -24% -   19%) 0.232
                      AndHighMed     1148.79      (7.5%)     1098.83      (8.1%)   -4.3% ( -18% -   12%) 0.126
                          IntNRQ      713.23      (6.8%)      684.99      (7.3%)   -4.0% ( -16% -   10%) 0.125
                      AndHighLow     1909.74      (6.6%)     1844.25      (5.9%)   -3.4% ( -14% -    9%) 0.132
                           range     6285.10      (9.8%)     6096.54     (13.4%)   -3.0% ( -23% -   22%) 0.485
                        Wildcard      699.89      (9.7%)      681.77      (6.6%)   -2.6% ( -17% -   15%) 0.395
                         LowTerm     2412.29      (6.1%)     2355.55      (6.3%)   -2.4% ( -13% -   10%) 0.300
                    OrNotHighLow     1555.27     (12.7%)     1522.66      (8.5%)   -2.1% ( -20% -   21%) 0.594
            HighIntervalsOrdered       61.70      (7.9%)       60.53      (8.6%)   -1.9% ( -17% -   15%) 0.530
            BrowseDateSSDVFacets        2.89      (5.2%)        2.84      (7.6%)   -1.8% ( -13% -   11%) 0.459
                       ConstMSM2     1376.67      (6.0%)     1353.89      (4.6%)   -1.7% ( -11% -    9%) 0.395
       BrowseDayOfYearSSDVFacets       15.44      (8.7%)       15.20      (6.7%)   -1.6% ( -15% -   15%) 0.570
                        HighTerm      647.97      (3.3%)      638.85      (3.0%)   -1.4% (  -7% -    5%) 0.219
                  AndMissingHigh     3575.87      (8.6%)     3536.52      (8.5%)   -1.1% ( -16% -   17%) 0.724
               HighTermTitleSort      108.63     (11.6%)      107.53      (8.4%)   -1.0% ( -18% -   21%) 0.783
                     LowSpanNear      215.32      (5.0%)      213.39     (10.7%)   -0.9% ( -15% -   15%) 0.769
                     MedSpanNear       94.22      (8.2%)       93.46     (10.1%)   -0.8% ( -17% -   19%) 0.812
             MedIntervalsOrdered      258.05     (10.6%)      256.08     (13.6%)   -0.8% ( -22% -   26%) 0.864
                    OrNotHighMed      976.09      (8.2%)      969.75      (8.4%)   -0.6% ( -15% -   17%) 0.831
                       OrHighMed      942.00      (9.0%)      936.56      (5.3%)   -0.6% ( -13% -   15%) 0.830
           BrowseMonthSSDVFacets       16.39     (11.1%)       16.33      (9.3%)   -0.3% ( -18% -   22%) 0.930
          OrHighMedDayTaxoFacets        7.50      (5.8%)        7.47      (7.9%)   -0.3% ( -13% -   14%) 0.909
                      OrHighHigh      616.40      (9.3%)      616.53      (7.9%)    0.0% ( -15% -   19%) 0.995
                        BM25MSM2       48.01      (4.4%)       48.04      (4.4%)    0.1% (  -8% -    9%) 0.969
                       OrHighLow     1309.76     (10.0%)     1312.99      (6.5%)    0.2% ( -14% -   18%) 0.936
                         Respell       75.80      (6.0%)       76.02      (8.2%)    0.3% ( -13% -   15%) 0.912
                HighSloppyPhrase       46.13      (3.5%)       46.38      (4.3%)    0.5% (  -7% -    8%) 0.707
                    OrHighNotMed      989.36      (8.1%)      994.77      (6.9%)    0.5% ( -13% -   16%) 0.842
                          Fuzzy2       62.33      (6.3%)       62.68      (5.8%)    0.6% ( -10% -   13%) 0.802
                       MedPhrase      388.55      (8.9%)      391.14      (3.4%)    0.7% ( -10% -   14%) 0.787
                       LowPhrase      198.17      (6.7%)      199.68      (5.2%)    0.8% ( -10% -   13%) 0.730
                 MedSloppyPhrase       94.36      (7.6%)       95.08      (5.3%)    0.8% ( -11% -   14%) 0.748
     BrowseRandomLabelSSDVFacets       11.22      (5.1%)       11.32      (6.2%)    0.9% (  -9% -   12%) 0.658
            MedTermDayTaxoFacets       93.61      (6.0%)       94.52      (4.2%)    1.0% (  -8% -   11%) 0.607
                    OrHighNotLow      894.34      (8.5%)      903.68     (12.4%)    1.0% ( -18% -   24%) 0.788
         AndHighMedDayTaxoFacets      190.12      (3.5%)      192.15      (2.9%)    1.1% (  -5% -    7%) 0.367
                          IntSet      687.22      (9.9%)      695.49      (7.3%)    1.2% ( -14% -   20%) 0.705
                      TermDTSort      448.78      (7.7%)      454.98      (4.8%)    1.4% ( -10% -   15%) 0.556
                     AndHighHigh      624.05     (12.8%)      632.72     (11.8%)    1.4% ( -20% -   29%) 0.757
                      HighPhrase      234.02      (6.9%)      237.57      (9.1%)    1.5% ( -13% -   18%) 0.606
                        PKLookup      215.05     (10.3%)      218.33     (10.7%)    1.5% ( -17% -   25%) 0.690
                         MedTerm     1524.23      (5.1%)     1551.26      (4.9%)    1.8% (  -7% -   12%) 0.329
             LowIntervalsOrdered      308.39     (10.7%)      314.17     (15.4%)    1.9% ( -21% -   31%) 0.699
                   OrHighNotHigh      836.74      (6.3%)      854.11      (6.0%)    2.1% (  -9% -   15%) 0.356
                    HighSpanNear      130.61      (4.8%)      133.59      (3.6%)    2.3% (  -5% -   11%) 0.140
                         Prefix3      887.40      (9.8%)      908.27     (14.0%)    2.4% ( -19% -   29%) 0.595
            HighTermTitleBDVSort       83.98      (6.5%)       86.42      (4.8%)    2.9% (  -7% -   15%) 0.163
                          Fuzzy1       86.93      (7.3%)       89.55      (6.4%)    3.0% (  -9% -   17%) 0.228
                 LowSloppyPhrase       93.47      (7.5%)       96.31      (4.1%)    3.0% (  -7% -   15%) 0.168
               HighTermMonthSort     1525.78      (5.8%)     1572.69      (7.6%)    3.1% (  -9% -   17%) 0.212
        AndHighHighDayTaxoFacets       54.98      (8.5%)       56.75      (6.5%)    3.2% ( -10% -   19%) 0.247
                   OrNotHighHigh      786.11      (9.2%)      834.50      (4.7%)    6.2% (  -7% -   22%) 0.021
  iter 15
    armA:
      NOTE: using experimental CPU time profiler (see https://mostlynerdless.de/blog/2025/06/11/java-25s-new-cpu-time-profiler-1)
      log: /home/goankur/vsearch/logs/FAG.armA.15 + stdout
      run: /usr/bin/perf stat -dd -e task-clock,cycles,instructions,cache-references,cache-misses,L1-dcache-loads,L1-dcache-load-misses,L1-icache-loads,L1-icache-load-misses,LLC-loads,LLC-load-misses,LLC-stores,LLC-store-misses,LLC-prefetches,LLC-prefetch-misses,faults,minor-faults,major-faults,branches,branch-misses,stalled-cycles-frontend,stalled-cycles-backend /home/goankur/jdk/corretto-25/bin/java -server -Xms2g -Xmx2g --add-modules jdk.incubator.vector -XX:+HeapDumpOnOutOfMemoryError -XX:+UseParallelGC -XX:StartFlightRecording=jdk.CPUTimeSample#enabled=true,dumponexit=true,maxsize=250M,settings=/home/goankur/vsearch/util/src/python/profiling.jfc,filename=/home/goankur/vsearch/logs/bench-search-FAG-armA-15.jfr -XX:+UnlockDiagnosticVMOptions -XX:+DebugNonSafepoints -classpath /home/goankur/vsearch/bo/lucene-A/lucene/core/build/libs/lucene-core-11.0.0-SNAPSHOT.jar:/home/goankur/vsearch/bo/lucene-A/lucene/sandbox/build/classes/java/main:/home/goankur/vsearch/bo/lucene-A/lucene/misc/build/classes/java/main:/home/goankur/vsearch/bo/lucene-A/lucene/facet/build/classes/java/main:/home/goankur/vsearch/bo/lucene-A/lucene/analysis/common/build/classes/java/main:/home/goankur/vsearch/bo/lucene-A/lucene/analysis/icu/build/classes/java/main:/home/goankur/vsearch/bo/lucene-A/lucene/queryparser/build/classes/java/main:/home/goankur/vsearch/bo/lucene-A/lucene/grouping/build/classes/java/main:/home/goankur/vsearch/bo/lucene-A/lucene/suggest/build/classes/java/main:/home/goankur/vsearch/bo/lucene-A/lucene/highlighter/build/classes/java/main:/home/goankur/vsearch/bo/lucene-A/lucene/codecs/build/classes/java/main:/home/goankur/vsearch/bo/lucene-A/lucene/queries/build/classes/java/main:/home/goankur/vsearch/bo/lucene-A/lucene/join/build/classes/java/main:/home/goankur/vsearch/bo/lucene-A/lucene/spatial3d/build/classes/java/main:/home/goankur/vsearch/util/lib/HdrHistogram.jar:/home/goankur/vsearch/util/src/main/build/classes/java/main:/home/goankur/vsearch/util/build perf.SearchPerfTest -dirImpl MMapDirectory -indexPath /home/goankur/vsearch/indices/wikimedium10m.lucene-A.facets.taxonomy:Date.taxonomy:Month.taxonomy:DayOfYear.sortedset:Date.sortedset:Month.sortedset:DayOfYear.taxonomy:RandomLabel.sortedset:RandomLabel.Lucene90.Lucene104.dvfields.nd10M -facets taxonomy:Date;Date -facets taxonomy:Month;Month -facets taxonomy:DayOfYear;DayOfYear -facets sortedset:Date;Date -facets sortedset:Month;Month -facets sortedset:DayOfYear;DayOfYear -facets taxonomy:RandomLabel;RandomLabel -facets sortedset:RandomLabel;RandomLabel -analyzer StandardAnalyzer -taskSource /home/goankur/vsearch/util/tasks/wikimedium.10M.nostopwords.tasks -numConcurrentQueries 5 -taskRepeatCount 20 -field body -tasksPerCat 1 -searchConcurrency -1 -staticSeed 137351 -seed -9442393 -similarity BM25Similarity -commit multi -hiliteImpl FastVectorHighlighter -log /home/goankur/vsearch/logs/FAG.armA.15 -topN 100 -context  -pk -pollute
      10.1 s
      232.3 actual sustained QPS; -1.0 CPU cores used
    armG:
      NOTE: using experimental CPU time profiler (see https://mostlynerdless.de/blog/2025/06/11/java-25s-new-cpu-time-profiler-1)
      log: /home/goankur/vsearch/logs/FAG.armG.15 + stdout
      run: /usr/bin/perf stat -dd -e task-clock,cycles,instructions,cache-references,cache-misses,L1-dcache-loads,L1-dcache-load-misses,L1-icache-loads,L1-icache-load-misses,LLC-loads,LLC-load-misses,LLC-stores,LLC-store-misses,LLC-prefetches,LLC-prefetch-misses,faults,minor-faults,major-faults,branches,branch-misses,stalled-cycles-frontend,stalled-cycles-backend /home/goankur/jdk/corretto-25/bin/java -server -Xms2g -Xmx2g --add-modules jdk.incubator.vector -XX:+HeapDumpOnOutOfMemoryError -XX:+UseParallelGC -XX:StartFlightRecording=jdk.CPUTimeSample#enabled=true,dumponexit=true,maxsize=250M,settings=/home/goankur/vsearch/util/src/python/profiling.jfc,filename=/home/goankur/vsearch/logs/bench-search-FAG-armG-15.jfr -XX:+UnlockDiagnosticVMOptions -XX:+DebugNonSafepoints -classpath /home/goankur/vsearch/bo/lucene-G/lucene/core/build/libs/lucene-core-11.0.0-SNAPSHOT.jar:/home/goankur/vsearch/bo/lucene-G/lucene/sandbox/build/classes/java/main:/home/goankur/vsearch/bo/lucene-G/lucene/misc/build/classes/java/main:/home/goankur/vsearch/bo/lucene-G/lucene/facet/build/classes/java/main:/home/goankur/vsearch/bo/lucene-G/lucene/analysis/common/build/classes/java/main:/home/goankur/vsearch/bo/lucene-G/lucene/analysis/icu/build/classes/java/main:/home/goankur/vsearch/bo/lucene-G/lucene/queryparser/build/classes/java/main:/home/goankur/vsearch/bo/lucene-G/lucene/grouping/build/classes/java/main:/home/goankur/vsearch/bo/lucene-G/lucene/suggest/build/classes/java/main:/home/goankur/vsearch/bo/lucene-G/lucene/highlighter/build/classes/java/main:/home/goankur/vsearch/bo/lucene-G/lucene/codecs/build/classes/java/main:/home/goankur/vsearch/bo/lucene-G/lucene/queries/build/classes/java/main:/home/goankur/vsearch/bo/lucene-G/lucene/join/build/classes/java/main:/home/goankur/vsearch/bo/lucene-G/lucene/spatial3d/build/classes/java/main:/home/goankur/vsearch/util/lib/HdrHistogram.jar:/home/goankur/vsearch/util/src/main/build/classes/java/main:/home/goankur/vsearch/util/build perf.SearchPerfTest -dirImpl MMapDirectory -indexPath /home/goankur/vsearch/indices/wikimedium10m.lucene-A.facets.taxonomy:Date.taxonomy:Month.taxonomy:DayOfYear.sortedset:Date.sortedset:Month.sortedset:DayOfYear.taxonomy:RandomLabel.sortedset:RandomLabel.Lucene90.Lucene104.dvfields.nd10M -facets taxonomy:Date;Date -facets taxonomy:Month;Month -facets taxonomy:DayOfYear;DayOfYear -facets sortedset:Date;Date -facets sortedset:Month;Month -facets sortedset:DayOfYear;DayOfYear -facets taxonomy:RandomLabel;RandomLabel -facets sortedset:RandomLabel;RandomLabel -analyzer StandardAnalyzer -taskSource /home/goankur/vsearch/util/tasks/wikimedium.10M.nostopwords.tasks -numConcurrentQueries 5 -taskRepeatCount 20 -field body -tasksPerCat 1 -searchConcurrency -1 -staticSeed 137351 -seed -9442393 -similarity BM25Similarity -commit multi -hiliteImpl FastVectorHighlighter -log /home/goankur/vsearch/logs/FAG.armG.15 -topN 100 -context  -pk -pollute
      10.0 s
      235.0 actual sustained QPS; -1.0 CPU cores used

Report after iter 15:
QPSChart.supported == False
                            Task     P50 B     P50 C     Diff     P90 B     P90 C     Diff     P99 B     P99 C     Diff    P999 B    P999 C     Diff    P100 B    P100 C     Diff
           ('AndHighHigh', None)     1.645     1.974    20.0%     5.740     5.229    -8.9%     6.785     5.827   -14.1%     6.785     5.827   -14.1%   113.713    74.269   -34.7%
('AndHighHighDayTaxoFacets', None)    19.936    18.070    -9.4%    28.719    45.750    59.3%   108.358    64.208   -40.7%   108.358    64.208   -40.7%   133.584   137.495     2.9%
            ('AndHighLow', None)     0.649     0.612    -5.7%     1.218     1.385    13.6%     1.594     1.539    -3.5%     1.594     1.539    -3.5%    44.023    37.401   -15.0%
            ('AndHighMed', None)     0.960     0.978     1.9%     3.315     4.148    25.1%     3.678     4.489    22.1%     3.678     4.489    22.1%     5.563     5.120    -8.0%
('AndHighMedDayTaxoFacets', None)     5.893     5.431    -7.8%     9.310    15.686    68.5%    31.106    25.516   -18.0%    31.106    25.516   -18.0%   128.008    82.149   -35.8%
     ('AndMissingHigh', 'Title')     0.319     0.309    -3.2%     0.516     0.556     7.8%     1.025     0.743   -27.6%     1.025     0.743   -27.6%     4.488     4.709     4.9%
              ('BM25MSM2', None)    19.977    22.547    12.9%    34.103    38.005    11.4%    82.447   123.844    50.2%    82.447   123.844    50.2%   246.952   222.694    -9.8%
  ('BrowseDateSSDVFacets', None)   330.889   383.776    16.0%   379.779   435.231    14.6%   386.831   465.268    20.3%   386.831   465.268    20.3%   672.258   595.983   -11.3%
  ('BrowseDateTaxoFacets', None)    76.102    66.939   -12.0%    89.544    80.398   -10.2%    89.685    82.302    -8.2%    89.685    82.302    -8.2%   118.436   114.175    -3.6%
('BrowseDayOfYearSSDVFacets', None)    70.983    59.299   -16.5%    84.996    82.066    -3.4%   102.084    82.507   -19.2%   102.084    82.507   -19.2%   193.989   159.454   -17.8%
('BrowseDayOfYearTaxoFacets', None)    69.064    65.352    -5.4%    84.420    77.867    -7.8%    85.014    80.047    -5.8%    85.014    80.047    -5.8%   309.920   256.190   -17.3%
 ('BrowseMonthSSDVFacets', None)    64.055    66.804     4.3%    72.678    76.966     5.9%    81.500    91.278    12.0%    81.500    91.278    12.0%   134.745   174.306    29.4%
 ('BrowseMonthTaxoFacets', None)    25.856    26.214     1.4%    87.218    78.514   -10.0%   123.408   127.549     3.4%   123.408   127.549     3.4%   158.130   136.854   -13.5%
('BrowseRandomLabelSSDVFacets', None)    93.901    96.180     2.4%   111.612   112.622     0.9%   115.301   122.209     6.0%   115.301   122.209     6.0%   279.166   238.750   -14.5%
('BrowseRandomLabelTaxoFacets', None)    96.175    81.383   -15.4%   104.553    92.678   -11.4%   116.276   110.517    -5.0%   116.276   110.517    -5.0%   143.953   232.127    61.3%
             ('ConstMSM2', None)     0.776     0.771    -0.7%     1.352     2.537    87.7%     1.818     4.245   133.5%     1.818     4.245   133.5%     7.821    10.266    31.3%
                ('Fuzzy1', None)    12.160    11.668    -4.1%    16.001    16.314     2.0%    32.320    38.097    17.9%    32.320    38.097    17.9%    42.462    40.159    -5.4%
                ('Fuzzy2', None)    15.565    15.934     2.4%    26.909    25.635    -4.7%    79.566    65.463   -17.7%    79.566    65.463   -17.7%    91.365   124.366    36.1%
  ('HighIntervalsOrdered', None)    18.756    15.084   -19.6%    30.254    23.310   -23.0%    34.156    32.792    -4.0%    34.156    32.792    -4.0%   163.622   173.787     6.2%
            ('HighPhrase', None)     5.502     4.538   -17.5%     8.468     9.156     8.1%    26.189    15.087   -42.4%    26.189    15.087   -42.4%    27.054    51.625    90.8%
      ('HighSloppyPhrase', None)    22.535    22.638     0.5%    36.402    28.140   -22.7%    42.424    44.459     4.8%    42.424    44.459     4.8%   176.017   157.621   -10.5%
          ('HighSpanNear', None)     8.588     9.213     7.3%    18.014    17.663    -1.9%    19.543    26.924    37.8%    19.543    26.924    37.8%   201.618   226.236    12.2%
              ('HighTerm', None)     1.529     1.568     2.6%     1.901     2.727    43.5%     3.291     3.327     1.1%     3.291     3.327     1.1%    27.549    43.088    56.4%
('HighTermDayOfYearSort', 'DayOfYear')     1.968     1.966    -0.1%     4.695     4.471    -4.8%     9.917     9.545    -3.8%     9.917     9.545    -3.8%    95.973    86.345   -10.0%
  ('HighTermMonthSort', 'Month')     0.936     0.726   -22.4%     1.305     1.888    44.6%     1.947     2.838    45.7%     1.947     2.838    45.7%     6.573     5.487   -16.5%
('HighTermTitleBDVSort', 'TitleBinary')    11.484    10.930    -4.8%    28.110    26.882    -4.4%    28.212    29.066     3.0%    28.212    29.066     3.0%   224.821   115.450   -48.6%
  ('HighTermTitleSort', 'Title')     9.670    12.589    30.2%    17.060    22.535    32.1%    28.527    34.648    21.5%    28.527    34.648    21.5%   101.327   117.484    15.9%
                ('IntNRQ', None)     1.401     1.326    -5.4%     4.146     4.588    10.7%     8.724     5.548   -36.4%     8.724     5.548   -36.4%   100.406   122.074    21.6%
                ('IntSet', None)     1.538     1.422    -7.5%     5.939     5.766    -2.9%     9.426     6.487   -31.2%     9.426     6.487   -31.2%    78.758    63.822   -19.0%
   ('LowIntervalsOrdered', None)     3.612     2.642   -26.9%     5.893     4.427   -24.9%    10.261     7.595   -26.0%    10.261     7.595   -26.0%    17.413    18.080     3.8%
             ('LowPhrase', None)     5.236     4.816    -8.0%    12.234    10.387   -15.1%    43.095    19.517   -54.7%    43.095    19.517   -54.7%    50.641    68.149    34.6%
       ('LowSloppyPhrase', None)    10.397    10.107    -2.8%    16.270    18.281    12.4%    17.192    19.535    13.6%    17.192    19.535    13.6%    24.224    47.156    94.7%
           ('LowSpanNear', None)     4.448     5.589    25.7%     9.737    14.076    44.6%    15.985    20.132    25.9%    15.985    20.132    25.9%    71.851    68.679    -4.4%
               ('LowTerm', None)     0.431     0.413    -4.3%     0.837     1.033    23.4%     1.367     1.460     6.9%     1.367     1.460     6.9%     2.367    30.510  1189.2%
   ('MedIntervalsOrdered', None)     4.458     4.454    -0.1%     7.310    10.995    50.4%    20.572    17.607   -14.4%    20.572    17.607   -14.4%    22.093    20.952    -5.2%
             ('MedPhrase', None)     2.541     2.516    -1.0%     5.976     5.550    -7.1%     9.750    13.206    35.4%     9.750    13.206    35.4%    47.512    49.043     3.2%
       ('MedSloppyPhrase', None)    11.147    10.976    -1.5%    22.481    21.509    -4.3%    24.096    22.531    -6.5%    24.096    22.531    -6.5%    32.692   143.678   339.5%
           ('MedSpanNear', None)    10.839    11.671     7.7%    13.424    23.682    76.4%    32.825    31.631    -3.6%    32.825    31.631    -3.6%    34.093    33.547    -1.6%
               ('MedTerm', None)     0.634     0.590    -6.9%     1.255     0.909   -27.5%    12.271     7.551   -38.5%    12.271     7.551   -38.5%    84.964    67.713   -20.3%
  ('MedTermDayTaxoFacets', None)    11.624    11.110    -4.4%    17.469    19.651    12.5%    27.814    25.570    -8.1%    27.814    25.570    -8.1%    55.243    25.721   -53.4%
            ('OrHighHigh', None)     1.591     1.503    -5.5%     6.694     6.429    -4.0%    11.447     7.012   -38.7%    11.447     7.012   -38.7%    97.998    35.662   -63.6%
             ('OrHighLow', None)     0.786     0.812     3.3%     1.583     1.973    24.6%     2.957     3.040     2.8%     2.957     3.040     2.8%    27.103    10.683   -60.6%
             ('OrHighMed', None)     1.056     1.007    -4.7%     2.315     1.840   -20.5%     2.729     2.146   -21.4%     2.729     2.146   -21.4%   174.679   174.546    -0.1%
('OrHighMedDayTaxoFacets', None)   144.725   123.879   -14.4%   178.978   162.801    -9.0%   206.289   194.599    -5.7%   206.289   194.599    -5.7%   599.355   460.688   -23.1%
         ('OrHighNotHigh', None)     1.212     1.169    -3.6%     4.207     4.856    15.4%     4.246    18.722   341.0%     4.246    18.722   341.0%   114.059   105.265    -7.7%
          ('OrHighNotLow', None)     1.061     1.076     1.4%     9.890     4.055   -59.0%    16.169    10.575   -34.6%    16.169    10.575   -34.6%    17.232    12.103   -29.8%
          ('OrHighNotMed', None)     1.007     0.987    -1.9%     3.523     2.301   -34.7%     4.140     4.209     1.7%     4.140     4.209     1.7%    13.341     5.385   -59.6%
         ('OrNotHighHigh', None)     1.292     1.197    -7.3%     4.846     3.942   -18.6%    11.235     9.912   -11.8%    11.235     9.912   -11.8%    29.390    20.091   -31.6%
          ('OrNotHighLow', None)     0.773     0.721    -6.8%     1.967     1.806    -8.2%     2.199     2.126    -3.3%     2.199     2.126    -3.3%     2.208     4.570   106.9%
          ('OrNotHighMed', None)     1.013     1.013    -0.0%     3.563     2.193   -38.4%     4.180     3.565   -14.7%     4.180     3.565   -14.7%    18.971    16.347   -13.8%
                   ('PKLookup',)     5.523     5.518    -0.1%     9.345    10.157     8.7%    15.243    11.745   -22.9%    15.243    11.745   -22.9%    25.014    34.304    37.1%
               ('Prefix3', None)     1.100     1.233    12.1%     3.622     4.332    19.6%     6.117     8.425    37.7%     6.117     8.425    37.7%   131.920   107.867   -18.2%
                    ('Respell',)    12.762    12.871     0.9%    25.404    27.302     7.5%    28.525    46.983    64.7%    28.525    46.983    64.7%    63.698    77.242    21.3%
('TermDateTimeSort', 'DateTime')     2.233     2.550    14.2%     6.943     4.635   -33.3%    13.458     9.169   -31.9%    13.458     9.169   -31.9%    80.181    88.617    10.5%
              ('Wildcard', None)     1.616     1.501    -7.1%     6.387     3.163   -50.5%     7.984     4.221   -47.1%     7.984     4.221   -47.1%     8.723    17.959   105.9%
                 ('range', None)     0.189     0.190     0.7%     0.390     0.421     7.9%     0.553     1.924   248.2%     0.553     1.924   248.2%     5.181    14.349   177.0%
                            Task    QPS armA      StdDev    QPS armG      StdDev                Pct diff p-value
       BrowseDayOfYearTaxoFacets       17.39     (42.9%)       15.26      (4.5%)  -12.3% ( -41% -   61%) 0.254
           BrowseMonthTaxoFacets       39.38     (18.9%)       35.00     (23.8%)  -11.1% ( -45% -   38%) 0.143
            BrowseDateTaxoFacets       16.29     (33.2%)       14.74      (6.2%)   -9.5% ( -36% -   44%) 0.261
     BrowseRandomLabelTaxoFacets       13.38     (32.7%)       12.38      (5.6%)   -7.4% ( -34% -   45%) 0.370
                      AndHighMed     1148.95      (7.2%)     1096.47      (7.8%)   -4.6% ( -18% -   11%) 0.086
           HighTermDayOfYearSort      477.87      (9.5%)      456.93     (13.1%)   -4.4% ( -24% -   20%) 0.278
                          IntNRQ      715.44      (6.7%)      690.28      (7.7%)   -3.5% ( -16% -   11%) 0.166
                      AndHighLow     1895.28      (7.1%)     1835.96      (6.0%)   -3.1% ( -15% -   10%) 0.177
                           range     6243.18      (9.9%)     6061.91     (13.2%)   -2.9% ( -23% -   22%) 0.483
            BrowseDateSSDVFacets        2.90      (5.2%)        2.83      (7.5%)   -2.5% ( -14% -   10%) 0.275
               HighTermTitleSort      108.89     (11.2%)      106.41      (9.1%)   -2.3% ( -20% -   20%) 0.527
                         LowTerm     2413.61      (5.9%)     2360.62      (6.2%)   -2.2% ( -13% -   10%) 0.304
                    OrNotHighLow     1551.64     (12.3%)     1517.86      (8.3%)   -2.2% ( -20% -   21%) 0.557
                        Wildcard      697.29      (9.6%)      684.31      (6.6%)   -1.9% ( -16% -   15%) 0.521
                       ConstMSM2     1376.88      (5.8%)     1353.48      (4.5%)   -1.7% ( -11% -    9%) 0.351
                        HighTerm      648.64      (3.2%)      639.90      (3.0%)   -1.3% (  -7% -    4%) 0.216
                     LowSpanNear      215.97      (5.0%)      213.08     (10.3%)   -1.3% ( -15% -   14%) 0.640
                     MedSpanNear       94.37      (8.0%)       93.57      (9.7%)   -0.8% ( -17% -   18%) 0.789
                        BM25MSM2       48.17      (4.4%)       47.82      (4.6%)   -0.7% (  -9% -    8%) 0.647
            HighIntervalsOrdered       61.36      (8.0%)       60.95      (8.8%)   -0.7% ( -16% -   17%) 0.820
                    OrNotHighMed      979.36      (8.0%)      973.95      (8.3%)   -0.6% ( -15% -   17%) 0.848
       BrowseDayOfYearSSDVFacets       15.43      (8.5%)       15.35      (7.7%)   -0.5% ( -15% -   17%) 0.871
           BrowseMonthSSDVFacets       16.35     (10.8%)       16.30      (9.0%)   -0.3% ( -18% -   21%) 0.929
             MedIntervalsOrdered      258.01     (10.2%)      257.28     (13.2%)   -0.3% ( -21% -   25%) 0.946
                  AndMissingHigh     3552.77      (8.7%)     3544.20      (8.3%)   -0.2% ( -15% -   18%) 0.936
                       OrHighLow     1310.95      (9.6%)     1311.86      (6.3%)    0.1% ( -14% -   17%) 0.981
                       OrHighMed      944.59      (8.7%)      946.28      (6.5%)    0.2% ( -13% -   16%) 0.948
                     AndHighHigh      627.15     (12.5%)      628.61     (11.7%)    0.2% ( -21% -   27%) 0.956
                         Respell       76.27      (6.3%)       76.47      (8.2%)    0.3% ( -13% -   15%) 0.921
                      OrHighHigh      619.17      (9.1%)      621.27      (8.2%)    0.3% ( -15% -   19%) 0.912
          OrHighMedDayTaxoFacets        7.49      (5.6%)        7.51      (7.9%)    0.4% ( -12% -   14%) 0.872
                    OrHighNotMed      991.90      (7.8%)      996.01      (6.7%)    0.4% ( -13% -   16%) 0.872
                          Fuzzy2       62.54      (6.2%)       62.80      (5.6%)    0.4% ( -10% -   13%) 0.840
                HighSloppyPhrase       46.05      (3.5%)       46.27      (4.3%)    0.5% (  -7% -    8%) 0.731
     BrowseRandomLabelSSDVFacets       11.21      (5.0%)       11.28      (6.3%)    0.6% ( -10% -   12%) 0.769
                    OrHighNotLow      900.32      (8.6%)      907.32     (12.0%)    0.8% ( -18% -   23%) 0.833
                       MedPhrase      389.20      (8.6%)      392.22      (3.5%)    0.8% ( -10% -   14%) 0.739
                 MedSloppyPhrase       94.16      (7.4%)       94.97      (5.2%)    0.9% ( -10% -   14%) 0.704
            MedTermDayTaxoFacets       93.48      (5.8%)       94.28      (4.2%)    0.9% (  -8% -   11%) 0.629
                      TermDTSort      449.91      (7.5%)      454.22      (4.7%)    1.0% ( -10% -   14%) 0.665
                       LowPhrase      198.70      (6.6%)      200.63      (5.4%)    1.0% ( -10% -   13%) 0.649
                          IntSet      687.11      (9.5%)      697.12      (7.2%)    1.5% ( -13% -   20%) 0.625
         AndHighMedDayTaxoFacets      189.22      (3.9%)      192.03      (2.8%)    1.5% (  -5% -    8%) 0.219
                         Prefix3      889.33      (9.5%)      903.98     (13.7%)    1.6% ( -19% -   27%) 0.692
                    HighSpanNear      130.31      (4.8%)      132.65      (4.5%)    1.8% (  -7% -   11%) 0.271
                        PKLookup      213.29     (10.5%)      217.36     (10.6%)    1.9% ( -17% -   25%) 0.609
                   OrHighNotHigh      837.39      (6.1%)      854.62      (5.8%)    2.1% (  -9% -   14%) 0.328
                         MedTerm     1531.48      (5.2%)     1563.87      (5.7%)    2.1% (  -8% -   13%) 0.276
                      HighPhrase      232.30      (7.3%)      237.32      (8.9%)    2.2% ( -13% -   19%) 0.451
                          Fuzzy1       87.62      (7.7%)       89.62      (6.1%)    2.3% ( -10% -   17%) 0.351
                 LowSloppyPhrase       93.74      (7.3%)       96.49      (4.0%)    2.9% (  -7% -   15%) 0.158
            HighTermTitleBDVSort       84.28      (6.4%)       86.81      (5.0%)    3.0% (  -7% -   15%) 0.138
               HighTermMonthSort     1513.12      (6.6%)     1560.97      (8.0%)    3.2% ( -10% -   18%) 0.222
        AndHighHighDayTaxoFacets       54.79      (8.4%)       56.95      (6.5%)    3.9% ( -10% -   20%) 0.137
             LowIntervalsOrdered      306.45     (10.7%)      320.01     (16.8%)    4.4% ( -20% -   35%) 0.375
                   OrNotHighHigh      787.51      (8.9%)      835.88      (4.6%)    6.1% (  -6% -   21%) 0.014
  iter 16
    armG:
      NOTE: using experimental CPU time profiler (see https://mostlynerdless.de/blog/2025/06/11/java-25s-new-cpu-time-profiler-1)
      log: /home/goankur/vsearch/logs/FAG.armG.16 + stdout
      run: /usr/bin/perf stat -dd -e task-clock,cycles,instructions,cache-references,cache-misses,L1-dcache-loads,L1-dcache-load-misses,L1-icache-loads,L1-icache-load-misses,LLC-loads,LLC-load-misses,LLC-stores,LLC-store-misses,LLC-prefetches,LLC-prefetch-misses,faults,minor-faults,major-faults,branches,branch-misses,stalled-cycles-frontend,stalled-cycles-backend /home/goankur/jdk/corretto-25/bin/java -server -Xms2g -Xmx2g --add-modules jdk.incubator.vector -XX:+HeapDumpOnOutOfMemoryError -XX:+UseParallelGC -XX:StartFlightRecording=jdk.CPUTimeSample#enabled=true,dumponexit=true,maxsize=250M,settings=/home/goankur/vsearch/util/src/python/profiling.jfc,filename=/home/goankur/vsearch/logs/bench-search-FAG-armG-16.jfr -XX:+UnlockDiagnosticVMOptions -XX:+DebugNonSafepoints -classpath /home/goankur/vsearch/bo/lucene-G/lucene/core/build/libs/lucene-core-11.0.0-SNAPSHOT.jar:/home/goankur/vsearch/bo/lucene-G/lucene/sandbox/build/classes/java/main:/home/goankur/vsearch/bo/lucene-G/lucene/misc/build/classes/java/main:/home/goankur/vsearch/bo/lucene-G/lucene/facet/build/classes/java/main:/home/goankur/vsearch/bo/lucene-G/lucene/analysis/common/build/classes/java/main:/home/goankur/vsearch/bo/lucene-G/lucene/analysis/icu/build/classes/java/main:/home/goankur/vsearch/bo/lucene-G/lucene/queryparser/build/classes/java/main:/home/goankur/vsearch/bo/lucene-G/lucene/grouping/build/classes/java/main:/home/goankur/vsearch/bo/lucene-G/lucene/suggest/build/classes/java/main:/home/goankur/vsearch/bo/lucene-G/lucene/highlighter/build/classes/java/main:/home/goankur/vsearch/bo/lucene-G/lucene/codecs/build/classes/java/main:/home/goankur/vsearch/bo/lucene-G/lucene/queries/build/classes/java/main:/home/goankur/vsearch/bo/lucene-G/lucene/join/build/classes/java/main:/home/goankur/vsearch/bo/lucene-G/lucene/spatial3d/build/classes/java/main:/home/goankur/vsearch/util/lib/HdrHistogram.jar:/home/goankur/vsearch/util/src/main/build/classes/java/main:/home/goankur/vsearch/util/build perf.SearchPerfTest -dirImpl MMapDirectory -indexPath /home/goankur/vsearch/indices/wikimedium10m.lucene-A.facets.taxonomy:Date.taxonomy:Month.taxonomy:DayOfYear.sortedset:Date.sortedset:Month.sortedset:DayOfYear.taxonomy:RandomLabel.sortedset:RandomLabel.Lucene90.Lucene104.dvfields.nd10M -facets taxonomy:Date;Date -facets taxonomy:Month;Month -facets taxonomy:DayOfYear;DayOfYear -facets sortedset:Date;Date -facets sortedset:Month;Month -facets sortedset:DayOfYear;DayOfYear -facets taxonomy:RandomLabel;RandomLabel -facets sortedset:RandomLabel;RandomLabel -analyzer StandardAnalyzer -taskSource /home/goankur/vsearch/util/tasks/wikimedium.10M.nostopwords.tasks -numConcurrentQueries 5 -taskRepeatCount 20 -field body -tasksPerCat 1 -searchConcurrency -1 -staticSeed 137351 -seed -2047607 -similarity BM25Similarity -commit multi -hiliteImpl FastVectorHighlighter -log /home/goankur/vsearch/logs/FAG.armG.16 -topN 100 -context  -pk -pollute
      10.3 s
      234.0 actual sustained QPS; -1.0 CPU cores used
    armA:
      NOTE: using experimental CPU time profiler (see https://mostlynerdless.de/blog/2025/06/11/java-25s-new-cpu-time-profiler-1)
      log: /home/goankur/vsearch/logs/FAG.armA.16 + stdout
      run: /usr/bin/perf stat -dd -e task-clock,cycles,instructions,cache-references,cache-misses,L1-dcache-loads,L1-dcache-load-misses,L1-icache-loads,L1-icache-load-misses,LLC-loads,LLC-load-misses,LLC-stores,LLC-store-misses,LLC-prefetches,LLC-prefetch-misses,faults,minor-faults,major-faults,branches,branch-misses,stalled-cycles-frontend,stalled-cycles-backend /home/goankur/jdk/corretto-25/bin/java -server -Xms2g -Xmx2g --add-modules jdk.incubator.vector -XX:+HeapDumpOnOutOfMemoryError -XX:+UseParallelGC -XX:StartFlightRecording=jdk.CPUTimeSample#enabled=true,dumponexit=true,maxsize=250M,settings=/home/goankur/vsearch/util/src/python/profiling.jfc,filename=/home/goankur/vsearch/logs/bench-search-FAG-armA-16.jfr -XX:+UnlockDiagnosticVMOptions -XX:+DebugNonSafepoints -classpath /home/goankur/vsearch/bo/lucene-A/lucene/core/build/libs/lucene-core-11.0.0-SNAPSHOT.jar:/home/goankur/vsearch/bo/lucene-A/lucene/sandbox/build/classes/java/main:/home/goankur/vsearch/bo/lucene-A/lucene/misc/build/classes/java/main:/home/goankur/vsearch/bo/lucene-A/lucene/facet/build/classes/java/main:/home/goankur/vsearch/bo/lucene-A/lucene/analysis/common/build/classes/java/main:/home/goankur/vsearch/bo/lucene-A/lucene/analysis/icu/build/classes/java/main:/home/goankur/vsearch/bo/lucene-A/lucene/queryparser/build/classes/java/main:/home/goankur/vsearch/bo/lucene-A/lucene/grouping/build/classes/java/main:/home/goankur/vsearch/bo/lucene-A/lucene/suggest/build/classes/java/main:/home/goankur/vsearch/bo/lucene-A/lucene/highlighter/build/classes/java/main:/home/goankur/vsearch/bo/lucene-A/lucene/codecs/build/classes/java/main:/home/goankur/vsearch/bo/lucene-A/lucene/queries/build/classes/java/main:/home/goankur/vsearch/bo/lucene-A/lucene/join/build/classes/java/main:/home/goankur/vsearch/bo/lucene-A/lucene/spatial3d/build/classes/java/main:/home/goankur/vsearch/util/lib/HdrHistogram.jar:/home/goankur/vsearch/util/src/main/build/classes/java/main:/home/goankur/vsearch/util/build perf.SearchPerfTest -dirImpl MMapDirectory -indexPath /home/goankur/vsearch/indices/wikimedium10m.lucene-A.facets.taxonomy:Date.taxonomy:Month.taxonomy:DayOfYear.sortedset:Date.sortedset:Month.sortedset:DayOfYear.taxonomy:RandomLabel.sortedset:RandomLabel.Lucene90.Lucene104.dvfields.nd10M -facets taxonomy:Date;Date -facets taxonomy:Month;Month -facets taxonomy:DayOfYear;DayOfYear -facets sortedset:Date;Date -facets sortedset:Month;Month -facets sortedset:DayOfYear;DayOfYear -facets taxonomy:RandomLabel;RandomLabel -facets sortedset:RandomLabel;RandomLabel -analyzer StandardAnalyzer -taskSource /home/goankur/vsearch/util/tasks/wikimedium.10M.nostopwords.tasks -numConcurrentQueries 5 -taskRepeatCount 20 -field body -tasksPerCat 1 -searchConcurrency -1 -staticSeed 137351 -seed -2047607 -similarity BM25Similarity -commit multi -hiliteImpl FastVectorHighlighter -log /home/goankur/vsearch/logs/FAG.armA.16 -topN 100 -context  -pk -pollute
      9.9 s
      232.9 actual sustained QPS; -1.0 CPU cores used

Report after iter 16:
QPSChart.supported == False
                            Task     P50 B     P50 C     Diff     P90 B     P90 C     Diff     P99 B     P99 C     Diff    P999 B    P999 C     Diff    P100 B    P100 C     Diff
           ('AndHighHigh', None)     1.930     1.826    -5.4%     9.648     7.096   -26.4%    12.229    12.176    -0.4%    12.229    12.176    -0.4%    12.495    13.507     8.1%
('AndHighHighDayTaxoFacets', None)    19.743    19.032    -3.6%    29.672    33.129    11.7%    62.064    79.212    27.6%    62.064    79.212    27.6%    64.909    89.384    37.7%
            ('AndHighLow', None)     0.655     0.582   -11.3%     1.537     1.408    -8.4%     1.694     1.597    -5.7%     1.694     1.597    -5.7%     1.701     7.535   343.0%
            ('AndHighMed', None)     0.901     1.114    23.7%     4.385     2.368   -46.0%     5.157     3.717   -27.9%     5.157     3.717   -27.9%    21.802     7.432   -65.9%
('AndHighMedDayTaxoFacets', None)     5.344     5.426     1.5%    19.394    27.175    40.1%    28.674    31.047     8.3%    28.674    31.047     8.3%   315.780   267.209   -15.4%
     ('AndMissingHigh', 'Title')     0.283     0.275    -2.8%     0.616     0.662     7.4%     1.966     0.713   -63.7%     1.966     0.713   -63.7%    11.507     1.059   -90.8%
              ('BM25MSM2', None)    23.056    23.663     2.6%    36.949    31.939   -13.6%    40.608    42.914     5.7%    40.608    42.914     5.7%   170.296   188.521    10.7%
  ('BrowseDateSSDVFacets', None)   372.407   338.018    -9.2%   470.194   381.118   -18.9%   488.784   396.431   -18.9%   488.784   396.431   -18.9%   621.291   862.116    38.8%
  ('BrowseDateTaxoFacets', None)    63.795    73.257    14.8%    79.045    87.083    10.2%    85.741    88.230     2.9%    85.741    88.230     2.9%   149.557   199.248    33.2%
('BrowseDayOfYearSSDVFacets', None)    68.246    65.490    -4.0%    80.821    87.899     8.8%    81.823   113.780    39.1%    81.823   113.780    39.1%   114.373   286.766   150.7%
('BrowseDayOfYearTaxoFacets', None)    63.990    75.487    18.0%    76.156    85.901    12.8%    76.279    88.237    15.7%    76.279    88.237    15.7%   112.487   127.211    13.1%
 ('BrowseMonthSSDVFacets', None)    58.953    65.531    11.2%    75.258    86.731    15.2%    75.477    91.201    20.8%    75.477    91.201    20.8%   268.735   509.396    89.6%
 ('BrowseMonthTaxoFacets', None)    23.553    27.126    15.2%    76.816    74.562    -2.9%    82.186    76.921    -6.4%    82.186    76.921    -6.4%   320.051   260.952   -18.5%
('BrowseRandomLabelSSDVFacets', None)    90.337    88.166    -2.4%   112.418   121.072     7.7%   156.971   122.940   -21.7%   156.971   122.940   -21.7%   434.402   586.663    35.1%
('BrowseRandomLabelTaxoFacets', None)    83.081    89.613     7.9%    95.809   112.659    17.6%    98.053   123.370    25.8%    98.053   123.370    25.8%   234.069   216.604    -7.5%
             ('ConstMSM2', None)     0.674     0.716     6.1%     1.387     2.443    76.1%     1.414     2.807    98.6%     1.414     2.807    98.6%     5.734    13.174   129.8%
                ('Fuzzy1', None)    11.882    10.496   -11.7%    18.481    23.000    24.5%    43.129    24.061   -44.2%    43.129    24.061   -44.2%    74.819    94.518    26.3%
                ('Fuzzy2', None)    17.162    17.175     0.1%    25.409    21.362   -15.9%    28.476    36.398    27.8%    28.476    36.398    27.8%    73.592    53.502   -27.3%
  ('HighIntervalsOrdered', None)    14.720    17.352    17.9%    24.595    27.909    13.5%    25.372    39.562    55.9%    25.372    39.562    55.9%    45.344   155.790   243.6%
            ('HighPhrase', None)     4.145     4.305     3.9%    11.807     8.800   -25.5%    33.571    20.655   -38.5%    33.571    20.655   -38.5%    87.906    65.106   -25.9%
      ('HighSloppyPhrase', None)    22.280    21.979    -1.4%    30.613    33.241     8.6%    35.507    36.067     1.6%    35.507    36.067     1.6%   212.261   215.688     1.6%
          ('HighSpanNear', None)     7.354     7.548     2.6%    17.470    19.709    12.8%    32.269    22.664   -29.8%    32.269    22.664   -29.8%    34.554    27.392   -20.7%
              ('HighTerm', None)     1.530     1.514    -1.1%     2.127     3.175    49.3%     2.342     4.489    91.7%     2.342     4.489    91.7%    24.238    10.162   -58.1%
('HighTermDayOfYearSort', 'DayOfYear')     2.070     2.048    -1.1%     5.133     5.851    14.0%    27.431    29.066     6.0%    27.431    29.066     6.0%    64.646    60.226    -6.8%
  ('HighTermMonthSort', 'Month')     0.711     0.686    -3.5%     4.436     1.861   -58.0%     7.581     3.316   -56.3%     7.581     3.316   -56.3%    12.201     3.346   -72.6%
('HighTermTitleBDVSort', 'TitleBinary')    12.354    13.461     9.0%    28.325    26.846    -5.2%    36.395    49.413    35.8%    36.395    49.413    35.8%    44.572    57.204    28.3%
  ('HighTermTitleSort', 'Title')     9.239    11.092    20.1%    21.204    29.974    41.4%    25.929    30.974    19.5%    25.929    30.974    19.5%    88.992   118.419    33.1%
                ('IntNRQ', None)     1.754     1.790     2.0%     5.554     3.883   -30.1%     7.402     7.401    -0.0%     7.402     7.401    -0.0%    68.566   121.767    77.6%
                ('IntSet', None)     1.440     1.330    -7.6%     5.125     5.781    12.8%    12.706    13.052     2.7%    12.706    13.052     2.7%    51.946   100.309    93.1%
   ('LowIntervalsOrdered', None)     3.249     3.740    15.1%     5.950     8.397    41.1%     9.876     9.359    -5.2%     9.876     9.359    -5.2%    81.861    78.283    -4.4%
             ('LowPhrase', None)     6.464     5.920    -8.4%     8.153    11.182    37.2%     8.244    13.555    64.4%     8.244    13.555    64.4%    57.801    79.035    36.7%
       ('LowSloppyPhrase', None)     9.935    10.038     1.0%    19.074    28.926    51.6%    44.598    33.714   -24.4%    44.598    33.714   -24.4%    50.926    36.637   -28.1%
           ('LowSpanNear', None)     4.421     4.338    -1.9%     8.358    10.032    20.0%     9.141    11.549    26.3%     9.141    11.549    26.3%    25.297    27.018     6.8%
               ('LowTerm', None)     0.486     0.445    -8.3%     0.796     1.421    78.5%     1.466     2.295    56.6%     1.466     2.295    56.6%     6.632    25.743   288.2%
   ('MedIntervalsOrdered', None)     3.444     4.735    37.5%     6.278     7.427    18.3%     6.825     7.889    15.6%     6.825     7.889    15.6%     7.540    10.450    38.6%
             ('MedPhrase', None)     2.585     2.986    15.5%     5.111     5.014    -1.9%    10.429     6.790   -34.9%    10.429     6.790   -34.9%    21.616    31.535    45.9%
       ('MedSloppyPhrase', None)    10.748    11.512     7.1%    19.223    21.071     9.6%    28.399    35.671    25.6%    28.399    35.671    25.6%   150.034   104.612   -30.3%
           ('MedSpanNear', None)    10.626     8.993   -15.4%    13.011    15.443    18.7%    32.146    30.905    -3.9%    32.146    30.905    -3.9%    92.769    93.207     0.5%
               ('MedTerm', None)     0.656     0.704     7.3%     2.116     2.686    27.0%     3.900     2.891   -25.9%     3.900     2.891   -25.9%     6.872     4.805   -30.1%
  ('MedTermDayTaxoFacets', None)    10.661    11.172     4.8%    13.274    15.224    14.7%    15.493    17.197    11.0%    15.493    17.197    11.0%   316.246   261.908   -17.2%
            ('OrHighHigh', None)     1.588     1.526    -3.9%     3.835     3.971     3.6%     7.487    12.404    65.7%     7.487    12.404    65.7%    79.984   122.363    53.0%
             ('OrHighLow', None)     0.734     0.711    -3.1%     1.596     1.311   -17.9%     1.705     2.109    23.7%     1.705     2.109    23.7%   118.627   105.589   -11.0%
             ('OrHighMed', None)     1.128     1.083    -4.0%     6.108     4.541   -25.7%     6.922     9.283    34.1%     6.922     9.283    34.1%    13.105    29.312   123.7%
('OrHighMedDayTaxoFacets', None)   137.368   147.834     7.6%   170.739   199.413    16.8%   300.835   233.013   -22.5%   300.835   233.013   -22.5%   744.074   714.561    -4.0%
         ('OrHighNotHigh', None)     1.223     1.153    -5.7%     3.516     7.609   116.4%    22.072    30.077    36.3%    22.072    30.077    36.3%   177.297   173.137    -2.3%
          ('OrHighNotLow', None)     1.226     1.059   -13.6%     6.784     2.518   -62.9%     8.312     3.055   -63.2%     8.312     3.055   -63.2%    22.071    19.402   -12.1%
          ('OrHighNotMed', None)     1.021     0.972    -4.7%     2.327     4.133    77.6%    11.163    10.380    -7.0%    11.163    10.380    -7.0%    16.291    19.674    20.8%
         ('OrNotHighHigh', None)     1.659     1.325   -20.1%     4.165     3.505   -15.8%     8.971     3.711   -58.6%     8.971     3.711   -58.6%     9.953     4.404   -55.8%
          ('OrNotHighLow', None)     0.643     0.676     5.2%     1.313     1.725    31.3%     3.024     2.172   -28.2%     3.024     2.172   -28.2%     6.116     2.966   -51.5%
          ('OrNotHighMed', None)     1.044     1.004    -3.9%     2.494     2.975    19.3%     2.588     3.129    20.9%     2.588     3.129    20.9%    19.950    23.620    18.4%
                   ('PKLookup',)     5.351     5.644     5.5%     8.196     9.675    18.0%     8.197    10.736    31.0%     8.197    10.736    31.0%    31.135    21.465   -31.1%
               ('Prefix3', None)     1.307     1.268    -3.0%     5.547     6.613    19.2%     8.499    13.794    62.3%     8.499    13.794    62.3%    20.508    53.797   162.3%
                    ('Respell',)    15.631    13.121   -16.1%    24.194    19.550   -19.2%    25.030    27.365     9.3%    25.030    27.365     9.3%   217.327   205.334    -5.5%
('TermDateTimeSort', 'DateTime')     2.468     2.510     1.7%     7.143     8.232    15.2%     8.445     8.452     0.1%     8.445     8.452     0.1%    21.956    24.671    12.4%
              ('Wildcard', None)     1.560     1.511    -3.2%     7.277     3.394   -53.4%     8.160     6.479   -20.6%     8.160     6.479   -20.6%    41.498    18.869   -54.5%
                 ('range', None)     0.161     0.182    13.2%     0.613     0.636     3.7%     0.765     0.715    -6.5%     0.765     0.715    -6.5%     1.092     1.064    -2.6%
                            Task    QPS armA      StdDev    QPS armG      StdDev                Pct diff p-value
       BrowseDayOfYearTaxoFacets       17.32     (41.7%)       15.18      (4.8%)  -12.4% ( -41% -   58%) 0.224
           BrowseMonthTaxoFacets       39.67     (18.4%)       35.14     (22.9%)  -11.4% ( -44% -   36%) 0.109
            BrowseDateTaxoFacets       16.26     (32.3%)       14.68      (6.2%)   -9.7% ( -36% -   42%) 0.223
     BrowseRandomLabelTaxoFacets       13.34     (31.8%)       12.33      (5.6%)   -7.6% ( -34% -   43%) 0.335
           HighTermDayOfYearSort      481.96      (9.7%)      460.25     (12.9%)   -4.5% ( -24% -   20%) 0.250
                      AndHighMed     1149.67      (7.0%)     1102.94      (7.9%)   -4.1% ( -17% -   11%) 0.113
                          IntNRQ      709.75      (7.3%)      687.12      (7.7%)   -3.2% ( -16% -   12%) 0.215
               HighTermTitleSort      109.35     (10.9%)      106.11      (8.9%)   -3.0% ( -20% -   18%) 0.385
                           range     6245.29      (9.6%)     6101.82     (13.1%)   -2.3% ( -22% -   22%) 0.560
                    OrNotHighLow     1558.02     (12.0%)     1522.60      (8.1%)   -2.3% ( -19% -   20%) 0.517
                         LowTerm     2406.81      (5.9%)     2355.34      (6.0%)   -2.1% ( -13% -   10%) 0.295
             MedIntervalsOrdered      260.63     (10.7%)      255.26     (13.1%)   -2.1% ( -23% -   24%) 0.615
                       ConstMSM2     1384.07      (5.9%)     1358.86      (4.6%)   -1.8% ( -11% -    9%) 0.317
                      AndHighLow     1879.79      (7.7%)     1846.13      (6.2%)   -1.8% ( -14% -   13%) 0.457
            BrowseDateSSDVFacets        2.89      (5.4%)        2.84      (7.5%)   -1.7% ( -13% -   11%) 0.453
            HighIntervalsOrdered       61.80      (8.2%)       60.76      (8.5%)   -1.7% ( -17% -   16%) 0.560
                        HighTerm      650.44      (3.3%)      641.49      (3.0%)   -1.4% (  -7% -    5%) 0.204
                        Wildcard      696.83      (9.3%)      687.28      (6.6%)   -1.4% ( -15% -   15%) 0.620
                     LowSpanNear      217.06      (5.2%)      214.20     (10.2%)   -1.3% ( -15% -   14%) 0.634
           BrowseMonthSSDVFacets       16.40     (10.5%)       16.24      (8.8%)   -1.0% ( -18% -   20%) 0.771
                        BM25MSM2       47.94      (4.8%)       47.69      (4.7%)   -0.5% (  -9% -    9%) 0.748
                    OrNotHighMed      980.13      (7.8%)      976.36      (8.1%)   -0.4% ( -15% -   16%) 0.887
       BrowseDayOfYearSSDVFacets       15.41      (8.2%)       15.36      (7.4%)   -0.3% ( -14% -   16%) 0.912
          OrHighMedDayTaxoFacets        7.48      (5.4%)        7.49      (7.8%)    0.1% ( -12% -   14%) 0.972
                HighSloppyPhrase       46.14      (3.4%)       46.25      (4.2%)    0.2% (  -7% -    8%) 0.869
                          Fuzzy2       62.49      (6.0%)       62.63      (5.6%)    0.2% ( -10% -   12%) 0.906
                       OrHighLow     1315.91      (9.4%)     1319.58      (6.5%)    0.3% ( -14% -   17%) 0.920
                     MedSpanNear       94.39      (7.7%)       94.66     (10.6%)    0.3% ( -16% -   20%) 0.928
                      TermDTSort      450.97      (7.3%)      452.73      (4.7%)    0.4% ( -10% -   13%) 0.854
                      OrHighHigh      621.20      (8.9%)      624.13      (8.2%)    0.5% ( -15% -   19%) 0.872
                 MedSloppyPhrase       94.39      (7.2%)       94.86      (5.0%)    0.5% ( -10% -   13%) 0.817
                  AndMissingHigh     3565.34      (8.6%)     3583.48      (9.2%)    0.5% ( -15% -   19%) 0.867
                       OrHighMed      942.90      (8.5%)      948.10      (6.4%)    0.6% ( -13% -   16%) 0.831
     BrowseRandomLabelSSDVFacets       11.22      (4.8%)       11.28      (6.1%)    0.6% (  -9% -   12%) 0.757
                    OrHighNotMed      994.09      (7.6%)      999.97      (6.7%)    0.6% ( -12% -   16%) 0.810
                       MedPhrase      389.54      (8.4%)      392.18      (3.4%)    0.7% ( -10% -   13%) 0.757
                       LowPhrase      197.50      (6.9%)      199.15      (6.1%)    0.8% ( -11% -   14%) 0.707
                         Respell       75.82      (6.6%)       76.51      (8.0%)    0.9% ( -12% -   16%) 0.715
                     AndHighHigh      621.74     (12.7%)      627.66     (11.4%)    1.0% ( -20% -   28%) 0.818
            MedTermDayTaxoFacets       93.61      (5.6%)       94.55      (4.2%)    1.0% (  -8% -   11%) 0.557
         AndHighMedDayTaxoFacets      189.52      (3.9%)      191.76      (2.8%)    1.2% (  -5% -    8%) 0.307
                        PKLookup      212.35     (10.4%)      215.24     (11.1%)    1.4% ( -18% -   25%) 0.712
                         Prefix3      891.34      (9.2%)      904.45     (13.2%)    1.5% ( -19% -   26%) 0.707
                    OrHighNotLow      897.27      (8.5%)      910.50     (11.8%)    1.5% ( -17% -   23%) 0.675
                      HighPhrase      233.47      (7.3%)      237.25      (8.5%)    1.6% ( -13% -   18%) 0.553
                         MedTerm     1533.66      (5.1%)     1559.45      (5.7%)    1.7% (  -8% -   13%) 0.363
                    HighSpanNear      130.75      (4.8%)      132.98      (4.5%)    1.7% (  -7% -   11%) 0.282
                          IntSet      689.18      (9.3%)      702.34      (7.6%)    1.9% ( -13% -   20%) 0.512
            HighTermTitleBDVSort       84.56      (6.3%)       86.49      (5.0%)    2.3% (  -8% -   14%) 0.243
                   OrHighNotHigh      836.97      (5.9%)      856.59      (5.7%)    2.3% (  -8% -   14%) 0.240
                 LowSloppyPhrase       94.16      (7.3%)       96.73      (4.0%)    2.7% (  -7% -   15%) 0.175
                          Fuzzy1       87.74      (7.4%)       90.32      (6.8%)    2.9% ( -10% -   18%) 0.228
               HighTermMonthSort     1509.49      (6.5%)     1557.10      (7.8%)    3.2% ( -10% -   18%) 0.201
             LowIntervalsOrdered      307.70     (10.5%)      318.20     (16.4%)    3.4% ( -21% -   33%) 0.470
        AndHighHighDayTaxoFacets       54.57      (8.3%)       56.79      (6.4%)    4.1% (  -9% -   20%) 0.111
                   OrNotHighHigh      782.54      (9.1%)      832.60      (4.8%)    6.4% (  -6% -   22%) 0.010
  iter 17
    armA:
      NOTE: using experimental CPU time profiler (see https://mostlynerdless.de/blog/2025/06/11/java-25s-new-cpu-time-profiler-1)
      log: /home/goankur/vsearch/logs/FAG.armA.17 + stdout
      run: /usr/bin/perf stat -dd -e task-clock,cycles,instructions,cache-references,cache-misses,L1-dcache-loads,L1-dcache-load-misses,L1-icache-loads,L1-icache-load-misses,LLC-loads,LLC-load-misses,LLC-stores,LLC-store-misses,LLC-prefetches,LLC-prefetch-misses,faults,minor-faults,major-faults,branches,branch-misses,stalled-cycles-frontend,stalled-cycles-backend /home/goankur/jdk/corretto-25/bin/java -server -Xms2g -Xmx2g --add-modules jdk.incubator.vector -XX:+HeapDumpOnOutOfMemoryError -XX:+UseParallelGC -XX:StartFlightRecording=jdk.CPUTimeSample#enabled=true,dumponexit=true,maxsize=250M,settings=/home/goankur/vsearch/util/src/python/profiling.jfc,filename=/home/goankur/vsearch/logs/bench-search-FAG-armA-17.jfr -XX:+UnlockDiagnosticVMOptions -XX:+DebugNonSafepoints -classpath /home/goankur/vsearch/bo/lucene-A/lucene/core/build/libs/lucene-core-11.0.0-SNAPSHOT.jar:/home/goankur/vsearch/bo/lucene-A/lucene/sandbox/build/classes/java/main:/home/goankur/vsearch/bo/lucene-A/lucene/misc/build/classes/java/main:/home/goankur/vsearch/bo/lucene-A/lucene/facet/build/classes/java/main:/home/goankur/vsearch/bo/lucene-A/lucene/analysis/common/build/classes/java/main:/home/goankur/vsearch/bo/lucene-A/lucene/analysis/icu/build/classes/java/main:/home/goankur/vsearch/bo/lucene-A/lucene/queryparser/build/classes/java/main:/home/goankur/vsearch/bo/lucene-A/lucene/grouping/build/classes/java/main:/home/goankur/vsearch/bo/lucene-A/lucene/suggest/build/classes/java/main:/home/goankur/vsearch/bo/lucene-A/lucene/highlighter/build/classes/java/main:/home/goankur/vsearch/bo/lucene-A/lucene/codecs/build/classes/java/main:/home/goankur/vsearch/bo/lucene-A/lucene/queries/build/classes/java/main:/home/goankur/vsearch/bo/lucene-A/lucene/join/build/classes/java/main:/home/goankur/vsearch/bo/lucene-A/lucene/spatial3d/build/classes/java/main:/home/goankur/vsearch/util/lib/HdrHistogram.jar:/home/goankur/vsearch/util/src/main/build/classes/java/main:/home/goankur/vsearch/util/build perf.SearchPerfTest -dirImpl MMapDirectory -indexPath /home/goankur/vsearch/indices/wikimedium10m.lucene-A.facets.taxonomy:Date.taxonomy:Month.taxonomy:DayOfYear.sortedset:Date.sortedset:Month.sortedset:DayOfYear.taxonomy:RandomLabel.sortedset:RandomLabel.Lucene90.Lucene104.dvfields.nd10M -facets taxonomy:Date;Date -facets taxonomy:Month;Month -facets taxonomy:DayOfYear;DayOfYear -facets sortedset:Date;Date -facets sortedset:Month;Month -facets sortedset:DayOfYear;DayOfYear -facets taxonomy:RandomLabel;RandomLabel -facets sortedset:RandomLabel;RandomLabel -analyzer StandardAnalyzer -taskSource /home/goankur/vsearch/util/tasks/wikimedium.10M.nostopwords.tasks -numConcurrentQueries 5 -taskRepeatCount 20 -field body -tasksPerCat 1 -searchConcurrency -1 -staticSeed 137351 -seed -6487892 -similarity BM25Similarity -commit multi -hiliteImpl FastVectorHighlighter -log /home/goankur/vsearch/logs/FAG.armA.17 -topN 100 -context  -pk -pollute
      10.3 s
      225.0 actual sustained QPS; -1.0 CPU cores used
    armG:
      NOTE: using experimental CPU time profiler (see https://mostlynerdless.de/blog/2025/06/11/java-25s-new-cpu-time-profiler-1)
      log: /home/goankur/vsearch/logs/FAG.armG.17 + stdout
      run: /usr/bin/perf stat -dd -e task-clock,cycles,instructions,cache-references,cache-misses,L1-dcache-loads,L1-dcache-load-misses,L1-icache-loads,L1-icache-load-misses,LLC-loads,LLC-load-misses,LLC-stores,LLC-store-misses,LLC-prefetches,LLC-prefetch-misses,faults,minor-faults,major-faults,branches,branch-misses,stalled-cycles-frontend,stalled-cycles-backend /home/goankur/jdk/corretto-25/bin/java -server -Xms2g -Xmx2g --add-modules jdk.incubator.vector -XX:+HeapDumpOnOutOfMemoryError -XX:+UseParallelGC -XX:StartFlightRecording=jdk.CPUTimeSample#enabled=true,dumponexit=true,maxsize=250M,settings=/home/goankur/vsearch/util/src/python/profiling.jfc,filename=/home/goankur/vsearch/logs/bench-search-FAG-armG-17.jfr -XX:+UnlockDiagnosticVMOptions -XX:+DebugNonSafepoints -classpath /home/goankur/vsearch/bo/lucene-G/lucene/core/build/libs/lucene-core-11.0.0-SNAPSHOT.jar:/home/goankur/vsearch/bo/lucene-G/lucene/sandbox/build/classes/java/main:/home/goankur/vsearch/bo/lucene-G/lucene/misc/build/classes/java/main:/home/goankur/vsearch/bo/lucene-G/lucene/facet/build/classes/java/main:/home/goankur/vsearch/bo/lucene-G/lucene/analysis/common/build/classes/java/main:/home/goankur/vsearch/bo/lucene-G/lucene/analysis/icu/build/classes/java/main:/home/goankur/vsearch/bo/lucene-G/lucene/queryparser/build/classes/java/main:/home/goankur/vsearch/bo/lucene-G/lucene/grouping/build/classes/java/main:/home/goankur/vsearch/bo/lucene-G/lucene/suggest/build/classes/java/main:/home/goankur/vsearch/bo/lucene-G/lucene/highlighter/build/classes/java/main:/home/goankur/vsearch/bo/lucene-G/lucene/codecs/build/classes/java/main:/home/goankur/vsearch/bo/lucene-G/lucene/queries/build/classes/java/main:/home/goankur/vsearch/bo/lucene-G/lucene/join/build/classes/java/main:/home/goankur/vsearch/bo/lucene-G/lucene/spatial3d/build/classes/java/main:/home/goankur/vsearch/util/lib/HdrHistogram.jar:/home/goankur/vsearch/util/src/main/build/classes/java/main:/home/goankur/vsearch/util/build perf.SearchPerfTest -dirImpl MMapDirectory -indexPath /home/goankur/vsearch/indices/wikimedium10m.lucene-A.facets.taxonomy:Date.taxonomy:Month.taxonomy:DayOfYear.sortedset:Date.sortedset:Month.sortedset:DayOfYear.taxonomy:RandomLabel.sortedset:RandomLabel.Lucene90.Lucene104.dvfields.nd10M -facets taxonomy:Date;Date -facets taxonomy:Month;Month -facets taxonomy:DayOfYear;DayOfYear -facets sortedset:Date;Date -facets sortedset:Month;Month -facets sortedset:DayOfYear;DayOfYear -facets taxonomy:RandomLabel;RandomLabel -facets sortedset:RandomLabel;RandomLabel -analyzer StandardAnalyzer -taskSource /home/goankur/vsearch/util/tasks/wikimedium.10M.nostopwords.tasks -numConcurrentQueries 5 -taskRepeatCount 20 -field body -tasksPerCat 1 -searchConcurrency -1 -staticSeed 137351 -seed -6487892 -similarity BM25Similarity -commit multi -hiliteImpl FastVectorHighlighter -log /home/goankur/vsearch/logs/FAG.armG.17 -topN 100 -context  -pk -pollute
      9.9 s
      244.0 actual sustained QPS; -1.0 CPU cores used

Report after iter 17:
QPSChart.supported == False
                            Task     P50 B     P50 C     Diff     P90 B     P90 C     Diff     P99 B     P99 C     Diff    P999 B    P999 C     Diff    P100 B    P100 C     Diff
           ('AndHighHigh', None)     2.434     2.049   -15.8%     4.225     4.559     7.9%    11.603    13.778    18.7%    11.603    13.778    18.7%    39.706    57.676    45.3%
('AndHighHighDayTaxoFacets', None)    17.307    19.048    10.1%    24.498    25.090     2.4%    30.846    25.263   -18.1%    30.846    25.263   -18.1%   129.291    94.556   -26.9%
            ('AndHighLow', None)     0.543     0.564     3.8%     1.206     2.504   107.7%     4.241     2.685   -36.7%     4.241     2.685   -36.7%     4.325     5.397    24.8%
            ('AndHighMed', None)     0.875     0.915     4.6%     2.793     4.011    43.6%     3.390     5.161    52.2%     3.390     5.161    52.2%     5.141     5.944    15.6%
('AndHighMedDayTaxoFacets', None)     5.312     5.166    -2.7%    12.452     8.776   -29.5%    14.251    14.633     2.7%    14.251    14.633     2.7%    16.320    17.749     8.8%
     ('AndMissingHigh', 'Title')     0.314     0.305    -2.8%     0.730     0.783     7.2%     0.963     0.906    -5.9%     0.963     0.906    -5.9%     1.304     1.050   -19.5%
              ('BM25MSM2', None)    20.885    23.268    11.4%    29.985    32.269     7.6%    45.739    51.237    12.0%    45.739    51.237    12.0%   207.517   175.709   -15.3%
  ('BrowseDateSSDVFacets', None)   340.335   338.492    -0.5%   363.700   378.930     4.2%   390.821   387.253    -0.9%   390.821   387.253    -0.9%   536.290   520.046    -3.0%
  ('BrowseDateTaxoFacets', None)    65.244    68.063     4.3%    81.318    80.588    -0.9%    85.853    81.970    -4.5%    85.853    81.970    -4.5%   103.619    83.316   -19.6%
('BrowseDayOfYearSSDVFacets', None)    68.121    66.768    -2.0%    92.254   107.481    16.5%   106.859   115.406     8.0%   106.859   115.406     8.0%   152.744   174.487    14.2%
('BrowseDayOfYearTaxoFacets', None)    66.552    69.848     5.0%    82.168    79.026    -3.8%    86.364    81.694    -5.4%    86.364    81.694    -5.4%   104.389    83.829   -19.7%
 ('BrowseMonthSSDVFacets', None)    67.446    74.356    10.2%    84.555    94.261    11.5%    92.037    95.868     4.2%    92.037    95.868     4.2%   150.411   116.410   -22.6%
 ('BrowseMonthTaxoFacets', None)    84.905    22.233   -73.8%    93.680    28.080   -70.0%   107.029    33.619   -68.6%   107.029    33.619   -68.6%   246.714   262.280     6.3%
('BrowseRandomLabelSSDVFacets', None)    87.125    75.795   -13.0%   127.342    91.754   -27.9%   132.048    95.476   -27.7%   132.048    95.476   -27.7%   312.456   372.621    19.3%
('BrowseRandomLabelTaxoFacets', None)    84.141    84.629     0.6%    98.126    99.794     1.7%   100.714   111.967    11.2%   100.714   111.967    11.2%   232.685   317.484    36.4%
             ('ConstMSM2', None)     0.822     0.739   -10.1%     1.340     2.245    67.6%     2.111     2.595    22.9%     2.111     2.595    22.9%    28.395    18.175   -36.0%
                ('Fuzzy1', None)    12.879    12.896     0.1%    16.165    20.631    27.6%    65.918    30.705   -53.4%    65.918    30.705   -53.4%    90.037    56.651   -37.1%
                ('Fuzzy2', None)    16.545    16.581     0.2%    18.509    24.270    31.1%    38.241    36.681    -4.1%    38.241    36.681    -4.1%   189.453   194.518     2.7%
  ('HighIntervalsOrdered', None)    15.753    14.795    -6.1%    22.751    23.034     1.2%    25.681    24.700    -3.8%    25.681    24.700    -3.8%   207.676   300.749    44.8%
            ('HighPhrase', None)     5.987     4.995   -16.6%    12.816    12.073    -5.8%    15.607    13.368   -14.3%    15.607    13.368   -14.3%    33.188    22.638   -31.8%
      ('HighSloppyPhrase', None)    22.210    23.383     5.3%    28.921    31.402     8.6%    62.968    44.621   -29.1%    62.968    44.621   -29.1%    79.469   104.777    31.8%
          ('HighSpanNear', None)     8.015     7.647    -4.6%    19.544    16.909   -13.5%    37.324    30.088   -19.4%    37.324    30.088   -19.4%    37.544    32.049   -14.6%
              ('HighTerm', None)     2.237     2.378     6.3%     2.524     5.538   119.4%     2.631     9.879   275.5%     2.631     9.879   275.5%    34.487    18.428   -46.6%
('HighTermDayOfYearSort', 'DayOfYear')     2.452     2.388    -2.6%     5.680     4.875   -14.2%     9.412     7.672   -18.5%     9.412     7.672   -18.5%   180.935   168.205    -7.0%
  ('HighTermMonthSort', 'Month')     0.898     0.749   -16.6%     2.683     2.308   -14.0%     2.772     4.008    44.6%     2.772     4.008    44.6%    33.084    10.836   -67.2%
('HighTermTitleBDVSort', 'TitleBinary')    11.225    13.496    20.2%    21.993    28.688    30.4%    24.543    29.429    19.9%    24.543    29.429    19.9%   321.510   106.241   -67.0%
  ('HighTermTitleSort', 'Title')     9.666     8.627   -10.8%    13.183    28.275   114.5%    54.340    52.318    -3.7%    54.340    52.318    -3.7%   153.636   115.063   -25.1%
                ('IntNRQ', None)     1.708     1.339   -21.6%     6.364     3.495   -45.1%    35.695     5.142   -85.6%    35.695     5.142   -85.6%    94.235   168.398    78.7%
                ('IntSet', None)     1.530     1.682     9.9%     6.180     6.585     6.6%    16.074     7.896   -50.9%    16.074     7.896   -50.9%    53.473    99.692    86.4%
   ('LowIntervalsOrdered', None)     2.972     3.149     6.0%     5.644    10.606    87.9%     9.169    13.452    46.7%     9.169    13.452    46.7%    19.634    14.592   -25.7%
             ('LowPhrase', None)     5.015     5.074     1.2%    10.965     8.916   -18.7%    10.984    14.999    36.6%    10.984    14.999    36.6%   103.037    62.156   -39.7%
       ('LowSloppyPhrase', None)    10.894    15.155    39.1%    22.459    22.863     1.8%    40.889    25.450   -37.8%    40.889    25.450   -37.8%    52.547    34.647   -34.1%
           ('LowSpanNear', None)     4.664     4.635    -0.6%    12.513    11.416    -8.8%    19.425    26.945    38.7%    19.425    26.945    38.7%    65.119    83.388    28.1%
               ('LowTerm', None)     0.665     0.595   -10.6%     1.654     1.744     5.5%     2.400     3.094    28.9%     2.400     3.094    28.9%     8.884     5.783   -34.9%
   ('MedIntervalsOrdered', None)     3.576     3.765     5.3%     6.298     7.095    12.7%     7.352    18.588   152.8%     7.352    18.588   152.8%    27.960    35.608    27.4%
             ('MedPhrase', None)     2.635     2.635    -0.0%    12.793    13.766     7.6%    13.417    14.318     6.7%    13.417    14.318     6.7%    14.331    48.404   237.7%
       ('MedSloppyPhrase', None)    12.669    12.586    -0.7%    18.278    31.043    69.8%    18.364    31.578    72.0%    18.364    31.578    72.0%   257.946   390.343    51.3%
           ('MedSpanNear', None)    11.166    10.645    -4.7%    15.961    13.101   -17.9%    23.880    15.015   -37.1%    23.880    15.015   -37.1%    31.801    26.157   -17.7%
               ('MedTerm', None)     0.850     0.777    -8.5%     1.753     1.429   -18.5%     1.905     2.823    48.2%     1.905     2.823    48.2%     5.346     4.966    -7.1%
  ('MedTermDayTaxoFacets', None)    10.403    11.137     7.1%    12.843    13.103     2.0%    15.720    31.179    98.3%    15.720    31.179    98.3%    90.990    80.361   -11.7%
            ('OrHighHigh', None)     2.004     2.478    23.6%     7.501     3.767   -49.8%    14.627     4.348   -70.3%    14.627     4.348   -70.3%    24.918    16.467   -33.9%
             ('OrHighLow', None)     0.791     0.860     8.7%     3.093     2.139   -30.9%     3.297     2.207   -33.1%     3.297     2.207   -33.1%     3.443     8.990   161.1%
             ('OrHighMed', None)     1.317     1.198    -9.0%     4.313     3.291   -23.7%     4.539     3.727   -17.9%     4.539     3.727   -17.9%     6.898    49.151   612.6%
('OrHighMedDayTaxoFacets', None)   132.551   133.212     0.5%   214.685   202.078    -5.9%   330.122   210.393   -36.3%   330.122   210.393   -36.3%   760.452   569.543   -25.1%
         ('OrHighNotHigh', None)     1.580     1.459    -7.6%     4.643    13.847   198.2%     5.990    19.832   231.1%     5.990    19.832   231.1%    41.880    85.730   104.7%
          ('OrHighNotLow', None)     1.318     1.330     0.9%     7.289     4.806   -34.1%     9.926     5.263   -47.0%     9.926     5.263   -47.0%    12.101    23.737    96.2%
          ('OrHighNotMed', None)     1.222     1.310     7.2%     2.268     2.940    29.6%     4.552    13.003   185.7%     4.552    13.003   185.7%     5.892    16.778   184.8%
         ('OrNotHighHigh', None)     1.383     1.379    -0.3%     9.232    18.128    96.4%    11.131    22.850   105.3%    11.131    22.850   105.3%    20.543    26.143    27.3%
          ('OrNotHighLow', None)     0.786     0.701   -10.8%     1.662     1.939    16.7%     3.678     2.364   -35.7%     3.678     2.364   -35.7%     5.322     4.482   -15.8%
          ('OrNotHighMed', None)     1.099     1.190     8.3%     4.631     3.543   -23.5%     5.754     5.976     3.9%     5.754     5.976     3.9%    21.425    10.666   -50.2%
                   ('PKLookup',)     4.197     4.787    14.0%     7.727     9.144    18.3%    13.615    12.904    -5.2%    13.615    12.904    -5.2%    56.877    65.510    15.2%
               ('Prefix3', None)     1.228     1.380    12.3%     4.895     5.028     2.7%     6.093    10.249    68.2%     6.093    10.249    68.2%    23.566    21.074   -10.6%
                    ('Respell',)    13.774    13.464    -2.3%    30.957    30.383    -1.9%    39.194    32.683   -16.6%    39.194    32.683   -16.6%   211.330   232.788    10.2%
('TermDateTimeSort', 'DateTime')     2.254     2.622    16.4%     7.716    20.775   169.3%    43.295    33.821   -21.9%    43.295    33.821   -21.9%    85.576   115.612    35.1%
              ('Wildcard', None)     1.542     1.651     7.1%     4.826     4.343   -10.0%    10.728     4.650   -56.7%    10.728     4.650   -56.7%    29.926    27.179    -9.2%
                 ('range', None)     0.211     0.210    -0.6%     0.456     0.550    20.6%     0.518     0.752    45.2%     0.518     0.752    45.2%     0.760     1.465    92.7%
                            Task    QPS armA      StdDev    QPS armG      StdDev                Pct diff p-value
       BrowseDayOfYearTaxoFacets       17.21     (40.8%)       15.13      (4.8%)  -12.1% ( -41% -   56%) 0.211
            BrowseDateTaxoFacets       16.22     (31.4%)       14.69      (6.1%)   -9.4% ( -35% -   40%) 0.212
     BrowseRandomLabelTaxoFacets       13.28     (31.0%)       12.34      (5.5%)   -7.1% ( -33% -   42%) 0.341
           BrowseMonthTaxoFacets       38.13     (25.3%)       35.80     (24.2%)   -6.1% ( -44% -   58%) 0.458
           HighTermDayOfYearSort      482.80      (9.5%)      461.71     (12.5%)   -4.4% ( -24% -   19%) 0.238
                      AndHighMed     1152.09      (6.8%)     1103.13      (7.7%)   -4.2% ( -17% -   11%) 0.079
                           range     6209.50      (9.7%)     6049.40     (13.3%)   -2.6% ( -23% -   22%) 0.506
             MedIntervalsOrdered      262.61     (10.8%)      256.34     (12.7%)   -2.4% ( -23% -   23%) 0.543
               HighTermTitleSort      109.27     (10.6%)      106.84      (9.1%)   -2.2% ( -19% -   19%) 0.499
                        Wildcard      700.03      (9.2%)      685.03      (6.5%)   -2.1% ( -16% -   14%) 0.419
                      AndHighLow     1882.50      (7.5%)     1845.90      (6.0%)   -1.9% ( -14% -   12%) 0.392
                          IntNRQ      704.20      (7.9%)      690.57      (7.8%)   -1.9% ( -16% -   14%) 0.459
                    OrNotHighLow     1551.28     (11.8%)     1523.62      (7.9%)   -1.8% ( -19% -   20%) 0.594
                         LowTerm     2363.01      (9.8%)     2323.37      (8.3%)   -1.7% ( -17% -   18%) 0.578
            BrowseDateSSDVFacets        2.89      (5.2%)        2.85      (7.4%)   -1.5% ( -13% -   11%) 0.468
                       ConstMSM2     1380.68      (5.9%)     1360.46      (4.5%)   -1.5% ( -11% -    9%) 0.401
                        HighTerm      639.86      (7.7%)      630.51      (7.9%)   -1.5% ( -15% -   15%) 0.574
           BrowseMonthSSDVFacets       16.34     (10.3%)       16.13      (9.1%)   -1.3% ( -18% -   20%) 0.687
                     LowSpanNear      217.27      (5.1%)      214.48      (9.9%)   -1.3% ( -15% -   14%) 0.622
            HighIntervalsOrdered       61.89      (8.0%)       61.20      (8.8%)   -1.1% ( -16% -   17%) 0.689
                        BM25MSM2       47.97      (4.6%)       47.45      (5.0%)   -1.1% ( -10% -    8%) 0.499
                    OrNotHighMed      976.32      (7.8%)      969.48      (8.4%)   -0.7% ( -15% -   16%) 0.795
       BrowseDayOfYearSSDVFacets       15.42      (8.0%)       15.35      (7.2%)   -0.4% ( -14% -   16%) 0.860
                      OrHighHigh      616.69      (9.2%)      614.11     (10.5%)   -0.4% ( -18% -   21%) 0.899
                      TermDTSort      451.23      (7.1%)      450.49      (5.0%)   -0.2% ( -11% -   12%) 0.937
          OrHighMedDayTaxoFacets        7.49      (5.3%)        7.49      (7.6%)   -0.1% ( -12% -   13%) 0.980
                HighSloppyPhrase       46.14      (3.3%)       46.12      (4.2%)   -0.0% (  -7% -    7%) 0.972
                          Fuzzy2       62.63      (5.9%)       62.62      (5.4%)   -0.0% ( -10% -   12%) 0.994
                       OrHighLow     1317.43      (9.1%)     1317.95      (6.4%)    0.0% ( -14% -   17%) 0.988
                     MedSpanNear       94.76      (7.6%)       94.83     (10.2%)    0.1% ( -16% -   19%) 0.982
                       OrHighMed      940.80      (8.3%)      943.48      (6.5%)    0.3% ( -13% -   16%) 0.909
                    OrHighNotMed      984.93      (8.4%)      988.84      (8.1%)    0.4% ( -14% -   18%) 0.886
                         Respell       76.13      (6.6%)       76.53      (7.7%)    0.5% ( -12% -   15%) 0.828
                       MedPhrase      389.49      (8.1%)      391.56      (3.3%)    0.5% ( -10% -   13%) 0.797
                 MedSloppyPhrase       93.93      (7.3%)       94.45      (5.2%)    0.5% ( -11% -   14%) 0.796
                       LowPhrase      198.09      (6.8%)      199.46      (5.9%)    0.7% ( -11% -   14%) 0.744
            MedTermDayTaxoFacets       93.76      (5.5%)       94.48      (4.1%)    0.8% (  -8% -   10%) 0.637
                         Prefix3      890.24      (9.0%)      897.07     (13.3%)    0.8% ( -19% -   25%) 0.839
                  AndMissingHigh     3548.77      (8.6%)     3577.27      (9.0%)    0.8% ( -15% -   20%) 0.784
                        PKLookup      214.53     (10.9%)      216.73     (11.0%)    1.0% ( -18% -   25%) 0.780
                    OrHighNotLow      892.45      (8.6%)      902.87     (12.0%)    1.2% ( -17% -   23%) 0.737
         AndHighMedDayTaxoFacets      189.64      (3.7%)      191.96      (2.8%)    1.2% (  -5% -    8%) 0.265
                          IntSet      687.50      (9.1%)      697.90      (7.9%)    1.5% ( -14% -   20%) 0.594
     BrowseRandomLabelSSDVFacets       11.24      (4.7%)       11.41      (7.6%)    1.5% ( -10% -   14%) 0.468
                     AndHighHigh      611.04     (14.6%)      621.27     (12.1%)    1.7% ( -21% -   33%) 0.707
            HighTermTitleBDVSort       84.85      (6.3%)       86.35      (4.9%)    1.8% (  -8% -   13%) 0.349
                 LowSloppyPhrase       94.12      (7.0%)       95.84      (5.6%)    1.8% ( -10% -   15%) 0.390
                    HighSpanNear      130.50      (4.7%)      133.00      (4.3%)    1.9% (  -6% -   11%) 0.205
                         MedTerm     1515.85      (7.1%)     1546.71      (6.6%)    2.0% ( -10% -   16%) 0.372
                      HighPhrase      230.86      (8.7%)      235.92      (8.7%)    2.2% ( -13% -   21%) 0.449
                   OrHighNotHigh      827.63      (7.5%)      848.72      (6.9%)    2.5% ( -11% -   18%) 0.290
             LowIntervalsOrdered      311.45     (11.3%)      321.28     (16.3%)    3.2% ( -21% -   34%) 0.498
                          Fuzzy1       87.24      (7.7%)       90.06      (6.7%)    3.2% ( -10% -   19%) 0.178
        AndHighHighDayTaxoFacets       54.76      (8.2%)       56.63      (6.3%)    3.4% ( -10% -   19%) 0.159
               HighTermMonthSort     1499.90      (6.9%)     1552.17      (7.8%)    3.5% ( -10% -   19%) 0.154
                   OrNotHighHigh      779.69      (9.0%)      827.80      (5.3%)    6.2% (  -7% -   22%) 0.012
  iter 18
    armG:
      NOTE: using experimental CPU time profiler (see https://mostlynerdless.de/blog/2025/06/11/java-25s-new-cpu-time-profiler-1)
      log: /home/goankur/vsearch/logs/FAG.armG.18 + stdout
      run: /usr/bin/perf stat -dd -e task-clock,cycles,instructions,cache-references,cache-misses,L1-dcache-loads,L1-dcache-load-misses,L1-icache-loads,L1-icache-load-misses,LLC-loads,LLC-load-misses,LLC-stores,LLC-store-misses,LLC-prefetches,LLC-prefetch-misses,faults,minor-faults,major-faults,branches,branch-misses,stalled-cycles-frontend,stalled-cycles-backend /home/goankur/jdk/corretto-25/bin/java -server -Xms2g -Xmx2g --add-modules jdk.incubator.vector -XX:+HeapDumpOnOutOfMemoryError -XX:+UseParallelGC -XX:StartFlightRecording=jdk.CPUTimeSample#enabled=true,dumponexit=true,maxsize=250M,settings=/home/goankur/vsearch/util/src/python/profiling.jfc,filename=/home/goankur/vsearch/logs/bench-search-FAG-armG-18.jfr -XX:+UnlockDiagnosticVMOptions -XX:+DebugNonSafepoints -classpath /home/goankur/vsearch/bo/lucene-G/lucene/core/build/libs/lucene-core-11.0.0-SNAPSHOT.jar:/home/goankur/vsearch/bo/lucene-G/lucene/sandbox/build/classes/java/main:/home/goankur/vsearch/bo/lucene-G/lucene/misc/build/classes/java/main:/home/goankur/vsearch/bo/lucene-G/lucene/facet/build/classes/java/main:/home/goankur/vsearch/bo/lucene-G/lucene/analysis/common/build/classes/java/main:/home/goankur/vsearch/bo/lucene-G/lucene/analysis/icu/build/classes/java/main:/home/goankur/vsearch/bo/lucene-G/lucene/queryparser/build/classes/java/main:/home/goankur/vsearch/bo/lucene-G/lucene/grouping/build/classes/java/main:/home/goankur/vsearch/bo/lucene-G/lucene/suggest/build/classes/java/main:/home/goankur/vsearch/bo/lucene-G/lucene/highlighter/build/classes/java/main:/home/goankur/vsearch/bo/lucene-G/lucene/codecs/build/classes/java/main:/home/goankur/vsearch/bo/lucene-G/lucene/queries/build/classes/java/main:/home/goankur/vsearch/bo/lucene-G/lucene/join/build/classes/java/main:/home/goankur/vsearch/bo/lucene-G/lucene/spatial3d/build/classes/java/main:/home/goankur/vsearch/util/lib/HdrHistogram.jar:/home/goankur/vsearch/util/src/main/build/classes/java/main:/home/goankur/vsearch/util/build perf.SearchPerfTest -dirImpl MMapDirectory -indexPath /home/goankur/vsearch/indices/wikimedium10m.lucene-A.facets.taxonomy:Date.taxonomy:Month.taxonomy:DayOfYear.sortedset:Date.sortedset:Month.sortedset:DayOfYear.taxonomy:RandomLabel.sortedset:RandomLabel.Lucene90.Lucene104.dvfields.nd10M -facets taxonomy:Date;Date -facets taxonomy:Month;Month -facets taxonomy:DayOfYear;DayOfYear -facets sortedset:Date;Date -facets sortedset:Month;Month -facets sortedset:DayOfYear;DayOfYear -facets taxonomy:RandomLabel;RandomLabel -facets sortedset:RandomLabel;RandomLabel -analyzer StandardAnalyzer -taskSource /home/goankur/vsearch/util/tasks/wikimedium.10M.nostopwords.tasks -numConcurrentQueries 5 -taskRepeatCount 20 -field body -tasksPerCat 1 -searchConcurrency -1 -staticSeed 137351 -seed -3603688 -similarity BM25Similarity -commit multi -hiliteImpl FastVectorHighlighter -log /home/goankur/vsearch/logs/FAG.armG.18 -topN 100 -context  -pk -pollute
      10.0 s
      236.5 actual sustained QPS; -1.0 CPU cores used
    armA:
      NOTE: using experimental CPU time profiler (see https://mostlynerdless.de/blog/2025/06/11/java-25s-new-cpu-time-profiler-1)
      log: /home/goankur/vsearch/logs/FAG.armA.18 + stdout
      run: /usr/bin/perf stat -dd -e task-clock,cycles,instructions,cache-references,cache-misses,L1-dcache-loads,L1-dcache-load-misses,L1-icache-loads,L1-icache-load-misses,LLC-loads,LLC-load-misses,LLC-stores,LLC-store-misses,LLC-prefetches,LLC-prefetch-misses,faults,minor-faults,major-faults,branches,branch-misses,stalled-cycles-frontend,stalled-cycles-backend /home/goankur/jdk/corretto-25/bin/java -server -Xms2g -Xmx2g --add-modules jdk.incubator.vector -XX:+HeapDumpOnOutOfMemoryError -XX:+UseParallelGC -XX:StartFlightRecording=jdk.CPUTimeSample#enabled=true,dumponexit=true,maxsize=250M,settings=/home/goankur/vsearch/util/src/python/profiling.jfc,filename=/home/goankur/vsearch/logs/bench-search-FAG-armA-18.jfr -XX:+UnlockDiagnosticVMOptions -XX:+DebugNonSafepoints -classpath /home/goankur/vsearch/bo/lucene-A/lucene/core/build/libs/lucene-core-11.0.0-SNAPSHOT.jar:/home/goankur/vsearch/bo/lucene-A/lucene/sandbox/build/classes/java/main:/home/goankur/vsearch/bo/lucene-A/lucene/misc/build/classes/java/main:/home/goankur/vsearch/bo/lucene-A/lucene/facet/build/classes/java/main:/home/goankur/vsearch/bo/lucene-A/lucene/analysis/common/build/classes/java/main:/home/goankur/vsearch/bo/lucene-A/lucene/analysis/icu/build/classes/java/main:/home/goankur/vsearch/bo/lucene-A/lucene/queryparser/build/classes/java/main:/home/goankur/vsearch/bo/lucene-A/lucene/grouping/build/classes/java/main:/home/goankur/vsearch/bo/lucene-A/lucene/suggest/build/classes/java/main:/home/goankur/vsearch/bo/lucene-A/lucene/highlighter/build/classes/java/main:/home/goankur/vsearch/bo/lucene-A/lucene/codecs/build/classes/java/main:/home/goankur/vsearch/bo/lucene-A/lucene/queries/build/classes/java/main:/home/goankur/vsearch/bo/lucene-A/lucene/join/build/classes/java/main:/home/goankur/vsearch/bo/lucene-A/lucene/spatial3d/build/classes/java/main:/home/goankur/vsearch/util/lib/HdrHistogram.jar:/home/goankur/vsearch/util/src/main/build/classes/java/main:/home/goankur/vsearch/util/build perf.SearchPerfTest -dirImpl MMapDirectory -indexPath /home/goankur/vsearch/indices/wikimedium10m.lucene-A.facets.taxonomy:Date.taxonomy:Month.taxonomy:DayOfYear.sortedset:Date.sortedset:Month.sortedset:DayOfYear.taxonomy:RandomLabel.sortedset:RandomLabel.Lucene90.Lucene104.dvfields.nd10M -facets taxonomy:Date;Date -facets taxonomy:Month;Month -facets taxonomy:DayOfYear;DayOfYear -facets sortedset:Date;Date -facets sortedset:Month;Month -facets sortedset:DayOfYear;DayOfYear -facets taxonomy:RandomLabel;RandomLabel -facets sortedset:RandomLabel;RandomLabel -analyzer StandardAnalyzer -taskSource /home/goankur/vsearch/util/tasks/wikimedium.10M.nostopwords.tasks -numConcurrentQueries 5 -taskRepeatCount 20 -field body -tasksPerCat 1 -searchConcurrency -1 -staticSeed 137351 -seed -3603688 -similarity BM25Similarity -commit multi -hiliteImpl FastVectorHighlighter -log /home/goankur/vsearch/logs/FAG.armA.18 -topN 100 -context  -pk -pollute
      10.2 s
      214.6 actual sustained QPS; -1.0 CPU cores used

Report after iter 18:
QPSChart.supported == False
                            Task     P50 B     P50 C     Diff     P90 B     P90 C     Diff     P99 B     P99 C     Diff    P999 B    P999 C     Diff    P100 B    P100 C     Diff
           ('AndHighHigh', None)     1.395     1.598    14.5%     4.118     5.648    37.1%     6.024     8.563    42.1%     6.024     8.563    42.1%    21.401    28.751    34.3%
('AndHighHighDayTaxoFacets', None)    19.292    16.818   -12.8%    25.617    25.766     0.6%    66.693    62.159    -6.8%    66.693    62.159    -6.8%   229.621   236.059     2.8%
            ('AndHighLow', None)     0.561     0.553    -1.4%     1.124     1.818    61.8%     1.376     2.670    94.1%     1.376     2.670    94.1%    16.696     7.755   -53.6%
            ('AndHighMed', None)     0.941     1.106    17.6%     3.436     4.552    32.5%     3.605     4.663    29.3%     3.605     4.663    29.3%     5.285     5.409     2.3%
('AndHighMedDayTaxoFacets', None)     5.187     5.325     2.7%    15.553    10.313   -33.7%    18.466    25.107    36.0%    18.466    25.107    36.0%    53.155    32.338   -39.2%
     ('AndMissingHigh', 'Title')     0.320     0.279   -12.8%     0.647     0.830    28.3%     1.011     0.943    -6.8%     1.011     0.943    -6.8%     1.299     6.607   408.7%
              ('BM25MSM2', None)    19.967    21.591     8.1%    39.315    26.651   -32.2%    59.021    85.473    44.8%    59.021    85.473    44.8%   250.512   158.657   -36.7%
  ('BrowseDateSSDVFacets', None)   382.360   366.784    -4.1%   449.873   414.927    -7.8%   586.819   415.362   -29.2%   586.819   415.362   -29.2%   758.655   555.448   -26.8%
  ('BrowseDateTaxoFacets', None)    66.117    63.922    -3.3%    80.702    79.517    -1.5%    81.241    80.989    -0.3%    81.241    80.989    -0.3%    82.422   111.144    34.8%
('BrowseDayOfYearSSDVFacets', None)    70.090    62.449   -10.9%    84.745    80.143    -5.4%    94.272    83.547   -11.4%    94.272    83.547   -11.4%   398.114   296.779   -25.5%
('BrowseDayOfYearTaxoFacets', None)    65.500    64.336    -1.8%    80.808    75.767    -6.2%    83.411    80.696    -3.3%    83.411    80.696    -3.3%   304.355   452.197    48.6%
 ('BrowseMonthSSDVFacets', None)    64.158    58.704    -8.5%    85.317    76.554   -10.3%    89.784    81.841    -8.8%    89.784    81.841    -8.8%   437.146   267.563   -38.8%
 ('BrowseMonthTaxoFacets', None)    25.050    25.611     2.2%    29.880    44.403    48.6%    73.291    79.290     8.2%    73.291    79.290     8.2%   257.851   240.556    -6.7%
('BrowseRandomLabelSSDVFacets', None)   100.545    86.310   -14.2%   168.884   120.282   -28.8%   179.352   131.730   -26.6%   179.352   131.730   -26.6%   200.179   183.996    -8.1%
('BrowseRandomLabelTaxoFacets', None)    80.761    77.402    -4.2%   104.278   102.245    -1.9%   119.767   121.688     1.6%   119.767   121.688     1.6%   172.456   154.980   -10.1%
             ('ConstMSM2', None)     0.826     0.753    -8.8%     2.266     1.895   -16.3%     2.552     7.071   177.1%     2.552     7.071   177.1%    15.389    10.547   -31.5%
                ('Fuzzy1', None)    11.906    12.614     5.9%    15.677    16.811     7.2%    21.303    47.200   121.6%    21.303    47.200   121.6%   152.343   126.882   -16.7%
                ('Fuzzy2', None)    16.501    17.461     5.8%    28.862    40.032    38.7%    30.661    42.243    37.8%    30.661    42.243    37.8%   238.775   291.514    22.1%
  ('HighIntervalsOrdered', None)    15.816    18.512    17.0%    26.226    25.925    -1.2%    31.507    34.259     8.7%    31.507    34.259     8.7%   188.902   224.562    18.9%
            ('HighPhrase', None)     5.574     4.381   -21.4%     8.038     8.407     4.6%    14.128    17.081    20.9%    14.128    17.081    20.9%    33.271    43.058    29.4%
      ('HighSloppyPhrase', None)    22.180    22.972     3.6%    29.394    31.889     8.5%    31.899    33.699     5.6%    31.899    33.699     5.6%    37.490    42.276    12.8%
          ('HighSpanNear', None)     7.582     7.451    -1.7%    13.239    17.950    35.6%    13.492    18.516    37.2%    13.492    18.516    37.2%    59.188    39.633   -33.0%
              ('HighTerm', None)     1.631     1.510    -7.4%     2.357     1.749   -25.8%     2.932     2.628   -10.3%     2.932     2.628   -10.3%    15.584    21.883    40.4%
('HighTermDayOfYearSort', 'DayOfYear')     2.852     2.256   -20.9%     7.711     5.292   -31.4%    12.291    16.021    30.3%    12.291    16.021    30.3%    96.523   105.674     9.5%
  ('HighTermMonthSort', 'Month')     0.705     0.705     0.0%     1.644     1.699     3.3%     2.809     2.973     5.8%     2.809     2.973     5.8%     3.336     3.173    -4.9%
('HighTermTitleBDVSort', 'TitleBinary')    11.287    11.734     4.0%    25.454    25.395    -0.2%    30.833    30.248    -1.9%    30.833    30.248    -1.9%    78.968   228.719   189.6%
  ('HighTermTitleSort', 'Title')     8.594    10.006    16.4%    17.176    18.200     6.0%    30.972    28.234    -8.8%    30.972    28.234    -8.8%   126.079    88.994   -29.4%
                ('IntNRQ', None)     1.461     1.384    -5.3%     3.774     4.658    23.4%     6.971     5.521   -20.8%     6.971     5.521   -20.8%    24.710    35.906    45.3%
                ('IntSet', None)     1.555     1.566     0.7%     4.560     4.431    -2.8%    23.061    11.597   -49.7%    23.061    11.597   -49.7%    38.975    41.233     5.8%
   ('LowIntervalsOrdered', None)     3.406     3.661     7.5%     4.458     5.086    14.1%     4.693     5.622    19.8%     4.693     5.622    19.8%     7.547     6.194   -17.9%
             ('LowPhrase', None)     5.154     5.559     7.9%    13.602    11.153   -18.0%    18.765    14.734   -21.5%    18.765    14.734   -21.5%    25.460    15.493   -39.1%
       ('LowSloppyPhrase', None)    10.389    10.522     1.3%    21.687    18.328   -15.5%    22.404    22.785     1.7%    22.404    22.785     1.7%    24.957    73.437   194.3%
           ('LowSpanNear', None)     4.530     4.482    -1.1%    13.504    11.233   -16.8%    14.406    18.239    26.6%    14.406    18.239    26.6%   145.912   108.346   -25.7%
               ('LowTerm', None)     0.409     0.413     1.0%     1.151     1.312    13.9%     1.457     1.869    28.3%     1.457     1.869    28.3%     1.985     2.364    19.1%
   ('MedIntervalsOrdered', None)     3.990     4.338     8.7%     7.998    12.992    62.4%    17.410    17.158    -1.4%    17.410    17.158    -1.4%    19.779    18.873    -4.6%
             ('MedPhrase', None)     2.724     2.854     4.8%     7.436     6.020   -19.0%    16.855    18.934    12.3%    16.855    18.934    12.3%   101.873   142.366    39.7%
       ('MedSloppyPhrase', None)    12.469    11.711    -6.1%    21.389    19.689    -7.9%    23.626    31.480    33.2%    23.626    31.480    33.2%   305.665   249.446   -18.4%
           ('MedSpanNear', None)    11.206    11.703     4.4%    13.083    13.574     3.8%    14.923    13.652    -8.5%    14.923    13.652    -8.5%    37.463    91.163   143.3%
               ('MedTerm', None)     0.645     0.636    -1.5%     2.234     2.427     8.6%     2.242     2.856    27.4%     2.242     2.856    27.4%     2.242     3.344    49.1%
  ('MedTermDayTaxoFacets', None)    11.108    10.962    -1.3%    13.444    14.097     4.9%    29.057    34.606    19.1%    29.057    34.606    19.1%    38.357    65.682    71.2%
            ('OrHighHigh', None)     1.645     1.511    -8.2%     3.415     5.319    55.8%     6.700     6.966     4.0%     6.700     6.966     4.0%    42.586   118.354   177.9%
             ('OrHighLow', None)     0.758     0.716    -5.5%     1.208     1.807    49.6%     1.523     2.168    42.3%     1.523     2.168    42.3%     4.688    12.002   156.0%
             ('OrHighMed', None)     1.066     1.014    -4.9%     2.783     2.817     1.2%     3.625     3.738     3.1%     3.625     3.738     3.1%     7.089     5.145   -27.4%
('OrHighMedDayTaxoFacets', None)   132.730   131.208    -1.1%   186.231   168.421    -9.6%   251.051   276.391    10.1%   251.051   276.391    10.1%   821.523   536.686   -34.7%
         ('OrHighNotHigh', None)     1.276     1.351     5.9%     3.291     2.500   -24.0%     3.874     9.505   145.3%     3.874     9.505   145.3%   104.430   114.463     9.6%
          ('OrHighNotLow', None)     1.381     1.262    -8.6%     1.967     2.534    28.8%     2.014     4.318   114.4%     2.014     4.318   114.4%    11.083    16.728    50.9%
          ('OrHighNotMed', None)     0.975     1.164    19.5%     4.167     2.348   -43.7%     7.775     3.158   -59.4%     7.775     3.158   -59.4%    12.184    12.578     3.2%
         ('OrNotHighHigh', None)     1.268     1.889    49.0%     6.233     7.057    13.2%    16.194    10.185   -37.1%    16.194    10.185   -37.1%   110.892    97.479   -12.1%
          ('OrNotHighLow', None)     0.814     0.606   -25.6%     2.163     3.480    60.9%     2.390    11.057   362.6%     2.390    11.057   362.6%     5.119    12.226   138.8%
          ('OrNotHighMed', None)     0.939     1.118    19.0%     2.447     2.522     3.0%     7.121    13.776    93.4%     7.121    13.776    93.4%     9.494    41.819   340.5%
                   ('PKLookup',)     5.613     5.510    -1.8%     7.673     7.539    -1.7%    11.952    10.153   -15.1%    11.952    10.153   -15.1%    45.720    32.537   -28.8%
               ('Prefix3', None)     1.111     1.360    22.4%     2.691     3.945    46.6%     4.166     4.280     2.7%     4.166     4.280     2.7%    48.285    32.352   -33.0%
                    ('Respell',)    14.920    14.736    -1.2%    28.302    18.717   -33.9%    58.608    63.404     8.2%    58.608    63.404     8.2%   222.970   218.020    -2.2%
('TermDateTimeSort', 'DateTime')     2.471     3.128    26.6%     7.719     7.557    -2.1%    10.719    20.003    86.6%    10.719    20.003    86.6%    46.465    51.404    10.6%
              ('Wildcard', None)     1.380     1.508     9.3%     8.323     2.973   -64.3%    28.756     5.363   -81.3%    28.756     5.363   -81.3%    33.595    64.671    92.5%
                 ('range', None)     0.160     0.192    20.1%     0.469     0.446    -4.9%     0.572     0.452   -21.1%     0.572     0.452   -21.1%     7.609     1.062   -86.0%
                            Task    QPS armA      StdDev    QPS armG      StdDev                Pct diff p-value
       BrowseDayOfYearTaxoFacets       17.12     (39.9%)       15.16      (4.8%)  -11.5% ( -40% -   55%) 0.214
            BrowseDateTaxoFacets       16.20     (30.5%)       14.75      (6.1%)   -8.9% ( -34% -   39%) 0.211
     BrowseRandomLabelTaxoFacets       13.24     (30.3%)       12.39      (5.6%)   -6.4% ( -32% -   42%) 0.365
           BrowseMonthTaxoFacets       38.25     (24.5%)       35.99     (23.6%)   -5.9% ( -43% -   55%) 0.449
                      AndHighMed     1149.61      (6.7%)     1095.47      (8.0%)   -4.7% ( -18% -   10%) 0.050
           HighTermDayOfYearSort      479.77      (9.7%)      461.81     (12.2%)   -3.7% ( -23% -   20%) 0.295
                           range     6222.80      (9.5%)     6020.21     (13.0%)   -3.3% ( -23% -   21%) 0.378
               HighTermTitleSort      109.86     (10.5%)      106.63      (8.8%)   -2.9% ( -20% -   18%) 0.349
             MedIntervalsOrdered      262.05     (10.5%)      255.32     (12.5%)   -2.6% ( -23% -   22%) 0.493
                          IntNRQ      706.64      (7.8%)      692.31      (7.6%)   -2.0% ( -16% -   14%) 0.417
            HighIntervalsOrdered       62.01      (7.8%)       60.84      (8.9%)   -1.9% ( -17% -   16%) 0.487
                        Wildcard      701.96      (9.0%)      689.67      (7.0%)   -1.8% ( -16% -   15%) 0.501
                      AndHighLow     1879.76      (7.3%)     1847.84      (5.9%)   -1.7% ( -13% -   12%) 0.431
                         LowTerm     2368.09      (9.5%)     2334.13      (8.3%)   -1.4% ( -17% -   18%) 0.620
                    OrNotHighMed      981.33      (7.8%)      967.62      (8.2%)   -1.4% ( -16% -   15%) 0.590
                        HighTerm      640.66      (7.5%)      632.27      (7.7%)   -1.3% ( -15% -   15%) 0.596
                        BM25MSM2       48.09      (4.6%)       47.46      (4.8%)   -1.3% ( -10% -    8%) 0.395
                     LowSpanNear      217.89      (5.1%)      215.06      (9.6%)   -1.3% ( -15% -   14%) 0.603
            BrowseDateSSDVFacets        2.88      (5.5%)        2.84      (7.2%)   -1.3% ( -13% -   12%) 0.540
                       ConstMSM2     1376.48      (5.9%)     1361.69      (4.4%)   -1.1% ( -10% -    9%) 0.523
           BrowseMonthSSDVFacets       16.32     (10.0%)       16.18      (8.9%)   -0.9% ( -18% -   20%) 0.778
                    OrHighNotMed      989.47      (8.4%)      982.16      (8.4%)   -0.7% ( -16% -   17%) 0.786
                          Fuzzy2       62.71      (5.8%)       62.37      (5.5%)   -0.5% ( -11% -   11%) 0.767
                      TermDTSort      450.44      (7.0%)      448.07      (5.4%)   -0.5% ( -12% -   12%) 0.795
                         Prefix3      895.24      (9.0%)      891.12     (13.2%)   -0.5% ( -20% -   23%) 0.900
                HighSloppyPhrase       46.15      (3.2%)       46.05      (4.1%)   -0.2% (  -7% -    7%) 0.855
                     MedSpanNear       94.51      (7.5%)       94.34     (10.2%)   -0.2% ( -16% -   18%) 0.951
                    OrNotHighLow     1534.86     (12.5%)     1532.68      (8.2%)   -0.1% ( -18% -   23%) 0.967
       BrowseDayOfYearSSDVFacets       15.41      (7.8%)       15.39      (7.1%)   -0.1% ( -13% -   15%) 0.956
                      OrHighHigh      617.58      (9.0%)      617.02     (10.4%)   -0.1% ( -17% -   21%) 0.977
          OrHighMedDayTaxoFacets        7.50      (5.2%)        7.52      (7.5%)    0.2% ( -11% -   13%) 0.935
                       MedPhrase      390.23      (7.9%)      391.11      (3.3%)    0.2% ( -10% -   12%) 0.908
                       OrHighLow     1320.08      (8.9%)     1323.10      (6.4%)    0.2% ( -13% -   17%) 0.928
                       OrHighMed      944.87      (8.3%)      947.60      (6.6%)    0.3% ( -13% -   16%) 0.905
                         Respell       75.70      (6.9%)       76.09      (8.0%)    0.5% ( -13% -   16%) 0.833
                 MedSloppyPhrase       93.56      (7.4%)       94.06      (5.4%)    0.5% ( -11% -   14%) 0.799
            MedTermDayTaxoFacets       93.69      (5.4%)       94.35      (4.0%)    0.7% (  -8% -   10%) 0.651
                       LowPhrase      198.00      (6.6%)      199.59      (5.8%)    0.8% ( -10% -   14%) 0.690
                    OrHighNotLow      890.46      (8.4%)      898.34     (11.9%)    0.9% ( -17% -   23%) 0.791
                     AndHighHigh      616.91     (14.6%)      623.08     (11.7%)    1.0% ( -22% -   32%) 0.816
                        PKLookup      213.08     (11.1%)      215.51     (11.1%)    1.1% ( -18% -   26%) 0.751
                  AndMissingHigh     3543.03      (8.4%)     3585.97      (8.8%)    1.2% ( -14% -   20%) 0.664
         AndHighMedDayTaxoFacets      189.86      (3.7%)      192.37      (2.8%)    1.3% (  -5% -    8%) 0.215
            HighTermTitleBDVSort       85.14      (6.2%)       86.34      (4.8%)    1.4% (  -9% -   13%) 0.437
                          IntSet      687.15      (8.9%)      698.22      (7.7%)    1.6% ( -13% -   19%) 0.549
                 LowSloppyPhrase       94.28      (6.9%)       95.89      (5.5%)    1.7% (  -9% -   15%) 0.397
                    HighSpanNear      130.82      (4.7%)      133.11      (4.2%)    1.7% (  -6% -   11%) 0.228
                         MedTerm     1521.68      (7.0%)     1549.37      (6.4%)    1.8% ( -10% -   16%) 0.406
     BrowseRandomLabelSSDVFacets       11.21      (4.8%)       11.43      (7.4%)    2.0% (  -9% -   14%) 0.321
                   OrHighNotHigh      826.00      (7.4%)      843.50      (7.3%)    2.1% ( -11% -   18%) 0.372
               HighTermMonthSort     1508.08      (7.0%)     1545.58      (7.8%)    2.5% ( -11% -   18%) 0.301
                          Fuzzy1       87.24      (7.4%)       89.57      (7.0%)    2.7% ( -10% -   18%) 0.253
             LowIntervalsOrdered      311.28     (10.9%)      320.11     (15.9%)    2.8% ( -21% -   33%) 0.522
                      HighPhrase      228.27      (9.8%)      235.91      (8.6%)    3.3% ( -13% -   24%) 0.263
        AndHighHighDayTaxoFacets       54.71      (7.9%)       56.90      (6.5%)    4.0% (  -9% -   20%) 0.089
                   OrNotHighHigh      781.64      (8.8%)      818.87      (7.2%)    4.8% ( -10% -   22%) 0.067
  iter 19
    armA:
      NOTE: using experimental CPU time profiler (see https://mostlynerdless.de/blog/2025/06/11/java-25s-new-cpu-time-profiler-1)
      log: /home/goankur/vsearch/logs/FAG.armA.19 + stdout
      run: /usr/bin/perf stat -dd -e task-clock,cycles,instructions,cache-references,cache-misses,L1-dcache-loads,L1-dcache-load-misses,L1-icache-loads,L1-icache-load-misses,LLC-loads,LLC-load-misses,LLC-stores,LLC-store-misses,LLC-prefetches,LLC-prefetch-misses,faults,minor-faults,major-faults,branches,branch-misses,stalled-cycles-frontend,stalled-cycles-backend /home/goankur/jdk/corretto-25/bin/java -server -Xms2g -Xmx2g --add-modules jdk.incubator.vector -XX:+HeapDumpOnOutOfMemoryError -XX:+UseParallelGC -XX:StartFlightRecording=jdk.CPUTimeSample#enabled=true,dumponexit=true,maxsize=250M,settings=/home/goankur/vsearch/util/src/python/profiling.jfc,filename=/home/goankur/vsearch/logs/bench-search-FAG-armA-19.jfr -XX:+UnlockDiagnosticVMOptions -XX:+DebugNonSafepoints -classpath /home/goankur/vsearch/bo/lucene-A/lucene/core/build/libs/lucene-core-11.0.0-SNAPSHOT.jar:/home/goankur/vsearch/bo/lucene-A/lucene/sandbox/build/classes/java/main:/home/goankur/vsearch/bo/lucene-A/lucene/misc/build/classes/java/main:/home/goankur/vsearch/bo/lucene-A/lucene/facet/build/classes/java/main:/home/goankur/vsearch/bo/lucene-A/lucene/analysis/common/build/classes/java/main:/home/goankur/vsearch/bo/lucene-A/lucene/analysis/icu/build/classes/java/main:/home/goankur/vsearch/bo/lucene-A/lucene/queryparser/build/classes/java/main:/home/goankur/vsearch/bo/lucene-A/lucene/grouping/build/classes/java/main:/home/goankur/vsearch/bo/lucene-A/lucene/suggest/build/classes/java/main:/home/goankur/vsearch/bo/lucene-A/lucene/highlighter/build/classes/java/main:/home/goankur/vsearch/bo/lucene-A/lucene/codecs/build/classes/java/main:/home/goankur/vsearch/bo/lucene-A/lucene/queries/build/classes/java/main:/home/goankur/vsearch/bo/lucene-A/lucene/join/build/classes/java/main:/home/goankur/vsearch/bo/lucene-A/lucene/spatial3d/build/classes/java/main:/home/goankur/vsearch/util/lib/HdrHistogram.jar:/home/goankur/vsearch/util/src/main/build/classes/java/main:/home/goankur/vsearch/util/build perf.SearchPerfTest -dirImpl MMapDirectory -indexPath /home/goankur/vsearch/indices/wikimedium10m.lucene-A.facets.taxonomy:Date.taxonomy:Month.taxonomy:DayOfYear.sortedset:Date.sortedset:Month.sortedset:DayOfYear.taxonomy:RandomLabel.sortedset:RandomLabel.Lucene90.Lucene104.dvfields.nd10M -facets taxonomy:Date;Date -facets taxonomy:Month;Month -facets taxonomy:DayOfYear;DayOfYear -facets sortedset:Date;Date -facets sortedset:Month;Month -facets sortedset:DayOfYear;DayOfYear -facets taxonomy:RandomLabel;RandomLabel -facets sortedset:RandomLabel;RandomLabel -analyzer StandardAnalyzer -taskSource /home/goankur/vsearch/util/tasks/wikimedium.10M.nostopwords.tasks -numConcurrentQueries 5 -taskRepeatCount 20 -field body -tasksPerCat 1 -searchConcurrency -1 -staticSeed 137351 -seed -7144225 -similarity BM25Similarity -commit multi -hiliteImpl FastVectorHighlighter -log /home/goankur/vsearch/logs/FAG.armA.19 -topN 100 -context  -pk -pollute
      10.5 s
      201.3 actual sustained QPS; -1.0 CPU cores used
    armG:
      NOTE: using experimental CPU time profiler (see https://mostlynerdless.de/blog/2025/06/11/java-25s-new-cpu-time-profiler-1)
      log: /home/goankur/vsearch/logs/FAG.armG.19 + stdout
      run: /usr/bin/perf stat -dd -e task-clock,cycles,instructions,cache-references,cache-misses,L1-dcache-loads,L1-dcache-load-misses,L1-icache-loads,L1-icache-load-misses,LLC-loads,LLC-load-misses,LLC-stores,LLC-store-misses,LLC-prefetches,LLC-prefetch-misses,faults,minor-faults,major-faults,branches,branch-misses,stalled-cycles-frontend,stalled-cycles-backend /home/goankur/jdk/corretto-25/bin/java -server -Xms2g -Xmx2g --add-modules jdk.incubator.vector -XX:+HeapDumpOnOutOfMemoryError -XX:+UseParallelGC -XX:StartFlightRecording=jdk.CPUTimeSample#enabled=true,dumponexit=true,maxsize=250M,settings=/home/goankur/vsearch/util/src/python/profiling.jfc,filename=/home/goankur/vsearch/logs/bench-search-FAG-armG-19.jfr -XX:+UnlockDiagnosticVMOptions -XX:+DebugNonSafepoints -classpath /home/goankur/vsearch/bo/lucene-G/lucene/core/build/libs/lucene-core-11.0.0-SNAPSHOT.jar:/home/goankur/vsearch/bo/lucene-G/lucene/sandbox/build/classes/java/main:/home/goankur/vsearch/bo/lucene-G/lucene/misc/build/classes/java/main:/home/goankur/vsearch/bo/lucene-G/lucene/facet/build/classes/java/main:/home/goankur/vsearch/bo/lucene-G/lucene/analysis/common/build/classes/java/main:/home/goankur/vsearch/bo/lucene-G/lucene/analysis/icu/build/classes/java/main:/home/goankur/vsearch/bo/lucene-G/lucene/queryparser/build/classes/java/main:/home/goankur/vsearch/bo/lucene-G/lucene/grouping/build/classes/java/main:/home/goankur/vsearch/bo/lucene-G/lucene/suggest/build/classes/java/main:/home/goankur/vsearch/bo/lucene-G/lucene/highlighter/build/classes/java/main:/home/goankur/vsearch/bo/lucene-G/lucene/codecs/build/classes/java/main:/home/goankur/vsearch/bo/lucene-G/lucene/queries/build/classes/java/main:/home/goankur/vsearch/bo/lucene-G/lucene/join/build/classes/java/main:/home/goankur/vsearch/bo/lucene-G/lucene/spatial3d/build/classes/java/main:/home/goankur/vsearch/util/lib/HdrHistogram.jar:/home/goankur/vsearch/util/src/main/build/classes/java/main:/home/goankur/vsearch/util/build perf.SearchPerfTest -dirImpl MMapDirectory -indexPath /home/goankur/vsearch/indices/wikimedium10m.lucene-A.facets.taxonomy:Date.taxonomy:Month.taxonomy:DayOfYear.sortedset:Date.sortedset:Month.sortedset:DayOfYear.taxonomy:RandomLabel.sortedset:RandomLabel.Lucene90.Lucene104.dvfields.nd10M -facets taxonomy:Date;Date -facets taxonomy:Month;Month -facets taxonomy:DayOfYear;DayOfYear -facets sortedset:Date;Date -facets sortedset:Month;Month -facets sortedset:DayOfYear;DayOfYear -facets taxonomy:RandomLabel;RandomLabel -facets sortedset:RandomLabel;RandomLabel -analyzer StandardAnalyzer -taskSource /home/goankur/vsearch/util/tasks/wikimedium.10M.nostopwords.tasks -numConcurrentQueries 5 -taskRepeatCount 20 -field body -tasksPerCat 1 -searchConcurrency -1 -staticSeed 137351 -seed -7144225 -similarity BM25Similarity -commit multi -hiliteImpl FastVectorHighlighter -log /home/goankur/vsearch/logs/FAG.armG.19 -topN 100 -context  -pk -pollute
      10.0 s
      220.5 actual sustained QPS; -1.0 CPU cores used

Report after iter 19:
QPSChart.supported == False
                            Task     P50 B     P50 C     Diff     P90 B     P90 C     Diff     P99 B     P99 C     Diff    P999 B    P999 C     Diff    P100 B    P100 C     Diff
           ('AndHighHigh', None)     2.080     1.978    -4.9%     5.487     4.520   -17.6%     8.251     6.969   -15.5%     8.251     6.969   -15.5%   320.982   286.591   -10.7%
('AndHighHighDayTaxoFacets', None)    19.731    17.490   -11.4%    61.729    39.539   -35.9%    66.782    74.249    11.2%    66.782    74.249    11.2%   440.001   400.793    -8.9%
            ('AndHighLow', None)     0.467     0.519    11.1%     1.025     0.990    -3.4%     1.028     3.402   230.9%     1.028     3.402   230.9%     2.291     7.490   227.0%
            ('AndHighMed', None)     0.969     1.164    20.1%     4.999     3.111   -37.8%     5.225     5.143    -1.6%     5.225     5.143    -1.6%     7.278     6.908    -5.1%
('AndHighMedDayTaxoFacets', None)     5.300     5.285    -0.3%    10.445     9.247   -11.5%    10.576    18.145    71.6%    10.576    18.145    71.6%    24.128    19.565   -18.9%
     ('AndMissingHigh', 'Title')     0.332     0.355     6.7%     0.700     0.628   -10.4%     1.948     0.629   -67.7%     1.948     0.629   -67.7%     3.642     2.461   -32.4%
              ('BM25MSM2', None)    21.003    19.057    -9.3%    30.318    31.015     2.3%    49.306    68.199    38.3%    49.306    68.199    38.3%   244.033   218.616   -10.4%
  ('BrowseDateSSDVFacets', None)   379.066   330.441   -12.8%   431.152   359.919   -16.5%   519.248   374.691   -27.8%   519.248   374.691   -27.8%   670.931   761.078    13.4%
  ('BrowseDateTaxoFacets', None)    70.483    64.981    -7.8%    89.480    73.574   -17.8%    93.324    82.235   -11.9%    93.324    82.235   -11.9%   187.865   163.383   -13.0%
('BrowseDayOfYearSSDVFacets', None)    66.892    71.587     7.0%    85.251    88.230     3.5%    87.575    88.564     1.1%    87.575    88.564     1.1%   112.212   137.553    22.6%
('BrowseDayOfYearTaxoFacets', None)    69.976    61.529   -12.1%    85.954    78.606    -8.5%   102.348    84.396   -17.5%   102.348    84.396   -17.5%   116.691    99.742   -14.5%
 ('BrowseMonthSSDVFacets', None)    57.417    64.658    12.6%    85.022    86.257     1.5%    87.971   104.828    19.2%    87.971   104.828    19.2%   197.934   157.027   -20.7%
 ('BrowseMonthTaxoFacets', None)    84.370    86.201     2.2%    98.433    97.829    -0.6%   121.742   103.227   -15.2%   121.742   103.227   -15.2%   149.922   139.273    -7.1%
('BrowseRandomLabelSSDVFacets', None)    99.734    96.480    -3.3%   113.979   130.977    14.9%   122.446   151.133    23.4%   122.446   151.133    23.4%   469.547   540.896    15.2%
('BrowseRandomLabelTaxoFacets', None)    90.923    80.169   -11.8%   109.452    99.043    -9.5%   109.866   100.568    -8.5%   109.866   100.568    -8.5%   151.351   103.888   -31.4%
             ('ConstMSM2', None)     0.772     0.877    13.6%     2.787     3.555    27.6%     2.955     5.359    81.3%     2.955     5.359    81.3%     5.779    11.600   100.7%
                ('Fuzzy1', None)    12.477    13.107     5.0%    17.861    19.465     9.0%    29.854    35.782    19.9%    29.854    35.782    19.9%    73.843    76.974     4.2%
                ('Fuzzy2', None)    16.400    15.223    -7.2%    23.445    24.529     4.6%    29.348    25.482   -13.2%    29.348    25.482   -13.2%   219.182   313.990    43.3%
  ('HighIntervalsOrdered', None)    18.850    15.978   -15.2%    35.625    26.799   -24.8%    38.799    41.834     7.8%    38.799    41.834     7.8%    54.368    57.879     6.5%
            ('HighPhrase', None)     4.485     4.596     2.5%    11.767     8.953   -23.9%    16.158    13.317   -17.6%    16.158    13.317   -17.6%   201.210   264.256    31.3%
      ('HighSloppyPhrase', None)    24.775    22.478    -9.3%    35.519    36.142     1.8%    38.011    36.388    -4.3%    38.011    36.388    -4.3%    39.410    59.374    50.7%
          ('HighSpanNear', None)     7.057     7.632     8.1%    16.902    15.989    -5.4%    18.168    19.785     8.9%    18.168    19.785     8.9%   278.532   217.178   -22.0%
              ('HighTerm', None)     1.619     1.660     2.6%     2.158     2.439    13.0%     2.599     2.878    10.7%     2.599     2.878    10.7%     3.233     4.072    26.0%
('HighTermDayOfYearSort', 'DayOfYear')     2.038     2.006    -1.6%     3.955    11.724   196.4%     4.743    14.943   215.1%     4.743    14.943   215.1%    57.979    16.199   -72.1%
  ('HighTermMonthSort', 'Month')     0.661     0.739    11.8%     1.327     0.922   -30.5%     2.115     2.045    -3.3%     2.115     2.045    -3.3%    21.634     2.508   -88.4%
('HighTermTitleBDVSort', 'TitleBinary')    12.580    13.026     3.5%    20.367    18.482    -9.3%    22.752    40.785    79.3%    22.752    40.785    79.3%    72.204    73.581     1.9%
  ('HighTermTitleSort', 'Title')    11.613    10.883    -6.3%    20.034    20.724     3.4%    21.121    45.355   114.7%    21.121    45.355   114.7%    90.886    85.491    -5.9%
                ('IntNRQ', None)     1.402     1.355    -3.4%     3.433     3.259    -5.1%     3.445     5.461    58.5%     3.445     5.461    58.5%    68.815    92.379    34.2%
                ('IntSet', None)     1.615     1.296   -19.8%     3.403     5.331    56.7%    15.753    15.725    -0.2%    15.753    15.725    -0.2%    80.529    68.693   -14.7%
   ('LowIntervalsOrdered', None)     3.760     2.744   -27.0%     5.266     4.197   -20.3%     8.202     8.076    -1.5%     8.202     8.076    -1.5%   106.487    75.744   -28.9%
             ('LowPhrase', None)     5.996     5.550    -7.4%    12.416    13.529     9.0%    14.675    13.653    -7.0%    14.675    13.653    -7.0%    26.060    25.090    -3.7%
       ('LowSloppyPhrase', None)    10.878    10.735    -1.3%    18.227    18.552     1.8%    20.926    19.599    -6.3%    20.926    19.599    -6.3%    31.216    38.753    24.1%
           ('LowSpanNear', None)     4.478     4.970    11.0%    13.067    13.901     6.4%    13.091    14.628    11.7%    13.091    14.628    11.7%    33.289    16.343   -50.9%
               ('LowTerm', None)     0.419     0.486    15.8%     1.144     1.426    24.6%     1.761     1.448   -17.8%     1.761     1.448   -17.8%     2.857    15.222   432.7%
   ('MedIntervalsOrdered', None)     4.367     3.795   -13.1%     6.582     6.952     5.6%     6.631     7.279     9.8%     6.631     7.279     9.8%    45.083    13.790   -69.4%
             ('MedPhrase', None)     2.537     2.419    -4.6%     5.629     4.813   -14.5%     8.988     7.398   -17.7%     8.988     7.398   -17.7%    35.559    22.669   -36.2%
       ('MedSloppyPhrase', None)    11.450    11.201    -2.2%    18.725    19.528     4.3%    21.215    25.528    20.3%    21.215    25.528    20.3%   133.065   128.313    -3.6%
           ('MedSpanNear', None)    10.781    11.471     6.4%    15.547    15.749     1.3%    15.656    16.681     6.5%    15.656    16.681     6.5%    52.540    43.278   -17.6%
               ('MedTerm', None)     0.635     0.650     2.3%     2.674     1.757   -34.3%     3.104     2.096   -32.5%     3.104     2.096   -32.5%     5.835     2.669   -54.3%
  ('MedTermDayTaxoFacets', None)    10.552    10.726     1.7%    16.461    15.737    -4.4%    39.570    32.099   -18.9%    39.570    32.099   -18.9%    62.991    44.950   -28.6%
            ('OrHighHigh', None)     1.807     1.613   -10.7%     3.395     3.738    10.1%     8.316    10.740    29.1%     8.316    10.740    29.1%    11.565    18.645    61.2%
             ('OrHighLow', None)     0.783     0.690   -12.0%     1.655     2.239    35.3%     1.762     6.100   246.2%     1.762     6.100   246.2%     5.067     6.551    29.3%
             ('OrHighMed', None)     0.944     0.989     4.7%     2.362     2.777    17.6%     4.406     3.356   -23.8%     4.406     3.356   -23.8%     6.827     6.100   -10.6%
('OrHighMedDayTaxoFacets', None)   140.444   134.655    -4.1%   171.086   166.470    -2.7%   269.406   208.569   -22.6%   269.406   208.569   -22.6%   864.633   836.013    -3.3%
         ('OrHighNotHigh', None)     1.151     1.271    10.4%     3.913     4.205     7.5%    12.884     4.908   -61.9%    12.884     4.908   -61.9%    19.524    26.750    37.0%
          ('OrHighNotLow', None)     1.155     1.236     7.1%     3.088     3.790    22.7%    11.535     5.484   -52.5%    11.535     5.484   -52.5%    24.041    16.234   -32.5%
          ('OrHighNotMed', None)     1.125     1.055    -6.2%     7.642    14.790    93.5%    24.750    19.517   -21.1%    24.750    19.517   -21.1%   134.882   166.840    23.7%
         ('OrNotHighHigh', None)     1.149     1.265    10.1%     4.742     5.596    18.0%     6.724    11.729    74.4%     6.724    11.729    74.4%    20.199    15.733   -22.1%
          ('OrNotHighLow', None)     0.698     0.666    -4.6%     1.919     1.601   -16.6%     2.259     1.661   -26.5%     2.259     1.661   -26.5%    18.071     7.059   -60.9%
          ('OrNotHighMed', None)     1.052     0.992    -5.7%     2.964     2.371   -20.0%    17.640     6.474   -63.3%    17.640     6.474   -63.3%    20.043    37.682    88.0%
                   ('PKLookup',)     4.445     5.653    27.2%     7.270     8.727    20.0%    14.831    10.921   -26.4%    14.831    10.921   -26.4%    47.839    43.389    -9.3%
               ('Prefix3', None)     1.145     1.219     6.5%     4.594     5.249    14.3%    13.106     5.535   -57.8%    13.106     5.535   -57.8%    21.290    10.089   -52.6%
                    ('Respell',)    12.178    12.546     3.0%    20.006    25.076    25.3%    24.909    27.561    10.6%    24.909    27.561    10.6%    95.566    68.051   -28.8%
('TermDateTimeSort', 'DateTime')     2.263     2.243    -0.9%     4.826    11.516   138.6%    30.645    22.949   -25.1%    30.645    22.949   -25.1%    61.382    64.458     5.0%
              ('Wildcard', None)     1.352     1.507    11.5%     3.698     5.100    37.9%     8.075     5.312   -34.2%     8.075     5.312   -34.2%    12.299    15.415    25.3%
                 ('range', None)     0.195     0.159   -18.3%     0.490     0.491     0.4%     0.607     0.833    37.4%     0.607     0.833    37.4%     0.729     0.876    20.2%
                            Task    QPS armA      StdDev    QPS armG      StdDev                Pct diff p-value
       BrowseDayOfYearTaxoFacets       16.99     (39.3%)       15.22      (4.9%)  -10.4% ( -39% -   55%) 0.240
            BrowseDateTaxoFacets       16.11     (30.0%)       14.80      (6.2%)   -8.1% ( -34% -   40%) 0.237
           BrowseMonthTaxoFacets       36.94     (29.4%)       34.78     (27.9%)   -5.8% ( -48% -   72%) 0.520
     BrowseRandomLabelTaxoFacets       13.14     (29.9%)       12.41      (5.5%)   -5.5% ( -31% -   42%) 0.415
                      AndHighMed     1143.99      (6.9%)     1094.02      (7.9%)   -4.4% ( -17% -   11%) 0.062
           HighTermDayOfYearSort      482.16      (9.6%)      466.50     (12.6%)   -3.2% ( -23% -   21%) 0.360
               HighTermTitleSort      109.24     (10.6%)      106.11      (8.9%)   -2.9% ( -20% -   18%) 0.354
                           range     6193.07      (9.5%)     6056.23     (13.0%)   -2.2% ( -22% -   22%) 0.539
                        Wildcard      704.73      (8.9%)      690.88      (6.8%)   -2.0% ( -16% -   15%) 0.431
                         LowTerm     2375.74      (9.3%)     2331.02      (8.1%)   -1.9% ( -17% -   17%) 0.495
                      AndHighLow     1893.72      (7.8%)     1858.36      (6.2%)   -1.9% ( -14% -   13%) 0.403
             MedIntervalsOrdered      260.60     (10.6%)      255.94     (12.3%)   -1.8% ( -22% -   23%) 0.622
                          IntNRQ      708.21      (7.6%)      696.32      (7.8%)   -1.7% ( -15% -   14%) 0.492
           BrowseMonthSSDVFacets       16.41     (10.0%)       16.15      (8.7%)   -1.6% ( -18% -   18%) 0.592
                        HighTerm      640.36      (7.3%)      631.58      (7.6%)   -1.4% ( -15% -   14%) 0.559
                     LowSpanNear      218.34      (5.0%)      215.44      (9.4%)   -1.3% ( -14% -   13%) 0.577
                       ConstMSM2     1372.83      (5.9%)     1354.91      (4.8%)   -1.3% ( -11% -    9%) 0.442
                    OrNotHighMed      982.77      (7.6%)      971.75      (8.2%)   -1.1% ( -15% -   15%) 0.653
            HighIntervalsOrdered       61.58      (8.2%)       60.97      (8.8%)   -1.0% ( -16% -   17%) 0.711
                        BM25MSM2       48.16      (4.5%)       47.73      (5.3%)   -0.9% ( -10% -    9%) 0.569
                         Prefix3      895.72      (8.8%)      888.01     (12.9%)   -0.9% ( -20% -   22%) 0.805
                      TermDTSort      451.15      (6.8%)      448.40      (5.3%)   -0.6% ( -11% -   12%) 0.752
                     MedSpanNear       94.55      (7.3%)       94.05     (10.0%)   -0.5% ( -16% -   18%) 0.848
       BrowseDayOfYearSSDVFacets       15.43      (7.6%)       15.35      (7.0%)   -0.5% ( -14% -   15%) 0.827
            BrowseDateSSDVFacets        2.87      (5.7%)        2.85      (7.3%)   -0.5% ( -12% -   13%) 0.813
                    OrHighNotMed      987.53      (8.2%)      983.28      (8.2%)   -0.4% ( -15% -   17%) 0.869
                        PKLookup      214.44     (11.1%)      213.74     (11.3%)   -0.3% ( -20% -   24%) 0.927
                          Fuzzy2       62.73      (5.6%)       62.60      (5.6%)   -0.2% ( -10% -   11%) 0.907
                HighSloppyPhrase       46.06      (3.3%)       46.01      (4.1%)   -0.1% (  -7% -    7%) 0.920
                    OrNotHighLow     1531.60     (12.2%)     1533.06      (8.0%)    0.1% ( -17% -   23%) 0.977
                      OrHighHigh      617.33      (8.7%)      618.03     (10.2%)    0.1% ( -17% -   20%) 0.970
                       OrHighMed      953.32      (8.9%)      954.65      (7.2%)    0.1% ( -14% -   17%) 0.957
                         Respell       76.18      (7.2%)       76.38      (7.9%)    0.3% ( -13% -   16%) 0.910
            MedTermDayTaxoFacets       94.00      (5.4%)       94.36      (3.9%)    0.4% (  -8% -   10%) 0.797
                       MedPhrase      390.67      (7.7%)      392.60      (3.6%)    0.5% ( -10% -   12%) 0.796
          OrHighMedDayTaxoFacets        7.49      (5.2%)        7.53      (7.4%)    0.6% ( -11% -   13%) 0.754
                 MedSloppyPhrase       93.28      (7.3%)       94.06      (5.3%)    0.8% ( -10% -   14%) 0.678
                       OrHighLow     1318.73      (8.7%)     1331.15      (6.8%)    0.9% ( -13% -   18%) 0.703
                     AndHighHigh      615.27     (14.3%)      621.35     (11.5%)    1.0% ( -21% -   31%) 0.810
                  AndMissingHigh     3524.13      (8.5%)     3561.03      (9.2%)    1.0% ( -15% -   20%) 0.709
                    OrHighNotLow      890.77      (8.2%)      900.43     (11.6%)    1.1% ( -17% -   22%) 0.733
            HighTermTitleBDVSort       85.01      (6.1%)       86.01      (5.0%)    1.2% (  -9% -   13%) 0.502
         AndHighMedDayTaxoFacets      189.84      (3.6%)      192.26      (2.8%)    1.3% (  -4% -    7%) 0.208
                       LowPhrase      197.36      (6.6%)      199.90      (5.7%)    1.3% ( -10% -   14%) 0.509
                    HighSpanNear      131.48      (5.1%)      133.22      (4.1%)    1.3% (  -7% -   11%) 0.366
                   OrHighNotHigh      829.08      (7.3%)      841.45      (7.1%)    1.5% ( -12% -   17%) 0.514
                 LowSloppyPhrase       94.29      (6.7%)       95.82      (5.3%)    1.6% (  -9% -   14%) 0.396
                         MedTerm     1524.81      (6.9%)     1552.99      (6.3%)    1.8% ( -10% -   16%) 0.378
     BrowseRandomLabelSSDVFacets       11.18      (4.8%)       11.40      (7.4%)    1.9% (  -9% -   14%) 0.322
               HighTermMonthSort     1511.45      (6.9%)     1543.55      (7.6%)    2.1% ( -11% -   17%) 0.354
                          Fuzzy1       86.91      (7.5%)       89.13      (7.2%)    2.6% ( -11% -   18%) 0.270
                          IntSet      684.81      (8.8%)      704.08      (8.4%)    2.8% ( -13% -   21%) 0.300
                      HighPhrase      228.66      (9.6%)      236.48      (8.4%)    3.4% ( -13% -   23%) 0.231
        AndHighHighDayTaxoFacets       54.71      (7.7%)       56.96      (6.4%)    4.1% (  -9% -   19%) 0.065
                   OrNotHighHigh      786.40      (8.9%)      819.60      (7.0%)    4.2% ( -10% -   22%) 0.095
             LowIntervalsOrdered      309.29     (11.1%)      322.45     (16.0%)    4.3% ( -20% -   35%) 0.328

CPU merged search profile for armG:
JFR aggregation command: /home/goankur/jdk/corretto-25/bin/java -server -Xms2g -Xmx2g --add-modules jdk.incubator.vector -XX:+HeapDumpOnOutOfMemoryError -XX:+UseParallelGC -cp /home/goankur/vsearch/bo/lucene-G/build-tools/build-infra/build/classes/java/main -Dtests.profile.mode=cpu -Dtests.profile.stacksize=12 -Dtests.profile.count=30 -Dtests.profile.linenumbers=true org.apache.lucene.gradle.plugins.java.ProfileResults /home/goankur/vsearch/logs/bench-search-FAG-armG-19.jfr /home/goankur/vsearch/logs/bench-search-FAG-armG-5.jfr /home/goankur/vsearch/logs/bench-search-FAG-armG-6.jfr /home/goankur/vsearch/logs/bench-search-FAG-armG-7.jfr /home/goankur/vsearch/logs/bench-search-FAG-armG-8.jfr /home/goankur/vsearch/logs/bench-search-FAG-armG-9.jfr /home/goankur/vsearch/logs/bench-search-FAG-armG-10.jfr /home/goankur/vsearch/logs/bench-search-FAG-armG-11.jfr /home/goankur/vsearch/logs/bench-search-FAG-armG-12.jfr /home/goankur/vsearch/logs/bench-search-FAG-armG-13.jfr /home/goankur/vsearch/logs/bench-search-FAG-armG-14.jfr /home/goankur/vsearch/logs/bench-search-FAG-armG-15.jfr /home/goankur/vsearch/logs/bench-search-FAG-armG-16.jfr /home/goankur/vsearch/logs/bench-search-FAG-armG-17.jfr /home/goankur/vsearch/logs/bench-search-FAG-armG-18.jfr /home/goankur/vsearch/logs/bench-search-FAG-armG-1.jfr /home/goankur/vsearch/logs/bench-search-FAG-armG-2.jfr /home/goankur/vsearch/logs/bench-search-FAG-armG-3.jfr /home/goankur/vsearch/logs/bench-search-FAG-armG-4.jfr /home/goankur/vsearch/logs/bench-search-FAG-armG-0.jfr
Took 2.22 seconds
WARNING: Using incubator modules: jdk.incubator.vector
PROFILE SUMMARY from 120266 events (total: 120266)
  tests.profile.mode=cpu
  tests.profile.count=30
  tests.profile.stacksize=12
  tests.profile.linenumbers=true
PERCENT       CPU SAMPLES   STACK
1.94%         2336          org.apache.lucene.facet.sortedset.SortedSetDocValuesFacetCounts#countOneSegmentNHLD():129 [JIT compiled code]
                              at org.apache.lucene.facet.sortedset.SortedSetDocValuesFacetCounts#countAll():322 [Interpreted code]
                              at org.apache.lucene.facet.sortedset.SortedSetDocValuesFacetCounts#<init>():73 [Inlined code]
                              at org.apache.lucene.facet.sortedset.SortedSetDocValuesFacetCounts#<init>():63 [Inlined code]
                              at perf.SearchTask#go():290 [JIT compiled code]
                              at perf.UnparsedTask#go():57 [JIT compiled code]
                              at perf.TaskThreads$RunTask#call():81 [JIT compiled code]
                              at perf.TaskThreads$RunTask#call():64 [JIT compiled code]
                              at java.util.concurrent.FutureTask#run():328 [JIT compiled code]
                              at java.util.concurrent.ThreadPoolExecutor#runWorker():1090 [Interpreted code]
                              at java.util.concurrent.ThreadPoolExecutor$Worker#run():614 [Interpreted code]
                              at java.lang.Thread#runWith():1487 [Interpreted code]
1.60%         1925          org.apache.lucene.facet.taxonomy.FastTaxonomyFacetCounts#countAll():125 [JIT compiled code]
                              at org.apache.lucene.facet.taxonomy.FastTaxonomyFacetCounts#<init>():69 [Interpreted code]
                              at perf.SearchTask#go():282 [JIT compiled code]
                              at perf.UnparsedTask#go():57 [JIT compiled code]
                              at perf.TaskThreads$RunTask#call():81 [JIT compiled code]
                              at perf.TaskThreads$RunTask#call():64 [JIT compiled code]
                              at java.util.concurrent.FutureTask#run():328 [JIT compiled code]
                              at java.util.concurrent.ThreadPoolExecutor#runWorker():1090 [Interpreted code]
                              at java.util.concurrent.ThreadPoolExecutor$Worker#run():614 [Interpreted code]
                              at java.lang.Thread#runWith():1487 [Interpreted code]
                              at java.lang.Thread#run():1474 [Interpreted code]
0.72%         865           org.apache.lucene.facet.sortedset.SortedSetDocValuesFacetCounts#countOneSegmentNHLD():129 [JIT compiled code]
                              at org.apache.lucene.facet.sortedset.SortedSetDocValuesFacetCounts#countAll():322 [Interpreted code]
                              at org.apache.lucene.facet.sortedset.SortedSetDocValuesFacetCounts#<init>():73 [Interpreted code]
                              at org.apache.lucene.facet.sortedset.SortedSetDocValuesFacetCounts#<init>():63 [Interpreted code]
                              at perf.SearchTask#go():290 [Interpreted code]
                              at perf.UnparsedTask#go():57 [Interpreted code]
                              at perf.TaskThreads$RunTask#call():81 [Interpreted code]
                              at perf.TaskThreads$RunTask#call():64 [Interpreted code]
                              at java.util.concurrent.FutureTask#run():328 [JIT compiled code]
                              at java.util.concurrent.ThreadPoolExecutor#runWorker():1090 [Interpreted code]
                              at java.util.concurrent.ThreadPoolExecutor$Worker#run():614 [Interpreted code]
                              at java.lang.Thread#runWith():1487 [Interpreted code]
0.72%         864           org.apache.lucene.codecs.lucene90.Lucene90DocValuesProducer$20#ordValue():1501 [Inlined code]
                              at org.apache.lucene.facet.sortedset.SortedSetDocValuesFacetCounts#countOneSegmentNHLD():130 [JIT compiled code]
                              at org.apache.lucene.facet.sortedset.SortedSetDocValuesFacetCounts#countAll():322 [Interpreted code]
                              at org.apache.lucene.facet.sortedset.SortedSetDocValuesFacetCounts#<init>():73 [Inlined code]
                              at org.apache.lucene.facet.sortedset.SortedSetDocValuesFacetCounts#<init>():63 [Inlined code]
                              at perf.SearchTask#go():290 [JIT compiled code]
                              at perf.UnparsedTask#go():57 [JIT compiled code]
                              at perf.TaskThreads$RunTask#call():81 [JIT compiled code]
                              at perf.TaskThreads$RunTask#call():64 [JIT compiled code]
                              at java.util.concurrent.FutureTask#run():328 [JIT compiled code]
                              at java.util.concurrent.ThreadPoolExecutor#runWorker():1090 [Interpreted code]
                              at java.util.concurrent.ThreadPoolExecutor$Worker#run():614 [Interpreted code]
0.58%         692           org.apache.lucene.util.packed.DirectReader$DirectPackedReader12#get():282 [Inlined code]
                              at org.apache.lucene.codecs.lucene90.Lucene90DocValuesProducer$25#nextOrd():2324 [Inlined code]
                              at org.apache.lucene.facet.sortedset.SortedSetDocValuesFacetCounts#countOneSegmentNHLD():137 [JIT compiled code]
                              at org.apache.lucene.facet.sortedset.SortedSetDocValuesFacetCounts#countAll():322 [Interpreted code]
                              at org.apache.lucene.facet.sortedset.SortedSetDocValuesFacetCounts#<init>():73 [Inlined code]
                              at org.apache.lucene.facet.sortedset.SortedSetDocValuesFacetCounts#<init>():63 [Inlined code]
                              at perf.SearchTask#go():290 [JIT compiled code]
                              at perf.UnparsedTask#go():57 [JIT compiled code]
                              at perf.TaskThreads$RunTask#call():81 [JIT compiled code]
                              at perf.TaskThreads$RunTask#call():64 [JIT compiled code]
                              at java.util.concurrent.FutureTask#run():328 [JIT compiled code]
                              at java.util.concurrent.ThreadPoolExecutor#runWorker():1090 [Interpreted code]
0.57%         681           jdk.incubator.vector.Int256Vector$Int256Mask#trueCount():736 [Inlined code]
                              at org.apache.lucene.internal.vectorization.PanamaVectorUtilSupport#findNextGEQ():1190 [Inlined code]
                              at org.apache.lucene.util.VectorUtil#findNextGEQ():556 [Inlined code]
                              at org.apache.lucene.codecs.lucene104.Lucene104PostingsReader$BlockPostingsEnum#advance():936 [Inlined code]
                              at org.apache.lucene.search.WANDScorer#advanceTail():419 [Inlined code]
                              at org.apache.lucene.search.WANDScorer#advanceTail():433 [Inlined code]
                              at org.apache.lucene.search.WANDScorer$2#matches():349 [JIT compiled code]
                              at org.apache.lucene.search.Weight$DefaultBulkScorer#scoreTwoPhaseIterator():311 [JIT compiled code]
                              at org.apache.lucene.search.Weight$DefaultBulkScorer#score():282 [JIT compiled code]
                              at org.apache.lucene.search.IndexSearcher#searchLeaf():852 [Inlined code]
                              at org.apache.lucene.search.IndexSearcher#search():814 [Inlined code]
                              at org.apache.lucene.search.IndexSearcher#lambda$search$0():784 [Inlined code]
0.55%         657           org.apache.lucene.util.packed.DirectReader$DirectPackedReader12#get():282 [JIT compiled code]
                              at org.apache.lucene.codecs.lucene90.Lucene90DocValuesProducer$25#nextOrd():2324 [Inlined code]
                              at org.apache.lucene.facet.sortedset.SortedSetDocValuesFacetCounts#countOneSegmentNHLD():137 [JIT compiled code]
                              at org.apache.lucene.facet.sortedset.SortedSetDocValuesFacetCounts#countAll():322 [Interpreted code]
                              at org.apache.lucene.facet.sortedset.SortedSetDocValuesFacetCounts#<init>():73 [Inlined code]
                              at org.apache.lucene.facet.sortedset.SortedSetDocValuesFacetCounts#<init>():63 [Inlined code]
                              at perf.SearchTask#go():290 [JIT compiled code]
                              at perf.UnparsedTask#go():57 [JIT compiled code]
                              at perf.TaskThreads$RunTask#call():81 [JIT compiled code]
                              at perf.TaskThreads$RunTask#call():64 [JIT compiled code]
                              at java.util.concurrent.FutureTask#run():328 [JIT compiled code]
                              at java.util.concurrent.ThreadPoolExecutor#runWorker():1090 [Interpreted code]
0.53%         634           org.apache.lucene.codecs.lucene90.Lucene90DocValuesProducer$4#longValue():994 [Inlined code]
                              at org.apache.lucene.facet.taxonomy.FastTaxonomyFacetCounts#countAll():138 [JIT compiled code]
                              at org.apache.lucene.facet.taxonomy.FastTaxonomyFacetCounts#<init>():69 [Interpreted code]
                              at perf.SearchTask#go():282 [JIT compiled code]
                              at perf.UnparsedTask#go():57 [JIT compiled code]
                              at perf.TaskThreads$RunTask#call():81 [JIT compiled code]
                              at perf.TaskThreads$RunTask#call():64 [JIT compiled code]
                              at java.util.concurrent.FutureTask#run():328 [JIT compiled code]
                              at java.util.concurrent.ThreadPoolExecutor#runWorker():1090 [Interpreted code]
                              at java.util.concurrent.ThreadPoolExecutor$Worker#run():614 [Interpreted code]
                              at java.lang.Thread#runWith():1487 [Interpreted code]
                              at java.lang.Thread#run():1474 [Interpreted code]
0.48%         582           jdk.internal.foreign.MemorySessionImpl#checkValidStateRaw():200 [Inlined code]
                              at jdk.internal.misc.ScopedMemoryAccess#getShortUnalignedInternal():1789 [Inlined code]
                              at jdk.internal.misc.ScopedMemoryAccess#getShortUnaligned():1779 [Inlined code]
                              at java.lang.invoke.VarHandleSegmentAsShorts#get():60 [Inlined code]
                              at java.lang.invoke.VarHandleSegmentAsShorts#get():53 [Inlined code]
                              at java.lang.invoke.VarHandleGuards#guard_LJ_I():251 [Inlined code]
                              at jdk.internal.foreign.AbstractMemorySegmentImpl#get():730 [Inlined code]
                              at org.apache.lucene.store.MemorySegmentIndexInput$SingleSegmentImpl#readShort():782 [Inlined code]
                              at org.apache.lucene.util.packed.DirectReader$DirectPackedReader12#get():282 [Inlined code]
                              at org.apache.lucene.codecs.lucene90.Lucene90DocValuesProducer$25#nextOrd():2324 [Inlined code]
                              at org.apache.lucene.facet.sortedset.SortedSetDocValuesFacetCounts#countOneSegmentNHLD():137 [JIT compiled code]
                              at org.apache.lucene.facet.sortedset.SortedSetDocValuesFacetCounts#countAll():322 [Interpreted code]
0.48%         572           org.apache.lucene.codecs.lucene90.Lucene90DocValuesProducer$25#nextOrd():2324 [Inlined code]
                              at org.apache.lucene.facet.sortedset.SortedSetDocValuesFacetCounts#countOneSegmentNHLD():137 [JIT compiled code]
                              at org.apache.lucene.facet.sortedset.SortedSetDocValuesFacetCounts#countAll():322 [Interpreted code]
                              at org.apache.lucene.facet.sortedset.SortedSetDocValuesFacetCounts#<init>():73 [Inlined code]
                              at org.apache.lucene.facet.sortedset.SortedSetDocValuesFacetCounts#<init>():63 [Inlined code]
                              at perf.SearchTask#go():290 [JIT compiled code]
                              at perf.UnparsedTask#go():57 [JIT compiled code]
                              at perf.TaskThreads$RunTask#call():81 [JIT compiled code]
                              at perf.TaskThreads$RunTask#call():64 [JIT compiled code]
                              at java.util.concurrent.FutureTask#run():328 [JIT compiled code]
                              at java.util.concurrent.ThreadPoolExecutor#runWorker():1090 [Interpreted code]
                              at java.util.concurrent.ThreadPoolExecutor$Worker#run():614 [Interpreted code]
0.47%         561           jdk.incubator.vector.Int256Vector$Int256Mask#trueCount():736 [Inlined code]
                              at org.apache.lucene.internal.vectorization.PanamaVectorUtilSupport#findNextGEQ():1190 [Inlined code]
                              at org.apache.lucene.util.VectorUtil#findNextGEQ():556 [Inlined code]
                              at org.apache.lucene.codecs.lucene104.Lucene104PostingsReader$BlockPostingsEnum#advance():936 [Inlined code]
                              at org.apache.lucene.search.WANDScorer#advanceTail():419 [Inlined code]
                              at org.apache.lucene.search.WANDScorer#advanceTail():433 [Inlined code]
                              at org.apache.lucene.search.WANDScorer$2#matches():349 [JIT compiled code]
                              at org.apache.lucene.search.Weight$DefaultBulkScorer#scoreTwoPhaseIterator():311 [JIT compiled code]
                              at org.apache.lucene.search.Weight$DefaultBulkScorer#score():282 [JIT compiled code]
                              at org.apache.lucene.search.IndexSearcher#searchLeaf():852 [JIT compiled code]
                              at org.apache.lucene.search.IndexSearcher#search():814 [JIT compiled code]
                              at org.apache.lucene.search.IndexSearcher#lambda$search$0():784 [Inlined code]
0.46%         549           org.apache.lucene.facet.sortedset.SortedSetDocValuesFacetCounts#countOneSegmentNHLD():136 [JIT compiled code]
                              at org.apache.lucene.facet.sortedset.SortedSetDocValuesFacetCounts#countAll():322 [Interpreted code]
                              at org.apache.lucene.facet.sortedset.SortedSetDocValuesFacetCounts#<init>():73 [Inlined code]
                              at org.apache.lucene.facet.sortedset.SortedSetDocValuesFacetCounts#<init>():63 [Inlined code]
                              at perf.SearchTask#go():290 [JIT compiled code]
                              at perf.UnparsedTask#go():57 [JIT compiled code]
                              at perf.TaskThreads$RunTask#call():81 [JIT compiled code]
                              at perf.TaskThreads$RunTask#call():64 [JIT compiled code]
                              at java.util.concurrent.FutureTask#run():328 [JIT compiled code]
                              at java.util.concurrent.ThreadPoolExecutor#runWorker():1090 [Interpreted code]
                              at java.util.concurrent.ThreadPoolExecutor$Worker#run():614 [Interpreted code]
                              at java.lang.Thread#runWith():1487 [Interpreted code]
0.42%         501           org.apache.lucene.codecs.lucene90.Lucene90DocValuesProducer$25#advance():2358 [Inlined code]
                              at org.apache.lucene.codecs.lucene90.Lucene90DocValuesProducer$25#nextDoc():2348 [Inlined code]
                              at org.apache.lucene.facet.sortedset.SortedSetDocValuesFacetCounts#countOneSegmentNHLD():135 [JIT compiled code]
                              at org.apache.lucene.facet.sortedset.SortedSetDocValuesFacetCounts#countAll():322 [Interpreted code]
                              at org.apache.lucene.facet.sortedset.SortedSetDocValuesFacetCounts#<init>():73 [Inlined code]
                              at org.apache.lucene.facet.sortedset.SortedSetDocValuesFacetCounts#<init>():63 [Inlined code]
                              at perf.SearchTask#go():290 [JIT compiled code]
                              at perf.UnparsedTask#go():57 [JIT compiled code]
                              at perf.TaskThreads$RunTask#call():81 [JIT compiled code]
                              at perf.TaskThreads$RunTask#call():64 [JIT compiled code]
                              at java.util.concurrent.FutureTask#run():328 [JIT compiled code]
                              at java.util.concurrent.ThreadPoolExecutor#runWorker():1090 [Interpreted code]
0.41%         496           jdk.internal.foreign.MemorySessionImpl#checkValidStateRaw():200 [Inlined code]
                              at jdk.internal.misc.ScopedMemoryAccess#getIntUnalignedInternal():3169 [Inlined code]
                              at jdk.internal.misc.ScopedMemoryAccess#getIntUnaligned():3159 [Inlined code]
                              at java.lang.invoke.VarHandleSegmentAsInts#get():60 [Inlined code]
                              at java.lang.invoke.VarHandleSegmentAsInts#get():53 [Inlined code]
                              at java.lang.invoke.VarHandleGuards#guard_LJ_I():251 [Inlined code]
                              at jdk.internal.foreign.AbstractMemorySegmentImpl#get():742 [Inlined code]
                              at org.apache.lucene.store.MemorySegmentIndexInput$SingleSegmentImpl#readInt():793 [Inlined code]
                              at org.apache.lucene.util.packed.DirectReader$DirectPackedReader20#get():322 [Inlined code]
                              at org.apache.lucene.codecs.lucene90.Lucene90DocValuesProducer$4#longValue():994 [Inlined code]
                              at org.apache.lucene.facet.taxonomy.FastTaxonomyFacetCounts#countAll():138 [JIT compiled code]
                              at org.apache.lucene.facet.taxonomy.FastTaxonomyFacetCounts#<init>():69 [Interpreted code]
0.37%         442           org.apache.lucene.codecs.lucene90.Lucene90DocValuesProducer$25#advance():2356 [Inlined code]
                              at org.apache.lucene.codecs.lucene90.Lucene90DocValuesProducer$25#nextDoc():2348 [Inlined code]
                              at org.apache.lucene.facet.sortedset.SortedSetDocValuesFacetCounts#countOneSegmentNHLD():135 [JIT compiled code]
                              at org.apache.lucene.facet.sortedset.SortedSetDocValuesFacetCounts#countAll():322 [Interpreted code]
                              at org.apache.lucene.facet.sortedset.SortedSetDocValuesFacetCounts#<init>():73 [Inlined code]
                              at org.apache.lucene.facet.sortedset.SortedSetDocValuesFacetCounts#<init>():63 [Inlined code]
                              at perf.SearchTask#go():290 [JIT compiled code]
                              at perf.UnparsedTask#go():57 [JIT compiled code]
                              at perf.TaskThreads$RunTask#call():81 [JIT compiled code]
                              at perf.TaskThreads$RunTask#call():64 [JIT compiled code]
                              at java.util.concurrent.FutureTask#run():328 [JIT compiled code]
                              at java.util.concurrent.ThreadPoolExecutor#runWorker():1090 [Interpreted code]
0.37%         440           jdk.internal.misc.ScopedMemoryAccess#getByteInternal():1100 [Inlined code]
                              at jdk.internal.misc.ScopedMemoryAccess#getByte():1088 [Inlined code]
                              at java.lang.invoke.VarHandleSegmentAsBytes#get():56 [Inlined code]
                              at java.lang.invoke.VarHandleSegmentAsBytes#get():49 [Inlined code]
                              at java.lang.invoke.VarHandleGuards#guard_LJ_I():251 [Inlined code]
                              at jdk.internal.foreign.AbstractMemorySegmentImpl#get():694 [Inlined code]
                              at org.apache.lucene.store.MemorySegmentIndexInput$SingleSegmentImpl#readByte():760 [Inlined code]
                              at org.apache.lucene.codecs.lucene90.Lucene90NormsProducer$3#longValue():397 [Inlined code]
                              at org.apache.lucene.index.NumericDocValues#longValues():105 [Inlined code]
                              at org.apache.lucene.index.NumericDocValues#longValues():84 [Inlined code]
                              at org.apache.lucene.codecs.lucene90.Lucene90NormsProducer$3#longValues():405 [Inlined code]
                              at org.apache.lucene.search.TermScorer#nextDocsAndScores():163 [JIT compiled code]
0.35%         425           org.apache.lucene.util.packed.DirectReader$DirectPackedReader20#get():322 [Inlined code]
                              at org.apache.lucene.codecs.lucene90.Lucene90DocValuesProducer$4#longValue():994 [Inlined code]
                              at org.apache.lucene.facet.taxonomy.FastTaxonomyFacetCounts#countAll():138 [JIT compiled code]
                              at org.apache.lucene.facet.taxonomy.FastTaxonomyFacetCounts#<init>():69 [Interpreted code]
                              at perf.SearchTask#go():282 [JIT compiled code]
                              at perf.UnparsedTask#go():57 [JIT compiled code]
                              at perf.TaskThreads$RunTask#call():81 [JIT compiled code]
                              at perf.TaskThreads$RunTask#call():64 [JIT compiled code]
                              at java.util.concurrent.FutureTask#run():328 [JIT compiled code]
                              at java.util.concurrent.ThreadPoolExecutor#runWorker():1090 [Interpreted code]
                              at java.util.concurrent.ThreadPoolExecutor$Worker#run():614 [Interpreted code]
                              at java.lang.Thread#runWith():1487 [Interpreted code]
0.34%         403           org.apache.lucene.facet.taxonomy.FastTaxonomyFacetCounts#countAll():125 [JIT compiled code]
                              at org.apache.lucene.facet.taxonomy.FastTaxonomyFacetCounts#<init>():69 [Interpreted code]
                              at perf.SearchTask#go():282 [Interpreted code]
                              at perf.UnparsedTask#go():57 [Interpreted code]
                              at perf.TaskThreads$RunTask#call():81 [Interpreted code]
                              at perf.TaskThreads$RunTask#call():64 [Interpreted code]
                              at java.util.concurrent.FutureTask#run():328 [JIT compiled code]
                              at java.util.concurrent.ThreadPoolExecutor#runWorker():1090 [Interpreted code]
                              at java.util.concurrent.ThreadPoolExecutor$Worker#run():614 [Interpreted code]
                              at java.lang.Thread#runWith():1487 [Interpreted code]
                              at java.lang.Thread#run():1474 [Interpreted code]
0.33%         401           org.apache.lucene.util.packed.DirectReader$DirectPackedReader20#get():322 [JIT compiled code]
                              at org.apache.lucene.codecs.lucene90.Lucene90DocValuesProducer$4#longValue():994 [Inlined code]
                              at org.apache.lucene.facet.taxonomy.FastTaxonomyFacetCounts#countAll():138 [JIT compiled code]
                              at org.apache.lucene.facet.taxonomy.FastTaxonomyFacetCounts#<init>():69 [Interpreted code]
                              at perf.SearchTask#go():282 [JIT compiled code]
                              at perf.UnparsedTask#go():57 [JIT compiled code]
                              at perf.TaskThreads$RunTask#call():81 [JIT compiled code]
                              at perf.TaskThreads$RunTask#call():64 [JIT compiled code]
                              at java.util.concurrent.FutureTask#run():328 [JIT compiled code]
                              at java.util.concurrent.ThreadPoolExecutor#runWorker():1090 [Interpreted code]
                              at java.util.concurrent.ThreadPoolExecutor$Worker#run():614 [Interpreted code]
                              at java.lang.Thread#runWith():1487 [Interpreted code]
0.33%         398           java.io.FileOutputStream#writeBytes() [Native code]
                              at java.io.FileOutputStream#traceWriteBytes():311 [Inlined code]
                              at java.io.FileOutputStream#write():349 [Inlined code]
                              at java.io.PrintStream#write():539 [Inlined code]
                              at sun.nio.cs.StreamEncoder#writeBytes():220 [Inlined code]
                              at sun.nio.cs.StreamEncoder#implFlushBuffer():315 [Inlined code]
                              at sun.nio.cs.StreamEncoder#flushBuffer():101 [Inlined code]
                              at java.io.OutputStreamWriter#flushBuffer():179 [Inlined code]
                              at java.io.PrintStream#writeln():690 [Inlined code]
                              at java.io.PrintStream#println():1004 [JIT compiled code]
                              at perf.SearchTask#printResults():776 [JIT compiled code]
                              at perf.UnparsedTask#printResults():85 [JIT compiled code]
0.33%         398           org.apache.lucene.facet.sortedset.SortedSetDocValuesFacetCounts#countOneSegmentNHLD():129 [JIT compiled code]
                              at org.apache.lucene.facet.sortedset.SortedSetDocValuesFacetCounts#countAll():322 [Interpreted code]
                              at org.apache.lucene.facet.sortedset.SortedSetDocValuesFacetCounts#<init>():73 [Interpreted code]
                              at org.apache.lucene.facet.sortedset.SortedSetDocValuesFacetCounts#<init>():63 [Interpreted code]
                              at perf.SearchTask#go():290 [Interpreted code]
                              at perf.UnparsedTask#go():57 [JIT compiled code]
                              at perf.TaskThreads$RunTask#call():81 [JIT compiled code]
                              at perf.TaskThreads$RunTask#call():64 [JIT compiled code]
                              at java.util.concurrent.FutureTask#run():328 [JIT compiled code]
                              at java.util.concurrent.ThreadPoolExecutor#runWorker():1090 [Interpreted code]
                              at java.util.concurrent.ThreadPoolExecutor$Worker#run():614 [Interpreted code]
                              at java.lang.Thread#runWith():1487 [Interpreted code]
0.32%         380           org.apache.lucene.codecs.lucene90.Lucene90DocValuesProducer$25#advance():2357 [Inlined code]
                              at org.apache.lucene.codecs.lucene90.Lucene90DocValuesProducer$25#nextDoc():2348 [Inlined code]
                              at org.apache.lucene.facet.sortedset.SortedSetDocValuesFacetCounts#countOneSegmentNHLD():135 [JIT compiled code]
                              at org.apache.lucene.facet.sortedset.SortedSetDocValuesFacetCounts#countAll():322 [Interpreted code]
                              at org.apache.lucene.facet.sortedset.SortedSetDocValuesFacetCounts#<init>():73 [Inlined code]
                              at org.apache.lucene.facet.sortedset.SortedSetDocValuesFacetCounts#<init>():63 [Inlined code]
                              at perf.SearchTask#go():290 [JIT compiled code]
                              at perf.UnparsedTask#go():57 [JIT compiled code]
                              at perf.TaskThreads$RunTask#call():81 [JIT compiled code]
                              at perf.TaskThreads$RunTask#call():64 [JIT compiled code]
                              at java.util.concurrent.FutureTask#run():328 [JIT compiled code]
                              at java.util.concurrent.ThreadPoolExecutor#runWorker():1090 [Interpreted code]
0.31%         371           org.apache.lucene.codecs.lucene90.Lucene90DocValuesProducer$20#ordValue():1501 [Inlined code]
                              at org.apache.lucene.facet.sortedset.SortedSetDocValuesFacetCounts#countOneSegmentNHLD():130 [JIT compiled code]
                              at org.apache.lucene.facet.sortedset.SortedSetDocValuesFacetCounts#countAll():322 [Interpreted code]
                              at org.apache.lucene.facet.sortedset.SortedSetDocValuesFacetCounts#<init>():73 [Interpreted code]
                              at org.apache.lucene.facet.sortedset.SortedSetDocValuesFacetCounts#<init>():63 [Interpreted code]
                              at perf.SearchTask#go():290 [Interpreted code]
                              at perf.UnparsedTask#go():57 [Interpreted code]
                              at perf.TaskThreads$RunTask#call():81 [Interpreted code]
                              at perf.TaskThreads$RunTask#call():64 [Interpreted code]
                              at java.util.concurrent.FutureTask#run():328 [JIT compiled code]
                              at java.util.concurrent.ThreadPoolExecutor#runWorker():1090 [Interpreted code]
                              at java.util.concurrent.ThreadPoolExecutor$Worker#run():614 [Interpreted code]
0.30%         365           org.apache.lucene.search.ConjunctionDISI#nextDoc():211 [Inlined code]
                              at org.apache.lucene.facet.taxonomy.FastTaxonomyFacetCounts#count():92 [JIT compiled code]
                              at org.apache.lucene.facet.taxonomy.FastTaxonomyFacetCounts#<init>():57 [Interpreted code]
                              at perf.SearchTask#go():310 [JIT compiled code]
                              at perf.UnparsedTask#go():57 [JIT compiled code]
                              at perf.TaskThreads$RunTask#call():81 [JIT compiled code]
                              at perf.TaskThreads$RunTask#call():64 [JIT compiled code]
                              at java.util.concurrent.FutureTask#run():328 [JIT compiled code]
                              at java.util.concurrent.ThreadPoolExecutor#runWorker():1090 [Interpreted code]
                              at java.util.concurrent.ThreadPoolExecutor$Worker#run():614 [Interpreted code]
                              at java.lang.Thread#runWith():1487 [Interpreted code]
                              at java.lang.Thread#run():1474 [Interpreted code]
0.30%         358           jdk.internal.foreign.MemorySessionImpl#checkValidStateRaw():200 [Inlined code]
                              at jdk.internal.misc.ScopedMemoryAccess#getShortUnalignedInternal():1789 [Inlined code]
                              at jdk.internal.misc.ScopedMemoryAccess#getShortUnaligned():1779 [Inlined code]
                              at java.lang.invoke.VarHandleSegmentAsShorts#get():60 [Inlined code]
                              at java.lang.invoke.VarHandleSegmentAsShorts#get():53 [Inlined code]
                              at java.lang.invoke.VarHandleGuards#guard_LJ_I():251 [Inlined code]
                              at jdk.internal.foreign.AbstractMemorySegmentImpl#get():730 [Inlined code]
                              at org.apache.lucene.store.MemorySegmentIndexInput$SingleSegmentImpl#readShort():782 [Inlined code]
                              at org.apache.lucene.util.packed.DirectReader$DirectPackedReader12#get():282 [JIT compiled code]
                              at org.apache.lucene.codecs.lucene90.Lucene90DocValuesProducer$25#nextOrd():2324 [Inlined code]
                              at org.apache.lucene.facet.sortedset.SortedSetDocValuesFacetCounts#countOneSegmentNHLD():137 [JIT compiled code]
                              at org.apache.lucene.facet.sortedset.SortedSetDocValuesFacetCounts#countAll():322 [Interpreted code]
0.30%         357           org.apache.lucene.util.packed.DirectMonotonicReader#get():138 [Inlined code]
                              at org.apache.lucene.codecs.lucene90.Lucene90DocValuesProducer$25#advance():2356 [Inlined code]
                              at org.apache.lucene.codecs.lucene90.Lucene90DocValuesProducer$25#nextDoc():2348 [Inlined code]
                              at org.apache.lucene.facet.sortedset.SortedSetDocValuesFacetCounts#countOneSegmentNHLD():135 [JIT compiled code]
                              at org.apache.lucene.facet.sortedset.SortedSetDocValuesFacetCounts#countAll():322 [Interpreted code]
                              at org.apache.lucene.facet.sortedset.SortedSetDocValuesFacetCounts#<init>():73 [Inlined code]
                              at org.apache.lucene.facet.sortedset.SortedSetDocValuesFacetCounts#<init>():63 [Inlined code]
                              at perf.SearchTask#go():290 [JIT compiled code]
                              at perf.UnparsedTask#go():57 [JIT compiled code]
                              at perf.TaskThreads$RunTask#call():81 [JIT compiled code]
                              at perf.TaskThreads$RunTask#call():64 [JIT compiled code]
                              at java.util.concurrent.FutureTask#run():328 [JIT compiled code]
0.28%         332           jdk.internal.foreign.AbstractMemorySegmentImpl#checkBounds():403 [Inlined code]
                              at jdk.internal.foreign.AbstractMemorySegmentImpl#checkAccess():357 [Inlined code]
                              at jdk.internal.foreign.AbstractMemorySegmentImpl#checkEnclosingLayout():362 [Inlined code]
                              at java.lang.invoke.SegmentVarHandle#checkSegment():92 [Inlined code]
                              at java.lang.invoke.VarHandleSegmentAsInts#get():59 [Inlined code]
                              at java.lang.invoke.VarHandleSegmentAsInts#get():53 [Inlined code]
                              at java.lang.invoke.VarHandleGuards#guard_LJ_I():251 [Inlined code]
                              at jdk.internal.foreign.AbstractMemorySegmentImpl#get():742 [Inlined code]
                              at org.apache.lucene.store.MemorySegmentIndexInput$SingleSegmentImpl#readInt():793 [Inlined code]
                              at org.apache.lucene.util.packed.DirectReader$DirectPackedReader20#get():322 [Inlined code]
                              at org.apache.lucene.codecs.lucene90.Lucene90DocValuesProducer$4#longValue():994 [Inlined code]
                              at org.apache.lucene.facet.taxonomy.FastTaxonomyFacetCounts#countAll():138 [JIT compiled code]
0.27%         328           org.apache.lucene.util.packed.DirectReader$DirectPackedReader12#get():282 [JIT compiled code]
                              at org.apache.lucene.codecs.lucene90.Lucene90DocValuesProducer$20#ordValue():1501 [Inlined code]
                              at org.apache.lucene.facet.sortedset.SortedSetDocValuesFacetCounts#countOneSegmentNHLD():130 [JIT compiled code]
                              at org.apache.lucene.facet.sortedset.SortedSetDocValuesFacetCounts#countAll():322 [Interpreted code]
                              at org.apache.lucene.facet.sortedset.SortedSetDocValuesFacetCounts#<init>():73 [Inlined code]
                              at org.apache.lucene.facet.sortedset.SortedSetDocValuesFacetCounts#<init>():63 [Inlined code]
                              at perf.SearchTask#go():290 [JIT compiled code]
                              at perf.UnparsedTask#go():57 [JIT compiled code]
                              at perf.TaskThreads$RunTask#call():81 [JIT compiled code]
                              at perf.TaskThreads$RunTask#call():64 [JIT compiled code]
                              at java.util.concurrent.FutureTask#run():328 [JIT compiled code]
                              at java.util.concurrent.ThreadPoolExecutor#runWorker():1090 [Interpreted code]
0.27%         325           org.apache.lucene.util.packed.DirectReader$DirectPackedReader4#get():242 [JIT compiled code]
                              at org.apache.lucene.codecs.lucene90.Lucene90DocValuesProducer$20#ordValue():1501 [Inlined code]
                              at org.apache.lucene.facet.sortedset.SortedSetDocValuesFacetCounts#countOneSegmentNHLD():130 [JIT compiled code]
                              at org.apache.lucene.facet.sortedset.SortedSetDocValuesFacetCounts#countAll():322 [Interpreted code]
                              at org.apache.lucene.facet.sortedset.SortedSetDocValuesFacetCounts#<init>():73 [Inlined code]
                              at org.apache.lucene.facet.sortedset.SortedSetDocValuesFacetCounts#<init>():63 [Inlined code]
                              at perf.SearchTask#go():290 [JIT compiled code]
                              at perf.UnparsedTask#go():57 [JIT compiled code]
                              at perf.TaskThreads$RunTask#call():81 [JIT compiled code]
                              at perf.TaskThreads$RunTask#call():64 [JIT compiled code]
                              at java.util.concurrent.FutureTask#run():328 [JIT compiled code]
                              at java.util.concurrent.ThreadPoolExecutor#runWorker():1090 [Interpreted code]
0.26%         311           org.apache.lucene.util.packed.DirectReader$DirectPackedReader12#get():280 [JIT compiled code]
                              at org.apache.lucene.codecs.lucene90.Lucene90DocValuesProducer$25#nextOrd():2324 [Inlined code]
                              at org.apache.lucene.facet.sortedset.SortedSetDocValuesFacetCounts#countOneSegmentNHLD():137 [JIT compiled code]
                              at org.apache.lucene.facet.sortedset.SortedSetDocValuesFacetCounts#countAll():322 [Interpreted code]
                              at org.apache.lucene.facet.sortedset.SortedSetDocValuesFacetCounts#<init>():73 [Inlined code]
                              at org.apache.lucene.facet.sortedset.SortedSetDocValuesFacetCounts#<init>():63 [Inlined code]
                              at perf.SearchTask#go():290 [JIT compiled code]
                              at perf.UnparsedTask#go():57 [JIT compiled code]
                              at perf.TaskThreads$RunTask#call():81 [JIT compiled code]
                              at perf.TaskThreads$RunTask#call():64 [JIT compiled code]
                              at java.util.concurrent.FutureTask#run():328 [JIT compiled code]
                              at java.util.concurrent.ThreadPoolExecutor#runWorker():1090 [Interpreted code]


CPU merged search profile for armA:
JFR aggregation command: /home/goankur/jdk/corretto-25/bin/java -server -Xms2g -Xmx2g --add-modules jdk.incubator.vector -XX:+HeapDumpOnOutOfMemoryError -XX:+UseParallelGC -cp /home/goankur/vsearch/bo/lucene-A/build-tools/build-infra/build/classes/java/main -Dtests.profile.mode=cpu -Dtests.profile.stacksize=12 -Dtests.profile.count=30 -Dtests.profile.linenumbers=true org.apache.lucene.gradle.plugins.java.ProfileResults /home/goankur/vsearch/logs/bench-search-FAG-armA-18.jfr /home/goankur/vsearch/logs/bench-search-FAG-armA-19.jfr /home/goankur/vsearch/logs/bench-search-FAG-armA-4.jfr /home/goankur/vsearch/logs/bench-search-FAG-armA-5.jfr /home/goankur/vsearch/logs/bench-search-FAG-armA-6.jfr /home/goankur/vsearch/logs/bench-search-FAG-armA-7.jfr /home/goankur/vsearch/logs/bench-search-FAG-armA-8.jfr /home/goankur/vsearch/logs/bench-search-FAG-armA-9.jfr /home/goankur/vsearch/logs/bench-search-FAG-armA-10.jfr /home/goankur/vsearch/logs/bench-search-FAG-armA-11.jfr /home/goankur/vsearch/logs/bench-search-FAG-armA-12.jfr /home/goankur/vsearch/logs/bench-search-FAG-armA-13.jfr /home/goankur/vsearch/logs/bench-search-FAG-armA-14.jfr /home/goankur/vsearch/logs/bench-search-FAG-armA-15.jfr /home/goankur/vsearch/logs/bench-search-FAG-armA-16.jfr /home/goankur/vsearch/logs/bench-search-FAG-armA-17.jfr /home/goankur/vsearch/logs/bench-search-FAG-armA-0.jfr /home/goankur/vsearch/logs/bench-search-FAG-armA-1.jfr /home/goankur/vsearch/logs/bench-search-FAG-armA-2.jfr /home/goankur/vsearch/logs/bench-search-FAG-armA-3.jfr
Took 2.15 seconds
WARNING: Using incubator modules: jdk.incubator.vector
PROFILE SUMMARY from 119747 events (total: 119747)
  tests.profile.mode=cpu
  tests.profile.count=30
  tests.profile.stacksize=12
  tests.profile.linenumbers=true
PERCENT       CPU SAMPLES   STACK
2.08%         2493          org.apache.lucene.facet.sortedset.SortedSetDocValuesFacetCounts#countOneSegmentNHLD():129 [JIT compiled code]
                              at org.apache.lucene.facet.sortedset.SortedSetDocValuesFacetCounts#countAll():322 [Interpreted code]
                              at org.apache.lucene.facet.sortedset.SortedSetDocValuesFacetCounts#<init>():73 [Inlined code]
                              at org.apache.lucene.facet.sortedset.SortedSetDocValuesFacetCounts#<init>():63 [Inlined code]
                              at perf.SearchTask#go():290 [JIT compiled code]
                              at perf.UnparsedTask#go():57 [JIT compiled code]
                              at perf.TaskThreads$RunTask#call():81 [JIT compiled code]
                              at perf.TaskThreads$RunTask#call():64 [JIT compiled code]
                              at java.util.concurrent.FutureTask#run():328 [JIT compiled code]
                              at java.util.concurrent.ThreadPoolExecutor#runWorker():1090 [Interpreted code]
                              at java.util.concurrent.ThreadPoolExecutor$Worker#run():614 [Interpreted code]
                              at java.lang.Thread#runWith():1487 [Interpreted code]
1.62%         1944          org.apache.lucene.facet.taxonomy.FastTaxonomyFacetCounts#countAll():125 [JIT compiled code]
                              at org.apache.lucene.facet.taxonomy.FastTaxonomyFacetCounts#<init>():69 [Interpreted code]
                              at perf.SearchTask#go():282 [JIT compiled code]
                              at perf.UnparsedTask#go():57 [JIT compiled code]
                              at perf.TaskThreads$RunTask#call():81 [JIT compiled code]
                              at perf.TaskThreads$RunTask#call():64 [JIT compiled code]
                              at java.util.concurrent.FutureTask#run():328 [JIT compiled code]
                              at java.util.concurrent.ThreadPoolExecutor#runWorker():1090 [Interpreted code]
                              at java.util.concurrent.ThreadPoolExecutor$Worker#run():614 [Interpreted code]
                              at java.lang.Thread#runWith():1487 [Interpreted code]
                              at java.lang.Thread#run():1474 [Interpreted code]
0.75%         900           org.apache.lucene.codecs.lucene90.Lucene90DocValuesProducer$20#ordValue():1501 [Inlined code]
                              at org.apache.lucene.facet.sortedset.SortedSetDocValuesFacetCounts#countOneSegmentNHLD():130 [JIT compiled code]
                              at org.apache.lucene.facet.sortedset.SortedSetDocValuesFacetCounts#countAll():322 [Interpreted code]
                              at org.apache.lucene.facet.sortedset.SortedSetDocValuesFacetCounts#<init>():73 [Inlined code]
                              at org.apache.lucene.facet.sortedset.SortedSetDocValuesFacetCounts#<init>():63 [Inlined code]
                              at perf.SearchTask#go():290 [JIT compiled code]
                              at perf.UnparsedTask#go():57 [JIT compiled code]
                              at perf.TaskThreads$RunTask#call():81 [JIT compiled code]
                              at perf.TaskThreads$RunTask#call():64 [JIT compiled code]
                              at java.util.concurrent.FutureTask#run():328 [JIT compiled code]
                              at java.util.concurrent.ThreadPoolExecutor#runWorker():1090 [Interpreted code]
                              at java.util.concurrent.ThreadPoolExecutor$Worker#run():614 [Interpreted code]
0.72%         867           org.apache.lucene.facet.sortedset.SortedSetDocValuesFacetCounts#countOneSegmentNHLD():129 [JIT compiled code]
                              at org.apache.lucene.facet.sortedset.SortedSetDocValuesFacetCounts#countAll():322 [Interpreted code]
                              at org.apache.lucene.facet.sortedset.SortedSetDocValuesFacetCounts#<init>():73 [Interpreted code]
                              at org.apache.lucene.facet.sortedset.SortedSetDocValuesFacetCounts#<init>():63 [Interpreted code]
                              at perf.SearchTask#go():290 [Interpreted code]
                              at perf.UnparsedTask#go():57 [Interpreted code]
                              at perf.TaskThreads$RunTask#call():81 [Interpreted code]
                              at perf.TaskThreads$RunTask#call():64 [Interpreted code]
                              at java.util.concurrent.FutureTask#run():328 [JIT compiled code]
                              at java.util.concurrent.ThreadPoolExecutor#runWorker():1090 [Interpreted code]
                              at java.util.concurrent.ThreadPoolExecutor$Worker#run():614 [Interpreted code]
                              at java.lang.Thread#runWith():1487 [Interpreted code]
0.66%         788           jdk.incubator.vector.Int256Vector$Int256Mask#trueCount():736 [Inlined code]
                              at org.apache.lucene.internal.vectorization.PanamaVectorUtilSupport#findNextGEQ():1190 [Inlined code]
                              at org.apache.lucene.util.VectorUtil#findNextGEQ():556 [Inlined code]
                              at org.apache.lucene.codecs.lucene104.Lucene104PostingsReader$BlockPostingsEnum#advance():936 [Inlined code]
                              at org.apache.lucene.search.WANDScorer#advanceTail():419 [Inlined code]
                              at org.apache.lucene.search.WANDScorer#advanceTail():433 [Inlined code]
                              at org.apache.lucene.search.WANDScorer$2#matches():349 [JIT compiled code]
                              at org.apache.lucene.search.Weight$DefaultBulkScorer#scoreTwoPhaseIterator():311 [JIT compiled code]
                              at org.apache.lucene.search.Weight$DefaultBulkScorer#score():282 [JIT compiled code]
                              at org.apache.lucene.search.IndexSearcher#searchLeaf():852 [Inlined code]
                              at org.apache.lucene.search.IndexSearcher#search():814 [Inlined code]
                              at org.apache.lucene.search.IndexSearcher#lambda$search$0():784 [Inlined code]
0.59%         712           org.apache.lucene.util.packed.DirectReader$DirectPackedReader12#get():282 [Inlined code]
                              at org.apache.lucene.codecs.lucene90.Lucene90DocValuesProducer$25#nextOrd():2324 [Inlined code]
                              at org.apache.lucene.facet.sortedset.SortedSetDocValuesFacetCounts#countOneSegmentNHLD():137 [JIT compiled code]
                              at org.apache.lucene.facet.sortedset.SortedSetDocValuesFacetCounts#countAll():322 [Interpreted code]
                              at org.apache.lucene.facet.sortedset.SortedSetDocValuesFacetCounts#<init>():73 [Inlined code]
                              at org.apache.lucene.facet.sortedset.SortedSetDocValuesFacetCounts#<init>():63 [Inlined code]
                              at perf.SearchTask#go():290 [JIT compiled code]
                              at perf.UnparsedTask#go():57 [JIT compiled code]
                              at perf.TaskThreads$RunTask#call():81 [JIT compiled code]
                              at perf.TaskThreads$RunTask#call():64 [JIT compiled code]
                              at java.util.concurrent.FutureTask#run():328 [JIT compiled code]
                              at java.util.concurrent.ThreadPoolExecutor#runWorker():1090 [Interpreted code]
0.56%         672           jdk.incubator.vector.Int256Vector$Int256Mask#trueCount():736 [Inlined code]
                              at org.apache.lucene.internal.vectorization.PanamaVectorUtilSupport#findNextGEQ():1190 [Inlined code]
                              at org.apache.lucene.util.VectorUtil#findNextGEQ():556 [Inlined code]
                              at org.apache.lucene.codecs.lucene104.Lucene104PostingsReader$BlockPostingsEnum#advance():936 [Inlined code]
                              at org.apache.lucene.search.WANDScorer#advanceTail():419 [Inlined code]
                              at org.apache.lucene.search.WANDScorer#advanceTail():433 [Inlined code]
                              at org.apache.lucene.search.WANDScorer$2#matches():349 [JIT compiled code]
                              at org.apache.lucene.search.Weight$DefaultBulkScorer#scoreTwoPhaseIterator():311 [JIT compiled code]
                              at org.apache.lucene.search.Weight$DefaultBulkScorer#score():282 [JIT compiled code]
                              at org.apache.lucene.search.IndexSearcher#searchLeaf():852 [JIT compiled code]
                              at org.apache.lucene.search.IndexSearcher#search():814 [JIT compiled code]
                              at org.apache.lucene.search.IndexSearcher#lambda$search$0():784 [Inlined code]
0.55%         664           jdk.internal.foreign.MemorySessionImpl#checkValidStateRaw():200 [Inlined code]
                              at jdk.internal.misc.ScopedMemoryAccess#getShortUnalignedInternal():1789 [Inlined code]
                              at jdk.internal.misc.ScopedMemoryAccess#getShortUnaligned():1779 [Inlined code]
                              at java.lang.invoke.VarHandleSegmentAsShorts#get():60 [Inlined code]
                              at java.lang.invoke.VarHandleSegmentAsShorts#get():53 [Inlined code]
                              at java.lang.invoke.VarHandleGuards#guard_LJ_I():251 [Inlined code]
                              at jdk.internal.foreign.AbstractMemorySegmentImpl#get():730 [Inlined code]
                              at org.apache.lucene.store.MemorySegmentIndexInput$SingleSegmentImpl#readShort():797 [Inlined code]
                              at org.apache.lucene.util.packed.DirectReader$DirectPackedReader12#get():282 [Inlined code]
                              at org.apache.lucene.codecs.lucene90.Lucene90DocValuesProducer$25#nextOrd():2324 [Inlined code]
                              at org.apache.lucene.facet.sortedset.SortedSetDocValuesFacetCounts#countOneSegmentNHLD():137 [JIT compiled code]
                              at org.apache.lucene.facet.sortedset.SortedSetDocValuesFacetCounts#countAll():322 [Interpreted code]
0.54%         644           org.apache.lucene.codecs.lucene90.Lucene90DocValuesProducer$25#nextOrd():2324 [Inlined code]
                              at org.apache.lucene.facet.sortedset.SortedSetDocValuesFacetCounts#countOneSegmentNHLD():137 [JIT compiled code]
                              at org.apache.lucene.facet.sortedset.SortedSetDocValuesFacetCounts#countAll():322 [Interpreted code]
                              at org.apache.lucene.facet.sortedset.SortedSetDocValuesFacetCounts#<init>():73 [Inlined code]
                              at org.apache.lucene.facet.sortedset.SortedSetDocValuesFacetCounts#<init>():63 [Inlined code]
                              at perf.SearchTask#go():290 [JIT compiled code]
                              at perf.UnparsedTask#go():57 [JIT compiled code]
                              at perf.TaskThreads$RunTask#call():81 [JIT compiled code]
                              at perf.TaskThreads$RunTask#call():64 [JIT compiled code]
                              at java.util.concurrent.FutureTask#run():328 [JIT compiled code]
                              at java.util.concurrent.ThreadPoolExecutor#runWorker():1090 [Interpreted code]
                              at java.util.concurrent.ThreadPoolExecutor$Worker#run():614 [Interpreted code]
0.50%         599           jdk.internal.foreign.MemorySessionImpl#checkValidStateRaw():200 [Inlined code]
                              at jdk.internal.misc.ScopedMemoryAccess#getIntUnalignedInternal():3169 [Inlined code]
                              at jdk.internal.misc.ScopedMemoryAccess#getIntUnaligned():3159 [Inlined code]
                              at java.lang.invoke.VarHandleSegmentAsInts#get():60 [Inlined code]
                              at java.lang.invoke.VarHandleSegmentAsInts#get():53 [Inlined code]
                              at java.lang.invoke.VarHandleGuards#guard_LJ_I():251 [Inlined code]
                              at jdk.internal.foreign.AbstractMemorySegmentImpl#get():742 [Inlined code]
                              at org.apache.lucene.store.MemorySegmentIndexInput$SingleSegmentImpl#readInt():808 [Inlined code]
                              at org.apache.lucene.util.packed.DirectReader$DirectPackedReader20#get():322 [Inlined code]
                              at org.apache.lucene.codecs.lucene90.Lucene90DocValuesProducer$4#longValue():994 [Inlined code]
                              at org.apache.lucene.facet.taxonomy.FastTaxonomyFacetCounts#countAll():138 [JIT compiled code]
                              at org.apache.lucene.facet.taxonomy.FastTaxonomyFacetCounts#<init>():69 [Interpreted code]
0.50%         594           org.apache.lucene.util.packed.DirectReader$DirectPackedReader12#get():282 [JIT compiled code]
                              at org.apache.lucene.codecs.lucene90.Lucene90DocValuesProducer$25#nextOrd():2324 [Inlined code]
                              at org.apache.lucene.facet.sortedset.SortedSetDocValuesFacetCounts#countOneSegmentNHLD():137 [JIT compiled code]
                              at org.apache.lucene.facet.sortedset.SortedSetDocValuesFacetCounts#countAll():322 [Interpreted code]
                              at org.apache.lucene.facet.sortedset.SortedSetDocValuesFacetCounts#<init>():73 [Inlined code]
                              at org.apache.lucene.facet.sortedset.SortedSetDocValuesFacetCounts#<init>():63 [Inlined code]
                              at perf.SearchTask#go():290 [JIT compiled code]
                              at perf.UnparsedTask#go():57 [JIT compiled code]
                              at perf.TaskThreads$RunTask#call():81 [JIT compiled code]
                              at perf.TaskThreads$RunTask#call():64 [JIT compiled code]
                              at java.util.concurrent.FutureTask#run():328 [JIT compiled code]
                              at java.util.concurrent.ThreadPoolExecutor#runWorker():1090 [Interpreted code]
0.45%         534           org.apache.lucene.codecs.lucene90.Lucene90DocValuesProducer$4#longValue():994 [Inlined code]
                              at org.apache.lucene.facet.taxonomy.FastTaxonomyFacetCounts#countAll():138 [JIT compiled code]
                              at org.apache.lucene.facet.taxonomy.FastTaxonomyFacetCounts#<init>():69 [Interpreted code]
                              at perf.SearchTask#go():282 [JIT compiled code]
                              at perf.UnparsedTask#go():57 [JIT compiled code]
                              at perf.TaskThreads$RunTask#call():81 [JIT compiled code]
                              at perf.TaskThreads$RunTask#call():64 [JIT compiled code]
                              at java.util.concurrent.FutureTask#run():328 [JIT compiled code]
                              at java.util.concurrent.ThreadPoolExecutor#runWorker():1090 [Interpreted code]
                              at java.util.concurrent.ThreadPoolExecutor$Worker#run():614 [Interpreted code]
                              at java.lang.Thread#runWith():1487 [Interpreted code]
                              at java.lang.Thread#run():1474 [Interpreted code]
0.45%         534           org.apache.lucene.facet.sortedset.SortedSetDocValuesFacetCounts#countOneSegmentNHLD():136 [JIT compiled code]
                              at org.apache.lucene.facet.sortedset.SortedSetDocValuesFacetCounts#countAll():322 [Interpreted code]
                              at org.apache.lucene.facet.sortedset.SortedSetDocValuesFacetCounts#<init>():73 [Inlined code]
                              at org.apache.lucene.facet.sortedset.SortedSetDocValuesFacetCounts#<init>():63 [Inlined code]
                              at perf.SearchTask#go():290 [JIT compiled code]
                              at perf.UnparsedTask#go():57 [JIT compiled code]
                              at perf.TaskThreads$RunTask#call():81 [JIT compiled code]
                              at perf.TaskThreads$RunTask#call():64 [JIT compiled code]
                              at java.util.concurrent.FutureTask#run():328 [JIT compiled code]
                              at java.util.concurrent.ThreadPoolExecutor#runWorker():1090 [Interpreted code]
                              at java.util.concurrent.ThreadPoolExecutor$Worker#run():614 [Interpreted code]
                              at java.lang.Thread#runWith():1487 [Interpreted code]
0.43%         515           org.apache.lucene.util.packed.DirectReader$DirectPackedReader20#get():322 [Inlined code]
                              at org.apache.lucene.codecs.lucene90.Lucene90DocValuesProducer$4#longValue():994 [Inlined code]
                              at org.apache.lucene.facet.taxonomy.FastTaxonomyFacetCounts#countAll():138 [JIT compiled code]
                              at org.apache.lucene.facet.taxonomy.FastTaxonomyFacetCounts#<init>():69 [Interpreted code]
                              at perf.SearchTask#go():282 [JIT compiled code]
                              at perf.UnparsedTask#go():57 [JIT compiled code]
                              at perf.TaskThreads$RunTask#call():81 [JIT compiled code]
                              at perf.TaskThreads$RunTask#call():64 [JIT compiled code]
                              at java.util.concurrent.FutureTask#run():328 [JIT compiled code]
                              at java.util.concurrent.ThreadPoolExecutor#runWorker():1090 [Interpreted code]
                              at java.util.concurrent.ThreadPoolExecutor$Worker#run():614 [Interpreted code]
                              at java.lang.Thread#runWith():1487 [Interpreted code]
0.38%         453           org.apache.lucene.codecs.lucene90.Lucene90DocValuesProducer$25#advance():2358 [Inlined code]
                              at org.apache.lucene.codecs.lucene90.Lucene90DocValuesProducer$25#nextDoc():2348 [Inlined code]
                              at org.apache.lucene.facet.sortedset.SortedSetDocValuesFacetCounts#countOneSegmentNHLD():135 [JIT compiled code]
                              at org.apache.lucene.facet.sortedset.SortedSetDocValuesFacetCounts#countAll():322 [Interpreted code]
                              at org.apache.lucene.facet.sortedset.SortedSetDocValuesFacetCounts#<init>():73 [Inlined code]
                              at org.apache.lucene.facet.sortedset.SortedSetDocValuesFacetCounts#<init>():63 [Inlined code]
                              at perf.SearchTask#go():290 [JIT compiled code]
                              at perf.UnparsedTask#go():57 [JIT compiled code]
                              at perf.TaskThreads$RunTask#call():81 [JIT compiled code]
                              at perf.TaskThreads$RunTask#call():64 [JIT compiled code]
                              at java.util.concurrent.FutureTask#run():328 [JIT compiled code]
                              at java.util.concurrent.ThreadPoolExecutor#runWorker():1090 [Interpreted code]
0.37%         443           java.io.FileOutputStream#writeBytes() [Native code]
                              at java.io.FileOutputStream#traceWriteBytes():311 [Inlined code]
                              at java.io.FileOutputStream#write():349 [Inlined code]
                              at java.io.PrintStream#write():539 [Inlined code]
                              at sun.nio.cs.StreamEncoder#writeBytes():220 [Inlined code]
                              at sun.nio.cs.StreamEncoder#implFlushBuffer():315 [Inlined code]
                              at sun.nio.cs.StreamEncoder#flushBuffer():101 [Inlined code]
                              at java.io.OutputStreamWriter#flushBuffer():179 [Inlined code]
                              at java.io.PrintStream#writeln():690 [Inlined code]
                              at java.io.PrintStream#println():1004 [JIT compiled code]
                              at perf.SearchTask#printResults():776 [JIT compiled code]
                              at perf.UnparsedTask#printResults():85 [JIT compiled code]
0.36%         434           jdk.internal.misc.ScopedMemoryAccess#getByteInternal():1100 [Inlined code]
                              at jdk.internal.misc.ScopedMemoryAccess#getByte():1088 [Inlined code]
                              at java.lang.invoke.VarHandleSegmentAsBytes#get():56 [Inlined code]
                              at java.lang.invoke.VarHandleSegmentAsBytes#get():49 [Inlined code]
                              at java.lang.invoke.VarHandleGuards#guard_LJ_I():251 [Inlined code]
                              at jdk.internal.foreign.AbstractMemorySegmentImpl#get():694 [Inlined code]
                              at org.apache.lucene.store.MemorySegmentIndexInput$SingleSegmentImpl#readByte():775 [Inlined code]
                              at org.apache.lucene.codecs.lucene90.Lucene90NormsProducer$3#longValue():397 [Inlined code]
                              at org.apache.lucene.index.NumericDocValues#longValues():105 [Inlined code]
                              at org.apache.lucene.index.NumericDocValues#longValues():84 [Inlined code]
                              at org.apache.lucene.codecs.lucene90.Lucene90NormsProducer$3#longValues():405 [Inlined code]
                              at org.apache.lucene.search.TermScorer#nextDocsAndScores():163 [JIT compiled code]
0.36%         433           org.apache.lucene.codecs.lucene90.Lucene90DocValuesProducer$25#advance():2356 [Inlined code]
                              at org.apache.lucene.codecs.lucene90.Lucene90DocValuesProducer$25#nextDoc():2348 [Inlined code]
                              at org.apache.lucene.facet.sortedset.SortedSetDocValuesFacetCounts#countOneSegmentNHLD():135 [JIT compiled code]
                              at org.apache.lucene.facet.sortedset.SortedSetDocValuesFacetCounts#countAll():322 [Interpreted code]
                              at org.apache.lucene.facet.sortedset.SortedSetDocValuesFacetCounts#<init>():73 [Inlined code]
                              at org.apache.lucene.facet.sortedset.SortedSetDocValuesFacetCounts#<init>():63 [Inlined code]
                              at perf.SearchTask#go():290 [JIT compiled code]
                              at perf.UnparsedTask#go():57 [JIT compiled code]
                              at perf.TaskThreads$RunTask#call():81 [JIT compiled code]
                              at perf.TaskThreads$RunTask#call():64 [JIT compiled code]
                              at java.util.concurrent.FutureTask#run():328 [JIT compiled code]
                              at java.util.concurrent.ThreadPoolExecutor#runWorker():1090 [Interpreted code]
0.35%         418           org.apache.lucene.facet.taxonomy.FastTaxonomyFacetCounts#countAll():125 [JIT compiled code]
                              at org.apache.lucene.facet.taxonomy.FastTaxonomyFacetCounts#<init>():69 [Interpreted code]
                              at perf.SearchTask#go():282 [Interpreted code]
                              at perf.UnparsedTask#go():57 [Interpreted code]
                              at perf.TaskThreads$RunTask#call():81 [Interpreted code]
                              at perf.TaskThreads$RunTask#call():64 [Interpreted code]
                              at java.util.concurrent.FutureTask#run():328 [JIT compiled code]
                              at java.util.concurrent.ThreadPoolExecutor#runWorker():1090 [Interpreted code]
                              at java.util.concurrent.ThreadPoolExecutor$Worker#run():614 [Interpreted code]
                              at java.lang.Thread#runWith():1487 [Interpreted code]
                              at java.lang.Thread#run():1474 [Interpreted code]
0.32%         389           org.apache.lucene.facet.sortedset.SortedSetDocValuesFacetCounts#countOneSegmentNHLD():129 [JIT compiled code]
                              at org.apache.lucene.facet.sortedset.SortedSetDocValuesFacetCounts#countAll():322 [Interpreted code]
                              at org.apache.lucene.facet.sortedset.SortedSetDocValuesFacetCounts#<init>():73 [Interpreted code]
                              at org.apache.lucene.facet.sortedset.SortedSetDocValuesFacetCounts#<init>():63 [Interpreted code]
                              at perf.SearchTask#go():290 [Interpreted code]
                              at perf.UnparsedTask#go():57 [JIT compiled code]
                              at perf.TaskThreads$RunTask#call():81 [JIT compiled code]
                              at perf.TaskThreads$RunTask#call():64 [JIT compiled code]
                              at java.util.concurrent.FutureTask#run():328 [JIT compiled code]
                              at java.util.concurrent.ThreadPoolExecutor#runWorker():1090 [Interpreted code]
                              at java.util.concurrent.ThreadPoolExecutor$Worker#run():614 [Interpreted code]
                              at java.lang.Thread#runWith():1487 [Interpreted code]
0.32%         388           org.apache.lucene.codecs.lucene90.Lucene90DocValuesProducer$25#advance():2357 [Inlined code]
                              at org.apache.lucene.codecs.lucene90.Lucene90DocValuesProducer$25#nextDoc():2348 [Inlined code]
                              at org.apache.lucene.facet.sortedset.SortedSetDocValuesFacetCounts#countOneSegmentNHLD():135 [JIT compiled code]
                              at org.apache.lucene.facet.sortedset.SortedSetDocValuesFacetCounts#countAll():322 [Interpreted code]
                              at org.apache.lucene.facet.sortedset.SortedSetDocValuesFacetCounts#<init>():73 [Inlined code]
                              at org.apache.lucene.facet.sortedset.SortedSetDocValuesFacetCounts#<init>():63 [Inlined code]
                              at perf.SearchTask#go():290 [JIT compiled code]
                              at perf.UnparsedTask#go():57 [JIT compiled code]
                              at perf.TaskThreads$RunTask#call():81 [JIT compiled code]
                              at perf.TaskThreads$RunTask#call():64 [JIT compiled code]
                              at java.util.concurrent.FutureTask#run():328 [JIT compiled code]
                              at java.util.concurrent.ThreadPoolExecutor#runWorker():1090 [Interpreted code]
0.30%         355           org.apache.lucene.codecs.lucene90.Lucene90DocValuesProducer$20#ordValue():1501 [Inlined code]
                              at org.apache.lucene.facet.sortedset.SortedSetDocValuesFacetCounts#countOneSegmentNHLD():130 [JIT compiled code]
                              at org.apache.lucene.facet.sortedset.SortedSetDocValuesFacetCounts#countAll():322 [Interpreted code]
                              at org.apache.lucene.facet.sortedset.SortedSetDocValuesFacetCounts#<init>():73 [Interpreted code]
                              at org.apache.lucene.facet.sortedset.SortedSetDocValuesFacetCounts#<init>():63 [Interpreted code]
                              at perf.SearchTask#go():290 [Interpreted code]
                              at perf.UnparsedTask#go():57 [Interpreted code]
                              at perf.TaskThreads$RunTask#call():81 [Interpreted code]
                              at perf.TaskThreads$RunTask#call():64 [Interpreted code]
                              at java.util.concurrent.FutureTask#run():328 [JIT compiled code]
                              at java.util.concurrent.ThreadPoolExecutor#runWorker():1090 [Interpreted code]
                              at java.util.concurrent.ThreadPoolExecutor$Worker#run():614 [Interpreted code]
0.29%         352           org.apache.lucene.search.ConjunctionDISI#nextDoc():211 [Inlined code]
                              at org.apache.lucene.facet.taxonomy.FastTaxonomyFacetCounts#count():92 [JIT compiled code]
                              at org.apache.lucene.facet.taxonomy.FastTaxonomyFacetCounts#<init>():57 [Interpreted code]
                              at perf.SearchTask#go():310 [JIT compiled code]
                              at perf.UnparsedTask#go():57 [JIT compiled code]
                              at perf.TaskThreads$RunTask#call():81 [JIT compiled code]
                              at perf.TaskThreads$RunTask#call():64 [JIT compiled code]
                              at java.util.concurrent.FutureTask#run():328 [JIT compiled code]
                              at java.util.concurrent.ThreadPoolExecutor#runWorker():1090 [Interpreted code]
                              at java.util.concurrent.ThreadPoolExecutor$Worker#run():614 [Interpreted code]
                              at java.lang.Thread#runWith():1487 [Interpreted code]
                              at java.lang.Thread#run():1474 [Interpreted code]
0.29%         344           org.apache.lucene.util.packed.DirectMonotonicReader#get():138 [Inlined code]
                              at org.apache.lucene.codecs.lucene90.Lucene90DocValuesProducer$25#advance():2356 [Inlined code]
                              at org.apache.lucene.codecs.lucene90.Lucene90DocValuesProducer$25#nextDoc():2348 [Inlined code]
                              at org.apache.lucene.facet.sortedset.SortedSetDocValuesFacetCounts#countOneSegmentNHLD():135 [JIT compiled code]
                              at org.apache.lucene.facet.sortedset.SortedSetDocValuesFacetCounts#countAll():322 [Interpreted code]
                              at org.apache.lucene.facet.sortedset.SortedSetDocValuesFacetCounts#<init>():73 [Inlined code]
                              at org.apache.lucene.facet.sortedset.SortedSetDocValuesFacetCounts#<init>():63 [Inlined code]
                              at perf.SearchTask#go():290 [JIT compiled code]
                              at perf.UnparsedTask#go():57 [JIT compiled code]
                              at perf.TaskThreads$RunTask#call():81 [JIT compiled code]
                              at perf.TaskThreads$RunTask#call():64 [JIT compiled code]
                              at java.util.concurrent.FutureTask#run():328 [JIT compiled code]
0.28%         330           jdk.internal.foreign.MemorySessionImpl#checkValidStateRaw():203 [Inlined code]
                              at jdk.internal.misc.ScopedMemoryAccess#getShortUnalignedInternal():1789 [Inlined code]
                              at jdk.internal.misc.ScopedMemoryAccess#getShortUnaligned():1779 [Inlined code]
                              at java.lang.invoke.VarHandleSegmentAsShorts#get():60 [Inlined code]
                              at java.lang.invoke.VarHandleSegmentAsShorts#get():53 [Inlined code]
                              at java.lang.invoke.VarHandleGuards#guard_LJ_I():251 [Inlined code]
                              at jdk.internal.foreign.AbstractMemorySegmentImpl#get():730 [Inlined code]
                              at org.apache.lucene.store.MemorySegmentIndexInput$SingleSegmentImpl#readShort():797 [Inlined code]
                              at org.apache.lucene.util.packed.DirectReader$DirectPackedReader12#get():282 [Inlined code]
                              at org.apache.lucene.codecs.lucene90.Lucene90DocValuesProducer$25#nextOrd():2324 [Inlined code]
                              at org.apache.lucene.facet.sortedset.SortedSetDocValuesFacetCounts#countOneSegmentNHLD():137 [JIT compiled code]
                              at org.apache.lucene.facet.sortedset.SortedSetDocValuesFacetCounts#countAll():322 [Interpreted code]
0.28%         330           org.apache.lucene.store.MemorySegmentIndexInput$SingleSegmentImpl#readInt():808 [Inlined code]
                              at org.apache.lucene.util.packed.DirectReader$DirectPackedReader20#get():322 [Inlined code]
                              at org.apache.lucene.codecs.lucene90.Lucene90DocValuesProducer$4#longValue():994 [Inlined code]
                              at org.apache.lucene.facet.taxonomy.FastTaxonomyFacetCounts#countAll():138 [JIT compiled code]
                              at org.apache.lucene.facet.taxonomy.FastTaxonomyFacetCounts#<init>():69 [Interpreted code]
                              at perf.SearchTask#go():282 [JIT compiled code]
                              at perf.UnparsedTask#go():57 [JIT compiled code]
                              at perf.TaskThreads$RunTask#call():81 [JIT compiled code]
                              at perf.TaskThreads$RunTask#call():64 [JIT compiled code]
                              at java.util.concurrent.FutureTask#run():328 [JIT compiled code]
                              at java.util.concurrent.ThreadPoolExecutor#runWorker():1090 [Interpreted code]
                              at java.util.concurrent.ThreadPoolExecutor$Worker#run():614 [Interpreted code]
0.27%         324           jdk.internal.foreign.MemorySessionImpl#checkValidStateRaw():200 [Inlined code]
                              at jdk.internal.misc.ScopedMemoryAccess#getShortUnalignedInternal():1789 [Inlined code]
                              at jdk.internal.misc.ScopedMemoryAccess#getShortUnaligned():1779 [Inlined code]
                              at java.lang.invoke.VarHandleSegmentAsShorts#get():60 [Inlined code]
                              at java.lang.invoke.VarHandleSegmentAsShorts#get():53 [Inlined code]
                              at java.lang.invoke.VarHandleGuards#guard_LJ_I():251 [Inlined code]
                              at jdk.internal.foreign.AbstractMemorySegmentImpl#get():730 [Inlined code]
                              at org.apache.lucene.store.MemorySegmentIndexInput$SingleSegmentImpl#readShort():797 [Inlined code]
                              at org.apache.lucene.util.packed.DirectReader$DirectPackedReader12#get():282 [JIT compiled code]
                              at org.apache.lucene.codecs.lucene90.Lucene90DocValuesProducer$25#nextOrd():2324 [Inlined code]
                              at org.apache.lucene.facet.sortedset.SortedSetDocValuesFacetCounts#countOneSegmentNHLD():137 [JIT compiled code]
                              at org.apache.lucene.facet.sortedset.SortedSetDocValuesFacetCounts#countAll():322 [Interpreted code]
0.27%         320           jdk.internal.foreign.MemorySessionImpl#checkValidStateRaw():200 [Inlined code]
                              at jdk.internal.misc.ScopedMemoryAccess#getByteInternal():1098 [Inlined code]
                              at jdk.internal.misc.ScopedMemoryAccess#getByte():1088 [Inlined code]
                              at java.lang.invoke.VarHandleSegmentAsBytes#get():56 [Inlined code]
                              at java.lang.invoke.VarHandleSegmentAsBytes#get():49 [Inlined code]
                              at java.lang.invoke.VarHandleGuards#guard_LJ_I():251 [Inlined code]
                              at jdk.internal.foreign.AbstractMemorySegmentImpl#get():694 [Inlined code]
                              at org.apache.lucene.store.MemorySegmentIndexInput$SingleSegmentImpl#readByte():775 [Inlined code]
                              at org.apache.lucene.util.packed.DirectReader$DirectPackedReader4#get():242 [Inlined code]
                              at org.apache.lucene.codecs.lucene90.Lucene90DocValuesProducer$20#ordValue():1501 [Inlined code]
                              at org.apache.lucene.facet.sortedset.SortedSetDocValuesFacetCounts#countOneSegmentNHLD():130 [JIT compiled code]
                              at org.apache.lucene.facet.sortedset.SortedSetDocValuesFacetCounts#countAll():322 [Interpreted code]
0.26%         316           org.apache.lucene.util.packed.DirectReader$DirectPackedReader12#get():282 [JIT compiled code]
                              at org.apache.lucene.codecs.lucene90.Lucene90DocValuesProducer$20#ordValue():1501 [Inlined code]
                              at org.apache.lucene.facet.sortedset.SortedSetDocValuesFacetCounts#countOneSegmentNHLD():130 [JIT compiled code]
                              at org.apache.lucene.facet.sortedset.SortedSetDocValuesFacetCounts#countAll():322 [Interpreted code]
                              at org.apache.lucene.facet.sortedset.SortedSetDocValuesFacetCounts#<init>():73 [Inlined code]
                              at org.apache.lucene.facet.sortedset.SortedSetDocValuesFacetCounts#<init>():63 [Inlined code]
                              at perf.SearchTask#go():290 [JIT compiled code]
                              at perf.UnparsedTask#go():57 [JIT compiled code]
                              at perf.TaskThreads$RunTask#call():81 [JIT compiled code]
                              at perf.TaskThreads$RunTask#call():64 [JIT compiled code]
                              at java.util.concurrent.FutureTask#run():328 [JIT compiled code]
                              at java.util.concurrent.ThreadPoolExecutor#runWorker():1090 [Interpreted code]
0.26%         314           org.apache.lucene.util.packed.DirectReader$DirectPackedReader4#get():242 [JIT compiled code]
                              at org.apache.lucene.codecs.lucene90.Lucene90DocValuesProducer$20#ordValue():1501 [Inlined code]
                              at org.apache.lucene.facet.sortedset.SortedSetDocValuesFacetCounts#countOneSegmentNHLD():130 [JIT compiled code]
                              at org.apache.lucene.facet.sortedset.SortedSetDocValuesFacetCounts#countAll():322 [Interpreted code]
                              at org.apache.lucene.facet.sortedset.SortedSetDocValuesFacetCounts#<init>():73 [Inlined code]
                              at org.apache.lucene.facet.sortedset.SortedSetDocValuesFacetCounts#<init>():63 [Inlined code]
                              at perf.SearchTask#go():290 [JIT compiled code]
                              at perf.UnparsedTask#go():57 [JIT compiled code]
                              at perf.TaskThreads$RunTask#call():81 [JIT compiled code]
                              at perf.TaskThreads$RunTask#call():64 [JIT compiled code]
                              at java.util.concurrent.FutureTask#run():328 [JIT compiled code]
                              at java.util.concurrent.ThreadPoolExecutor#runWorker():1090 [Interpreted code]


HEAP merged search profile for armG:
JFR aggregation command: /home/goankur/jdk/corretto-25/bin/java -server -Xms2g -Xmx2g --add-modules jdk.incubator.vector -XX:+HeapDumpOnOutOfMemoryError -XX:+UseParallelGC -cp /home/goankur/vsearch/bo/lucene-G/build-tools/build-infra/build/classes/java/main -Dtests.profile.mode=heap -Dtests.profile.stacksize=12 -Dtests.profile.count=30 -Dtests.profile.linenumbers=true org.apache.lucene.gradle.plugins.java.ProfileResults /home/goankur/vsearch/logs/bench-search-FAG-armG-19.jfr /home/goankur/vsearch/logs/bench-search-FAG-armG-5.jfr /home/goankur/vsearch/logs/bench-search-FAG-armG-6.jfr /home/goankur/vsearch/logs/bench-search-FAG-armG-7.jfr /home/goankur/vsearch/logs/bench-search-FAG-armG-8.jfr /home/goankur/vsearch/logs/bench-search-FAG-armG-9.jfr /home/goankur/vsearch/logs/bench-search-FAG-armG-10.jfr /home/goankur/vsearch/logs/bench-search-FAG-armG-11.jfr /home/goankur/vsearch/logs/bench-search-FAG-armG-12.jfr /home/goankur/vsearch/logs/bench-search-FAG-armG-13.jfr /home/goankur/vsearch/logs/bench-search-FAG-armG-14.jfr /home/goankur/vsearch/logs/bench-search-FAG-armG-15.jfr /home/goankur/vsearch/logs/bench-search-FAG-armG-16.jfr /home/goankur/vsearch/logs/bench-search-FAG-armG-17.jfr /home/goankur/vsearch/logs/bench-search-FAG-armG-18.jfr /home/goankur/vsearch/logs/bench-search-FAG-armG-1.jfr /home/goankur/vsearch/logs/bench-search-FAG-armG-2.jfr /home/goankur/vsearch/logs/bench-search-FAG-armG-3.jfr /home/goankur/vsearch/logs/bench-search-FAG-armG-4.jfr /home/goankur/vsearch/logs/bench-search-FAG-armG-0.jfr
Took 1.63 seconds
WARNING: Using incubator modules: jdk.incubator.vector
PROFILE SUMMARY from 59825 events (total: 73281M)
  tests.profile.mode=heap
  tests.profile.count=30
  tests.profile.stacksize=12
  tests.profile.linenumbers=true
PERCENT       HEAP SAMPLES  STACK
3.60%         2635M         org.apache.lucene.facet.taxonomy.TaxonomyFacets#initializeValueCounters():134 [Inlined code]
                              at org.apache.lucene.facet.taxonomy.FastTaxonomyFacetCounts#countAll():127 [JIT compiled code]
                              at org.apache.lucene.facet.taxonomy.FastTaxonomyFacetCounts#<init>():69 [Interpreted code]
                              at perf.SearchTask#go():282 [JIT compiled code]
                              at perf.UnparsedTask#go():57 [JIT compiled code]
                              at perf.TaskThreads$RunTask#call():81 [JIT compiled code]
                              at perf.TaskThreads$RunTask#call():64 [JIT compiled code]
                              at java.util.concurrent.FutureTask#run():328 [JIT compiled code]
                              at java.util.concurrent.ThreadPoolExecutor#runWorker():1090 [Interpreted code]
                              at java.util.concurrent.ThreadPoolExecutor$Worker#run():614 [Interpreted code]
                              at java.lang.Thread#runWith():1487 [Interpreted code]
                              at java.lang.Thread#run():1474 [Interpreted code]
3.47%         2540M         org.apache.lucene.util.ArrayUtil#growExact():436 [Inlined code]
                              at org.apache.lucene.util.ArrayUtil#grow():448 [Inlined code]
                              at org.apache.lucene.codecs.lucene90.LZ4WithPresetDictCompressionMode$LZ4WithPresetDictDecompressor#decompress():132 [JIT compiled code]
                              at org.apache.lucene.codecs.lucene90.compressing.Lucene90CompressingStoredFieldsReader$BlockState#document():641 [JIT compiled code]
                              at org.apache.lucene.codecs.lucene90.compressing.Lucene90CompressingStoredFieldsReader#serializedDocument():673 [Inlined code]
                              at org.apache.lucene.codecs.lucene90.compressing.Lucene90CompressingStoredFieldsReader#document():691 [JIT compiled code]
                              at org.apache.lucene.index.CodecReader$1#document():101 [Inlined code]
                              at org.apache.lucene.index.BaseCompositeReader$2#document():190 [JIT compiled code]
                              at org.apache.lucene.index.StoredFields#document():68 [Inlined code]
                              at perf.SearchTask#printResults():776 [JIT compiled code]
                              at perf.UnparsedTask#printResults():85 [JIT compiled code]
                              at perf.SearchPerfTest#_main():770 [Interpreted code]
1.82%         1336M         org.apache.lucene.facet.sortedset.SortedSetDocValuesFacetCounts#countOneSegmentNHLD():125 [JIT compiled code]
                              at org.apache.lucene.facet.sortedset.SortedSetDocValuesFacetCounts#countAll():322 [Interpreted code]
                              at org.apache.lucene.facet.sortedset.SortedSetDocValuesFacetCounts#<init>():73 [Inlined code]
                              at org.apache.lucene.facet.sortedset.SortedSetDocValuesFacetCounts#<init>():63 [Inlined code]
                              at perf.SearchTask#go():290 [JIT compiled code]
                              at perf.UnparsedTask#go():57 [JIT compiled code]
                              at perf.TaskThreads$RunTask#call():81 [JIT compiled code]
                              at perf.TaskThreads$RunTask#call():64 [JIT compiled code]
                              at java.util.concurrent.FutureTask#run():328 [JIT compiled code]
                              at java.util.concurrent.ThreadPoolExecutor#runWorker():1090 [Interpreted code]
                              at java.util.concurrent.ThreadPoolExecutor$Worker#run():614 [Interpreted code]
                              at java.lang.Thread#runWith():1487 [Interpreted code]
1.17%         859M          org.apache.lucene.util.ArrayUtil#growNoCopy():423 [Inlined code]
                              at org.apache.lucene.codecs.lucene90.compressing.Lucene90CompressingStoredFieldsReader$BlockState#doReset():503 [JIT compiled code]
                              at org.apache.lucene.codecs.lucene90.compressing.Lucene90CompressingStoredFieldsReader$BlockState#reset():472 [Inlined code]
                              at org.apache.lucene.codecs.lucene90.compressing.Lucene90CompressingStoredFieldsReader#serializedDocument():670 [Inlined code]
                              at org.apache.lucene.codecs.lucene90.compressing.Lucene90CompressingStoredFieldsReader#document():691 [JIT compiled code]
                              at org.apache.lucene.index.CodecReader$1#document():101 [Inlined code]
                              at org.apache.lucene.index.BaseCompositeReader$2#document():190 [JIT compiled code]
                              at org.apache.lucene.index.StoredFields#document():68 [Inlined code]
                              at perf.SearchTask#printResults():776 [JIT compiled code]
                              at perf.UnparsedTask#printResults():85 [JIT compiled code]
                              at perf.SearchPerfTest#_main():770 [Interpreted code]
                              at perf.SearchPerfTest#main():145 [Interpreted code]
1.13%         825M          org.apache.lucene.util.ArrayUtil#growNoCopy():459 [Inlined code]
                              at org.apache.lucene.codecs.lucene90.LZ4WithPresetDictCompressionMode$LZ4WithPresetDictDecompressor#decompress():102 [JIT compiled code]
                              at org.apache.lucene.codecs.lucene90.compressing.Lucene90CompressingStoredFieldsReader$BlockState#document():641 [JIT compiled code]
                              at org.apache.lucene.codecs.lucene90.compressing.Lucene90CompressingStoredFieldsReader#serializedDocument():673 [Inlined code]
                              at org.apache.lucene.codecs.lucene90.compressing.Lucene90CompressingStoredFieldsReader#document():691 [JIT compiled code]
                              at org.apache.lucene.index.CodecReader$1#document():101 [Inlined code]
                              at org.apache.lucene.index.BaseCompositeReader$2#document():190 [JIT compiled code]
                              at org.apache.lucene.index.StoredFields#document():68 [Inlined code]
                              at perf.SearchTask#printResults():776 [JIT compiled code]
                              at perf.UnparsedTask#printResults():85 [JIT compiled code]
                              at perf.SearchPerfTest#_main():770 [Interpreted code]
                              at perf.SearchPerfTest#main():145 [Interpreted code]
1.04%         760M          org.apache.lucene.util.ArrayUtil#growExact():436 [Inlined code]
                              at org.apache.lucene.util.ArrayUtil#grow():448 [Inlined code]
                              at org.apache.lucene.codecs.lucene90.LZ4WithPresetDictCompressionMode$LZ4WithPresetDictDecompressor#decompress():132 [JIT compiled code]
                              at org.apache.lucene.codecs.lucene90.compressing.Lucene90CompressingStoredFieldsReader$BlockState#document():641 [JIT compiled code]
                              at org.apache.lucene.codecs.lucene90.compressing.Lucene90CompressingStoredFieldsReader#serializedDocument():673 [Inlined code]
                              at org.apache.lucene.codecs.lucene90.compressing.Lucene90CompressingStoredFieldsReader#document():691 [JIT compiled code]
                              at org.apache.lucene.index.CodecReader$1#document():101 [Inlined code]
                              at org.apache.lucene.index.BaseCompositeReader$2#document():190 [Inlined code]
                              at org.apache.lucene.index.StoredFields#document():68 [Inlined code]
                              at perf.SearchTask#printResults():776 [JIT compiled code]
                              at perf.UnparsedTask#printResults():85 [JIT compiled code]
                              at perf.SearchPerfTest#_main():770 [Interpreted code]
0.98%         714M          org.apache.lucene.util.ArrayUtil#growNoCopy():423 [Inlined code]
                              at org.apache.lucene.codecs.lucene90.compressing.Lucene90CompressingStoredFieldsReader$BlockState#doReset():504 [JIT compiled code]
                              at org.apache.lucene.codecs.lucene90.compressing.Lucene90CompressingStoredFieldsReader$BlockState#reset():472 [Inlined code]
                              at org.apache.lucene.codecs.lucene90.compressing.Lucene90CompressingStoredFieldsReader#serializedDocument():670 [Inlined code]
                              at org.apache.lucene.codecs.lucene90.compressing.Lucene90CompressingStoredFieldsReader#document():691 [JIT compiled code]
                              at org.apache.lucene.index.CodecReader$1#document():101 [Inlined code]
                              at org.apache.lucene.index.BaseCompositeReader$2#document():190 [JIT compiled code]
                              at org.apache.lucene.index.StoredFields#document():68 [Inlined code]
                              at perf.SearchTask#printResults():776 [JIT compiled code]
                              at perf.UnparsedTask#printResults():85 [JIT compiled code]
                              at perf.SearchPerfTest#_main():770 [Interpreted code]
                              at perf.SearchPerfTest#main():145 [Interpreted code]
0.95%         695M          org.apache.lucene.facet.taxonomy.TaxonomyFacets#initializeValueCounters():134 [Inlined code]
                              at org.apache.lucene.facet.taxonomy.FastTaxonomyFacetCounts#countAll():127 [JIT compiled code]
                              at org.apache.lucene.facet.taxonomy.FastTaxonomyFacetCounts#<init>():69 [Interpreted code]
                              at perf.SearchTask#go():282 [Interpreted code]
                              at perf.UnparsedTask#go():57 [Interpreted code]
                              at perf.TaskThreads$RunTask#call():81 [Interpreted code]
                              at perf.TaskThreads$RunTask#call():64 [Interpreted code]
                              at java.util.concurrent.FutureTask#run():328 [JIT compiled code]
                              at java.util.concurrent.ThreadPoolExecutor#runWorker():1090 [Interpreted code]
                              at java.util.concurrent.ThreadPoolExecutor$Worker#run():614 [Interpreted code]
                              at java.lang.Thread#runWith():1487 [Interpreted code]
                              at java.lang.Thread#run():1474 [Interpreted code]
0.91%         663M          org.apache.lucene.facet.taxonomy.TaxonomyFacets#initializeValueCounters():134 [Inlined code]
                              at org.apache.lucene.facet.taxonomy.FastTaxonomyFacetCounts#count():82 [JIT compiled code]
                              at org.apache.lucene.facet.taxonomy.FastTaxonomyFacetCounts#<init>():57 [Interpreted code]
                              at perf.SearchTask#go():310 [JIT compiled code]
                              at perf.UnparsedTask#go():57 [JIT compiled code]
                              at perf.TaskThreads$RunTask#call():81 [JIT compiled code]
                              at perf.TaskThreads$RunTask#call():64 [JIT compiled code]
                              at java.util.concurrent.FutureTask#run():328 [JIT compiled code]
                              at java.util.concurrent.ThreadPoolExecutor#runWorker():1090 [Interpreted code]
                              at java.util.concurrent.ThreadPoolExecutor$Worker#run():614 [Interpreted code]
                              at java.lang.Thread#runWith():1487 [Interpreted code]
                              at java.lang.Thread#run():1474 [Interpreted code]
0.90%         659M          org.apache.lucene.facet.sortedset.SortedSetDocValuesFacetCounts#initializeCounts():81 [Inlined code]
                              at org.apache.lucene.facet.sortedset.SortedSetDocValuesFacetCounts#countOneSegmentNHLD():105 [JIT compiled code]
                              at org.apache.lucene.facet.sortedset.SortedSetDocValuesFacetCounts#countAll():322 [Interpreted code]
                              at org.apache.lucene.facet.sortedset.SortedSetDocValuesFacetCounts#<init>():73 [Inlined code]
                              at org.apache.lucene.facet.sortedset.SortedSetDocValuesFacetCounts#<init>():63 [Inlined code]
                              at perf.SearchTask#go():290 [JIT compiled code]
                              at perf.UnparsedTask#go():57 [JIT compiled code]
                              at perf.TaskThreads$RunTask#call():81 [JIT compiled code]
                              at perf.TaskThreads$RunTask#call():64 [JIT compiled code]
                              at java.util.concurrent.FutureTask#run():328 [JIT compiled code]
                              at java.util.concurrent.ThreadPoolExecutor#runWorker():1090 [Interpreted code]
                              at java.util.concurrent.ThreadPoolExecutor$Worker#run():614 [Interpreted code]
0.79%         580M          org.apache.lucene.util.ArrayUtil#growExact():436 [Inlined code]
                              at org.apache.lucene.util.ArrayUtil#grow():448 [Inlined code]
                              at org.apache.lucene.codecs.lucene90.LZ4WithPresetDictCompressionMode$LZ4WithPresetDictDecompressor#decompress():132 [JIT compiled code]
                              at org.apache.lucene.codecs.lucene90.compressing.Lucene90CompressingStoredFieldsReader$BlockState#document():641 [JIT compiled code]
                              at org.apache.lucene.codecs.lucene90.compressing.Lucene90CompressingStoredFieldsReader#serializedDocument():673 [Inlined code]
                              at org.apache.lucene.codecs.lucene90.compressing.Lucene90CompressingStoredFieldsReader#document():691 [JIT compiled code]
                              at org.apache.lucene.index.CodecReader$1#document():101 [Inlined code]
                              at org.apache.lucene.index.BaseCompositeReader$2#document():190 [JIT compiled code]
                              at org.apache.lucene.index.StoredFields#document():68 [Inlined code]
                              at perf.SearchTask#printResults():776 [JIT compiled code]
                              at perf.UnparsedTask#printResults():85 [Interpreted code]
                              at perf.SearchPerfTest#_main():770 [Interpreted code]
0.68%         499M          org.apache.lucene.util.FixedBitSet#<init>():148 [Inlined code]
                              at org.apache.lucene.codecs.lucene104.Lucene104PostingsReader$BlockPostingsEnum#<init>():307 [JIT compiled code]
                              at org.apache.lucene.codecs.lucene104.Lucene104PostingsReader#postings():260 [Inlined code]
                              at org.apache.lucene.codecs.lucene103.blocktree.SegmentTermsEnum#postings():1010 [JIT compiled code]
                              at org.apache.lucene.search.comparators.TermOrdValComparator$PostingsBasedCompetitiveState#init():660 [JIT compiled code]
                              at org.apache.lucene.search.comparators.TermOrdValComparator$PostingsBasedCompetitiveState#update():615 [Inlined code]
                              at org.apache.lucene.search.comparators.TermOrdValComparator$TermOrdValLeafComparator#updateCompetitiveIterator():500 [JIT compiled code]
                              at org.apache.lucene.search.comparators.TermOrdValComparator$TermOrdValLeafComparator#<init>():293 [JIT compiled code]
                              at org.apache.lucene.search.comparators.TermOrdValComparator#getLeafComparator():171 [JIT compiled code]
                              at org.apache.lucene.search.FieldValueHitQueue#getComparators():172 [JIT compiled code]
                              at org.apache.lucene.search.TopFieldCollector$TopFieldLeafCollector#<init>():60 [JIT compiled code]
                              at org.apache.lucene.search.TopFieldCollector$SimpleFieldCollector$1#<init>():200 [JIT compiled code]
0.66%         484M          org.apache.lucene.codecs.lucene104.Lucene104PostingsReader$BlockPostingsEnum#<init>():302 [JIT compiled code]
                              at org.apache.lucene.codecs.lucene104.Lucene104PostingsReader#postings():260 [Inlined code]
                              at org.apache.lucene.codecs.lucene103.blocktree.SegmentTermsEnum#postings():1010 [JIT compiled code]
                              at org.apache.lucene.search.comparators.TermOrdValComparator$PostingsBasedCompetitiveState#init():660 [JIT compiled code]
                              at org.apache.lucene.search.comparators.TermOrdValComparator$PostingsBasedCompetitiveState#update():615 [Inlined code]
                              at org.apache.lucene.search.comparators.TermOrdValComparator$TermOrdValLeafComparator#updateCompetitiveIterator():500 [JIT compiled code]
                              at org.apache.lucene.search.comparators.TermOrdValComparator$TermOrdValLeafComparator#<init>():293 [JIT compiled code]
                              at org.apache.lucene.search.comparators.TermOrdValComparator#getLeafComparator():171 [JIT compiled code]
                              at org.apache.lucene.search.FieldValueHitQueue#getComparators():172 [JIT compiled code]
                              at org.apache.lucene.search.TopFieldCollector$TopFieldLeafCollector#<init>():60 [JIT compiled code]
                              at org.apache.lucene.search.TopFieldCollector$SimpleFieldCollector$1#<init>():200 [JIT compiled code]
                              at org.apache.lucene.search.TopFieldCollector$SimpleFieldCollector#getLeafCollector():199 [JIT compiled code]
0.62%         451M          perf.TaskThreads$TaskThread#run():156 [Interpreted code]
0.61%         446M          org.apache.lucene.codecs.lucene104.Lucene104PostingsReader$BlockPostingsEnum#<init>():335 [JIT compiled code]
                              at org.apache.lucene.codecs.lucene104.Lucene104PostingsReader#postings():260 [Inlined code]
                              at org.apache.lucene.codecs.lucene103.blocktree.SegmentTermsEnum#postings():1010 [JIT compiled code]
                              at org.apache.lucene.search.comparators.TermOrdValComparator$PostingsBasedCompetitiveState#init():660 [JIT compiled code]
                              at org.apache.lucene.search.comparators.TermOrdValComparator$PostingsBasedCompetitiveState#update():615 [Inlined code]
                              at org.apache.lucene.search.comparators.TermOrdValComparator$TermOrdValLeafComparator#updateCompetitiveIterator():500 [JIT compiled code]
                              at org.apache.lucene.search.comparators.TermOrdValComparator$TermOrdValLeafComparator#<init>():293 [JIT compiled code]
                              at org.apache.lucene.search.comparators.TermOrdValComparator#getLeafComparator():171 [JIT compiled code]
                              at org.apache.lucene.search.FieldValueHitQueue#getComparators():172 [JIT compiled code]
                              at org.apache.lucene.search.TopFieldCollector$TopFieldLeafCollector#<init>():60 [JIT compiled code]
                              at org.apache.lucene.search.TopFieldCollector$SimpleFieldCollector$1#<init>():200 [JIT compiled code]
                              at org.apache.lucene.search.TopFieldCollector$SimpleFieldCollector#getLeafCollector():199 [JIT compiled code]
0.59%         430M          org.apache.lucene.facet.sortedset.SortedSetDocValuesFacetCounts#countOneSegmentNHLD():125 [JIT compiled code]
                              at org.apache.lucene.facet.sortedset.SortedSetDocValuesFacetCounts#countAll():322 [Interpreted code]
                              at org.apache.lucene.facet.sortedset.SortedSetDocValuesFacetCounts#<init>():73 [Interpreted code]
                              at org.apache.lucene.facet.sortedset.SortedSetDocValuesFacetCounts#<init>():63 [Interpreted code]
                              at perf.SearchTask#go():290 [Interpreted code]
                              at perf.UnparsedTask#go():57 [Interpreted code]
                              at perf.TaskThreads$RunTask#call():81 [Interpreted code]
                              at perf.TaskThreads$RunTask#call():64 [Interpreted code]
                              at java.util.concurrent.FutureTask#run():328 [JIT compiled code]
                              at java.util.concurrent.ThreadPoolExecutor#runWorker():1090 [Interpreted code]
                              at java.util.concurrent.ThreadPoolExecutor$Worker#run():614 [Interpreted code]
                              at java.lang.Thread#runWith():1487 [Interpreted code]
0.54%         397M          org.apache.lucene.facet.taxonomy.TaxonomyFacets#initializeValueCounters():134 [Inlined code]
                              at org.apache.lucene.facet.taxonomy.FastTaxonomyFacetCounts#countAll():127 [JIT compiled code]
                              at org.apache.lucene.facet.taxonomy.FastTaxonomyFacetCounts#<init>():69 [Interpreted code]
                              at perf.SearchTask#go():282 [Interpreted code]
                              at perf.UnparsedTask#go():57 [JIT compiled code]
                              at perf.TaskThreads$RunTask#call():81 [JIT compiled code]
                              at perf.TaskThreads$RunTask#call():64 [JIT compiled code]
                              at java.util.concurrent.FutureTask#run():328 [JIT compiled code]
                              at java.util.concurrent.ThreadPoolExecutor#runWorker():1090 [Interpreted code]
                              at java.util.concurrent.ThreadPoolExecutor$Worker#run():614 [Interpreted code]
                              at java.lang.Thread#runWith():1487 [Interpreted code]
                              at java.lang.Thread#run():1474 [Interpreted code]
0.52%         381M          org.apache.lucene.codecs.lucene104.Lucene104PostingsReader$BlockPostingsEnum#<init>():335 [JIT compiled code]
                              at org.apache.lucene.codecs.lucene104.Lucene104PostingsReader#postings():260 [Inlined code]
                              at org.apache.lucene.codecs.lucene103.blocktree.SegmentTermsEnum#postings():1010 [JIT compiled code]
                              at org.apache.lucene.search.comparators.TermOrdValComparator$PostingsBasedCompetitiveState#init():660 [JIT compiled code]
                              at org.apache.lucene.search.comparators.TermOrdValComparator$PostingsBasedCompetitiveState#update():615 [Inlined code]
                              at org.apache.lucene.search.comparators.TermOrdValComparator$TermOrdValLeafComparator#updateCompetitiveIterator():500 [JIT compiled code]
                              at org.apache.lucene.search.comparators.TermOrdValComparator$TermOrdValLeafComparator#setBottom():391 [JIT compiled code]
                              at org.apache.lucene.search.TopFieldCollector$TopFieldLeafCollector#collectCompetitiveHit():118 [JIT compiled code]
                              at org.apache.lucene.search.TopFieldCollector$SimpleFieldCollector$1#collect():209 [Inlined code]
                              at org.apache.lucene.search.LeafCollector$$Lambda.0x00000000111c3570#accept() [Inlined code]
                              at org.apache.lucene.util.FixedBitSet#forEach():944 [Inlined code]
                              at org.apache.lucene.util.FixedBitSet#forEach():931 [JIT compiled code]
0.52%         379M          org.apache.lucene.codecs.lucene104.Lucene104PostingsReader$BlockPostingsEnum#<init>():335 [JIT compiled code]
                              at org.apache.lucene.codecs.lucene104.Lucene104PostingsReader#postings():260 [Inlined code]
                              at org.apache.lucene.codecs.lucene103.blocktree.SegmentTermsEnum#postings():1010 [JIT compiled code]
                              at org.apache.lucene.search.comparators.TermOrdValComparator$PostingsBasedCompetitiveState#init():660 [JIT compiled code]
                              at org.apache.lucene.search.comparators.TermOrdValComparator$PostingsBasedCompetitiveState#update():615 [Inlined code]
                              at org.apache.lucene.search.comparators.TermOrdValComparator$TermOrdValLeafComparator#updateCompetitiveIterator():500 [JIT compiled code]
                              at org.apache.lucene.search.comparators.TermOrdValComparator$TermOrdValLeafComparator#setBottom():391 [JIT compiled code]
                              at org.apache.lucene.search.TopFieldCollector$TopFieldLeafCollector#collectCompetitiveHit():118 [JIT compiled code]
                              at org.apache.lucene.search.TopFieldCollector$SimpleFieldCollector$1#collect():209 [Inlined code]
                              at org.apache.lucene.search.LeafCollector$$Lambda.0x000000002e1c3570#accept() [Inlined code]
                              at org.apache.lucene.util.FixedBitSet#forEach():944 [Inlined code]
                              at org.apache.lucene.util.FixedBitSet#forEach():931 [Inlined code]
0.49%         360M          org.apache.lucene.codecs.lucene104.Lucene104PostingsReader$BlockPostingsEnum#<init>():302 [JIT compiled code]
                              at org.apache.lucene.codecs.lucene104.Lucene104PostingsReader#postings():260 [Inlined code]
                              at org.apache.lucene.codecs.lucene103.blocktree.SegmentTermsEnum#postings():1010 [JIT compiled code]
                              at org.apache.lucene.search.comparators.TermOrdValComparator$PostingsBasedCompetitiveState#init():660 [JIT compiled code]
                              at org.apache.lucene.search.comparators.TermOrdValComparator$PostingsBasedCompetitiveState#update():615 [Inlined code]
                              at org.apache.lucene.search.comparators.TermOrdValComparator$TermOrdValLeafComparator#updateCompetitiveIterator():500 [JIT compiled code]
                              at org.apache.lucene.search.comparators.TermOrdValComparator$TermOrdValLeafComparator#setBottom():391 [JIT compiled code]
                              at org.apache.lucene.search.TopFieldCollector$TopFieldLeafCollector#collectCompetitiveHit():118 [JIT compiled code]
                              at org.apache.lucene.search.TopFieldCollector$SimpleFieldCollector$1#collect():209 [Inlined code]
                              at org.apache.lucene.search.LeafCollector$$Lambda.0x000000002e1c3570#accept() [Inlined code]
                              at org.apache.lucene.util.FixedBitSet#forEach():944 [Inlined code]
                              at org.apache.lucene.util.FixedBitSet#forEach():931 [Inlined code]
0.49%         356M          org.apache.lucene.util.FixedBitSet#<init>():148 [Inlined code]
                              at org.apache.lucene.codecs.lucene104.Lucene104PostingsReader$BlockPostingsEnum#<init>():307 [JIT compiled code]
                              at org.apache.lucene.codecs.lucene104.Lucene104PostingsReader#postings():260 [Inlined code]
                              at org.apache.lucene.codecs.lucene103.blocktree.SegmentTermsEnum#postings():1010 [JIT compiled code]
                              at org.apache.lucene.search.comparators.TermOrdValComparator$PostingsBasedCompetitiveState#init():660 [JIT compiled code]
                              at org.apache.lucene.search.comparators.TermOrdValComparator$PostingsBasedCompetitiveState#update():615 [Inlined code]
                              at org.apache.lucene.search.comparators.TermOrdValComparator$TermOrdValLeafComparator#updateCompetitiveIterator():500 [JIT compiled code]
                              at org.apache.lucene.search.comparators.TermOrdValComparator$TermOrdValLeafComparator#setBottom():391 [JIT compiled code]
                              at org.apache.lucene.search.TopFieldCollector$TopFieldLeafCollector#collectCompetitiveHit():118 [JIT compiled code]
                              at org.apache.lucene.search.TopFieldCollector$SimpleFieldCollector$1#collect():209 [Inlined code]
                              at org.apache.lucene.search.LeafCollector$$Lambda.0x00000000181c3570#accept() [Inlined code]
                              at org.apache.lucene.util.FixedBitSet#forEach():944 [Inlined code]
0.48%         352M          org.apache.lucene.util.FixedBitSet#<init>():148 [Inlined code]
                              at org.apache.lucene.codecs.lucene104.Lucene104PostingsReader$BlockPostingsEnum#<init>():307 [JIT compiled code]
                              at org.apache.lucene.codecs.lucene104.Lucene104PostingsReader#postings():260 [Inlined code]
                              at org.apache.lucene.codecs.lucene103.blocktree.SegmentTermsEnum#postings():1010 [JIT compiled code]
                              at org.apache.lucene.search.comparators.TermOrdValComparator$PostingsBasedCompetitiveState#init():660 [JIT compiled code]
                              at org.apache.lucene.search.comparators.TermOrdValComparator$PostingsBasedCompetitiveState#update():615 [Inlined code]
                              at org.apache.lucene.search.comparators.TermOrdValComparator$TermOrdValLeafComparator#updateCompetitiveIterator():500 [JIT compiled code]
                              at org.apache.lucene.search.comparators.TermOrdValComparator$TermOrdValLeafComparator#setBottom():391 [JIT compiled code]
                              at org.apache.lucene.search.TopFieldCollector$TopFieldLeafCollector#collectCompetitiveHit():118 [JIT compiled code]
                              at org.apache.lucene.search.TopFieldCollector$SimpleFieldCollector$1#collect():209 [Inlined code]
                              at org.apache.lucene.search.LeafCollector$$Lambda.0x00000000111c3570#accept() [Inlined code]
                              at org.apache.lucene.util.FixedBitSet#forEach():944 [Inlined code]
0.46%         339M          org.apache.lucene.codecs.lucene104.Lucene104PostingsReader$BlockPostingsEnum#<init>():302 [JIT compiled code]
                              at org.apache.lucene.codecs.lucene104.Lucene104PostingsReader#postings():260 [Inlined code]
                              at org.apache.lucene.codecs.lucene103.blocktree.SegmentTermsEnum#postings():1010 [JIT compiled code]
                              at org.apache.lucene.search.comparators.TermOrdValComparator$PostingsBasedCompetitiveState#init():660 [JIT compiled code]
                              at org.apache.lucene.search.comparators.TermOrdValComparator$PostingsBasedCompetitiveState#update():615 [Inlined code]
                              at org.apache.lucene.search.comparators.TermOrdValComparator$TermOrdValLeafComparator#updateCompetitiveIterator():500 [JIT compiled code]
                              at org.apache.lucene.search.comparators.TermOrdValComparator$TermOrdValLeafComparator#setBottom():391 [JIT compiled code]
                              at org.apache.lucene.search.TopFieldCollector$TopFieldLeafCollector#collectCompetitiveHit():118 [JIT compiled code]
                              at org.apache.lucene.search.TopFieldCollector$SimpleFieldCollector$1#collect():209 [Inlined code]
                              at org.apache.lucene.search.LeafCollector$$Lambda.0x00000000111c3570#accept() [Inlined code]
                              at org.apache.lucene.util.FixedBitSet#forEach():944 [Inlined code]
                              at org.apache.lucene.util.FixedBitSet#forEach():931 [JIT compiled code]
0.46%         339M          org.apache.lucene.util.FixedBitSet#<init>():148 [Inlined code]
                              at org.apache.lucene.codecs.lucene104.Lucene104PostingsReader$BlockPostingsEnum#<init>():307 [JIT compiled code]
                              at org.apache.lucene.codecs.lucene104.Lucene104PostingsReader#postings():260 [Inlined code]
                              at org.apache.lucene.codecs.lucene103.blocktree.SegmentTermsEnum#postings():1010 [JIT compiled code]
                              at org.apache.lucene.search.comparators.TermOrdValComparator$PostingsBasedCompetitiveState#init():660 [JIT compiled code]
                              at org.apache.lucene.search.comparators.TermOrdValComparator$PostingsBasedCompetitiveState#update():615 [Inlined code]
                              at org.apache.lucene.search.comparators.TermOrdValComparator$TermOrdValLeafComparator#updateCompetitiveIterator():500 [JIT compiled code]
                              at org.apache.lucene.search.comparators.TermOrdValComparator$TermOrdValLeafComparator#setBottom():391 [JIT compiled code]
                              at org.apache.lucene.search.TopFieldCollector$TopFieldLeafCollector#collectCompetitiveHit():118 [JIT compiled code]
                              at org.apache.lucene.search.TopFieldCollector$SimpleFieldCollector$1#collect():209 [Inlined code]
                              at org.apache.lucene.search.LeafCollector$$Lambda.0x000000002e1c3570#accept() [Inlined code]
                              at org.apache.lucene.util.FixedBitSet#forEach():944 [Inlined code]
0.41%         300M          perf.TaskParser#secondPassParse():208 [Interpreted code]
                              at perf.UnparsedTask#go():53 [Interpreted code]
                              at perf.TaskThreads$RunTask#call():81 [Interpreted code]
                              at perf.TaskThreads$RunTask#call():64 [Interpreted code]
                              at java.util.concurrent.FutureTask#run():328 [JIT compiled code]
                              at java.util.concurrent.ThreadPoolExecutor#runWorker():1090 [Interpreted code]
                              at java.util.concurrent.ThreadPoolExecutor$Worker#run():614 [Interpreted code]
                              at java.lang.Thread#runWith():1487 [Interpreted code]
                              at java.lang.Thread#run():1474 [Interpreted code]
0.39%         282M          java.lang.Integer#valueOf():1006 [Inlined code]
                              at java.util.PrimitiveIterator$OfInt#next():129 [JIT compiled code]
                              at org.apache.lucene.facet.sortedset.AbstractSortedSetDocValueFacetCounts#computeTopChildren():317 [JIT compiled code]
                              at org.apache.lucene.facet.sortedset.AbstractSortedSetDocValueFacetCounts#getTopChildrenForPath():300 [Interpreted code]
                              at org.apache.lucene.facet.sortedset.AbstractSortedSetDocValueFacetCounts#getTopChildren():61 [Interpreted code]
                              at org.apache.lucene.facet.sortedset.SortedSetDocValuesFacetCounts#getTopChildren():57 [Interpreted code]
                              at perf.SearchTask#go():291 [Interpreted code]
                              at perf.UnparsedTask#go():57 [Interpreted code]
                              at perf.TaskThreads$RunTask#call():81 [Interpreted code]
                              at perf.TaskThreads$RunTask#call():64 [Interpreted code]
                              at java.util.concurrent.FutureTask#run():328 [JIT compiled code]
                              at java.util.concurrent.ThreadPoolExecutor#runWorker():1090 [Interpreted code]
0.38%         281M          org.apache.lucene.util.ArrayUtil#growExact():436 [Inlined code]
                              at org.apache.lucene.util.ArrayUtil#grow():448 [Inlined code]
                              at org.apache.lucene.codecs.lucene90.LZ4WithPresetDictCompressionMode$LZ4WithPresetDictDecompressor#decompress():132 [JIT compiled code]
                              at org.apache.lucene.codecs.lucene90.compressing.Lucene90CompressingStoredFieldsReader$BlockState#document():641 [JIT compiled code]
                              at org.apache.lucene.codecs.lucene90.compressing.Lucene90CompressingStoredFieldsReader#serializedDocument():673 [Inlined code]
                              at org.apache.lucene.codecs.lucene90.compressing.Lucene90CompressingStoredFieldsReader#document():691 [JIT compiled code]
                              at org.apache.lucene.index.CodecReader$1#document():101 [Inlined code]
                              at org.apache.lucene.index.BaseCompositeReader$2#document():190 [JIT compiled code]
                              at org.apache.lucene.index.StoredFields#document():68 [Inlined code]
                              at perf.SearchTask#printResults():771 [JIT compiled code]
                              at perf.UnparsedTask#printResults():85 [JIT compiled code]
                              at perf.SearchPerfTest#_main():770 [Interpreted code]
0.34%         246M          org.apache.lucene.util.ArrayUtil#growExact():436 [Inlined code]
                              at org.apache.lucene.util.ArrayUtil#grow():448 [JIT compiled code]
                              at org.apache.lucene.codecs.lucene90.LZ4WithPresetDictCompressionMode$LZ4WithPresetDictDecompressor#decompress():132 [JIT compiled code]
                              at org.apache.lucene.codecs.lucene90.compressing.Lucene90CompressingStoredFieldsReader$BlockState#document():641 [JIT compiled code]
                              at org.apache.lucene.codecs.lucene90.compressing.Lucene90CompressingStoredFieldsReader#serializedDocument():673 [JIT compiled code]
                              at org.apache.lucene.codecs.lucene90.compressing.Lucene90CompressingStoredFieldsReader#document():691 [JIT compiled code]
                              at org.apache.lucene.index.CodecReader$1#document():101 [JIT compiled code]
                              at org.apache.lucene.index.BaseCompositeReader$2#document():190 [JIT compiled code]
                              at org.apache.lucene.index.StoredFields#document():68 [JIT compiled code]
                              at perf.SearchTask#printResults():776 [Interpreted code]
                              at perf.UnparsedTask#printResults():85 [Interpreted code]
                              at perf.SearchPerfTest#_main():770 [Interpreted code]
0.34%         246M          org.apache.lucene.util.ArrayUtil#growNoCopy():459 [Inlined code]
                              at org.apache.lucene.codecs.lucene90.LZ4WithPresetDictCompressionMode$LZ4WithPresetDictDecompressor#decompress():102 [JIT compiled code]
                              at org.apache.lucene.codecs.lucene90.compressing.Lucene90CompressingStoredFieldsReader$BlockState#document():641 [JIT compiled code]
                              at org.apache.lucene.codecs.lucene90.compressing.Lucene90CompressingStoredFieldsReader#serializedDocument():673 [Inlined code]
                              at org.apache.lucene.codecs.lucene90.compressing.Lucene90CompressingStoredFieldsReader#document():691 [JIT compiled code]
                              at org.apache.lucene.index.CodecReader$1#document():101 [Inlined code]
                              at org.apache.lucene.index.BaseCompositeReader$2#document():190 [Inlined code]
                              at org.apache.lucene.index.StoredFields#document():68 [Inlined code]
                              at perf.SearchTask#printResults():776 [JIT compiled code]
                              at perf.UnparsedTask#printResults():85 [JIT compiled code]
                              at perf.SearchPerfTest#_main():770 [Interpreted code]
                              at perf.SearchPerfTest#main():145 [Interpreted code]
0.33%         238M          org.apache.lucene.util.FixedBitSet#<init>():148 [Inlined code]
                              at org.apache.lucene.util.DocIdSetBuilder#upgradeToBitSet():282 [JIT compiled code]
                              at org.apache.lucene.util.DocIdSetBuilder#grow():225 [JIT compiled code]
                              at org.apache.lucene.search.comparators.NumericComparator$PointsCompetitiveDISIBuilder$1#grow():406 [Inlined code]
                              at org.apache.lucene.util.bkd.BKDReader$BKDPointTree#addAll():596 [JIT compiled code]
                              at org.apache.lucene.util.bkd.BKDReader$BKDPointTree#visitDocIDs():589 [Inlined code]
                              at org.apache.lucene.index.PointValues#intersect():361 [JIT compiled code]
                              at org.apache.lucene.index.PointValues#intersect():350 [Inlined code]
                              at org.apache.lucene.search.comparators.NumericComparator$PointsCompetitiveDISIBuilder#doUpdateCompetitiveIterator():476 [Inlined code]
                              at org.apache.lucene.search.comparators.NumericComparator$CompetitiveDISIBuilder#updateCompetitiveIterator():265 [Inlined code]
                              at org.apache.lucene.search.comparators.NumericComparator$NumericLeafComparator#setBottom():154 [Inlined code]
                              at org.apache.lucene.search.comparators.IntComparator$IntLeafComparator#setBottom():90 [JIT compiled code]


HEAP merged search profile for armA:
JFR aggregation command: /home/goankur/jdk/corretto-25/bin/java -server -Xms2g -Xmx2g --add-modules jdk.incubator.vector -XX:+HeapDumpOnOutOfMemoryError -XX:+UseParallelGC -cp /home/goankur/vsearch/bo/lucene-A/build-tools/build-infra/build/classes/java/main -Dtests.profile.mode=heap -Dtests.profile.stacksize=12 -Dtests.profile.count=30 -Dtests.profile.linenumbers=true org.apache.lucene.gradle.plugins.java.ProfileResults /home/goankur/vsearch/logs/bench-search-FAG-armA-18.jfr /home/goankur/vsearch/logs/bench-search-FAG-armA-19.jfr /home/goankur/vsearch/logs/bench-search-FAG-armA-4.jfr /home/goankur/vsearch/logs/bench-search-FAG-armA-5.jfr /home/goankur/vsearch/logs/bench-search-FAG-armA-6.jfr /home/goankur/vsearch/logs/bench-search-FAG-armA-7.jfr /home/goankur/vsearch/logs/bench-search-FAG-armA-8.jfr /home/goankur/vsearch/logs/bench-search-FAG-armA-9.jfr /home/goankur/vsearch/logs/bench-search-FAG-armA-10.jfr /home/goankur/vsearch/logs/bench-search-FAG-armA-11.jfr /home/goankur/vsearch/logs/bench-search-FAG-armA-12.jfr /home/goankur/vsearch/logs/bench-search-FAG-armA-13.jfr /home/goankur/vsearch/logs/bench-search-FAG-armA-14.jfr /home/goankur/vsearch/logs/bench-search-FAG-armA-15.jfr /home/goankur/vsearch/logs/bench-search-FAG-armA-16.jfr /home/goankur/vsearch/logs/bench-search-FAG-armA-17.jfr /home/goankur/vsearch/logs/bench-search-FAG-armA-0.jfr /home/goankur/vsearch/logs/bench-search-FAG-armA-1.jfr /home/goankur/vsearch/logs/bench-search-FAG-armA-2.jfr /home/goankur/vsearch/logs/bench-search-FAG-armA-3.jfr
Took 1.65 seconds
WARNING: Using incubator modules: jdk.incubator.vector
PROFILE SUMMARY from 59990 events (total: 73076M)
  tests.profile.mode=heap
  tests.profile.count=30
  tests.profile.stacksize=12
  tests.profile.linenumbers=true
PERCENT       HEAP SAMPLES  STACK
3.57%         2606M         org.apache.lucene.facet.taxonomy.TaxonomyFacets#initializeValueCounters():134 [Inlined code]
                              at org.apache.lucene.facet.taxonomy.FastTaxonomyFacetCounts#countAll():127 [JIT compiled code]
                              at org.apache.lucene.facet.taxonomy.FastTaxonomyFacetCounts#<init>():69 [Interpreted code]
                              at perf.SearchTask#go():282 [JIT compiled code]
                              at perf.UnparsedTask#go():57 [JIT compiled code]
                              at perf.TaskThreads$RunTask#call():81 [JIT compiled code]
                              at perf.TaskThreads$RunTask#call():64 [JIT compiled code]
                              at java.util.concurrent.FutureTask#run():328 [JIT compiled code]
                              at java.util.concurrent.ThreadPoolExecutor#runWorker():1090 [Interpreted code]
                              at java.util.concurrent.ThreadPoolExecutor$Worker#run():614 [Interpreted code]
                              at java.lang.Thread#runWith():1487 [Interpreted code]
                              at java.lang.Thread#run():1474 [Interpreted code]
3.45%         2522M         org.apache.lucene.util.ArrayUtil#growExact():436 [Inlined code]
                              at org.apache.lucene.util.ArrayUtil#grow():448 [Inlined code]
                              at org.apache.lucene.codecs.lucene90.LZ4WithPresetDictCompressionMode$LZ4WithPresetDictDecompressor#decompress():132 [JIT compiled code]
                              at org.apache.lucene.codecs.lucene90.compressing.Lucene90CompressingStoredFieldsReader$BlockState#document():641 [JIT compiled code]
                              at org.apache.lucene.codecs.lucene90.compressing.Lucene90CompressingStoredFieldsReader#serializedDocument():673 [Inlined code]
                              at org.apache.lucene.codecs.lucene90.compressing.Lucene90CompressingStoredFieldsReader#document():691 [JIT compiled code]
                              at org.apache.lucene.index.CodecReader$1#document():101 [Inlined code]
                              at org.apache.lucene.index.BaseCompositeReader$2#document():190 [JIT compiled code]
                              at org.apache.lucene.index.StoredFields#document():68 [Inlined code]
                              at perf.SearchTask#printResults():776 [JIT compiled code]
                              at perf.UnparsedTask#printResults():85 [JIT compiled code]
                              at perf.SearchPerfTest#_main():770 [Interpreted code]
1.81%         1320M         org.apache.lucene.facet.sortedset.SortedSetDocValuesFacetCounts#countOneSegmentNHLD():125 [JIT compiled code]
                              at org.apache.lucene.facet.sortedset.SortedSetDocValuesFacetCounts#countAll():322 [Interpreted code]
                              at org.apache.lucene.facet.sortedset.SortedSetDocValuesFacetCounts#<init>():73 [Inlined code]
                              at org.apache.lucene.facet.sortedset.SortedSetDocValuesFacetCounts#<init>():63 [Inlined code]
                              at perf.SearchTask#go():290 [JIT compiled code]
                              at perf.UnparsedTask#go():57 [JIT compiled code]
                              at perf.TaskThreads$RunTask#call():81 [JIT compiled code]
                              at perf.TaskThreads$RunTask#call():64 [JIT compiled code]
                              at java.util.concurrent.FutureTask#run():328 [JIT compiled code]
                              at java.util.concurrent.ThreadPoolExecutor#runWorker():1090 [Interpreted code]
                              at java.util.concurrent.ThreadPoolExecutor$Worker#run():614 [Interpreted code]
                              at java.lang.Thread#runWith():1487 [Interpreted code]
1.12%         822M          org.apache.lucene.util.ArrayUtil#growNoCopy():423 [Inlined code]
                              at org.apache.lucene.codecs.lucene90.compressing.Lucene90CompressingStoredFieldsReader$BlockState#doReset():503 [JIT compiled code]
                              at org.apache.lucene.codecs.lucene90.compressing.Lucene90CompressingStoredFieldsReader$BlockState#reset():472 [Inlined code]
                              at org.apache.lucene.codecs.lucene90.compressing.Lucene90CompressingStoredFieldsReader#serializedDocument():670 [Inlined code]
                              at org.apache.lucene.codecs.lucene90.compressing.Lucene90CompressingStoredFieldsReader#document():691 [JIT compiled code]
                              at org.apache.lucene.index.CodecReader$1#document():101 [Inlined code]
                              at org.apache.lucene.index.BaseCompositeReader$2#document():190 [JIT compiled code]
                              at org.apache.lucene.index.StoredFields#document():68 [Inlined code]
                              at perf.SearchTask#printResults():776 [JIT compiled code]
                              at perf.UnparsedTask#printResults():85 [JIT compiled code]
                              at perf.SearchPerfTest#_main():770 [Interpreted code]
                              at perf.SearchPerfTest#main():145 [Interpreted code]
1.10%         804M          org.apache.lucene.util.ArrayUtil#growNoCopy():459 [Inlined code]
                              at org.apache.lucene.codecs.lucene90.LZ4WithPresetDictCompressionMode$LZ4WithPresetDictDecompressor#decompress():102 [JIT compiled code]
                              at org.apache.lucene.codecs.lucene90.compressing.Lucene90CompressingStoredFieldsReader$BlockState#document():641 [JIT compiled code]
                              at org.apache.lucene.codecs.lucene90.compressing.Lucene90CompressingStoredFieldsReader#serializedDocument():673 [Inlined code]
                              at org.apache.lucene.codecs.lucene90.compressing.Lucene90CompressingStoredFieldsReader#document():691 [JIT compiled code]
                              at org.apache.lucene.index.CodecReader$1#document():101 [Inlined code]
                              at org.apache.lucene.index.BaseCompositeReader$2#document():190 [JIT compiled code]
                              at org.apache.lucene.index.StoredFields#document():68 [Inlined code]
                              at perf.SearchTask#printResults():776 [JIT compiled code]
                              at perf.UnparsedTask#printResults():85 [JIT compiled code]
                              at perf.SearchPerfTest#_main():770 [Interpreted code]
                              at perf.SearchPerfTest#main():145 [Interpreted code]
1.04%         759M          org.apache.lucene.util.ArrayUtil#growNoCopy():423 [Inlined code]
                              at org.apache.lucene.codecs.lucene90.compressing.Lucene90CompressingStoredFieldsReader$BlockState#doReset():504 [JIT compiled code]
                              at org.apache.lucene.codecs.lucene90.compressing.Lucene90CompressingStoredFieldsReader$BlockState#reset():472 [Inlined code]
                              at org.apache.lucene.codecs.lucene90.compressing.Lucene90CompressingStoredFieldsReader#serializedDocument():670 [Inlined code]
                              at org.apache.lucene.codecs.lucene90.compressing.Lucene90CompressingStoredFieldsReader#document():691 [JIT compiled code]
                              at org.apache.lucene.index.CodecReader$1#document():101 [Inlined code]
                              at org.apache.lucene.index.BaseCompositeReader$2#document():190 [JIT compiled code]
                              at org.apache.lucene.index.StoredFields#document():68 [Inlined code]
                              at perf.SearchTask#printResults():776 [JIT compiled code]
                              at perf.UnparsedTask#printResults():85 [JIT compiled code]
                              at perf.SearchPerfTest#_main():770 [Interpreted code]
                              at perf.SearchPerfTest#main():145 [Interpreted code]
0.99%         724M          org.apache.lucene.facet.taxonomy.TaxonomyFacets#initializeValueCounters():134 [Inlined code]
                              at org.apache.lucene.facet.taxonomy.FastTaxonomyFacetCounts#countAll():127 [JIT compiled code]
                              at org.apache.lucene.facet.taxonomy.FastTaxonomyFacetCounts#<init>():69 [Interpreted code]
                              at perf.SearchTask#go():282 [Interpreted code]
                              at perf.UnparsedTask#go():57 [Interpreted code]
                              at perf.TaskThreads$RunTask#call():81 [Interpreted code]
                              at perf.TaskThreads$RunTask#call():64 [Interpreted code]
                              at java.util.concurrent.FutureTask#run():328 [JIT compiled code]
                              at java.util.concurrent.ThreadPoolExecutor#runWorker():1090 [Interpreted code]
                              at java.util.concurrent.ThreadPoolExecutor$Worker#run():614 [Interpreted code]
                              at java.lang.Thread#runWith():1487 [Interpreted code]
                              at java.lang.Thread#run():1474 [Interpreted code]
0.98%         713M          org.apache.lucene.util.ArrayUtil#growExact():436 [Inlined code]
                              at org.apache.lucene.util.ArrayUtil#grow():448 [Inlined code]
                              at org.apache.lucene.codecs.lucene90.LZ4WithPresetDictCompressionMode$LZ4WithPresetDictDecompressor#decompress():132 [JIT compiled code]
                              at org.apache.lucene.codecs.lucene90.compressing.Lucene90CompressingStoredFieldsReader$BlockState#document():641 [JIT compiled code]
                              at org.apache.lucene.codecs.lucene90.compressing.Lucene90CompressingStoredFieldsReader#serializedDocument():673 [Inlined code]
                              at org.apache.lucene.codecs.lucene90.compressing.Lucene90CompressingStoredFieldsReader#document():691 [JIT compiled code]
                              at org.apache.lucene.index.CodecReader$1#document():101 [Inlined code]
                              at org.apache.lucene.index.BaseCompositeReader$2#document():190 [Inlined code]
                              at org.apache.lucene.index.StoredFields#document():68 [Inlined code]
                              at perf.SearchTask#printResults():776 [JIT compiled code]
                              at perf.UnparsedTask#printResults():85 [JIT compiled code]
                              at perf.SearchPerfTest#_main():770 [Interpreted code]
0.89%         651M          org.apache.lucene.facet.sortedset.SortedSetDocValuesFacetCounts#initializeCounts():81 [Inlined code]
                              at org.apache.lucene.facet.sortedset.SortedSetDocValuesFacetCounts#countOneSegmentNHLD():105 [JIT compiled code]
                              at org.apache.lucene.facet.sortedset.SortedSetDocValuesFacetCounts#countAll():322 [Interpreted code]
                              at org.apache.lucene.facet.sortedset.SortedSetDocValuesFacetCounts#<init>():73 [Inlined code]
                              at org.apache.lucene.facet.sortedset.SortedSetDocValuesFacetCounts#<init>():63 [Inlined code]
                              at perf.SearchTask#go():290 [JIT compiled code]
                              at perf.UnparsedTask#go():57 [JIT compiled code]
                              at perf.TaskThreads$RunTask#call():81 [JIT compiled code]
                              at perf.TaskThreads$RunTask#call():64 [JIT compiled code]
                              at java.util.concurrent.FutureTask#run():328 [JIT compiled code]
                              at java.util.concurrent.ThreadPoolExecutor#runWorker():1090 [Interpreted code]
                              at java.util.concurrent.ThreadPoolExecutor$Worker#run():614 [Interpreted code]
0.89%         650M          org.apache.lucene.facet.taxonomy.TaxonomyFacets#initializeValueCounters():134 [Inlined code]
                              at org.apache.lucene.facet.taxonomy.FastTaxonomyFacetCounts#count():82 [JIT compiled code]
                              at org.apache.lucene.facet.taxonomy.FastTaxonomyFacetCounts#<init>():57 [Interpreted code]
                              at perf.SearchTask#go():310 [JIT compiled code]
                              at perf.UnparsedTask#go():57 [JIT compiled code]
                              at perf.TaskThreads$RunTask#call():81 [JIT compiled code]
                              at perf.TaskThreads$RunTask#call():64 [JIT compiled code]
                              at java.util.concurrent.FutureTask#run():328 [JIT compiled code]
                              at java.util.concurrent.ThreadPoolExecutor#runWorker():1090 [Interpreted code]
                              at java.util.concurrent.ThreadPoolExecutor$Worker#run():614 [Interpreted code]
                              at java.lang.Thread#runWith():1487 [Interpreted code]
                              at java.lang.Thread#run():1474 [Interpreted code]
0.76%         552M          org.apache.lucene.util.ArrayUtil#growExact():436 [Inlined code]
                              at org.apache.lucene.util.ArrayUtil#grow():448 [Inlined code]
                              at org.apache.lucene.codecs.lucene90.LZ4WithPresetDictCompressionMode$LZ4WithPresetDictDecompressor#decompress():132 [JIT compiled code]
                              at org.apache.lucene.codecs.lucene90.compressing.Lucene90CompressingStoredFieldsReader$BlockState#document():641 [JIT compiled code]
                              at org.apache.lucene.codecs.lucene90.compressing.Lucene90CompressingStoredFieldsReader#serializedDocument():673 [Inlined code]
                              at org.apache.lucene.codecs.lucene90.compressing.Lucene90CompressingStoredFieldsReader#document():691 [JIT compiled code]
                              at org.apache.lucene.index.CodecReader$1#document():101 [Inlined code]
                              at org.apache.lucene.index.BaseCompositeReader$2#document():190 [JIT compiled code]
                              at org.apache.lucene.index.StoredFields#document():68 [Inlined code]
                              at perf.SearchTask#printResults():776 [JIT compiled code]
                              at perf.UnparsedTask#printResults():85 [Interpreted code]
                              at perf.SearchPerfTest#_main():770 [Interpreted code]
0.67%         487M          org.apache.lucene.codecs.lucene104.Lucene104PostingsReader$BlockPostingsEnum#<init>():302 [JIT compiled code]
                              at org.apache.lucene.codecs.lucene104.Lucene104PostingsReader#postings():260 [Inlined code]
                              at org.apache.lucene.codecs.lucene103.blocktree.SegmentTermsEnum#postings():1010 [JIT compiled code]
                              at org.apache.lucene.search.comparators.TermOrdValComparator$PostingsBasedCompetitiveState#init():660 [JIT compiled code]
                              at org.apache.lucene.search.comparators.TermOrdValComparator$PostingsBasedCompetitiveState#update():615 [Inlined code]
                              at org.apache.lucene.search.comparators.TermOrdValComparator$TermOrdValLeafComparator#updateCompetitiveIterator():500 [JIT compiled code]
                              at org.apache.lucene.search.comparators.TermOrdValComparator$TermOrdValLeafComparator#<init>():293 [JIT compiled code]
                              at org.apache.lucene.search.comparators.TermOrdValComparator#getLeafComparator():171 [JIT compiled code]
                              at org.apache.lucene.search.FieldValueHitQueue#getComparators():172 [JIT compiled code]
                              at org.apache.lucene.search.TopFieldCollector$TopFieldLeafCollector#<init>():60 [JIT compiled code]
                              at org.apache.lucene.search.TopFieldCollector$SimpleFieldCollector$1#<init>():200 [JIT compiled code]
                              at org.apache.lucene.search.TopFieldCollector$SimpleFieldCollector#getLeafCollector():199 [JIT compiled code]
0.66%         479M          org.apache.lucene.codecs.lucene104.Lucene104PostingsReader$BlockPostingsEnum#<init>():335 [JIT compiled code]
                              at org.apache.lucene.codecs.lucene104.Lucene104PostingsReader#postings():260 [Inlined code]
                              at org.apache.lucene.codecs.lucene103.blocktree.SegmentTermsEnum#postings():1010 [JIT compiled code]
                              at org.apache.lucene.search.comparators.TermOrdValComparator$PostingsBasedCompetitiveState#init():660 [JIT compiled code]
                              at org.apache.lucene.search.comparators.TermOrdValComparator$PostingsBasedCompetitiveState#update():615 [Inlined code]
                              at org.apache.lucene.search.comparators.TermOrdValComparator$TermOrdValLeafComparator#updateCompetitiveIterator():500 [JIT compiled code]
                              at org.apache.lucene.search.comparators.TermOrdValComparator$TermOrdValLeafComparator#<init>():293 [JIT compiled code]
                              at org.apache.lucene.search.comparators.TermOrdValComparator#getLeafComparator():171 [JIT compiled code]
                              at org.apache.lucene.search.FieldValueHitQueue#getComparators():172 [JIT compiled code]
                              at org.apache.lucene.search.TopFieldCollector$TopFieldLeafCollector#<init>():60 [JIT compiled code]
                              at org.apache.lucene.search.TopFieldCollector$SimpleFieldCollector$1#<init>():200 [JIT compiled code]
                              at org.apache.lucene.search.TopFieldCollector$SimpleFieldCollector#getLeafCollector():199 [JIT compiled code]
0.64%         465M          org.apache.lucene.util.FixedBitSet#<init>():148 [Inlined code]
                              at org.apache.lucene.codecs.lucene104.Lucene104PostingsReader$BlockPostingsEnum#<init>():307 [JIT compiled code]
                              at org.apache.lucene.codecs.lucene104.Lucene104PostingsReader#postings():260 [Inlined code]
                              at org.apache.lucene.codecs.lucene103.blocktree.SegmentTermsEnum#postings():1010 [JIT compiled code]
                              at org.apache.lucene.search.comparators.TermOrdValComparator$PostingsBasedCompetitiveState#init():660 [JIT compiled code]
                              at org.apache.lucene.search.comparators.TermOrdValComparator$PostingsBasedCompetitiveState#update():615 [Inlined code]
                              at org.apache.lucene.search.comparators.TermOrdValComparator$TermOrdValLeafComparator#updateCompetitiveIterator():500 [JIT compiled code]
                              at org.apache.lucene.search.comparators.TermOrdValComparator$TermOrdValLeafComparator#<init>():293 [JIT compiled code]
                              at org.apache.lucene.search.comparators.TermOrdValComparator#getLeafComparator():171 [JIT compiled code]
                              at org.apache.lucene.search.FieldValueHitQueue#getComparators():172 [JIT compiled code]
                              at org.apache.lucene.search.TopFieldCollector$TopFieldLeafCollector#<init>():60 [JIT compiled code]
                              at org.apache.lucene.search.TopFieldCollector$SimpleFieldCollector$1#<init>():200 [JIT compiled code]
0.61%         445M          perf.TaskThreads$TaskThread#run():156 [Interpreted code]
0.58%         420M          org.apache.lucene.facet.taxonomy.TaxonomyFacets#initializeValueCounters():134 [Inlined code]
                              at org.apache.lucene.facet.taxonomy.FastTaxonomyFacetCounts#countAll():127 [JIT compiled code]
                              at org.apache.lucene.facet.taxonomy.FastTaxonomyFacetCounts#<init>():69 [Interpreted code]
                              at perf.SearchTask#go():282 [Interpreted code]
                              at perf.UnparsedTask#go():57 [JIT compiled code]
                              at perf.TaskThreads$RunTask#call():81 [JIT compiled code]
                              at perf.TaskThreads$RunTask#call():64 [JIT compiled code]
                              at java.util.concurrent.FutureTask#run():328 [JIT compiled code]
                              at java.util.concurrent.ThreadPoolExecutor#runWorker():1090 [Interpreted code]
                              at java.util.concurrent.ThreadPoolExecutor$Worker#run():614 [Interpreted code]
                              at java.lang.Thread#runWith():1487 [Interpreted code]
                              at java.lang.Thread#run():1474 [Interpreted code]
0.57%         419M          org.apache.lucene.facet.sortedset.SortedSetDocValuesFacetCounts#countOneSegmentNHLD():125 [JIT compiled code]
                              at org.apache.lucene.facet.sortedset.SortedSetDocValuesFacetCounts#countAll():322 [Interpreted code]
                              at org.apache.lucene.facet.sortedset.SortedSetDocValuesFacetCounts#<init>():73 [Interpreted code]
                              at org.apache.lucene.facet.sortedset.SortedSetDocValuesFacetCounts#<init>():63 [Interpreted code]
                              at perf.SearchTask#go():290 [Interpreted code]
                              at perf.UnparsedTask#go():57 [Interpreted code]
                              at perf.TaskThreads$RunTask#call():81 [Interpreted code]
                              at perf.TaskThreads$RunTask#call():64 [Interpreted code]
                              at java.util.concurrent.FutureTask#run():328 [JIT compiled code]
                              at java.util.concurrent.ThreadPoolExecutor#runWorker():1090 [Interpreted code]
                              at java.util.concurrent.ThreadPoolExecutor$Worker#run():614 [Interpreted code]
                              at java.lang.Thread#runWith():1487 [Interpreted code]
0.54%         393M          org.apache.lucene.codecs.lucene104.Lucene104PostingsReader$BlockPostingsEnum#<init>():302 [JIT compiled code]
                              at org.apache.lucene.codecs.lucene104.Lucene104PostingsReader#postings():260 [Inlined code]
                              at org.apache.lucene.codecs.lucene103.blocktree.SegmentTermsEnum#postings():1010 [JIT compiled code]
                              at org.apache.lucene.search.comparators.TermOrdValComparator$PostingsBasedCompetitiveState#init():660 [JIT compiled code]
                              at org.apache.lucene.search.comparators.TermOrdValComparator$PostingsBasedCompetitiveState#update():615 [Inlined code]
                              at org.apache.lucene.search.comparators.TermOrdValComparator$TermOrdValLeafComparator#updateCompetitiveIterator():500 [JIT compiled code]
                              at org.apache.lucene.search.comparators.TermOrdValComparator$TermOrdValLeafComparator#setBottom():391 [JIT compiled code]
                              at org.apache.lucene.search.TopFieldCollector$TopFieldLeafCollector#collectCompetitiveHit():118 [JIT compiled code]
                              at org.apache.lucene.search.TopFieldCollector$SimpleFieldCollector$1#collect():209 [Inlined code]
                              at org.apache.lucene.search.LeafCollector$$Lambda.0x000000001e1c3570#accept() [Inlined code]
                              at org.apache.lucene.util.FixedBitSet#forEach():944 [Inlined code]
                              at org.apache.lucene.util.FixedBitSet#forEach():931 [JIT compiled code]
0.51%         374M          org.apache.lucene.util.FixedBitSet#<init>():148 [Inlined code]
                              at org.apache.lucene.codecs.lucene104.Lucene104PostingsReader$BlockPostingsEnum#<init>():307 [JIT compiled code]
                              at org.apache.lucene.codecs.lucene104.Lucene104PostingsReader#postings():260 [Inlined code]
                              at org.apache.lucene.codecs.lucene103.blocktree.SegmentTermsEnum#postings():1010 [JIT compiled code]
                              at org.apache.lucene.search.comparators.TermOrdValComparator$PostingsBasedCompetitiveState#init():660 [JIT compiled code]
                              at org.apache.lucene.search.comparators.TermOrdValComparator$PostingsBasedCompetitiveState#update():615 [Inlined code]
                              at org.apache.lucene.search.comparators.TermOrdValComparator$TermOrdValLeafComparator#updateCompetitiveIterator():500 [JIT compiled code]
                              at org.apache.lucene.search.comparators.TermOrdValComparator$TermOrdValLeafComparator#setBottom():391 [JIT compiled code]
                              at org.apache.lucene.search.TopFieldCollector$TopFieldLeafCollector#collectCompetitiveHit():118 [JIT compiled code]
                              at org.apache.lucene.search.TopFieldCollector$SimpleFieldCollector$1#collect():209 [Inlined code]
                              at org.apache.lucene.search.LeafCollector$$Lambda.0x00000000321c3570#accept() [Inlined code]
                              at org.apache.lucene.util.FixedBitSet#forEach():944 [Inlined code]
0.51%         370M          org.apache.lucene.codecs.lucene104.Lucene104PostingsReader$BlockPostingsEnum#<init>():335 [JIT compiled code]
                              at org.apache.lucene.codecs.lucene104.Lucene104PostingsReader#postings():260 [Inlined code]
                              at org.apache.lucene.codecs.lucene103.blocktree.SegmentTermsEnum#postings():1010 [JIT compiled code]
                              at org.apache.lucene.search.comparators.TermOrdValComparator$PostingsBasedCompetitiveState#init():660 [JIT compiled code]
                              at org.apache.lucene.search.comparators.TermOrdValComparator$PostingsBasedCompetitiveState#update():615 [Inlined code]
                              at org.apache.lucene.search.comparators.TermOrdValComparator$TermOrdValLeafComparator#updateCompetitiveIterator():500 [JIT compiled code]
                              at org.apache.lucene.search.comparators.TermOrdValComparator$TermOrdValLeafComparator#setBottom():391 [JIT compiled code]
                              at org.apache.lucene.search.TopFieldCollector$TopFieldLeafCollector#collectCompetitiveHit():118 [JIT compiled code]
                              at org.apache.lucene.search.TopFieldCollector$SimpleFieldCollector$1#collect():209 [Inlined code]
                              at org.apache.lucene.search.LeafCollector$$Lambda.0x00000000231c3570#accept() [Inlined code]
                              at org.apache.lucene.util.FixedBitSet#forEach():944 [Inlined code]
                              at org.apache.lucene.util.FixedBitSet#forEach():931 [JIT compiled code]
0.51%         369M          org.apache.lucene.codecs.lucene104.Lucene104PostingsReader$BlockPostingsEnum#<init>():335 [JIT compiled code]
                              at org.apache.lucene.codecs.lucene104.Lucene104PostingsReader#postings():260 [Inlined code]
                              at org.apache.lucene.codecs.lucene103.blocktree.SegmentTermsEnum#postings():1010 [JIT compiled code]
                              at org.apache.lucene.search.comparators.TermOrdValComparator$PostingsBasedCompetitiveState#init():660 [JIT compiled code]
                              at org.apache.lucene.search.comparators.TermOrdValComparator$PostingsBasedCompetitiveState#update():615 [Inlined code]
                              at org.apache.lucene.search.comparators.TermOrdValComparator$TermOrdValLeafComparator#updateCompetitiveIterator():500 [JIT compiled code]
                              at org.apache.lucene.search.comparators.TermOrdValComparator$TermOrdValLeafComparator#setBottom():391 [JIT compiled code]
                              at org.apache.lucene.search.TopFieldCollector$TopFieldLeafCollector#collectCompetitiveHit():118 [JIT compiled code]
                              at org.apache.lucene.search.TopFieldCollector$SimpleFieldCollector$1#collect():209 [Inlined code]
                              at org.apache.lucene.search.LeafCollector$$Lambda.0x000000001e1c3570#accept() [Inlined code]
                              at org.apache.lucene.util.FixedBitSet#forEach():944 [Inlined code]
                              at org.apache.lucene.util.FixedBitSet#forEach():931 [JIT compiled code]
0.49%         357M          org.apache.lucene.codecs.lucene104.Lucene104PostingsReader$BlockPostingsEnum#<init>():335 [JIT compiled code]
                              at org.apache.lucene.codecs.lucene104.Lucene104PostingsReader#postings():260 [Inlined code]
                              at org.apache.lucene.codecs.lucene103.blocktree.SegmentTermsEnum#postings():1010 [JIT compiled code]
                              at org.apache.lucene.search.comparators.TermOrdValComparator$PostingsBasedCompetitiveState#init():660 [JIT compiled code]
                              at org.apache.lucene.search.comparators.TermOrdValComparator$PostingsBasedCompetitiveState#update():615 [Inlined code]
                              at org.apache.lucene.search.comparators.TermOrdValComparator$TermOrdValLeafComparator#updateCompetitiveIterator():500 [JIT compiled code]
                              at org.apache.lucene.search.comparators.TermOrdValComparator$TermOrdValLeafComparator#setBottom():391 [JIT compiled code]
                              at org.apache.lucene.search.TopFieldCollector$TopFieldLeafCollector#collectCompetitiveHit():118 [JIT compiled code]
                              at org.apache.lucene.search.TopFieldCollector$SimpleFieldCollector$1#collect():209 [Inlined code]
                              at org.apache.lucene.search.LeafCollector$$Lambda.0x00000000321c3570#accept() [Inlined code]
                              at org.apache.lucene.util.FixedBitSet#forEach():944 [Inlined code]
                              at org.apache.lucene.util.FixedBitSet#forEach():931 [JIT compiled code]
0.47%         346M          org.apache.lucene.codecs.lucene104.Lucene104PostingsReader$BlockPostingsEnum#<init>():302 [JIT compiled code]
                              at org.apache.lucene.codecs.lucene104.Lucene104PostingsReader#postings():260 [Inlined code]
                              at org.apache.lucene.codecs.lucene103.blocktree.SegmentTermsEnum#postings():1010 [JIT compiled code]
                              at org.apache.lucene.search.comparators.TermOrdValComparator$PostingsBasedCompetitiveState#init():660 [JIT compiled code]
                              at org.apache.lucene.search.comparators.TermOrdValComparator$PostingsBasedCompetitiveState#update():615 [Inlined code]
                              at org.apache.lucene.search.comparators.TermOrdValComparator$TermOrdValLeafComparator#updateCompetitiveIterator():500 [JIT compiled code]
                              at org.apache.lucene.search.comparators.TermOrdValComparator$TermOrdValLeafComparator#setBottom():391 [JIT compiled code]
                              at org.apache.lucene.search.TopFieldCollector$TopFieldLeafCollector#collectCompetitiveHit():118 [JIT compiled code]
                              at org.apache.lucene.search.TopFieldCollector$SimpleFieldCollector$1#collect():209 [Inlined code]
                              at org.apache.lucene.search.LeafCollector$$Lambda.0x00000000321c3570#accept() [Inlined code]
                              at org.apache.lucene.util.FixedBitSet#forEach():944 [Inlined code]
                              at org.apache.lucene.util.FixedBitSet#forEach():931 [JIT compiled code]
0.47%         342M          org.apache.lucene.codecs.lucene104.Lucene104PostingsReader$BlockPostingsEnum#<init>():302 [JIT compiled code]
                              at org.apache.lucene.codecs.lucene104.Lucene104PostingsReader#postings():260 [Inlined code]
                              at org.apache.lucene.codecs.lucene103.blocktree.SegmentTermsEnum#postings():1010 [JIT compiled code]
                              at org.apache.lucene.search.comparators.TermOrdValComparator$PostingsBasedCompetitiveState#init():660 [JIT compiled code]
                              at org.apache.lucene.search.comparators.TermOrdValComparator$PostingsBasedCompetitiveState#update():615 [Inlined code]
                              at org.apache.lucene.search.comparators.TermOrdValComparator$TermOrdValLeafComparator#updateCompetitiveIterator():500 [JIT compiled code]
                              at org.apache.lucene.search.comparators.TermOrdValComparator$TermOrdValLeafComparator#setBottom():391 [JIT compiled code]
                              at org.apache.lucene.search.TopFieldCollector$TopFieldLeafCollector#collectCompetitiveHit():118 [JIT compiled code]
                              at org.apache.lucene.search.TopFieldCollector$SimpleFieldCollector$1#collect():209 [Inlined code]
                              at org.apache.lucene.search.LeafCollector$$Lambda.0x00000000231c3570#accept() [Inlined code]
                              at org.apache.lucene.util.FixedBitSet#forEach():944 [Inlined code]
                              at org.apache.lucene.util.FixedBitSet#forEach():931 [JIT compiled code]
0.46%         338M          org.apache.lucene.util.FixedBitSet#<init>():148 [Inlined code]
                              at org.apache.lucene.codecs.lucene104.Lucene104PostingsReader$BlockPostingsEnum#<init>():307 [JIT compiled code]
                              at org.apache.lucene.codecs.lucene104.Lucene104PostingsReader#postings():260 [Inlined code]
                              at org.apache.lucene.codecs.lucene103.blocktree.SegmentTermsEnum#postings():1010 [JIT compiled code]
                              at org.apache.lucene.search.comparators.TermOrdValComparator$PostingsBasedCompetitiveState#init():660 [JIT compiled code]
                              at org.apache.lucene.search.comparators.TermOrdValComparator$PostingsBasedCompetitiveState#update():615 [Inlined code]
                              at org.apache.lucene.search.comparators.TermOrdValComparator$TermOrdValLeafComparator#updateCompetitiveIterator():500 [JIT compiled code]
                              at org.apache.lucene.search.comparators.TermOrdValComparator$TermOrdValLeafComparator#setBottom():391 [JIT compiled code]
                              at org.apache.lucene.search.TopFieldCollector$TopFieldLeafCollector#collectCompetitiveHit():118 [JIT compiled code]
                              at org.apache.lucene.search.TopFieldCollector$SimpleFieldCollector$1#collect():209 [Inlined code]
                              at org.apache.lucene.search.LeafCollector$$Lambda.0x00000000231c3570#accept() [Inlined code]
                              at org.apache.lucene.util.FixedBitSet#forEach():944 [Inlined code]
0.44%         321M          org.apache.lucene.util.FixedBitSet#<init>():148 [Inlined code]
                              at org.apache.lucene.codecs.lucene104.Lucene104PostingsReader$BlockPostingsEnum#<init>():307 [JIT compiled code]
                              at org.apache.lucene.codecs.lucene104.Lucene104PostingsReader#postings():260 [Inlined code]
                              at org.apache.lucene.codecs.lucene103.blocktree.SegmentTermsEnum#postings():1010 [JIT compiled code]
                              at org.apache.lucene.search.comparators.TermOrdValComparator$PostingsBasedCompetitiveState#init():660 [JIT compiled code]
                              at org.apache.lucene.search.comparators.TermOrdValComparator$PostingsBasedCompetitiveState#update():615 [Inlined code]
                              at org.apache.lucene.search.comparators.TermOrdValComparator$TermOrdValLeafComparator#updateCompetitiveIterator():500 [JIT compiled code]
                              at org.apache.lucene.search.comparators.TermOrdValComparator$TermOrdValLeafComparator#setBottom():391 [JIT compiled code]
                              at org.apache.lucene.search.TopFieldCollector$TopFieldLeafCollector#collectCompetitiveHit():118 [JIT compiled code]
                              at org.apache.lucene.search.TopFieldCollector$SimpleFieldCollector$1#collect():209 [Inlined code]
                              at org.apache.lucene.search.LeafCollector$$Lambda.0x000000001e1c3570#accept() [Inlined code]
                              at org.apache.lucene.util.FixedBitSet#forEach():944 [Inlined code]
0.43%         312M          org.apache.lucene.util.ArrayUtil#growExact():436 [Inlined code]
                              at org.apache.lucene.util.ArrayUtil#grow():448 [Inlined code]
                              at org.apache.lucene.codecs.lucene90.LZ4WithPresetDictCompressionMode$LZ4WithPresetDictDecompressor#decompress():132 [JIT compiled code]
                              at org.apache.lucene.codecs.lucene90.compressing.Lucene90CompressingStoredFieldsReader$BlockState#document():641 [JIT compiled code]
                              at org.apache.lucene.codecs.lucene90.compressing.Lucene90CompressingStoredFieldsReader#serializedDocument():673 [Inlined code]
                              at org.apache.lucene.codecs.lucene90.compressing.Lucene90CompressingStoredFieldsReader#document():691 [JIT compiled code]
                              at org.apache.lucene.index.CodecReader$1#document():101 [Inlined code]
                              at org.apache.lucene.index.BaseCompositeReader$2#document():190 [JIT compiled code]
                              at org.apache.lucene.index.StoredFields#document():68 [Inlined code]
                              at perf.SearchTask#printResults():771 [JIT compiled code]
                              at perf.UnparsedTask#printResults():85 [JIT compiled code]
                              at perf.SearchPerfTest#_main():770 [Interpreted code]
0.43%         310M          java.lang.Integer#valueOf():1006 [Inlined code]
                              at java.util.PrimitiveIterator$OfInt#next():129 [JIT compiled code]
                              at org.apache.lucene.facet.sortedset.AbstractSortedSetDocValueFacetCounts#computeTopChildren():317 [JIT compiled code]
                              at org.apache.lucene.facet.sortedset.AbstractSortedSetDocValueFacetCounts#getTopChildrenForPath():300 [Interpreted code]
                              at org.apache.lucene.facet.sortedset.AbstractSortedSetDocValueFacetCounts#getTopChildren():61 [Interpreted code]
                              at org.apache.lucene.facet.sortedset.SortedSetDocValuesFacetCounts#getTopChildren():57 [Interpreted code]
                              at perf.SearchTask#go():291 [Interpreted code]
                              at perf.UnparsedTask#go():57 [Interpreted code]
                              at perf.TaskThreads$RunTask#call():81 [Interpreted code]
                              at perf.TaskThreads$RunTask#call():64 [Interpreted code]
                              at java.util.concurrent.FutureTask#run():328 [JIT compiled code]
                              at java.util.concurrent.ThreadPoolExecutor#runWorker():1090 [Interpreted code]
0.41%         297M          perf.TaskParser#secondPassParse():208 [Interpreted code]
                              at perf.UnparsedTask#go():53 [Interpreted code]
                              at perf.TaskThreads$RunTask#call():81 [Interpreted code]
                              at perf.TaskThreads$RunTask#call():64 [Interpreted code]
                              at java.util.concurrent.FutureTask#run():328 [JIT compiled code]
                              at java.util.concurrent.ThreadPoolExecutor#runWorker():1090 [Interpreted code]
                              at java.util.concurrent.ThreadPoolExecutor$Worker#run():614 [Interpreted code]
                              at java.lang.Thread#runWith():1487 [Interpreted code]
                              at java.lang.Thread#run():1474 [Interpreted code]
0.40%         295M          org.apache.lucene.util.FixedBitSet#<init>():148 [Inlined code]
                              at org.apache.lucene.util.DocIdSetBuilder#upgradeToBitSet():282 [JIT compiled code]
                              at org.apache.lucene.util.DocIdSetBuilder#grow():225 [JIT compiled code]
                              at org.apache.lucene.search.comparators.NumericComparator$PointsCompetitiveDISIBuilder$1#grow():406 [Inlined code]
                              at org.apache.lucene.util.bkd.BKDReader$BKDPointTree#addAll():596 [JIT compiled code]
                              at org.apache.lucene.util.bkd.BKDReader$BKDPointTree#visitDocIDs():589 [Inlined code]
                              at org.apache.lucene.index.PointValues#intersect():361 [JIT compiled code]
                              at org.apache.lucene.index.PointValues#intersect():350 [Inlined code]
                              at org.apache.lucene.search.comparators.NumericComparator$PointsCompetitiveDISIBuilder#doUpdateCompetitiveIterator():476 [Inlined code]
                              at org.apache.lucene.search.comparators.NumericComparator$CompetitiveDISIBuilder#updateCompetitiveIterator():265 [Inlined code]
                              at org.apache.lucene.search.comparators.NumericComparator$NumericLeafComparator#setBottom():154 [Inlined code]
                              at org.apache.lucene.search.comparators.IntComparator$IntLeafComparator#setBottom():90 [JIT compiled code]

