Using java from: /home/goankur/jdk/corretto-25/bin/
use java command /home/goankur/jdk/corretto-25/bin/java -server -Xms2g -Xmx2g --add-modules jdk.incubator.vector -XX:+HeapDumpOnOutOfMemoryError -XX:+UseParallelGC
NOTE: perf executable is /usr/bin/perf; will collect aggregate CPU profiling data
NOTE: vmstat executable is /usr/bin/vmstat; will collect system-wide CPU/IO telemetry
WARNING: no gnuplot executable; will not generate system-wide CPU/IO graphs from vmstat
Using checkout:[/home/goankur/vsearch/bo/lucene-A] for competitor:[armA]
Using checkout:[/home/goankur/vsearch/bo/lucene-J] for competitor:[armJ]
Removing old JFR /home/goankur/vsearch/logs/bench-search-FAGc-armG-3.jfr...
Removing old JFR /home/goankur/vsearch/logs/bench-search-FAGc-armG-4.jfr...
Removing old JFR /home/goankur/vsearch/logs/bench-search-FAGc-armA-4.jfr...
Removing old JFR /home/goankur/vsearch/logs/bench-search-FAGc-armA-5.jfr...
Removing old JFR /home/goankur/vsearch/logs/bench-search-FAGc-armG-5.jfr...
Removing old JFR /home/goankur/vsearch/logs/bench-search-FAGc-armG-6.jfr...
Removing old JFR /home/goankur/vsearch/logs/bench-search-FAGc-armA-6.jfr...
Removing old JFR /home/goankur/vsearch/logs/bench-search-FAGc-armA-7.jfr...
Removing old JFR /home/goankur/vsearch/logs/bench-search-FAGc-armG-7.jfr...
Removing old JFR /home/goankur/vsearch/logs/bench-search-FAGc-armG-8.jfr...
Removing old JFR /home/goankur/vsearch/logs/bench-search-FAGc-armA-8.jfr...
Removing old JFR /home/goankur/vsearch/logs/bench-search-FAGc-armA-9.jfr...
Removing old JFR /home/goankur/vsearch/logs/bench-search-FAGc-armG-9.jfr...
Removing old JFR /home/goankur/vsearch/logs/bench-search-FAGc-armG-10.jfr...
Removing old JFR /home/goankur/vsearch/logs/bench-search-FAGc-armA-1.jfr...
Removing old JFR /home/goankur/vsearch/logs/bench-search-FAGc-armG-1.jfr...
Removing old JFR /home/goankur/vsearch/logs/bench-search-FAGc-armG-2.jfr...
Removing old JFR /home/goankur/vsearch/logs/bench-search-FAGc-armA-2.jfr...
Removing old JFR /home/goankur/vsearch/logs/bench-search-FAGc-armA-3.jfr...
Removing old JFR /home/goankur/vsearch/logs/bench-search-FAGc-armG-0.jfr...
Removing old JFR /home/goankur/vsearch/logs/bench-search-FAGc-armA-0.jfr...
Removing old JFR /home/goankur/vsearch/logs/bench-search-FAGc-armA-10.jfr...
Removing old JFR /home/goankur/vsearch/logs/bench-search-FAGc-armA-11.jfr...
Removing old JFR /home/goankur/vsearch/logs/bench-search-FAGc-armG-11.jfr...
Removing old JFR /home/goankur/vsearch/logs/bench-search-FAGc-armG-12.jfr...
Removing old JFR /home/goankur/vsearch/logs/bench-search-FAGc-armA-12.jfr...
Removing old JFR /home/goankur/vsearch/logs/bench-search-FAGc-armA-13.jfr...
Removing old JFR /home/goankur/vsearch/logs/bench-search-FAGc-armG-13.jfr...
Removing old JFR /home/goankur/vsearch/logs/bench-search-FAGc-armG-14.jfr...
Removing old JFR /home/goankur/vsearch/logs/bench-search-FAGc-armA-14.jfr...
Removing old JFR /home/goankur/vsearch/logs/bench-search-FAGc-armA-15.jfr...
Removing old JFR /home/goankur/vsearch/logs/bench-search-FAGc-armG-15.jfr...
Removing old JFR /home/goankur/vsearch/logs/bench-search-FAGc-armG-16.jfr...
Removing old JFR /home/goankur/vsearch/logs/bench-search-FAGc-armA-16.jfr...
Removing old JFR /home/goankur/vsearch/logs/bench-search-FAGc-armA-17.jfr...
Removing old JFR /home/goankur/vsearch/logs/bench-search-FAGc-armG-17.jfr...
Removing old JFR /home/goankur/vsearch/logs/bench-search-FAGc-armG-18.jfr...
Removing old JFR /home/goankur/vsearch/logs/bench-search-FAGc-armA-18.jfr...
Removing old JFR /home/goankur/vsearch/logs/bench-search-FAGc-armA-19.jfr...
Removing old JFR /home/goankur/vsearch/logs/bench-search-FAGc-armG-19.jfr...

JAVA:
WARNING: Using incubator modules: jdk.incubator.vector
openjdk version "25.0.4.1" 2026-08-18 LTS
OpenJDK Runtime Environment Corretto-25.0.4.8.1 (build 25.0.4.1+8-LTS)
OpenJDK 64-Bit Server VM Corretto-25.0.4.8.1 (build 25.0.4.1+8-LTS, mixed mode, sharing)


OS:
Linux ip-10-0-2-83.us-east-2.compute.internal 6.18.51-120.163.amzn2023.x86_64 #2 SMP PREEMPT_DYNAMIC Fri Sep 25 01:45:40 UTC 2026 x86_64 x86_64 x86_64 GNU/Linux


LOGS:
/home/goankur/vsearch/logs

Compile:
compile lucene:core...
    run: ['./gradlew', 'lucene:core:jar'], cwd=/home/goankur/vsearch/bo/lucene-J vmstatLogFile=None topLogFile=None
  /home/goankur/vsearch/bo/lucene-J/lucene/benchmark
files ['/home/goankur/vsearch/util/src/main/perf/Args.java', '/home/goankur/vsearch/util/src/main/perf/BatchPKLookup.java', '/home/goankur/vsearch/util/src/main/perf/BenchRearranger.java', '/home/goankur/vsearch/util/src/main/perf/CreateQueries.java', '/home/goankur/vsearch/util/src/main/perf/DiskUsage.java', '/home/goankur/vsearch/util/src/main/perf/IndexAndSearchOpenStreetMaps.java', '/home/goankur/vsearch/util/src/main/perf/IndexState.java', '/home/goankur/vsearch/util/src/main/perf/IndexTaxis.java', '/home/goankur/vsearch/util/src/main/perf/IndexThreads.java', '/home/goankur/vsearch/util/src/main/perf/Indexer.java', '/home/goankur/vsearch/util/src/main/perf/KeepNoCommitsDeletionPolicy.java', '/home/goankur/vsearch/util/src/main/perf/LineFileDocs.java', '/home/goankur/vsearch/util/src/main/perf/LocalTaskSource.java', '/home/goankur/vsearch/util/src/main/perf/NRTPerfTest.java', '/home/goankur/vsearch/util/src/main/perf/OpenCloseIndexWriter.java', '/home/goankur/vsearch/util/src/main/perf/OpenDirectory.java', '/home/goankur/vsearch/util/src/main/perf/PKLookupWithTermStateTask.java', '/home/goankur/vsearch/util/src/main/perf/PerfUtils.java', '/home/goankur/vsearch/util/src/main/perf/PointsPKLookupTask.java', '/home/goankur/vsearch/util/src/main/perf/RandomQuery.java', '/home/goankur/vsearch/util/src/main/perf/RemoteTaskSource.java', '/home/goankur/vsearch/util/src/main/perf/RespellTask.java', '/home/goankur/vsearch/util/src/main/perf/SearchPerfTest.java', '/home/goankur/vsearch/util/src/main/perf/SearchTask.java', '/home/goankur/vsearch/util/src/main/perf/SearchTaxis.java', '/home/goankur/vsearch/util/src/main/perf/StatisticsHelper.java', '/home/goankur/vsearch/util/src/main/perf/StringFieldDocSelector.java', '/home/goankur/vsearch/util/src/main/perf/Task.java', '/home/goankur/vsearch/util/src/main/perf/TaskParser.java', '/home/goankur/vsearch/util/src/main/perf/TaskParserFactory.java', '/home/goankur/vsearch/util/src/main/perf/TaskSource.java', '/home/goankur/vsearch/util/src/main/perf/TaskThreads.java', '/home/goankur/vsearch/util/src/main/perf/TestContext.java', '/home/goankur/vsearch/util/src/main/perf/TypePolluter.java', '/home/goankur/vsearch/util/src/main/perf/UnparsedTask.java', '/home/goankur/vsearch/util/src/main/perf/VectorDictionary.java']
compile: /home/goankur/jdk/corretto-25/bin/javac -g -d /home/goankur/vsearch/util/build -classpath /home/goankur/vsearch/bo/lucene-J/lucene/core/build/libs/lucene-core-11.0.0-SNAPSHOT.jar:/home/goankur/vsearch/bo/lucene-J/lucene/sandbox/build/classes/java/main:/home/goankur/vsearch/bo/lucene-J/lucene/misc/build/classes/java/main:/home/goankur/vsearch/bo/lucene-J/lucene/facet/build/classes/java/main:/home/goankur/vsearch/bo/lucene-J/lucene/analysis/common/build/classes/java/main:/home/goankur/vsearch/bo/lucene-J/lucene/analysis/icu/build/classes/java/main:/home/goankur/vsearch/bo/lucene-J/lucene/queryparser/build/classes/java/main:/home/goankur/vsearch/bo/lucene-J/lucene/grouping/build/classes/java/main:/home/goankur/vsearch/bo/lucene-J/lucene/suggest/build/classes/java/main:/home/goankur/vsearch/bo/lucene-J/lucene/highlighter/build/classes/java/main:/home/goankur/vsearch/bo/lucene-J/lucene/codecs/build/classes/java/main:/home/goankur/vsearch/bo/lucene-J/lucene/queries/build/classes/java/main:/home/goankur/vsearch/bo/lucene-J/lucene/join/build/classes/java/main:/home/goankur/vsearch/bo/lucene-J/lucene/spatial3d/build/classes/java/main:/home/goankur/vsearch/util/lib/HdrHistogram.jar:/home/goankur/vsearch/util/src/main/build/classes/java/main:/home/goankur/vsearch/util/build /home/goankur/vsearch/util/src/main/perf/Args.java /home/goankur/vsearch/util/src/main/perf/BatchPKLookup.java /home/goankur/vsearch/util/src/main/perf/BenchRearranger.java /home/goankur/vsearch/util/src/main/perf/CreateQueries.java /home/goankur/vsearch/util/src/main/perf/DiskUsage.java /home/goankur/vsearch/util/src/main/perf/IndexAndSearchOpenStreetMaps.java /home/goankur/vsearch/util/src/main/perf/IndexState.java /home/goankur/vsearch/util/src/main/perf/IndexTaxis.java /home/goankur/vsearch/util/src/main/perf/IndexThreads.java /home/goankur/vsearch/util/src/main/perf/Indexer.java /home/goankur/vsearch/util/src/main/perf/KeepNoCommitsDeletionPolicy.java /home/goankur/vsearch/util/src/main/perf/LineFileDocs.java /home/goankur/vsearch/util/src/main/perf/LocalTaskSource.java /home/goankur/vsearch/util/src/main/perf/NRTPerfTest.java /home/goankur/vsearch/util/src/main/perf/OpenCloseIndexWriter.java /home/goankur/vsearch/util/src/main/perf/OpenDirectory.java /home/goankur/vsearch/util/src/main/perf/PKLookupWithTermStateTask.java /home/goankur/vsearch/util/src/main/perf/PerfUtils.java /home/goankur/vsearch/util/src/main/perf/PointsPKLookupTask.java /home/goankur/vsearch/util/src/main/perf/RandomQuery.java /home/goankur/vsearch/util/src/main/perf/RemoteTaskSource.java /home/goankur/vsearch/util/src/main/perf/RespellTask.java /home/goankur/vsearch/util/src/main/perf/SearchPerfTest.java /home/goankur/vsearch/util/src/main/perf/SearchTask.java /home/goankur/vsearch/util/src/main/perf/SearchTaxis.java /home/goankur/vsearch/util/src/main/perf/StatisticsHelper.java /home/goankur/vsearch/util/src/main/perf/StringFieldDocSelector.java /home/goankur/vsearch/util/src/main/perf/Task.java /home/goankur/vsearch/util/src/main/perf/TaskParser.java /home/goankur/vsearch/util/src/main/perf/TaskParserFactory.java /home/goankur/vsearch/util/src/main/perf/TaskSource.java /home/goankur/vsearch/util/src/main/perf/TaskThreads.java /home/goankur/vsearch/util/src/main/perf/TestContext.java /home/goankur/vsearch/util/src/main/perf/TypePolluter.java /home/goankur/vsearch/util/src/main/perf/UnparsedTask.java /home/goankur/vsearch/util/src/main/perf/VectorDictionary.java
    run: ['/home/goankur/jdk/corretto-25/bin/javac', '-g', '-d', '/home/goankur/vsearch/util/build', '-classpath', '/home/goankur/vsearch/bo/lucene-J/lucene/core/build/libs/lucene-core-11.0.0-SNAPSHOT.jar:/home/goankur/vsearch/bo/lucene-J/lucene/sandbox/build/classes/java/main:/home/goankur/vsearch/bo/lucene-J/lucene/misc/build/classes/java/main:/home/goankur/vsearch/bo/lucene-J/lucene/facet/build/classes/java/main:/home/goankur/vsearch/bo/lucene-J/lucene/analysis/common/build/classes/java/main:/home/goankur/vsearch/bo/lucene-J/lucene/analysis/icu/build/classes/java/main:/home/goankur/vsearch/bo/lucene-J/lucene/queryparser/build/classes/java/main:/home/goankur/vsearch/bo/lucene-J/lucene/grouping/build/classes/java/main:/home/goankur/vsearch/bo/lucene-J/lucene/suggest/build/classes/java/main:/home/goankur/vsearch/bo/lucene-J/lucene/highlighter/build/classes/java/main:/home/goankur/vsearch/bo/lucene-J/lucene/codecs/build/classes/java/main:/home/goankur/vsearch/bo/lucene-J/lucene/queries/build/classes/java/main:/home/goankur/vsearch/bo/lucene-J/lucene/join/build/classes/java/main:/home/goankur/vsearch/bo/lucene-J/lucene/spatial3d/build/classes/java/main:/home/goankur/vsearch/util/lib/HdrHistogram.jar:/home/goankur/vsearch/util/src/main/build/classes/java/main:/home/goankur/vsearch/util/build', '/home/goankur/vsearch/util/src/main/perf/Args.java', '/home/goankur/vsearch/util/src/main/perf/BatchPKLookup.java', '/home/goankur/vsearch/util/src/main/perf/BenchRearranger.java', '/home/goankur/vsearch/util/src/main/perf/CreateQueries.java', '/home/goankur/vsearch/util/src/main/perf/DiskUsage.java', '/home/goankur/vsearch/util/src/main/perf/IndexAndSearchOpenStreetMaps.java', '/home/goankur/vsearch/util/src/main/perf/IndexState.java', '/home/goankur/vsearch/util/src/main/perf/IndexTaxis.java', '/home/goankur/vsearch/util/src/main/perf/IndexThreads.java', '/home/goankur/vsearch/util/src/main/perf/Indexer.java', '/home/goankur/vsearch/util/src/main/perf/KeepNoCommitsDeletionPolicy.java', '/home/goankur/vsearch/util/src/main/perf/LineFileDocs.java', '/home/goankur/vsearch/util/src/main/perf/LocalTaskSource.java', '/home/goankur/vsearch/util/src/main/perf/NRTPerfTest.java', '/home/goankur/vsearch/util/src/main/perf/OpenCloseIndexWriter.java', '/home/goankur/vsearch/util/src/main/perf/OpenDirectory.java', '/home/goankur/vsearch/util/src/main/perf/PKLookupWithTermStateTask.java', '/home/goankur/vsearch/util/src/main/perf/PerfUtils.java', '/home/goankur/vsearch/util/src/main/perf/PointsPKLookupTask.java', '/home/goankur/vsearch/util/src/main/perf/RandomQuery.java', '/home/goankur/vsearch/util/src/main/perf/RemoteTaskSource.java', '/home/goankur/vsearch/util/src/main/perf/RespellTask.java', '/home/goankur/vsearch/util/src/main/perf/SearchPerfTest.java', '/home/goankur/vsearch/util/src/main/perf/SearchTask.java', '/home/goankur/vsearch/util/src/main/perf/SearchTaxis.java', '/home/goankur/vsearch/util/src/main/perf/StatisticsHelper.java', '/home/goankur/vsearch/util/src/main/perf/StringFieldDocSelector.java', '/home/goankur/vsearch/util/src/main/perf/Task.java', '/home/goankur/vsearch/util/src/main/perf/TaskParser.java', '/home/goankur/vsearch/util/src/main/perf/TaskParserFactory.java', '/home/goankur/vsearch/util/src/main/perf/TaskSource.java', '/home/goankur/vsearch/util/src/main/perf/TaskThreads.java', '/home/goankur/vsearch/util/src/main/perf/TestContext.java', '/home/goankur/vsearch/util/src/main/perf/TypePolluter.java', '/home/goankur/vsearch/util/src/main/perf/UnparsedTask.java', '/home/goankur/vsearch/util/src/main/perf/VectorDictionary.java'], cwd=/home/goankur/vsearch/bo/lucene-J/lucene/benchmark vmstatLogFile=None topLogFile=None
compile lucene:core...
    run: ['./gradlew', 'lucene:core:jar'], cwd=/home/goankur/vsearch/bo/lucene-A vmstatLogFile=None topLogFile=None
  /home/goankur/vsearch/bo/lucene-A/lucene/benchmark
files ['/home/goankur/vsearch/util/src/main/perf/Args.java', '/home/goankur/vsearch/util/src/main/perf/BatchPKLookup.java', '/home/goankur/vsearch/util/src/main/perf/BenchRearranger.java', '/home/goankur/vsearch/util/src/main/perf/CreateQueries.java', '/home/goankur/vsearch/util/src/main/perf/DiskUsage.java', '/home/goankur/vsearch/util/src/main/perf/IndexAndSearchOpenStreetMaps.java', '/home/goankur/vsearch/util/src/main/perf/IndexState.java', '/home/goankur/vsearch/util/src/main/perf/IndexTaxis.java', '/home/goankur/vsearch/util/src/main/perf/IndexThreads.java', '/home/goankur/vsearch/util/src/main/perf/Indexer.java', '/home/goankur/vsearch/util/src/main/perf/KeepNoCommitsDeletionPolicy.java', '/home/goankur/vsearch/util/src/main/perf/LineFileDocs.java', '/home/goankur/vsearch/util/src/main/perf/LocalTaskSource.java', '/home/goankur/vsearch/util/src/main/perf/NRTPerfTest.java', '/home/goankur/vsearch/util/src/main/perf/OpenCloseIndexWriter.java', '/home/goankur/vsearch/util/src/main/perf/OpenDirectory.java', '/home/goankur/vsearch/util/src/main/perf/PKLookupWithTermStateTask.java', '/home/goankur/vsearch/util/src/main/perf/PerfUtils.java', '/home/goankur/vsearch/util/src/main/perf/PointsPKLookupTask.java', '/home/goankur/vsearch/util/src/main/perf/RandomQuery.java', '/home/goankur/vsearch/util/src/main/perf/RemoteTaskSource.java', '/home/goankur/vsearch/util/src/main/perf/RespellTask.java', '/home/goankur/vsearch/util/src/main/perf/SearchPerfTest.java', '/home/goankur/vsearch/util/src/main/perf/SearchTask.java', '/home/goankur/vsearch/util/src/main/perf/SearchTaxis.java', '/home/goankur/vsearch/util/src/main/perf/StatisticsHelper.java', '/home/goankur/vsearch/util/src/main/perf/StringFieldDocSelector.java', '/home/goankur/vsearch/util/src/main/perf/Task.java', '/home/goankur/vsearch/util/src/main/perf/TaskParser.java', '/home/goankur/vsearch/util/src/main/perf/TaskParserFactory.java', '/home/goankur/vsearch/util/src/main/perf/TaskSource.java', '/home/goankur/vsearch/util/src/main/perf/TaskThreads.java', '/home/goankur/vsearch/util/src/main/perf/TestContext.java', '/home/goankur/vsearch/util/src/main/perf/TypePolluter.java', '/home/goankur/vsearch/util/src/main/perf/UnparsedTask.java', '/home/goankur/vsearch/util/src/main/perf/VectorDictionary.java']
compile: /home/goankur/jdk/corretto-25/bin/javac -g -d /home/goankur/vsearch/util/build -classpath /home/goankur/vsearch/bo/lucene-A/lucene/core/build/libs/lucene-core-11.0.0-SNAPSHOT.jar:/home/goankur/vsearch/bo/lucene-A/lucene/sandbox/build/classes/java/main:/home/goankur/vsearch/bo/lucene-A/lucene/misc/build/classes/java/main:/home/goankur/vsearch/bo/lucene-A/lucene/facet/build/classes/java/main:/home/goankur/vsearch/bo/lucene-A/lucene/analysis/common/build/classes/java/main:/home/goankur/vsearch/bo/lucene-A/lucene/analysis/icu/build/classes/java/main:/home/goankur/vsearch/bo/lucene-A/lucene/queryparser/build/classes/java/main:/home/goankur/vsearch/bo/lucene-A/lucene/grouping/build/classes/java/main:/home/goankur/vsearch/bo/lucene-A/lucene/suggest/build/classes/java/main:/home/goankur/vsearch/bo/lucene-A/lucene/highlighter/build/classes/java/main:/home/goankur/vsearch/bo/lucene-A/lucene/codecs/build/classes/java/main:/home/goankur/vsearch/bo/lucene-A/lucene/queries/build/classes/java/main:/home/goankur/vsearch/bo/lucene-A/lucene/join/build/classes/java/main:/home/goankur/vsearch/bo/lucene-A/lucene/spatial3d/build/classes/java/main:/home/goankur/vsearch/util/lib/HdrHistogram.jar:/home/goankur/vsearch/util/src/main/build/classes/java/main:/home/goankur/vsearch/util/build /home/goankur/vsearch/util/src/main/perf/Args.java /home/goankur/vsearch/util/src/main/perf/BatchPKLookup.java /home/goankur/vsearch/util/src/main/perf/BenchRearranger.java /home/goankur/vsearch/util/src/main/perf/CreateQueries.java /home/goankur/vsearch/util/src/main/perf/DiskUsage.java /home/goankur/vsearch/util/src/main/perf/IndexAndSearchOpenStreetMaps.java /home/goankur/vsearch/util/src/main/perf/IndexState.java /home/goankur/vsearch/util/src/main/perf/IndexTaxis.java /home/goankur/vsearch/util/src/main/perf/IndexThreads.java /home/goankur/vsearch/util/src/main/perf/Indexer.java /home/goankur/vsearch/util/src/main/perf/KeepNoCommitsDeletionPolicy.java /home/goankur/vsearch/util/src/main/perf/LineFileDocs.java /home/goankur/vsearch/util/src/main/perf/LocalTaskSource.java /home/goankur/vsearch/util/src/main/perf/NRTPerfTest.java /home/goankur/vsearch/util/src/main/perf/OpenCloseIndexWriter.java /home/goankur/vsearch/util/src/main/perf/OpenDirectory.java /home/goankur/vsearch/util/src/main/perf/PKLookupWithTermStateTask.java /home/goankur/vsearch/util/src/main/perf/PerfUtils.java /home/goankur/vsearch/util/src/main/perf/PointsPKLookupTask.java /home/goankur/vsearch/util/src/main/perf/RandomQuery.java /home/goankur/vsearch/util/src/main/perf/RemoteTaskSource.java /home/goankur/vsearch/util/src/main/perf/RespellTask.java /home/goankur/vsearch/util/src/main/perf/SearchPerfTest.java /home/goankur/vsearch/util/src/main/perf/SearchTask.java /home/goankur/vsearch/util/src/main/perf/SearchTaxis.java /home/goankur/vsearch/util/src/main/perf/StatisticsHelper.java /home/goankur/vsearch/util/src/main/perf/StringFieldDocSelector.java /home/goankur/vsearch/util/src/main/perf/Task.java /home/goankur/vsearch/util/src/main/perf/TaskParser.java /home/goankur/vsearch/util/src/main/perf/TaskParserFactory.java /home/goankur/vsearch/util/src/main/perf/TaskSource.java /home/goankur/vsearch/util/src/main/perf/TaskThreads.java /home/goankur/vsearch/util/src/main/perf/TestContext.java /home/goankur/vsearch/util/src/main/perf/TypePolluter.java /home/goankur/vsearch/util/src/main/perf/UnparsedTask.java /home/goankur/vsearch/util/src/main/perf/VectorDictionary.java
    run: ['/home/goankur/jdk/corretto-25/bin/javac', '-g', '-d', '/home/goankur/vsearch/util/build', '-classpath', '/home/goankur/vsearch/bo/lucene-A/lucene/core/build/libs/lucene-core-11.0.0-SNAPSHOT.jar:/home/goankur/vsearch/bo/lucene-A/lucene/sandbox/build/classes/java/main:/home/goankur/vsearch/bo/lucene-A/lucene/misc/build/classes/java/main:/home/goankur/vsearch/bo/lucene-A/lucene/facet/build/classes/java/main:/home/goankur/vsearch/bo/lucene-A/lucene/analysis/common/build/classes/java/main:/home/goankur/vsearch/bo/lucene-A/lucene/analysis/icu/build/classes/java/main:/home/goankur/vsearch/bo/lucene-A/lucene/queryparser/build/classes/java/main:/home/goankur/vsearch/bo/lucene-A/lucene/grouping/build/classes/java/main:/home/goankur/vsearch/bo/lucene-A/lucene/suggest/build/classes/java/main:/home/goankur/vsearch/bo/lucene-A/lucene/highlighter/build/classes/java/main:/home/goankur/vsearch/bo/lucene-A/lucene/codecs/build/classes/java/main:/home/goankur/vsearch/bo/lucene-A/lucene/queries/build/classes/java/main:/home/goankur/vsearch/bo/lucene-A/lucene/join/build/classes/java/main:/home/goankur/vsearch/bo/lucene-A/lucene/spatial3d/build/classes/java/main:/home/goankur/vsearch/util/lib/HdrHistogram.jar:/home/goankur/vsearch/util/src/main/build/classes/java/main:/home/goankur/vsearch/util/build', '/home/goankur/vsearch/util/src/main/perf/Args.java', '/home/goankur/vsearch/util/src/main/perf/BatchPKLookup.java', '/home/goankur/vsearch/util/src/main/perf/BenchRearranger.java', '/home/goankur/vsearch/util/src/main/perf/CreateQueries.java', '/home/goankur/vsearch/util/src/main/perf/DiskUsage.java', '/home/goankur/vsearch/util/src/main/perf/IndexAndSearchOpenStreetMaps.java', '/home/goankur/vsearch/util/src/main/perf/IndexState.java', '/home/goankur/vsearch/util/src/main/perf/IndexTaxis.java', '/home/goankur/vsearch/util/src/main/perf/IndexThreads.java', '/home/goankur/vsearch/util/src/main/perf/Indexer.java', '/home/goankur/vsearch/util/src/main/perf/KeepNoCommitsDeletionPolicy.java', '/home/goankur/vsearch/util/src/main/perf/LineFileDocs.java', '/home/goankur/vsearch/util/src/main/perf/LocalTaskSource.java', '/home/goankur/vsearch/util/src/main/perf/NRTPerfTest.java', '/home/goankur/vsearch/util/src/main/perf/OpenCloseIndexWriter.java', '/home/goankur/vsearch/util/src/main/perf/OpenDirectory.java', '/home/goankur/vsearch/util/src/main/perf/PKLookupWithTermStateTask.java', '/home/goankur/vsearch/util/src/main/perf/PerfUtils.java', '/home/goankur/vsearch/util/src/main/perf/PointsPKLookupTask.java', '/home/goankur/vsearch/util/src/main/perf/RandomQuery.java', '/home/goankur/vsearch/util/src/main/perf/RemoteTaskSource.java', '/home/goankur/vsearch/util/src/main/perf/RespellTask.java', '/home/goankur/vsearch/util/src/main/perf/SearchPerfTest.java', '/home/goankur/vsearch/util/src/main/perf/SearchTask.java', '/home/goankur/vsearch/util/src/main/perf/SearchTaxis.java', '/home/goankur/vsearch/util/src/main/perf/StatisticsHelper.java', '/home/goankur/vsearch/util/src/main/perf/StringFieldDocSelector.java', '/home/goankur/vsearch/util/src/main/perf/Task.java', '/home/goankur/vsearch/util/src/main/perf/TaskParser.java', '/home/goankur/vsearch/util/src/main/perf/TaskParserFactory.java', '/home/goankur/vsearch/util/src/main/perf/TaskSource.java', '/home/goankur/vsearch/util/src/main/perf/TaskThreads.java', '/home/goankur/vsearch/util/src/main/perf/TestContext.java', '/home/goankur/vsearch/util/src/main/perf/TypePolluter.java', '/home/goankur/vsearch/util/src/main/perf/UnparsedTask.java', '/home/goankur/vsearch/util/src/main/perf/VectorDictionary.java'], cwd=/home/goankur/vsearch/bo/lucene-A/lucene/benchmark vmstatLogFile=None topLogFile=None

Create indices:
  /home/goankur/vsearch/indices/wikimedium10m.lucene-A.facets.taxonomy:Date.taxonomy:Month.taxonomy:DayOfYear.sortedset:Date.sortedset:Month.sortedset:DayOfYear.taxonomy:RandomLabel.sortedset:RandomLabel.Lucene90.Lucene104.dvfields.nd10M: already exists
    tasks file: /home/goankur/vsearch/util/tasks/wikimedium.10M.nostopwords.tasks

Search:
  iter 0
    armJ:
      NOTE: using experimental CPU time profiler (see https://mostlynerdless.de/blog/2025/06/11/java-25s-new-cpu-time-profiler-1)
      log: /home/goankur/vsearch/logs/FAJc.armJ.0 + stdout
      run: /usr/bin/perf stat -dd -e task-clock,cycles,instructions,cache-references,cache-misses,L1-dcache-loads,L1-dcache-load-misses,L1-icache-loads,L1-icache-load-misses,LLC-loads,LLC-load-misses,LLC-stores,LLC-store-misses,LLC-prefetches,LLC-prefetch-misses,faults,minor-faults,major-faults,branches,branch-misses,stalled-cycles-frontend,stalled-cycles-backend /home/goankur/jdk/corretto-25/bin/java -server -Xms2g -Xmx2g --add-modules jdk.incubator.vector -XX:+HeapDumpOnOutOfMemoryError -XX:+UseParallelGC -XX:StartFlightRecording=jdk.CPUTimeSample#enabled=true,dumponexit=true,maxsize=250M,settings=/home/goankur/vsearch/util/src/python/profiling.jfc,filename=/home/goankur/vsearch/logs/bench-search-FAJc-armJ-0.jfr -XX:+UnlockDiagnosticVMOptions -XX:+DebugNonSafepoints -classpath /home/goankur/vsearch/bo/lucene-J/lucene/core/build/libs/lucene-core-11.0.0-SNAPSHOT.jar:/home/goankur/vsearch/bo/lucene-J/lucene/sandbox/build/classes/java/main:/home/goankur/vsearch/bo/lucene-J/lucene/misc/build/classes/java/main:/home/goankur/vsearch/bo/lucene-J/lucene/facet/build/classes/java/main:/home/goankur/vsearch/bo/lucene-J/lucene/analysis/common/build/classes/java/main:/home/goankur/vsearch/bo/lucene-J/lucene/analysis/icu/build/classes/java/main:/home/goankur/vsearch/bo/lucene-J/lucene/queryparser/build/classes/java/main:/home/goankur/vsearch/bo/lucene-J/lucene/grouping/build/classes/java/main:/home/goankur/vsearch/bo/lucene-J/lucene/suggest/build/classes/java/main:/home/goankur/vsearch/bo/lucene-J/lucene/highlighter/build/classes/java/main:/home/goankur/vsearch/bo/lucene-J/lucene/codecs/build/classes/java/main:/home/goankur/vsearch/bo/lucene-J/lucene/queries/build/classes/java/main:/home/goankur/vsearch/bo/lucene-J/lucene/join/build/classes/java/main:/home/goankur/vsearch/bo/lucene-J/lucene/spatial3d/build/classes/java/main:/home/goankur/vsearch/util/lib/HdrHistogram.jar:/home/goankur/vsearch/util/src/main/build/classes/java/main:/home/goankur/vsearch/util/build perf.SearchPerfTest -dirImpl MMapDirectory -indexPath /home/goankur/vsearch/indices/wikimedium10m.lucene-A.facets.taxonomy:Date.taxonomy:Month.taxonomy:DayOfYear.sortedset:Date.sortedset:Month.sortedset:DayOfYear.taxonomy:RandomLabel.sortedset:RandomLabel.Lucene90.Lucene104.dvfields.nd10M -facets taxonomy:Date;Date -facets taxonomy:Month;Month -facets taxonomy:DayOfYear;DayOfYear -facets sortedset:Date;Date -facets sortedset:Month;Month -facets sortedset:DayOfYear;DayOfYear -facets taxonomy:RandomLabel;RandomLabel -facets sortedset:RandomLabel;RandomLabel -analyzer StandardAnalyzer -taskSource /home/goankur/vsearch/util/tasks/wikimedium.10M.nostopwords.tasks -numConcurrentQueries 5 -taskRepeatCount 20 -field body -tasksPerCat 1 -searchConcurrency -1 -staticSeed -8586789 -seed 673729 -similarity BM25Similarity -commit multi -hiliteImpl FastVectorHighlighter -log /home/goankur/vsearch/logs/FAJc.armJ.0 -topN 100 -context  -pk -pollute
      10.8 s
      216.6 actual sustained QPS; -1.0 CPU cores used
    armA:
      NOTE: using experimental CPU time profiler (see https://mostlynerdless.de/blog/2025/06/11/java-25s-new-cpu-time-profiler-1)
      log: /home/goankur/vsearch/logs/FAJc.armA.0 + stdout
      run: /usr/bin/perf stat -dd -e task-clock,cycles,instructions,cache-references,cache-misses,L1-dcache-loads,L1-dcache-load-misses,L1-icache-loads,L1-icache-load-misses,LLC-loads,LLC-load-misses,LLC-stores,LLC-store-misses,LLC-prefetches,LLC-prefetch-misses,faults,minor-faults,major-faults,branches,branch-misses,stalled-cycles-frontend,stalled-cycles-backend /home/goankur/jdk/corretto-25/bin/java -server -Xms2g -Xmx2g --add-modules jdk.incubator.vector -XX:+HeapDumpOnOutOfMemoryError -XX:+UseParallelGC -XX:StartFlightRecording=jdk.CPUTimeSample#enabled=true,dumponexit=true,maxsize=250M,settings=/home/goankur/vsearch/util/src/python/profiling.jfc,filename=/home/goankur/vsearch/logs/bench-search-FAJc-armA-0.jfr -XX:+UnlockDiagnosticVMOptions -XX:+DebugNonSafepoints -classpath /home/goankur/vsearch/bo/lucene-A/lucene/core/build/libs/lucene-core-11.0.0-SNAPSHOT.jar:/home/goankur/vsearch/bo/lucene-A/lucene/sandbox/build/classes/java/main:/home/goankur/vsearch/bo/lucene-A/lucene/misc/build/classes/java/main:/home/goankur/vsearch/bo/lucene-A/lucene/facet/build/classes/java/main:/home/goankur/vsearch/bo/lucene-A/lucene/analysis/common/build/classes/java/main:/home/goankur/vsearch/bo/lucene-A/lucene/analysis/icu/build/classes/java/main:/home/goankur/vsearch/bo/lucene-A/lucene/queryparser/build/classes/java/main:/home/goankur/vsearch/bo/lucene-A/lucene/grouping/build/classes/java/main:/home/goankur/vsearch/bo/lucene-A/lucene/suggest/build/classes/java/main:/home/goankur/vsearch/bo/lucene-A/lucene/highlighter/build/classes/java/main:/home/goankur/vsearch/bo/lucene-A/lucene/codecs/build/classes/java/main:/home/goankur/vsearch/bo/lucene-A/lucene/queries/build/classes/java/main:/home/goankur/vsearch/bo/lucene-A/lucene/join/build/classes/java/main:/home/goankur/vsearch/bo/lucene-A/lucene/spatial3d/build/classes/java/main:/home/goankur/vsearch/util/lib/HdrHistogram.jar:/home/goankur/vsearch/util/src/main/build/classes/java/main:/home/goankur/vsearch/util/build perf.SearchPerfTest -dirImpl MMapDirectory -indexPath /home/goankur/vsearch/indices/wikimedium10m.lucene-A.facets.taxonomy:Date.taxonomy:Month.taxonomy:DayOfYear.sortedset:Date.sortedset:Month.sortedset:DayOfYear.taxonomy:RandomLabel.sortedset:RandomLabel.Lucene90.Lucene104.dvfields.nd10M -facets taxonomy:Date;Date -facets taxonomy:Month;Month -facets taxonomy:DayOfYear;DayOfYear -facets sortedset:Date;Date -facets sortedset:Month;Month -facets sortedset:DayOfYear;DayOfYear -facets taxonomy:RandomLabel;RandomLabel -facets sortedset:RandomLabel;RandomLabel -analyzer StandardAnalyzer -taskSource /home/goankur/vsearch/util/tasks/wikimedium.10M.nostopwords.tasks -numConcurrentQueries 5 -taskRepeatCount 20 -field body -tasksPerCat 1 -searchConcurrency -1 -staticSeed -8586789 -seed 673729 -similarity BM25Similarity -commit multi -hiliteImpl FastVectorHighlighter -log /home/goankur/vsearch/logs/FAJc.armA.0 -topN 100 -context  -pk -pollute
      9.8 s
      231.3 actual sustained QPS; -1.0 CPU cores used

Report after iter 0:
QPSChart.supported == False
                            Task     P50 B     P50 C     Diff     P90 B     P90 C     Diff     P99 B     P99 C     Diff    P999 B    P999 C     Diff    P100 B    P100 C     Diff
           ('AndHighHigh', None)     3.158     1.759   -44.3%     9.352     4.487   -52.0%    16.861    14.445   -14.3%    16.861    14.445   -14.3%    45.431    29.850   -34.3%
('AndHighHighDayTaxoFacets', None)    30.780    30.395    -1.3%   142.330   103.375   -27.4%   169.209   149.192   -11.8%   169.209   149.192   -11.8%   190.870   192.485     0.8%
            ('AndHighLow', None)     0.488     0.511     4.7%     1.321     1.022   -22.7%     1.533     1.296   -15.4%     1.533     1.296   -15.4%     2.591    10.600   309.1%
            ('AndHighMed', None)     1.044     1.051     0.7%     3.412     1.806   -47.1%    10.144     4.342   -57.2%    10.144     4.342   -57.2%    19.466    19.663     1.0%
('AndHighMedDayTaxoFacets', None)     4.283     4.122    -3.8%    11.078    10.120    -8.7%    13.199    13.182    -0.1%    13.199    13.182    -0.1%   382.185   365.136    -4.5%
     ('AndMissingHigh', 'Title')     0.257     0.267     4.2%     0.983     1.078     9.7%     1.036     1.090     5.3%     1.036     1.090     5.3%     1.202     1.221     1.6%
              ('BM25MSM2', None)    18.433    16.831    -8.7%    30.518    25.774   -15.5%    37.406    31.231   -16.5%    37.406    31.231   -16.5%   207.850   236.387    13.7%
  ('BrowseDateSSDVFacets', None)   328.540   343.543     4.6%   361.568   395.043     9.3%   379.101   403.535     6.4%   379.101   403.535     6.4%   609.556   613.706     0.7%
  ('BrowseDateTaxoFacets', None)    73.047    73.029    -0.0%    90.054    86.536    -3.9%    92.125   105.235    14.2%    92.125   105.235    14.2%   115.975   132.101    13.9%
('BrowseDayOfYearSSDVFacets', None)    62.892    71.018    12.9%    83.682    86.776     3.7%   100.787    90.615   -10.1%   100.787    90.615   -10.1%   172.889   119.549   -30.9%
('BrowseDayOfYearTaxoFacets', None)    68.451    69.711     1.8%    85.563    88.796     3.8%    94.964   104.246     9.8%    94.964   104.246     9.8%   161.028   152.695    -5.2%
 ('BrowseMonthSSDVFacets', None)    62.100    63.676     2.5%    83.782    77.970    -6.9%    84.573    84.097    -0.6%    84.573    84.097    -0.6%   117.015   108.240    -7.5%
 ('BrowseMonthTaxoFacets', None)    27.443    87.138   217.5%    34.083    94.563   177.5%    95.463    98.982     3.7%    95.463    98.982     3.7%   146.247   184.815    26.4%
('BrowseRandomLabelSSDVFacets', None)    98.959    99.149     0.2%   113.171   118.252     4.5%   143.054   120.276   -15.9%   143.054   120.276   -15.9%   181.202   176.137    -2.8%
('BrowseRandomLabelTaxoFacets', None)    79.915    90.882    13.7%   106.478   120.761    13.4%   122.008   127.204     4.3%   122.008   127.204     4.3%   143.144   194.914    36.2%
             ('ConstMSM2', None)     0.830     0.831     0.0%     1.603     2.346    46.4%     2.571     6.793   164.3%     2.571     6.793   164.3%     4.918    17.766   261.2%
                ('Fuzzy1', None)    11.475    12.774    11.3%    20.735    18.861    -9.0%    56.341    31.524   -44.0%    56.341    31.524   -44.0%   197.589   435.422   120.4%
                ('Fuzzy2', None)    12.815    11.136   -13.1%    17.461    18.456     5.7%    19.155    18.904    -1.3%    19.155    18.904    -1.3%   257.488   603.934   134.5%
  ('HighIntervalsOrdered', None)    13.378    11.950   -10.7%    23.988    19.535   -18.6%    52.717    27.578   -47.7%    52.717    27.578   -47.7%   256.638   176.972   -31.0%
            ('HighPhrase', None)    10.654    10.753     0.9%    17.066    13.118   -23.1%    17.323    18.511     6.9%    17.323    18.511     6.9%    67.695    38.427   -43.2%
      ('HighSloppyPhrase', None)    14.534    12.120   -16.6%    19.452    15.702   -19.3%    21.141    20.320    -3.9%    21.141    20.320    -3.9%    30.078    22.717   -24.5%
          ('HighSpanNear', None)    19.425    16.435   -15.4%    26.048    22.117   -15.1%    26.299    26.082    -0.8%    26.299    26.082    -0.8%    71.638   101.771    42.1%
              ('HighTerm', None)     1.109     1.160     4.6%     2.164     3.957    82.8%     3.897    10.006   156.8%     3.897    10.006   156.8%    11.892    13.736    15.5%
('HighTermDayOfYearSort', 'DayOfYear')     2.193     2.164    -1.3%    11.757     8.281   -29.6%    12.161    13.395    10.1%    12.161    13.395    10.1%    49.883    38.698   -22.4%
  ('HighTermMonthSort', 'Month')     0.796     0.747    -6.1%     1.927     1.663   -13.7%     3.151     1.770   -43.8%     3.151     1.770   -43.8%     4.912    10.542   114.6%
('HighTermTitleBDVSort', 'TitleBinary')    10.110     8.791   -13.0%    15.353    15.261    -0.6%    20.067    22.168    10.5%    20.067    22.168    10.5%    54.945    97.518    77.5%
  ('HighTermTitleSort', 'Title')     9.337     7.681   -17.7%    16.768    13.036   -22.3%    25.862    23.026   -11.0%    25.862    23.026   -11.0%    75.840   106.972    41.1%
                ('IntNRQ', None)     1.197     1.249     4.4%     4.737     3.624   -23.5%     6.181     6.423     3.9%     6.181     6.423     3.9%    82.565   137.348    66.4%
                ('IntSet', None)     1.375     1.329    -3.4%     5.258     6.383    21.4%     7.300    10.295    41.0%     7.300    10.295    41.0%    40.167    32.291   -19.6%
   ('LowIntervalsOrdered', None)    14.744    14.813     0.5%    23.578    17.823   -24.4%    29.536    25.272   -14.4%    29.536    25.272   -14.4%    78.502    99.703    27.0%
             ('LowPhrase', None)    11.893    11.452    -3.7%    21.707    16.959   -21.9%    31.405    20.256   -35.5%    31.405    20.256   -35.5%    31.575    39.616    25.5%
       ('LowSloppyPhrase', None)    10.845    11.134     2.7%    19.897    17.175   -13.7%    46.914    17.656   -62.4%    46.914    17.656   -62.4%   241.100   110.366   -54.2%
           ('LowSpanNear', None)     9.663     9.485    -1.8%    14.946    15.211     1.8%    22.705    17.033   -25.0%    22.705    17.033   -25.0%    42.344    26.973   -36.3%
               ('LowTerm', None)     0.417     0.409    -1.9%     1.056     0.709   -32.8%     1.847     0.793   -57.1%     1.847     0.793   -57.1%    44.419    44.831     0.9%
   ('MedIntervalsOrdered', None)    11.368     9.835   -13.5%    19.100    12.927   -32.3%    20.470    13.465   -34.2%    20.470    13.465   -34.2%    25.381    33.531    32.1%
             ('MedPhrase', None)     5.682     5.432    -4.4%    15.435    10.666   -30.9%    31.903    15.042   -52.9%    31.903    15.042   -52.9%    90.238   120.153    33.2%
       ('MedSloppyPhrase', None)     5.521     4.277   -22.5%     7.210     5.632   -21.9%     7.270    12.611    73.5%     7.270    12.611    73.5%    33.146    16.487   -50.3%
           ('MedSpanNear', None)     6.693     5.313   -20.6%    12.758     7.140   -44.0%    17.898    18.362     2.6%    17.898    18.362     2.6%    98.111    62.853   -35.9%
               ('MedTerm', None)     0.603     0.617     2.3%     2.770     1.458   -47.4%     3.505     2.316   -33.9%     3.505     2.316   -33.9%     4.042     4.910    21.5%
  ('MedTermDayTaxoFacets', None)    11.038    11.119     0.7%    30.901    17.720   -42.7%    35.544    32.261    -9.2%    35.544    32.261    -9.2%    37.339    33.674    -9.8%
            ('OrHighHigh', None)     2.484     2.027   -18.4%     4.699     3.675   -21.8%     6.034     5.781    -4.2%     6.034     5.781    -4.2%    47.575    27.806   -41.6%
             ('OrHighLow', None)     0.883     0.851    -3.5%     1.585     1.769    11.6%     2.426     2.733    12.6%     2.426     2.733    12.6%     3.394    15.173   347.0%
             ('OrHighMed', None)     0.882     0.812    -7.9%     4.184     2.675   -36.1%    10.416     2.932   -71.8%    10.416     2.932   -71.8%    73.091    85.908    17.5%
('OrHighMedDayTaxoFacets', None)    70.458    73.016     3.6%    96.967    85.724   -11.6%   298.590    88.448   -70.4%   298.590    88.448   -70.4%   513.640   277.896   -45.9%
         ('OrHighNotHigh', None)     1.258     1.329     5.7%     3.597     3.311    -8.0%     7.789    12.288    57.8%     7.789    12.288    57.8%    20.181    12.334   -38.9%
          ('OrHighNotLow', None)     1.694     1.566    -7.6%     5.010     4.545    -9.3%    15.653     7.883   -49.6%    15.653     7.883   -49.6%    33.493    15.648   -53.3%
          ('OrHighNotMed', None)     1.111     1.016    -8.5%     2.806     2.817     0.4%    10.634     7.409   -30.3%    10.634     7.409   -30.3%    30.733     9.403   -69.4%
         ('OrNotHighHigh', None)     1.305     1.276    -2.2%     6.913     3.235   -53.2%     9.873     6.485   -34.3%     9.873     6.485   -34.3%    40.858    30.902   -24.4%
          ('OrNotHighLow', None)     0.565     0.632    11.8%     1.453     1.863    28.3%     2.642     2.212   -16.3%     2.642     2.212   -16.3%     2.914    23.629   711.0%
          ('OrNotHighMed', None)     1.058     0.956    -9.6%     4.312     2.547   -40.9%     4.956     2.552   -48.5%     4.956     2.552   -48.5%    31.229    25.448   -18.5%
                   ('PKLookup',)     5.470     5.488     0.3%     8.470     8.426    -0.5%    20.145    10.664   -47.1%    20.145    10.664   -47.1%    22.382   191.020   753.5%
               ('Prefix3', None)     0.961     1.145    19.2%     4.794     3.286   -31.5%     9.941     4.951   -50.2%     9.941     4.951   -50.2%    12.378    22.629    82.8%
                    ('Respell',)    15.390    17.235    12.0%    23.417    23.327    -0.4%    26.847    27.165     1.2%    26.847    27.165     1.2%    69.566    88.375    27.0%
('TermDateTimeSort', 'DateTime')     2.155     2.112    -2.0%     5.828     4.977   -14.6%     6.361    10.096    58.7%     6.361    10.096    58.7%    33.596    30.182   -10.2%
              ('Wildcard', None)     5.389     5.153    -4.4%     9.951     6.773   -31.9%    11.530    13.045    13.1%    11.530    13.045    13.1%    56.319    43.402   -22.9%
                 ('range', None)     0.192     0.173    -9.6%     0.363     0.695    91.7%     0.558     1.087    94.7%     0.558     1.087    94.7%     1.101     3.389   207.8%
                            Task    QPS armA      StdDev    QPS armJ      StdDev                Pct diff p-value
           BrowseMonthTaxoFacets       37.31      (0.0%)       11.52      (0.0%)  -69.1% ( -69% -  -69%) 1.000
       BrowseDayOfYearSSDVFacets       16.25      (0.0%)       14.11      (0.0%)  -13.2% ( -13% -  -13%) 1.000
     BrowseRandomLabelTaxoFacets       12.66      (0.0%)       11.17      (0.0%)  -11.8% ( -11% -  -11%) 1.000
                          Fuzzy1       91.53      (0.0%)       81.49      (0.0%)  -11.0% ( -10% -  -10%) 1.000
                    OrNotHighLow     1855.30      (0.0%)     1679.37      (0.0%)   -9.5% (  -9% -   -9%) 1.000
                         Respell       66.30      (0.0%)       60.77      (0.0%)   -8.4% (  -8% -   -8%) 1.000
                       ConstMSM2     1307.94      (0.0%)     1220.69      (0.0%)   -6.7% (  -6% -   -6%) 1.000
         AndHighMedDayTaxoFacets      259.49      (0.0%)      243.40      (0.0%)   -6.2% (  -6% -   -6%) 1.000
                HighSloppyPhrase       90.32      (0.0%)       85.21      (0.0%)   -5.7% (  -5% -   -5%) 1.000
                  AndMissingHigh     3982.25      (0.0%)     3771.72      (0.0%)   -5.3% (  -5% -   -5%) 1.000
           BrowseMonthSSDVFacets       16.45      (0.0%)       15.72      (0.0%)   -4.5% (  -4% -   -4%) 1.000
                         MedTerm     1700.64      (0.0%)     1633.11      (0.0%)   -4.0% (  -3% -   -3%) 1.000
          OrHighMedDayTaxoFacets       14.68      (0.0%)       14.10      (0.0%)   -3.9% (  -3% -   -3%) 1.000
       BrowseDayOfYearTaxoFacets       15.28      (0.0%)       14.70      (0.0%)   -3.7% (  -3% -   -3%) 1.000
            BrowseDateSSDVFacets        3.05      (0.0%)        2.95      (0.0%)   -3.5% (  -3% -   -3%) 1.000
                 LowSloppyPhrase       93.51      (0.0%)       90.23      (0.0%)   -3.5% (  -3% -   -3%) 1.000
                          IntNRQ      853.53      (0.0%)      824.73      (0.0%)   -3.4% (  -3% -   -3%) 1.000
                        HighTerm      915.55      (0.0%)      886.48      (0.0%)   -3.2% (  -3% -   -3%) 1.000
                      AndHighLow     2189.48      (0.0%)     2147.39      (0.0%)   -1.9% (  -1% -   -1%) 1.000
                      HighPhrase       96.50      (0.0%)       95.18      (0.0%)   -1.4% (  -1% -   -1%) 1.000
                    OrHighNotMed     1002.17      (0.0%)      994.20      (0.0%)   -0.8% (   0% -    0%) 1.000
     BrowseRandomLabelSSDVFacets       10.18      (0.0%)       10.11      (0.0%)   -0.7% (   0% -    0%) 1.000
                   OrHighNotHigh      817.16      (0.0%)      817.66      (0.0%)    0.1% (   0% -    0%) 1.000
                     LowSpanNear      105.76      (0.0%)      106.01      (0.0%)    0.2% (   0% -    0%) 1.000
                         LowTerm     2452.32      (0.0%)     2459.44      (0.0%)    0.3% (   0% -    0%) 1.000
                   OrNotHighHigh      792.71      (0.0%)      795.50      (0.0%)    0.4% (   0% -    0%) 1.000
                       OrHighLow     1210.89      (0.0%)     1216.31      (0.0%)    0.4% (   0% -    0%) 1.000
                      AndHighMed      968.39      (0.0%)      972.82      (0.0%)    0.5% (   0% -    0%) 1.000
             LowIntervalsOrdered       69.20      (0.0%)       69.98      (0.0%)    1.1% (   1% -    1%) 1.000
                        Wildcard      191.46      (0.0%)      194.15      (0.0%)    1.4% (   1% -    1%) 1.000
           HighTermDayOfYearSort      471.83      (0.0%)      478.59      (0.0%)    1.4% (   1% -    1%) 1.000
               HighTermMonthSort     1341.50      (0.0%)     1366.76      (0.0%)    1.9% (   1% -    1%) 1.000
            BrowseDateTaxoFacets       13.79      (0.0%)       14.07      (0.0%)    2.0% (   1% -    1%) 1.000
        AndHighHighDayTaxoFacets       33.48      (0.0%)       34.33      (0.0%)    2.6% (   2% -    2%) 1.000
                         Prefix3     1088.25      (0.0%)     1117.23      (0.0%)    2.7% (   2% -    2%) 1.000
                      TermDTSort      466.91      (0.0%)      481.27      (0.0%)    3.1% (   3% -    3%) 1.000
                          IntSet      757.67      (0.0%)      781.79      (0.0%)    3.2% (   3% -    3%) 1.000
                    OrNotHighMed     1074.76      (0.0%)     1113.49      (0.0%)    3.6% (   3% -    3%) 1.000
                     AndHighHigh      606.12      (0.0%)      631.38      (0.0%)    4.2% (   4% -    4%) 1.000
                        PKLookup      184.32      (0.0%)      193.24      (0.0%)    4.8% (   4% -    4%) 1.000
                       MedPhrase      178.76      (0.0%)      187.70      (0.0%)    5.0% (   5% -    5%) 1.000
            HighTermTitleBDVSort      108.87      (0.0%)      114.66      (0.0%)    5.3% (   5% -    5%) 1.000
                       OrHighMed     1180.37      (0.0%)     1243.69      (0.0%)    5.4% (   5% -    5%) 1.000
                       LowPhrase       85.18      (0.0%)       90.50      (0.0%)    6.2% (   6% -    6%) 1.000
                    OrHighNotLow      608.35      (0.0%)      648.31      (0.0%)    6.6% (   6% -    6%) 1.000
                        BM25MSM2       56.05      (0.0%)       60.22      (0.0%)    7.4% (   7% -    7%) 1.000
            MedTermDayTaxoFacets       90.62      (0.0%)       98.02      (0.0%)    8.2% (   8% -    8%) 1.000
                    HighSpanNear       56.24      (0.0%)       61.64      (0.0%)    9.6% (   9% -    9%) 1.000
                     MedSpanNear      176.45      (0.0%)      195.72      (0.0%)   10.9% (  10% -   10%) 1.000
                          Fuzzy2       81.91      (0.0%)       91.61      (0.0%)   11.8% (  11% -   11%) 1.000
            HighIntervalsOrdered       74.77      (0.0%)       83.93      (0.0%)   12.3% (  12% -   12%) 1.000
                           range     5330.38      (0.0%)     5983.97      (0.0%)   12.3% (  12% -   12%) 1.000
                      OrHighHigh      463.88      (0.0%)      522.24      (0.0%)   12.6% (  12% -   12%) 1.000
               HighTermTitleSort      115.82      (0.0%)      136.64      (0.0%)   18.0% (  17% -   17%) 1.000
             MedIntervalsOrdered       89.40      (0.0%)      107.19      (0.0%)   19.9% (  19% -   19%) 1.000
                 MedSloppyPhrase      182.17      (0.0%)      242.83      (0.0%)   33.3% (  33% -   33%) 1.000
  iter 1
    armA:
      NOTE: using experimental CPU time profiler (see https://mostlynerdless.de/blog/2025/06/11/java-25s-new-cpu-time-profiler-1)
      log: /home/goankur/vsearch/logs/FAJc.armA.1 + stdout
      run: /usr/bin/perf stat -dd -e task-clock,cycles,instructions,cache-references,cache-misses,L1-dcache-loads,L1-dcache-load-misses,L1-icache-loads,L1-icache-load-misses,LLC-loads,LLC-load-misses,LLC-stores,LLC-store-misses,LLC-prefetches,LLC-prefetch-misses,faults,minor-faults,major-faults,branches,branch-misses,stalled-cycles-frontend,stalled-cycles-backend /home/goankur/jdk/corretto-25/bin/java -server -Xms2g -Xmx2g --add-modules jdk.incubator.vector -XX:+HeapDumpOnOutOfMemoryError -XX:+UseParallelGC -XX:StartFlightRecording=jdk.CPUTimeSample#enabled=true,dumponexit=true,maxsize=250M,settings=/home/goankur/vsearch/util/src/python/profiling.jfc,filename=/home/goankur/vsearch/logs/bench-search-FAJc-armA-1.jfr -XX:+UnlockDiagnosticVMOptions -XX:+DebugNonSafepoints -classpath /home/goankur/vsearch/bo/lucene-A/lucene/core/build/libs/lucene-core-11.0.0-SNAPSHOT.jar:/home/goankur/vsearch/bo/lucene-A/lucene/sandbox/build/classes/java/main:/home/goankur/vsearch/bo/lucene-A/lucene/misc/build/classes/java/main:/home/goankur/vsearch/bo/lucene-A/lucene/facet/build/classes/java/main:/home/goankur/vsearch/bo/lucene-A/lucene/analysis/common/build/classes/java/main:/home/goankur/vsearch/bo/lucene-A/lucene/analysis/icu/build/classes/java/main:/home/goankur/vsearch/bo/lucene-A/lucene/queryparser/build/classes/java/main:/home/goankur/vsearch/bo/lucene-A/lucene/grouping/build/classes/java/main:/home/goankur/vsearch/bo/lucene-A/lucene/suggest/build/classes/java/main:/home/goankur/vsearch/bo/lucene-A/lucene/highlighter/build/classes/java/main:/home/goankur/vsearch/bo/lucene-A/lucene/codecs/build/classes/java/main:/home/goankur/vsearch/bo/lucene-A/lucene/queries/build/classes/java/main:/home/goankur/vsearch/bo/lucene-A/lucene/join/build/classes/java/main:/home/goankur/vsearch/bo/lucene-A/lucene/spatial3d/build/classes/java/main:/home/goankur/vsearch/util/lib/HdrHistogram.jar:/home/goankur/vsearch/util/src/main/build/classes/java/main:/home/goankur/vsearch/util/build perf.SearchPerfTest -dirImpl MMapDirectory -indexPath /home/goankur/vsearch/indices/wikimedium10m.lucene-A.facets.taxonomy:Date.taxonomy:Month.taxonomy:DayOfYear.sortedset:Date.sortedset:Month.sortedset:DayOfYear.taxonomy:RandomLabel.sortedset:RandomLabel.Lucene90.Lucene104.dvfields.nd10M -facets taxonomy:Date;Date -facets taxonomy:Month;Month -facets taxonomy:DayOfYear;DayOfYear -facets sortedset:Date;Date -facets sortedset:Month;Month -facets sortedset:DayOfYear;DayOfYear -facets taxonomy:RandomLabel;RandomLabel -facets sortedset:RandomLabel;RandomLabel -analyzer StandardAnalyzer -taskSource /home/goankur/vsearch/util/tasks/wikimedium.10M.nostopwords.tasks -numConcurrentQueries 5 -taskRepeatCount 20 -field body -tasksPerCat 1 -searchConcurrency -1 -staticSeed -8586789 -seed -9743590 -similarity BM25Similarity -commit multi -hiliteImpl FastVectorHighlighter -log /home/goankur/vsearch/logs/FAJc.armA.1 -topN 100 -context  -pk -pollute
      9.7 s
      249.8 actual sustained QPS; -1.0 CPU cores used
    armJ:
      NOTE: using experimental CPU time profiler (see https://mostlynerdless.de/blog/2025/06/11/java-25s-new-cpu-time-profiler-1)
      log: /home/goankur/vsearch/logs/FAJc.armJ.1 + stdout
      run: /usr/bin/perf stat -dd -e task-clock,cycles,instructions,cache-references,cache-misses,L1-dcache-loads,L1-dcache-load-misses,L1-icache-loads,L1-icache-load-misses,LLC-loads,LLC-load-misses,LLC-stores,LLC-store-misses,LLC-prefetches,LLC-prefetch-misses,faults,minor-faults,major-faults,branches,branch-misses,stalled-cycles-frontend,stalled-cycles-backend /home/goankur/jdk/corretto-25/bin/java -server -Xms2g -Xmx2g --add-modules jdk.incubator.vector -XX:+HeapDumpOnOutOfMemoryError -XX:+UseParallelGC -XX:StartFlightRecording=jdk.CPUTimeSample#enabled=true,dumponexit=true,maxsize=250M,settings=/home/goankur/vsearch/util/src/python/profiling.jfc,filename=/home/goankur/vsearch/logs/bench-search-FAJc-armJ-1.jfr -XX:+UnlockDiagnosticVMOptions -XX:+DebugNonSafepoints -classpath /home/goankur/vsearch/bo/lucene-J/lucene/core/build/libs/lucene-core-11.0.0-SNAPSHOT.jar:/home/goankur/vsearch/bo/lucene-J/lucene/sandbox/build/classes/java/main:/home/goankur/vsearch/bo/lucene-J/lucene/misc/build/classes/java/main:/home/goankur/vsearch/bo/lucene-J/lucene/facet/build/classes/java/main:/home/goankur/vsearch/bo/lucene-J/lucene/analysis/common/build/classes/java/main:/home/goankur/vsearch/bo/lucene-J/lucene/analysis/icu/build/classes/java/main:/home/goankur/vsearch/bo/lucene-J/lucene/queryparser/build/classes/java/main:/home/goankur/vsearch/bo/lucene-J/lucene/grouping/build/classes/java/main:/home/goankur/vsearch/bo/lucene-J/lucene/suggest/build/classes/java/main:/home/goankur/vsearch/bo/lucene-J/lucene/highlighter/build/classes/java/main:/home/goankur/vsearch/bo/lucene-J/lucene/codecs/build/classes/java/main:/home/goankur/vsearch/bo/lucene-J/lucene/queries/build/classes/java/main:/home/goankur/vsearch/bo/lucene-J/lucene/join/build/classes/java/main:/home/goankur/vsearch/bo/lucene-J/lucene/spatial3d/build/classes/java/main:/home/goankur/vsearch/util/lib/HdrHistogram.jar:/home/goankur/vsearch/util/src/main/build/classes/java/main:/home/goankur/vsearch/util/build perf.SearchPerfTest -dirImpl MMapDirectory -indexPath /home/goankur/vsearch/indices/wikimedium10m.lucene-A.facets.taxonomy:Date.taxonomy:Month.taxonomy:DayOfYear.sortedset:Date.sortedset:Month.sortedset:DayOfYear.taxonomy:RandomLabel.sortedset:RandomLabel.Lucene90.Lucene104.dvfields.nd10M -facets taxonomy:Date;Date -facets taxonomy:Month;Month -facets taxonomy:DayOfYear;DayOfYear -facets sortedset:Date;Date -facets sortedset:Month;Month -facets sortedset:DayOfYear;DayOfYear -facets taxonomy:RandomLabel;RandomLabel -facets sortedset:RandomLabel;RandomLabel -analyzer StandardAnalyzer -taskSource /home/goankur/vsearch/util/tasks/wikimedium.10M.nostopwords.tasks -numConcurrentQueries 5 -taskRepeatCount 20 -field body -tasksPerCat 1 -searchConcurrency -1 -staticSeed -8586789 -seed -9743590 -similarity BM25Similarity -commit multi -hiliteImpl FastVectorHighlighter -log /home/goankur/vsearch/logs/FAJc.armJ.1 -topN 100 -context  -pk -pollute
      9.9 s
      228.8 actual sustained QPS; -1.0 CPU cores used

Report after iter 1:
QPSChart.supported == False
                            Task     P50 B     P50 C     Diff     P90 B     P90 C     Diff     P99 B     P99 C     Diff    P999 B    P999 C     Diff    P100 B    P100 C     Diff
           ('AndHighHigh', None)     2.566     2.038   -20.6%     7.962     8.416     5.7%    11.183     8.604   -23.1%    11.183     8.604   -23.1%    93.588    77.200   -17.5%
('AndHighHighDayTaxoFacets', None)    28.372    29.121     2.6%    42.573    32.930   -22.7%    84.861   120.448    41.9%    84.861   120.448    41.9%   196.551   207.883     5.8%
            ('AndHighLow', None)     0.425     0.454     6.7%     0.908     0.950     4.6%     1.092     1.932    76.9%     1.092     1.932    76.9%     3.107     3.382     8.8%
            ('AndHighMed', None)     1.003     1.089     8.5%     4.307     2.245   -47.9%     5.787     3.485   -39.8%     5.787     3.485   -39.8%    57.316    52.004    -9.3%
('AndHighMedDayTaxoFacets', None)     3.729     3.540    -5.1%    12.496    11.271    -9.8%    18.787    23.619    25.7%    18.787    23.619    25.7%   150.863   180.619    19.7%
     ('AndMissingHigh', 'Title')     0.303     0.300    -1.1%     0.664     0.632    -4.8%     1.043     1.589    52.3%     1.043     1.589    52.3%    14.923    16.932    13.5%
              ('BM25MSM2', None)    16.899    18.215     7.8%    35.815    26.641   -25.6%    59.427    98.893    66.4%    59.427    98.893    66.4%   168.353   182.658     8.5%
  ('BrowseDateSSDVFacets', None)   381.759   376.616    -1.3%   449.776   421.564    -6.3%   476.242   489.602     2.8%   476.242   489.602     2.8%   653.833   642.877    -1.7%
  ('BrowseDateTaxoFacets', None)    63.033    72.143    14.5%    77.191    94.492    22.4%    86.068    96.405    12.0%    86.068    96.405    12.0%    88.355    97.419    10.3%
('BrowseDayOfYearSSDVFacets', None)    71.107    62.360   -12.3%    84.228    84.427     0.2%    88.885    94.053     5.8%    88.885    94.053     5.8%    89.071    95.483     7.2%
('BrowseDayOfYearTaxoFacets', None)    65.755    69.093     5.1%    74.808    84.917    13.5%    75.526    98.765    30.8%    75.526    98.765    30.8%   159.639   129.243   -19.0%
 ('BrowseMonthSSDVFacets', None)    67.378    62.360    -7.4%    86.268    77.774    -9.8%    94.330    79.376   -15.9%    94.330    79.376   -15.9%   152.995   224.516    46.7%
 ('BrowseMonthTaxoFacets', None)    29.003    87.698   202.4%    81.743   101.994    24.8%    82.017   117.682    43.5%    82.017   117.682    43.5%   230.243   226.286    -1.7%
('BrowseRandomLabelSSDVFacets', None)    88.638    88.269    -0.4%   115.334   110.239    -4.4%   131.572   125.163    -4.9%   131.572   125.163    -4.9%   134.189   128.649    -4.1%
('BrowseRandomLabelTaxoFacets', None)    78.407    81.123     3.5%   106.145   100.676    -5.2%   111.101   136.171    22.6%   111.101   136.171    22.6%   126.477   157.180    24.3%
             ('ConstMSM2', None)     0.852     0.793    -7.0%     3.534     1.360   -61.5%    10.092    14.958    48.2%    10.092    14.958    48.2%    27.536    15.560   -43.5%
                ('Fuzzy1', None)    12.019    12.054     0.3%    28.843    24.470   -15.2%    39.781    54.428    36.8%    39.781    54.428    36.8%    78.518    80.454     2.5%
                ('Fuzzy2', None)    12.343    12.785     3.6%    26.763    31.199    16.6%    66.863    83.884    25.5%    66.863    83.884    25.5%   241.001   196.629   -18.4%
  ('HighIntervalsOrdered', None)    12.217    12.268     0.4%    25.866    23.195   -10.3%    29.372    25.472   -13.3%    29.372    25.472   -13.3%    35.054    33.773    -3.7%
            ('HighPhrase', None)    10.982    11.137     1.4%    15.836    18.697    18.1%    24.438    19.244   -21.3%    24.438    19.244   -21.3%    43.806    26.410   -39.7%
      ('HighSloppyPhrase', None)    12.033    10.664   -11.4%    20.261    21.264     5.0%    23.708    26.215    10.6%    23.708    26.215    10.6%    32.594    44.003    35.0%
          ('HighSpanNear', None)    19.034    16.447   -13.6%    25.508    30.598    20.0%    27.061    36.825    36.1%    27.061    36.825    36.1%   172.993   168.514    -2.6%
              ('HighTerm', None)     1.183     1.232     4.2%     2.073     2.840    37.0%     2.947     3.328    13.0%     2.947     3.328    13.0%    18.219     4.154   -77.2%
('HighTermDayOfYearSort', 'DayOfYear')     2.520     2.192   -13.0%     8.970     8.235    -8.2%    14.555     9.558   -34.3%    14.555     9.558   -34.3%    71.113    61.968   -12.9%
  ('HighTermMonthSort', 'Month')     0.809     0.757    -6.5%     1.762     3.061    73.8%     1.909     4.428   132.0%     1.909     4.428   132.0%     7.710     6.447   -16.4%
('HighTermTitleBDVSort', 'TitleBinary')     9.043     9.050     0.1%    19.563    17.244   -11.9%    22.126    20.214    -8.6%    22.126    20.214    -8.6%    83.141    73.932   -11.1%
  ('HighTermTitleSort', 'Title')     8.293     7.216   -13.0%    21.378    17.331   -18.9%    31.849    38.177    19.9%    31.849    38.177    19.9%   118.997    89.711   -24.6%
                ('IntNRQ', None)     1.539     1.740    13.1%    13.226     3.862   -70.8%    30.623     4.766   -84.4%    30.623     4.766   -84.4%    74.793    85.451    14.3%
                ('IntSet', None)     1.614     1.783    10.5%     4.822     6.227    29.1%     9.074     7.282   -19.7%     9.074     7.282   -19.7%    89.160    83.781    -6.0%
   ('LowIntervalsOrdered', None)    13.713    13.685    -0.2%    26.149    21.314   -18.5%    26.496    24.123    -9.0%    26.496    24.123    -9.0%   192.798   188.760    -2.1%
             ('LowPhrase', None)    11.139    10.651    -4.4%    15.042    11.998   -20.2%    22.357    36.020    61.1%    22.357    36.020    61.1%    61.984    61.834    -0.2%
       ('LowSloppyPhrase', None)    10.396    10.852     4.4%    19.098    18.264    -4.4%    25.428    25.328    -0.4%    25.428    25.328    -0.4%   106.436   119.736    12.5%
           ('LowSpanNear', None)     9.568     9.657     0.9%    16.387    16.519     0.8%    21.484    21.572     0.4%    21.484    21.572     0.4%    22.147    38.261    72.8%
               ('LowTerm', None)     0.423     0.427     0.8%     1.029     1.121     8.9%     1.952     2.399    22.9%     1.952     2.399    22.9%     3.402     3.215    -5.5%
   ('MedIntervalsOrdered', None)     9.852     9.939     0.9%    17.476    11.729   -32.9%    17.700    17.703     0.0%    17.700    17.703     0.0%    41.259    27.420   -33.5%
             ('MedPhrase', None)     5.398     5.402     0.1%    13.538     7.660   -43.4%    19.176    25.248    31.7%    19.176    25.248    31.7%   229.155   202.626   -11.6%
       ('MedSloppyPhrase', None)     4.600     5.250    14.1%     7.704     8.408     9.1%     7.887     9.898    25.5%     7.887     9.898    25.5%    17.362    13.791   -20.6%
           ('MedSpanNear', None)     6.800     6.596    -3.0%    10.594    10.400    -1.8%    12.695    11.817    -6.9%    12.695    11.817    -6.9%    22.094    22.015    -0.4%
               ('MedTerm', None)     0.695     0.672    -3.3%     1.727     2.682    55.2%     2.186     3.965    81.4%     2.186     3.965    81.4%     2.896    17.454   502.7%
  ('MedTermDayTaxoFacets', None)    11.430    10.330    -9.6%    26.546    23.497   -11.5%    29.969    24.554   -18.1%    29.969    24.554   -18.1%    45.579    25.896   -43.2%
            ('OrHighHigh', None)     2.212     2.922    32.1%     7.771     8.263     6.3%    10.600    10.533    -0.6%    10.600    10.533    -0.6%    36.618    28.040   -23.4%
             ('OrHighLow', None)     0.833     0.811    -2.7%     2.332     1.558   -33.2%     3.081     1.628   -47.2%     3.081     1.628   -47.2%    67.763    62.940    -7.1%
             ('OrHighMed', None)     0.874     0.827    -5.4%     2.676     2.471    -7.6%     4.167     3.089   -25.9%     4.167     3.089   -25.9%    25.112    28.533    13.6%
('OrHighMedDayTaxoFacets', None)    64.913    68.419     5.4%   102.176    87.138   -14.7%   160.730   218.922    36.2%   160.730   218.922    36.2%   350.037   347.077    -0.8%
         ('OrHighNotHigh', None)     1.328     1.293    -2.7%     4.264     3.222   -24.4%     8.207     4.950   -39.7%     8.207     4.950   -39.7%    17.341     9.506   -45.2%
          ('OrHighNotLow', None)     1.802     1.816     0.8%     5.006     5.476     9.4%     6.338    15.251   140.6%     6.338    15.251   140.6%     9.851    35.057   255.9%
          ('OrHighNotMed', None)     1.288     1.172    -9.0%     2.827     2.080   -26.4%     6.233     2.253   -63.9%     6.233     2.253   -63.9%     9.425     4.093   -56.6%
         ('OrNotHighHigh', None)     1.644     1.566    -4.8%    10.271     8.936   -13.0%    10.816     9.495   -12.2%    10.816     9.495   -12.2%    28.267    24.728   -12.5%
          ('OrNotHighLow', None)     0.528     0.603    14.3%     1.821     1.565   -14.0%     2.110     2.014    -4.6%     2.110     2.014    -4.6%     4.791     5.406    12.8%
          ('OrNotHighMed', None)     1.218     0.972   -20.2%     2.735     2.764     1.1%    15.351    10.072   -34.4%    15.351    10.072   -34.4%    17.191    24.905    44.9%
                   ('PKLookup',)     4.780     4.785     0.1%     9.330    15.098    61.8%    20.131    20.523     1.9%    20.131    20.523     1.9%    20.203    50.553   150.2%
               ('Prefix3', None)     1.033     1.168    13.2%     4.051     4.551    12.3%     6.832    17.452   155.5%     6.832    17.452   155.5%    13.473    73.005   441.9%
                    ('Respell',)    16.656    17.694     6.2%    20.133    23.542    16.9%    24.780    26.449     6.7%    24.780    26.449     6.7%    47.070    45.706    -2.9%
('TermDateTimeSort', 'DateTime')     2.312     2.368     2.4%     5.525     6.094    10.3%    11.636    11.334    -2.6%    11.636    11.334    -2.6%    19.651    27.449    39.7%
              ('Wildcard', None)     5.421     5.347    -1.4%     9.717    15.868    63.3%    26.591    21.472   -19.3%    26.591    21.472   -19.3%    35.340    23.827   -32.6%
                 ('range', None)     0.187     0.175    -6.2%     0.511     0.461    -9.6%     1.006     1.074     6.8%     1.006     1.074     6.8%     3.368     1.675   -50.3%
                            Task    QPS armA      StdDev    QPS armJ      StdDev                Pct diff p-value
           BrowseMonthTaxoFacets       36.26      (4.1%)       11.56      (0.1%)  -68.1% ( -69% -  -66%) 0.000
                    OrNotHighLow     1898.00      (3.2%)     1699.89      (1.5%)  -10.4% ( -14% -   -5%) 0.000
                          Fuzzy1       90.25      (2.0%)       83.54      (3.2%)   -7.4% ( -12% -   -2%) 0.006
     BrowseRandomLabelTaxoFacets       12.76      (1.0%)       11.88      (7.8%)   -6.9% ( -15% -    1%) 0.216
                          IntNRQ      801.27      (9.2%)      749.63     (13.3%)   -6.4% ( -26% -   17%) 0.573
                      AndHighLow     2336.28      (8.9%)     2206.05      (3.6%)   -5.6% ( -16% -    7%) 0.410
                         Respell       64.59      (3.8%)       61.03      (0.6%)   -5.5% (  -9% -   -1%) 0.041
       BrowseDayOfYearTaxoFacets       15.52      (2.2%)       14.69      (0.2%)   -5.4% (  -7% -   -3%) 0.001
                        HighTerm      910.33      (0.8%)      875.50      (1.7%)   -3.8% (  -6% -   -1%) 0.004
                 LowSloppyPhrase       95.33      (2.7%)       91.96      (2.6%)   -3.5% (  -8% -    1%) 0.180
            BrowseDateTaxoFacets       14.91     (10.6%)       14.38      (3.0%)   -3.5% ( -15% -   11%) 0.650
               HighTermMonthSort     1402.07      (6.1%)     1370.29      (0.4%)   -2.3% (  -8% -    4%) 0.600
          OrHighMedDayTaxoFacets       15.24      (5.2%)       14.91      (7.5%)   -2.2% ( -14% -   11%) 0.739
         AndHighMedDayTaxoFacets      268.75      (4.9%)      264.63     (11.2%)   -1.5% ( -16% -   15%) 0.859
                      HighPhrase       94.52      (3.0%)       93.11      (3.1%)   -1.5% (  -7% -    4%) 0.622
            BrowseDateSSDVFacets        2.85     (10.3%)        2.81      (6.9%)   -1.4% ( -16% -   17%) 0.872
                      AndHighMed      993.02      (3.5%)      979.77      (1.0%)   -1.3% (  -5% -    3%) 0.605
                          IntSet      729.40      (5.5%)      720.06     (12.0%)   -1.3% ( -17% -   17%) 0.891
                         MedTerm     1586.62     (10.2%)     1575.53      (5.1%)   -0.7% ( -14% -   16%) 0.931
       BrowseDayOfYearSSDVFacets       15.65      (5.4%)       15.56     (13.1%)   -0.6% ( -18% -   19%) 0.956
                  AndMissingHigh     3688.76     (11.3%)     3669.47      (3.9%)   -0.5% ( -14% -   16%) 0.951
                       OrHighLow     1245.62      (3.9%)     1241.21      (2.8%)   -0.4% (  -6% -    6%) 0.918
                HighSloppyPhrase       89.88      (0.7%)       89.65      (7.0%)   -0.3% (  -7% -    7%) 0.958
                         Prefix3     1080.56      (1.0%)     1080.38      (4.8%)   -0.0% (  -5% -    5%) 0.996
     BrowseRandomLabelSSDVFacets       10.96     (10.0%)       10.96     (11.0%)    0.1% ( -19% -   23%) 0.995
                        BM25MSM2       58.91      (6.8%)       58.96      (3.0%)    0.1% (  -9% -   10%) 0.985
                         LowTerm     2429.05      (1.4%)     2436.67      (1.3%)    0.3% (  -2% -    3%) 0.815
                   OrHighNotHigh      801.97      (2.7%)      805.69      (2.1%)    0.5% (  -4% -    5%) 0.847
                        PKLookup      205.32     (14.5%)      206.29      (9.0%)    0.5% ( -20% -   27%) 0.968
        AndHighHighDayTaxoFacets       34.71      (5.0%)       34.88      (2.2%)    0.5% (  -6% -    8%) 0.899
                    OrHighNotMed      933.95     (10.3%)      939.59      (8.3%)    0.6% ( -16% -   21%) 0.949
                       ConstMSM2     1270.46      (4.2%)     1280.64      (6.7%)    0.8% (  -9% -   12%) 0.885
             LowIntervalsOrdered       71.21      (4.0%)       71.80      (3.6%)    0.8% (  -6% -    8%) 0.829
                        Wildcard      190.44      (0.8%)      192.02      (1.6%)    0.8% (  -1% -    3%) 0.504
                       MedPhrase      183.43      (3.6%)      187.81      (0.1%)    2.4% (  -1% -    6%) 0.348
                    OrHighNotLow      589.62      (4.5%)      606.17     (10.1%)    2.8% ( -11% -   18%) 0.720
            HighTermTitleBDVSort      110.37      (1.9%)      113.64      (1.3%)    3.0% (   0% -    6%) 0.070
           BrowseMonthSSDVFacets       15.75      (6.3%)       16.24      (4.7%)    3.1% (  -7% -   15%) 0.578
                       OrHighMed     1202.60      (2.6%)     1240.34      (0.4%)    3.1% (   0% -    6%) 0.093
                       LowPhrase       90.32      (8.0%)       93.33      (4.4%)    3.3% (  -8% -   17%) 0.608
                      TermDTSort      457.81      (2.8%)      474.21      (2.2%)    3.6% (  -1% -    8%) 0.155
                   OrNotHighHigh      734.39     (11.2%)      761.02      (6.6%)    3.6% ( -12% -   24%) 0.694
                      OrHighHigh      483.27      (5.7%)      502.57      (5.8%)    4.0% (  -7% -   16%) 0.485
                     LowSpanNear      105.92      (0.2%)      110.42      (5.9%)    4.3% (  -1% -   10%) 0.308
                    HighSpanNear       58.27      (4.9%)       61.30      (0.8%)    5.2% (   0% -   11%) 0.142
                    OrNotHighMed     1072.42      (0.3%)     1131.82      (2.4%)    5.5% (   2% -    8%) 0.001
                          Fuzzy2       83.96      (3.5%)       88.65      (5.0%)    5.6% (  -2% -   14%) 0.194
            HighIntervalsOrdered       79.32      (8.1%)       84.14      (0.4%)    6.1% (  -2% -   15%) 0.290
             MedIntervalsOrdered       98.37     (12.9%)      104.75      (3.5%)    6.5% (  -8% -   26%) 0.492
           HighTermDayOfYearSort      443.81      (8.9%)      478.68      (0.0%)    7.9% (  -1% -   18%) 0.213
                     MedSpanNear      165.87      (9.0%)      181.13     (12.4%)    9.2% ( -11% -   33%) 0.397
            MedTermDayTaxoFacets       89.52      (1.7%)       98.12      (0.2%)    9.6% (   7% -   11%) 0.000
                 MedSloppyPhrase      207.74     (17.4%)      229.26      (9.2%)   10.4% ( -13% -   44%) 0.457
                           range     5815.65     (11.8%)     6421.32     (10.6%)   10.4% ( -10% -   37%) 0.354
               HighTermTitleSort      122.28      (7.5%)      139.40      (3.2%)   14.0% (   3% -   26%) 0.015
                     AndHighHigh      504.29     (28.6%)      599.14      (9.0%)   18.8% ( -14% -   78%) 0.375
  iter 2
    armJ:
      NOTE: using experimental CPU time profiler (see https://mostlynerdless.de/blog/2025/06/11/java-25s-new-cpu-time-profiler-1)
      log: /home/goankur/vsearch/logs/FAJc.armJ.2 + stdout
      run: /usr/bin/perf stat -dd -e task-clock,cycles,instructions,cache-references,cache-misses,L1-dcache-loads,L1-dcache-load-misses,L1-icache-loads,L1-icache-load-misses,LLC-loads,LLC-load-misses,LLC-stores,LLC-store-misses,LLC-prefetches,LLC-prefetch-misses,faults,minor-faults,major-faults,branches,branch-misses,stalled-cycles-frontend,stalled-cycles-backend /home/goankur/jdk/corretto-25/bin/java -server -Xms2g -Xmx2g --add-modules jdk.incubator.vector -XX:+HeapDumpOnOutOfMemoryError -XX:+UseParallelGC -XX:StartFlightRecording=jdk.CPUTimeSample#enabled=true,dumponexit=true,maxsize=250M,settings=/home/goankur/vsearch/util/src/python/profiling.jfc,filename=/home/goankur/vsearch/logs/bench-search-FAJc-armJ-2.jfr -XX:+UnlockDiagnosticVMOptions -XX:+DebugNonSafepoints -classpath /home/goankur/vsearch/bo/lucene-J/lucene/core/build/libs/lucene-core-11.0.0-SNAPSHOT.jar:/home/goankur/vsearch/bo/lucene-J/lucene/sandbox/build/classes/java/main:/home/goankur/vsearch/bo/lucene-J/lucene/misc/build/classes/java/main:/home/goankur/vsearch/bo/lucene-J/lucene/facet/build/classes/java/main:/home/goankur/vsearch/bo/lucene-J/lucene/analysis/common/build/classes/java/main:/home/goankur/vsearch/bo/lucene-J/lucene/analysis/icu/build/classes/java/main:/home/goankur/vsearch/bo/lucene-J/lucene/queryparser/build/classes/java/main:/home/goankur/vsearch/bo/lucene-J/lucene/grouping/build/classes/java/main:/home/goankur/vsearch/bo/lucene-J/lucene/suggest/build/classes/java/main:/home/goankur/vsearch/bo/lucene-J/lucene/highlighter/build/classes/java/main:/home/goankur/vsearch/bo/lucene-J/lucene/codecs/build/classes/java/main:/home/goankur/vsearch/bo/lucene-J/lucene/queries/build/classes/java/main:/home/goankur/vsearch/bo/lucene-J/lucene/join/build/classes/java/main:/home/goankur/vsearch/bo/lucene-J/lucene/spatial3d/build/classes/java/main:/home/goankur/vsearch/util/lib/HdrHistogram.jar:/home/goankur/vsearch/util/src/main/build/classes/java/main:/home/goankur/vsearch/util/build perf.SearchPerfTest -dirImpl MMapDirectory -indexPath /home/goankur/vsearch/indices/wikimedium10m.lucene-A.facets.taxonomy:Date.taxonomy:Month.taxonomy:DayOfYear.sortedset:Date.sortedset:Month.sortedset:DayOfYear.taxonomy:RandomLabel.sortedset:RandomLabel.Lucene90.Lucene104.dvfields.nd10M -facets taxonomy:Date;Date -facets taxonomy:Month;Month -facets taxonomy:DayOfYear;DayOfYear -facets sortedset:Date;Date -facets sortedset:Month;Month -facets sortedset:DayOfYear;DayOfYear -facets taxonomy:RandomLabel;RandomLabel -facets sortedset:RandomLabel;RandomLabel -analyzer StandardAnalyzer -taskSource /home/goankur/vsearch/util/tasks/wikimedium.10M.nostopwords.tasks -numConcurrentQueries 5 -taskRepeatCount 20 -field body -tasksPerCat 1 -searchConcurrency -1 -staticSeed -8586789 -seed -1155772 -similarity BM25Similarity -commit multi -hiliteImpl FastVectorHighlighter -log /home/goankur/vsearch/logs/FAJc.armJ.2 -topN 100 -context  -pk -pollute
      9.8 s
      232.0 actual sustained QPS; -1.0 CPU cores used
    armA:
      NOTE: using experimental CPU time profiler (see https://mostlynerdless.de/blog/2025/06/11/java-25s-new-cpu-time-profiler-1)
      log: /home/goankur/vsearch/logs/FAJc.armA.2 + stdout
      run: /usr/bin/perf stat -dd -e task-clock,cycles,instructions,cache-references,cache-misses,L1-dcache-loads,L1-dcache-load-misses,L1-icache-loads,L1-icache-load-misses,LLC-loads,LLC-load-misses,LLC-stores,LLC-store-misses,LLC-prefetches,LLC-prefetch-misses,faults,minor-faults,major-faults,branches,branch-misses,stalled-cycles-frontend,stalled-cycles-backend /home/goankur/jdk/corretto-25/bin/java -server -Xms2g -Xmx2g --add-modules jdk.incubator.vector -XX:+HeapDumpOnOutOfMemoryError -XX:+UseParallelGC -XX:StartFlightRecording=jdk.CPUTimeSample#enabled=true,dumponexit=true,maxsize=250M,settings=/home/goankur/vsearch/util/src/python/profiling.jfc,filename=/home/goankur/vsearch/logs/bench-search-FAJc-armA-2.jfr -XX:+UnlockDiagnosticVMOptions -XX:+DebugNonSafepoints -classpath /home/goankur/vsearch/bo/lucene-A/lucene/core/build/libs/lucene-core-11.0.0-SNAPSHOT.jar:/home/goankur/vsearch/bo/lucene-A/lucene/sandbox/build/classes/java/main:/home/goankur/vsearch/bo/lucene-A/lucene/misc/build/classes/java/main:/home/goankur/vsearch/bo/lucene-A/lucene/facet/build/classes/java/main:/home/goankur/vsearch/bo/lucene-A/lucene/analysis/common/build/classes/java/main:/home/goankur/vsearch/bo/lucene-A/lucene/analysis/icu/build/classes/java/main:/home/goankur/vsearch/bo/lucene-A/lucene/queryparser/build/classes/java/main:/home/goankur/vsearch/bo/lucene-A/lucene/grouping/build/classes/java/main:/home/goankur/vsearch/bo/lucene-A/lucene/suggest/build/classes/java/main:/home/goankur/vsearch/bo/lucene-A/lucene/highlighter/build/classes/java/main:/home/goankur/vsearch/bo/lucene-A/lucene/codecs/build/classes/java/main:/home/goankur/vsearch/bo/lucene-A/lucene/queries/build/classes/java/main:/home/goankur/vsearch/bo/lucene-A/lucene/join/build/classes/java/main:/home/goankur/vsearch/bo/lucene-A/lucene/spatial3d/build/classes/java/main:/home/goankur/vsearch/util/lib/HdrHistogram.jar:/home/goankur/vsearch/util/src/main/build/classes/java/main:/home/goankur/vsearch/util/build perf.SearchPerfTest -dirImpl MMapDirectory -indexPath /home/goankur/vsearch/indices/wikimedium10m.lucene-A.facets.taxonomy:Date.taxonomy:Month.taxonomy:DayOfYear.sortedset:Date.sortedset:Month.sortedset:DayOfYear.taxonomy:RandomLabel.sortedset:RandomLabel.Lucene90.Lucene104.dvfields.nd10M -facets taxonomy:Date;Date -facets taxonomy:Month;Month -facets taxonomy:DayOfYear;DayOfYear -facets sortedset:Date;Date -facets sortedset:Month;Month -facets sortedset:DayOfYear;DayOfYear -facets taxonomy:RandomLabel;RandomLabel -facets sortedset:RandomLabel;RandomLabel -analyzer StandardAnalyzer -taskSource /home/goankur/vsearch/util/tasks/wikimedium.10M.nostopwords.tasks -numConcurrentQueries 5 -taskRepeatCount 20 -field body -tasksPerCat 1 -searchConcurrency -1 -staticSeed -8586789 -seed -1155772 -similarity BM25Similarity -commit multi -hiliteImpl FastVectorHighlighter -log /home/goankur/vsearch/logs/FAJc.armA.2 -topN 100 -context  -pk -pollute
      10.1 s
      244.6 actual sustained QPS; -1.0 CPU cores used

Report after iter 2:
QPSChart.supported == False
                            Task     P50 B     P50 C     Diff     P90 B     P90 C     Diff     P99 B     P99 C     Diff    P999 B    P999 C     Diff    P100 B    P100 C     Diff
           ('AndHighHigh', None)     1.605     2.203    37.2%     4.623     6.453    39.6%    13.057    20.931    60.3%    13.057    20.931    60.3%    91.112   261.902   187.4%
('AndHighHighDayTaxoFacets', None)    28.973    27.206    -6.1%    45.626    38.621   -15.4%    46.438    45.569    -1.9%    46.438    45.569    -1.9%   133.975   153.295    14.4%
            ('AndHighLow', None)     0.426     0.477    12.0%     1.438     0.834   -42.0%     1.651     1.066   -35.4%     1.651     1.066   -35.4%     2.679     3.229    20.5%
            ('AndHighMed', None)     0.985     1.146    16.3%     2.184     3.048    39.5%     2.949     4.393    49.0%     2.949     4.393    49.0%     3.190    10.542   230.5%
('AndHighMedDayTaxoFacets', None)     3.368     3.469     3.0%     5.377     4.830   -10.2%    11.104    10.757    -3.1%    11.104    10.757    -3.1%    12.649    21.082    66.7%
     ('AndMissingHigh', 'Title')     0.317     0.316    -0.5%     0.622     0.645     3.6%     0.654     0.775    18.5%     0.654     0.775    18.5%     4.846    28.367   485.4%
              ('BM25MSM2', None)    17.107    17.689     3.4%    33.862    31.166    -8.0%    36.450    38.470     5.5%    36.450    38.470     5.5%   172.820   142.480   -17.6%
  ('BrowseDateSSDVFacets', None)   374.851   395.632     5.5%   439.545   442.922     0.8%   477.496   461.699    -3.3%   477.496   461.699    -3.3%   703.575   558.151   -20.7%
  ('BrowseDateTaxoFacets', None)    66.320    70.409     6.2%    72.212    76.976     6.6%    75.140    91.787    22.2%    75.140    91.787    22.2%   730.978   255.200   -65.1%
('BrowseDayOfYearSSDVFacets', None)    61.792    63.137     2.2%    75.281    80.012     6.3%    80.963    80.156    -1.0%    80.963    80.156    -1.0%   195.234    97.363   -50.1%
('BrowseDayOfYearTaxoFacets', None)    64.537    65.368     1.3%    73.857    80.702     9.3%    75.497   101.465    34.4%    75.497   101.465    34.4%   385.327   102.271   -73.5%
 ('BrowseMonthSSDVFacets', None)    60.705    63.462     4.5%    76.962    76.865    -0.1%    80.240    77.242    -3.7%    80.240    77.242    -3.7%   344.423   185.706   -46.1%
 ('BrowseMonthTaxoFacets', None)    27.625    26.436    -4.3%    33.056    29.456   -10.9%    71.387    83.334    16.7%    71.387    83.334    16.7%   736.773   255.772   -65.3%
('BrowseRandomLabelSSDVFacets', None)    88.428    85.977    -2.8%   111.274   116.024     4.3%   155.134   135.354   -12.8%   155.134   135.354   -12.8%   543.682   369.197   -32.1%
('BrowseRandomLabelTaxoFacets', None)    82.571    78.329    -5.1%    93.413    96.549     3.4%    93.535   116.620    24.7%    93.535   116.620    24.7%   125.558   126.570     0.8%
             ('ConstMSM2', None)     0.863     0.774   -10.3%     1.498     1.611     7.5%     1.763     3.355    90.3%     1.763     3.355    90.3%    20.795     4.591   -77.9%
                ('Fuzzy1', None)    11.902    12.159     2.2%    19.334    16.355   -15.4%    20.377    33.094    62.4%    20.377    33.094    62.4%    55.944    54.874    -1.9%
                ('Fuzzy2', None)    12.499    13.079     4.6%    21.050    21.639     2.8%    25.537    42.323    65.7%    25.537    42.323    65.7%   154.309   135.695   -12.1%
  ('HighIntervalsOrdered', None)    12.012    12.889     7.3%    25.733    20.960   -18.5%    26.685    22.060   -17.3%    26.685    22.060   -17.3%   162.804   140.681   -13.6%
            ('HighPhrase', None)    10.869    12.154    11.8%    21.012    17.085   -18.7%    21.063    22.782     8.2%    21.063    22.782     8.2%    22.358    73.038   226.7%
      ('HighSloppyPhrase', None)    11.113    10.763    -3.1%    18.716    17.370    -7.2%    20.064    20.052    -0.1%    20.064    20.052    -0.1%    48.411    45.877    -5.2%
          ('HighSpanNear', None)    16.455    16.496     0.2%    29.637    21.638   -27.0%    34.749    29.600   -14.8%    34.749    29.600   -14.8%    89.820    93.471     4.1%
              ('HighTerm', None)     1.124     1.231     9.6%     2.373     2.185    -7.9%     3.857     4.189     8.6%     3.857     4.189     8.6%    28.339    22.762   -19.7%
('HighTermDayOfYearSort', 'DayOfYear')     2.768     2.987     7.9%     5.628     4.718   -16.2%     8.252     8.362     1.3%     8.252     8.362     1.3%    80.377    87.400     8.7%
  ('HighTermMonthSort', 'Month')     0.730     0.702    -3.9%     7.983     1.600   -80.0%    12.442     2.091   -83.2%    12.442     2.091   -83.2%    12.974    30.000   131.2%
('HighTermTitleBDVSort', 'TitleBinary')     8.716     9.892    13.5%    18.069    15.321   -15.2%    21.023    19.721    -6.2%    21.023    19.721    -6.2%    67.751   134.241    98.1%
  ('HighTermTitleSort', 'Title')     7.942     8.509     7.1%    21.853    21.178    -3.1%    40.529    25.523   -37.0%    40.529    25.523   -37.0%    94.209    73.567   -21.9%
                ('IntNRQ', None)     1.596     1.573    -1.5%     2.968     3.177     7.0%     4.363     3.352   -23.2%     4.363     3.352   -23.2%    73.640    38.144   -48.2%
                ('IntSet', None)     1.590     1.378   -13.3%     7.269     4.305   -40.8%     7.305    13.370    83.0%     7.305    13.370    83.0%    34.602    30.014   -13.3%
   ('LowIntervalsOrdered', None)    14.110    16.115    14.2%    24.384    23.431    -3.9%    43.873    35.740   -18.5%    43.873    35.740   -18.5%    65.815   134.038   103.7%
             ('LowPhrase', None)    11.686    11.632    -0.5%    20.494    28.719    40.1%    28.165    31.624    12.3%    28.165    31.624    12.3%   171.983   132.385   -23.0%
       ('LowSloppyPhrase', None)    12.332    12.017    -2.6%    22.798    19.002   -16.7%    25.777    27.812     7.9%    25.777    27.812     7.9%    27.950    55.684    99.2%
           ('LowSpanNear', None)     9.247     8.685    -6.1%    12.737    12.731    -0.0%    21.412    18.483   -13.7%    21.412    18.483   -13.7%    37.322    95.038   154.6%
               ('LowTerm', None)     0.436     0.412    -5.6%     1.093     0.803   -26.5%     1.648     1.083   -34.3%     1.648     1.083   -34.3%     5.197     9.469    82.2%
   ('MedIntervalsOrdered', None)    10.150     9.519    -6.2%    13.671    11.407   -16.6%    20.491    12.644   -38.3%    20.491    12.644   -38.3%   126.974   100.897   -20.5%
             ('MedPhrase', None)     5.593     6.978    24.8%    12.455    11.031   -11.4%    13.224    12.819    -3.1%    13.224    12.819    -3.1%    77.690    44.022   -43.3%
       ('MedSloppyPhrase', None)     4.997     5.205     4.2%     8.729    11.597    32.9%    10.824    14.120    30.4%    10.824    14.120    30.4%    50.116    44.636   -10.9%
           ('MedSpanNear', None)     6.541     6.343    -3.0%     8.101    12.203    50.6%     8.741    12.317    40.9%     8.741    12.317    40.9%    58.826    63.927     8.7%
               ('MedTerm', None)     0.547     0.609    11.3%     1.348     1.126   -16.4%     1.803     1.443   -19.9%     1.803     1.443   -19.9%     2.050     4.981   143.0%
  ('MedTermDayTaxoFacets', None)    10.729    10.508    -2.1%    15.442    23.232    50.4%    43.564    28.466   -34.7%    43.564    28.466   -34.7%   251.485   255.369     1.5%
            ('OrHighHigh', None)     1.991     2.386    19.9%     4.101     6.157    50.1%    12.728     7.057   -44.6%    12.728     7.057   -44.6%   251.295   260.366     3.6%
             ('OrHighLow', None)     0.906     0.913     0.7%     1.550     1.556     0.4%     2.744     3.037    10.7%     2.744     3.037    10.7%    16.641     4.640   -72.1%
             ('OrHighMed', None)     0.870     0.937     7.8%     1.890     1.874    -0.9%     3.436     6.365    85.2%     3.436     6.365    85.2%     8.634     6.581   -23.8%
('OrHighMedDayTaxoFacets', None)    66.085    66.950     1.3%   194.427   185.999    -4.3%   299.866   292.913    -2.3%   299.866   292.913    -2.3%   360.095   360.156     0.0%
         ('OrHighNotHigh', None)     1.313     1.222    -6.9%     2.582     2.972    15.1%     5.782     4.147   -28.3%     5.782     4.147   -28.3%     8.605    11.200    30.2%
          ('OrHighNotLow', None)     2.088     2.103     0.8%     5.172     3.630   -29.8%     5.345     4.847    -9.3%     5.345     4.847    -9.3%    16.119    19.939    23.7%
          ('OrHighNotMed', None)     1.308     1.284    -1.8%     3.877     4.518    16.5%     5.366     4.952    -7.7%     5.366     4.952    -7.7%     6.425    20.884   225.0%
         ('OrNotHighHigh', None)     1.292     1.335     3.3%     2.855     7.249   153.9%     4.809    11.405   137.2%     4.809    11.405   137.2%    33.580    42.548    26.7%
          ('OrNotHighLow', None)     0.590     0.774    31.2%     5.367     1.859   -65.4%    10.689     4.055   -62.1%    10.689     4.055   -62.1%    13.643    26.404    93.5%
          ('OrNotHighMed', None)     1.255     1.145    -8.8%     1.970     2.620    33.0%     2.242     3.207    43.1%     2.242     3.207    43.1%     2.727     6.186   126.8%
                   ('PKLookup',)     5.530     4.875   -11.8%    10.718    10.320    -3.7%    14.984    11.211   -25.2%    14.984    11.211   -25.2%    52.932    26.947   -49.1%
               ('Prefix3', None)     1.318     1.297    -1.6%     2.585     3.121    20.7%     6.321     4.881   -22.8%     6.321     4.881   -22.8%    10.955     7.243   -33.9%
                    ('Respell',)    15.663    16.239     3.7%    23.862    29.487    23.6%    25.080    60.557   141.5%    25.080    60.557   141.5%    64.823    87.261    34.6%
('TermDateTimeSort', 'DateTime')     2.870     2.905     1.2%    12.570     4.901   -61.0%    13.812    15.938    15.4%    13.812    15.938    15.4%    23.382   114.591   390.1%
              ('Wildcard', None)     5.175     5.675     9.7%     7.582    11.007    45.2%     7.759    12.525    61.4%     7.759    12.525    61.4%    47.136    91.025    93.1%
                 ('range', None)     0.169     0.174     2.7%     0.386     0.481    24.8%     0.733     0.503   -31.4%     0.733     0.503   -31.4%     0.791     1.059    33.9%
                            Task    QPS armA      StdDev    QPS armJ      StdDev                Pct diff p-value
           BrowseMonthTaxoFacets       36.26      (2.9%)       20.38     (42.1%)  -43.8% ( -86% -    1%) 0.073
                    OrNotHighLow     1876.13      (3.0%)     1614.43      (8.0%)  -13.9% ( -24% -   -3%) 0.005
            BrowseDateTaxoFacets       15.33      (8.7%)       14.43      (2.1%)   -5.9% ( -15% -    5%) 0.256
                          Fuzzy1       88.85      (3.1%)       84.13      (2.6%)   -5.3% ( -10% -    0%) 0.022
                      AndHighMed     1004.14      (3.1%)      951.40      (4.9%)   -5.3% ( -12% -    2%) 0.119
                         Respell       64.77      (2.7%)       61.46      (1.2%)   -5.1% (  -8% -   -1%) 0.003
                        HighTerm      914.77      (1.0%)      868.27      (1.8%)   -5.1% (  -7% -   -2%) 0.000
                      AndHighLow     2384.83      (7.1%)     2270.37      (5.3%)   -4.8% ( -16% -    8%) 0.347
                         MedTerm     1678.27     (11.6%)     1598.66      (4.2%)   -4.7% ( -18% -   12%) 0.507
                          IntNRQ      752.55     (13.2%)      718.75     (12.3%)   -4.5% ( -26% -   24%) 0.666
       BrowseDayOfYearTaxoFacets       15.51      (1.6%)       14.91      (2.5%)   -3.9% (  -7% -    0%) 0.021
     BrowseRandomLabelTaxoFacets       12.66      (1.6%)       12.18      (7.0%)   -3.8% ( -12% -    4%) 0.363
       BrowseDayOfYearSSDVFacets       16.24      (7.3%)       15.72      (9.1%)   -3.2% ( -18% -   14%) 0.634
                      HighPhrase       94.40      (2.1%)       91.67      (3.4%)   -2.9% (  -8% -    2%) 0.214
          OrHighMedDayTaxoFacets       15.39      (4.0%)       14.98      (5.3%)   -2.7% ( -11% -    6%) 0.487
               HighTermMonthSort     1436.33      (5.9%)     1403.32      (4.0%)   -2.3% ( -11% -    8%) 0.576
            BrowseDateSSDVFacets        2.80      (7.8%)        2.74      (6.4%)   -2.2% ( -15% -   13%) 0.704
             LowIntervalsOrdered       71.29      (2.8%)       69.82      (5.4%)   -2.1% ( -10% -    6%) 0.561
                 LowSloppyPhrase       91.55      (7.4%)       89.81      (4.5%)   -1.9% ( -12% -   10%) 0.704
                       OrHighMed     1219.04      (3.0%)     1196.42      (6.2%)   -1.9% ( -10% -    7%) 0.642
         AndHighMedDayTaxoFacets      279.63      (7.5%)      274.93      (9.9%)   -1.7% ( -17% -   17%) 0.815
                        BM25MSM2       59.24      (4.9%)       58.57      (2.4%)   -1.1% (  -8% -    6%) 0.718
                       OrHighLow     1224.55      (4.1%)     1211.69      (4.6%)   -1.1% (  -9% -    8%) 0.769
                        Wildcard      192.73      (2.1%)      190.77      (1.6%)   -1.0% (  -4% -    2%) 0.506
                    OrHighNotLow      581.45      (4.0%)      576.92     (11.3%)   -0.8% ( -15% -   15%) 0.911
            HighTermTitleBDVSort      112.19      (3.1%)      111.67      (3.2%)   -0.5% (  -6% -    6%) 0.857
     BrowseRandomLabelSSDVFacets       11.28      (8.5%)       11.25      (8.7%)   -0.3% ( -16% -   18%) 0.965
                         Prefix3     1031.11      (8.3%)     1028.02      (9.5%)   -0.3% ( -16% -   19%) 0.967
           BrowseMonthSSDVFacets       16.14      (6.0%)       16.13      (3.4%)   -0.1% (  -8% -   10%) 0.988
                      OrHighHigh      491.24      (4.8%)      490.98      (5.7%)   -0.1% ( -10% -   11%) 0.990
                       MedPhrase      183.58      (2.5%)      183.68      (3.9%)    0.1% (  -6% -    6%) 0.984
                  AndMissingHigh     3570.42     (10.0%)     3582.68      (5.1%)    0.3% ( -13% -   17%) 0.958
                    OrHighNotMed      924.73      (7.6%)      928.79      (6.2%)    0.4% ( -12% -   15%) 0.938
                   OrNotHighHigh      757.34      (9.3%)      763.29      (4.6%)    0.8% ( -11% -   16%) 0.896
                          Fuzzy2       83.91      (2.4%)       84.73      (8.8%)    1.0% ( -10% -   12%) 0.853
                HighSloppyPhrase       90.09      (0.6%)       91.19      (5.8%)    1.2% (  -5% -    7%) 0.714
                       ConstMSM2     1265.66      (3.0%)     1287.06      (4.8%)    1.7% (  -5% -    9%) 0.607
                         LowTerm     2424.43      (1.0%)     2467.60      (2.4%)    1.8% (  -1% -    5%) 0.237
                   OrHighNotHigh      797.72      (2.1%)      812.74      (2.1%)    1.9% (  -2% -    6%) 0.279
                          IntSet      715.39      (5.2%)      729.09      (8.9%)    1.9% ( -11% -   16%) 0.748
                       LowPhrase       89.18      (6.2%)       91.00      (5.5%)    2.0% (  -9% -   14%) 0.670
                    OrNotHighMed     1035.94      (6.1%)     1062.21     (11.8%)    2.5% ( -14% -   21%) 0.740
        AndHighHighDayTaxoFacets       35.14      (4.1%)       36.05      (6.0%)    2.6% (  -7% -   13%) 0.538
                     LowSpanNear      108.88      (4.7%)      112.33      (5.1%)    3.2% (  -6% -   13%) 0.427
                    HighSpanNear       59.21      (4.4%)       61.23      (0.6%)    3.4% (  -1% -    8%) 0.184
                      TermDTSort      430.75     (11.1%)      445.52     (11.6%)    3.4% ( -17% -   29%) 0.712
            HighIntervalsOrdered       81.21      (6.9%)       84.12      (0.3%)    3.6% (  -3% -   11%) 0.369
                        PKLookup      203.59     (10.4%)      211.79      (7.9%)    4.0% ( -12% -   24%) 0.594
                 MedSloppyPhrase      210.98     (12.4%)      221.00      (9.4%)    4.7% ( -15% -   30%) 0.597
            MedTermDayTaxoFacets       91.62      (4.1%)       97.28      (1.6%)    6.2% (   0% -   12%) 0.016
                           range     6074.83     (10.9%)     6456.59      (7.3%)    6.3% ( -10% -   27%) 0.406
             MedIntervalsOrdered       98.62      (9.1%)      104.86      (2.5%)    6.3% (  -4% -   19%) 0.245
           HighTermDayOfYearSort      428.42      (9.0%)      458.37      (8.2%)    7.0% (  -9% -   26%) 0.321
               HighTermTitleSort      124.82      (6.3%)      133.87      (8.0%)    7.3% (  -6% -   22%) 0.216
                     MedSpanNear      161.61      (8.0%)      174.81     (11.3%)    8.2% ( -10% -   29%) 0.306
                     AndHighHigh      556.70     (24.5%)      606.45      (6.2%)    8.9% ( -17% -   52%) 0.540
  iter 3
    armA:
      NOTE: using experimental CPU time profiler (see https://mostlynerdless.de/blog/2025/06/11/java-25s-new-cpu-time-profiler-1)
      log: /home/goankur/vsearch/logs/FAJc.armA.3 + stdout
      run: /usr/bin/perf stat -dd -e task-clock,cycles,instructions,cache-references,cache-misses,L1-dcache-loads,L1-dcache-load-misses,L1-icache-loads,L1-icache-load-misses,LLC-loads,LLC-load-misses,LLC-stores,LLC-store-misses,LLC-prefetches,LLC-prefetch-misses,faults,minor-faults,major-faults,branches,branch-misses,stalled-cycles-frontend,stalled-cycles-backend /home/goankur/jdk/corretto-25/bin/java -server -Xms2g -Xmx2g --add-modules jdk.incubator.vector -XX:+HeapDumpOnOutOfMemoryError -XX:+UseParallelGC -XX:StartFlightRecording=jdk.CPUTimeSample#enabled=true,dumponexit=true,maxsize=250M,settings=/home/goankur/vsearch/util/src/python/profiling.jfc,filename=/home/goankur/vsearch/logs/bench-search-FAJc-armA-3.jfr -XX:+UnlockDiagnosticVMOptions -XX:+DebugNonSafepoints -classpath /home/goankur/vsearch/bo/lucene-A/lucene/core/build/libs/lucene-core-11.0.0-SNAPSHOT.jar:/home/goankur/vsearch/bo/lucene-A/lucene/sandbox/build/classes/java/main:/home/goankur/vsearch/bo/lucene-A/lucene/misc/build/classes/java/main:/home/goankur/vsearch/bo/lucene-A/lucene/facet/build/classes/java/main:/home/goankur/vsearch/bo/lucene-A/lucene/analysis/common/build/classes/java/main:/home/goankur/vsearch/bo/lucene-A/lucene/analysis/icu/build/classes/java/main:/home/goankur/vsearch/bo/lucene-A/lucene/queryparser/build/classes/java/main:/home/goankur/vsearch/bo/lucene-A/lucene/grouping/build/classes/java/main:/home/goankur/vsearch/bo/lucene-A/lucene/suggest/build/classes/java/main:/home/goankur/vsearch/bo/lucene-A/lucene/highlighter/build/classes/java/main:/home/goankur/vsearch/bo/lucene-A/lucene/codecs/build/classes/java/main:/home/goankur/vsearch/bo/lucene-A/lucene/queries/build/classes/java/main:/home/goankur/vsearch/bo/lucene-A/lucene/join/build/classes/java/main:/home/goankur/vsearch/bo/lucene-A/lucene/spatial3d/build/classes/java/main:/home/goankur/vsearch/util/lib/HdrHistogram.jar:/home/goankur/vsearch/util/src/main/build/classes/java/main:/home/goankur/vsearch/util/build perf.SearchPerfTest -dirImpl MMapDirectory -indexPath /home/goankur/vsearch/indices/wikimedium10m.lucene-A.facets.taxonomy:Date.taxonomy:Month.taxonomy:DayOfYear.sortedset:Date.sortedset:Month.sortedset:DayOfYear.taxonomy:RandomLabel.sortedset:RandomLabel.Lucene90.Lucene104.dvfields.nd10M -facets taxonomy:Date;Date -facets taxonomy:Month;Month -facets taxonomy:DayOfYear;DayOfYear -facets sortedset:Date;Date -facets sortedset:Month;Month -facets sortedset:DayOfYear;DayOfYear -facets taxonomy:RandomLabel;RandomLabel -facets sortedset:RandomLabel;RandomLabel -analyzer StandardAnalyzer -taskSource /home/goankur/vsearch/util/tasks/wikimedium.10M.nostopwords.tasks -numConcurrentQueries 5 -taskRepeatCount 20 -field body -tasksPerCat 1 -searchConcurrency -1 -staticSeed -8586789 -seed -5718316 -similarity BM25Similarity -commit multi -hiliteImpl FastVectorHighlighter -log /home/goankur/vsearch/logs/FAJc.armA.3 -topN 100 -context  -pk -pollute
      9.9 s
      231.0 actual sustained QPS; -1.0 CPU cores used
    armJ:
      NOTE: using experimental CPU time profiler (see https://mostlynerdless.de/blog/2025/06/11/java-25s-new-cpu-time-profiler-1)
      log: /home/goankur/vsearch/logs/FAJc.armJ.3 + stdout
      run: /usr/bin/perf stat -dd -e task-clock,cycles,instructions,cache-references,cache-misses,L1-dcache-loads,L1-dcache-load-misses,L1-icache-loads,L1-icache-load-misses,LLC-loads,LLC-load-misses,LLC-stores,LLC-store-misses,LLC-prefetches,LLC-prefetch-misses,faults,minor-faults,major-faults,branches,branch-misses,stalled-cycles-frontend,stalled-cycles-backend /home/goankur/jdk/corretto-25/bin/java -server -Xms2g -Xmx2g --add-modules jdk.incubator.vector -XX:+HeapDumpOnOutOfMemoryError -XX:+UseParallelGC -XX:StartFlightRecording=jdk.CPUTimeSample#enabled=true,dumponexit=true,maxsize=250M,settings=/home/goankur/vsearch/util/src/python/profiling.jfc,filename=/home/goankur/vsearch/logs/bench-search-FAJc-armJ-3.jfr -XX:+UnlockDiagnosticVMOptions -XX:+DebugNonSafepoints -classpath /home/goankur/vsearch/bo/lucene-J/lucene/core/build/libs/lucene-core-11.0.0-SNAPSHOT.jar:/home/goankur/vsearch/bo/lucene-J/lucene/sandbox/build/classes/java/main:/home/goankur/vsearch/bo/lucene-J/lucene/misc/build/classes/java/main:/home/goankur/vsearch/bo/lucene-J/lucene/facet/build/classes/java/main:/home/goankur/vsearch/bo/lucene-J/lucene/analysis/common/build/classes/java/main:/home/goankur/vsearch/bo/lucene-J/lucene/analysis/icu/build/classes/java/main:/home/goankur/vsearch/bo/lucene-J/lucene/queryparser/build/classes/java/main:/home/goankur/vsearch/bo/lucene-J/lucene/grouping/build/classes/java/main:/home/goankur/vsearch/bo/lucene-J/lucene/suggest/build/classes/java/main:/home/goankur/vsearch/bo/lucene-J/lucene/highlighter/build/classes/java/main:/home/goankur/vsearch/bo/lucene-J/lucene/codecs/build/classes/java/main:/home/goankur/vsearch/bo/lucene-J/lucene/queries/build/classes/java/main:/home/goankur/vsearch/bo/lucene-J/lucene/join/build/classes/java/main:/home/goankur/vsearch/bo/lucene-J/lucene/spatial3d/build/classes/java/main:/home/goankur/vsearch/util/lib/HdrHistogram.jar:/home/goankur/vsearch/util/src/main/build/classes/java/main:/home/goankur/vsearch/util/build perf.SearchPerfTest -dirImpl MMapDirectory -indexPath /home/goankur/vsearch/indices/wikimedium10m.lucene-A.facets.taxonomy:Date.taxonomy:Month.taxonomy:DayOfYear.sortedset:Date.sortedset:Month.sortedset:DayOfYear.taxonomy:RandomLabel.sortedset:RandomLabel.Lucene90.Lucene104.dvfields.nd10M -facets taxonomy:Date;Date -facets taxonomy:Month;Month -facets taxonomy:DayOfYear;DayOfYear -facets sortedset:Date;Date -facets sortedset:Month;Month -facets sortedset:DayOfYear;DayOfYear -facets taxonomy:RandomLabel;RandomLabel -facets sortedset:RandomLabel;RandomLabel -analyzer StandardAnalyzer -taskSource /home/goankur/vsearch/util/tasks/wikimedium.10M.nostopwords.tasks -numConcurrentQueries 5 -taskRepeatCount 20 -field body -tasksPerCat 1 -searchConcurrency -1 -staticSeed -8586789 -seed -5718316 -similarity BM25Similarity -commit multi -hiliteImpl FastVectorHighlighter -log /home/goankur/vsearch/logs/FAJc.armJ.3 -topN 100 -context  -pk -pollute
      9.7 s
      236.7 actual sustained QPS; -1.0 CPU cores used

Report after iter 3:
QPSChart.supported == False
                            Task     P50 B     P50 C     Diff     P90 B     P90 C     Diff     P99 B     P99 C     Diff    P999 B    P999 C     Diff    P100 B    P100 C     Diff
           ('AndHighHigh', None)     2.847     2.152   -24.4%     9.438     5.662   -40.0%    19.188    23.375    21.8%    19.188    23.375    21.8%   136.657   149.327     9.3%
('AndHighHighDayTaxoFacets', None)    32.035    30.285    -5.5%    45.708    36.049   -21.1%    96.541    68.259   -29.3%    96.541    68.259   -29.3%   398.705   381.294    -4.4%
            ('AndHighLow', None)     0.408     0.443     8.7%     0.951     0.895    -5.9%     1.308     0.931   -28.8%     1.308     0.931   -28.8%     6.571     5.517   -16.0%
            ('AndHighMed', None)     1.309     1.215    -7.2%     3.269     3.494     6.9%     3.337     4.332    29.8%     3.337     4.332    29.8%     6.068     8.496    40.0%
('AndHighMedDayTaxoFacets', None)     3.619     4.033    11.4%     6.670     8.803    32.0%    16.631    10.771   -35.2%    16.631    10.771   -35.2%    19.414    20.481     5.5%
     ('AndMissingHigh', 'Title')     0.326     0.326    -0.1%     2.835     2.228   -21.4%     8.891     5.187   -41.7%     8.891     5.187   -41.7%    12.302    19.205    56.1%
              ('BM25MSM2', None)    16.603    19.146    15.3%    33.356    28.826   -13.6%    50.882    34.857   -31.5%    50.882    34.857   -31.5%   126.490   127.099     0.5%
  ('BrowseDateSSDVFacets', None)   377.303   387.426     2.7%   429.761   432.238     0.6%   439.951   498.911    13.4%   439.951   498.911    13.4%   555.993   572.623     3.0%
  ('BrowseDateTaxoFacets', None)    73.771    63.613   -13.8%    89.218    68.475   -23.2%    93.741    68.695   -26.7%    93.741    68.695   -26.7%   113.497    70.454   -37.9%
('BrowseDayOfYearSSDVFacets', None)    64.807    66.035     1.9%    82.346    81.632    -0.9%    84.373    92.398     9.5%    84.373    92.398     9.5%   149.112   166.469    11.6%
('BrowseDayOfYearTaxoFacets', None)    68.681    63.734    -7.2%    86.313    74.151   -14.1%    89.020    74.585   -16.2%    89.020    74.585   -16.2%   141.255   156.112    10.5%
 ('BrowseMonthSSDVFacets', None)    64.155    61.961    -3.4%    79.507    78.496    -1.3%    88.182    98.285    11.5%    88.182    98.285    11.5%   227.981   181.567   -20.4%
 ('BrowseMonthTaxoFacets', None)    27.023    26.465    -2.1%    74.939    70.742    -5.6%    79.151    78.877    -0.3%    79.151    78.877    -0.3%   169.863   136.823   -19.5%
('BrowseRandomLabelSSDVFacets', None)    92.396    89.782    -2.8%   109.674   139.550    27.2%   112.243   181.706    61.9%   112.243   181.706    61.9%   169.428   190.022    12.2%
('BrowseRandomLabelTaxoFacets', None)    86.933    76.814   -11.6%   105.453    93.544   -11.3%   130.569   106.751   -18.2%   130.569   106.751   -18.2%   173.699   142.688   -17.9%
             ('ConstMSM2', None)     0.837     0.756    -9.7%     1.763     1.547   -12.2%     2.307     2.105    -8.7%     2.307     2.105    -8.7%    17.163     8.667   -49.5%
                ('Fuzzy1', None)    12.175    13.587    11.6%    17.863    21.865    22.4%    45.446    42.669    -6.1%    45.446    42.669    -6.1%    47.440    50.912     7.3%
                ('Fuzzy2', None)    13.703    13.885     1.3%    22.458    21.654    -3.6%    32.868    26.245   -20.1%    32.868    26.245   -20.1%   122.564   212.892    73.7%
  ('HighIntervalsOrdered', None)    12.149    12.116    -0.3%    23.386    19.969   -14.6%    28.670    24.255   -15.4%    28.670    24.255   -15.4%   203.876   181.256   -11.1%
            ('HighPhrase', None)    10.850    10.916     0.6%    20.514    16.750   -18.3%    26.130    48.318    84.9%    26.130    48.318    84.9%    60.161    61.135     1.6%
      ('HighSloppyPhrase', None)    11.122    10.681    -4.0%    16.866    16.201    -3.9%    17.850    20.509    14.9%    17.850    20.509    14.9%    24.122    23.498    -2.6%
          ('HighSpanNear', None)    18.183    16.328   -10.2%    38.196    27.678   -27.5%    43.744    45.219     3.4%    43.744    45.219     3.4%    89.628    78.546   -12.4%
              ('HighTerm', None)     1.074     1.100     2.5%     2.026     2.107     4.0%    10.898     2.473   -77.3%    10.898     2.473   -77.3%    27.934     7.509   -73.1%
('HighTermDayOfYearSort', 'DayOfYear')     2.379     2.732    14.8%    10.918     9.094   -16.7%    18.959    19.937     5.2%    18.959    19.937     5.2%    71.940    70.358    -2.2%
  ('HighTermMonthSort', 'Month')     0.872     0.812    -6.9%     1.418     1.842    29.9%     2.917     2.781    -4.6%     2.917     2.781    -4.6%    23.028    40.155    74.4%
('HighTermTitleBDVSort', 'TitleBinary')     9.207     9.012    -2.1%    13.451    18.291    36.0%    43.808    47.804     9.1%    43.808    47.804     9.1%   114.273   101.948   -10.8%
  ('HighTermTitleSort', 'Title')     7.616     7.913     3.9%    17.178    13.925   -18.9%    33.331    38.402    15.2%    33.331    38.402    15.2%    66.262    74.033    11.7%
                ('IntNRQ', None)     1.374     1.439     4.7%     3.249     3.014    -7.2%     5.727     3.666   -36.0%     5.727     3.666   -36.0%    38.398   109.308   184.7%
                ('IntSet', None)     1.515     1.487    -1.8%     5.338     6.216    16.4%     6.135     9.908    61.5%     6.135     9.908    61.5%    44.902    44.057    -1.9%
   ('LowIntervalsOrdered', None)    13.780    13.722    -0.4%    27.721    27.731     0.0%    61.204    40.937   -33.1%    61.204    40.937   -33.1%    70.541    68.941    -2.3%
             ('LowPhrase', None)    11.367    10.949    -3.7%    22.521    20.329    -9.7%    24.754    22.981    -7.2%    24.754    22.981    -7.2%    55.685    68.631    23.2%
       ('LowSloppyPhrase', None)    10.481    10.798     3.0%    17.782    19.764    11.1%    29.468    31.884     8.2%    29.468    31.884     8.2%    73.282    85.569    16.8%
           ('LowSpanNear', None)     8.705     9.533     9.5%    22.063    17.740   -19.6%    24.263    24.547     1.2%    24.263    24.547     1.2%    32.840    28.860   -12.1%
               ('LowTerm', None)     0.424     0.431     1.7%     1.456     0.900   -38.2%     2.169     1.062   -51.0%     2.169     1.062   -51.0%     2.835     3.027     6.8%
   ('MedIntervalsOrdered', None)     8.802     8.464    -3.8%    10.511    11.201     6.6%    12.973    12.455    -4.0%    12.973    12.455    -4.0%    55.474    62.569    12.8%
             ('MedPhrase', None)     5.449     5.578     2.4%    13.758    14.742     7.2%    14.020    15.934    13.7%    14.020    15.934    13.7%   105.616   103.869    -1.7%
       ('MedSloppyPhrase', None)     5.370     5.125    -4.6%     6.119     5.604    -8.4%    12.473     8.872   -28.9%    12.473     8.872   -28.9%    98.148   109.819    11.9%
           ('MedSpanNear', None)     6.297     6.541     3.9%     8.470     8.384    -1.0%    10.995     9.086   -17.4%    10.995     9.086   -17.4%    64.928    90.738    39.8%
               ('MedTerm', None)     0.584     0.623     6.7%     2.335     1.410   -39.6%     6.534     4.638   -29.0%     6.534     4.638   -29.0%     7.890     4.665   -40.9%
  ('MedTermDayTaxoFacets', None)    10.821    11.342     4.8%    21.381    17.315   -19.0%    29.899    36.247    21.2%    29.899    36.247    21.2%   271.974   257.709    -5.2%
            ('OrHighHigh', None)     2.090     2.048    -2.0%     4.451     5.797    30.2%     7.250     5.934   -18.1%     7.250     5.934   -18.1%    10.646     8.470   -20.4%
             ('OrHighLow', None)     0.864     0.883     2.2%     2.199     2.076    -5.6%     4.228     4.113    -2.7%     4.228     4.113    -2.7%    30.119    24.053   -20.1%
             ('OrHighMed', None)     0.838     1.010    20.5%     3.854     3.006   -22.0%     4.538     4.321    -4.8%     4.538     4.321    -4.8%    13.667    13.217    -3.3%
('OrHighMedDayTaxoFacets', None)    80.384    64.433   -19.8%   232.444   166.915   -28.2%   349.708   450.156    28.7%   349.708   450.156    28.7%   446.316   596.485    33.6%
         ('OrHighNotHigh', None)     1.312     1.241    -5.4%     6.378     2.695   -57.7%     8.590     2.700   -68.6%     8.590     2.700   -68.6%    16.961    10.062   -40.7%
          ('OrHighNotLow', None)     1.621     1.784    10.0%     8.381     3.806   -54.6%    14.000    14.193     1.4%    14.000    14.193     1.4%    19.688    15.064   -23.5%
          ('OrHighNotMed', None)     1.004     1.198    19.3%     3.017     1.969   -34.7%     5.529     3.655   -33.9%     5.529     3.655   -33.9%    19.261     6.891   -64.2%
         ('OrNotHighHigh', None)     1.565     1.475    -5.7%     8.334     3.416   -59.0%     8.946     5.301   -40.7%     8.946     5.301   -40.7%    10.416    10.667     2.4%
          ('OrNotHighLow', None)     0.583     0.566    -2.8%     1.259     1.218    -3.2%     6.446     1.853   -71.3%     6.446     1.853   -71.3%     7.645     2.465   -67.8%
          ('OrNotHighMed', None)     0.954     1.035     8.5%     5.002     2.486   -50.3%    15.849    16.478     4.0%    15.849    16.478     4.0%   126.957   131.641     3.7%
                   ('PKLookup',)     5.449     5.404    -0.8%     8.784     7.157   -18.5%    24.697    27.315    10.6%    24.697    27.315    10.6%    27.472    36.538    33.0%
               ('Prefix3', None)     1.505     1.519     0.9%     2.977     3.295    10.7%     5.857     4.135   -29.4%     5.857     4.135   -29.4%    12.781    27.658   116.4%
                    ('Respell',)    16.946    17.968     6.0%    24.245    27.262    12.4%    39.023    31.021   -20.5%    39.023    31.021   -20.5%    75.176   114.265    52.0%
('TermDateTimeSort', 'DateTime')     2.389     2.191    -8.3%     6.084     6.209     2.1%    10.689    18.231    70.6%    10.689    18.231    70.6%    46.701    57.898    24.0%
              ('Wildcard', None)     5.189     5.454     5.1%    17.830    11.821   -33.7%    42.861    33.928   -20.8%    42.861    33.928   -20.8%    45.314    45.901     1.3%
                 ('range', None)     0.195     0.176    -9.9%     0.469     0.462    -1.4%     0.548     1.426   160.0%     0.548     1.426   160.0%     0.919     4.159   352.3%
                            Task    QPS armA      StdDev    QPS armJ      StdDev                Pct diff p-value
           BrowseMonthTaxoFacets       36.61      (3.0%)       25.76     (45.0%)  -29.6% ( -75% -   18%) 0.188
                    OrNotHighLow     1888.58      (2.8%)     1658.58      (8.0%)  -12.2% ( -22% -   -1%) 0.004
                          Fuzzy1       87.49      (4.0%)       81.76      (5.8%)   -6.5% ( -15% -    3%) 0.064
                      AndHighMed      982.48      (5.1%)      923.90      (7.0%)   -6.0% ( -17% -    6%) 0.167
                      AndHighLow     2410.71      (6.1%)     2283.51      (4.4%)   -5.3% ( -14% -    5%) 0.162
                         Respell       64.44      (2.4%)       61.71      (1.3%)   -4.2% (  -7% -    0%) 0.002
                        HighTerm      932.39      (3.9%)      893.14      (5.5%)   -4.2% ( -13% -    5%) 0.212
                       OrHighMed     1216.03      (2.5%)     1167.21      (7.0%)   -4.0% ( -13% -    5%) 0.280
                          IntNRQ      760.70     (10.9%)      731.62     (10.5%)   -3.8% ( -22% -   19%) 0.612
                    OrHighNotLow      598.81      (6.6%)      576.92      (9.0%)   -3.7% ( -18% -   12%) 0.512
                    OrHighNotMed      963.56     (10.0%)      929.91      (4.9%)   -3.5% ( -16% -   12%) 0.531
         AndHighMedDayTaxoFacets      279.40      (6.1%)      270.87      (8.6%)   -3.1% ( -16% -   12%) 0.564
       BrowseDayOfYearSSDVFacets       16.11      (6.2%)       15.64      (7.5%)   -2.9% ( -15% -   11%) 0.553
                      HighPhrase       94.42      (1.7%)       91.85      (2.8%)   -2.7% (  -7% -    1%) 0.099
            BrowseDateSSDVFacets        2.78      (6.8%)        2.70      (5.9%)   -2.6% ( -14% -   10%) 0.559
                         MedTerm     1702.76      (9.8%)     1665.68      (8.6%)   -2.2% ( -18% -   17%) 0.738
                  AndMissingHigh     3651.68      (9.2%)     3573.35      (4.1%)   -2.1% ( -14% -   12%) 0.669
                 LowSloppyPhrase       92.84      (6.6%)       91.04      (4.5%)   -1.9% ( -12% -    9%) 0.627
       BrowseDayOfYearTaxoFacets       15.36      (2.3%)       15.11      (3.3%)   -1.6% (  -7% -    4%) 0.419
            HighTermTitleBDVSort      113.67      (3.6%)      112.01      (2.6%)   -1.5% (  -7% -    4%) 0.513
             LowIntervalsOrdered       71.91      (2.9%)       71.05      (5.6%)   -1.2% (  -9% -    7%) 0.704
                       OrHighLow     1222.53      (3.4%)     1208.10      (3.8%)   -1.2% (  -8% -    6%) 0.645
                        BM25MSM2       59.64      (4.2%)       59.02      (2.5%)   -1.0% (  -7% -    5%) 0.674
            BrowseDateTaxoFacets       14.90      (9.4%)       14.76      (4.7%)   -1.0% ( -13% -   14%) 0.855
                        Wildcard      193.14      (1.8%)      191.62      (1.6%)   -0.8% (  -4% -    2%) 0.505
                       MedPhrase      183.98      (2.1%)      182.73      (3.3%)   -0.7% (  -6% -    4%) 0.730
                    OrNotHighMed     1052.48      (5.8%)     1046.34      (9.9%)   -0.6% ( -15% -   16%) 0.919
               HighTermMonthSort     1389.92      (8.3%)     1385.05      (4.3%)   -0.4% ( -11% -   13%) 0.940
     BrowseRandomLabelTaxoFacets       12.43      (3.9%)       12.40      (6.8%)   -0.2% ( -10% -   10%) 0.955
                      OrHighHigh      492.46      (4.0%)      491.44      (4.7%)   -0.2% (  -8% -    8%) 0.946
     BrowseRandomLabelSSDVFacets       11.37      (7.1%)       11.40      (7.6%)    0.2% ( -13% -   15%) 0.967
                          Fuzzy2       81.45      (6.4%)       81.82     (10.3%)    0.5% ( -15% -   18%) 0.940
                   OrNotHighHigh      743.17      (8.6%)      748.71      (5.5%)    0.7% ( -12% -   16%) 0.884
                     LowSpanNear      110.72      (5.0%)      111.59      (4.3%)    0.8% (  -8% -   10%) 0.812
           BrowseMonthSSDVFacets       16.09      (5.0%)       16.25      (3.2%)    1.0% (  -6% -    9%) 0.738
                          IntSet      704.96      (5.2%)      717.95      (8.0%)    1.8% ( -10% -   15%) 0.700
                         LowTerm     2418.50      (1.0%)     2463.56      (2.0%)    1.9% (  -1% -    4%) 0.092
                HighSloppyPhrase       90.84      (1.7%)       92.72      (5.7%)    2.1% (  -5% -    9%) 0.491
                       LowPhrase       89.09      (5.0%)       91.09      (4.5%)    2.2% (  -6% -   12%) 0.508
          OrHighMedDayTaxoFacets       14.91      (7.4%)       15.27      (5.9%)    2.4% ( -10% -   16%) 0.607
                   OrHighNotHigh      795.02      (1.9%)      817.39      (2.1%)    2.8% (  -1% -    6%) 0.046
                       ConstMSM2     1261.05      (2.6%)     1297.90      (4.3%)    2.9% (  -3% -   10%) 0.245
                        PKLookup      203.23      (8.5%)      209.29      (6.9%)    3.0% ( -11% -   20%) 0.587
            HighIntervalsOrdered       81.53      (5.7%)       84.02      (0.3%)    3.1% (  -2% -    9%) 0.282
            MedTermDayTaxoFacets       92.79      (4.2%)       95.86      (3.3%)    3.3% (  -4% -   11%) 0.214
        AndHighHighDayTaxoFacets       34.31      (5.9%)       35.48      (6.0%)    3.4% (  -8% -   16%) 0.418
                         Prefix3      942.62     (20.2%)      980.96     (13.1%)    4.1% ( -24% -   46%) 0.735
                      TermDTSort      432.07      (9.0%)      450.18      (9.7%)    4.2% ( -13% -   25%) 0.528
                     MedSpanNear      163.00      (6.7%)      170.07     (10.8%)    4.3% ( -12% -   23%) 0.495
                           range     5997.39      (9.4%)     6283.25      (8.3%)    4.8% ( -11% -   24%) 0.447
           HighTermDayOfYearSort      436.59      (8.1%)      457.43      (6.6%)    4.8% (  -9% -   21%) 0.362
                    HighSpanNear       58.59      (4.2%)       61.41      (0.8%)    4.8% (   0% -   10%) 0.025
             MedIntervalsOrdered      102.82     (10.8%)      108.44      (7.2%)    5.5% ( -11% -   26%) 0.401
               HighTermTitleSort      127.03      (6.1%)      134.09      (6.4%)    5.6% (  -6% -   19%) 0.209
                 MedSloppyPhrase      205.25     (11.8%)      219.11      (8.1%)    6.7% ( -11% -   30%) 0.345
                     AndHighHigh      531.14     (23.1%)      590.15      (8.1%)   11.1% ( -16% -   54%) 0.364
  iter 4
    armJ:
      NOTE: using experimental CPU time profiler (see https://mostlynerdless.de/blog/2025/06/11/java-25s-new-cpu-time-profiler-1)
      log: /home/goankur/vsearch/logs/FAJc.armJ.4 + stdout
      run: /usr/bin/perf stat -dd -e task-clock,cycles,instructions,cache-references,cache-misses,L1-dcache-loads,L1-dcache-load-misses,L1-icache-loads,L1-icache-load-misses,LLC-loads,LLC-load-misses,LLC-stores,LLC-store-misses,LLC-prefetches,LLC-prefetch-misses,faults,minor-faults,major-faults,branches,branch-misses,stalled-cycles-frontend,stalled-cycles-backend /home/goankur/jdk/corretto-25/bin/java -server -Xms2g -Xmx2g --add-modules jdk.incubator.vector -XX:+HeapDumpOnOutOfMemoryError -XX:+UseParallelGC -XX:StartFlightRecording=jdk.CPUTimeSample#enabled=true,dumponexit=true,maxsize=250M,settings=/home/goankur/vsearch/util/src/python/profiling.jfc,filename=/home/goankur/vsearch/logs/bench-search-FAJc-armJ-4.jfr -XX:+UnlockDiagnosticVMOptions -XX:+DebugNonSafepoints -classpath /home/goankur/vsearch/bo/lucene-J/lucene/core/build/libs/lucene-core-11.0.0-SNAPSHOT.jar:/home/goankur/vsearch/bo/lucene-J/lucene/sandbox/build/classes/java/main:/home/goankur/vsearch/bo/lucene-J/lucene/misc/build/classes/java/main:/home/goankur/vsearch/bo/lucene-J/lucene/facet/build/classes/java/main:/home/goankur/vsearch/bo/lucene-J/lucene/analysis/common/build/classes/java/main:/home/goankur/vsearch/bo/lucene-J/lucene/analysis/icu/build/classes/java/main:/home/goankur/vsearch/bo/lucene-J/lucene/queryparser/build/classes/java/main:/home/goankur/vsearch/bo/lucene-J/lucene/grouping/build/classes/java/main:/home/goankur/vsearch/bo/lucene-J/lucene/suggest/build/classes/java/main:/home/goankur/vsearch/bo/lucene-J/lucene/highlighter/build/classes/java/main:/home/goankur/vsearch/bo/lucene-J/lucene/codecs/build/classes/java/main:/home/goankur/vsearch/bo/lucene-J/lucene/queries/build/classes/java/main:/home/goankur/vsearch/bo/lucene-J/lucene/join/build/classes/java/main:/home/goankur/vsearch/bo/lucene-J/lucene/spatial3d/build/classes/java/main:/home/goankur/vsearch/util/lib/HdrHistogram.jar:/home/goankur/vsearch/util/src/main/build/classes/java/main:/home/goankur/vsearch/util/build perf.SearchPerfTest -dirImpl MMapDirectory -indexPath /home/goankur/vsearch/indices/wikimedium10m.lucene-A.facets.taxonomy:Date.taxonomy:Month.taxonomy:DayOfYear.sortedset:Date.sortedset:Month.sortedset:DayOfYear.taxonomy:RandomLabel.sortedset:RandomLabel.Lucene90.Lucene104.dvfields.nd10M -facets taxonomy:Date;Date -facets taxonomy:Month;Month -facets taxonomy:DayOfYear;DayOfYear -facets sortedset:Date;Date -facets sortedset:Month;Month -facets sortedset:DayOfYear;DayOfYear -facets taxonomy:RandomLabel;RandomLabel -facets sortedset:RandomLabel;RandomLabel -analyzer StandardAnalyzer -taskSource /home/goankur/vsearch/util/tasks/wikimedium.10M.nostopwords.tasks -numConcurrentQueries 5 -taskRepeatCount 20 -field body -tasksPerCat 1 -searchConcurrency -1 -staticSeed -8586789 -seed -7708538 -similarity BM25Similarity -commit multi -hiliteImpl FastVectorHighlighter -log /home/goankur/vsearch/logs/FAJc.armJ.4 -topN 100 -context  -pk -pollute
      9.8 s
      223.6 actual sustained QPS; -1.0 CPU cores used
    armA:
      NOTE: using experimental CPU time profiler (see https://mostlynerdless.de/blog/2025/06/11/java-25s-new-cpu-time-profiler-1)
      log: /home/goankur/vsearch/logs/FAJc.armA.4 + stdout
      run: /usr/bin/perf stat -dd -e task-clock,cycles,instructions,cache-references,cache-misses,L1-dcache-loads,L1-dcache-load-misses,L1-icache-loads,L1-icache-load-misses,LLC-loads,LLC-load-misses,LLC-stores,LLC-store-misses,LLC-prefetches,LLC-prefetch-misses,faults,minor-faults,major-faults,branches,branch-misses,stalled-cycles-frontend,stalled-cycles-backend /home/goankur/jdk/corretto-25/bin/java -server -Xms2g -Xmx2g --add-modules jdk.incubator.vector -XX:+HeapDumpOnOutOfMemoryError -XX:+UseParallelGC -XX:StartFlightRecording=jdk.CPUTimeSample#enabled=true,dumponexit=true,maxsize=250M,settings=/home/goankur/vsearch/util/src/python/profiling.jfc,filename=/home/goankur/vsearch/logs/bench-search-FAJc-armA-4.jfr -XX:+UnlockDiagnosticVMOptions -XX:+DebugNonSafepoints -classpath /home/goankur/vsearch/bo/lucene-A/lucene/core/build/libs/lucene-core-11.0.0-SNAPSHOT.jar:/home/goankur/vsearch/bo/lucene-A/lucene/sandbox/build/classes/java/main:/home/goankur/vsearch/bo/lucene-A/lucene/misc/build/classes/java/main:/home/goankur/vsearch/bo/lucene-A/lucene/facet/build/classes/java/main:/home/goankur/vsearch/bo/lucene-A/lucene/analysis/common/build/classes/java/main:/home/goankur/vsearch/bo/lucene-A/lucene/analysis/icu/build/classes/java/main:/home/goankur/vsearch/bo/lucene-A/lucene/queryparser/build/classes/java/main:/home/goankur/vsearch/bo/lucene-A/lucene/grouping/build/classes/java/main:/home/goankur/vsearch/bo/lucene-A/lucene/suggest/build/classes/java/main:/home/goankur/vsearch/bo/lucene-A/lucene/highlighter/build/classes/java/main:/home/goankur/vsearch/bo/lucene-A/lucene/codecs/build/classes/java/main:/home/goankur/vsearch/bo/lucene-A/lucene/queries/build/classes/java/main:/home/goankur/vsearch/bo/lucene-A/lucene/join/build/classes/java/main:/home/goankur/vsearch/bo/lucene-A/lucene/spatial3d/build/classes/java/main:/home/goankur/vsearch/util/lib/HdrHistogram.jar:/home/goankur/vsearch/util/src/main/build/classes/java/main:/home/goankur/vsearch/util/build perf.SearchPerfTest -dirImpl MMapDirectory -indexPath /home/goankur/vsearch/indices/wikimedium10m.lucene-A.facets.taxonomy:Date.taxonomy:Month.taxonomy:DayOfYear.sortedset:Date.sortedset:Month.sortedset:DayOfYear.taxonomy:RandomLabel.sortedset:RandomLabel.Lucene90.Lucene104.dvfields.nd10M -facets taxonomy:Date;Date -facets taxonomy:Month;Month -facets taxonomy:DayOfYear;DayOfYear -facets sortedset:Date;Date -facets sortedset:Month;Month -facets sortedset:DayOfYear;DayOfYear -facets taxonomy:RandomLabel;RandomLabel -facets sortedset:RandomLabel;RandomLabel -analyzer StandardAnalyzer -taskSource /home/goankur/vsearch/util/tasks/wikimedium.10M.nostopwords.tasks -numConcurrentQueries 5 -taskRepeatCount 20 -field body -tasksPerCat 1 -searchConcurrency -1 -staticSeed -8586789 -seed -7708538 -similarity BM25Similarity -commit multi -hiliteImpl FastVectorHighlighter -log /home/goankur/vsearch/logs/FAJc.armA.4 -topN 100 -context  -pk -pollute
      9.7 s
      232.0 actual sustained QPS; -1.0 CPU cores used

Report after iter 4:
QPSChart.supported == False
                            Task     P50 B     P50 C     Diff     P90 B     P90 C     Diff     P99 B     P99 C     Diff    P999 B    P999 C     Diff    P100 B    P100 C     Diff
           ('AndHighHigh', None)     1.785     1.731    -3.0%     4.788     8.813    84.1%     5.972    14.540   143.5%     5.972    14.540   143.5%   102.457    81.519   -20.4%
('AndHighHighDayTaxoFacets', None)    32.285    31.404    -2.7%    38.814    42.110     8.5%    39.496    44.169    11.8%    39.496    44.169    11.8%   168.305   132.930   -21.0%
            ('AndHighLow', None)     0.483     0.458    -5.1%     1.089     1.709    56.9%     1.255     2.010    60.2%     1.255     2.010    60.2%    14.811     3.030   -79.5%
            ('AndHighMed', None)     1.325     1.049   -20.8%     2.855     3.395    18.9%     3.259     4.601    41.2%     3.259     4.601    41.2%   148.236   147.779    -0.3%
('AndHighMedDayTaxoFacets', None)     4.428     3.670   -17.1%     7.553     6.204   -17.9%    10.133    10.486     3.5%    10.133    10.486     3.5%    11.825    12.122     2.5%
     ('AndMissingHigh', 'Title')     0.306     0.330     7.6%     0.674     0.944    40.1%     1.099     1.321    20.2%     1.099     1.321    20.2%     4.634    12.865   177.6%
              ('BM25MSM2', None)    17.703    18.989     7.3%    39.413    37.122    -5.8%    53.167    47.036   -11.5%    53.167    47.036   -11.5%   108.987    95.765   -12.1%
  ('BrowseDateSSDVFacets', None)   403.578   400.473    -0.8%   427.765   456.856     6.8%   453.517   492.147     8.5%   453.517   492.147     8.5%   564.333   576.132     2.1%
  ('BrowseDateTaxoFacets', None)    65.118    65.030    -0.1%    71.297    71.510     0.3%    73.598    72.865    -1.0%    73.598    72.865    -1.0%    75.141    73.602    -2.0%
('BrowseDayOfYearSSDVFacets', None)    67.176    67.684     0.8%    86.874    92.040     5.9%    89.282   110.207    23.4%    89.282   110.207    23.4%   143.300   133.167    -7.1%
('BrowseDayOfYearTaxoFacets', None)    62.150    61.079    -1.7%    69.150    71.438     3.3%    72.149    71.746    -0.6%    72.149    71.746    -0.6%   294.571   353.159    19.9%
 ('BrowseMonthSSDVFacets', None)    66.485    63.708    -4.2%    85.070    89.880     5.7%   104.397   117.375    12.4%   104.397   117.375    12.4%   135.881   175.623    29.2%
 ('BrowseMonthTaxoFacets', None)    27.016    25.614    -5.2%    38.440    77.260   101.0%    75.127    78.876     5.0%    75.127    78.876     5.0%   139.106   115.984   -16.6%
('BrowseRandomLabelSSDVFacets', None)    94.606    95.298     0.7%   129.038   114.395   -11.3%   142.140   166.591    17.2%   142.140   166.591    17.2%   185.792   199.561     7.4%
('BrowseRandomLabelTaxoFacets', None)    84.127    76.347    -9.2%   101.839    93.674    -8.0%   104.002   102.721    -1.2%   104.002   102.721    -1.2%   190.283   127.892   -32.8%
             ('ConstMSM2', None)     0.795     0.704   -11.5%     2.020     1.333   -34.0%     5.523     3.856   -30.2%     5.523     3.856   -30.2%    39.439    42.057     6.6%
                ('Fuzzy1', None)    10.559    12.013    13.8%    18.236    29.845    63.7%    50.034    54.847     9.6%    50.034    54.847     9.6%    56.219    86.725    54.3%
                ('Fuzzy2', None)    13.468    12.667    -5.9%    21.226    23.787    12.1%    24.949    24.984     0.1%    24.949    24.984     0.1%   172.825   133.757   -22.6%
  ('HighIntervalsOrdered', None)    13.087    13.743     5.0%    25.609    22.706   -11.3%    27.005    28.638     6.0%    27.005    28.638     6.0%   126.090   114.740    -9.0%
            ('HighPhrase', None)    11.154    11.063    -0.8%    16.221    24.505    51.1%    20.177    26.523    31.5%    20.177    26.523    31.5%   215.633   200.322    -7.1%
      ('HighSloppyPhrase', None)    10.709    10.748     0.4%    23.332    21.765    -6.7%    27.686    27.102    -2.1%    27.686    27.102    -2.1%    38.653    42.970    11.2%
          ('HighSpanNear', None)    17.973    16.483    -8.3%    27.185    25.028    -7.9%    31.988    35.021     9.5%    31.988    35.021     9.5%   192.693   194.514     0.9%
              ('HighTerm', None)     1.161     1.204     3.7%     3.431     2.279   -33.6%     4.475     6.209    38.8%     4.475     6.209    38.8%    99.499   115.449    16.0%
('HighTermDayOfYearSort', 'DayOfYear')     2.925     2.510   -14.2%     8.859    12.441    40.4%    12.611    13.329     5.7%    12.611    13.329     5.7%    66.937    87.171    30.2%
  ('HighTermMonthSort', 'Month')     0.843     0.683   -19.0%     3.070     1.444   -53.0%     7.546     4.014   -46.8%     7.546     4.014   -46.8%     9.036    10.696    18.4%
('HighTermTitleBDVSort', 'TitleBinary')    10.386     9.964    -4.1%    16.332    18.272    11.9%    17.658    25.196    42.7%    17.658    25.196    42.7%   108.994    73.515   -32.6%
  ('HighTermTitleSort', 'Title')     9.312     9.062    -2.7%    38.121    23.391   -38.6%    39.481    39.089    -1.0%    39.481    39.089    -1.0%    49.011    68.146    39.0%
                ('IntNRQ', None)     1.576     1.446    -8.3%     2.978     7.130   139.4%    18.674     8.335   -55.4%    18.674     8.335   -55.4%   136.058    72.847   -46.5%
                ('IntSet', None)     1.792     1.394   -22.2%     6.636     7.013     5.7%     7.923    12.701    60.3%     7.923    12.701    60.3%    38.358    42.754    11.5%
   ('LowIntervalsOrdered', None)    13.975    14.405     3.1%    21.445    26.478    23.5%    23.721    29.256    23.3%    23.721    29.256    23.3%    32.491    31.140    -4.2%
             ('LowPhrase', None)    11.221    11.528     2.7%    19.976    21.647     8.4%    22.201    34.545    55.6%    22.201    34.545    55.6%    59.358    63.039     6.2%
       ('LowSloppyPhrase', None)    10.618    10.573    -0.4%    21.312    18.239   -14.4%    24.286    19.070   -21.5%    24.286    19.070   -21.5%    28.321    32.778    15.7%
           ('LowSpanNear', None)     9.564     9.573     0.1%    14.882    14.195    -4.6%    16.209    24.576    51.6%    16.209    24.576    51.6%    30.756    32.980     7.2%
               ('LowTerm', None)     0.429     0.462     7.5%     1.146     1.588    38.5%     1.284     3.577   178.6%     1.284     3.577   178.6%     1.872     6.750   260.6%
   ('MedIntervalsOrdered', None)     9.488    11.542    21.6%    13.362    15.971    19.5%    16.214    20.073    23.8%    16.214    20.073    23.8%   139.815   123.532   -11.6%
             ('MedPhrase', None)     7.242     5.829   -19.5%    14.063    14.885     5.8%    17.109    15.170   -11.3%    17.109    15.170   -11.3%    47.957    57.386    19.7%
       ('MedSloppyPhrase', None)     5.267     5.202    -1.2%     8.873     8.453    -4.7%    12.370    12.489     1.0%    12.370    12.489     1.0%    53.845    47.041   -12.6%
           ('MedSpanNear', None)     6.710     6.418    -4.4%     8.700     8.640    -0.7%    11.197    10.655    -4.8%    11.197    10.655    -4.8%    11.446    13.716    19.8%
               ('MedTerm', None)     0.639     0.639     0.0%     1.956     1.302   -33.5%     3.462     2.204   -36.3%     3.462     2.204   -36.3%     3.609    11.343   214.3%
  ('MedTermDayTaxoFacets', None)    10.578    11.017     4.1%    18.929    16.101   -14.9%    26.491    18.904   -28.6%    26.491    18.904   -28.6%    88.830   140.215    57.8%
            ('OrHighHigh', None)     2.741     2.470    -9.9%     6.569     5.210   -20.7%    14.592    10.508   -28.0%    14.592    10.508   -28.0%    15.631    15.767     0.9%
             ('OrHighLow', None)     0.886     0.847    -4.4%     1.326     1.459    10.0%     2.802     2.523   -10.0%     2.802     2.523   -10.0%     9.740     2.987   -69.3%
             ('OrHighMed', None)     1.129     1.033    -8.5%     2.587     2.467    -4.6%     4.925     2.577   -47.7%     4.925     2.577   -47.7%     6.173     5.611    -9.1%
('OrHighMedDayTaxoFacets', None)    61.348    67.409     9.9%    96.189   101.300     5.3%   172.345   150.459   -12.7%   172.345   150.459   -12.7%   483.907   479.120    -1.0%
         ('OrHighNotHigh', None)     1.457     1.380    -5.3%     2.635     4.027    52.8%     3.217     4.240    31.8%     3.217     4.240    31.8%    19.265     9.312   -51.7%
          ('OrHighNotLow', None)     1.699     1.710     0.6%     8.530     4.034   -52.7%    24.625    12.242   -50.3%    24.625    12.242   -50.3%    35.493    43.834    23.5%
          ('OrHighNotMed', None)     1.185     1.108    -6.5%     2.362     2.461     4.2%     4.586     4.951     8.0%     4.586     4.951     8.0%    10.477    23.222   121.6%
         ('OrNotHighHigh', None)     1.723     2.070    20.2%     3.235     3.432     6.1%     3.725     6.800    82.5%     3.725     6.800    82.5%    29.499    21.387   -27.5%
          ('OrNotHighLow', None)     0.589     0.566    -3.8%     1.136     1.585    39.5%     4.361     1.911   -56.2%     4.361     1.911   -56.2%    12.755     2.075   -83.7%
          ('OrNotHighMed', None)     1.011     0.953    -5.8%     3.981     2.317   -41.8%     4.634     9.958   114.9%     4.634     9.958   114.9%    13.872    11.656   -16.0%
                   ('PKLookup',)     4.843     4.884     0.8%     9.438    12.324    30.6%    16.856    15.119   -10.3%    16.856    15.119   -10.3%    17.638    27.349    55.1%
               ('Prefix3', None)     1.159     1.223     5.5%     8.204     3.724   -54.6%    14.256     6.489   -54.5%    14.256     6.489   -54.5%    39.891    28.050   -29.7%
                    ('Respell',)    15.916    15.054    -5.4%    22.720    34.224    50.6%    28.913   121.649   320.7%    28.913   121.649   320.7%    68.458   122.775    79.3%
('TermDateTimeSort', 'DateTime')     2.518     2.201   -12.6%     6.391     5.796    -9.3%     7.911     9.811    24.0%     7.911     9.811    24.0%    44.982    52.773    17.3%
              ('Wildcard', None)     5.339     5.303    -0.7%    12.638    10.760   -14.9%    21.864    32.553    48.9%    21.864    32.553    48.9%    31.309    61.721    97.1%
                 ('range', None)     0.141     0.148     4.8%     0.552     0.543    -1.5%     0.641     0.576   -10.1%     0.641     0.576   -10.1%     0.698     8.719  1148.9%
                            Task    QPS armA      StdDev    QPS armJ      StdDev                Pct diff p-value
           BrowseMonthTaxoFacets       36.88      (3.1%)       28.61     (42.4%)  -22.4% ( -65% -   23%) 0.238
                    OrNotHighLow     1863.57      (3.9%)     1684.84      (7.7%)   -9.6% ( -20% -    2%) 0.013
                          Fuzzy1       90.22      (7.6%)       82.37      (5.1%)   -8.7% ( -19% -    4%) 0.033
                      AndHighLow     2387.12      (5.8%)     2282.04      (3.9%)   -4.4% ( -13% -    5%) 0.157
                       OrHighMed     1196.32      (4.3%)     1143.99      (7.5%)   -4.4% ( -15% -    7%) 0.260
                        HighTerm      929.61      (3.4%)      891.06      (4.8%)   -4.1% ( -11% -    4%) 0.117
                      AndHighMed      978.60      (4.5%)      942.71      (7.4%)   -3.7% ( -14% -    8%) 0.346
                    OrHighNotLow      599.06      (5.7%)      579.75      (7.8%)   -3.2% ( -15% -   10%) 0.458
            BrowseDateSSDVFacets        2.74      (6.6%)        2.67      (6.0%)   -2.7% ( -14% -   10%) 0.494
       BrowseDayOfYearSSDVFacets       15.90      (6.2%)       15.50      (6.9%)   -2.6% ( -14% -   11%) 0.538
                       OrHighLow     1235.09      (3.7%)     1206.02      (3.3%)   -2.4% (  -9% -    4%) 0.288
                         MedTerm     1691.16      (8.7%)     1657.15      (7.5%)   -2.0% ( -16% -   15%) 0.696
                         Respell       64.21      (2.3%)       63.00      (4.6%)   -1.9% (  -8% -    5%) 0.413
                  AndMissingHigh     3714.98      (8.7%)     3649.43      (5.8%)   -1.8% ( -14% -   13%) 0.705
                      OrHighHigh      493.11      (3.5%)      485.03      (5.0%)   -1.6% (  -9% -    7%) 0.545
                        BM25MSM2       59.04      (4.3%)       58.09      (4.2%)   -1.6% (  -9% -    7%) 0.548
             LowIntervalsOrdered       71.92      (2.5%)       70.80      (4.9%)   -1.6% (  -8% -    5%) 0.526
                 LowSloppyPhrase       93.20      (5.8%)       91.81      (4.3%)   -1.5% ( -10% -    9%) 0.642
                      HighPhrase       93.56      (2.5%)       92.19      (2.6%)   -1.5% (  -6% -    3%) 0.367
       BrowseDayOfYearTaxoFacets       15.56      (3.5%)       15.38      (4.8%)   -1.2% (  -9% -    7%) 0.662
             MedIntervalsOrdered      105.24     (10.5%)      104.36     (10.6%)   -0.8% ( -19% -   22%) 0.900
                        Wildcard      193.30      (1.6%)      192.55      (1.7%)   -0.4% (  -3% -    2%) 0.708
            HighTermTitleBDVSort      111.84      (4.8%)      111.47      (2.6%)   -0.3% (  -7% -    7%) 0.893
            BrowseDateTaxoFacets       15.03      (8.3%)       14.99      (5.3%)   -0.3% ( -12% -   14%) 0.953
                         LowTerm     2436.35      (1.8%)     2430.59      (3.5%)   -0.2% (  -5% -    5%) 0.893
                    OrHighNotMed      943.71     (10.0%)      942.67      (5.3%)   -0.1% ( -14% -   16%) 0.983
                    OrNotHighMed     1048.95      (5.1%)     1052.84      (8.7%)    0.4% ( -12% -   14%) 0.935
                   OrNotHighHigh      714.37     (11.9%)      718.35     (10.7%)    0.6% ( -19% -   26%) 0.938
     BrowseRandomLabelSSDVFacets       11.24      (6.7%)       11.31      (6.8%)    0.6% ( -12% -   15%) 0.886
                          IntNRQ      747.12     (10.4%)      752.36     (11.1%)    0.7% ( -18% -   24%) 0.918
         AndHighMedDayTaxoFacets      270.33      (9.3%)      272.64      (7.8%)    0.9% ( -14% -   19%) 0.875
                     LowSpanNear      109.73      (4.8%)      110.79      (4.1%)    1.0% (  -7% -   10%) 0.735
          OrHighMedDayTaxoFacets       15.19      (7.6%)       15.36      (5.2%)    1.1% ( -10% -   14%) 0.794
                       MedPhrase      178.74      (6.8%)      180.99      (3.7%)    1.3% (  -8% -   12%) 0.717
     BrowseRandomLabelTaxoFacets       12.39      (3.5%)       12.56      (6.5%)    1.4% (  -8% -   11%) 0.676
           BrowseMonthSSDVFacets       15.92      (5.0%)       16.18      (2.9%)    1.6% (  -6% -   10%) 0.535
               HighTermMonthSort     1393.33      (7.2%)     1417.17      (6.3%)    1.7% ( -11% -   16%) 0.690
            HighIntervalsOrdered       80.54      (5.7%)       82.07      (5.4%)    1.9% (  -8% -   13%) 0.590
                         Prefix3      941.09     (17.5%)      959.20     (12.5%)    1.9% ( -23% -   38%) 0.841
                       LowPhrase       89.24      (4.4%)       90.98      (3.9%)    2.0% (  -6% -   10%) 0.457
                        PKLookup      207.92      (8.8%)      212.31      (6.7%)    2.1% ( -12% -   19%) 0.670
            MedTermDayTaxoFacets       93.88      (4.4%)       95.98      (2.8%)    2.2% (  -4% -    9%) 0.341
                HighSloppyPhrase       91.71      (2.6%)       93.78      (5.6%)    2.3% (  -5% -   10%) 0.411
                          Fuzzy2       80.22      (6.6%)       82.08      (9.1%)    2.3% ( -12% -   19%) 0.643
        AndHighHighDayTaxoFacets       34.19      (5.2%)       35.21      (5.5%)    3.0% (  -7% -   14%) 0.381
                       ConstMSM2     1280.65      (4.1%)     1328.41      (6.5%)    3.7% (  -6% -   14%) 0.275
                   OrHighNotHigh      775.44      (5.9%)      804.53      (4.2%)    3.8% (  -5% -   14%) 0.244
                           range     6229.59     (11.4%)     6466.74      (9.6%)    3.8% ( -15% -   28%) 0.568
                     MedSpanNear      161.03      (6.5%)      167.98      (9.9%)    4.3% ( -11% -   22%) 0.415
                      TermDTSort      432.22      (7.8%)      452.93      (8.5%)    4.8% ( -10% -   22%) 0.355
                    HighSpanNear       58.19      (4.0%)       61.44      (0.7%)    5.6% (   0% -   10%) 0.002
               HighTermTitleSort      124.98      (6.5%)      132.37      (6.4%)    5.9% (  -6% -   20%) 0.149
           HighTermDayOfYearSort      421.74     (10.7%)      450.25      (7.0%)    6.8% (  -9% -   27%) 0.239
                 MedSloppyPhrase      204.63     (10.3%)      219.53      (7.0%)    7.3% (  -9% -   27%) 0.191
                          IntSet      683.75      (8.4%)      740.75     (10.3%)    8.3% (  -9% -   29%) 0.161
                     AndHighHigh      548.22     (20.6%)      597.53      (7.5%)    9.0% ( -15% -   46%) 0.358
  iter 5
    armA:
      NOTE: using experimental CPU time profiler (see https://mostlynerdless.de/blog/2025/06/11/java-25s-new-cpu-time-profiler-1)
      log: /home/goankur/vsearch/logs/FAJc.armA.5 + stdout
      run: /usr/bin/perf stat -dd -e task-clock,cycles,instructions,cache-references,cache-misses,L1-dcache-loads,L1-dcache-load-misses,L1-icache-loads,L1-icache-load-misses,LLC-loads,LLC-load-misses,LLC-stores,LLC-store-misses,LLC-prefetches,LLC-prefetch-misses,faults,minor-faults,major-faults,branches,branch-misses,stalled-cycles-frontend,stalled-cycles-backend /home/goankur/jdk/corretto-25/bin/java -server -Xms2g -Xmx2g --add-modules jdk.incubator.vector -XX:+HeapDumpOnOutOfMemoryError -XX:+UseParallelGC -XX:StartFlightRecording=jdk.CPUTimeSample#enabled=true,dumponexit=true,maxsize=250M,settings=/home/goankur/vsearch/util/src/python/profiling.jfc,filename=/home/goankur/vsearch/logs/bench-search-FAJc-armA-5.jfr -XX:+UnlockDiagnosticVMOptions -XX:+DebugNonSafepoints -classpath /home/goankur/vsearch/bo/lucene-A/lucene/core/build/libs/lucene-core-11.0.0-SNAPSHOT.jar:/home/goankur/vsearch/bo/lucene-A/lucene/sandbox/build/classes/java/main:/home/goankur/vsearch/bo/lucene-A/lucene/misc/build/classes/java/main:/home/goankur/vsearch/bo/lucene-A/lucene/facet/build/classes/java/main:/home/goankur/vsearch/bo/lucene-A/lucene/analysis/common/build/classes/java/main:/home/goankur/vsearch/bo/lucene-A/lucene/analysis/icu/build/classes/java/main:/home/goankur/vsearch/bo/lucene-A/lucene/queryparser/build/classes/java/main:/home/goankur/vsearch/bo/lucene-A/lucene/grouping/build/classes/java/main:/home/goankur/vsearch/bo/lucene-A/lucene/suggest/build/classes/java/main:/home/goankur/vsearch/bo/lucene-A/lucene/highlighter/build/classes/java/main:/home/goankur/vsearch/bo/lucene-A/lucene/codecs/build/classes/java/main:/home/goankur/vsearch/bo/lucene-A/lucene/queries/build/classes/java/main:/home/goankur/vsearch/bo/lucene-A/lucene/join/build/classes/java/main:/home/goankur/vsearch/bo/lucene-A/lucene/spatial3d/build/classes/java/main:/home/goankur/vsearch/util/lib/HdrHistogram.jar:/home/goankur/vsearch/util/src/main/build/classes/java/main:/home/goankur/vsearch/util/build perf.SearchPerfTest -dirImpl MMapDirectory -indexPath /home/goankur/vsearch/indices/wikimedium10m.lucene-A.facets.taxonomy:Date.taxonomy:Month.taxonomy:DayOfYear.sortedset:Date.sortedset:Month.sortedset:DayOfYear.taxonomy:RandomLabel.sortedset:RandomLabel.Lucene90.Lucene104.dvfields.nd10M -facets taxonomy:Date;Date -facets taxonomy:Month;Month -facets taxonomy:DayOfYear;DayOfYear -facets sortedset:Date;Date -facets sortedset:Month;Month -facets sortedset:DayOfYear;DayOfYear -facets taxonomy:RandomLabel;RandomLabel -facets sortedset:RandomLabel;RandomLabel -analyzer StandardAnalyzer -taskSource /home/goankur/vsearch/util/tasks/wikimedium.10M.nostopwords.tasks -numConcurrentQueries 5 -taskRepeatCount 20 -field body -tasksPerCat 1 -searchConcurrency -1 -staticSeed -8586789 -seed -9490590 -similarity BM25Similarity -commit multi -hiliteImpl FastVectorHighlighter -log /home/goankur/vsearch/logs/FAJc.armA.5 -topN 100 -context  -pk -pollute
      9.8 s
      234.0 actual sustained QPS; -1.0 CPU cores used
    armJ:
      NOTE: using experimental CPU time profiler (see https://mostlynerdless.de/blog/2025/06/11/java-25s-new-cpu-time-profiler-1)
      log: /home/goankur/vsearch/logs/FAJc.armJ.5 + stdout
      run: /usr/bin/perf stat -dd -e task-clock,cycles,instructions,cache-references,cache-misses,L1-dcache-loads,L1-dcache-load-misses,L1-icache-loads,L1-icache-load-misses,LLC-loads,LLC-load-misses,LLC-stores,LLC-store-misses,LLC-prefetches,LLC-prefetch-misses,faults,minor-faults,major-faults,branches,branch-misses,stalled-cycles-frontend,stalled-cycles-backend /home/goankur/jdk/corretto-25/bin/java -server -Xms2g -Xmx2g --add-modules jdk.incubator.vector -XX:+HeapDumpOnOutOfMemoryError -XX:+UseParallelGC -XX:StartFlightRecording=jdk.CPUTimeSample#enabled=true,dumponexit=true,maxsize=250M,settings=/home/goankur/vsearch/util/src/python/profiling.jfc,filename=/home/goankur/vsearch/logs/bench-search-FAJc-armJ-5.jfr -XX:+UnlockDiagnosticVMOptions -XX:+DebugNonSafepoints -classpath /home/goankur/vsearch/bo/lucene-J/lucene/core/build/libs/lucene-core-11.0.0-SNAPSHOT.jar:/home/goankur/vsearch/bo/lucene-J/lucene/sandbox/build/classes/java/main:/home/goankur/vsearch/bo/lucene-J/lucene/misc/build/classes/java/main:/home/goankur/vsearch/bo/lucene-J/lucene/facet/build/classes/java/main:/home/goankur/vsearch/bo/lucene-J/lucene/analysis/common/build/classes/java/main:/home/goankur/vsearch/bo/lucene-J/lucene/analysis/icu/build/classes/java/main:/home/goankur/vsearch/bo/lucene-J/lucene/queryparser/build/classes/java/main:/home/goankur/vsearch/bo/lucene-J/lucene/grouping/build/classes/java/main:/home/goankur/vsearch/bo/lucene-J/lucene/suggest/build/classes/java/main:/home/goankur/vsearch/bo/lucene-J/lucene/highlighter/build/classes/java/main:/home/goankur/vsearch/bo/lucene-J/lucene/codecs/build/classes/java/main:/home/goankur/vsearch/bo/lucene-J/lucene/queries/build/classes/java/main:/home/goankur/vsearch/bo/lucene-J/lucene/join/build/classes/java/main:/home/goankur/vsearch/bo/lucene-J/lucene/spatial3d/build/classes/java/main:/home/goankur/vsearch/util/lib/HdrHistogram.jar:/home/goankur/vsearch/util/src/main/build/classes/java/main:/home/goankur/vsearch/util/build perf.SearchPerfTest -dirImpl MMapDirectory -indexPath /home/goankur/vsearch/indices/wikimedium10m.lucene-A.facets.taxonomy:Date.taxonomy:Month.taxonomy:DayOfYear.sortedset:Date.sortedset:Month.sortedset:DayOfYear.taxonomy:RandomLabel.sortedset:RandomLabel.Lucene90.Lucene104.dvfields.nd10M -facets taxonomy:Date;Date -facets taxonomy:Month;Month -facets taxonomy:DayOfYear;DayOfYear -facets sortedset:Date;Date -facets sortedset:Month;Month -facets sortedset:DayOfYear;DayOfYear -facets taxonomy:RandomLabel;RandomLabel -facets sortedset:RandomLabel;RandomLabel -analyzer StandardAnalyzer -taskSource /home/goankur/vsearch/util/tasks/wikimedium.10M.nostopwords.tasks -numConcurrentQueries 5 -taskRepeatCount 20 -field body -tasksPerCat 1 -searchConcurrency -1 -staticSeed -8586789 -seed -9490590 -similarity BM25Similarity -commit multi -hiliteImpl FastVectorHighlighter -log /home/goankur/vsearch/logs/FAJc.armJ.5 -topN 100 -context  -pk -pollute
      9.8 s
      235.8 actual sustained QPS; -1.0 CPU cores used

Report after iter 5:
QPSChart.supported == False
                            Task     P50 B     P50 C     Diff     P90 B     P90 C     Diff     P99 B     P99 C     Diff    P999 B    P999 C     Diff    P100 B    P100 C     Diff
           ('AndHighHigh', None)     1.536     1.778    15.8%     9.546     7.761   -18.7%     9.675    12.629    30.5%     9.675    12.629    30.5%    10.816    33.059   205.7%
('AndHighHighDayTaxoFacets', None)    31.427    30.903    -1.7%    40.537    40.660     0.3%    64.466    42.409   -34.2%    64.466    42.409   -34.2%   196.784   225.460    14.6%
            ('AndHighLow', None)     0.467     0.464    -0.7%     1.409     1.547     9.8%     1.688     1.805     6.9%     1.688     1.805     6.9%     5.620     2.238   -60.2%
            ('AndHighMed', None)     1.087     1.225    12.7%     2.772     3.881    40.0%     5.518     9.572    73.5%     5.518     9.572    73.5%    15.691    13.232   -15.7%
('AndHighMedDayTaxoFacets', None)     3.974     3.883    -2.3%    12.049    17.189    42.7%    17.049    20.094    17.9%    17.049    20.094    17.9%    41.734    55.145    32.1%
     ('AndMissingHigh', 'Title')     0.353     0.339    -3.8%     1.009     0.981    -2.8%     1.662     1.004   -39.6%     1.662     1.004   -39.6%     3.332     2.401   -27.9%
              ('BM25MSM2', None)    17.700    16.482    -6.9%    35.780    31.512   -11.9%    50.131    38.973   -22.3%    50.131    38.973   -22.3%   301.755   261.473   -13.3%
  ('BrowseDateSSDVFacets', None)   346.501   385.360    11.2%   372.895   452.195    21.3%   374.911   459.115    22.5%   374.911   459.115    22.5%   592.153   667.218    12.7%
  ('BrowseDateTaxoFacets', None)    75.234    68.816    -8.5%    87.996    79.516    -9.6%    89.166    83.051    -6.9%    89.166    83.051    -6.9%   383.240   270.484   -29.4%
('BrowseDayOfYearSSDVFacets', None)    67.608    68.133     0.8%    89.189    86.910    -2.6%    90.505    92.306     2.0%    90.505    92.306     2.0%   161.390   210.888    30.7%
('BrowseDayOfYearTaxoFacets', None)    72.500    63.746   -12.1%    82.050    75.630    -7.8%    84.638    82.267    -2.8%    84.638    82.267    -2.8%    94.462    91.913    -2.7%
 ('BrowseMonthSSDVFacets', None)    66.593    67.545     1.4%    85.534    85.090    -0.5%    94.342    86.154    -8.7%    94.342    86.154    -8.7%   269.430   218.082   -19.1%
 ('BrowseMonthTaxoFacets', None)    27.636    26.529    -4.0%    77.379    71.606    -7.5%    78.330    84.484     7.9%    78.330    84.484     7.9%   373.469   270.825   -27.5%
('BrowseRandomLabelSSDVFacets', None)    95.490    90.782    -4.9%   141.514   129.934    -8.2%   161.396   141.792   -12.1%   161.396   141.792   -12.1%   237.247   247.813     4.5%
('BrowseRandomLabelTaxoFacets', None)    83.373    81.542    -2.2%   105.867    88.227   -16.7%   131.196    90.873   -30.7%   131.196    90.873   -30.7%   134.004   126.303    -5.7%
             ('ConstMSM2', None)     0.826     0.736   -10.9%     1.760     2.182    24.0%     3.163     2.292   -27.5%     3.163     2.292   -27.5%     7.453     8.061     8.2%
                ('Fuzzy1', None)    12.339    11.508    -6.7%    17.769    20.403    14.8%    17.942    23.128    28.9%    17.942    23.128    28.9%   213.760   241.037    12.8%
                ('Fuzzy2', None)    13.195    12.263    -7.1%    15.769    18.061    14.5%    23.056    24.435     6.0%    23.056    24.435     6.0%    49.890    42.132   -15.6%
  ('HighIntervalsOrdered', None)    13.850    12.423   -10.3%    21.004    18.796   -10.5%    25.530    27.338     7.1%    25.530    27.338     7.1%   112.631   137.229    21.8%
            ('HighPhrase', None)    11.147    11.194     0.4%    16.885    17.253     2.2%    23.561    19.850   -15.8%    23.561    19.850   -15.8%   157.833   137.221   -13.1%
      ('HighSloppyPhrase', None)    11.092    11.278     1.7%    20.044    16.850   -15.9%    20.373    23.325    14.5%    20.373    23.325    14.5%   116.343    85.871   -26.2%
          ('HighSpanNear', None)    18.430    17.658    -4.2%    40.437    33.880   -16.2%    42.454    44.109     3.9%    42.454    44.109     3.9%   189.119   172.351    -8.9%
              ('HighTerm', None)     1.133     1.178     4.0%     2.361     2.719    15.2%    11.990     2.801   -76.6%    11.990     2.801   -76.6%   117.873   151.329    28.4%
('HighTermDayOfYearSort', 'DayOfYear')     2.627     2.363   -10.1%     4.815     6.539    35.8%    11.230    16.943    50.9%    11.230    16.943    50.9%   104.463    91.979   -12.0%
  ('HighTermMonthSort', 'Month')     0.655     0.718     9.7%     2.086     2.916    39.8%     2.549     8.583   236.8%     2.549     8.583   236.8%    37.681    13.613   -63.9%
('HighTermTitleBDVSort', 'TitleBinary')     8.771     9.290     5.9%    19.300    16.372   -15.2%    21.191    19.142    -9.7%    21.191    19.142    -9.7%    71.280    47.739   -33.0%
  ('HighTermTitleSort', 'Title')     7.364     9.652    31.1%    18.634    20.049     7.6%    41.789    43.090     3.1%    41.789    43.090     3.1%    61.938    80.862    30.6%
                ('IntNRQ', None)     1.570     1.357   -13.5%     5.482     2.886   -47.4%     7.766     3.115   -59.9%     7.766     3.115   -59.9%    85.326    84.007    -1.5%
                ('IntSet', None)     1.452     1.510     4.0%     7.002     6.076   -13.2%    23.281    16.926   -27.3%    23.281    16.926   -27.3%    86.686    60.131   -30.6%
   ('LowIntervalsOrdered', None)    14.853    14.301    -3.7%    25.397    27.223     7.2%    25.458    45.608    79.2%    25.458    45.608    79.2%    97.807    85.357   -12.7%
             ('LowPhrase', None)    11.171    11.521     3.1%    14.952    13.232   -11.5%    27.164    34.689    27.7%    27.164    34.689    27.7%    29.922    38.443    28.5%
       ('LowSloppyPhrase', None)    10.777    10.522    -2.4%    23.924    19.950   -16.6%    24.969    25.038     0.3%    24.969    25.038     0.3%    89.070    86.369    -3.0%
           ('LowSpanNear', None)     9.845     9.577    -2.7%    17.084    16.244    -4.9%    17.667    17.631    -0.2%    17.667    17.631    -0.2%    19.455    17.649    -9.3%
               ('LowTerm', None)     0.432     0.445     3.0%     1.111     1.463    31.7%     1.235     1.665    34.8%     1.235     1.665    34.8%     1.980     2.218    12.1%
   ('MedIntervalsOrdered', None)    10.994     9.828   -10.6%    18.264    12.583   -31.1%    20.979    12.876   -38.6%    20.979    12.876   -38.6%    29.662    27.535    -7.2%
             ('MedPhrase', None)     5.530     5.879     6.3%     9.877    13.204    33.7%    13.378    13.502     0.9%    13.378    13.502     0.9%    28.564    32.331    13.2%
       ('MedSloppyPhrase', None)     5.271     5.277     0.1%     8.047     9.496    18.0%     8.370    16.458    96.6%     8.370    16.458    96.6%    90.785    40.391   -55.5%
           ('MedSpanNear', None)     6.794     6.687    -1.6%     8.820     8.525    -3.3%    12.536     9.047   -27.8%    12.536     9.047   -27.8%    14.346    11.500   -19.8%
               ('MedTerm', None)     0.653     0.646    -1.0%     2.299     2.921    27.0%     2.313     5.735   147.9%     2.313     5.735   147.9%     3.784     9.356   147.2%
  ('MedTermDayTaxoFacets', None)    11.281    12.104     7.3%    31.526    15.024   -52.3%    34.636    30.920   -10.7%    34.636    30.920   -10.7%    71.189    82.709    16.2%
            ('OrHighHigh', None)     2.260     2.083    -7.8%     4.482     4.885     9.0%     7.964     5.871   -26.3%     7.964     5.871   -26.3%    31.073    50.926    63.9%
             ('OrHighLow', None)     0.954     0.849   -11.0%     1.885     2.072     9.9%     2.104     2.247     6.8%     2.104     2.247     6.8%    12.126     4.312   -64.4%
             ('OrHighMed', None)     1.035     0.895   -13.5%     3.176     2.489   -21.7%     4.731     5.006     5.8%     4.731     5.006     5.8%     6.540     7.259    11.0%
('OrHighMedDayTaxoFacets', None)    72.751    66.241    -8.9%    97.458    89.092    -8.6%   154.974   151.983    -1.9%   154.974   151.983    -1.9%   408.126   380.592    -6.7%
         ('OrHighNotHigh', None)     1.477     1.525     3.2%     3.475     2.009   -42.2%     3.790     8.252   117.7%     3.790     8.252   117.7%     8.977    15.670    74.6%
          ('OrHighNotLow', None)     2.012     1.805   -10.3%     8.914     6.835   -23.3%    13.147    36.789   179.8%    13.147    36.789   179.8%    23.591    37.073    57.1%
          ('OrHighNotMed', None)     1.119     1.142     2.1%     2.101     2.422    15.3%     3.231    15.010   364.6%     3.231    15.010   364.6%    17.616    31.417    78.3%
         ('OrNotHighHigh', None)     2.105     1.884   -10.5%     2.862     3.667    28.1%     4.439     5.468    23.2%     4.439     5.468    23.2%    20.732    22.658     9.3%
          ('OrNotHighLow', None)     0.559     0.638    14.1%     1.371     1.279    -6.7%     7.159     2.389   -66.6%     7.159     2.389   -66.6%     7.211    10.907    51.3%
          ('OrNotHighMed', None)     0.972     1.070    10.0%     2.956     1.670   -43.5%     3.834     3.479    -9.2%     3.834     3.479    -9.2%     5.955     5.414    -9.1%
                   ('PKLookup',)     4.339     5.262    21.3%     9.613     8.664    -9.9%    12.241    11.073    -9.5%    12.241    11.073    -9.5%    34.994    35.808     2.3%
               ('Prefix3', None)     1.217     1.411    16.0%     5.718     8.816    54.2%    10.000    15.302    53.0%    10.000    15.302    53.0%    34.003    58.864    73.1%
                    ('Respell',)    16.762    14.665   -12.5%    22.726    25.570    12.5%    26.558    25.629    -3.5%    26.558    25.629    -3.5%    72.326    82.800    14.5%
('TermDateTimeSort', 'DateTime')     2.518     2.283    -9.3%     5.702    11.678   104.8%    11.664    14.531    24.6%    11.664    14.531    24.6%    85.718    68.331   -20.3%
              ('Wildcard', None)     5.199     5.501     5.8%    10.899    14.523    33.3%    11.947    25.840   116.3%    11.947    25.840   116.3%    89.589    71.221   -20.5%
                 ('range', None)     0.180     0.178    -1.3%     0.358     0.403    12.6%     0.515     0.476    -7.5%     0.515     0.476    -7.5%     0.645     0.539   -16.3%
                            Task    QPS armA      StdDev    QPS armJ      StdDev                Pct diff p-value
           BrowseMonthTaxoFacets       37.09      (3.1%)       30.40     (39.5%)  -18.0% ( -58% -   25%) 0.264
                    OrNotHighLow     1871.41      (3.6%)     1666.91      (7.2%)  -10.9% ( -21% -    0%) 0.001
                          Fuzzy1       89.06      (7.6%)       83.28      (5.3%)   -6.5% ( -17% -    6%) 0.085
                      AndHighLow     2377.63      (5.3%)     2276.51      (3.5%)   -4.3% ( -12% -    4%) 0.101
                      AndHighMed      975.09      (4.2%)      934.01      (7.0%)   -4.2% ( -14% -    7%) 0.206
            BrowseDateSSDVFacets        2.78      (6.7%)        2.66      (5.3%)   -4.2% ( -15% -    8%) 0.231
                        HighTerm      926.61      (3.2%)      891.74      (4.3%)   -3.8% ( -10% -    3%) 0.086
                       OrHighMed     1173.77      (6.1%)     1143.27      (6.9%)   -2.6% ( -14% -   11%) 0.489
                         MedTerm     1690.50      (7.8%)     1654.65      (6.8%)   -2.1% ( -15% -   13%) 0.614
       BrowseDayOfYearSSDVFacets       15.82      (5.7%)       15.55      (6.3%)   -1.7% ( -12% -   10%) 0.625
            HighTermTitleBDVSort      112.78      (4.8%)      111.05      (2.4%)   -1.5% (  -8% -    5%) 0.482
                      HighPhrase       93.43      (2.3%)       92.02      (2.4%)   -1.5% (  -6% -    3%) 0.262
                    OrHighNotLow      589.43      (6.6%)      580.85      (7.2%)   -1.5% ( -14% -   13%) 0.714
                        PKLookup      212.34      (9.2%)      209.44      (6.8%)   -1.4% ( -15% -   16%) 0.771
                        Wildcard      193.49      (1.4%)      191.92      (1.7%)   -0.8% (  -3% -    2%) 0.375
                 LowSloppyPhrase       93.27      (5.1%)       92.53      (4.3%)   -0.8% (  -9% -    9%) 0.772
                         LowTerm     2426.02      (2.0%)     2411.67      (3.7%)   -0.6% (  -6% -    5%) 0.727
                    OrNotHighMed     1050.29      (4.6%)     1044.94      (8.0%)   -0.5% ( -12% -   12%) 0.893
                       OrHighLow     1212.22      (5.7%)     1206.38      (3.0%)   -0.5% (  -8% -    8%) 0.855
                    OrHighNotMed      941.01      (9.0%)      937.65      (4.9%)   -0.4% ( -13% -   14%) 0.932
             LowIntervalsOrdered       71.22      (3.3%)       71.01      (4.5%)   -0.3% (  -7% -    7%) 0.896
           BrowseMonthSSDVFacets       16.03      (4.7%)       16.00      (3.8%)   -0.2% (  -8% -    8%) 0.934
                  AndMissingHigh     3585.34     (12.0%)     3582.10      (7.0%)   -0.1% ( -17% -   21%) 0.987
                        BM25MSM2       58.82      (4.0%)       58.81      (4.8%)   -0.0% (  -8% -    9%) 0.992
                         Prefix3      931.71     (16.0%)      931.86     (13.4%)    0.0% ( -25% -   35%) 0.998
       BrowseDayOfYearTaxoFacets       15.40      (4.0%)       15.43      (4.4%)    0.2% (  -7% -    8%) 0.934
     BrowseRandomLabelSSDVFacets       11.24      (6.0%)       11.28      (6.2%)    0.3% ( -11% -   13%) 0.933
                      OrHighHigh      484.83      (5.2%)      486.38      (4.6%)    0.3% (  -9% -   10%) 0.910
             MedIntervalsOrdered      103.99     (10.0%)      104.34      (9.6%)    0.3% ( -17% -   22%) 0.953
            MedTermDayTaxoFacets       93.42      (4.1%)       93.79      (6.3%)    0.4% (  -9% -   11%) 0.899
         AndHighMedDayTaxoFacets      269.63      (8.4%)      270.78      (7.2%)    0.4% ( -14% -   17%) 0.925
                         Respell       63.73      (2.8%)       64.13      (6.0%)    0.6% (  -7% -    9%) 0.814
                       LowPhrase       89.79      (4.2%)       90.37      (3.9%)    0.6% (  -7% -    9%) 0.783
                   OrNotHighHigh      683.49     (15.7%)      688.41     (14.7%)    0.7% ( -25% -   36%) 0.935
                       MedPhrase      179.83      (6.2%)      181.13      (3.3%)    0.7% (  -8% -   10%) 0.801
            BrowseDateTaxoFacets       14.80      (8.4%)       14.93      (5.0%)    0.8% ( -11% -   15%) 0.834
                     LowSpanNear      108.90      (4.7%)      110.34      (3.8%)    1.3% (  -6% -   10%) 0.596
                HighSloppyPhrase       91.70      (2.3%)       93.32      (5.1%)    1.8% (  -5% -    9%) 0.443
                           range     6236.41     (10.2%)     6347.06      (9.8%)    1.8% ( -16% -   24%) 0.758
               HighTermMonthSort     1416.93      (7.5%)     1443.33      (7.2%)    1.9% ( -11% -   17%) 0.661
     BrowseRandomLabelTaxoFacets       12.34      (3.3%)       12.65      (6.2%)    2.5% (  -6% -   12%) 0.372
                          IntNRQ      734.47     (10.4%)      754.41     (10.1%)    2.7% ( -16% -   25%) 0.647
        AndHighHighDayTaxoFacets       33.97      (4.9%)       34.95      (5.3%)    2.9% (  -7% -   13%) 0.334
               HighTermTitleSort      126.92      (6.8%)      130.83      (6.4%)    3.1% (  -9% -   17%) 0.421
          OrHighMedDayTaxoFacets       15.03      (7.4%)       15.54      (5.5%)    3.4% (  -8% -   17%) 0.367
                   OrHighNotHigh      760.18      (7.3%)      787.65      (6.6%)    3.6% (  -9% -   18%) 0.369
                     MedSpanNear      159.15      (6.5%)      165.02     (10.1%)    3.7% ( -12% -   21%) 0.452
                          Fuzzy2       79.50      (6.3%)       82.53      (8.3%)    3.8% ( -10% -   19%) 0.372
            HighIntervalsOrdered       79.43      (6.2%)       82.57      (5.2%)    4.0% (  -6% -   16%) 0.229
                       ConstMSM2     1277.00      (3.7%)     1336.73      (6.0%)    4.7% (  -4% -   14%) 0.105
                          IntSet      699.35      (9.1%)      733.61      (9.4%)    4.9% ( -12% -   25%) 0.359
                     AndHighHigh      569.39     (19.9%)      597.90      (6.4%)    5.0% ( -17% -   39%) 0.558
                      TermDTSort      428.73      (7.3%)      452.65      (7.7%)    5.6% (  -8% -   22%) 0.199
                    HighSpanNear       57.88      (3.8%)       61.36      (0.7%)    6.0% (   1% -   10%) 0.000
           HighTermDayOfYearSort      421.52      (9.6%)      448.14      (6.4%)    6.3% (  -8% -   24%) 0.181
                 MedSloppyPhrase      203.65      (9.3%)      217.57      (6.7%)    6.8% (  -8% -   25%) 0.145
  iter 6
    armJ:
      NOTE: using experimental CPU time profiler (see https://mostlynerdless.de/blog/2025/06/11/java-25s-new-cpu-time-profiler-1)
      log: /home/goankur/vsearch/logs/FAJc.armJ.6 + stdout
      run: /usr/bin/perf stat -dd -e task-clock,cycles,instructions,cache-references,cache-misses,L1-dcache-loads,L1-dcache-load-misses,L1-icache-loads,L1-icache-load-misses,LLC-loads,LLC-load-misses,LLC-stores,LLC-store-misses,LLC-prefetches,LLC-prefetch-misses,faults,minor-faults,major-faults,branches,branch-misses,stalled-cycles-frontend,stalled-cycles-backend /home/goankur/jdk/corretto-25/bin/java -server -Xms2g -Xmx2g --add-modules jdk.incubator.vector -XX:+HeapDumpOnOutOfMemoryError -XX:+UseParallelGC -XX:StartFlightRecording=jdk.CPUTimeSample#enabled=true,dumponexit=true,maxsize=250M,settings=/home/goankur/vsearch/util/src/python/profiling.jfc,filename=/home/goankur/vsearch/logs/bench-search-FAJc-armJ-6.jfr -XX:+UnlockDiagnosticVMOptions -XX:+DebugNonSafepoints -classpath /home/goankur/vsearch/bo/lucene-J/lucene/core/build/libs/lucene-core-11.0.0-SNAPSHOT.jar:/home/goankur/vsearch/bo/lucene-J/lucene/sandbox/build/classes/java/main:/home/goankur/vsearch/bo/lucene-J/lucene/misc/build/classes/java/main:/home/goankur/vsearch/bo/lucene-J/lucene/facet/build/classes/java/main:/home/goankur/vsearch/bo/lucene-J/lucene/analysis/common/build/classes/java/main:/home/goankur/vsearch/bo/lucene-J/lucene/analysis/icu/build/classes/java/main:/home/goankur/vsearch/bo/lucene-J/lucene/queryparser/build/classes/java/main:/home/goankur/vsearch/bo/lucene-J/lucene/grouping/build/classes/java/main:/home/goankur/vsearch/bo/lucene-J/lucene/suggest/build/classes/java/main:/home/goankur/vsearch/bo/lucene-J/lucene/highlighter/build/classes/java/main:/home/goankur/vsearch/bo/lucene-J/lucene/codecs/build/classes/java/main:/home/goankur/vsearch/bo/lucene-J/lucene/queries/build/classes/java/main:/home/goankur/vsearch/bo/lucene-J/lucene/join/build/classes/java/main:/home/goankur/vsearch/bo/lucene-J/lucene/spatial3d/build/classes/java/main:/home/goankur/vsearch/util/lib/HdrHistogram.jar:/home/goankur/vsearch/util/src/main/build/classes/java/main:/home/goankur/vsearch/util/build perf.SearchPerfTest -dirImpl MMapDirectory -indexPath /home/goankur/vsearch/indices/wikimedium10m.lucene-A.facets.taxonomy:Date.taxonomy:Month.taxonomy:DayOfYear.sortedset:Date.sortedset:Month.sortedset:DayOfYear.taxonomy:RandomLabel.sortedset:RandomLabel.Lucene90.Lucene104.dvfields.nd10M -facets taxonomy:Date;Date -facets taxonomy:Month;Month -facets taxonomy:DayOfYear;DayOfYear -facets sortedset:Date;Date -facets sortedset:Month;Month -facets sortedset:DayOfYear;DayOfYear -facets taxonomy:RandomLabel;RandomLabel -facets sortedset:RandomLabel;RandomLabel -analyzer StandardAnalyzer -taskSource /home/goankur/vsearch/util/tasks/wikimedium.10M.nostopwords.tasks -numConcurrentQueries 5 -taskRepeatCount 20 -field body -tasksPerCat 1 -searchConcurrency -1 -staticSeed -8586789 -seed -6954641 -similarity BM25Similarity -commit multi -hiliteImpl FastVectorHighlighter -log /home/goankur/vsearch/logs/FAJc.armJ.6 -topN 100 -context  -pk -pollute
      9.8 s
      227.3 actual sustained QPS; -1.0 CPU cores used
    armA:
      NOTE: using experimental CPU time profiler (see https://mostlynerdless.de/blog/2025/06/11/java-25s-new-cpu-time-profiler-1)
      log: /home/goankur/vsearch/logs/FAJc.armA.6 + stdout
      run: /usr/bin/perf stat -dd -e task-clock,cycles,instructions,cache-references,cache-misses,L1-dcache-loads,L1-dcache-load-misses,L1-icache-loads,L1-icache-load-misses,LLC-loads,LLC-load-misses,LLC-stores,LLC-store-misses,LLC-prefetches,LLC-prefetch-misses,faults,minor-faults,major-faults,branches,branch-misses,stalled-cycles-frontend,stalled-cycles-backend /home/goankur/jdk/corretto-25/bin/java -server -Xms2g -Xmx2g --add-modules jdk.incubator.vector -XX:+HeapDumpOnOutOfMemoryError -XX:+UseParallelGC -XX:StartFlightRecording=jdk.CPUTimeSample#enabled=true,dumponexit=true,maxsize=250M,settings=/home/goankur/vsearch/util/src/python/profiling.jfc,filename=/home/goankur/vsearch/logs/bench-search-FAJc-armA-6.jfr -XX:+UnlockDiagnosticVMOptions -XX:+DebugNonSafepoints -classpath /home/goankur/vsearch/bo/lucene-A/lucene/core/build/libs/lucene-core-11.0.0-SNAPSHOT.jar:/home/goankur/vsearch/bo/lucene-A/lucene/sandbox/build/classes/java/main:/home/goankur/vsearch/bo/lucene-A/lucene/misc/build/classes/java/main:/home/goankur/vsearch/bo/lucene-A/lucene/facet/build/classes/java/main:/home/goankur/vsearch/bo/lucene-A/lucene/analysis/common/build/classes/java/main:/home/goankur/vsearch/bo/lucene-A/lucene/analysis/icu/build/classes/java/main:/home/goankur/vsearch/bo/lucene-A/lucene/queryparser/build/classes/java/main:/home/goankur/vsearch/bo/lucene-A/lucene/grouping/build/classes/java/main:/home/goankur/vsearch/bo/lucene-A/lucene/suggest/build/classes/java/main:/home/goankur/vsearch/bo/lucene-A/lucene/highlighter/build/classes/java/main:/home/goankur/vsearch/bo/lucene-A/lucene/codecs/build/classes/java/main:/home/goankur/vsearch/bo/lucene-A/lucene/queries/build/classes/java/main:/home/goankur/vsearch/bo/lucene-A/lucene/join/build/classes/java/main:/home/goankur/vsearch/bo/lucene-A/lucene/spatial3d/build/classes/java/main:/home/goankur/vsearch/util/lib/HdrHistogram.jar:/home/goankur/vsearch/util/src/main/build/classes/java/main:/home/goankur/vsearch/util/build perf.SearchPerfTest -dirImpl MMapDirectory -indexPath /home/goankur/vsearch/indices/wikimedium10m.lucene-A.facets.taxonomy:Date.taxonomy:Month.taxonomy:DayOfYear.sortedset:Date.sortedset:Month.sortedset:DayOfYear.taxonomy:RandomLabel.sortedset:RandomLabel.Lucene90.Lucene104.dvfields.nd10M -facets taxonomy:Date;Date -facets taxonomy:Month;Month -facets taxonomy:DayOfYear;DayOfYear -facets sortedset:Date;Date -facets sortedset:Month;Month -facets sortedset:DayOfYear;DayOfYear -facets taxonomy:RandomLabel;RandomLabel -facets sortedset:RandomLabel;RandomLabel -analyzer StandardAnalyzer -taskSource /home/goankur/vsearch/util/tasks/wikimedium.10M.nostopwords.tasks -numConcurrentQueries 5 -taskRepeatCount 20 -field body -tasksPerCat 1 -searchConcurrency -1 -staticSeed -8586789 -seed -6954641 -similarity BM25Similarity -commit multi -hiliteImpl FastVectorHighlighter -log /home/goankur/vsearch/logs/FAJc.armA.6 -topN 100 -context  -pk -pollute
      10.0 s
      227.1 actual sustained QPS; -1.0 CPU cores used

Report after iter 6:
QPSChart.supported == False
                            Task     P50 B     P50 C     Diff     P90 B     P90 C     Diff     P99 B     P99 C     Diff    P999 B    P999 C     Diff    P100 B    P100 C     Diff
           ('AndHighHigh', None)     1.533     1.651     7.7%     4.890     6.634    35.7%    10.184     8.086   -20.6%    10.184     8.086   -20.6%    29.664    29.287    -1.3%
('AndHighHighDayTaxoFacets', None)    32.636    30.498    -6.6%    40.497    41.152     1.6%    44.993    51.930    15.4%    44.993    51.930    15.4%   126.833   114.714    -9.6%
            ('AndHighLow', None)     0.440     0.433    -1.5%     1.128     1.536    36.2%     2.758     2.660    -3.5%     2.758     2.660    -3.5%     3.023     3.198     5.8%
            ('AndHighMed', None)     1.042     1.241    19.1%     2.127     3.417    60.7%     4.798     3.723   -22.4%     4.798     3.723   -22.4%     7.801     4.882   -37.4%
('AndHighMedDayTaxoFacets', None)     3.531     3.919    11.0%    10.566    18.700    77.0%    13.055    18.911    44.9%    13.055    18.911    44.9%    20.193    19.588    -3.0%
     ('AndMissingHigh', 'Title')     0.304     0.314     3.1%     0.805     0.922    14.4%     1.120     0.932   -16.7%     1.120     0.932   -16.7%    26.210     1.086   -95.9%
              ('BM25MSM2', None)    18.857    17.941    -4.9%    36.439    37.390     2.6%    58.683    38.505   -34.4%    58.683    38.505   -34.4%   192.731   139.395   -27.7%
  ('BrowseDateSSDVFacets', None)   390.247   389.621    -0.2%   459.327   474.179     3.2%   461.874   486.089     5.2%   461.874   486.089     5.2%   609.149   569.024    -6.6%
  ('BrowseDateTaxoFacets', None)    75.121    68.633    -8.6%    89.803    81.009    -9.8%    93.408    81.248   -13.0%    93.408    81.248   -13.0%   237.553   221.676    -6.7%
('BrowseDayOfYearSSDVFacets', None)    64.706    77.802    20.2%    92.081   101.799    10.6%   105.548   102.125    -3.2%   105.548   102.125    -3.2%   127.552   185.620    45.5%
('BrowseDayOfYearTaxoFacets', None)    70.105    62.303   -11.1%    86.302    75.919   -12.0%    86.540    76.783   -11.3%    86.540    76.783   -11.3%    87.952    80.884    -8.0%
 ('BrowseMonthSSDVFacets', None)    60.718    50.780   -16.4%    83.158    56.839   -31.7%    92.302    66.408   -28.1%    92.302    66.408   -28.1%   117.731   154.170    31.0%
 ('BrowseMonthTaxoFacets', None)    26.467    26.596     0.5%    79.232    79.730     0.6%   104.654   105.048     0.4%   104.654   105.048     0.4%   291.305   239.010   -18.0%
('BrowseRandomLabelSSDVFacets', None)    95.271   100.173     5.1%   151.126   161.117     6.6%   173.412   174.942     0.9%   173.412   174.942     0.9%   244.419   197.344   -19.3%
('BrowseRandomLabelTaxoFacets', None)    97.382    77.914   -20.0%   114.300    99.397   -13.0%   125.400   120.764    -3.7%   125.400   120.764    -3.7%   144.839   139.794    -3.5%
             ('ConstMSM2', None)     0.761     0.836     9.8%     1.999     1.696   -15.1%     7.448     2.966   -60.2%     7.448     2.966   -60.2%    20.500    23.531    14.8%
                ('Fuzzy1', None)    10.022    12.901    28.7%    19.289    16.816   -12.8%    37.108    29.643   -20.1%    37.108    29.643   -20.1%   159.313   161.621     1.4%
                ('Fuzzy2', None)    12.768    12.759    -0.1%    39.674    31.594   -20.4%    42.187    33.272   -21.1%    42.187    33.272   -21.1%    56.971    33.847   -40.6%
  ('HighIntervalsOrdered', None)    11.905    12.416     4.3%    23.140    19.138   -17.3%    23.978    19.172   -20.0%    23.978    19.172   -20.0%    33.120    66.824   101.8%
            ('HighPhrase', None)    11.161    11.136    -0.2%    18.472    21.213    14.8%    20.746    25.442    22.6%    20.746    25.442    22.6%   122.792    48.643   -60.4%
      ('HighSloppyPhrase', None)    10.432    11.239     7.7%    20.897    23.304    11.5%    38.817    27.245   -29.8%    38.817    27.245   -29.8%    80.264    75.148    -6.4%
          ('HighSpanNear', None)    17.486    16.536    -5.4%    35.672    35.012    -1.8%    43.168    36.694   -15.0%    43.168    36.694   -15.0%   267.236   234.559   -12.2%
              ('HighTerm', None)     1.253     1.042   -16.8%     3.141     4.380    39.4%     3.695     5.036    36.3%     3.695     5.036    36.3%    34.624    40.401    16.7%
('HighTermDayOfYearSort', 'DayOfYear')     2.489     2.289    -8.0%     5.846    13.111   124.3%    15.364    15.837     3.1%    15.364    15.837     3.1%    59.714    63.916     7.0%
  ('HighTermMonthSort', 'Month')     0.736     0.762     3.5%     3.383     2.645   -21.8%     9.428    13.336    41.5%     9.428    13.336    41.5%    17.623    22.153    25.7%
('HighTermTitleBDVSort', 'TitleBinary')    10.167     9.042   -11.1%    22.480    19.917   -11.4%    41.977    29.693   -29.3%    41.977    29.693   -29.3%    44.140    63.323    43.5%
  ('HighTermTitleSort', 'Title')     8.544     7.874    -7.8%    20.416    25.528    25.0%    34.868    32.778    -6.0%    34.868    32.778    -6.0%    86.911    93.295     7.3%
                ('IntNRQ', None)     2.336     1.643   -29.7%     3.276     3.751    14.5%     3.314     6.553    97.8%     3.314     6.553    97.8%   100.111    58.196   -41.9%
                ('IntSet', None)     1.851     1.639   -11.5%     3.791     4.171    10.0%     8.779     8.783     0.0%     8.779     8.783     0.0%    41.545    47.351    14.0%
   ('LowIntervalsOrdered', None)    13.644    13.870     1.7%    21.372    19.480    -8.8%    22.820    20.991    -8.0%    22.820    20.991    -8.0%    32.566    24.574   -24.5%
             ('LowPhrase', None)    11.429    11.719     2.5%    18.942    16.348   -13.7%    22.015    23.094     4.9%    22.015    23.094     4.9%    33.911    40.248    18.7%
       ('LowSloppyPhrase', None)    11.265    11.025    -2.1%    25.507    22.069   -13.5%    39.630    22.094   -44.2%    39.630    22.094   -44.2%    60.790    60.166    -1.0%
           ('LowSpanNear', None)     9.121     9.163     0.5%    15.879    21.632    36.2%    31.207    24.046   -22.9%    31.207    24.046   -22.9%    42.105    46.763    11.1%
               ('LowTerm', None)     0.456     0.446    -2.0%     0.913     1.116    22.2%     1.288     1.538    19.4%     1.288     1.538    19.4%     1.935     2.029     4.8%
   ('MedIntervalsOrdered', None)     9.847     9.582    -2.7%    14.083    18.025    28.0%    16.729    18.140     8.4%    16.729    18.140     8.4%   221.317   242.017     9.4%
             ('MedPhrase', None)     5.673     5.935     4.6%    11.683    10.792    -7.6%    20.145    20.005    -0.7%    20.145    20.005    -0.7%   111.786    42.629   -61.9%
       ('MedSloppyPhrase', None)     5.503     5.048    -8.3%    10.742     6.595   -38.6%    11.249     6.761   -39.9%    11.249     6.761   -39.9%    14.459    10.582   -26.8%
           ('MedSpanNear', None)     5.468     5.469     0.0%     7.888     7.691    -2.5%     8.879     9.145     3.0%     8.879     9.145     3.0%     9.568    10.058     5.1%
               ('MedTerm', None)     0.622     0.675     8.5%     1.895     2.186    15.3%     3.427     5.875    71.4%     3.427     5.875    71.4%    64.185    62.495    -2.6%
  ('MedTermDayTaxoFacets', None)    11.269    10.752    -4.6%    16.746    13.909   -16.9%    20.914    21.118     1.0%    20.914    21.118     1.0%    79.180   128.349    62.1%
            ('OrHighHigh', None)     3.101     2.494   -19.6%     5.684     5.923     4.2%    10.659     7.818   -26.7%    10.659     7.818   -26.7%   248.934   234.731    -5.7%
             ('OrHighLow', None)     0.839     0.801    -4.5%     2.399     3.227    34.5%     3.173     8.070   154.4%     3.173     8.070   154.4%     7.313    14.897   103.7%
             ('OrHighMed', None)     0.952     0.913    -4.1%     2.367     3.473    46.7%     8.266     4.353   -47.3%     8.266     4.353   -47.3%    15.541     5.568   -64.2%
('OrHighMedDayTaxoFacets', None)    76.404    67.979   -11.0%   109.348   144.151    31.8%   318.997   282.699   -11.4%   318.997   282.699   -11.4%   440.305   366.741   -16.7%
         ('OrHighNotHigh', None)     1.320     1.352     2.4%     4.399     2.121   -51.8%     7.931     5.048   -36.4%     7.931     5.048   -36.4%    14.003     5.124   -63.4%
          ('OrHighNotLow', None)     1.816     1.922     5.8%     7.464     7.040    -5.7%    22.719    13.821   -39.2%    22.719    13.821   -39.2%    29.233    18.185   -37.8%
          ('OrHighNotMed', None)     1.120     1.148     2.5%     2.348     3.906    66.3%    10.730     5.745   -46.5%    10.730     5.745   -46.5%    14.131    19.585    38.6%
         ('OrNotHighHigh', None)     1.356     1.519    12.0%     3.402     3.270    -3.9%     5.601     7.286    30.1%     5.601     7.286    30.1%    10.915    16.640    52.5%
          ('OrNotHighLow', None)     0.572     0.600     4.8%     1.804     1.755    -2.7%     2.200     2.887    31.3%     2.200     2.887    31.3%    31.496    10.749   -65.9%
          ('OrNotHighMed', None)     1.113     1.073    -3.6%     2.967     2.400   -19.1%     3.727     4.519    21.3%     3.727     4.519    21.3%     5.865     7.263    23.8%
                   ('PKLookup',)     4.164     5.658    35.9%     8.185     7.818    -4.5%    10.946    10.848    -0.9%    10.946    10.848    -0.9%    20.921    20.121    -3.8%
               ('Prefix3', None)     1.414     1.143   -19.2%     8.936     2.557   -71.4%    11.731     4.313   -63.2%    11.731     4.313   -63.2%    42.726    76.406    78.8%
                    ('Respell',)    18.382    16.679    -9.3%    45.039    23.361   -48.1%    49.146    25.121   -48.9%    49.146    25.121   -48.9%    53.747    53.673    -0.1%
('TermDateTimeSort', 'DateTime')     2.255     2.158    -4.3%     6.030     6.638    10.1%    13.625     9.489   -30.4%    13.625     9.489   -30.4%   108.984    70.307   -35.5%
              ('Wildcard', None)     5.469     5.200    -4.9%    16.804     7.982   -52.5%    19.978    12.569   -37.1%    19.978    12.569   -37.1%    24.205    34.437    42.3%
                 ('range', None)     0.159     0.146    -8.0%     0.410     0.444     8.2%     0.526     1.588   202.0%     0.526     1.588   202.0%     0.871     1.728    98.3%
                            Task    QPS armA      StdDev    QPS armJ      StdDev                Pct diff p-value
           BrowseMonthTaxoFacets       37.22      (2.9%)       32.01     (37.7%)  -14.0% ( -53% -   27%) 0.327
                    OrNotHighLow     1858.64      (3.8%)     1678.99      (6.9%)   -9.7% ( -19% -    1%) 0.001
                          Fuzzy1       90.98      (8.8%)       82.64      (5.1%)   -9.2% ( -21% -    5%) 0.017
                        PKLookup      217.98     (10.7%)      205.30      (7.8%)   -5.8% ( -21% -   14%) 0.246
                      AndHighLow     2414.61      (6.2%)     2288.02      (3.4%)   -5.2% ( -14% -    4%) 0.051
                      AndHighMed      977.44      (3.8%)      932.31      (6.4%)   -4.6% ( -14% -    5%) 0.102
       BrowseDayOfYearSSDVFacets       15.82      (5.2%)       15.24      (7.7%)   -3.6% ( -15% -    9%) 0.302
            BrowseDateSSDVFacets        2.76      (6.5%)        2.66      (4.9%)   -3.5% ( -13% -    8%) 0.256
                       OrHighMed     1181.03      (5.8%)     1147.02      (6.3%)   -2.9% ( -14% -    9%) 0.373
                         MedTerm     1684.70      (7.2%)     1649.35      (6.3%)   -2.1% ( -14% -   12%) 0.560
                    OrHighNotLow      584.50      (6.4%)      572.72      (7.5%)   -2.0% ( -15% -   12%) 0.591
                      HighPhrase       93.05      (2.4%)       91.94      (2.2%)   -1.2% (  -5% -    3%) 0.328
                        HighTerm      913.38      (4.8%)      902.95      (5.2%)   -1.1% ( -10% -    9%) 0.669
             LowIntervalsOrdered       71.75      (3.6%)       71.20      (4.1%)   -0.8% (  -8% -    7%) 0.705
            HighTermTitleBDVSort      111.87      (4.9%)      111.01      (2.3%)   -0.8% (  -7% -    6%) 0.705
         AndHighMedDayTaxoFacets      272.32      (8.0%)      270.27      (6.6%)   -0.8% ( -14% -   15%) 0.848
                 LowSloppyPhrase       93.18      (4.7%)       92.51      (3.9%)   -0.7% (  -8% -    8%) 0.756
                       OrHighLow     1224.05      (5.8%)     1215.54      (3.4%)   -0.7% (  -9% -    8%) 0.783
                         LowTerm     2425.08      (1.8%)     2413.56      (3.3%)   -0.5% (  -5% -    4%) 0.740
                    OrHighNotMed      937.18      (8.3%)      934.44      (4.6%)   -0.3% ( -12% -   13%) 0.935
                  AndMissingHigh     3568.51     (11.0%)     3559.24      (6.7%)   -0.3% ( -16% -   19%) 0.958
                    OrNotHighMed     1042.12      (4.7%)     1040.95      (7.4%)   -0.1% ( -11% -   12%) 0.973
     BrowseRandomLabelSSDVFacets       11.15      (5.9%)       11.14      (6.5%)   -0.1% ( -11% -   13%) 0.982
                        Wildcard      192.23      (2.2%)      192.26      (1.7%)    0.0% (  -3% -    3%) 0.990
                       LowPhrase       89.87      (3.8%)       89.96      (3.7%)    0.1% (  -7% -    7%) 0.963
                   OrNotHighHigh      691.40     (14.5%)      692.12     (13.3%)    0.1% ( -24% -   32%) 0.989
                HighSloppyPhrase       92.44      (3.0%)       92.76      (4.9%)    0.3% (  -7% -    8%) 0.875
                        BM25MSM2       58.28      (4.4%)       58.56      (4.6%)    0.5% (  -8% -    9%) 0.841
                     LowSpanNear      109.41      (4.5%)      110.32      (3.5%)    0.8% (  -6% -    9%) 0.695
                       MedPhrase      179.65      (5.7%)      181.28      (3.0%)    0.9% (  -7% -   10%) 0.711
                      OrHighHigh      469.43     (10.0%)      474.90      (7.8%)    1.2% ( -15% -   21%) 0.807
            MedTermDayTaxoFacets       93.15      (3.9%)       94.24      (5.9%)    1.2% (  -8% -   11%) 0.660
       BrowseDayOfYearTaxoFacets       15.26      (4.4%)       15.55      (4.6%)    1.9% (  -6% -   11%) 0.426
            BrowseDateTaxoFacets       14.62      (8.5%)       14.91      (4.6%)    2.0% ( -10% -   16%) 0.586
             MedIntervalsOrdered      103.81      (9.1%)      106.01      (9.8%)    2.1% ( -15% -   23%) 0.675
               HighTermMonthSort     1414.08      (6.9%)     1444.60      (6.6%)    2.2% ( -10% -   16%) 0.550
                         Respell       62.42      (6.1%)       63.86      (5.7%)    2.3% (  -8% -   15%) 0.466
                     MedSpanNear      164.69     (10.6%)      168.82     (10.8%)    2.5% ( -17% -   26%) 0.661
                         Prefix3      925.58     (14.8%)      949.48     (13.3%)    2.6% ( -22% -   36%) 0.731
                       ConstMSM2     1287.06      (4.0%)     1322.57      (6.2%)    2.8% (  -7% -   13%) 0.320
            HighIntervalsOrdered       80.33      (6.3%)       82.66      (4.7%)    2.9% (  -7% -   14%) 0.330
                           range     6256.18      (9.3%)     6454.15     (10.0%)    3.2% ( -14% -   24%) 0.540
                     AndHighHigh      584.14     (18.9%)      603.44      (6.2%)    3.3% ( -18% -   35%) 0.661
                          IntSet      698.31      (8.4%)      722.34      (9.6%)    3.4% ( -13% -   23%) 0.474
        AndHighHighDayTaxoFacets       33.57      (5.6%)       34.72      (5.2%)    3.4% (  -6% -   15%) 0.232
           BrowseMonthSSDVFacets       16.16      (4.8%)       16.72     (12.4%)    3.5% ( -13% -   21%) 0.484
                          Fuzzy2       79.46      (5.8%)       82.56      (7.6%)    3.9% (  -8% -   18%) 0.279
                   OrHighNotHigh      762.92      (6.7%)      792.78      (6.3%)    3.9% (  -8% -   18%) 0.259
               HighTermTitleSort      125.68      (6.8%)      131.00      (5.9%)    4.2% (  -7% -   18%) 0.215
          OrHighMedDayTaxoFacets       14.80      (7.9%)       15.51      (5.1%)    4.8% (  -7% -   19%) 0.178
     BrowseRandomLabelTaxoFacets       12.07      (6.5%)       12.72      (5.9%)    5.3% (  -6% -   18%) 0.110
                 MedSloppyPhrase      205.13      (8.7%)      216.35      (6.3%)    5.5% (  -8% -   22%) 0.176
                      TermDTSort      432.19      (7.0%)      456.98      (7.5%)    5.7% (  -8% -   21%) 0.137
                    HighSpanNear       57.86      (3.5%)       61.35      (0.6%)    6.0% (   1% -   10%) 0.000
                          IntNRQ      699.04     (16.7%)      746.42     (10.2%)    6.8% ( -17% -   40%) 0.359
           HighTermDayOfYearSort      422.63      (8.8%)      452.13      (6.3%)    7.0% (  -7% -   24%) 0.088
  iter 7
    armA:
      NOTE: using experimental CPU time profiler (see https://mostlynerdless.de/blog/2025/06/11/java-25s-new-cpu-time-profiler-1)
      log: /home/goankur/vsearch/logs/FAJc.armA.7 + stdout
      run: /usr/bin/perf stat -dd -e task-clock,cycles,instructions,cache-references,cache-misses,L1-dcache-loads,L1-dcache-load-misses,L1-icache-loads,L1-icache-load-misses,LLC-loads,LLC-load-misses,LLC-stores,LLC-store-misses,LLC-prefetches,LLC-prefetch-misses,faults,minor-faults,major-faults,branches,branch-misses,stalled-cycles-frontend,stalled-cycles-backend /home/goankur/jdk/corretto-25/bin/java -server -Xms2g -Xmx2g --add-modules jdk.incubator.vector -XX:+HeapDumpOnOutOfMemoryError -XX:+UseParallelGC -XX:StartFlightRecording=jdk.CPUTimeSample#enabled=true,dumponexit=true,maxsize=250M,settings=/home/goankur/vsearch/util/src/python/profiling.jfc,filename=/home/goankur/vsearch/logs/bench-search-FAJc-armA-7.jfr -XX:+UnlockDiagnosticVMOptions -XX:+DebugNonSafepoints -classpath /home/goankur/vsearch/bo/lucene-A/lucene/core/build/libs/lucene-core-11.0.0-SNAPSHOT.jar:/home/goankur/vsearch/bo/lucene-A/lucene/sandbox/build/classes/java/main:/home/goankur/vsearch/bo/lucene-A/lucene/misc/build/classes/java/main:/home/goankur/vsearch/bo/lucene-A/lucene/facet/build/classes/java/main:/home/goankur/vsearch/bo/lucene-A/lucene/analysis/common/build/classes/java/main:/home/goankur/vsearch/bo/lucene-A/lucene/analysis/icu/build/classes/java/main:/home/goankur/vsearch/bo/lucene-A/lucene/queryparser/build/classes/java/main:/home/goankur/vsearch/bo/lucene-A/lucene/grouping/build/classes/java/main:/home/goankur/vsearch/bo/lucene-A/lucene/suggest/build/classes/java/main:/home/goankur/vsearch/bo/lucene-A/lucene/highlighter/build/classes/java/main:/home/goankur/vsearch/bo/lucene-A/lucene/codecs/build/classes/java/main:/home/goankur/vsearch/bo/lucene-A/lucene/queries/build/classes/java/main:/home/goankur/vsearch/bo/lucene-A/lucene/join/build/classes/java/main:/home/goankur/vsearch/bo/lucene-A/lucene/spatial3d/build/classes/java/main:/home/goankur/vsearch/util/lib/HdrHistogram.jar:/home/goankur/vsearch/util/src/main/build/classes/java/main:/home/goankur/vsearch/util/build perf.SearchPerfTest -dirImpl MMapDirectory -indexPath /home/goankur/vsearch/indices/wikimedium10m.lucene-A.facets.taxonomy:Date.taxonomy:Month.taxonomy:DayOfYear.sortedset:Date.sortedset:Month.sortedset:DayOfYear.taxonomy:RandomLabel.sortedset:RandomLabel.Lucene90.Lucene104.dvfields.nd10M -facets taxonomy:Date;Date -facets taxonomy:Month;Month -facets taxonomy:DayOfYear;DayOfYear -facets sortedset:Date;Date -facets sortedset:Month;Month -facets sortedset:DayOfYear;DayOfYear -facets taxonomy:RandomLabel;RandomLabel -facets sortedset:RandomLabel;RandomLabel -analyzer StandardAnalyzer -taskSource /home/goankur/vsearch/util/tasks/wikimedium.10M.nostopwords.tasks -numConcurrentQueries 5 -taskRepeatCount 20 -field body -tasksPerCat 1 -searchConcurrency -1 -staticSeed -8586789 -seed -2748373 -similarity BM25Similarity -commit multi -hiliteImpl FastVectorHighlighter -log /home/goankur/vsearch/logs/FAJc.armA.7 -topN 100 -context  -pk -pollute
      10.0 s
      228.0 actual sustained QPS; -1.0 CPU cores used
    armJ:
      NOTE: using experimental CPU time profiler (see https://mostlynerdless.de/blog/2025/06/11/java-25s-new-cpu-time-profiler-1)
      log: /home/goankur/vsearch/logs/FAJc.armJ.7 + stdout
      run: /usr/bin/perf stat -dd -e task-clock,cycles,instructions,cache-references,cache-misses,L1-dcache-loads,L1-dcache-load-misses,L1-icache-loads,L1-icache-load-misses,LLC-loads,LLC-load-misses,LLC-stores,LLC-store-misses,LLC-prefetches,LLC-prefetch-misses,faults,minor-faults,major-faults,branches,branch-misses,stalled-cycles-frontend,stalled-cycles-backend /home/goankur/jdk/corretto-25/bin/java -server -Xms2g -Xmx2g --add-modules jdk.incubator.vector -XX:+HeapDumpOnOutOfMemoryError -XX:+UseParallelGC -XX:StartFlightRecording=jdk.CPUTimeSample#enabled=true,dumponexit=true,maxsize=250M,settings=/home/goankur/vsearch/util/src/python/profiling.jfc,filename=/home/goankur/vsearch/logs/bench-search-FAJc-armJ-7.jfr -XX:+UnlockDiagnosticVMOptions -XX:+DebugNonSafepoints -classpath /home/goankur/vsearch/bo/lucene-J/lucene/core/build/libs/lucene-core-11.0.0-SNAPSHOT.jar:/home/goankur/vsearch/bo/lucene-J/lucene/sandbox/build/classes/java/main:/home/goankur/vsearch/bo/lucene-J/lucene/misc/build/classes/java/main:/home/goankur/vsearch/bo/lucene-J/lucene/facet/build/classes/java/main:/home/goankur/vsearch/bo/lucene-J/lucene/analysis/common/build/classes/java/main:/home/goankur/vsearch/bo/lucene-J/lucene/analysis/icu/build/classes/java/main:/home/goankur/vsearch/bo/lucene-J/lucene/queryparser/build/classes/java/main:/home/goankur/vsearch/bo/lucene-J/lucene/grouping/build/classes/java/main:/home/goankur/vsearch/bo/lucene-J/lucene/suggest/build/classes/java/main:/home/goankur/vsearch/bo/lucene-J/lucene/highlighter/build/classes/java/main:/home/goankur/vsearch/bo/lucene-J/lucene/codecs/build/classes/java/main:/home/goankur/vsearch/bo/lucene-J/lucene/queries/build/classes/java/main:/home/goankur/vsearch/bo/lucene-J/lucene/join/build/classes/java/main:/home/goankur/vsearch/bo/lucene-J/lucene/spatial3d/build/classes/java/main:/home/goankur/vsearch/util/lib/HdrHistogram.jar:/home/goankur/vsearch/util/src/main/build/classes/java/main:/home/goankur/vsearch/util/build perf.SearchPerfTest -dirImpl MMapDirectory -indexPath /home/goankur/vsearch/indices/wikimedium10m.lucene-A.facets.taxonomy:Date.taxonomy:Month.taxonomy:DayOfYear.sortedset:Date.sortedset:Month.sortedset:DayOfYear.taxonomy:RandomLabel.sortedset:RandomLabel.Lucene90.Lucene104.dvfields.nd10M -facets taxonomy:Date;Date -facets taxonomy:Month;Month -facets taxonomy:DayOfYear;DayOfYear -facets sortedset:Date;Date -facets sortedset:Month;Month -facets sortedset:DayOfYear;DayOfYear -facets taxonomy:RandomLabel;RandomLabel -facets sortedset:RandomLabel;RandomLabel -analyzer StandardAnalyzer -taskSource /home/goankur/vsearch/util/tasks/wikimedium.10M.nostopwords.tasks -numConcurrentQueries 5 -taskRepeatCount 20 -field body -tasksPerCat 1 -searchConcurrency -1 -staticSeed -8586789 -seed -2748373 -similarity BM25Similarity -commit multi -hiliteImpl FastVectorHighlighter -log /home/goankur/vsearch/logs/FAJc.armJ.7 -topN 100 -context  -pk -pollute
      9.8 s
      222.5 actual sustained QPS; -1.0 CPU cores used

Report after iter 7:
QPSChart.supported == False
                            Task     P50 B     P50 C     Diff     P90 B     P90 C     Diff     P99 B     P99 C     Diff    P999 B    P999 C     Diff    P100 B    P100 C     Diff
           ('AndHighHigh', None)     2.346     2.727    16.2%     8.438    14.353    70.1%    11.235    22.654   101.6%    11.235    22.654   101.6%    53.007    47.435   -10.5%
('AndHighHighDayTaxoFacets', None)    28.314    29.898     5.6%    33.492    39.750    18.7%    42.647    47.761    12.0%    42.647    47.761    12.0%   179.930   152.086   -15.5%
            ('AndHighLow', None)     0.464     0.469     1.0%     1.238     1.013   -18.2%     1.312     2.329    77.5%     1.312     2.329    77.5%     2.367     6.469   173.3%
            ('AndHighMed', None)     1.027     1.252    21.9%     3.482     3.351    -3.8%     3.589     4.067    13.3%     3.589     4.067    13.3%     3.693     4.733    28.2%
('AndHighMedDayTaxoFacets', None)     3.557     3.712     4.4%     5.291     8.803    66.4%    16.762     9.165   -45.3%    16.762     9.165   -45.3%    36.556    39.799     8.9%
     ('AndMissingHigh', 'Title')     0.302     0.308     1.8%     0.788     0.626   -20.6%     0.791     4.153   425.3%     0.791     4.153   425.3%    19.267    19.046    -1.1%
              ('BM25MSM2', None)    17.009    18.252     7.3%    27.792    39.293    41.4%    33.733    74.416   120.6%    33.733    74.416   120.6%   138.470   134.344    -3.0%
  ('BrowseDateSSDVFacets', None)   391.505   341.160   -12.9%   466.304   372.219   -20.2%   479.947   376.122   -21.6%   479.947   376.122   -21.6%   664.351   619.459    -6.8%
  ('BrowseDateTaxoFacets', None)    63.122    76.689    21.5%    74.409    84.639    13.7%    74.722    89.403    19.6%    74.722    89.403    19.6%   175.536   139.696   -20.4%
('BrowseDayOfYearSSDVFacets', None)    65.911    72.053     9.3%    85.580    89.380     4.4%   133.896   104.551   -21.9%   133.896   104.551   -21.9%   144.601   114.090   -21.1%
('BrowseDayOfYearTaxoFacets', None)    66.869    71.701     7.2%    77.873    88.638    13.8%    96.170    88.818    -7.6%    96.170    88.818    -7.6%    96.868   172.749    78.3%
 ('BrowseMonthSSDVFacets', None)    66.481    67.934     2.2%    80.930    86.018     6.3%    83.345   188.955   126.7%    83.345   188.955   126.7%    86.115   209.549   143.3%
 ('BrowseMonthTaxoFacets', None)    25.362    29.817    17.6%    73.286    72.386    -1.2%   118.973    78.379   -34.1%   118.973    78.379   -34.1%   150.613   110.858   -26.4%
('BrowseRandomLabelSSDVFacets', None)    92.638    89.372    -3.5%   119.552   121.957     2.0%   205.442   166.493   -19.0%   205.442   166.493   -19.0%   327.202   308.581    -5.7%
('BrowseRandomLabelTaxoFacets', None)    80.121    87.971     9.8%    97.147   106.158     9.3%   104.589   125.866    20.3%   104.589   125.866    20.3%   276.820   204.964   -26.0%
             ('ConstMSM2', None)     0.737     0.918    24.6%     3.106     3.154     1.6%     3.301     4.225    28.0%     3.301     4.225    28.0%    25.771    10.059   -61.0%
                ('Fuzzy1', None)    11.680    10.707    -8.3%    19.297    24.006    24.4%    40.049    30.648   -23.5%    40.049    30.648   -23.5%    42.842    35.872   -16.3%
                ('Fuzzy2', None)    13.327    12.882    -3.3%    21.983    24.826    12.9%    62.520    37.619   -39.8%    62.520    37.619   -39.8%   188.172   174.415    -7.3%
  ('HighIntervalsOrdered', None)    12.108    12.742     5.2%    23.060    22.549    -2.2%    24.392    27.073    11.0%    24.392    27.073    11.0%    58.325    54.368    -6.8%
            ('HighPhrase', None)    11.046    11.079     0.3%    16.267    24.122    48.3%    21.207    36.186    70.6%    21.207    36.186    70.6%    71.343   109.838    54.0%
      ('HighSloppyPhrase', None)    10.950    10.771    -1.6%    21.292    20.291    -4.7%    22.504    21.597    -4.0%    22.504    21.597    -4.0%    42.786    50.178    17.3%
          ('HighSpanNear', None)    16.811    17.197     2.3%    28.646    28.815     0.6%    29.456    30.003     1.9%    29.456    30.003     1.9%   146.204   296.922   103.1%
              ('HighTerm', None)     1.191     1.249     4.9%     2.192     3.125    42.6%     6.078     6.909    13.7%     6.078     6.909    13.7%     9.978     9.119    -8.6%
('HighTermDayOfYearSort', 'DayOfYear')     2.596     2.443    -5.9%     5.582     6.242    11.8%    20.827    24.580    18.0%    20.827    24.580    18.0%   111.934   117.382     4.9%
  ('HighTermMonthSort', 'Month')     0.826     0.608   -26.4%     2.768     2.958     6.9%     2.910     6.748   131.9%     2.910     6.748   131.9%    16.800    11.274   -32.9%
('HighTermTitleBDVSort', 'TitleBinary')     9.360     9.678     3.4%    15.899    19.579    23.1%    16.164    20.414    26.3%    16.164    20.414    26.3%    78.675    50.419   -35.9%
  ('HighTermTitleSort', 'Title')     8.039     8.173     1.7%    18.131    19.227     6.0%    33.586    50.290    49.7%    33.586    50.290    49.7%    90.939    82.075    -9.7%
                ('IntNRQ', None)     1.406     1.696    20.7%     3.360     3.715    10.6%     5.635     4.283   -24.0%     5.635     4.283   -24.0%   154.653   105.649   -31.7%
                ('IntSet', None)     1.652     1.839    11.4%     8.109     7.786    -4.0%     8.532     8.508    -0.3%     8.532     8.508    -0.3%    61.713    45.483   -26.3%
   ('LowIntervalsOrdered', None)    13.558    17.019    25.5%    21.460    25.499    18.8%    30.396    27.369   -10.0%    30.396    27.369   -10.0%    59.864    63.445     6.0%
             ('LowPhrase', None)    10.343    11.099     7.3%    16.615    18.764    12.9%    22.568    20.825    -7.7%    22.568    20.825    -7.7%    61.152    49.396   -19.2%
       ('LowSloppyPhrase', None)    10.793    11.481     6.4%    21.710    18.493   -14.8%    22.830    22.881     0.2%    22.830    22.881     0.2%    31.336    23.590   -24.7%
           ('LowSpanNear', None)     9.898     9.901     0.0%    16.821    21.741    29.3%    35.593    28.825   -19.0%    35.593    28.825   -19.0%    40.877    29.014   -29.0%
               ('LowTerm', None)     0.453     0.481     6.4%     1.317     0.908   -31.1%     1.537     1.887    22.8%     1.537     1.887    22.8%     1.587     3.090    94.7%
   ('MedIntervalsOrdered', None)     9.649    10.330     7.1%    13.733    13.073    -4.8%    14.093    16.068    14.0%    14.093    16.068    14.0%   130.291    81.708   -37.3%
             ('MedPhrase', None)     5.560     5.611     0.9%    10.674    11.183     4.8%    11.062    15.205    37.5%    11.062    15.205    37.5%    62.505    65.743     5.2%
       ('MedSloppyPhrase', None)     5.408     5.049    -6.6%     6.927     6.847    -1.2%     7.115     6.932    -2.6%     7.115     6.932    -2.6%    47.462    94.952   100.1%
           ('MedSpanNear', None)     6.307     5.936    -5.9%     8.516     8.967     5.3%     9.589    10.918    13.9%     9.589    10.918    13.9%    12.663    19.081    50.7%
               ('MedTerm', None)     0.582     0.590     1.2%     1.841     2.491    35.3%     3.105     3.851    24.0%     3.105     3.851    24.0%     5.437     6.325    16.3%
  ('MedTermDayTaxoFacets', None)    11.392    10.937    -4.0%    17.929    15.265   -14.9%    57.637    26.541   -54.0%    57.637    26.541   -54.0%   347.157   343.660    -1.0%
            ('OrHighHigh', None)     2.403     2.069   -13.9%     6.143    15.974   160.1%    10.892    17.410    59.8%    10.892    17.410    59.8%    80.580    88.418     9.7%
             ('OrHighLow', None)     0.781     0.926    18.5%     2.502     2.793    11.6%     3.246     3.162    -2.6%     3.246     3.162    -2.6%   136.392   139.592     2.3%
             ('OrHighMed', None)     0.867     0.858    -1.0%     3.110     3.109    -0.1%     5.285     3.200   -39.4%     5.285     3.200   -39.4%   122.573   123.675     0.9%
('OrHighMedDayTaxoFacets', None)    66.034    69.463     5.2%    99.088   108.660     9.7%   375.977   131.645   -65.0%   375.977   131.645   -65.0%   436.590   337.353   -22.7%
         ('OrHighNotHigh', None)     1.229     1.631    32.7%     4.468     6.800    52.2%    18.593     8.138   -56.2%    18.593     8.138   -56.2%    94.615   113.669    20.1%
          ('OrHighNotLow', None)     1.751     2.529    44.4%     3.741    11.876   217.5%    10.728    13.823    28.9%    10.728    13.823    28.9%    32.442    15.820   -51.2%
          ('OrHighNotMed', None)     1.056     1.556    47.4%     1.624     6.121   276.9%     5.855     9.935    69.7%     5.855     9.935    69.7%     8.091    10.783    33.3%
         ('OrNotHighHigh', None)     1.355     1.686    24.4%     3.559     3.789     6.5%    10.158     6.427   -36.7%    10.158     6.427   -36.7%    23.914    23.021    -3.7%
          ('OrNotHighLow', None)     0.575     0.684    18.9%     3.087     1.883   -39.0%     4.590     2.324   -49.4%     4.590     2.324   -49.4%     4.615     3.617   -21.6%
          ('OrNotHighMed', None)     0.975     1.033     5.9%     2.529     3.708    46.6%     3.672     4.739    29.1%     3.672     4.739    29.1%    11.231    10.852    -3.4%
                   ('PKLookup',)     5.555     4.975   -10.4%     9.234     8.213   -11.1%     9.564    14.427    50.9%     9.564    14.427    50.9%    36.683    26.580   -27.5%
               ('Prefix3', None)     1.329     1.323    -0.4%     4.326     3.901    -9.8%     5.927     7.349    24.0%     5.927     7.349    24.0%    46.880    60.066    28.1%
                    ('Respell',)    15.901    15.962     0.4%    23.865    31.919    33.7%    58.940    41.516   -29.6%    58.940    41.516   -29.6%   117.623   134.212    14.1%
('TermDateTimeSort', 'DateTime')     2.196     2.532    15.3%     4.383     6.352    44.9%    15.143    15.319     1.2%    15.143    15.319     1.2%   109.364    79.290   -27.5%
              ('Wildcard', None)     5.379     5.164    -4.0%    32.708    21.154   -35.3%    37.519    28.437   -24.2%    37.519    28.437   -24.2%    47.282    35.723   -24.4%
                 ('range', None)     0.173     0.185     6.8%     0.495     0.527     6.5%     0.500     0.910    82.0%     0.500     0.910    82.0%    15.299    14.793    -3.3%
                            Task    QPS armA      StdDev    QPS armJ      StdDev                Pct diff p-value
           BrowseMonthTaxoFacets       37.62      (4.1%)       32.38     (34.6%)  -13.9% ( -50% -   25%) 0.258
                    OrNotHighLow     1851.19      (3.7%)     1676.76      (6.4%)   -9.4% ( -18% -    0%) 0.000
                          Fuzzy1       91.24      (8.1%)       84.23      (6.8%)   -7.7% ( -20% -    7%) 0.041
                      AndHighLow     2435.26      (6.2%)     2280.84      (3.2%)   -6.3% ( -14% -    3%) 0.010
                      AndHighMed      979.54      (3.6%)      922.28      (6.6%)   -5.8% ( -15% -    4%) 0.028
                    OrHighNotLow      583.09      (6.0%)      557.76     (10.1%)   -4.3% ( -19% -   12%) 0.295
                    OrHighNotMed      939.25      (7.7%)      900.91     (11.0%)   -4.1% ( -21% -   15%) 0.389
       BrowseDayOfYearSSDVFacets       15.85      (4.9%)       15.21      (7.2%)   -4.0% ( -15% -    8%) 0.192
                       OrHighLow     1234.81      (5.8%)     1204.43      (4.0%)   -2.5% ( -11% -    7%) 0.326
                        PKLookup      213.68     (11.6%)      208.57      (8.6%)   -2.4% ( -20% -   20%) 0.639
                   OrNotHighHigh      699.13     (13.6%)      682.79     (12.8%)   -2.3% ( -25% -   27%) 0.723
             LowIntervalsOrdered       72.03      (3.5%)       70.57      (4.5%)   -2.0% (  -9% -    6%) 0.313
                         MedTerm     1697.35      (6.9%)     1666.02      (6.4%)   -1.8% ( -14% -   12%) 0.579
                       OrHighMed     1180.41      (5.4%)     1161.15      (6.7%)   -1.6% ( -13% -   11%) 0.592
            BrowseDateSSDVFacets        2.74      (6.3%)        2.70      (5.8%)   -1.5% ( -12% -   11%) 0.613
         AndHighMedDayTaxoFacets      274.97      (7.8%)      270.84      (6.0%)   -1.5% ( -14% -   13%) 0.668
                         LowTerm     2432.11      (1.8%)     2399.64      (3.5%)   -1.3% (  -6% -    4%) 0.339
                      HighPhrase       93.07      (2.2%)       91.93      (2.0%)   -1.2% (  -5% -    3%) 0.246
                        HighTerm      909.80      (4.6%)      898.87      (5.0%)   -1.2% ( -10% -    8%) 0.616
                       LowPhrase       90.96      (4.9%)       90.19      (3.5%)   -0.8% (  -8% -    7%) 0.690
                        BM25MSM2       58.61      (4.4%)       58.15      (4.7%)   -0.8% (  -9% -    8%) 0.726
                         Prefix3      934.67     (13.9%)      927.40     (13.9%)   -0.8% ( -25% -   31%) 0.911
                 LowSloppyPhrase       93.12      (4.4%)       92.46      (3.6%)   -0.7% (  -8% -    7%) 0.723
                    OrNotHighMed     1047.65      (4.6%)     1041.60      (6.9%)   -0.6% ( -11% -   11%) 0.843
            BrowseDateTaxoFacets       14.80      (8.5%)       14.75      (5.2%)   -0.3% ( -12% -   14%) 0.921
                  AndMissingHigh     3552.65     (10.3%)     3542.48      (6.4%)   -0.3% ( -15% -   18%) 0.947
            HighTermTitleBDVSort      111.60      (4.6%)      111.32      (2.2%)   -0.3% (  -6% -    6%) 0.889
                     AndHighHigh      580.96     (17.7%)      579.97     (12.8%)   -0.2% ( -26% -   36%) 0.982
                        Wildcard      192.68      (2.1%)      192.63      (1.6%)   -0.0% (  -3% -    3%) 0.977
                       ConstMSM2     1298.10      (4.4%)     1303.11      (7.1%)    0.4% ( -10% -   12%) 0.896
                HighSloppyPhrase       92.44      (2.8%)       92.84      (4.6%)    0.4% (  -6% -    7%) 0.818
     BrowseRandomLabelSSDVFacets       11.14      (5.5%)       11.20      (6.1%)    0.5% ( -10% -   12%) 0.872
       BrowseDayOfYearTaxoFacets       15.34      (4.3%)       15.41      (4.9%)    0.5% (  -8% -   10%) 0.837
             MedIntervalsOrdered      104.70      (8.7%)      105.38      (9.1%)    0.6% ( -15% -   20%) 0.884
                       MedPhrase      179.93      (5.3%)      181.27      (2.8%)    0.7% (  -6% -    9%) 0.725
                     LowSpanNear      108.75      (4.5%)      109.60      (3.7%)    0.8% (  -7% -    9%) 0.708
                   OrHighNotHigh      770.20      (6.7%)      777.54      (8.0%)    1.0% ( -12% -   16%) 0.796
                     MedSpanNear      167.95     (11.1%)      170.00     (10.0%)    1.2% ( -17% -   25%) 0.817
            MedTermDayTaxoFacets       93.14      (3.6%)       94.45      (5.5%)    1.4% (  -7% -   10%) 0.544
        AndHighHighDayTaxoFacets       34.00      (6.2%)       34.64      (4.8%)    1.9% (  -8% -   13%) 0.500
                      OrHighHigh      469.26      (9.2%)      478.10      (7.5%)    1.9% ( -13% -   20%) 0.653
                         Respell       62.59      (5.7%)       63.82      (5.3%)    2.0% (  -8% -   13%) 0.475
                           range     6246.21      (8.7%)     6370.14     (10.0%)    2.0% ( -15% -   22%) 0.671
            HighIntervalsOrdered       80.66      (6.0%)       82.28      (4.5%)    2.0% (  -7% -   13%) 0.445
                          IntSet      690.39      (8.5%)      707.25     (10.9%)    2.4% ( -15% -   23%) 0.617
           BrowseMonthSSDVFacets       16.12      (4.5%)       16.56     (11.9%)    2.7% ( -13% -   19%) 0.545
               HighTermMonthSort     1436.70      (7.7%)     1477.42      (8.8%)    2.8% ( -12% -   20%) 0.494
                          IntNRQ      709.85     (15.8%)      730.50     (11.2%)    2.9% ( -20% -   35%) 0.672
               HighTermTitleSort      126.20      (6.4%)      130.49      (5.6%)    3.4% (  -8% -   16%) 0.256
          OrHighMedDayTaxoFacets       14.89      (7.5%)       15.40      (5.2%)    3.4% (  -8% -   17%) 0.291
                      TermDTSort      437.49      (7.2%)      452.57      (7.4%)    3.4% ( -10% -   19%) 0.346
     BrowseRandomLabelTaxoFacets       12.14      (6.2%)       12.56      (6.5%)    3.4% (  -8% -   17%) 0.279
                          Fuzzy2       79.06      (5.6%)       82.04      (7.3%)    3.8% (  -8% -   17%) 0.246
                    HighSpanNear       58.23      (3.7%)       61.33      (0.6%)    5.3% (   0% -    9%) 0.000
                 MedSloppyPhrase      203.51      (8.4%)      214.85      (6.2%)    5.6% (  -8% -   22%) 0.132
           HighTermDayOfYearSort      422.78      (8.1%)      451.79      (5.9%)    6.9% (  -6% -   22%) 0.053
  iter 8
    armJ:
      NOTE: using experimental CPU time profiler (see https://mostlynerdless.de/blog/2025/06/11/java-25s-new-cpu-time-profiler-1)
      log: /home/goankur/vsearch/logs/FAJc.armJ.8 + stdout
      run: /usr/bin/perf stat -dd -e task-clock,cycles,instructions,cache-references,cache-misses,L1-dcache-loads,L1-dcache-load-misses,L1-icache-loads,L1-icache-load-misses,LLC-loads,LLC-load-misses,LLC-stores,LLC-store-misses,LLC-prefetches,LLC-prefetch-misses,faults,minor-faults,major-faults,branches,branch-misses,stalled-cycles-frontend,stalled-cycles-backend /home/goankur/jdk/corretto-25/bin/java -server -Xms2g -Xmx2g --add-modules jdk.incubator.vector -XX:+HeapDumpOnOutOfMemoryError -XX:+UseParallelGC -XX:StartFlightRecording=jdk.CPUTimeSample#enabled=true,dumponexit=true,maxsize=250M,settings=/home/goankur/vsearch/util/src/python/profiling.jfc,filename=/home/goankur/vsearch/logs/bench-search-FAJc-armJ-8.jfr -XX:+UnlockDiagnosticVMOptions -XX:+DebugNonSafepoints -classpath /home/goankur/vsearch/bo/lucene-J/lucene/core/build/libs/lucene-core-11.0.0-SNAPSHOT.jar:/home/goankur/vsearch/bo/lucene-J/lucene/sandbox/build/classes/java/main:/home/goankur/vsearch/bo/lucene-J/lucene/misc/build/classes/java/main:/home/goankur/vsearch/bo/lucene-J/lucene/facet/build/classes/java/main:/home/goankur/vsearch/bo/lucene-J/lucene/analysis/common/build/classes/java/main:/home/goankur/vsearch/bo/lucene-J/lucene/analysis/icu/build/classes/java/main:/home/goankur/vsearch/bo/lucene-J/lucene/queryparser/build/classes/java/main:/home/goankur/vsearch/bo/lucene-J/lucene/grouping/build/classes/java/main:/home/goankur/vsearch/bo/lucene-J/lucene/suggest/build/classes/java/main:/home/goankur/vsearch/bo/lucene-J/lucene/highlighter/build/classes/java/main:/home/goankur/vsearch/bo/lucene-J/lucene/codecs/build/classes/java/main:/home/goankur/vsearch/bo/lucene-J/lucene/queries/build/classes/java/main:/home/goankur/vsearch/bo/lucene-J/lucene/join/build/classes/java/main:/home/goankur/vsearch/bo/lucene-J/lucene/spatial3d/build/classes/java/main:/home/goankur/vsearch/util/lib/HdrHistogram.jar:/home/goankur/vsearch/util/src/main/build/classes/java/main:/home/goankur/vsearch/util/build perf.SearchPerfTest -dirImpl MMapDirectory -indexPath /home/goankur/vsearch/indices/wikimedium10m.lucene-A.facets.taxonomy:Date.taxonomy:Month.taxonomy:DayOfYear.sortedset:Date.sortedset:Month.sortedset:DayOfYear.taxonomy:RandomLabel.sortedset:RandomLabel.Lucene90.Lucene104.dvfields.nd10M -facets taxonomy:Date;Date -facets taxonomy:Month;Month -facets taxonomy:DayOfYear;DayOfYear -facets sortedset:Date;Date -facets sortedset:Month;Month -facets sortedset:DayOfYear;DayOfYear -facets taxonomy:RandomLabel;RandomLabel -facets sortedset:RandomLabel;RandomLabel -analyzer StandardAnalyzer -taskSource /home/goankur/vsearch/util/tasks/wikimedium.10M.nostopwords.tasks -numConcurrentQueries 5 -taskRepeatCount 20 -field body -tasksPerCat 1 -searchConcurrency -1 -staticSeed -8586789 -seed -5771548 -similarity BM25Similarity -commit multi -hiliteImpl FastVectorHighlighter -log /home/goankur/vsearch/logs/FAJc.armJ.8 -topN 100 -context  -pk -pollute
      9.5 s
      276.4 actual sustained QPS; -1.0 CPU cores used
    armA:
      NOTE: using experimental CPU time profiler (see https://mostlynerdless.de/blog/2025/06/11/java-25s-new-cpu-time-profiler-1)
      log: /home/goankur/vsearch/logs/FAJc.armA.8 + stdout
      run: /usr/bin/perf stat -dd -e task-clock,cycles,instructions,cache-references,cache-misses,L1-dcache-loads,L1-dcache-load-misses,L1-icache-loads,L1-icache-load-misses,LLC-loads,LLC-load-misses,LLC-stores,LLC-store-misses,LLC-prefetches,LLC-prefetch-misses,faults,minor-faults,major-faults,branches,branch-misses,stalled-cycles-frontend,stalled-cycles-backend /home/goankur/jdk/corretto-25/bin/java -server -Xms2g -Xmx2g --add-modules jdk.incubator.vector -XX:+HeapDumpOnOutOfMemoryError -XX:+UseParallelGC -XX:StartFlightRecording=jdk.CPUTimeSample#enabled=true,dumponexit=true,maxsize=250M,settings=/home/goankur/vsearch/util/src/python/profiling.jfc,filename=/home/goankur/vsearch/logs/bench-search-FAJc-armA-8.jfr -XX:+UnlockDiagnosticVMOptions -XX:+DebugNonSafepoints -classpath /home/goankur/vsearch/bo/lucene-A/lucene/core/build/libs/lucene-core-11.0.0-SNAPSHOT.jar:/home/goankur/vsearch/bo/lucene-A/lucene/sandbox/build/classes/java/main:/home/goankur/vsearch/bo/lucene-A/lucene/misc/build/classes/java/main:/home/goankur/vsearch/bo/lucene-A/lucene/facet/build/classes/java/main:/home/goankur/vsearch/bo/lucene-A/lucene/analysis/common/build/classes/java/main:/home/goankur/vsearch/bo/lucene-A/lucene/analysis/icu/build/classes/java/main:/home/goankur/vsearch/bo/lucene-A/lucene/queryparser/build/classes/java/main:/home/goankur/vsearch/bo/lucene-A/lucene/grouping/build/classes/java/main:/home/goankur/vsearch/bo/lucene-A/lucene/suggest/build/classes/java/main:/home/goankur/vsearch/bo/lucene-A/lucene/highlighter/build/classes/java/main:/home/goankur/vsearch/bo/lucene-A/lucene/codecs/build/classes/java/main:/home/goankur/vsearch/bo/lucene-A/lucene/queries/build/classes/java/main:/home/goankur/vsearch/bo/lucene-A/lucene/join/build/classes/java/main:/home/goankur/vsearch/bo/lucene-A/lucene/spatial3d/build/classes/java/main:/home/goankur/vsearch/util/lib/HdrHistogram.jar:/home/goankur/vsearch/util/src/main/build/classes/java/main:/home/goankur/vsearch/util/build perf.SearchPerfTest -dirImpl MMapDirectory -indexPath /home/goankur/vsearch/indices/wikimedium10m.lucene-A.facets.taxonomy:Date.taxonomy:Month.taxonomy:DayOfYear.sortedset:Date.sortedset:Month.sortedset:DayOfYear.taxonomy:RandomLabel.sortedset:RandomLabel.Lucene90.Lucene104.dvfields.nd10M -facets taxonomy:Date;Date -facets taxonomy:Month;Month -facets taxonomy:DayOfYear;DayOfYear -facets sortedset:Date;Date -facets sortedset:Month;Month -facets sortedset:DayOfYear;DayOfYear -facets taxonomy:RandomLabel;RandomLabel -facets sortedset:RandomLabel;RandomLabel -analyzer StandardAnalyzer -taskSource /home/goankur/vsearch/util/tasks/wikimedium.10M.nostopwords.tasks -numConcurrentQueries 5 -taskRepeatCount 20 -field body -tasksPerCat 1 -searchConcurrency -1 -staticSeed -8586789 -seed -5771548 -similarity BM25Similarity -commit multi -hiliteImpl FastVectorHighlighter -log /home/goankur/vsearch/logs/FAJc.armA.8 -topN 100 -context  -pk -pollute
      9.9 s
      231.1 actual sustained QPS; -1.0 CPU cores used

Report after iter 8:
QPSChart.supported == False
                            Task     P50 B     P50 C     Diff     P90 B     P90 C     Diff     P99 B     P99 C     Diff    P999 B    P999 C     Diff    P100 B    P100 C     Diff
           ('AndHighHigh', None)     2.304     2.246    -2.5%     4.719     5.994    27.0%     6.300     8.573    36.1%     6.300     8.573    36.1%    45.170    52.503    16.2%
('AndHighHighDayTaxoFacets', None)    33.516    32.635    -2.6%    51.352    37.029   -27.9%   147.166   220.807    50.0%   147.166   220.807    50.0%   202.179   240.844    19.1%
            ('AndHighLow', None)     0.547     0.483   -11.6%     1.161     1.423    22.5%     1.470     1.492     1.5%     1.470     1.492     1.5%     2.272     2.104    -7.4%
            ('AndHighMed', None)     1.124     1.120    -0.4%     2.769     3.334    20.4%     6.129     4.488   -26.8%     6.129     4.488   -26.8%     8.365    11.662    39.4%
('AndHighMedDayTaxoFacets', None)     4.518     3.954   -12.5%     8.591     8.357    -2.7%     8.916    14.434    61.9%     8.916    14.434    61.9%    39.317    43.620    10.9%
     ('AndMissingHigh', 'Title')     0.262     0.285     8.4%     0.946     0.683   -27.8%     0.971     1.253    29.0%     0.971     1.253    29.0%    10.544     3.348   -68.2%
              ('BM25MSM2', None)    18.042    17.006    -5.7%    30.791    34.285    11.3%    35.066    35.790     2.1%    35.066    35.790     2.1%   170.665   155.710    -8.8%
  ('BrowseDateSSDVFacets', None)   342.375   346.326     1.2%   382.670   387.607     1.3%   385.927   417.228     8.1%   385.927   417.228     8.1%   676.672   557.736   -17.6%
  ('BrowseDateTaxoFacets', None)    76.858    26.890   -65.0%    92.332    33.860   -63.3%    94.838    65.873   -30.5%    94.838    65.873   -30.5%   113.217   107.673    -4.9%
('BrowseDayOfYearSSDVFacets', None)    70.839    68.182    -3.8%   103.829    88.252   -15.0%   107.341    92.762   -13.6%   107.341    92.762   -13.6%   146.809   132.361    -9.8%
('BrowseDayOfYearTaxoFacets', None)    69.332    23.392   -66.3%    85.388    30.663   -64.1%    98.108    64.995   -33.8%    98.108    64.995   -33.8%   314.740   376.352    19.6%
 ('BrowseMonthSSDVFacets', None)    48.448    66.216    36.7%    59.921    83.762    39.8%    74.922   101.002    34.8%    74.922   101.002    34.8%   296.621   360.565    21.6%
 ('BrowseMonthTaxoFacets', None)    28.475    23.906   -16.0%    31.114    28.470    -8.5%    52.781    32.291   -38.8%    52.781    32.291   -38.8%   224.630   243.038     8.2%
('BrowseRandomLabelSSDVFacets', None)    95.703    95.426    -0.3%   132.208   115.807   -12.4%   155.553   163.803     5.3%   155.553   163.803     5.3%   515.571   520.832     1.0%
('BrowseRandomLabelTaxoFacets', None)    89.741    37.044   -58.7%   124.353    43.982   -64.6%   125.729   103.765   -17.5%   125.729   103.765   -17.5%   347.779   444.152    27.7%
             ('ConstMSM2', None)     0.904     0.837    -7.4%     2.525     1.950   -22.8%     2.682    15.107   463.4%     2.682    15.107   463.4%     9.455    41.078   334.5%
                ('Fuzzy1', None)    12.823    14.096     9.9%    16.786    21.492    28.0%    32.976    27.108   -17.8%    32.976    27.108   -17.8%    79.310    43.536   -45.1%
                ('Fuzzy2', None)    13.086    12.750    -2.6%    23.407    24.024     2.6%    26.817    33.969    26.7%    26.817    33.969    26.7%   222.960   206.837    -7.2%
  ('HighIntervalsOrdered', None)    13.618    12.000   -11.9%    24.071    20.690   -14.0%    28.451    21.500   -24.4%    28.451    21.500   -24.4%    29.922    22.101   -26.1%
            ('HighPhrase', None)    11.080    10.929    -1.4%    19.629    18.878    -3.8%    38.514    34.152   -11.3%    38.514    34.152   -11.3%    40.946    38.734    -5.4%
      ('HighSloppyPhrase', None)    11.286    11.077    -1.9%    27.053    27.506     1.7%    61.820    53.342   -13.7%    61.820    53.342   -13.7%    85.986    58.201   -32.3%
          ('HighSpanNear', None)    19.061    16.224   -14.9%    27.831    28.005     0.6%    42.721    38.913    -8.9%    42.721    38.913    -8.9%   212.193   229.776     8.3%
              ('HighTerm', None)     1.182     1.103    -6.7%     4.203     6.805    61.9%     7.200     7.951    10.4%     7.200     7.951    10.4%    19.549    11.317   -42.1%
('HighTermDayOfYearSort', 'DayOfYear')     2.897     3.429    18.3%     8.437     6.300   -25.3%     9.489    11.069    16.7%     9.489    11.069    16.7%    92.431    98.519     6.6%
  ('HighTermMonthSort', 'Month')     0.696     0.725     4.1%     1.324     1.949    47.2%     5.139     3.268   -36.4%     5.139     3.268   -36.4%    57.692    36.792   -36.2%
('HighTermTitleBDVSort', 'TitleBinary')     8.656     9.293     7.4%    25.313    18.891   -25.4%    27.403    20.894   -23.8%    27.403    20.894   -23.8%    62.282   149.878   140.6%
  ('HighTermTitleSort', 'Title')     9.741    10.167     4.4%    26.945    14.012   -48.0%    33.177    48.225    45.4%    33.177    48.225    45.4%    52.098    59.720    14.6%
                ('IntNRQ', None)     1.543     1.795    16.3%     3.537     4.581    29.5%     8.062     5.494   -31.9%     8.062     5.494   -31.9%    39.739    41.925     5.5%
                ('IntSet', None)     1.549     1.412    -8.9%     7.194     8.671    20.5%     8.409    10.793    28.4%     8.409    10.793    28.4%   111.313   106.659    -4.2%
   ('LowIntervalsOrdered', None)    15.613    15.263    -2.2%    27.666    28.210     2.0%    31.521    33.184     5.3%    31.521    33.184     5.3%   104.949   131.149    25.0%
             ('LowPhrase', None)    11.620    11.270    -3.0%    20.018    16.648   -16.8%    35.738    20.891   -41.5%    35.738    20.891   -41.5%   139.262   125.566    -9.8%
       ('LowSloppyPhrase', None)    12.555    11.635    -7.3%    24.522    28.451    16.0%    30.165    36.202    20.0%    30.165    36.202    20.0%    37.066    37.175     0.3%
           ('LowSpanNear', None)     9.630     9.327    -3.1%    20.624    26.367    27.8%    21.955    31.855    45.1%    21.955    31.855    45.1%    33.023    33.789     2.3%
               ('LowTerm', None)     0.451     0.440    -2.4%     1.011     0.964    -4.6%     1.116     3.308   196.5%     1.116     3.308   196.5%     6.991     6.829    -2.3%
   ('MedIntervalsOrdered', None)    10.617    10.087    -5.0%    17.578    14.657   -16.6%    19.945    19.805    -0.7%    19.945    19.805    -0.7%    63.545   120.048    88.9%
             ('MedPhrase', None)     6.438     6.659     3.4%    18.770    12.051   -35.8%    21.699    13.121   -39.5%    21.699    13.121   -39.5%    22.639    31.428    38.8%
       ('MedSloppyPhrase', None)     5.454     5.410    -0.8%     7.516     7.568     0.7%     7.893     9.048    14.6%     7.893     9.048    14.6%   196.261   166.685   -15.1%
           ('MedSpanNear', None)     6.536     6.748     3.2%    10.640    10.956     3.0%    11.269    13.488    19.7%    11.269    13.488    19.7%    25.882    25.757    -0.5%
               ('MedTerm', None)     0.662     0.639    -3.5%     1.332     1.291    -3.1%     1.471     1.540     4.7%     1.471     1.540     4.7%   106.830    96.344    -9.8%
  ('MedTermDayTaxoFacets', None)    11.018    10.611    -3.7%    19.840    12.938   -34.8%    47.606    26.795   -43.7%    47.606    26.795   -43.7%    67.928    33.032   -51.4%
            ('OrHighHigh', None)     2.182     2.537    16.3%     7.556     4.571   -39.5%    13.165     4.695   -64.3%    13.165     4.695   -64.3%    18.439    48.495   163.0%
             ('OrHighLow', None)     0.803     0.785    -2.3%     2.264     2.565    13.3%     2.992     3.011     0.6%     2.992     3.011     0.6%   105.279    71.611   -32.0%
             ('OrHighMed', None)     0.917     1.062    15.8%     1.923     2.470    28.4%     6.199     3.487   -43.8%     6.199     3.487   -43.8%    13.304     4.307   -67.6%
('OrHighMedDayTaxoFacets', None)    76.618    68.334   -10.8%   108.879    87.446   -19.7%   179.189   174.884    -2.4%   179.189   174.884    -2.4%   331.481   470.099    41.8%
         ('OrHighNotHigh', None)     1.383     1.353    -2.2%     3.029     3.081     1.7%     3.636     3.795     4.4%     3.636     3.795     4.4%   179.915   115.303   -35.9%
          ('OrHighNotLow', None)     1.761     1.644    -6.7%     7.688     2.582   -66.4%     8.028     4.077   -49.2%     8.028     4.077   -49.2%    15.107    28.338    87.6%
          ('OrHighNotMed', None)     1.563     1.378   -11.8%     2.848     2.094   -26.5%     5.528     7.928    43.4%     5.528     7.928    43.4%    19.550    20.948     7.2%
         ('OrNotHighHigh', None)     1.637     1.603    -2.1%     4.453     3.994   -10.3%    12.101    10.827   -10.5%    12.101    10.827   -10.5%    15.787    16.253     3.0%
          ('OrNotHighLow', None)     0.676     0.595   -11.9%     1.614     1.458    -9.7%     1.959     1.527   -22.0%     1.959     1.527   -22.0%     7.215    19.609   171.8%
          ('OrNotHighMed', None)     1.612     1.178   -26.9%     4.037     3.890    -3.6%     5.936     5.290   -10.9%     5.936     5.290   -10.9%     6.117    26.004   325.1%
                   ('PKLookup',)     5.522     5.110    -7.5%    21.801     7.189   -67.0%    21.831     9.495   -56.5%    21.831     9.495   -56.5%    28.176    59.974   112.9%
               ('Prefix3', None)     1.315     1.015   -22.8%     7.988     3.564   -55.4%    17.237    10.628   -38.3%    17.237    10.628   -38.3%    30.323    24.604   -18.9%
                    ('Respell',)    18.030    16.006   -11.2%    23.008    22.175    -3.6%    23.247    26.043    12.0%    23.247    26.043    12.0%    56.457    64.961    15.1%
('TermDateTimeSort', 'DateTime')     2.488     3.252    30.7%     7.758     6.359   -18.0%    27.856    22.173   -20.4%    27.856    22.173   -20.4%    68.592    54.566   -20.4%
              ('Wildcard', None)     5.421     5.449     0.5%    15.594    20.489    31.4%    39.158    43.671    11.5%    39.158    43.671    11.5%    59.899    64.315     7.4%
                 ('range', None)     0.156     0.154    -1.0%     0.397     0.431     8.5%     0.580     0.469   -19.1%     0.580     0.469   -19.1%     1.443     9.605   565.9%
                            Task    QPS armA      StdDev    QPS armJ      StdDev                Pct diff p-value
           BrowseMonthTaxoFacets       37.46      (4.0%)       33.57     (33.9%)  -10.4% ( -46% -   28%) 0.362
                    OrNotHighLow     1833.58      (4.5%)     1687.10      (6.3%)   -8.0% ( -17% -    2%) 0.002
                          Fuzzy1       89.88      (8.9%)       83.05      (7.6%)   -7.6% ( -22% -    9%) 0.052
                      AndHighMed      975.18      (3.6%)      923.98      (6.2%)   -5.3% ( -14% -    4%) 0.029
                      AndHighLow     2374.96      (9.7%)     2263.67      (3.8%)   -4.7% ( -16% -    9%) 0.176
                    OrHighNotLow      584.45      (5.7%)      563.94      (9.9%)   -3.5% ( -18% -   12%) 0.357
                    OrHighNotMed      918.17     (10.1%)      887.81     (11.3%)   -3.3% ( -22% -   20%) 0.513
       BrowseDayOfYearSSDVFacets       15.72      (5.2%)       15.21      (6.8%)   -3.3% ( -14% -    9%) 0.250
                       OrHighMed     1172.69      (5.4%)     1141.91      (8.0%)   -2.6% ( -15% -   11%) 0.416
                   OrNotHighHigh      693.51     (13.1%)      678.73     (12.2%)   -2.1% ( -24% -   26%) 0.720
                       OrHighLow     1239.35      (5.5%)     1214.18      (4.4%)   -2.0% ( -11% -    8%) 0.390
            BrowseDateSSDVFacets        2.77      (6.7%)        2.72      (6.0%)   -1.7% ( -13% -   11%) 0.580
             LowIntervalsOrdered       71.50      (3.9%)       70.40      (4.3%)   -1.5% (  -9% -    7%) 0.429
                         MedTerm     1677.66      (7.4%)     1656.32      (6.3%)   -1.3% ( -13% -   13%) 0.695
           BrowseMonthSSDVFacets       16.63     (10.0%)       16.44     (11.0%)   -1.2% ( -20% -   22%) 0.813
                         LowTerm     2411.63      (3.1%)     2392.04      (3.4%)   -0.8% (  -7% -    5%) 0.597
                      HighPhrase       92.79      (2.3%)       92.04      (1.9%)   -0.8% (  -4% -    3%) 0.420
                  AndMissingHigh     3586.05     (10.0%)     3559.50      (6.1%)   -0.7% ( -15% -   17%) 0.849
            HighTermTitleBDVSort      112.16      (4.5%)      111.35      (2.1%)   -0.7% (  -7% -    6%) 0.663
                        PKLookup      210.19     (12.1%)      208.68      (8.1%)   -0.7% ( -18% -   22%) 0.883
                          IntNRQ      716.70     (14.9%)      713.13     (12.7%)   -0.5% ( -24% -   31%) 0.939
                 LowSloppyPhrase       92.56      (4.5%)       92.14      (3.6%)   -0.4% (  -8% -    7%) 0.815
                        BM25MSM2       58.60      (4.1%)       58.44      (4.6%)   -0.3% (  -8% -    8%) 0.891
         AndHighMedDayTaxoFacets      270.81      (8.7%)      270.21      (5.8%)   -0.2% ( -13% -   15%) 0.950
                       LowPhrase       90.47      (4.9%)       90.28      (3.3%)   -0.2% (  -7% -    8%) 0.913
                        HighTerm      903.98      (4.8%)      903.09      (4.9%)   -0.1% (  -9% -   10%) 0.966
                        Wildcard      191.89      (2.3%)      191.89      (1.9%)    0.0% (  -4% -    4%) 0.997
                     AndHighHigh      565.86     (18.8%)      568.25     (13.8%)    0.4% ( -27% -   40%) 0.957
                HighSloppyPhrase       92.19      (2.7%)       92.60      (4.3%)    0.4% (  -6% -    7%) 0.793
                       MedPhrase      178.35      (5.7%)      179.79      (3.6%)    0.8% (  -8% -   10%) 0.719
             MedIntervalsOrdered      104.02      (8.4%)      104.92      (8.7%)    0.9% ( -15% -   19%) 0.831
     BrowseRandomLabelSSDVFacets       11.08      (5.4%)       11.19      (5.8%)    1.0% (  -9% -   12%) 0.703
                     LowSpanNear      108.49      (4.3%)      109.60      (3.5%)    1.0% (  -6% -    9%) 0.579
                    OrNotHighMed     1015.86     (10.4%)     1028.34      (7.7%)    1.2% ( -15% -   21%) 0.775
                       ConstMSM2     1288.52      (4.7%)     1304.51      (6.7%)    1.2% (  -9% -   13%) 0.648
                     MedSpanNear      166.45     (10.8%)      169.03      (9.6%)    1.5% ( -17% -   24%) 0.748
                      OrHighHigh      468.91      (8.7%)      476.66      (7.0%)    1.7% ( -12% -   18%) 0.657
            MedTermDayTaxoFacets       93.20      (3.4%)       94.75      (5.2%)    1.7% (  -6% -   10%) 0.419
               HighTermMonthSort     1442.81      (7.3%)     1468.74      (8.4%)    1.8% ( -12% -   18%) 0.628
                   OrHighNotHigh      772.34      (6.3%)      786.58      (8.3%)    1.8% ( -11% -   17%) 0.595
        AndHighHighDayTaxoFacets       33.63      (6.8%)       34.27      (5.6%)    1.9% (  -9% -   15%) 0.515
               HighTermTitleSort      124.99      (6.7%)      127.93      (8.1%)    2.4% ( -11% -   18%) 0.502
                         Prefix3      925.55     (13.4%)      948.94     (14.9%)    2.5% ( -22% -   35%) 0.705
                      TermDTSort      437.80      (6.8%)      449.64      (7.2%)    2.7% ( -10% -   17%) 0.411
                          IntSet      689.76      (7.9%)      708.52     (10.2%)    2.7% ( -14% -   22%) 0.528
                           range     6284.09      (8.3%)     6475.54     (10.6%)    3.0% ( -14% -   23%) 0.496
            HighIntervalsOrdered       79.91      (6.3%)       82.43      (4.3%)    3.2% (  -6% -   14%) 0.213
                         Respell       61.89      (6.3%)       63.86      (5.0%)    3.2% (  -7% -   15%) 0.237
          OrHighMedDayTaxoFacets       14.75      (7.7%)       15.38      (4.9%)    4.3% (  -7% -   18%) 0.158
                          Fuzzy2       79.01      (5.2%)       82.62      (7.2%)    4.6% (  -7% -   17%) 0.122
                 MedSloppyPhrase      201.35      (8.6%)      212.60      (6.8%)    5.6% (  -8% -   22%) 0.125
           HighTermDayOfYearSort      415.82      (9.2%)      442.31      (8.8%)    6.4% ( -10% -   26%) 0.134
                    HighSpanNear       57.84      (4.0%)       61.54      (1.3%)    6.4% (   1% -   12%) 0.000
     BrowseRandomLabelTaxoFacets       12.10      (5.9%)       14.35     (44.8%)   18.6% ( -30% -   73%) 0.218
            BrowseDateTaxoFacets       14.63      (8.8%)       17.42     (55.0%)   19.1% ( -41% -   90%) 0.305
       BrowseDayOfYearTaxoFacets       15.29      (4.1%)       18.51     (61.0%)   21.0% ( -42% -   89%) 0.302
  iter 9
    armA:
      NOTE: using experimental CPU time profiler (see https://mostlynerdless.de/blog/2025/06/11/java-25s-new-cpu-time-profiler-1)
      log: /home/goankur/vsearch/logs/FAJc.armA.9 + stdout
      run: /usr/bin/perf stat -dd -e task-clock,cycles,instructions,cache-references,cache-misses,L1-dcache-loads,L1-dcache-load-misses,L1-icache-loads,L1-icache-load-misses,LLC-loads,LLC-load-misses,LLC-stores,LLC-store-misses,LLC-prefetches,LLC-prefetch-misses,faults,minor-faults,major-faults,branches,branch-misses,stalled-cycles-frontend,stalled-cycles-backend /home/goankur/jdk/corretto-25/bin/java -server -Xms2g -Xmx2g --add-modules jdk.incubator.vector -XX:+HeapDumpOnOutOfMemoryError -XX:+UseParallelGC -XX:StartFlightRecording=jdk.CPUTimeSample#enabled=true,dumponexit=true,maxsize=250M,settings=/home/goankur/vsearch/util/src/python/profiling.jfc,filename=/home/goankur/vsearch/logs/bench-search-FAJc-armA-9.jfr -XX:+UnlockDiagnosticVMOptions -XX:+DebugNonSafepoints -classpath /home/goankur/vsearch/bo/lucene-A/lucene/core/build/libs/lucene-core-11.0.0-SNAPSHOT.jar:/home/goankur/vsearch/bo/lucene-A/lucene/sandbox/build/classes/java/main:/home/goankur/vsearch/bo/lucene-A/lucene/misc/build/classes/java/main:/home/goankur/vsearch/bo/lucene-A/lucene/facet/build/classes/java/main:/home/goankur/vsearch/bo/lucene-A/lucene/analysis/common/build/classes/java/main:/home/goankur/vsearch/bo/lucene-A/lucene/analysis/icu/build/classes/java/main:/home/goankur/vsearch/bo/lucene-A/lucene/queryparser/build/classes/java/main:/home/goankur/vsearch/bo/lucene-A/lucene/grouping/build/classes/java/main:/home/goankur/vsearch/bo/lucene-A/lucene/suggest/build/classes/java/main:/home/goankur/vsearch/bo/lucene-A/lucene/highlighter/build/classes/java/main:/home/goankur/vsearch/bo/lucene-A/lucene/codecs/build/classes/java/main:/home/goankur/vsearch/bo/lucene-A/lucene/queries/build/classes/java/main:/home/goankur/vsearch/bo/lucene-A/lucene/join/build/classes/java/main:/home/goankur/vsearch/bo/lucene-A/lucene/spatial3d/build/classes/java/main:/home/goankur/vsearch/util/lib/HdrHistogram.jar:/home/goankur/vsearch/util/src/main/build/classes/java/main:/home/goankur/vsearch/util/build perf.SearchPerfTest -dirImpl MMapDirectory -indexPath /home/goankur/vsearch/indices/wikimedium10m.lucene-A.facets.taxonomy:Date.taxonomy:Month.taxonomy:DayOfYear.sortedset:Date.sortedset:Month.sortedset:DayOfYear.taxonomy:RandomLabel.sortedset:RandomLabel.Lucene90.Lucene104.dvfields.nd10M -facets taxonomy:Date;Date -facets taxonomy:Month;Month -facets taxonomy:DayOfYear;DayOfYear -facets sortedset:Date;Date -facets sortedset:Month;Month -facets sortedset:DayOfYear;DayOfYear -facets taxonomy:RandomLabel;RandomLabel -facets sortedset:RandomLabel;RandomLabel -analyzer StandardAnalyzer -taskSource /home/goankur/vsearch/util/tasks/wikimedium.10M.nostopwords.tasks -numConcurrentQueries 5 -taskRepeatCount 20 -field body -tasksPerCat 1 -searchConcurrency -1 -staticSeed -8586789 -seed -6935288 -similarity BM25Similarity -commit multi -hiliteImpl FastVectorHighlighter -log /home/goankur/vsearch/logs/FAJc.armA.9 -topN 100 -context  -pk -pollute
      10.0 s
      237.5 actual sustained QPS; -1.0 CPU cores used
    armJ:
      NOTE: using experimental CPU time profiler (see https://mostlynerdless.de/blog/2025/06/11/java-25s-new-cpu-time-profiler-1)
      log: /home/goankur/vsearch/logs/FAJc.armJ.9 + stdout
      run: /usr/bin/perf stat -dd -e task-clock,cycles,instructions,cache-references,cache-misses,L1-dcache-loads,L1-dcache-load-misses,L1-icache-loads,L1-icache-load-misses,LLC-loads,LLC-load-misses,LLC-stores,LLC-store-misses,LLC-prefetches,LLC-prefetch-misses,faults,minor-faults,major-faults,branches,branch-misses,stalled-cycles-frontend,stalled-cycles-backend /home/goankur/jdk/corretto-25/bin/java -server -Xms2g -Xmx2g --add-modules jdk.incubator.vector -XX:+HeapDumpOnOutOfMemoryError -XX:+UseParallelGC -XX:StartFlightRecording=jdk.CPUTimeSample#enabled=true,dumponexit=true,maxsize=250M,settings=/home/goankur/vsearch/util/src/python/profiling.jfc,filename=/home/goankur/vsearch/logs/bench-search-FAJc-armJ-9.jfr -XX:+UnlockDiagnosticVMOptions -XX:+DebugNonSafepoints -classpath /home/goankur/vsearch/bo/lucene-J/lucene/core/build/libs/lucene-core-11.0.0-SNAPSHOT.jar:/home/goankur/vsearch/bo/lucene-J/lucene/sandbox/build/classes/java/main:/home/goankur/vsearch/bo/lucene-J/lucene/misc/build/classes/java/main:/home/goankur/vsearch/bo/lucene-J/lucene/facet/build/classes/java/main:/home/goankur/vsearch/bo/lucene-J/lucene/analysis/common/build/classes/java/main:/home/goankur/vsearch/bo/lucene-J/lucene/analysis/icu/build/classes/java/main:/home/goankur/vsearch/bo/lucene-J/lucene/queryparser/build/classes/java/main:/home/goankur/vsearch/bo/lucene-J/lucene/grouping/build/classes/java/main:/home/goankur/vsearch/bo/lucene-J/lucene/suggest/build/classes/java/main:/home/goankur/vsearch/bo/lucene-J/lucene/highlighter/build/classes/java/main:/home/goankur/vsearch/bo/lucene-J/lucene/codecs/build/classes/java/main:/home/goankur/vsearch/bo/lucene-J/lucene/queries/build/classes/java/main:/home/goankur/vsearch/bo/lucene-J/lucene/join/build/classes/java/main:/home/goankur/vsearch/bo/lucene-J/lucene/spatial3d/build/classes/java/main:/home/goankur/vsearch/util/lib/HdrHistogram.jar:/home/goankur/vsearch/util/src/main/build/classes/java/main:/home/goankur/vsearch/util/build perf.SearchPerfTest -dirImpl MMapDirectory -indexPath /home/goankur/vsearch/indices/wikimedium10m.lucene-A.facets.taxonomy:Date.taxonomy:Month.taxonomy:DayOfYear.sortedset:Date.sortedset:Month.sortedset:DayOfYear.taxonomy:RandomLabel.sortedset:RandomLabel.Lucene90.Lucene104.dvfields.nd10M -facets taxonomy:Date;Date -facets taxonomy:Month;Month -facets taxonomy:DayOfYear;DayOfYear -facets sortedset:Date;Date -facets sortedset:Month;Month -facets sortedset:DayOfYear;DayOfYear -facets taxonomy:RandomLabel;RandomLabel -facets sortedset:RandomLabel;RandomLabel -analyzer StandardAnalyzer -taskSource /home/goankur/vsearch/util/tasks/wikimedium.10M.nostopwords.tasks -numConcurrentQueries 5 -taskRepeatCount 20 -field body -tasksPerCat 1 -searchConcurrency -1 -staticSeed -8586789 -seed -6935288 -similarity BM25Similarity -commit multi -hiliteImpl FastVectorHighlighter -log /home/goankur/vsearch/logs/FAJc.armJ.9 -topN 100 -context  -pk -pollute
      9.7 s
      251.1 actual sustained QPS; -1.0 CPU cores used

Report after iter 9:
QPSChart.supported == False
                            Task     P50 B     P50 C     Diff     P90 B     P90 C     Diff     P99 B     P99 C     Diff    P999 B    P999 C     Diff    P100 B    P100 C     Diff
           ('AndHighHigh', None)     2.169     2.817    29.9%     4.686     5.346    14.1%     5.601     6.269    11.9%     5.601     6.269    11.9%    18.829    21.116    12.1%
('AndHighHighDayTaxoFacets', None)    31.059    30.252    -2.6%    42.229    37.910   -10.2%    52.138    41.092   -21.2%    52.138    41.092   -21.2%   180.915   141.314   -21.9%
            ('AndHighLow', None)     0.504     0.488    -3.2%     1.598     1.394   -12.7%     3.126     6.894   120.6%     3.126     6.894   120.6%    60.269    58.333    -3.2%
            ('AndHighMed', None)     1.014     1.031     1.6%     4.144     2.406   -41.9%     8.565     8.958     4.6%     8.565     8.958     4.6%    13.516    13.083    -3.2%
('AndHighMedDayTaxoFacets', None)     3.906     3.896    -0.3%     6.983     9.274    32.8%    11.942    11.277    -5.6%    11.942    11.277    -5.6%    46.328    28.237   -39.1%
     ('AndMissingHigh', 'Title')     0.284     0.300     5.7%     0.929     0.767   -17.5%     1.088     1.019    -6.3%     1.088     1.019    -6.3%     3.336     1.944   -41.7%
              ('BM25MSM2', None)    16.153    17.629     9.1%    37.001    26.612   -28.1%    40.904    65.989    61.3%    40.904    65.989    61.3%   149.297   152.682     2.3%
  ('BrowseDateSSDVFacets', None)   394.324   351.127   -11.0%   450.856   368.771   -18.2%   483.617   376.648   -22.1%   483.617   376.648   -22.1%   588.943   536.700    -8.9%
  ('BrowseDateTaxoFacets', None)    65.114    66.314     1.8%    74.305    74.040    -0.4%    90.902    74.185   -18.4%    90.902    74.185   -18.4%   362.490   373.426     3.0%
('BrowseDayOfYearSSDVFacets', None)    62.242    69.267    11.3%    85.720    85.308    -0.5%    90.180    86.461    -4.1%    90.180    86.461    -4.1%   259.464   158.081   -39.1%
('BrowseDayOfYearTaxoFacets', None)    63.613    61.438    -3.4%    73.532    72.570    -1.3%    74.957    72.798    -2.9%    74.957    72.798    -2.9%    81.864    81.489    -0.5%
 ('BrowseMonthSSDVFacets', None)    66.540    66.899     0.5%    91.137    83.137    -8.8%    91.736    90.127    -1.8%    91.736    90.127    -1.8%   223.004   124.356   -44.2%
 ('BrowseMonthTaxoFacets', None)    28.523    26.142    -8.3%    32.275    36.681    13.7%    99.345    95.702    -3.7%    99.345    95.702    -3.7%   228.349   243.285     6.5%
('BrowseRandomLabelSSDVFacets', None)    90.453    94.365     4.3%   117.507   115.815    -1.4%   132.972   124.412    -6.4%   132.972   124.412    -6.4%   182.980   210.637    15.1%
('BrowseRandomLabelTaxoFacets', None)    81.728    84.256     3.1%    96.650   101.610     5.1%   105.393   107.887     2.4%   105.393   107.887     2.4%   118.225   160.095    35.4%
             ('ConstMSM2', None)     0.738     0.780     5.8%     1.615     2.972    84.0%     4.264     8.639   102.6%     4.264     8.639   102.6%     6.527    15.962   144.6%
                ('Fuzzy1', None)    13.372    13.332    -0.3%    20.569    17.310   -15.8%    22.341    18.062   -19.2%    22.341    18.062   -19.2%   345.089   358.436     3.9%
                ('Fuzzy2', None)    12.740    12.138    -4.7%    23.131    25.450    10.0%    26.341    28.388     7.8%    26.341    28.388     7.8%    43.552    29.649   -31.9%
  ('HighIntervalsOrdered', None)    14.254    12.716   -10.8%    27.071    17.799   -34.3%    27.585    27.003    -2.1%    27.585    27.003    -2.1%    33.694    42.962    27.5%
            ('HighPhrase', None)    11.416    10.528    -7.8%    15.676    18.636    18.9%    21.605    19.930    -7.8%    21.605    19.930    -7.8%   151.408   206.996    36.7%
      ('HighSloppyPhrase', None)    11.956    11.185    -6.5%    23.442    13.970   -40.4%    25.647    14.439   -43.7%    25.647    14.439   -43.7%    26.270    19.592   -25.4%
          ('HighSpanNear', None)    16.933    19.542    15.4%    30.867    27.107   -12.2%    34.669    35.133     1.3%    34.669    35.133     1.3%   258.360   179.409   -30.6%
              ('HighTerm', None)     1.076     1.107     2.9%     2.161     2.975    37.6%     2.548     3.734    46.5%     2.548     3.734    46.5%     4.691     3.994   -14.9%
('HighTermDayOfYearSort', 'DayOfYear')     2.995     2.609   -12.9%     5.916     5.528    -6.6%     9.345     8.061   -13.7%     9.345     8.061   -13.7%   114.644   127.749    11.4%
  ('HighTermMonthSort', 'Month')     0.692     0.651    -5.9%     2.048     1.906    -6.9%     2.830     2.304   -18.6%     2.830     2.304   -18.6%     4.598     2.339   -49.1%
('HighTermTitleBDVSort', 'TitleBinary')    10.231     9.531    -6.8%    19.029    22.917    20.4%    31.653    24.311   -23.2%    31.653    24.311   -23.2%   109.605    91.319   -16.7%
  ('HighTermTitleSort', 'Title')     8.454     7.874    -6.9%    21.541    20.596    -4.4%    33.985    25.774   -24.2%    33.985    25.774   -24.2%    76.377    82.431     7.9%
                ('IntNRQ', None)     1.478     1.388    -6.0%     4.983     3.617   -27.4%     5.410     7.375    36.3%     5.410     7.375    36.3%    93.531   112.368    20.1%
                ('IntSet', None)     1.379     1.389     0.7%    12.174     5.408   -55.6%    16.346     6.661   -59.2%    16.346     6.661   -59.2%    69.579   107.559    54.6%
   ('LowIntervalsOrdered', None)    14.906    14.160    -5.0%    22.750    21.704    -4.6%    25.791    27.216     5.5%    25.791    27.216     5.5%   244.141   248.241     1.7%
             ('LowPhrase', None)    12.275    11.467    -6.6%    18.330    18.185    -0.8%    19.593    18.236    -6.9%    19.593    18.236    -6.9%    35.794    38.944     8.8%
       ('LowSloppyPhrase', None)    10.802    10.633    -1.6%    23.721    20.892   -11.9%    26.800    23.944   -10.7%    26.800    23.944   -10.7%   159.555   125.476   -21.4%
           ('LowSpanNear', None)     9.254     9.751     5.4%    24.502    17.361   -29.1%    26.506    17.630   -33.5%    26.506    17.630   -33.5%    36.289    31.350   -13.6%
               ('LowTerm', None)     0.431     0.445     3.3%     0.951     0.828   -12.9%     1.729     1.130   -34.7%     1.729     1.130   -34.7%     2.169    15.946   635.1%
   ('MedIntervalsOrdered', None)    11.475    10.669    -7.0%    18.411    15.648   -15.0%    25.517    35.624    39.6%    25.517    35.624    39.6%   251.849   236.089    -6.3%
             ('MedPhrase', None)     5.680     5.415    -4.7%    14.844     9.959   -32.9%    16.683    11.801   -29.3%    16.683    11.801   -29.3%    18.569    12.115   -34.8%
       ('MedSloppyPhrase', None)     4.384     4.306    -1.8%     8.096     7.677    -5.2%     8.566     7.894    -7.8%     8.566     7.894    -7.8%   126.909   115.598    -8.9%
           ('MedSpanNear', None)     5.737     6.786    18.3%     7.169     8.842    23.3%     9.539    11.753    23.2%     9.539    11.753    23.2%    31.086    16.746   -46.1%
               ('MedTerm', None)     0.631     0.657     4.0%     2.266     1.772   -21.8%     2.909     2.182   -25.0%     2.909     2.182   -25.0%     3.021     2.692   -10.9%
  ('MedTermDayTaxoFacets', None)    10.602    11.107     4.8%    17.149    14.030   -18.2%    21.121    22.330     5.7%    21.121    22.330     5.7%    68.209    39.865   -41.6%
            ('OrHighHigh', None)     1.975     2.606    32.0%     8.836     6.852   -22.4%    12.898     7.572   -41.3%    12.898     7.572   -41.3%    33.094    44.622    34.8%
             ('OrHighLow', None)     0.835     0.800    -4.2%     2.352     2.781    18.2%     3.340     3.712    11.1%     3.340     3.712    11.1%     4.269     5.253    23.1%
             ('OrHighMed', None)     0.837     0.895     7.0%     2.309     3.828    65.8%     3.759     4.406    17.2%     3.759     4.406    17.2%    21.960    26.227    19.4%
('OrHighMedDayTaxoFacets', None)    65.235    62.576    -4.1%    97.749    88.661    -9.3%   123.817   162.071    30.9%   123.817   162.071    30.9%   566.711   388.156   -31.5%
         ('OrHighNotHigh', None)     1.491     1.578     5.9%     3.540     3.021   -14.7%     4.411     4.614     4.6%     4.411     4.614     4.6%     5.640    10.848    92.3%
          ('OrHighNotLow', None)     2.178     2.420    11.1%     3.718     3.856     3.7%     5.078     6.339    24.8%     5.078     6.339    24.8%    30.059    19.765   -34.2%
          ('OrHighNotMed', None)     1.292     1.361     5.3%     2.380     2.473     3.9%    11.864     5.297   -55.4%    11.864     5.297   -55.4%    81.601    79.193    -2.9%
         ('OrNotHighHigh', None)     2.142     1.777   -17.0%     5.023     2.470   -50.8%    10.345     7.519   -27.3%    10.345     7.519   -27.3%    19.512     7.812   -60.0%
          ('OrNotHighLow', None)     0.594     0.598     0.6%     1.901     1.452   -23.6%     2.897     2.227   -23.1%     2.897     2.227   -23.1%     3.746     8.111   116.5%
          ('OrNotHighMed', None)     1.596     1.095   -31.4%     4.577     4.376    -4.4%     6.327     5.485   -13.3%     6.327     5.485   -13.3%     8.931     7.286   -18.4%
                   ('PKLookup',)     5.559     5.476    -1.5%     6.849     8.300    21.2%     8.860    12.798    44.4%     8.860    12.798    44.4%    55.396    33.376   -39.8%
               ('Prefix3', None)     0.987     0.953    -3.4%     5.011     8.149    62.6%     5.174    11.196   116.4%     5.174    11.196   116.4%    33.358    21.708   -34.9%
                    ('Respell',)    17.508    17.503    -0.0%    24.766    21.921   -11.5%    31.198    35.725    14.5%    31.198    35.725    14.5%    87.433    63.818   -27.0%
('TermDateTimeSort', 'DateTime')     2.230     2.579    15.7%     7.626     4.883   -36.0%     7.839     6.696   -14.6%     7.839     6.696   -14.6%    60.103    80.631    34.2%
              ('Wildcard', None)     5.188     5.140    -0.9%    10.495    11.336     8.0%    12.857    12.727    -1.0%    12.857    12.727    -1.0%    87.622    82.344    -6.0%
                 ('range', None)     0.165     0.188    14.0%     0.474     0.385   -18.8%     0.767     1.297    69.0%     0.767     1.297    69.0%     1.059     2.460   132.2%
                            Task    QPS armA      StdDev    QPS armJ      StdDev                Pct diff p-value
           BrowseMonthTaxoFacets       37.42      (3.8%)       34.15     (32.4%)   -8.8% ( -43% -   28%) 0.396
                    OrNotHighLow     1825.79      (4.5%)     1695.08      (6.1%)   -7.2% ( -16% -    3%) 0.003
                          Fuzzy1       88.84      (9.3%)       83.34      (7.3%)   -6.2% ( -20% -   11%) 0.098
                      AndHighMed      980.49      (3.8%)      934.60      (6.8%)   -4.7% ( -14% -    6%) 0.056
                      AndHighLow     2366.57      (9.2%)     2264.14      (3.6%)   -4.3% ( -15% -    9%) 0.166
       BrowseDayOfYearSSDVFacets       15.81      (5.2%)       15.16      (6.4%)   -4.1% ( -14% -    7%) 0.116
                    OrHighNotLow      572.26      (8.7%)      551.83     (11.7%)   -3.6% ( -22% -   18%) 0.438
                    OrHighNotMed      907.06     (10.4%)      877.33     (11.4%)   -3.3% ( -22% -   20%) 0.502
                       OrHighMed     1183.44      (5.8%)     1148.14      (7.7%)   -3.0% ( -15% -   11%) 0.328
                       OrHighLow     1241.33      (5.2%)     1223.43      (4.8%)   -1.4% ( -10% -    9%) 0.521
                   OrNotHighHigh      677.95     (14.6%)      668.62     (12.6%)   -1.4% ( -24% -   30%) 0.821
                     AndHighHigh      560.49     (18.1%)      552.96     (15.7%)   -1.3% ( -29% -   39%) 0.859
           BrowseMonthSSDVFacets       16.57      (9.6%)       16.35     (10.5%)   -1.3% ( -19% -   20%) 0.765
                      OrHighHigh      474.45      (8.9%)      468.29      (8.6%)   -1.3% ( -17% -   17%) 0.740
                  AndMissingHigh     3582.62      (9.4%)     3539.21      (6.0%)   -1.2% ( -15% -   15%) 0.732
                     MedSpanNear      169.12     (11.2%)      167.08      (9.6%)   -1.2% ( -19% -   22%) 0.796
                         MedTerm     1669.82      (7.2%)     1650.63      (6.0%)   -1.1% ( -13% -   13%) 0.699
                         LowTerm     2406.36      (3.0%)     2383.41      (3.4%)   -1.0% (  -7% -    5%) 0.508
             LowIntervalsOrdered       71.12      (4.1%)       70.44      (4.1%)   -0.9% (  -8% -    7%) 0.605
                        BM25MSM2       58.98      (4.3%)       58.46      (4.3%)   -0.9% (  -9% -    8%) 0.646
            BrowseDateSSDVFacets        2.75      (6.7%)        2.74      (5.9%)   -0.5% ( -12% -   13%) 0.864
                        HighTerm      909.25      (4.8%)      905.10      (4.6%)   -0.5% (  -9% -    9%) 0.829
                          IntNRQ      718.19     (14.1%)      716.30     (12.0%)   -0.3% ( -23% -   30%) 0.964
                 LowSloppyPhrase       92.64      (4.2%)       92.46      (3.5%)   -0.2% (  -7% -    7%) 0.913
         AndHighMedDayTaxoFacets      269.83      (8.4%)      269.40      (5.6%)   -0.2% ( -12% -   14%) 0.959
                        PKLookup      207.88     (12.1%)      208.01      (7.8%)    0.1% ( -17% -   22%) 0.989
                      HighPhrase       92.32      (2.7%)       92.44      (2.3%)    0.1% (  -4% -    5%) 0.912
                       LowPhrase       89.87      (5.1%)       90.04      (3.2%)    0.2% (  -7% -    8%) 0.921
                        Wildcard      192.14      (2.2%)      192.75      (2.3%)    0.3% (  -4% -    4%) 0.754
                     LowSpanNear      108.57      (4.1%)      108.94      (3.8%)    0.3% (  -7% -    8%) 0.847
     BrowseRandomLabelSSDVFacets       11.09      (5.1%)       11.14      (5.7%)    0.5% (  -9% -   11%) 0.843
            HighTermTitleBDVSort      110.97      (5.5%)      111.63      (2.1%)    0.6% (  -6% -    8%) 0.750
                       ConstMSM2     1299.50      (5.1%)     1309.92      (6.4%)    0.8% ( -10% -   12%) 0.757
                HighSloppyPhrase       91.57      (3.3%)       92.39      (4.2%)    0.9% (  -6% -    8%) 0.601
            MedTermDayTaxoFacets       93.90      (3.9%)       94.80      (4.9%)    1.0% (  -7% -   10%) 0.631
             MedIntervalsOrdered      103.09      (8.5%)      104.14      (8.6%)    1.0% ( -14% -   19%) 0.789
                   OrHighNotHigh      763.68      (7.0%)      772.46      (9.8%)    1.1% ( -14% -   19%) 0.763
                       MedPhrase      178.19      (5.3%)      180.53      (3.7%)    1.3% (  -7% -   10%) 0.521
        AndHighHighDayTaxoFacets       33.74      (6.4%)       34.20      (5.3%)    1.4% (  -9% -   14%) 0.606
                      TermDTSort      439.57      (6.5%)      448.18      (6.8%)    2.0% ( -10% -   16%) 0.511
                         Respell       62.18      (6.1%)       63.41      (5.2%)    2.0% (  -8% -   14%) 0.439
               HighTermMonthSort     1446.78      (6.9%)     1477.62      (8.1%)    2.1% ( -12% -   18%) 0.528
                          IntSet      695.45      (7.9%)      711.74      (9.7%)    2.3% ( -14% -   21%) 0.552
                         Prefix3      940.14     (13.4%)      963.97     (14.7%)    2.5% ( -22% -   35%) 0.687
                           range     6275.15      (7.8%)     6437.70     (10.2%)    2.6% ( -14% -   22%) 0.523
               HighTermTitleSort      125.18      (6.3%)      128.79      (7.9%)    2.9% ( -10% -   18%) 0.369
          OrHighMedDayTaxoFacets       14.97      (8.5%)       15.51      (5.3%)    3.6% (  -9% -   19%) 0.259
                    OrNotHighMed      992.16     (12.5%)     1027.84      (7.4%)    3.6% ( -14% -   26%) 0.435
            HighIntervalsOrdered       79.16      (6.7%)       82.30      (4.1%)    4.0% (  -6% -   15%) 0.110
                          Fuzzy2       79.25      (5.0%)       83.01      (6.9%)    4.7% (  -6% -   17%) 0.079
                    HighSpanNear       58.10      (4.0%)       60.93      (3.6%)    4.9% (  -2% -   12%) 0.004
                 MedSloppyPhrase      205.04      (9.8%)      216.43      (8.6%)    5.6% ( -11% -   26%) 0.177
           HighTermDayOfYearSort      413.64      (8.9%)      439.17      (8.7%)    6.2% ( -10% -   26%) 0.117
     BrowseRandomLabelTaxoFacets       12.14      (5.6%)       14.13     (42.5%)   16.4% ( -30% -   68%) 0.226
            BrowseDateTaxoFacets       14.71      (8.4%)       17.29     (51.7%)   17.6% ( -39% -   84%) 0.288
       BrowseDayOfYearTaxoFacets       15.34      (4.0%)       18.30     (57.5%)   19.2% ( -40% -   84%) 0.291
  iter 10
    armJ:
      NOTE: using experimental CPU time profiler (see https://mostlynerdless.de/blog/2025/06/11/java-25s-new-cpu-time-profiler-1)
      log: /home/goankur/vsearch/logs/FAJc.armJ.10 + stdout
      run: /usr/bin/perf stat -dd -e task-clock,cycles,instructions,cache-references,cache-misses,L1-dcache-loads,L1-dcache-load-misses,L1-icache-loads,L1-icache-load-misses,LLC-loads,LLC-load-misses,LLC-stores,LLC-store-misses,LLC-prefetches,LLC-prefetch-misses,faults,minor-faults,major-faults,branches,branch-misses,stalled-cycles-frontend,stalled-cycles-backend /home/goankur/jdk/corretto-25/bin/java -server -Xms2g -Xmx2g --add-modules jdk.incubator.vector -XX:+HeapDumpOnOutOfMemoryError -XX:+UseParallelGC -XX:StartFlightRecording=jdk.CPUTimeSample#enabled=true,dumponexit=true,maxsize=250M,settings=/home/goankur/vsearch/util/src/python/profiling.jfc,filename=/home/goankur/vsearch/logs/bench-search-FAJc-armJ-10.jfr -XX:+UnlockDiagnosticVMOptions -XX:+DebugNonSafepoints -classpath /home/goankur/vsearch/bo/lucene-J/lucene/core/build/libs/lucene-core-11.0.0-SNAPSHOT.jar:/home/goankur/vsearch/bo/lucene-J/lucene/sandbox/build/classes/java/main:/home/goankur/vsearch/bo/lucene-J/lucene/misc/build/classes/java/main:/home/goankur/vsearch/bo/lucene-J/lucene/facet/build/classes/java/main:/home/goankur/vsearch/bo/lucene-J/lucene/analysis/common/build/classes/java/main:/home/goankur/vsearch/bo/lucene-J/lucene/analysis/icu/build/classes/java/main:/home/goankur/vsearch/bo/lucene-J/lucene/queryparser/build/classes/java/main:/home/goankur/vsearch/bo/lucene-J/lucene/grouping/build/classes/java/main:/home/goankur/vsearch/bo/lucene-J/lucene/suggest/build/classes/java/main:/home/goankur/vsearch/bo/lucene-J/lucene/highlighter/build/classes/java/main:/home/goankur/vsearch/bo/lucene-J/lucene/codecs/build/classes/java/main:/home/goankur/vsearch/bo/lucene-J/lucene/queries/build/classes/java/main:/home/goankur/vsearch/bo/lucene-J/lucene/join/build/classes/java/main:/home/goankur/vsearch/bo/lucene-J/lucene/spatial3d/build/classes/java/main:/home/goankur/vsearch/util/lib/HdrHistogram.jar:/home/goankur/vsearch/util/src/main/build/classes/java/main:/home/goankur/vsearch/util/build perf.SearchPerfTest -dirImpl MMapDirectory -indexPath /home/goankur/vsearch/indices/wikimedium10m.lucene-A.facets.taxonomy:Date.taxonomy:Month.taxonomy:DayOfYear.sortedset:Date.sortedset:Month.sortedset:DayOfYear.taxonomy:RandomLabel.sortedset:RandomLabel.Lucene90.Lucene104.dvfields.nd10M -facets taxonomy:Date;Date -facets taxonomy:Month;Month -facets taxonomy:DayOfYear;DayOfYear -facets sortedset:Date;Date -facets sortedset:Month;Month -facets sortedset:DayOfYear;DayOfYear -facets taxonomy:RandomLabel;RandomLabel -facets sortedset:RandomLabel;RandomLabel -analyzer StandardAnalyzer -taskSource /home/goankur/vsearch/util/tasks/wikimedium.10M.nostopwords.tasks -numConcurrentQueries 5 -taskRepeatCount 20 -field body -tasksPerCat 1 -searchConcurrency -1 -staticSeed -8586789 -seed -3643812 -similarity BM25Similarity -commit multi -hiliteImpl FastVectorHighlighter -log /home/goankur/vsearch/logs/FAJc.armJ.10 -topN 100 -context  -pk -pollute
      9.6 s
      250.1 actual sustained QPS; -1.0 CPU cores used
    armA:
      NOTE: using experimental CPU time profiler (see https://mostlynerdless.de/blog/2025/06/11/java-25s-new-cpu-time-profiler-1)
      log: /home/goankur/vsearch/logs/FAJc.armA.10 + stdout
      run: /usr/bin/perf stat -dd -e task-clock,cycles,instructions,cache-references,cache-misses,L1-dcache-loads,L1-dcache-load-misses,L1-icache-loads,L1-icache-load-misses,LLC-loads,LLC-load-misses,LLC-stores,LLC-store-misses,LLC-prefetches,LLC-prefetch-misses,faults,minor-faults,major-faults,branches,branch-misses,stalled-cycles-frontend,stalled-cycles-backend /home/goankur/jdk/corretto-25/bin/java -server -Xms2g -Xmx2g --add-modules jdk.incubator.vector -XX:+HeapDumpOnOutOfMemoryError -XX:+UseParallelGC -XX:StartFlightRecording=jdk.CPUTimeSample#enabled=true,dumponexit=true,maxsize=250M,settings=/home/goankur/vsearch/util/src/python/profiling.jfc,filename=/home/goankur/vsearch/logs/bench-search-FAJc-armA-10.jfr -XX:+UnlockDiagnosticVMOptions -XX:+DebugNonSafepoints -classpath /home/goankur/vsearch/bo/lucene-A/lucene/core/build/libs/lucene-core-11.0.0-SNAPSHOT.jar:/home/goankur/vsearch/bo/lucene-A/lucene/sandbox/build/classes/java/main:/home/goankur/vsearch/bo/lucene-A/lucene/misc/build/classes/java/main:/home/goankur/vsearch/bo/lucene-A/lucene/facet/build/classes/java/main:/home/goankur/vsearch/bo/lucene-A/lucene/analysis/common/build/classes/java/main:/home/goankur/vsearch/bo/lucene-A/lucene/analysis/icu/build/classes/java/main:/home/goankur/vsearch/bo/lucene-A/lucene/queryparser/build/classes/java/main:/home/goankur/vsearch/bo/lucene-A/lucene/grouping/build/classes/java/main:/home/goankur/vsearch/bo/lucene-A/lucene/suggest/build/classes/java/main:/home/goankur/vsearch/bo/lucene-A/lucene/highlighter/build/classes/java/main:/home/goankur/vsearch/bo/lucene-A/lucene/codecs/build/classes/java/main:/home/goankur/vsearch/bo/lucene-A/lucene/queries/build/classes/java/main:/home/goankur/vsearch/bo/lucene-A/lucene/join/build/classes/java/main:/home/goankur/vsearch/bo/lucene-A/lucene/spatial3d/build/classes/java/main:/home/goankur/vsearch/util/lib/HdrHistogram.jar:/home/goankur/vsearch/util/src/main/build/classes/java/main:/home/goankur/vsearch/util/build perf.SearchPerfTest -dirImpl MMapDirectory -indexPath /home/goankur/vsearch/indices/wikimedium10m.lucene-A.facets.taxonomy:Date.taxonomy:Month.taxonomy:DayOfYear.sortedset:Date.sortedset:Month.sortedset:DayOfYear.taxonomy:RandomLabel.sortedset:RandomLabel.Lucene90.Lucene104.dvfields.nd10M -facets taxonomy:Date;Date -facets taxonomy:Month;Month -facets taxonomy:DayOfYear;DayOfYear -facets sortedset:Date;Date -facets sortedset:Month;Month -facets sortedset:DayOfYear;DayOfYear -facets taxonomy:RandomLabel;RandomLabel -facets sortedset:RandomLabel;RandomLabel -analyzer StandardAnalyzer -taskSource /home/goankur/vsearch/util/tasks/wikimedium.10M.nostopwords.tasks -numConcurrentQueries 5 -taskRepeatCount 20 -field body -tasksPerCat 1 -searchConcurrency -1 -staticSeed -8586789 -seed -3643812 -similarity BM25Similarity -commit multi -hiliteImpl FastVectorHighlighter -log /home/goankur/vsearch/logs/FAJc.armA.10 -topN 100 -context  -pk -pollute
      9.8 s
      236.6 actual sustained QPS; -1.0 CPU cores used

Report after iter 10:
QPSChart.supported == False
                            Task     P50 B     P50 C     Diff     P90 B     P90 C     Diff     P99 B     P99 C     Diff    P999 B    P999 C     Diff    P100 B    P100 C     Diff
           ('AndHighHigh', None)     2.324     2.275    -2.1%     5.410     7.237    33.8%     7.945     7.455    -6.2%     7.945     7.455    -6.2%     9.584    18.411    92.1%
('AndHighHighDayTaxoFacets', None)    33.448    29.872   -10.7%    61.183    42.451   -30.6%    81.343    54.597   -32.9%    81.343    54.597   -32.9%   162.917   140.924   -13.5%
            ('AndHighLow', None)     0.470     0.459    -2.4%     1.699     0.900   -47.0%     5.548     1.907   -65.6%     5.548     1.907   -65.6%    10.705     1.969   -81.6%
            ('AndHighMed', None)     1.125     1.181     4.9%     3.215     4.486    39.6%    11.974     7.996   -33.2%    11.974     7.996   -33.2%    25.176     8.619   -65.8%
('AndHighMedDayTaxoFacets', None)     4.072     4.097     0.6%    12.966     7.586   -41.5%    13.928    21.857    56.9%    13.928    21.857    56.9%    46.511    23.136   -50.3%
     ('AndMissingHigh', 'Title')     0.330     0.323    -1.9%     0.628     0.840    33.8%     1.072     0.881   -17.8%     1.072     0.881   -17.8%    19.625     2.186   -88.9%
              ('BM25MSM2', None)    21.556    18.851   -12.5%    40.275    35.091   -12.9%    91.165    89.977    -1.3%    91.165    89.977    -1.3%   179.848   154.197   -14.3%
  ('BrowseDateSSDVFacets', None)   339.146   345.625     1.9%   376.209   379.874     1.0%   376.351   398.450     5.9%   376.351   398.450     5.9%   545.942   493.988    -9.5%
  ('BrowseDateTaxoFacets', None)    67.299    70.566     4.9%    75.211    77.784     3.4%    78.940    92.096    16.7%    78.940    92.096    16.7%    78.942   257.379   226.0%
('BrowseDayOfYearSSDVFacets', None)    69.489    63.267    -9.0%    87.079    80.664    -7.4%    92.248    80.760   -12.5%    92.248    80.760   -12.5%    95.712   114.130    19.2%
('BrowseDayOfYearTaxoFacets', None)    66.656    66.504    -0.2%    76.890    75.156    -2.3%    83.123    75.486    -9.2%    83.123    75.486    -9.2%    95.737   177.934    85.9%
 ('BrowseMonthSSDVFacets', None)    63.690    60.993    -4.2%    78.776    79.250     0.6%    82.470    81.566    -1.1%    82.470    81.566    -1.1%   340.541   230.393   -32.3%
 ('BrowseMonthTaxoFacets', None)    26.887    23.527   -12.5%    30.760    30.894     0.4%    53.839    76.212    41.6%    53.839    76.212    41.6%   108.724   243.969   124.4%
('BrowseRandomLabelSSDVFacets', None)    90.074    90.487     0.5%   127.874   113.572   -11.2%   137.342   116.118   -15.5%   137.342   116.118   -15.5%   414.582   313.760   -24.3%
('BrowseRandomLabelTaxoFacets', None)    86.181    86.424     0.3%    99.837    93.521    -6.3%   106.341   100.623    -5.4%   106.341   100.623    -5.4%   417.221   488.495    17.1%
             ('ConstMSM2', None)     0.799     0.831     4.0%     1.687     2.004    18.8%     1.824     3.375    85.0%     1.824     3.375    85.0%    34.419    40.820    18.6%
                ('Fuzzy1', None)    11.978    12.257     2.3%    24.559    25.144     2.4%    37.295    27.373   -26.6%    37.295    27.373   -26.6%    44.590    57.907    29.9%
                ('Fuzzy2', None)    12.675    12.867     1.5%    19.204    29.525    53.7%    49.210    58.735    19.4%    49.210    58.735    19.4%    67.882    70.242     3.5%
  ('HighIntervalsOrdered', None)    14.085    13.009    -7.6%    22.848    19.437   -14.9%    34.787    26.337   -24.3%    34.787    26.337   -24.3%    35.159    34.368    -2.2%
            ('HighPhrase', None)    11.072    11.161     0.8%    24.534    17.627   -28.2%    46.888    17.756   -62.1%    46.888    17.756   -62.1%   179.728   105.486   -41.3%
      ('HighSloppyPhrase', None)    11.335    10.941    -3.5%    29.920    20.205   -32.5%    33.740    23.530   -30.3%    33.740    23.530   -30.3%    47.796    33.671   -29.6%
          ('HighSpanNear', None)    17.710    18.825     6.3%    33.986    28.257   -16.9%    34.744    32.232    -7.2%    34.744    32.232    -7.2%    67.101    40.934   -39.0%
              ('HighTerm', None)     1.126     1.072    -4.8%     3.718     1.760   -52.7%     3.762     1.901   -49.5%     3.762     1.901   -49.5%   116.034   132.220    13.9%
('HighTermDayOfYearSort', 'DayOfYear')     2.708     2.286   -15.6%     9.316     6.166   -33.8%    16.328     9.923   -39.2%    16.328     9.923   -39.2%    40.642    35.561   -12.5%
  ('HighTermMonthSort', 'Month')     0.663     0.788    18.8%     3.371     1.630   -51.6%     3.817     2.445   -35.9%     3.817     2.445   -35.9%    11.033     3.039   -72.5%
('HighTermTitleBDVSort', 'TitleBinary')     9.399     9.041    -3.8%    19.062    17.013   -10.7%    25.050    19.223   -23.3%    25.050    19.223   -23.3%   172.438    64.142   -62.8%
  ('HighTermTitleSort', 'Title')     9.099     9.698     6.6%    16.256    23.777    46.3%    34.577    38.472    11.3%    34.577    38.472    11.3%   115.653    96.886   -16.2%
                ('IntNRQ', None)     1.691     1.582    -6.4%     3.564     7.208   102.3%    11.374     9.038   -20.5%    11.374     9.038   -20.5%   133.805   125.874    -5.9%
                ('IntSet', None)     1.658     1.564    -5.7%     5.557     5.332    -4.1%     7.697     6.962    -9.5%     7.697     6.962    -9.5%    69.115    50.721   -26.6%
   ('LowIntervalsOrdered', None)    14.705    14.141    -3.8%    28.881    22.162   -23.3%    29.398    29.767     1.3%    29.398    29.767     1.3%   190.971   192.634     0.9%
             ('LowPhrase', None)    11.637    11.490    -1.3%    18.376    18.670     1.6%    27.119    25.304    -6.7%    27.119    25.304    -6.7%    33.410    40.183    20.3%
       ('LowSloppyPhrase', None)    11.069    10.985    -0.8%    23.562    23.943     1.6%    27.219    25.442    -6.5%    27.219    25.442    -6.5%    34.774    30.997   -10.9%
           ('LowSpanNear', None)     9.708     9.638    -0.7%    19.213    19.957     3.9%    27.959    23.009   -17.7%    27.959    23.009   -17.7%   135.025   159.391    18.0%
               ('LowTerm', None)     0.451     0.425    -5.9%     1.882     0.853   -54.7%     3.085     2.946    -4.5%     3.085     2.946    -4.5%     4.261     3.202   -24.9%
   ('MedIntervalsOrdered', None)    11.377    10.640    -6.5%    16.822    13.967   -17.0%    18.110    15.723   -13.2%    18.110    15.723   -13.2%    22.732    18.748   -17.5%
             ('MedPhrase', None)     5.651     6.007     6.3%    10.690    10.427    -2.5%    12.756    16.576    29.9%    12.756    16.576    29.9%   149.198   190.549    27.7%
       ('MedSloppyPhrase', None)     5.393     5.370    -0.4%     8.326     6.623   -20.5%     8.499     7.692    -9.5%     8.499     7.692    -9.5%    58.568    48.575   -17.1%
           ('MedSpanNear', None)     5.948     6.898    16.0%     8.148     7.920    -2.8%     8.811     9.230     4.8%     8.811     9.230     4.8%    16.637    14.341   -13.8%
               ('MedTerm', None)     0.701     0.633    -9.8%     1.922     1.961     2.0%     8.355     7.385   -11.6%     8.355     7.385   -11.6%    11.519    13.166    14.3%
  ('MedTermDayTaxoFacets', None)    11.204    10.997    -1.9%    20.660    32.368    56.7%    22.921    39.117    70.7%    22.921    39.117    70.7%   265.522   142.980   -46.2%
            ('OrHighHigh', None)     3.025     2.131   -29.6%     5.921     6.106     3.1%     8.983    10.046    11.8%     8.983    10.046    11.8%   121.822   130.711     7.3%
             ('OrHighLow', None)     0.864     0.936     8.3%     2.180     2.690    23.4%     2.631     3.062    16.4%     2.631     3.062    16.4%    87.476    90.178     3.1%
             ('OrHighMed', None)     1.488     0.924   -37.9%     2.688     3.314    23.3%     4.866     3.992   -18.0%     4.866     3.992   -18.0%    24.407    17.363   -28.9%
('OrHighMedDayTaxoFacets', None)    70.272    62.095   -11.6%    93.118    97.966     5.2%   373.745   292.403   -21.8%   373.745   292.403   -21.8%   399.615   333.802   -16.5%
         ('OrHighNotHigh', None)     1.299     1.368     5.3%     2.269     9.177   304.4%     6.013     9.605    59.7%     6.013     9.605    59.7%    14.278    20.273    42.0%
          ('OrHighNotLow', None)     1.920     1.920     0.0%    18.487    24.013    29.9%    19.662    29.810    51.6%    19.662    29.810    51.6%    26.188    35.690    36.3%
          ('OrHighNotMed', None)     1.399     1.158   -17.3%     4.451     4.037    -9.3%    30.570    29.886    -2.2%    30.570    29.886    -2.2%   116.591   129.040    10.7%
         ('OrNotHighHigh', None)     1.369     1.267    -7.4%     5.678     1.747   -69.2%     7.275    15.848   117.8%     7.275    15.848   117.8%    10.104    26.565   162.9%
          ('OrNotHighLow', None)     0.525     0.554     5.6%     2.076     1.775   -14.5%     2.540     2.006   -21.0%     2.540     2.006   -21.0%     2.602     2.085   -19.9%
          ('OrNotHighMed', None)     1.242     0.979   -21.2%     2.956     2.306   -22.0%     4.102     3.434   -16.3%     4.102     3.434   -16.3%     8.658    21.213   145.0%
                   ('PKLookup',)     5.557     5.445    -2.0%     9.116     8.701    -4.5%    10.438     8.756   -16.1%    10.438     8.756   -16.1%    19.961    39.241    96.6%
               ('Prefix3', None)     1.143     1.074    -6.1%     3.403     3.537     3.9%    14.424     3.581   -75.2%    14.424     3.581   -75.2%    28.251    15.768   -44.2%
                    ('Respell',)    15.952    15.260    -4.3%    28.629    27.417    -4.2%    57.662    40.805   -29.2%    57.662    40.805   -29.2%   187.850   220.321    17.3%
('TermDateTimeSort', 'DateTime')     2.250     2.456     9.1%    11.109     6.257   -43.7%    19.050     7.509   -60.6%    19.050     7.509   -60.6%    89.255    94.313     5.7%
              ('Wildcard', None)     5.273     5.237    -0.7%    12.674    12.985     2.5%    16.805    14.864   -11.6%    16.805    14.864   -11.6%    51.892    90.869    75.1%
                 ('range', None)     0.171     0.152   -11.3%     0.586     0.364   -37.9%     0.667     0.448   -32.9%     0.667     0.448   -32.9%     0.970    14.452  1389.1%
                            Task    QPS armA      StdDev    QPS armJ      StdDev                Pct diff p-value
                    OrNotHighLow     1842.66      (5.2%)     1707.76      (6.2%)   -7.3% ( -17% -    4%) 0.003
           BrowseMonthTaxoFacets       37.60      (3.9%)       35.06     (31.6%)   -6.8% ( -40% -   29%) 0.480
                          Fuzzy1       88.83      (8.8%)       83.44      (6.9%)   -6.1% ( -20% -   10%) 0.073
                      AndHighMed      977.80      (3.7%)      927.67      (6.8%)   -5.1% ( -15% -    5%) 0.029
                    OrHighNotLow      572.17      (8.2%)      551.75     (11.1%)   -3.6% ( -21% -   17%) 0.391
                      AndHighLow     2354.25      (9.0%)     2271.85      (3.6%)   -3.5% ( -14% -    9%) 0.229
                       OrHighMed     1183.18      (5.5%)     1147.03      (7.3%)   -3.1% ( -15% -   10%) 0.268
       BrowseDayOfYearSSDVFacets       15.70      (5.5%)       15.24      (6.3%)   -2.9% ( -13% -    9%) 0.243
                       OrHighLow     1238.22      (5.1%)     1217.00      (4.9%)   -1.7% ( -11% -    8%) 0.418
                    OrHighNotMed      892.13     (11.5%)      878.79     (11.0%)   -1.5% ( -21% -   23%) 0.755
                  AndMissingHigh     3586.05      (8.9%)     3537.36      (5.7%)   -1.4% ( -14% -   14%) 0.671
                     MedSpanNear      169.67     (10.6%)      167.82      (9.2%)   -1.1% ( -18% -   21%) 0.797
           BrowseMonthSSDVFacets       16.56      (9.1%)       16.41     (10.1%)   -0.9% ( -18% -   20%) 0.826
                         MedTerm     1667.38      (6.9%)     1652.94      (5.8%)   -0.9% ( -12% -   12%) 0.749
         AndHighMedDayTaxoFacets      269.83      (7.9%)      267.51      (5.8%)   -0.9% ( -13% -   13%) 0.771
             LowIntervalsOrdered       70.92      (4.0%)       70.51      (3.9%)   -0.6% (  -8% -    7%) 0.730
                   OrNotHighHigh      683.70     (14.0%)      680.31     (13.2%)   -0.5% ( -24% -   30%) 0.932
                          IntNRQ      714.74     (13.5%)      712.14     (11.6%)   -0.4% ( -22% -   28%) 0.946
                     AndHighHigh      553.79     (17.9%)      551.81     (15.1%)   -0.4% ( -28% -   39%) 0.960
            BrowseDateSSDVFacets        2.77      (6.8%)        2.76      (6.3%)   -0.3% ( -12% -   13%) 0.916
                        HighTerm      911.15      (4.6%)      908.82      (4.6%)   -0.3% (  -9% -    9%) 0.896
                         LowTerm     2393.82      (3.3%)     2391.25      (3.4%)   -0.1% (  -6% -    6%) 0.941
                 LowSloppyPhrase       92.49      (4.1%)       92.41      (3.4%)   -0.1% (  -7% -    7%) 0.954
                        BM25MSM2       58.10      (6.5%)       58.06      (4.7%)   -0.1% ( -10% -   11%) 0.976
                     LowSpanNear      108.72      (3.9%)      108.71      (3.7%)   -0.0% (  -7% -    7%) 0.992
                      HighPhrase       92.19      (2.6%)       92.35      (2.2%)    0.2% (  -4% -    5%) 0.866
                       LowPhrase       89.65      (4.9%)       89.90      (3.1%)    0.3% (  -7% -    8%) 0.869
     BrowseRandomLabelSSDVFacets       11.11      (4.9%)       11.14      (5.4%)    0.3% (  -9% -   11%) 0.895
                        Wildcard      192.06      (2.1%)      192.80      (2.2%)    0.4% (  -3% -    4%) 0.674
                        PKLookup      205.52     (12.2%)      206.53      (7.9%)    0.5% ( -17% -   23%) 0.910
            HighTermTitleBDVSort      110.99      (5.2%)      111.92      (2.2%)    0.8% (  -6% -    8%) 0.622
                   OrHighNotHigh      766.95      (6.8%)      773.99      (9.3%)    0.9% ( -14% -   18%) 0.791
                       MedPhrase      178.18      (5.1%)      179.97      (3.6%)    1.0% (  -7% -   10%) 0.593
                      OrHighHigh      466.63     (10.2%)      471.62      (8.6%)    1.1% ( -16% -   22%) 0.791
             MedIntervalsOrdered      102.27      (8.6%)      103.38      (8.6%)    1.1% ( -14% -   19%) 0.767
            MedTermDayTaxoFacets       93.69      (3.8%)       94.73      (4.7%)    1.1% (  -7% -    9%) 0.541
                HighSloppyPhrase       91.43      (3.2%)       92.45      (4.0%)    1.1% (  -5% -    8%) 0.472
                      TermDTSort      440.47      (6.2%)      445.50      (6.8%)    1.1% ( -11% -   15%) 0.680
               HighTermMonthSort     1453.79      (6.7%)     1470.68      (7.8%)    1.2% ( -12% -   16%) 0.709
                       ConstMSM2     1298.91      (4.9%)     1315.52      (6.2%)    1.3% (  -9% -   12%) 0.591
                          IntSet      697.14      (7.5%)      708.97      (9.2%)    1.7% ( -13% -   19%) 0.636
                         Prefix3      947.02     (12.8%)      965.38     (13.8%)    1.9% ( -21% -   32%) 0.734
        AndHighHighDayTaxoFacets       33.63      (6.2%)       34.30      (5.2%)    2.0% (  -8% -   14%) 0.414
                           range     6322.46      (7.8%)     6465.41      (9.7%)    2.3% ( -14% -   21%) 0.545
                         Respell       62.45      (6.0%)       63.96      (5.7%)    2.4% (  -8% -   15%) 0.332
               HighTermTitleSort      124.20      (6.6%)      127.28      (8.6%)    2.5% ( -11% -   18%) 0.447
          OrHighMedDayTaxoFacets       14.94      (8.2%)       15.58      (5.3%)    4.3% (  -8% -   19%) 0.144
                          Fuzzy2       79.44      (4.8%)       82.85      (6.6%)    4.3% (  -6% -   16%) 0.082
                    HighSpanNear       58.00      (3.9%)       60.48      (4.2%)    4.3% (  -3% -   12%) 0.013
            HighIntervalsOrdered       78.57      (6.9%)       81.96      (4.2%)    4.3% (  -6% -   16%) 0.075
                    OrNotHighMed      987.84     (12.0%)     1030.91      (7.2%)    4.4% ( -13% -   26%) 0.302
                 MedSloppyPhrase      203.56      (9.6%)      216.26      (8.2%)    6.2% ( -10% -   26%) 0.103
           HighTermDayOfYearSort      414.08      (8.4%)      442.42      (8.7%)    6.8% (  -9% -   26%) 0.060
     BrowseRandomLabelTaxoFacets       12.13      (5.4%)       13.94     (40.7%)   14.9% ( -29% -   64%) 0.228
            BrowseDateTaxoFacets       14.73      (7.9%)       17.01     (49.4%)   15.5% ( -38% -   79%) 0.304
       BrowseDayOfYearTaxoFacets       15.34      (3.8%)       18.01     (54.9%)   17.4% ( -39% -   79%) 0.295
  iter 11
    armA:
      NOTE: using experimental CPU time profiler (see https://mostlynerdless.de/blog/2025/06/11/java-25s-new-cpu-time-profiler-1)
      log: /home/goankur/vsearch/logs/FAJc.armA.11 + stdout
      run: /usr/bin/perf stat -dd -e task-clock,cycles,instructions,cache-references,cache-misses,L1-dcache-loads,L1-dcache-load-misses,L1-icache-loads,L1-icache-load-misses,LLC-loads,LLC-load-misses,LLC-stores,LLC-store-misses,LLC-prefetches,LLC-prefetch-misses,faults,minor-faults,major-faults,branches,branch-misses,stalled-cycles-frontend,stalled-cycles-backend /home/goankur/jdk/corretto-25/bin/java -server -Xms2g -Xmx2g --add-modules jdk.incubator.vector -XX:+HeapDumpOnOutOfMemoryError -XX:+UseParallelGC -XX:StartFlightRecording=jdk.CPUTimeSample#enabled=true,dumponexit=true,maxsize=250M,settings=/home/goankur/vsearch/util/src/python/profiling.jfc,filename=/home/goankur/vsearch/logs/bench-search-FAJc-armA-11.jfr -XX:+UnlockDiagnosticVMOptions -XX:+DebugNonSafepoints -classpath /home/goankur/vsearch/bo/lucene-A/lucene/core/build/libs/lucene-core-11.0.0-SNAPSHOT.jar:/home/goankur/vsearch/bo/lucene-A/lucene/sandbox/build/classes/java/main:/home/goankur/vsearch/bo/lucene-A/lucene/misc/build/classes/java/main:/home/goankur/vsearch/bo/lucene-A/lucene/facet/build/classes/java/main:/home/goankur/vsearch/bo/lucene-A/lucene/analysis/common/build/classes/java/main:/home/goankur/vsearch/bo/lucene-A/lucene/analysis/icu/build/classes/java/main:/home/goankur/vsearch/bo/lucene-A/lucene/queryparser/build/classes/java/main:/home/goankur/vsearch/bo/lucene-A/lucene/grouping/build/classes/java/main:/home/goankur/vsearch/bo/lucene-A/lucene/suggest/build/classes/java/main:/home/goankur/vsearch/bo/lucene-A/lucene/highlighter/build/classes/java/main:/home/goankur/vsearch/bo/lucene-A/lucene/codecs/build/classes/java/main:/home/goankur/vsearch/bo/lucene-A/lucene/queries/build/classes/java/main:/home/goankur/vsearch/bo/lucene-A/lucene/join/build/classes/java/main:/home/goankur/vsearch/bo/lucene-A/lucene/spatial3d/build/classes/java/main:/home/goankur/vsearch/util/lib/HdrHistogram.jar:/home/goankur/vsearch/util/src/main/build/classes/java/main:/home/goankur/vsearch/util/build perf.SearchPerfTest -dirImpl MMapDirectory -indexPath /home/goankur/vsearch/indices/wikimedium10m.lucene-A.facets.taxonomy:Date.taxonomy:Month.taxonomy:DayOfYear.sortedset:Date.sortedset:Month.sortedset:DayOfYear.taxonomy:RandomLabel.sortedset:RandomLabel.Lucene90.Lucene104.dvfields.nd10M -facets taxonomy:Date;Date -facets taxonomy:Month;Month -facets taxonomy:DayOfYear;DayOfYear -facets sortedset:Date;Date -facets sortedset:Month;Month -facets sortedset:DayOfYear;DayOfYear -facets taxonomy:RandomLabel;RandomLabel -facets sortedset:RandomLabel;RandomLabel -analyzer StandardAnalyzer -taskSource /home/goankur/vsearch/util/tasks/wikimedium.10M.nostopwords.tasks -numConcurrentQueries 5 -taskRepeatCount 20 -field body -tasksPerCat 1 -searchConcurrency -1 -staticSeed -8586789 -seed -9942634 -similarity BM25Similarity -commit multi -hiliteImpl FastVectorHighlighter -log /home/goankur/vsearch/logs/FAJc.armA.11 -topN 100 -context  -pk -pollute
      9.7 s
      235.7 actual sustained QPS; -1.0 CPU cores used
    armJ:
      NOTE: using experimental CPU time profiler (see https://mostlynerdless.de/blog/2025/06/11/java-25s-new-cpu-time-profiler-1)
      log: /home/goankur/vsearch/logs/FAJc.armJ.11 + stdout
      run: /usr/bin/perf stat -dd -e task-clock,cycles,instructions,cache-references,cache-misses,L1-dcache-loads,L1-dcache-load-misses,L1-icache-loads,L1-icache-load-misses,LLC-loads,LLC-load-misses,LLC-stores,LLC-store-misses,LLC-prefetches,LLC-prefetch-misses,faults,minor-faults,major-faults,branches,branch-misses,stalled-cycles-frontend,stalled-cycles-backend /home/goankur/jdk/corretto-25/bin/java -server -Xms2g -Xmx2g --add-modules jdk.incubator.vector -XX:+HeapDumpOnOutOfMemoryError -XX:+UseParallelGC -XX:StartFlightRecording=jdk.CPUTimeSample#enabled=true,dumponexit=true,maxsize=250M,settings=/home/goankur/vsearch/util/src/python/profiling.jfc,filename=/home/goankur/vsearch/logs/bench-search-FAJc-armJ-11.jfr -XX:+UnlockDiagnosticVMOptions -XX:+DebugNonSafepoints -classpath /home/goankur/vsearch/bo/lucene-J/lucene/core/build/libs/lucene-core-11.0.0-SNAPSHOT.jar:/home/goankur/vsearch/bo/lucene-J/lucene/sandbox/build/classes/java/main:/home/goankur/vsearch/bo/lucene-J/lucene/misc/build/classes/java/main:/home/goankur/vsearch/bo/lucene-J/lucene/facet/build/classes/java/main:/home/goankur/vsearch/bo/lucene-J/lucene/analysis/common/build/classes/java/main:/home/goankur/vsearch/bo/lucene-J/lucene/analysis/icu/build/classes/java/main:/home/goankur/vsearch/bo/lucene-J/lucene/queryparser/build/classes/java/main:/home/goankur/vsearch/bo/lucene-J/lucene/grouping/build/classes/java/main:/home/goankur/vsearch/bo/lucene-J/lucene/suggest/build/classes/java/main:/home/goankur/vsearch/bo/lucene-J/lucene/highlighter/build/classes/java/main:/home/goankur/vsearch/bo/lucene-J/lucene/codecs/build/classes/java/main:/home/goankur/vsearch/bo/lucene-J/lucene/queries/build/classes/java/main:/home/goankur/vsearch/bo/lucene-J/lucene/join/build/classes/java/main:/home/goankur/vsearch/bo/lucene-J/lucene/spatial3d/build/classes/java/main:/home/goankur/vsearch/util/lib/HdrHistogram.jar:/home/goankur/vsearch/util/src/main/build/classes/java/main:/home/goankur/vsearch/util/build perf.SearchPerfTest -dirImpl MMapDirectory -indexPath /home/goankur/vsearch/indices/wikimedium10m.lucene-A.facets.taxonomy:Date.taxonomy:Month.taxonomy:DayOfYear.sortedset:Date.sortedset:Month.sortedset:DayOfYear.taxonomy:RandomLabel.sortedset:RandomLabel.Lucene90.Lucene104.dvfields.nd10M -facets taxonomy:Date;Date -facets taxonomy:Month;Month -facets taxonomy:DayOfYear;DayOfYear -facets sortedset:Date;Date -facets sortedset:Month;Month -facets sortedset:DayOfYear;DayOfYear -facets taxonomy:RandomLabel;RandomLabel -facets sortedset:RandomLabel;RandomLabel -analyzer StandardAnalyzer -taskSource /home/goankur/vsearch/util/tasks/wikimedium.10M.nostopwords.tasks -numConcurrentQueries 5 -taskRepeatCount 20 -field body -tasksPerCat 1 -searchConcurrency -1 -staticSeed -8586789 -seed -9942634 -similarity BM25Similarity -commit multi -hiliteImpl FastVectorHighlighter -log /home/goankur/vsearch/logs/FAJc.armJ.11 -topN 100 -context  -pk -pollute
      9.6 s
      242.7 actual sustained QPS; -1.0 CPU cores used

Report after iter 11:
QPSChart.supported == False
                            Task     P50 B     P50 C     Diff     P90 B     P90 C     Diff     P99 B     P99 C     Diff    P999 B    P999 C     Diff    P100 B    P100 C     Diff
           ('AndHighHigh', None)     1.645     1.954    18.8%     7.336     6.436   -12.3%     7.927     6.716   -15.3%     7.927     6.716   -15.3%    53.253    16.932   -68.2%
('AndHighHighDayTaxoFacets', None)    29.143    35.109    20.5%    42.102    44.675     6.1%    45.113    47.423     5.1%    45.113    47.423     5.1%   173.104   193.077    11.5%
            ('AndHighLow', None)     0.420     0.464    10.7%     1.125     1.504    33.6%     3.488     2.785   -20.1%     3.488     2.785   -20.1%    11.061     4.807   -56.5%
            ('AndHighMed', None)     1.112     1.250    12.4%     3.551     3.873     9.1%     3.686     4.229    14.7%     3.686     4.229    14.7%     4.174     4.831    15.8%
('AndHighMedDayTaxoFacets', None)     4.051     3.962    -2.2%     7.939     6.376   -19.7%    20.357    10.128   -50.2%    20.357    10.128   -50.2%    74.416    47.210   -36.6%
     ('AndMissingHigh', 'Title')     0.271     0.254    -6.2%     0.882     0.794   -10.0%     1.084     3.388   212.6%     1.084     3.388   212.6%    20.021    18.681    -6.7%
              ('BM25MSM2', None)    21.470    19.460    -9.4%    39.341    32.952   -16.2%    48.621    34.846   -28.3%    48.621    34.846   -28.3%   157.676   191.254    21.3%
  ('BrowseDateSSDVFacets', None)   369.346   338.570    -8.3%   450.470   369.269   -18.0%   485.262   449.808    -7.3%   485.262   449.808    -7.3%   541.656   529.517    -2.2%
  ('BrowseDateTaxoFacets', None)    67.549    65.125    -3.6%    76.344    78.708     3.1%    77.694    80.339     3.4%    77.694    80.339     3.4%   132.396   118.787   -10.3%
('BrowseDayOfYearSSDVFacets', None)    62.594    66.383     6.1%    91.358    86.223    -5.6%    94.389    86.665    -8.2%    94.389    86.665    -8.2%   157.742   167.333     6.1%
('BrowseDayOfYearTaxoFacets', None)    61.875    62.838     1.6%    78.191    73.971    -5.4%    79.250    73.995    -6.6%    79.250    73.995    -6.6%    86.487    76.919   -11.1%
 ('BrowseMonthSSDVFacets', None)    62.982    67.251     6.8%    84.552    83.742    -1.0%    90.804    90.150    -0.7%    90.804    90.150    -0.7%    91.133   100.451    10.2%
 ('BrowseMonthTaxoFacets', None)    24.059    25.741     7.0%    29.218    30.316     3.8%    29.423    30.753     4.5%    29.423    30.753     4.5%   211.395   293.220    38.7%
('BrowseRandomLabelSSDVFacets', None)    92.653    94.011     1.5%   125.554   112.809   -10.2%   142.193   132.494    -6.8%   142.193   132.494    -6.8%   199.742   420.179   110.4%
('BrowseRandomLabelTaxoFacets', None)    85.572    82.334    -3.8%    99.150    91.134    -8.1%   101.229   110.129     8.8%   101.229   110.129     8.8%   468.480   426.077    -9.1%
             ('ConstMSM2', None)     0.809     0.784    -3.1%     2.071     2.221     7.3%     2.252     3.685    63.6%     2.252     3.685    63.6%    29.788    42.686    43.3%
                ('Fuzzy1', None)    12.976    12.322    -5.0%    19.580    17.413   -11.1%    19.685    21.980    11.7%    19.685    21.980    11.7%   174.304   192.665    10.5%
                ('Fuzzy2', None)    12.551    11.700    -6.8%    23.531    22.732    -3.4%    43.611    53.842    23.5%    43.611    53.842    23.5%    68.135    57.325   -15.9%
  ('HighIntervalsOrdered', None)    12.042    12.547     4.2%    19.589    18.563    -5.2%    25.060    23.804    -5.0%    25.060    23.804    -5.0%    40.793    25.280   -38.0%
            ('HighPhrase', None)    10.849    10.965     1.1%    19.934    19.564    -1.9%    24.438    22.370    -8.5%    24.438    22.370    -8.5%    94.227    94.535     0.3%
      ('HighSloppyPhrase', None)    12.065    11.630    -3.6%    26.204    23.954    -8.6%    27.400    24.990    -8.8%    27.400    24.990    -8.8%    36.987    79.968   116.2%
          ('HighSpanNear', None)    18.805    19.492     3.7%    33.933    27.267   -19.6%    37.748    29.077   -23.0%    37.748    29.077   -23.0%    46.204    41.707    -9.7%
              ('HighTerm', None)     1.112     1.633    46.9%     2.380     2.384     0.2%     2.581     3.493    35.3%     2.581     3.493    35.3%     9.965     9.713    -2.5%
('HighTermDayOfYearSort', 'DayOfYear')     2.935     2.087   -28.9%     8.562    12.318    43.9%    10.442    25.285   142.1%    10.442    25.285   142.1%   169.330   210.917    24.6%
  ('HighTermMonthSort', 'Month')     0.718     0.781     8.7%     1.687     1.563    -7.3%     2.159     2.505    16.0%     2.159     2.505    16.0%     2.879     9.003   212.7%
('HighTermTitleBDVSort', 'TitleBinary')    12.218     9.890   -19.0%    20.228    14.545   -28.1%    28.838    24.515   -15.0%    28.838    24.515   -15.0%    66.955    85.535    27.7%
  ('HighTermTitleSort', 'Title')     9.104    10.029    10.2%    20.987    13.893   -33.8%    24.478    26.111     6.7%    24.478    26.111     6.7%   175.789   102.599   -41.6%
                ('IntNRQ', None)     1.928     1.561   -19.0%     8.741     3.068   -64.9%    14.010     8.617   -38.5%    14.010     8.617   -38.5%    60.737    58.714    -3.3%
                ('IntSet', None)     1.613     1.641     1.7%     9.019     5.148   -42.9%     9.140     7.226   -20.9%     9.140     7.226   -20.9%    28.035    91.780   227.4%
   ('LowIntervalsOrdered', None)    15.021    14.523    -3.3%    20.886    22.156     6.1%    23.585    22.812    -3.3%    23.585    22.812    -3.3%    25.449    50.588    98.8%
             ('LowPhrase', None)    11.561    11.980     3.6%    22.771    19.751   -13.3%    23.632    24.016     1.6%    23.632    24.016     1.6%    27.002    28.708     6.3%
       ('LowSloppyPhrase', None)    11.467    11.088    -3.3%    18.225    15.715   -13.8%    22.508    16.433   -27.0%    22.508    16.433   -27.0%    26.656    22.798   -14.5%
           ('LowSpanNear', None)     9.689     9.598    -0.9%    14.971    18.498    23.6%    16.507    19.143    16.0%    16.507    19.143    16.0%   194.138   190.985    -1.6%
               ('LowTerm', None)     0.493     0.873    77.0%     1.271     1.678    32.0%     1.658     2.439    47.1%     1.658     2.439    47.1%    16.196    16.291     0.6%
   ('MedIntervalsOrdered', None)     9.855    10.759     9.2%    11.163    12.717    13.9%    13.723    14.156     3.2%    13.723    14.156     3.2%   123.530   153.982    24.7%
             ('MedPhrase', None)     5.419     5.595     3.2%    12.321    15.776    28.0%    12.655    17.137    35.4%    12.655    17.137    35.4%    35.700    38.346     7.4%
       ('MedSloppyPhrase', None)     4.440     5.626    26.7%     6.907     6.048   -12.4%     9.143    12.341    35.0%     9.143    12.341    35.0%    93.995    63.223   -32.7%
           ('MedSpanNear', None)     6.810     5.882   -13.6%     7.849    11.675    48.7%     8.457    14.055    66.2%     8.457    14.055    66.2%    55.544    65.572    18.1%
               ('MedTerm', None)     0.601     0.692    15.2%     1.451     5.172   256.5%     4.227     5.616    32.9%     4.227     5.616    32.9%     5.141     6.897    34.1%
  ('MedTermDayTaxoFacets', None)    10.282     9.675    -5.9%    17.186    13.833   -19.5%    17.901    26.199    46.4%    17.901    26.199    46.4%    31.867    36.861    15.7%
            ('OrHighHigh', None)     2.173     3.647    67.8%     5.040     7.798    54.7%     7.799    10.647    36.5%     7.799    10.647    36.5%   227.481   234.503     3.1%
             ('OrHighLow', None)     0.857     1.194    39.2%     1.643     1.877    14.2%     2.029     1.904    -6.1%     2.029     1.904    -6.1%     4.600    26.377   473.4%
             ('OrHighMed', None)     0.940     1.181    25.6%     3.274     2.469   -24.6%     9.367     2.631   -71.9%     9.367     2.631   -71.9%    20.504     4.793   -76.6%
('OrHighMedDayTaxoFacets', None)    62.811    69.320    10.4%   102.356    85.047   -16.9%   166.092   110.456   -33.5%   166.092   110.456   -33.5%   514.951   498.902    -3.1%
         ('OrHighNotHigh', None)     1.354     1.747    29.0%     2.466     4.901    98.7%     2.693     9.070   236.8%     2.693     9.070   236.8%    74.881    24.108   -67.8%
          ('OrHighNotLow', None)     1.963     2.256    15.0%     4.812     7.953    65.3%     5.641    18.595   229.7%     5.641    18.595   229.7%    20.988    19.689    -6.2%
          ('OrHighNotMed', None)     1.141     1.466    28.5%     3.208     3.700    15.3%    11.708    14.718    25.7%    11.708    14.718    25.7%    20.914    14.875   -28.9%
         ('OrNotHighHigh', None)     1.450     1.631    12.4%     2.710     5.680   109.6%     3.063     8.239   169.0%     3.063     8.239   169.0%     7.959    24.469   207.4%
          ('OrNotHighLow', None)     0.704     0.621   -11.8%     1.265     2.513    98.7%     8.717     2.717   -68.8%     8.717     2.717   -68.8%     8.978     4.470   -50.2%
          ('OrNotHighMed', None)     1.126     1.029    -8.6%     3.218     2.493   -22.5%     4.524     3.777   -16.5%     4.524     3.777   -16.5%    21.766     7.907   -63.7%
                   ('PKLookup',)     4.458     4.929    10.6%     8.465     5.697   -32.7%     9.243     8.388    -9.3%     9.243     8.388    -9.3%    24.220    19.064   -21.3%
               ('Prefix3', None)     1.118     1.018    -8.9%     4.198     3.740   -10.9%     4.404     7.699    74.8%     4.404     7.699    74.8%    47.352    40.176   -15.2%
                    ('Respell',)    16.845    15.087   -10.4%    32.611    21.339   -34.6%    44.122    31.705   -28.1%    44.122    31.705   -28.1%    99.849   109.143     9.3%
('TermDateTimeSort', 'DateTime')     2.689     2.227   -17.2%     7.830     7.056    -9.9%     7.857    13.173    67.7%     7.857    13.173    67.7%    88.701    95.870     8.1%
              ('Wildcard', None)     5.220     5.157    -1.2%    10.665    12.666    18.8%    11.926    19.168    60.7%    11.926    19.168    60.7%    30.002    35.003    16.7%
                 ('range', None)     0.142     0.158    11.1%     0.580     0.541    -6.7%     0.818     1.073    31.1%     0.818     1.073    31.1%     1.111     1.317    18.5%
                            Task    QPS armA      StdDev    QPS armJ      StdDev                Pct diff p-value
           BrowseMonthTaxoFacets       38.10      (5.8%)       35.52     (30.0%)   -6.8% ( -40% -   30%) 0.443
                    OrNotHighLow     1820.56      (6.5%)     1704.59      (6.0%)   -6.4% ( -17% -    6%) 0.013
                      AndHighMed      972.15      (4.1%)      921.86      (6.9%)   -5.2% ( -15% -    6%) 0.025
                          Fuzzy1       88.12      (8.9%)       83.84      (6.9%)   -4.9% ( -18% -   12%) 0.135
                    OrHighNotLow      575.66      (8.1%)      547.86     (10.8%)   -4.8% ( -21% -   15%) 0.214
                       OrHighMed     1176.08      (5.7%)     1123.63      (9.8%)   -4.5% ( -18% -   11%) 0.174
                      AndHighLow     2365.39      (8.7%)     2268.24      (3.4%)   -4.1% ( -14% -    8%) 0.127
                       OrHighLow     1233.84      (5.0%)     1190.71      (8.7%)   -3.5% ( -16% -   10%) 0.228
       BrowseDayOfYearSSDVFacets       15.77      (5.4%)       15.26      (6.0%)   -3.2% ( -13% -    8%) 0.172
                    OrHighNotMed      893.34     (10.9%)      865.03     (11.8%)   -3.2% ( -23% -   21%) 0.494
                        HighTerm      914.52      (4.6%)      886.10      (9.6%)   -3.1% ( -16% -   11%) 0.313
                      OrHighHigh      469.27      (9.9%)      458.30     (12.8%)   -2.3% ( -22% -   22%) 0.616
                         LowTerm     2373.93      (4.3%)     2320.33     (10.9%)   -2.3% ( -16% -   13%) 0.504
                         MedTerm     1672.42      (6.6%)     1636.81      (6.4%)   -2.1% ( -14% -   11%) 0.423
                     AndHighHigh      561.53     (17.5%)      553.08     (14.2%)   -1.5% ( -28% -   36%) 0.817
         AndHighMedDayTaxoFacets      271.32      (7.8%)      267.69      (5.5%)   -1.3% ( -13% -   12%) 0.625
                   OrNotHighHigh      685.14     (13.3%)      676.14     (12.7%)   -1.3% ( -24% -   28%) 0.805
           BrowseMonthSSDVFacets       16.54      (8.7%)       16.33      (9.8%)   -1.3% ( -18% -   18%) 0.736
                  AndMissingHigh     3608.09      (8.7%)     3579.28      (6.7%)   -0.8% ( -14% -   16%) 0.802
             LowIntervalsOrdered       70.80      (3.9%)       70.54      (3.7%)   -0.4% (  -7% -    7%) 0.810
                       LowPhrase       89.82      (4.7%)       89.50      (3.4%)   -0.4% (  -8% -    8%) 0.831
                   OrHighNotHigh      768.19      (6.5%)      765.46      (9.7%)   -0.4% ( -15% -   16%) 0.915
                          IntNRQ      712.11     (13.0%)      710.23     (11.2%)   -0.3% ( -21% -   27%) 0.957
                      HighPhrase       92.74      (3.2%)       92.57      (2.2%)   -0.2% (  -5% -    5%) 0.871
                     MedSpanNear      168.79     (10.4%)      168.64      (9.0%)   -0.1% ( -17% -   21%) 0.983
                 LowSloppyPhrase       92.26      (4.0%)       92.23      (3.3%)   -0.0% (  -7% -    7%) 0.986
                     LowSpanNear      108.39      (3.8%)      108.41      (3.7%)    0.0% (  -7% -    7%) 0.990
                        PKLookup      207.70     (12.1%)      208.04      (7.9%)    0.2% ( -17% -   22%) 0.968
            BrowseDateSSDVFacets        2.77      (6.5%)        2.78      (6.4%)    0.4% ( -11% -   14%) 0.873
               HighTermMonthSort     1454.73      (6.4%)     1461.42      (7.8%)    0.5% ( -12% -   15%) 0.874
             MedIntervalsOrdered      102.27      (8.2%)      102.81      (8.4%)    0.5% ( -14% -   18%) 0.877
                       MedPhrase      178.92      (5.0%)      179.87      (3.4%)    0.5% (  -7% -    9%) 0.763
                        BM25MSM2       57.36      (7.7%)       57.66      (5.2%)    0.5% ( -11% -   14%) 0.843
                        Wildcard      192.05      (2.0%)      193.12      (2.1%)    0.6% (  -3% -    4%) 0.514
        AndHighHighDayTaxoFacets       33.79      (6.1%)       34.01      (5.7%)    0.6% ( -10% -   13%) 0.792
     BrowseRandomLabelSSDVFacets       11.10      (4.7%)       11.17      (5.2%)    0.6% (  -8% -   11%) 0.749
                HighSloppyPhrase       91.34      (3.1%)       92.18      (3.9%)    0.9% (  -5% -    8%) 0.525
               HighTermTitleSort      124.09      (6.3%)      125.41      (9.7%)    1.1% ( -14% -   18%) 0.750
                         Prefix3      957.50     (12.7%)      968.46     (13.1%)    1.1% ( -21% -   30%) 0.828
                       ConstMSM2     1299.55      (4.6%)     1315.14      (5.9%)    1.2% (  -8% -   12%) 0.581
            HighTermTitleBDVSort      110.08      (5.8%)      111.56      (2.4%)    1.3% (  -6% -   10%) 0.456
            MedTermDayTaxoFacets       94.58      (4.9%)       95.93      (6.2%)    1.4% (  -9% -   13%) 0.531
                           range     6400.06      (8.4%)     6497.51      (9.3%)    1.5% ( -14% -   20%) 0.674
                      TermDTSort      439.68      (5.9%)      446.54      (6.5%)    1.6% ( -10% -   14%) 0.540
                          IntSet      693.30      (7.4%)      706.87      (8.9%)    2.0% ( -13% -   19%) 0.559
                         Respell       62.52      (5.7%)       64.19      (5.6%)    2.7% (  -8% -   14%) 0.248
          OrHighMedDayTaxoFacets       15.03      (8.0%)       15.50      (5.3%)    3.2% (  -9% -   17%) 0.248
            HighIntervalsOrdered       79.00      (6.8%)       81.89      (4.0%)    3.7% (  -6% -   15%) 0.106
                    HighSpanNear       57.76      (4.0%)       59.94      (5.2%)    3.8% (  -5% -   13%) 0.045
                 MedSloppyPhrase      205.82      (9.8%)      213.84      (8.8%)    3.9% ( -13% -   24%) 0.306
                    OrNotHighMed      986.14     (11.5%)     1026.82      (7.0%)    4.1% ( -12% -   25%) 0.289
                          Fuzzy2       79.57      (4.6%)       83.41      (6.7%)    4.8% (  -6% -   16%) 0.041
           HighTermDayOfYearSort      416.22      (8.2%)      446.45      (8.9%)    7.3% (  -9% -   26%) 0.037
     BrowseRandomLabelTaxoFacets       12.15      (5.2%)       13.81     (38.9%)   13.7% ( -28% -   60%) 0.227
            BrowseDateTaxoFacets       14.79      (7.7%)       16.89     (47.0%)   14.2% ( -37% -   74%) 0.302
       BrowseDayOfYearTaxoFacets       15.43      (4.1%)       17.81     (52.3%)   15.4% ( -39% -   74%) 0.308
  iter 12
    armJ:
      NOTE: using experimental CPU time profiler (see https://mostlynerdless.de/blog/2025/06/11/java-25s-new-cpu-time-profiler-1)
      log: /home/goankur/vsearch/logs/FAJc.armJ.12 + stdout
      run: /usr/bin/perf stat -dd -e task-clock,cycles,instructions,cache-references,cache-misses,L1-dcache-loads,L1-dcache-load-misses,L1-icache-loads,L1-icache-load-misses,LLC-loads,LLC-load-misses,LLC-stores,LLC-store-misses,LLC-prefetches,LLC-prefetch-misses,faults,minor-faults,major-faults,branches,branch-misses,stalled-cycles-frontend,stalled-cycles-backend /home/goankur/jdk/corretto-25/bin/java -server -Xms2g -Xmx2g --add-modules jdk.incubator.vector -XX:+HeapDumpOnOutOfMemoryError -XX:+UseParallelGC -XX:StartFlightRecording=jdk.CPUTimeSample#enabled=true,dumponexit=true,maxsize=250M,settings=/home/goankur/vsearch/util/src/python/profiling.jfc,filename=/home/goankur/vsearch/logs/bench-search-FAJc-armJ-12.jfr -XX:+UnlockDiagnosticVMOptions -XX:+DebugNonSafepoints -classpath /home/goankur/vsearch/bo/lucene-J/lucene/core/build/libs/lucene-core-11.0.0-SNAPSHOT.jar:/home/goankur/vsearch/bo/lucene-J/lucene/sandbox/build/classes/java/main:/home/goankur/vsearch/bo/lucene-J/lucene/misc/build/classes/java/main:/home/goankur/vsearch/bo/lucene-J/lucene/facet/build/classes/java/main:/home/goankur/vsearch/bo/lucene-J/lucene/analysis/common/build/classes/java/main:/home/goankur/vsearch/bo/lucene-J/lucene/analysis/icu/build/classes/java/main:/home/goankur/vsearch/bo/lucene-J/lucene/queryparser/build/classes/java/main:/home/goankur/vsearch/bo/lucene-J/lucene/grouping/build/classes/java/main:/home/goankur/vsearch/bo/lucene-J/lucene/suggest/build/classes/java/main:/home/goankur/vsearch/bo/lucene-J/lucene/highlighter/build/classes/java/main:/home/goankur/vsearch/bo/lucene-J/lucene/codecs/build/classes/java/main:/home/goankur/vsearch/bo/lucene-J/lucene/queries/build/classes/java/main:/home/goankur/vsearch/bo/lucene-J/lucene/join/build/classes/java/main:/home/goankur/vsearch/bo/lucene-J/lucene/spatial3d/build/classes/java/main:/home/goankur/vsearch/util/lib/HdrHistogram.jar:/home/goankur/vsearch/util/src/main/build/classes/java/main:/home/goankur/vsearch/util/build perf.SearchPerfTest -dirImpl MMapDirectory -indexPath /home/goankur/vsearch/indices/wikimedium10m.lucene-A.facets.taxonomy:Date.taxonomy:Month.taxonomy:DayOfYear.sortedset:Date.sortedset:Month.sortedset:DayOfYear.taxonomy:RandomLabel.sortedset:RandomLabel.Lucene90.Lucene104.dvfields.nd10M -facets taxonomy:Date;Date -facets taxonomy:Month;Month -facets taxonomy:DayOfYear;DayOfYear -facets sortedset:Date;Date -facets sortedset:Month;Month -facets sortedset:DayOfYear;DayOfYear -facets taxonomy:RandomLabel;RandomLabel -facets sortedset:RandomLabel;RandomLabel -analyzer StandardAnalyzer -taskSource /home/goankur/vsearch/util/tasks/wikimedium.10M.nostopwords.tasks -numConcurrentQueries 5 -taskRepeatCount 20 -field body -tasksPerCat 1 -searchConcurrency -1 -staticSeed -8586789 -seed -7567380 -similarity BM25Similarity -commit multi -hiliteImpl FastVectorHighlighter -log /home/goankur/vsearch/logs/FAJc.armJ.12 -topN 100 -context  -pk -pollute
      9.9 s
      236.6 actual sustained QPS; -1.0 CPU cores used
    armA:
      NOTE: using experimental CPU time profiler (see https://mostlynerdless.de/blog/2025/06/11/java-25s-new-cpu-time-profiler-1)
      log: /home/goankur/vsearch/logs/FAJc.armA.12 + stdout
      run: /usr/bin/perf stat -dd -e task-clock,cycles,instructions,cache-references,cache-misses,L1-dcache-loads,L1-dcache-load-misses,L1-icache-loads,L1-icache-load-misses,LLC-loads,LLC-load-misses,LLC-stores,LLC-store-misses,LLC-prefetches,LLC-prefetch-misses,faults,minor-faults,major-faults,branches,branch-misses,stalled-cycles-frontend,stalled-cycles-backend /home/goankur/jdk/corretto-25/bin/java -server -Xms2g -Xmx2g --add-modules jdk.incubator.vector -XX:+HeapDumpOnOutOfMemoryError -XX:+UseParallelGC -XX:StartFlightRecording=jdk.CPUTimeSample#enabled=true,dumponexit=true,maxsize=250M,settings=/home/goankur/vsearch/util/src/python/profiling.jfc,filename=/home/goankur/vsearch/logs/bench-search-FAJc-armA-12.jfr -XX:+UnlockDiagnosticVMOptions -XX:+DebugNonSafepoints -classpath /home/goankur/vsearch/bo/lucene-A/lucene/core/build/libs/lucene-core-11.0.0-SNAPSHOT.jar:/home/goankur/vsearch/bo/lucene-A/lucene/sandbox/build/classes/java/main:/home/goankur/vsearch/bo/lucene-A/lucene/misc/build/classes/java/main:/home/goankur/vsearch/bo/lucene-A/lucene/facet/build/classes/java/main:/home/goankur/vsearch/bo/lucene-A/lucene/analysis/common/build/classes/java/main:/home/goankur/vsearch/bo/lucene-A/lucene/analysis/icu/build/classes/java/main:/home/goankur/vsearch/bo/lucene-A/lucene/queryparser/build/classes/java/main:/home/goankur/vsearch/bo/lucene-A/lucene/grouping/build/classes/java/main:/home/goankur/vsearch/bo/lucene-A/lucene/suggest/build/classes/java/main:/home/goankur/vsearch/bo/lucene-A/lucene/highlighter/build/classes/java/main:/home/goankur/vsearch/bo/lucene-A/lucene/codecs/build/classes/java/main:/home/goankur/vsearch/bo/lucene-A/lucene/queries/build/classes/java/main:/home/goankur/vsearch/bo/lucene-A/lucene/join/build/classes/java/main:/home/goankur/vsearch/bo/lucene-A/lucene/spatial3d/build/classes/java/main:/home/goankur/vsearch/util/lib/HdrHistogram.jar:/home/goankur/vsearch/util/src/main/build/classes/java/main:/home/goankur/vsearch/util/build perf.SearchPerfTest -dirImpl MMapDirectory -indexPath /home/goankur/vsearch/indices/wikimedium10m.lucene-A.facets.taxonomy:Date.taxonomy:Month.taxonomy:DayOfYear.sortedset:Date.sortedset:Month.sortedset:DayOfYear.taxonomy:RandomLabel.sortedset:RandomLabel.Lucene90.Lucene104.dvfields.nd10M -facets taxonomy:Date;Date -facets taxonomy:Month;Month -facets taxonomy:DayOfYear;DayOfYear -facets sortedset:Date;Date -facets sortedset:Month;Month -facets sortedset:DayOfYear;DayOfYear -facets taxonomy:RandomLabel;RandomLabel -facets sortedset:RandomLabel;RandomLabel -analyzer StandardAnalyzer -taskSource /home/goankur/vsearch/util/tasks/wikimedium.10M.nostopwords.tasks -numConcurrentQueries 5 -taskRepeatCount 20 -field body -tasksPerCat 1 -searchConcurrency -1 -staticSeed -8586789 -seed -7567380 -similarity BM25Similarity -commit multi -hiliteImpl FastVectorHighlighter -log /home/goankur/vsearch/logs/FAJc.armA.12 -topN 100 -context  -pk -pollute
      9.7 s
      226.4 actual sustained QPS; -1.0 CPU cores used

Report after iter 12:
QPSChart.supported == False
                            Task     P50 B     P50 C     Diff     P90 B     P90 C     Diff     P99 B     P99 C     Diff    P999 B    P999 C     Diff    P100 B    P100 C     Diff
           ('AndHighHigh', None)     1.733     1.757     1.4%     4.276     3.897    -8.9%    21.540     4.065   -81.1%    21.540     4.065   -81.1%    21.629    19.152   -11.5%
('AndHighHighDayTaxoFacets', None)    30.459    33.811    11.0%    35.418    39.537    11.6%    53.395    43.759   -18.0%    53.395    43.759   -18.0%   155.327   202.679    30.5%
            ('AndHighLow', None)     0.437     0.437    -0.0%     0.904     1.371    51.6%     2.095     1.697   -19.0%     2.095     1.697   -19.0%     2.818     6.745   139.4%
            ('AndHighMed', None)     1.118     1.074    -3.9%     3.592     2.925   -18.6%     4.634     4.189    -9.6%     4.634     4.189    -9.6%    18.874    14.482   -23.3%
('AndHighMedDayTaxoFacets', None)     3.512     3.527     0.4%    12.946     6.757   -47.8%    14.491    10.619   -26.7%    14.491    10.619   -26.7%    16.583    10.946   -34.0%
     ('AndMissingHigh', 'Title')     0.316     0.320     1.3%     0.735     0.664    -9.7%     0.755     0.756     0.1%     0.755     0.756     0.1%     1.270     1.036   -18.4%
              ('BM25MSM2', None)    16.245    16.150    -0.6%    25.689    29.192    13.6%    50.111    33.494   -33.2%    50.111    33.494   -33.2%   309.910   348.331    12.4%
  ('BrowseDateSSDVFacets', None)   336.012   377.435    12.3%   375.104   438.728    17.0%   390.425   459.544    17.7%   390.425   459.544    17.7%   470.985   524.124    11.3%
  ('BrowseDateTaxoFacets', None)    71.908    73.335     2.0%    89.705    86.301    -3.8%    95.591    96.756     1.2%    95.591    96.756     1.2%   113.868   145.233    27.5%
('BrowseDayOfYearSSDVFacets', None)    63.491    62.033    -2.3%    84.159    70.756   -15.9%    84.292    76.572    -9.2%    84.292    76.572    -9.2%   126.199   145.593    15.4%
('BrowseDayOfYearTaxoFacets', None)    70.915    65.373    -7.8%    89.954    86.449    -3.9%    93.656    93.308    -0.4%    93.656    93.308    -0.4%    96.851   101.505     4.8%
 ('BrowseMonthSSDVFacets', None)    61.877    60.407    -2.4%    78.906    78.139    -1.0%    81.183    87.207     7.4%    81.183    87.207     7.4%   138.383   254.282    83.8%
 ('BrowseMonthTaxoFacets', None)    87.874    26.024   -70.4%    93.843    73.641   -21.5%    93.987    77.129   -17.9%    93.987    77.129   -17.9%   196.600   260.241    32.4%
('BrowseRandomLabelSSDVFacets', None)    89.403    87.994    -1.6%   119.017   134.057    12.6%   146.573   195.321    33.3%   146.573   195.321    33.3%   158.785   200.185    26.1%
('BrowseRandomLabelTaxoFacets', None)    87.474    88.919     1.7%   120.833   102.461   -15.2%   126.421   129.895     2.7%   126.421   129.895     2.7%   200.133   219.763     9.8%
             ('ConstMSM2', None)     0.794     0.762    -4.0%     1.365     2.856   109.2%     3.369     9.248   174.5%     3.369     9.248   174.5%    26.781    33.355    24.5%
                ('Fuzzy1', None)    11.596    11.734     1.2%    16.481    24.777    50.3%    31.961    25.296   -20.9%    31.961    25.296   -20.9%   336.043   382.759    13.9%
                ('Fuzzy2', None)    11.768    12.995    10.4%    15.627    16.533     5.8%    26.898    30.460    13.2%    26.898    30.460    13.2%   258.676   164.784   -36.3%
  ('HighIntervalsOrdered', None)    12.424    12.190    -1.9%    27.519    22.543   -18.1%    37.097    28.524   -23.1%    37.097    28.524   -23.1%    46.889    43.507    -7.2%
            ('HighPhrase', None)    10.953    10.782    -1.6%    18.981    21.785    14.8%    36.278    22.970   -36.7%    36.278    22.970   -36.7%    39.664   109.324   175.6%
      ('HighSloppyPhrase', None)    11.667    10.945    -6.2%    18.108    18.257     0.8%    19.732    19.652    -0.4%    19.732    19.652    -0.4%    88.096   117.612    33.5%
          ('HighSpanNear', None)    17.898    16.447    -8.1%    27.036    33.435    23.7%    36.888    41.068    11.3%    36.888    41.068    11.3%    51.315    69.432    35.3%
              ('HighTerm', None)     1.231     1.156    -6.1%     4.073     1.730   -57.5%    11.310     2.935   -74.0%    11.310     2.935   -74.0%    14.838    11.413   -23.1%
('HighTermDayOfYearSort', 'DayOfYear')     2.432     2.383    -2.0%     6.999     5.445   -22.2%    20.586     7.786   -62.2%    20.586     7.786   -62.2%    25.111    13.252   -47.2%
  ('HighTermMonthSort', 'Month')     0.713     0.686    -3.8%     2.767     1.660   -40.0%     9.557     2.351   -75.4%     9.557     2.351   -75.4%    47.754    20.541   -57.0%
('HighTermTitleBDVSort', 'TitleBinary')     8.524     8.791     3.1%    15.707    16.603     5.7%    22.866    17.242   -24.6%    22.866    17.242   -24.6%    66.236    59.729    -9.8%
  ('HighTermTitleSort', 'Title')     8.116     8.005    -1.4%    12.752    12.039    -5.6%    33.107    33.248     0.4%    33.107    33.248     0.4%    42.596    61.572    44.5%
                ('IntNRQ', None)     1.555     1.388   -10.7%     3.470     4.143    19.4%     3.615    10.446   188.9%     3.615    10.446   188.9%    54.214    80.569    48.6%
                ('IntSet', None)     1.334     1.323    -0.8%     5.576     8.391    50.5%     8.820    13.430    52.3%     8.820    13.430    52.3%    37.019    39.612     7.0%
   ('LowIntervalsOrdered', None)    14.176    14.109    -0.5%    31.765    33.478     5.4%    33.738    40.210    19.2%    33.738    40.210    19.2%   191.579   157.686   -17.7%
             ('LowPhrase', None)    10.936    11.178     2.2%    17.231    19.899    15.5%    21.760    24.094    10.7%    21.760    24.094    10.7%    25.207    24.312    -3.6%
       ('LowSloppyPhrase', None)    10.730    10.629    -0.9%    16.999    24.849    46.2%    20.307    41.200   102.9%    20.307    41.200   102.9%    39.997   113.386   183.5%
           ('LowSpanNear', None)     9.505     9.155    -3.7%    18.598    15.831   -14.9%    19.986    21.048     5.3%    19.986    21.048     5.3%   106.673   135.153    26.7%
               ('LowTerm', None)     0.429     0.489    14.1%     0.654     1.315   100.9%     1.244     2.084    67.5%     1.244     2.084    67.5%     2.261     3.654    61.6%
   ('MedIntervalsOrdered', None)    10.283     9.997    -2.8%    15.097    18.346    21.5%    23.274    22.326    -4.1%    23.274    22.326    -4.1%    36.678    25.332   -30.9%
             ('MedPhrase', None)     5.622     5.558    -1.1%    10.400    10.331    -0.7%    13.353    11.422   -14.5%    13.353    11.422   -14.5%   128.212   115.475    -9.9%
       ('MedSloppyPhrase', None)     4.176     4.409     5.6%     5.853     6.460    10.4%     6.743     9.196    36.4%     6.743     9.196    36.4%    20.580    22.602     9.8%
           ('MedSpanNear', None)     6.492     6.519     0.4%    11.683    11.185    -4.3%    11.722    15.088    28.7%    11.722    15.088    28.7%    53.207   108.213   103.4%
               ('MedTerm', None)     0.581     0.676    16.4%     1.700     1.199   -29.5%     2.141     1.398   -34.7%     2.141     1.398   -34.7%     2.731     3.676    34.6%
  ('MedTermDayTaxoFacets', None)    10.968    10.456    -4.7%    14.624    23.197    58.6%    20.070    36.415    81.4%    20.070    36.415    81.4%    56.046    40.486   -27.8%
            ('OrHighHigh', None)     2.957     2.478   -16.2%    10.340     5.018   -51.5%    11.533     6.379   -44.7%    11.533     6.379   -44.7%    14.302    11.267   -21.2%
             ('OrHighLow', None)     0.850     0.809    -4.9%     2.106     1.832   -13.0%     2.527     2.255   -10.8%     2.527     2.255   -10.8%     3.230     3.599    11.4%
             ('OrHighMed', None)     0.943     1.078    14.3%     2.390     2.860    19.7%     4.888     3.330   -31.9%     4.888     3.330   -31.9%    13.138     6.273   -52.3%
('OrHighMedDayTaxoFacets', None)    73.665    70.093    -4.8%    88.663    81.381    -8.2%    94.078    91.356    -2.9%    94.078    91.356    -2.9%   725.993   729.359     0.5%
         ('OrHighNotHigh', None)     1.322     1.351     2.2%     2.481     4.537    82.9%     3.173     7.922   149.7%     3.173     7.922   149.7%    14.378     8.880   -38.2%
          ('OrHighNotLow', None)     1.721     1.807     5.0%     3.706     3.934     6.1%     6.220     9.766    57.0%     6.220     9.766    57.0%     8.615    26.990   213.3%
          ('OrHighNotMed', None)     1.106     1.055    -4.6%     1.704     1.874     9.9%     4.031     5.637    39.8%     4.031     5.637    39.8%    12.129    15.536    28.1%
         ('OrNotHighHigh', None)     1.363     1.323    -2.9%     6.136     4.471   -27.1%     7.595    14.200    87.0%     7.595    14.200    87.0%    27.225    16.949   -37.7%
          ('OrNotHighLow', None)     0.520     0.562     8.2%     2.186     1.384   -36.7%     2.272     3.989    75.6%     2.272     3.989    75.6%     9.879     4.403   -55.4%
          ('OrNotHighMed', None)     1.108     1.146     3.4%     2.896     2.145   -25.9%     4.011     6.133    52.9%     4.011     6.133    52.9%    17.698    26.425    49.3%
                   ('PKLookup',)     4.534     5.377    18.6%     9.538     9.031    -5.3%    10.049     9.796    -2.5%    10.049     9.796    -2.5%    20.067    20.489     2.1%
               ('Prefix3', None)     1.110     1.267    14.1%     3.358     2.417   -28.0%     4.240     3.488   -17.7%     4.240     3.488   -17.7%    73.036    54.464   -25.4%
                    ('Respell',)    14.490    14.541     0.3%    22.257    26.382    18.5%    42.864    27.853   -35.0%    42.864    27.853   -35.0%    75.609    52.947   -30.0%
('TermDateTimeSort', 'DateTime')     2.655     2.289   -13.8%     8.149     7.019   -13.9%     8.433    12.368    46.7%     8.433    12.368    46.7%   110.303   123.419    11.9%
              ('Wildcard', None)     5.239     5.034    -3.9%     8.217    17.007   107.0%    18.386    19.143     4.1%    18.386    19.143     4.1%    53.921    38.508   -28.6%
                 ('range', None)     0.167     0.157    -6.3%     0.569     0.500   -12.1%     0.619     0.712    15.0%     0.619     0.712    15.0%     0.734     0.871    18.7%
                            Task    QPS armA      StdDev    QPS armJ      StdDev                Pct diff p-value
                    OrNotHighLow     1835.71      (6.9%)     1713.66      (6.0%)   -6.6% ( -18% -    6%) 0.008
                       OrHighMed     1177.57      (5.5%)     1110.41     (10.2%)   -5.7% ( -20% -   10%) 0.076
                          Fuzzy1       88.66      (8.8%)       84.17      (6.7%)   -5.1% ( -18% -   11%) 0.098
                    OrHighNotLow      577.56      (7.8%)      549.24     (10.3%)   -4.9% ( -21% -   14%) 0.171
                      AndHighMed      969.36      (4.1%)      923.02      (6.6%)   -4.8% ( -14% -    6%) 0.027
                      AndHighLow     2362.43      (8.3%)     2276.22      (3.5%)   -3.6% ( -14% -    8%) 0.145
                         MedTerm     1688.79      (7.2%)     1632.83      (6.1%)   -3.3% ( -15% -   10%) 0.206
                       OrHighLow     1235.91      (4.8%)     1199.80      (8.8%)   -2.9% ( -15% -   11%) 0.292
                        HighTerm      909.40      (4.8%)      884.56      (9.3%)   -2.7% ( -16% -   12%) 0.348
                         LowTerm     2372.52      (4.2%)     2309.07     (10.5%)   -2.7% ( -16% -   12%) 0.395
                    OrHighNotMed      895.91     (10.5%)      872.09     (11.6%)   -2.7% ( -22% -   21%) 0.540
       BrowseDayOfYearSSDVFacets       15.73      (5.2%)       15.33      (6.0%)   -2.5% ( -13% -    9%) 0.249
                     AndHighHigh      564.87     (16.8%)      554.85     (13.6%)   -1.8% ( -27% -   34%) 0.767
         AndHighMedDayTaxoFacets      273.10      (7.7%)      269.46      (5.7%)   -1.3% ( -13% -   13%) 0.616
                      OrHighHigh      463.85     (10.4%)      457.80     (12.4%)   -1.3% ( -21% -   24%) 0.772
                        PKLookup      209.35     (11.8%)      206.67      (7.8%)   -1.3% ( -18% -   20%) 0.745
           BrowseMonthSSDVFacets       16.55      (8.3%)       16.37      (9.4%)   -1.1% ( -17% -   18%) 0.758
                   OrNotHighHigh      689.12     (12.8%)      683.72     (12.7%)   -0.8% ( -23% -   28%) 0.876
           BrowseMonthTaxoFacets       36.04     (21.4%)       35.77     (30.5%)   -0.8% ( -43% -   65%) 0.941
                       LowPhrase       90.17      (4.7%)       89.62      (3.2%)   -0.6% (  -8% -    7%) 0.701
                  AndMissingHigh     3587.52      (8.7%)     3567.53      (6.6%)   -0.6% ( -14% -   16%) 0.853
                   OrHighNotHigh      767.51      (6.2%)      763.85      (9.3%)   -0.5% ( -15% -   15%) 0.878
                     MedSpanNear      169.06      (9.9%)      168.30      (8.6%)   -0.5% ( -17% -   20%) 0.901
            BrowseDateSSDVFacets        2.78      (6.5%)        2.77      (6.2%)   -0.4% ( -12% -   13%) 0.863
             LowIntervalsOrdered       70.81      (3.7%)       70.59      (3.6%)   -0.3% (  -7% -    7%) 0.832
                     LowSpanNear      108.82      (3.9%)      108.50      (3.5%)   -0.3% (  -7% -    7%) 0.842
                      HighPhrase       92.79      (3.1%)       92.62      (2.1%)   -0.2% (  -5% -    5%) 0.866
        AndHighHighDayTaxoFacets       33.75      (5.9%)       33.75      (6.2%)    0.0% ( -11% -   12%) 0.996
                 LowSloppyPhrase       92.43      (3.9%)       92.46      (3.3%)    0.0% (  -6% -    7%) 0.983
                          IntNRQ      713.13     (12.4%)      714.17     (10.9%)    0.1% ( -20% -   26%) 0.975
             MedIntervalsOrdered      102.13      (7.8%)      102.60      (8.1%)    0.5% ( -14% -   17%) 0.884
                        BM25MSM2       57.72      (7.7%)       58.01      (5.4%)    0.5% ( -11% -   14%) 0.849
                       MedPhrase      179.03      (4.8%)      179.97      (3.3%)    0.5% (  -7% -    9%) 0.747
                        Wildcard      192.59      (2.2%)      193.71      (2.3%)    0.6% (  -3% -    5%) 0.513
               HighTermMonthSort     1456.96      (6.2%)     1465.54      (7.5%)    0.6% ( -12% -   15%) 0.827
                       ConstMSM2     1307.69      (4.9%)     1316.10      (5.7%)    0.6% (  -9% -   11%) 0.758
     BrowseRandomLabelSSDVFacets       11.13      (4.6%)       11.23      (5.4%)    0.9% (  -8% -   11%) 0.633
               HighTermTitleSort      124.31      (6.1%)      125.53      (9.3%)    1.0% ( -13% -   17%) 0.750
                      TermDTSort      442.05      (6.0%)      446.42      (6.2%)    1.0% ( -10% -   14%) 0.679
                         Prefix3      966.46     (12.5%)      976.29     (12.8%)    1.0% ( -21% -   30%) 0.837
            HighTermTitleBDVSort      110.71      (5.9%)      111.91      (2.6%)    1.1% (  -6% -   10%) 0.541
                          IntSet      702.76      (8.5%)      710.78      (8.7%)    1.1% ( -14% -   20%) 0.735
                HighSloppyPhrase       91.03      (3.2%)       92.30      (3.8%)    1.4% (  -5% -    8%) 0.313
            MedTermDayTaxoFacets       94.49      (4.7%)       96.05      (6.0%)    1.7% (  -8% -   12%) 0.431
                           range     6404.21      (8.1%)     6524.54      (9.0%)    1.9% ( -14% -   20%) 0.575
                         Respell       63.23      (6.7%)       64.70      (6.1%)    2.3% (  -9% -   16%) 0.355
                    OrNotHighMed      992.29     (11.2%)     1024.30      (6.7%)    3.2% ( -13% -   23%) 0.372
          OrHighMedDayTaxoFacets       14.93      (8.0%)       15.46      (5.2%)    3.5% (  -8% -   18%) 0.181
            HighIntervalsOrdered       79.15      (6.5%)       82.08      (3.9%)    3.7% (  -6% -   15%) 0.078
                          Fuzzy2       80.02      (4.8%)       83.09      (6.6%)    3.8% (  -7% -   16%) 0.091
                 MedSloppyPhrase      208.57     (10.4%)      216.66      (9.6%)    3.9% ( -14% -   26%) 0.325
                    HighSpanNear       57.66      (3.9%)       60.04      (5.0%)    4.1% (  -4% -   13%) 0.019
           HighTermDayOfYearSort      417.33      (7.9%)      447.52      (8.5%)    7.2% (  -8% -   25%) 0.025
     BrowseRandomLabelTaxoFacets       12.14      (5.0%)       13.64     (37.6%)   12.3% ( -28% -   57%) 0.241
            BrowseDateTaxoFacets       14.74      (7.5%)       16.69     (45.4%)   13.2% ( -36% -   71%) 0.299
       BrowseDayOfYearTaxoFacets       15.36      (4.3%)       17.64     (50.4%)   14.8% ( -38% -   72%) 0.292
  iter 13
    armA:
      NOTE: using experimental CPU time profiler (see https://mostlynerdless.de/blog/2025/06/11/java-25s-new-cpu-time-profiler-1)
      log: /home/goankur/vsearch/logs/FAJc.armA.13 + stdout
      run: /usr/bin/perf stat -dd -e task-clock,cycles,instructions,cache-references,cache-misses,L1-dcache-loads,L1-dcache-load-misses,L1-icache-loads,L1-icache-load-misses,LLC-loads,LLC-load-misses,LLC-stores,LLC-store-misses,LLC-prefetches,LLC-prefetch-misses,faults,minor-faults,major-faults,branches,branch-misses,stalled-cycles-frontend,stalled-cycles-backend /home/goankur/jdk/corretto-25/bin/java -server -Xms2g -Xmx2g --add-modules jdk.incubator.vector -XX:+HeapDumpOnOutOfMemoryError -XX:+UseParallelGC -XX:StartFlightRecording=jdk.CPUTimeSample#enabled=true,dumponexit=true,maxsize=250M,settings=/home/goankur/vsearch/util/src/python/profiling.jfc,filename=/home/goankur/vsearch/logs/bench-search-FAJc-armA-13.jfr -XX:+UnlockDiagnosticVMOptions -XX:+DebugNonSafepoints -classpath /home/goankur/vsearch/bo/lucene-A/lucene/core/build/libs/lucene-core-11.0.0-SNAPSHOT.jar:/home/goankur/vsearch/bo/lucene-A/lucene/sandbox/build/classes/java/main:/home/goankur/vsearch/bo/lucene-A/lucene/misc/build/classes/java/main:/home/goankur/vsearch/bo/lucene-A/lucene/facet/build/classes/java/main:/home/goankur/vsearch/bo/lucene-A/lucene/analysis/common/build/classes/java/main:/home/goankur/vsearch/bo/lucene-A/lucene/analysis/icu/build/classes/java/main:/home/goankur/vsearch/bo/lucene-A/lucene/queryparser/build/classes/java/main:/home/goankur/vsearch/bo/lucene-A/lucene/grouping/build/classes/java/main:/home/goankur/vsearch/bo/lucene-A/lucene/suggest/build/classes/java/main:/home/goankur/vsearch/bo/lucene-A/lucene/highlighter/build/classes/java/main:/home/goankur/vsearch/bo/lucene-A/lucene/codecs/build/classes/java/main:/home/goankur/vsearch/bo/lucene-A/lucene/queries/build/classes/java/main:/home/goankur/vsearch/bo/lucene-A/lucene/join/build/classes/java/main:/home/goankur/vsearch/bo/lucene-A/lucene/spatial3d/build/classes/java/main:/home/goankur/vsearch/util/lib/HdrHistogram.jar:/home/goankur/vsearch/util/src/main/build/classes/java/main:/home/goankur/vsearch/util/build perf.SearchPerfTest -dirImpl MMapDirectory -indexPath /home/goankur/vsearch/indices/wikimedium10m.lucene-A.facets.taxonomy:Date.taxonomy:Month.taxonomy:DayOfYear.sortedset:Date.sortedset:Month.sortedset:DayOfYear.taxonomy:RandomLabel.sortedset:RandomLabel.Lucene90.Lucene104.dvfields.nd10M -facets taxonomy:Date;Date -facets taxonomy:Month;Month -facets taxonomy:DayOfYear;DayOfYear -facets sortedset:Date;Date -facets sortedset:Month;Month -facets sortedset:DayOfYear;DayOfYear -facets taxonomy:RandomLabel;RandomLabel -facets sortedset:RandomLabel;RandomLabel -analyzer StandardAnalyzer -taskSource /home/goankur/vsearch/util/tasks/wikimedium.10M.nostopwords.tasks -numConcurrentQueries 5 -taskRepeatCount 20 -field body -tasksPerCat 1 -searchConcurrency -1 -staticSeed -8586789 -seed -4984063 -similarity BM25Similarity -commit multi -hiliteImpl FastVectorHighlighter -log /home/goankur/vsearch/logs/FAJc.armA.13 -topN 100 -context  -pk -pollute
      9.6 s
      245.5 actual sustained QPS; -1.0 CPU cores used
    armJ:
      NOTE: using experimental CPU time profiler (see https://mostlynerdless.de/blog/2025/06/11/java-25s-new-cpu-time-profiler-1)
      log: /home/goankur/vsearch/logs/FAJc.armJ.13 + stdout
      run: /usr/bin/perf stat -dd -e task-clock,cycles,instructions,cache-references,cache-misses,L1-dcache-loads,L1-dcache-load-misses,L1-icache-loads,L1-icache-load-misses,LLC-loads,LLC-load-misses,LLC-stores,LLC-store-misses,LLC-prefetches,LLC-prefetch-misses,faults,minor-faults,major-faults,branches,branch-misses,stalled-cycles-frontend,stalled-cycles-backend /home/goankur/jdk/corretto-25/bin/java -server -Xms2g -Xmx2g --add-modules jdk.incubator.vector -XX:+HeapDumpOnOutOfMemoryError -XX:+UseParallelGC -XX:StartFlightRecording=jdk.CPUTimeSample#enabled=true,dumponexit=true,maxsize=250M,settings=/home/goankur/vsearch/util/src/python/profiling.jfc,filename=/home/goankur/vsearch/logs/bench-search-FAJc-armJ-13.jfr -XX:+UnlockDiagnosticVMOptions -XX:+DebugNonSafepoints -classpath /home/goankur/vsearch/bo/lucene-J/lucene/core/build/libs/lucene-core-11.0.0-SNAPSHOT.jar:/home/goankur/vsearch/bo/lucene-J/lucene/sandbox/build/classes/java/main:/home/goankur/vsearch/bo/lucene-J/lucene/misc/build/classes/java/main:/home/goankur/vsearch/bo/lucene-J/lucene/facet/build/classes/java/main:/home/goankur/vsearch/bo/lucene-J/lucene/analysis/common/build/classes/java/main:/home/goankur/vsearch/bo/lucene-J/lucene/analysis/icu/build/classes/java/main:/home/goankur/vsearch/bo/lucene-J/lucene/queryparser/build/classes/java/main:/home/goankur/vsearch/bo/lucene-J/lucene/grouping/build/classes/java/main:/home/goankur/vsearch/bo/lucene-J/lucene/suggest/build/classes/java/main:/home/goankur/vsearch/bo/lucene-J/lucene/highlighter/build/classes/java/main:/home/goankur/vsearch/bo/lucene-J/lucene/codecs/build/classes/java/main:/home/goankur/vsearch/bo/lucene-J/lucene/queries/build/classes/java/main:/home/goankur/vsearch/bo/lucene-J/lucene/join/build/classes/java/main:/home/goankur/vsearch/bo/lucene-J/lucene/spatial3d/build/classes/java/main:/home/goankur/vsearch/util/lib/HdrHistogram.jar:/home/goankur/vsearch/util/src/main/build/classes/java/main:/home/goankur/vsearch/util/build perf.SearchPerfTest -dirImpl MMapDirectory -indexPath /home/goankur/vsearch/indices/wikimedium10m.lucene-A.facets.taxonomy:Date.taxonomy:Month.taxonomy:DayOfYear.sortedset:Date.sortedset:Month.sortedset:DayOfYear.taxonomy:RandomLabel.sortedset:RandomLabel.Lucene90.Lucene104.dvfields.nd10M -facets taxonomy:Date;Date -facets taxonomy:Month;Month -facets taxonomy:DayOfYear;DayOfYear -facets sortedset:Date;Date -facets sortedset:Month;Month -facets sortedset:DayOfYear;DayOfYear -facets taxonomy:RandomLabel;RandomLabel -facets sortedset:RandomLabel;RandomLabel -analyzer StandardAnalyzer -taskSource /home/goankur/vsearch/util/tasks/wikimedium.10M.nostopwords.tasks -numConcurrentQueries 5 -taskRepeatCount 20 -field body -tasksPerCat 1 -searchConcurrency -1 -staticSeed -8586789 -seed -4984063 -similarity BM25Similarity -commit multi -hiliteImpl FastVectorHighlighter -log /home/goankur/vsearch/logs/FAJc.armJ.13 -topN 100 -context  -pk -pollute
      9.8 s
      236.6 actual sustained QPS; -1.0 CPU cores used

Report after iter 13:
QPSChart.supported == False
                            Task     P50 B     P50 C     Diff     P90 B     P90 C     Diff     P99 B     P99 C     Diff    P999 B    P999 C     Diff    P100 B    P100 C     Diff
           ('AndHighHigh', None)     1.727     1.543   -10.6%     4.530     4.080    -9.9%     6.990    11.911    70.4%     6.990    11.911    70.4%    16.397    12.387   -24.5%
('AndHighHighDayTaxoFacets', None)    34.248    32.157    -6.1%    45.333    54.524    20.3%   124.725    96.169   -22.9%   124.725    96.169   -22.9%   166.124   222.495    33.9%
            ('AndHighLow', None)     0.450     0.426    -5.2%     2.065    11.117   438.4%     2.165    17.704   717.7%     2.165    17.704   717.7%    55.597    50.506    -9.2%
            ('AndHighMed', None)     1.206     1.282     6.4%     5.346     3.248   -39.2%     8.814     4.337   -50.8%     8.814     4.337   -50.8%     9.550     4.956   -48.1%
('AndHighMedDayTaxoFacets', None)     3.849     4.044     5.1%     7.987    10.727    34.3%    11.328    24.279   114.3%    11.328    24.279   114.3%   171.354   171.437     0.0%
     ('AndMissingHigh', 'Title')     0.317     0.304    -4.0%     0.700     0.648    -7.4%     0.862     0.716   -16.9%     0.862     0.716   -16.9%     3.968     5.309    33.8%
              ('BM25MSM2', None)    18.655    18.009    -3.5%    58.760    31.111   -47.1%    96.817    41.974   -56.6%    96.817    41.974   -56.6%   213.292   146.169   -31.5%
  ('BrowseDateSSDVFacets', None)   343.376   340.599    -0.8%   366.431   388.643     6.1%   376.292   393.411     4.5%   376.292   393.411     4.5%   617.246   599.587    -2.9%
  ('BrowseDateTaxoFacets', None)    65.059    74.054    13.8%    74.909    89.884    20.0%    85.311    99.033    16.1%    85.311    99.033    16.1%    90.816   113.510    25.0%
('BrowseDayOfYearSSDVFacets', None)    67.501    74.136     9.8%    86.774    89.344     3.0%    88.109    92.024     4.4%    88.109    92.024     4.4%   101.854   188.468    85.0%
('BrowseDayOfYearTaxoFacets', None)    64.292    65.603     2.0%    76.264    81.916     7.4%    84.869    86.320     1.7%    84.869    86.320     1.7%   127.495   170.353    33.6%
 ('BrowseMonthSSDVFacets', None)    65.511    67.273     2.7%    76.226    95.580    25.4%    79.911   103.697    29.8%    79.911   103.697    29.8%   184.949   196.539     6.3%
 ('BrowseMonthTaxoFacets', None)    27.705    27.850     0.5%    70.959    74.779     5.4%    84.781    75.659   -10.8%    84.781    75.659   -10.8%   297.872   325.620     9.3%
('BrowseRandomLabelSSDVFacets', None)    92.303    94.583     2.5%   144.052   138.462    -3.9%   162.495   177.656     9.3%   162.495   177.656     9.3%   398.312   385.456    -3.2%
('BrowseRandomLabelTaxoFacets', None)    81.229    88.997     9.6%    96.743   105.737     9.3%   112.534   132.854    18.1%   112.534   132.854    18.1%   257.490   159.130   -38.2%
             ('ConstMSM2', None)     0.903     0.879    -2.6%     1.882     1.636   -13.1%     2.412    10.661   342.0%     2.412    10.661   342.0%    25.962    11.472   -55.8%
                ('Fuzzy1', None)    12.731    13.824     8.6%    21.795    22.788     4.6%    23.761    23.545    -0.9%    23.761    23.545    -0.9%    81.293   104.835    29.0%
                ('Fuzzy2', None)    13.132    13.421     2.2%    17.186    19.471    13.3%    46.046    63.672    38.3%    46.046    63.672    38.3%    96.121   121.163    26.1%
  ('HighIntervalsOrdered', None)    12.477    12.013    -3.7%    20.840    36.407    74.7%    21.799    44.805   105.5%    21.799    44.805   105.5%   155.808   149.948    -3.8%
            ('HighPhrase', None)    10.855    10.742    -1.0%    15.153    15.685     3.5%    20.128    32.779    62.8%    20.128    32.779    62.8%   163.871   173.749     6.0%
      ('HighSloppyPhrase', None)    10.848    11.924     9.9%    23.741    17.301   -27.1%    34.596    30.531   -11.7%    34.596    30.531   -11.7%   129.833    81.551   -37.2%
          ('HighSpanNear', None)    17.977    16.783    -6.6%    25.995    25.024    -3.7%    28.655    40.177    40.2%    28.655    40.177    40.2%    46.903    48.786     4.0%
              ('HighTerm', None)     1.225     0.987   -19.4%     2.487     3.745    50.6%     3.521     6.062    72.2%     3.521     6.062    72.2%    11.356     9.094   -19.9%
('HighTermDayOfYearSort', 'DayOfYear')     2.931     2.985     1.9%     8.714     5.288   -39.3%     9.236     6.521   -29.4%     9.236     6.521   -29.4%    66.029    63.080    -4.5%
  ('HighTermMonthSort', 'Month')     0.769     0.792     3.0%     3.367     3.414     1.4%     3.681     4.557    23.8%     3.681     4.557    23.8%     7.775     8.824    13.5%
('HighTermTitleBDVSort', 'TitleBinary')     8.902     8.965     0.7%    16.056    19.014    18.4%    28.780    19.263   -33.1%    28.780    19.263   -33.1%   192.684    68.110   -64.7%
  ('HighTermTitleSort', 'Title')    10.155     8.310   -18.2%    26.325    42.574    61.7%    44.807    57.372    28.0%    44.807    57.372    28.0%    58.121    68.848    18.5%
                ('IntNRQ', None)     1.569     1.426    -9.1%     4.897     4.278   -12.6%     5.356     5.699     6.4%     5.356     5.699     6.4%   130.003   120.519    -7.3%
                ('IntSet', None)     1.508     1.451    -3.8%     9.995     6.511   -34.9%    23.416     8.740   -62.7%    23.416     8.740   -62.7%    42.115    97.782   132.2%
   ('LowIntervalsOrdered', None)    14.222    14.454     1.6%    20.129    22.768    13.1%    25.998    35.624    37.0%    25.998    35.624    37.0%   101.430   140.195    38.2%
             ('LowPhrase', None)    11.548    11.463    -0.7%    16.115    19.287    19.7%    17.430    20.452    17.3%    17.430    20.452    17.3%    24.618    21.298   -13.5%
       ('LowSloppyPhrase', None)    11.806    11.032    -6.6%    22.990    29.220    27.1%    47.061    39.749   -15.5%    47.061    39.749   -15.5%   156.099   159.455     2.1%
           ('LowSpanNear', None)    10.199     9.402    -7.8%    15.830    15.028    -5.1%    18.870    18.484    -2.0%    18.870    18.484    -2.0%    25.468    24.569    -3.5%
               ('LowTerm', None)     0.536     0.509    -5.2%     1.317     0.917   -30.4%     9.483     2.067   -78.2%     9.483     2.067   -78.2%    40.219    42.533     5.8%
   ('MedIntervalsOrdered', None)    10.074     9.948    -1.3%    12.224    13.394     9.6%    14.957    14.980     0.2%    14.957    14.980     0.2%    15.993    19.489    21.9%
             ('MedPhrase', None)     5.530     5.395    -2.4%    10.051     9.161    -8.9%    15.788     9.758   -38.2%    15.788     9.758   -38.2%    18.599    37.057    99.2%
       ('MedSloppyPhrase', None)     4.513     5.450    20.8%     7.075    11.732    65.8%    10.133    12.852    26.8%    10.133    12.852    26.8%    21.484    20.540    -4.4%
           ('MedSpanNear', None)     5.885     5.166   -12.2%    17.184     9.164   -46.7%    23.541     9.685   -58.9%    23.541     9.685   -58.9%    67.739    74.382     9.8%
               ('MedTerm', None)     0.589     0.648    10.1%     2.990     2.696    -9.8%    12.435     3.432   -72.4%    12.435     3.432   -72.4%    15.213     4.258   -72.0%
  ('MedTermDayTaxoFacets', None)    11.376    11.451     0.7%    26.253    16.690   -36.4%    27.045    24.592    -9.1%    27.045    24.592    -9.1%    28.893    28.483    -1.4%
            ('OrHighHigh', None)     2.190     2.307     5.3%     6.407     4.536   -29.2%    21.182     8.975   -57.6%    21.182     8.975   -57.6%   167.581   159.200    -5.0%
             ('OrHighLow', None)     0.956     0.850   -11.0%     1.833     2.217    20.9%     5.579     3.265   -41.5%     5.579     3.265   -41.5%     6.797     5.997   -11.8%
             ('OrHighMed', None)     1.097     0.988    -9.9%     3.285     2.211   -32.7%     7.146     4.148   -42.0%     7.146     4.148   -42.0%     8.706     8.972     3.1%
('OrHighMedDayTaxoFacets', None)    72.024    66.361    -7.9%    86.240   101.076    17.2%   202.266   269.369    33.2%   202.266   269.369    33.2%   458.558   481.386     5.0%
         ('OrHighNotHigh', None)     1.361     1.348    -1.0%     3.834     2.946   -23.2%     9.185     2.977   -67.6%     9.185     2.977   -67.6%    29.428    22.130   -24.8%
          ('OrHighNotLow', None)     1.766     2.292    29.8%    18.340     7.826   -57.3%    20.102    17.797   -11.5%    20.102    17.797   -11.5%    20.781    21.148     1.8%
          ('OrHighNotMed', None)     1.536     1.415    -7.8%     2.990     2.441   -18.4%     3.654     4.886    33.7%     3.654     4.886    33.7%    12.376     8.291   -33.0%
         ('OrNotHighHigh', None)     1.316     1.421     8.0%     3.663     3.041   -17.0%     9.122     3.182   -65.1%     9.122     3.182   -65.1%    14.972    14.507    -3.1%
          ('OrNotHighLow', None)     0.631     0.610    -3.3%     1.147     1.649    43.8%     1.316     2.242    70.3%     1.316     2.242    70.3%    15.283     4.500   -70.6%
          ('OrNotHighMed', None)     1.028     0.969    -5.7%     2.688     4.544    69.0%     4.133     5.442    31.7%     4.133     5.442    31.7%    13.932     8.189   -41.2%
                   ('PKLookup',)     5.781     4.572   -20.9%    10.359     8.022   -22.6%    15.711     9.395   -40.2%    15.711     9.395   -40.2%    28.881    40.763    41.1%
               ('Prefix3', None)     1.226     1.234     0.6%     7.996     4.457   -44.3%     9.952     6.690   -32.8%     9.952     6.690   -32.8%    19.471    21.812    12.0%
                    ('Respell',)    16.855    18.244     8.2%    27.706    22.952   -17.2%    32.676    53.637    64.1%    32.676    53.637    64.1%   144.148   196.674    36.4%
('TermDateTimeSort', 'DateTime')     2.836     2.817    -0.7%     5.081     7.519    48.0%     8.646    13.041    50.8%     8.646    13.041    50.8%    59.397    78.101    31.5%
              ('Wildcard', None)     5.177     5.467     5.6%    16.932    12.354   -27.0%    18.621    31.585    69.6%    18.621    31.585    69.6%    25.980    46.877    80.4%
                 ('range', None)     0.183     0.170    -6.9%     0.414     0.494    19.5%     0.677     0.531   -21.5%     0.677     0.531   -21.5%    10.422     7.010   -32.7%
                            Task    QPS armA      StdDev    QPS armJ      StdDev                Pct diff p-value
                    OrNotHighLow     1825.67      (7.0%)     1713.99      (5.7%)   -6.1% ( -17% -    7%) 0.011
                    OrHighNotLow      578.89      (7.5%)      543.99     (10.4%)   -6.0% ( -22% -   12%) 0.080
                          Fuzzy1       88.48      (8.5%)       83.60      (6.9%)   -5.5% ( -19% -   10%) 0.058
                      AndHighMed      962.77      (4.7%)      920.12      (6.5%)   -4.4% ( -14% -    7%) 0.039
                       OrHighMed     1162.62      (7.2%)     1111.47     (10.0%)   -4.4% ( -20% -   13%) 0.180
                         MedTerm     1697.63      (7.1%)     1637.27      (6.0%)   -3.6% ( -15% -   10%) 0.152
       BrowseDayOfYearSSDVFacets       15.74      (5.0%)       15.26      (6.0%)   -3.1% ( -13% -    8%) 0.145
                      AndHighLow     2368.48      (8.0%)     2300.77      (5.1%)   -2.9% ( -14% -   11%) 0.262
                         LowTerm     2348.51      (5.6%)     2287.31     (10.8%)   -2.6% ( -17% -   14%) 0.422
                    OrHighNotMed      886.38     (10.9%)      867.25     (11.4%)   -2.2% ( -22% -   22%) 0.610
                       OrHighLow     1225.70      (5.6%)     1199.51      (8.5%)   -2.1% ( -15% -   12%) 0.432
         AndHighMedDayTaxoFacets      273.43      (7.4%)      268.89      (5.5%)   -1.7% ( -13% -   12%) 0.503
                     AndHighHigh      569.90     (16.3%)      562.20     (13.8%)   -1.4% ( -27% -   34%) 0.813
           BrowseMonthSSDVFacets       16.51      (8.1%)       16.30      (9.2%)   -1.3% ( -17% -   17%) 0.698
                        HighTerm      904.97      (5.0%)      894.24      (9.8%)   -1.2% ( -15% -   14%) 0.688
                   OrNotHighHigh      695.31     (12.7%)      687.13     (12.3%)   -1.2% ( -23% -   27%) 0.803
                      OrHighHigh      464.61     (10.0%)      460.09     (12.0%)   -1.0% ( -20% -   23%) 0.816
                       LowPhrase       90.07      (4.5%)       89.53      (3.1%)   -0.6% (  -7% -    7%) 0.684
                   OrHighNotHigh      768.69      (6.0%)      764.40      (8.9%)   -0.6% ( -14% -   15%) 0.846
           BrowseMonthTaxoFacets       36.09     (20.5%)       35.90     (29.3%)   -0.5% ( -41% -   62%) 0.958
            BrowseDateSSDVFacets        2.79      (6.4%)        2.78      (6.1%)   -0.4% ( -12% -   13%) 0.877
             LowIntervalsOrdered       70.86      (3.6%)       70.66      (3.5%)   -0.3% (  -7% -    7%) 0.831
               HighTermMonthSort     1467.73      (6.5%)     1469.20      (7.2%)    0.1% ( -12% -   14%) 0.969
                      HighPhrase       92.79      (2.9%)       92.89      (2.3%)    0.1% (  -5% -    5%) 0.912
                     LowSpanNear      108.22      (4.3%)      108.39      (3.4%)    0.2% (  -7% -    8%) 0.911
                        Wildcard      192.80      (2.1%)      193.13      (2.5%)    0.2% (  -4% -    4%) 0.848
                       ConstMSM2     1302.03      (5.0%)     1306.13      (6.2%)    0.3% ( -10% -   12%) 0.882
                          IntNRQ      715.69     (12.0%)      718.15     (10.6%)    0.3% ( -19% -   26%) 0.936
                  AndMissingHigh     3562.40      (8.8%)     3575.41      (6.4%)    0.4% ( -13% -   17%) 0.900
                 LowSloppyPhrase       92.04      (4.1%)       92.39      (3.2%)    0.4% (  -6% -    7%) 0.785
        AndHighHighDayTaxoFacets       33.46      (6.5%)       33.59      (6.2%)    0.4% ( -11% -   14%) 0.869
                          IntSet      706.90      (8.4%)      710.57      (8.3%)    0.5% ( -14% -   18%) 0.869
                     MedSpanNear      169.68      (9.6%)      170.57      (9.7%)    0.5% ( -17% -   21%) 0.885
                         Prefix3      961.07     (12.3%)      966.15     (13.0%)    0.5% ( -21% -   29%) 0.912
                        PKLookup      207.13     (12.1%)      208.25      (8.1%)    0.5% ( -17% -   23%) 0.889
             MedIntervalsOrdered      101.97      (7.6%)      102.56      (7.8%)    0.6% ( -13% -   17%) 0.842
     BrowseRandomLabelSSDVFacets       11.12      (4.4%)       11.20      (5.4%)    0.7% (  -8% -   11%) 0.697
                       MedPhrase      179.27      (4.6%)      180.58      (3.4%)    0.7% (  -7% -    9%) 0.634
                HighSloppyPhrase       91.15      (3.1%)       91.89      (4.0%)    0.8% (  -6% -    8%) 0.550
            HighTermTitleBDVSort      111.01      (5.7%)      111.93      (2.5%)    0.8% (  -6% -    9%) 0.618
                        BM25MSM2       57.45      (7.6%)       57.98      (5.2%)    0.9% ( -11% -   14%) 0.711
            MedTermDayTaxoFacets       94.40      (4.5%)       95.55      (6.1%)    1.2% (  -8% -   12%) 0.550
                 MedSloppyPhrase      211.70     (11.3%)      215.37      (9.4%)    1.7% ( -17% -   25%) 0.660
                      TermDTSort      438.53      (6.5%)      446.31      (6.0%)    1.8% ( -10% -   15%) 0.455
                         Respell       63.12      (6.5%)       64.64      (5.8%)    2.4% (  -9% -   15%) 0.303
               HighTermTitleSort      123.05      (7.0%)      126.05      (9.2%)    2.4% ( -12% -   20%) 0.429
                           range     6366.57      (8.1%)     6526.49      (8.7%)    2.5% ( -13% -   21%) 0.429
                    OrNotHighMed      998.66     (10.9%)     1029.88      (6.7%)    3.1% ( -13% -   23%) 0.362
                          Fuzzy2       79.81      (4.8%)       82.66      (6.7%)    3.6% (  -7% -   15%) 0.102
            HighIntervalsOrdered       79.29      (6.3%)       82.25      (3.8%)    3.7% (  -5% -   14%) 0.057
          OrHighMedDayTaxoFacets       14.88      (7.9%)       15.47      (5.0%)    4.0% (  -8% -   18%) 0.109
                    HighSpanNear       57.62      (3.7%)       60.17      (4.9%)    4.4% (  -4% -   13%) 0.007
           HighTermDayOfYearSort      420.08      (7.9%)      440.31     (10.4%)    4.8% ( -12% -   25%) 0.167
     BrowseRandomLabelTaxoFacets       12.15      (4.8%)       13.48     (36.4%)   10.9% ( -28% -   54%) 0.266
            BrowseDateTaxoFacets       14.79      (7.3%)       16.49     (43.8%)   11.5% ( -36% -   67%) 0.330
       BrowseDayOfYearTaxoFacets       15.37      (4.1%)       17.47     (48.6%)   13.6% ( -37% -   69%) 0.296
  iter 14
    armJ:
      NOTE: using experimental CPU time profiler (see https://mostlynerdless.de/blog/2025/06/11/java-25s-new-cpu-time-profiler-1)
      log: /home/goankur/vsearch/logs/FAJc.armJ.14 + stdout
      run: /usr/bin/perf stat -dd -e task-clock,cycles,instructions,cache-references,cache-misses,L1-dcache-loads,L1-dcache-load-misses,L1-icache-loads,L1-icache-load-misses,LLC-loads,LLC-load-misses,LLC-stores,LLC-store-misses,LLC-prefetches,LLC-prefetch-misses,faults,minor-faults,major-faults,branches,branch-misses,stalled-cycles-frontend,stalled-cycles-backend /home/goankur/jdk/corretto-25/bin/java -server -Xms2g -Xmx2g --add-modules jdk.incubator.vector -XX:+HeapDumpOnOutOfMemoryError -XX:+UseParallelGC -XX:StartFlightRecording=jdk.CPUTimeSample#enabled=true,dumponexit=true,maxsize=250M,settings=/home/goankur/vsearch/util/src/python/profiling.jfc,filename=/home/goankur/vsearch/logs/bench-search-FAJc-armJ-14.jfr -XX:+UnlockDiagnosticVMOptions -XX:+DebugNonSafepoints -classpath /home/goankur/vsearch/bo/lucene-J/lucene/core/build/libs/lucene-core-11.0.0-SNAPSHOT.jar:/home/goankur/vsearch/bo/lucene-J/lucene/sandbox/build/classes/java/main:/home/goankur/vsearch/bo/lucene-J/lucene/misc/build/classes/java/main:/home/goankur/vsearch/bo/lucene-J/lucene/facet/build/classes/java/main:/home/goankur/vsearch/bo/lucene-J/lucene/analysis/common/build/classes/java/main:/home/goankur/vsearch/bo/lucene-J/lucene/analysis/icu/build/classes/java/main:/home/goankur/vsearch/bo/lucene-J/lucene/queryparser/build/classes/java/main:/home/goankur/vsearch/bo/lucene-J/lucene/grouping/build/classes/java/main:/home/goankur/vsearch/bo/lucene-J/lucene/suggest/build/classes/java/main:/home/goankur/vsearch/bo/lucene-J/lucene/highlighter/build/classes/java/main:/home/goankur/vsearch/bo/lucene-J/lucene/codecs/build/classes/java/main:/home/goankur/vsearch/bo/lucene-J/lucene/queries/build/classes/java/main:/home/goankur/vsearch/bo/lucene-J/lucene/join/build/classes/java/main:/home/goankur/vsearch/bo/lucene-J/lucene/spatial3d/build/classes/java/main:/home/goankur/vsearch/util/lib/HdrHistogram.jar:/home/goankur/vsearch/util/src/main/build/classes/java/main:/home/goankur/vsearch/util/build perf.SearchPerfTest -dirImpl MMapDirectory -indexPath /home/goankur/vsearch/indices/wikimedium10m.lucene-A.facets.taxonomy:Date.taxonomy:Month.taxonomy:DayOfYear.sortedset:Date.sortedset:Month.sortedset:DayOfYear.taxonomy:RandomLabel.sortedset:RandomLabel.Lucene90.Lucene104.dvfields.nd10M -facets taxonomy:Date;Date -facets taxonomy:Month;Month -facets taxonomy:DayOfYear;DayOfYear -facets sortedset:Date;Date -facets sortedset:Month;Month -facets sortedset:DayOfYear;DayOfYear -facets taxonomy:RandomLabel;RandomLabel -facets sortedset:RandomLabel;RandomLabel -analyzer StandardAnalyzer -taskSource /home/goankur/vsearch/util/tasks/wikimedium.10M.nostopwords.tasks -numConcurrentQueries 5 -taskRepeatCount 20 -field body -tasksPerCat 1 -searchConcurrency -1 -staticSeed -8586789 -seed -1312349 -similarity BM25Similarity -commit multi -hiliteImpl FastVectorHighlighter -log /home/goankur/vsearch/logs/FAJc.armJ.14 -topN 100 -context  -pk -pollute
      9.8 s
      224.2 actual sustained QPS; -1.0 CPU cores used
    armA:
      NOTE: using experimental CPU time profiler (see https://mostlynerdless.de/blog/2025/06/11/java-25s-new-cpu-time-profiler-1)
      log: /home/goankur/vsearch/logs/FAJc.armA.14 + stdout
      run: /usr/bin/perf stat -dd -e task-clock,cycles,instructions,cache-references,cache-misses,L1-dcache-loads,L1-dcache-load-misses,L1-icache-loads,L1-icache-load-misses,LLC-loads,LLC-load-misses,LLC-stores,LLC-store-misses,LLC-prefetches,LLC-prefetch-misses,faults,minor-faults,major-faults,branches,branch-misses,stalled-cycles-frontend,stalled-cycles-backend /home/goankur/jdk/corretto-25/bin/java -server -Xms2g -Xmx2g --add-modules jdk.incubator.vector -XX:+HeapDumpOnOutOfMemoryError -XX:+UseParallelGC -XX:StartFlightRecording=jdk.CPUTimeSample#enabled=true,dumponexit=true,maxsize=250M,settings=/home/goankur/vsearch/util/src/python/profiling.jfc,filename=/home/goankur/vsearch/logs/bench-search-FAJc-armA-14.jfr -XX:+UnlockDiagnosticVMOptions -XX:+DebugNonSafepoints -classpath /home/goankur/vsearch/bo/lucene-A/lucene/core/build/libs/lucene-core-11.0.0-SNAPSHOT.jar:/home/goankur/vsearch/bo/lucene-A/lucene/sandbox/build/classes/java/main:/home/goankur/vsearch/bo/lucene-A/lucene/misc/build/classes/java/main:/home/goankur/vsearch/bo/lucene-A/lucene/facet/build/classes/java/main:/home/goankur/vsearch/bo/lucene-A/lucene/analysis/common/build/classes/java/main:/home/goankur/vsearch/bo/lucene-A/lucene/analysis/icu/build/classes/java/main:/home/goankur/vsearch/bo/lucene-A/lucene/queryparser/build/classes/java/main:/home/goankur/vsearch/bo/lucene-A/lucene/grouping/build/classes/java/main:/home/goankur/vsearch/bo/lucene-A/lucene/suggest/build/classes/java/main:/home/goankur/vsearch/bo/lucene-A/lucene/highlighter/build/classes/java/main:/home/goankur/vsearch/bo/lucene-A/lucene/codecs/build/classes/java/main:/home/goankur/vsearch/bo/lucene-A/lucene/queries/build/classes/java/main:/home/goankur/vsearch/bo/lucene-A/lucene/join/build/classes/java/main:/home/goankur/vsearch/bo/lucene-A/lucene/spatial3d/build/classes/java/main:/home/goankur/vsearch/util/lib/HdrHistogram.jar:/home/goankur/vsearch/util/src/main/build/classes/java/main:/home/goankur/vsearch/util/build perf.SearchPerfTest -dirImpl MMapDirectory -indexPath /home/goankur/vsearch/indices/wikimedium10m.lucene-A.facets.taxonomy:Date.taxonomy:Month.taxonomy:DayOfYear.sortedset:Date.sortedset:Month.sortedset:DayOfYear.taxonomy:RandomLabel.sortedset:RandomLabel.Lucene90.Lucene104.dvfields.nd10M -facets taxonomy:Date;Date -facets taxonomy:Month;Month -facets taxonomy:DayOfYear;DayOfYear -facets sortedset:Date;Date -facets sortedset:Month;Month -facets sortedset:DayOfYear;DayOfYear -facets taxonomy:RandomLabel;RandomLabel -facets sortedset:RandomLabel;RandomLabel -analyzer StandardAnalyzer -taskSource /home/goankur/vsearch/util/tasks/wikimedium.10M.nostopwords.tasks -numConcurrentQueries 5 -taskRepeatCount 20 -field body -tasksPerCat 1 -searchConcurrency -1 -staticSeed -8586789 -seed -1312349 -similarity BM25Similarity -commit multi -hiliteImpl FastVectorHighlighter -log /home/goankur/vsearch/logs/FAJc.armA.14 -topN 100 -context  -pk -pollute
      9.9 s
      227.3 actual sustained QPS; -1.0 CPU cores used

Report after iter 14:
QPSChart.supported == False
                            Task     P50 B     P50 C     Diff     P90 B     P90 C     Diff     P99 B     P99 C     Diff    P999 B    P999 C     Diff    P100 B    P100 C     Diff
           ('AndHighHigh', None)     1.873     1.603   -14.4%     5.102     8.499    66.6%     9.223    15.202    64.8%     9.223    15.202    64.8%    18.209    47.601   161.4%
('AndHighHighDayTaxoFacets', None)    28.800    26.935    -6.5%    47.217    31.621   -33.0%    47.692    53.971    13.2%    47.692    53.971    13.2%   160.422   174.547     8.8%
            ('AndHighLow', None)     0.599     0.524   -12.5%     1.586     1.200   -24.3%     1.865     1.345   -27.9%     1.865     1.345   -27.9%     2.523     1.807   -28.4%
            ('AndHighMed', None)     1.140     1.034    -9.3%     3.294     2.730   -17.1%     3.358     4.654    38.6%     3.358     4.654    38.6%    76.674   107.730    40.5%
('AndHighMedDayTaxoFacets', None)     3.493     3.439    -1.5%    12.057    10.548   -12.5%    18.077    12.546   -30.6%    18.077    12.546   -30.6%   111.124   109.451    -1.5%
     ('AndMissingHigh', 'Title')     0.297     0.277    -6.7%     0.801     0.570   -28.8%     1.204     0.764   -36.5%     1.204     0.764   -36.5%    15.103    16.101     6.6%
              ('BM25MSM2', None)    18.106    17.463    -3.6%    30.582    26.078   -14.7%    51.818    42.265   -18.4%    51.818    42.265   -18.4%   166.065   188.402    13.5%
  ('BrowseDateSSDVFacets', None)   396.328   386.030    -2.6%   437.777   451.775     3.2%   505.896   500.886    -1.0%   505.896   500.886    -1.0%   569.875   512.867   -10.0%
  ('BrowseDateTaxoFacets', None)    76.617    65.154   -15.0%    92.140    72.912   -20.9%    93.320    75.328   -19.3%    93.320    75.328   -19.3%    93.638    77.639   -17.1%
('BrowseDayOfYearSSDVFacets', None)    63.457    67.019     5.6%    83.498    86.060     3.1%    84.176    89.638     6.5%    84.176    89.638     6.5%   125.821   149.239    18.6%
('BrowseDayOfYearTaxoFacets', None)    76.991    63.606   -17.4%    87.348    76.037   -12.9%   106.590    77.114   -27.7%   106.590    77.114   -27.7%   256.885   353.225    37.5%
 ('BrowseMonthSSDVFacets', None)    60.529    60.736     0.3%    77.350    90.703    17.3%    88.009    99.074    12.6%    88.009    99.074    12.6%   109.007   149.690    37.3%
 ('BrowseMonthTaxoFacets', None)    26.687    25.787    -3.4%    75.895    38.499   -49.3%    87.732    70.754   -19.4%    87.732    70.754   -19.4%   196.365   199.613     1.7%
('BrowseRandomLabelSSDVFacets', None)    97.066    92.836    -4.4%   114.373   123.636     8.1%   127.257   165.236    29.8%   127.257   165.236    29.8%   235.345   312.910    33.0%
('BrowseRandomLabelTaxoFacets', None)    92.149    79.197   -14.1%   114.277    91.543   -19.9%   118.918    92.739   -22.0%   118.918    92.739   -22.0%   217.058   281.224    29.6%
             ('ConstMSM2', None)     0.847     0.832    -1.9%     1.581     1.370   -13.3%     6.618     4.281   -35.3%     6.618     4.281   -35.3%    13.987     9.067   -35.2%
                ('Fuzzy1', None)    12.633    12.738     0.8%    20.396    23.010    12.8%    39.086    36.845    -5.7%    39.086    36.845    -5.7%   168.964   200.003    18.4%
                ('Fuzzy2', None)    13.352    13.595     1.8%    22.868    19.962   -12.7%    24.619    29.956    21.7%    24.619    29.956    21.7%    58.752    59.065     0.5%
  ('HighIntervalsOrdered', None)    12.121    13.154     8.5%    22.635    26.032    15.0%    24.552    29.647    20.7%    24.552    29.647    20.7%   124.294   150.146    20.8%
            ('HighPhrase', None)    11.955    10.878    -9.0%    20.043    16.703   -16.7%    22.146    20.022    -9.6%    22.146    20.022    -9.6%    69.142    80.158    15.9%
      ('HighSloppyPhrase', None)    10.533    11.573     9.9%    22.111    17.250   -22.0%    26.273    18.001   -31.5%    26.273    18.001   -31.5%    59.348    39.140   -34.1%
          ('HighSpanNear', None)    16.006    17.680    10.5%    27.456    26.879    -2.1%    42.939    32.283   -24.8%    42.939    32.283   -24.8%    48.340    43.872    -9.2%
              ('HighTerm', None)     1.080     1.064    -1.5%     2.618     3.450    31.8%     3.960     4.304     8.7%     3.960     4.304     8.7%    17.589     6.524   -62.9%
('HighTermDayOfYearSort', 'DayOfYear')     2.516     3.426    36.2%     7.716    14.571    88.8%    18.634    32.933    76.7%    18.634    32.933    76.7%    68.011    53.930   -20.7%
  ('HighTermMonthSort', 'Month')     0.721     0.882    22.2%     2.025     2.333    15.2%     4.791     3.448   -28.0%     4.791     3.448   -28.0%     6.079     4.234   -30.4%
('HighTermTitleBDVSort', 'TitleBinary')    10.165    12.802    25.9%    19.056    22.851    19.9%    20.605    22.972    11.5%    20.605    22.972    11.5%    72.264    58.860   -18.5%
  ('HighTermTitleSort', 'Title')     8.375     8.947     6.8%    28.320    25.333   -10.5%    38.564    28.603   -25.8%    38.564    28.603   -25.8%    41.465    63.252    52.5%
                ('IntNRQ', None)     1.414     1.511     6.9%     4.764     8.672    82.0%     5.078    10.200   100.9%     5.078    10.200   100.9%    71.857   185.969   158.8%
                ('IntSet', None)     1.734     1.935    11.6%    15.733    11.732   -25.4%    20.903    20.971     0.3%    20.903    20.971     0.3%    46.969    38.218   -18.6%
   ('LowIntervalsOrdered', None)    14.255    14.158    -0.7%    28.608    20.397   -28.7%    28.808    23.188   -19.5%    28.808    23.188   -19.5%    32.629    29.751    -8.8%
             ('LowPhrase', None)    12.840    11.257   -12.3%    20.808    18.308   -12.0%    27.648    26.089    -5.6%    27.648    26.089    -5.6%   131.217   125.491    -4.4%
       ('LowSloppyPhrase', None)    11.001    10.368    -5.7%    18.669    15.266   -18.2%    27.172    22.720   -16.4%    27.172    22.720   -16.4%   147.973   118.796   -19.7%
           ('LowSpanNear', None)     9.247     9.258     0.1%    17.767    14.162   -20.3%    20.765    24.389    17.5%    20.765    24.389    17.5%    53.627    57.254     6.8%
               ('LowTerm', None)     0.429     0.486    13.3%     1.173     0.664   -43.4%     2.592     2.069   -20.2%     2.592     2.069   -20.2%     3.787    10.617   180.4%
   ('MedIntervalsOrdered', None)     9.942    11.214    12.8%    14.113    12.747    -9.7%    15.741    13.441   -14.6%    15.741    13.441   -14.6%    40.519    16.045   -60.4%
             ('MedPhrase', None)     5.677     5.276    -7.1%    16.581    15.198    -8.3%    21.021    15.408   -26.7%    21.021    15.408   -26.7%    26.216    19.158   -26.9%
       ('MedSloppyPhrase', None)     5.304     4.241   -20.0%     7.448     7.111    -4.5%     9.872     7.810   -20.9%     9.872     7.810   -20.9%   220.261   183.046   -16.9%
           ('MedSpanNear', None)     7.033     5.865   -16.6%    12.747     9.836   -22.8%    20.683    11.690   -43.5%    20.683    11.690   -43.5%   153.384   129.125   -15.8%
               ('MedTerm', None)     0.805     0.731    -9.2%     1.939     2.826    45.8%     2.685     2.912     8.4%     2.685     2.912     8.4%     4.331     3.646   -15.8%
  ('MedTermDayTaxoFacets', None)    11.464    10.943    -4.5%    17.569    22.863    30.1%    48.098    23.226   -51.7%    48.098    23.226   -51.7%    98.100    96.184    -2.0%
            ('OrHighHigh', None)     2.461     2.694     9.5%     8.164     6.473   -20.7%    10.221    10.034    -1.8%    10.221    10.034    -1.8%    18.541    23.660    27.6%
             ('OrHighLow', None)     1.034     0.889   -14.0%     3.786     1.617   -57.3%     4.894     2.197   -55.1%     4.894     2.197   -55.1%     9.734    27.701   184.6%
             ('OrHighMed', None)     1.259     0.881   -30.0%     3.493     1.966   -43.7%     4.204     3.633   -13.6%     4.204     3.633   -13.6%     5.971    18.506   209.9%
('OrHighMedDayTaxoFacets', None)    76.205    65.624   -13.9%   106.232    87.447   -17.7%   108.572    91.302   -15.9%   108.572    91.302   -15.9%   357.236   252.165   -29.4%
         ('OrHighNotHigh', None)     1.242     1.573    26.7%     3.997     4.742    18.6%     4.322     5.933    37.2%     4.322     5.933    37.2%   191.440   131.069   -31.5%
          ('OrHighNotLow', None)     1.633     2.031    24.4%     4.488     3.658   -18.5%     5.189    16.826   224.2%     5.189    16.826   224.2%    43.464    36.299   -16.5%
          ('OrHighNotMed', None)     1.105     1.272    15.0%     5.927     2.599   -56.1%    11.265     2.837   -74.8%    11.265     2.837   -74.8%    29.980    20.591   -31.3%
         ('OrNotHighHigh', None)     2.139     1.622   -24.2%     7.656     3.432   -55.2%    11.119     3.700   -66.7%    11.119     3.700   -66.7%    19.581    26.083    33.2%
          ('OrNotHighLow', None)     0.574     0.623     8.6%     1.644     1.254   -23.7%     1.854     2.698    45.5%     1.854     2.698    45.5%     6.594    21.590   227.4%
          ('OrNotHighMed', None)     1.081     1.061    -1.9%     5.420     3.654   -32.6%    13.127     5.410   -58.8%    13.127     5.410   -58.8%    81.448    32.089   -60.6%
                   ('PKLookup',)     5.300     5.494     3.7%     9.191     7.576   -17.6%    13.733    11.440   -16.7%    13.733    11.440   -16.7%    87.172    68.367   -21.6%
               ('Prefix3', None)     1.314     1.097   -16.5%     4.972     3.832   -22.9%     6.619     6.121    -7.5%     6.619     6.121    -7.5%    79.886    78.656    -1.5%
                    ('Respell',)    15.420    15.579     1.0%    23.884    24.873     4.1%    35.073    25.430   -27.5%    35.073    25.430   -27.5%   157.918   206.021    30.5%
('TermDateTimeSort', 'DateTime')     2.249     2.440     8.5%     4.326     4.437     2.6%     9.282    11.008    18.6%     9.282    11.008    18.6%   100.416   116.401    15.9%
              ('Wildcard', None)     5.124     5.219     1.8%     9.650    14.663    52.0%    13.192    25.835    95.8%    13.192    25.835    95.8%    42.486    48.905    15.1%
                 ('range', None)     0.176     0.167    -5.3%     0.395     0.557    41.1%     0.491     0.773    57.3%     0.491     0.773    57.3%     0.784     5.051   544.4%
                            Task    QPS armA      StdDev    QPS armJ      StdDev                Pct diff p-value
                    OrHighNotLow      581.71      (7.5%)      541.03     (10.2%)   -7.0% ( -22% -   11%) 0.032
                    OrNotHighLow     1827.09      (6.7%)     1709.88      (5.6%)   -6.4% ( -17% -    6%) 0.005
                          Fuzzy1       87.91      (8.6%)       83.35      (6.7%)   -5.2% ( -18% -   11%) 0.066
                      AndHighMed      959.45      (4.8%)      923.78      (6.5%)   -3.7% ( -14% -    7%) 0.073
                         MedTerm     1686.48      (7.4%)     1626.16      (6.3%)   -3.6% ( -16% -   10%) 0.153
                         LowTerm     2365.05      (6.0%)     2281.83     (10.4%)   -3.5% ( -18% -   13%) 0.255
                    OrHighNotMed      890.61     (10.7%)      862.39     (11.2%)   -3.2% ( -22% -   20%) 0.427
       BrowseDayOfYearSSDVFacets       15.76      (4.9%)       15.31      (5.9%)   -2.9% ( -13% -    8%) 0.144
                      AndHighLow     2342.23      (8.9%)     2275.19      (6.6%)   -2.9% ( -16% -   13%) 0.317
                       OrHighMed     1141.27     (10.1%)     1115.97      (9.9%)   -2.2% ( -20% -   19%) 0.544
                   OrHighNotHigh      772.02      (6.0%)      756.93      (9.3%)   -2.0% ( -16% -   14%) 0.494
         AndHighMedDayTaxoFacets      274.68      (7.4%)      270.58      (5.8%)   -1.5% ( -13% -   12%) 0.537
                       OrHighLow     1215.86      (6.3%)     1199.38      (8.2%)   -1.4% ( -14% -   14%) 0.612
           BrowseMonthSSDVFacets       16.54      (7.8%)       16.32      (8.8%)   -1.3% ( -16% -   16%) 0.669
                     AndHighHigh      573.05     (15.8%)      567.33     (13.7%)   -1.0% ( -26% -   33%) 0.853
                        HighTerm      908.02      (5.0%)      900.26      (9.8%)   -0.9% ( -14% -   14%) 0.763
                   OrNotHighHigh      688.67     (12.9%)      683.62     (12.1%)   -0.7% ( -22% -   27%) 0.872
               HighTermMonthSort     1468.99      (6.2%)     1458.39      (7.5%)   -0.7% ( -13% -   13%) 0.775
                       LowPhrase       89.99      (4.4%)       89.61      (3.0%)   -0.4% (  -7% -    7%) 0.760
                      OrHighHigh      464.77      (9.7%)      463.51     (11.9%)   -0.3% ( -19% -   23%) 0.946
           BrowseMonthTaxoFacets       36.24     (19.8%)       36.15     (28.2%)   -0.2% ( -40% -   59%) 0.979
             LowIntervalsOrdered       70.89      (3.5%)       70.72      (3.4%)   -0.2% (  -6% -    6%) 0.849
             MedIntervalsOrdered      101.96      (7.3%)      101.73      (8.2%)   -0.2% ( -14% -   16%) 0.936
            BrowseDateSSDVFacets        2.78      (6.6%)        2.77      (6.1%)   -0.1% ( -12% -   13%) 0.955
                          IntSet      701.21      (8.8%)      701.67      (9.4%)    0.1% ( -16% -   20%) 0.984
                        Wildcard      193.09      (2.1%)      193.26      (2.4%)    0.1% (  -4% -    4%) 0.919
                          IntNRQ      718.08     (11.6%)      719.54     (10.2%)    0.2% ( -19% -   24%) 0.959
                       ConstMSM2     1304.02      (4.9%)     1307.64      (5.9%)    0.3% ( -10% -   11%) 0.889
                HighSloppyPhrase       91.43      (3.2%)       91.70      (4.0%)    0.3% (  -6% -    7%) 0.823
                        PKLookup      206.77     (11.7%)      207.75      (7.9%)    0.5% ( -17% -   22%) 0.897
                 LowSloppyPhrase       92.21      (4.0%)       92.68      (3.3%)    0.5% (  -6% -    8%) 0.701
                  AndMissingHigh     3560.50      (8.5%)     3579.64      (6.2%)    0.5% ( -13% -   16%) 0.843
                         Prefix3      958.37     (11.9%)      963.61     (12.6%)    0.5% ( -21% -   28%) 0.903
                     LowSpanNear      108.25      (4.2%)      108.90      (3.7%)    0.6% (  -7% -    8%) 0.681
            HighTermTitleBDVSort      110.36      (6.0%)      111.05      (3.9%)    0.6% (  -8% -   11%) 0.735
                      HighPhrase       92.34      (3.4%)       92.97      (2.3%)    0.7% (  -4% -    6%) 0.518
        AndHighHighDayTaxoFacets       33.65      (6.6%)       33.89      (6.8%)    0.7% ( -11% -   15%) 0.779
            MedTermDayTaxoFacets       94.56      (4.4%)       95.37      (5.9%)    0.9% (  -9% -   11%) 0.651
                        BM25MSM2       57.62      (7.4%)       58.18      (5.2%)    1.0% ( -10% -   14%) 0.677
                       MedPhrase      179.30      (4.5%)      181.27      (3.6%)    1.1% (  -6% -    9%) 0.461
     BrowseRandomLabelSSDVFacets       11.06      (4.7%)       11.18      (5.2%)    1.1% (  -8% -   11%) 0.543
                     MedSpanNear      168.80      (9.5%)      170.68      (9.4%)    1.1% ( -16% -   22%) 0.746
               HighTermTitleSort      123.84      (7.1%)      125.38      (9.0%)    1.3% ( -13% -   18%) 0.674
                      TermDTSort      439.37      (6.3%)      446.11      (5.8%)    1.5% (  -9% -   14%) 0.488
                         Respell       63.38      (6.5%)       64.71      (5.6%)    2.1% (  -9% -   15%) 0.344
                           range     6354.85      (7.9%)     6512.31      (8.4%)    2.5% ( -12% -   20%) 0.406
                    OrNotHighMed      999.43     (10.5%)     1025.95      (6.7%)    2.7% ( -13% -   22%) 0.410
            HighIntervalsOrdered       79.52      (6.1%)       81.99      (3.9%)    3.1% (  -6% -   13%) 0.098
                          Fuzzy2       79.53      (4.8%)       82.08      (7.0%)    3.2% (  -8% -   15%) 0.143
                    HighSpanNear       57.99      (4.3%)       59.95      (4.9%)    3.4% (  -5% -   13%) 0.045
                 MedSloppyPhrase      210.34     (11.3%)      219.22     (11.5%)    4.2% ( -16% -   30%) 0.311
          OrHighMedDayTaxoFacets       14.82      (7.8%)       15.47      (4.9%)    4.4% (  -7% -   18%) 0.060
           HighTermDayOfYearSort      419.17      (7.7%)      440.84     (10.0%)    5.2% ( -11% -   24%) 0.113
     BrowseRandomLabelTaxoFacets       12.09      (5.0%)       13.43     (35.3%)   11.0% ( -27% -   54%) 0.230
            BrowseDateTaxoFacets       14.71      (7.3%)       16.46     (42.4%)   11.9% ( -35% -   66%) 0.285
       BrowseDayOfYearTaxoFacets       15.25      (5.1%)       17.38     (47.3%)   14.0% ( -36% -   69%) 0.254
  iter 15
    armA:
      NOTE: using experimental CPU time profiler (see https://mostlynerdless.de/blog/2025/06/11/java-25s-new-cpu-time-profiler-1)
      log: /home/goankur/vsearch/logs/FAJc.armA.15 + stdout
      run: /usr/bin/perf stat -dd -e task-clock,cycles,instructions,cache-references,cache-misses,L1-dcache-loads,L1-dcache-load-misses,L1-icache-loads,L1-icache-load-misses,LLC-loads,LLC-load-misses,LLC-stores,LLC-store-misses,LLC-prefetches,LLC-prefetch-misses,faults,minor-faults,major-faults,branches,branch-misses,stalled-cycles-frontend,stalled-cycles-backend /home/goankur/jdk/corretto-25/bin/java -server -Xms2g -Xmx2g --add-modules jdk.incubator.vector -XX:+HeapDumpOnOutOfMemoryError -XX:+UseParallelGC -XX:StartFlightRecording=jdk.CPUTimeSample#enabled=true,dumponexit=true,maxsize=250M,settings=/home/goankur/vsearch/util/src/python/profiling.jfc,filename=/home/goankur/vsearch/logs/bench-search-FAJc-armA-15.jfr -XX:+UnlockDiagnosticVMOptions -XX:+DebugNonSafepoints -classpath /home/goankur/vsearch/bo/lucene-A/lucene/core/build/libs/lucene-core-11.0.0-SNAPSHOT.jar:/home/goankur/vsearch/bo/lucene-A/lucene/sandbox/build/classes/java/main:/home/goankur/vsearch/bo/lucene-A/lucene/misc/build/classes/java/main:/home/goankur/vsearch/bo/lucene-A/lucene/facet/build/classes/java/main:/home/goankur/vsearch/bo/lucene-A/lucene/analysis/common/build/classes/java/main:/home/goankur/vsearch/bo/lucene-A/lucene/analysis/icu/build/classes/java/main:/home/goankur/vsearch/bo/lucene-A/lucene/queryparser/build/classes/java/main:/home/goankur/vsearch/bo/lucene-A/lucene/grouping/build/classes/java/main:/home/goankur/vsearch/bo/lucene-A/lucene/suggest/build/classes/java/main:/home/goankur/vsearch/bo/lucene-A/lucene/highlighter/build/classes/java/main:/home/goankur/vsearch/bo/lucene-A/lucene/codecs/build/classes/java/main:/home/goankur/vsearch/bo/lucene-A/lucene/queries/build/classes/java/main:/home/goankur/vsearch/bo/lucene-A/lucene/join/build/classes/java/main:/home/goankur/vsearch/bo/lucene-A/lucene/spatial3d/build/classes/java/main:/home/goankur/vsearch/util/lib/HdrHistogram.jar:/home/goankur/vsearch/util/src/main/build/classes/java/main:/home/goankur/vsearch/util/build perf.SearchPerfTest -dirImpl MMapDirectory -indexPath /home/goankur/vsearch/indices/wikimedium10m.lucene-A.facets.taxonomy:Date.taxonomy:Month.taxonomy:DayOfYear.sortedset:Date.sortedset:Month.sortedset:DayOfYear.taxonomy:RandomLabel.sortedset:RandomLabel.Lucene90.Lucene104.dvfields.nd10M -facets taxonomy:Date;Date -facets taxonomy:Month;Month -facets taxonomy:DayOfYear;DayOfYear -facets sortedset:Date;Date -facets sortedset:Month;Month -facets sortedset:DayOfYear;DayOfYear -facets taxonomy:RandomLabel;RandomLabel -facets sortedset:RandomLabel;RandomLabel -analyzer StandardAnalyzer -taskSource /home/goankur/vsearch/util/tasks/wikimedium.10M.nostopwords.tasks -numConcurrentQueries 5 -taskRepeatCount 20 -field body -tasksPerCat 1 -searchConcurrency -1 -staticSeed -8586789 -seed 833742 -similarity BM25Similarity -commit multi -hiliteImpl FastVectorHighlighter -log /home/goankur/vsearch/logs/FAJc.armA.15 -topN 100 -context  -pk -pollute
      9.9 s
      230.7 actual sustained QPS; -1.0 CPU cores used
    armJ:
      NOTE: using experimental CPU time profiler (see https://mostlynerdless.de/blog/2025/06/11/java-25s-new-cpu-time-profiler-1)
      log: /home/goankur/vsearch/logs/FAJc.armJ.15 + stdout
      run: /usr/bin/perf stat -dd -e task-clock,cycles,instructions,cache-references,cache-misses,L1-dcache-loads,L1-dcache-load-misses,L1-icache-loads,L1-icache-load-misses,LLC-loads,LLC-load-misses,LLC-stores,LLC-store-misses,LLC-prefetches,LLC-prefetch-misses,faults,minor-faults,major-faults,branches,branch-misses,stalled-cycles-frontend,stalled-cycles-backend /home/goankur/jdk/corretto-25/bin/java -server -Xms2g -Xmx2g --add-modules jdk.incubator.vector -XX:+HeapDumpOnOutOfMemoryError -XX:+UseParallelGC -XX:StartFlightRecording=jdk.CPUTimeSample#enabled=true,dumponexit=true,maxsize=250M,settings=/home/goankur/vsearch/util/src/python/profiling.jfc,filename=/home/goankur/vsearch/logs/bench-search-FAJc-armJ-15.jfr -XX:+UnlockDiagnosticVMOptions -XX:+DebugNonSafepoints -classpath /home/goankur/vsearch/bo/lucene-J/lucene/core/build/libs/lucene-core-11.0.0-SNAPSHOT.jar:/home/goankur/vsearch/bo/lucene-J/lucene/sandbox/build/classes/java/main:/home/goankur/vsearch/bo/lucene-J/lucene/misc/build/classes/java/main:/home/goankur/vsearch/bo/lucene-J/lucene/facet/build/classes/java/main:/home/goankur/vsearch/bo/lucene-J/lucene/analysis/common/build/classes/java/main:/home/goankur/vsearch/bo/lucene-J/lucene/analysis/icu/build/classes/java/main:/home/goankur/vsearch/bo/lucene-J/lucene/queryparser/build/classes/java/main:/home/goankur/vsearch/bo/lucene-J/lucene/grouping/build/classes/java/main:/home/goankur/vsearch/bo/lucene-J/lucene/suggest/build/classes/java/main:/home/goankur/vsearch/bo/lucene-J/lucene/highlighter/build/classes/java/main:/home/goankur/vsearch/bo/lucene-J/lucene/codecs/build/classes/java/main:/home/goankur/vsearch/bo/lucene-J/lucene/queries/build/classes/java/main:/home/goankur/vsearch/bo/lucene-J/lucene/join/build/classes/java/main:/home/goankur/vsearch/bo/lucene-J/lucene/spatial3d/build/classes/java/main:/home/goankur/vsearch/util/lib/HdrHistogram.jar:/home/goankur/vsearch/util/src/main/build/classes/java/main:/home/goankur/vsearch/util/build perf.SearchPerfTest -dirImpl MMapDirectory -indexPath /home/goankur/vsearch/indices/wikimedium10m.lucene-A.facets.taxonomy:Date.taxonomy:Month.taxonomy:DayOfYear.sortedset:Date.sortedset:Month.sortedset:DayOfYear.taxonomy:RandomLabel.sortedset:RandomLabel.Lucene90.Lucene104.dvfields.nd10M -facets taxonomy:Date;Date -facets taxonomy:Month;Month -facets taxonomy:DayOfYear;DayOfYear -facets sortedset:Date;Date -facets sortedset:Month;Month -facets sortedset:DayOfYear;DayOfYear -facets taxonomy:RandomLabel;RandomLabel -facets sortedset:RandomLabel;RandomLabel -analyzer StandardAnalyzer -taskSource /home/goankur/vsearch/util/tasks/wikimedium.10M.nostopwords.tasks -numConcurrentQueries 5 -taskRepeatCount 20 -field body -tasksPerCat 1 -searchConcurrency -1 -staticSeed -8586789 -seed 833742 -similarity BM25Similarity -commit multi -hiliteImpl FastVectorHighlighter -log /home/goankur/vsearch/logs/FAJc.armJ.15 -topN 100 -context  -pk -pollute
      9.9 s
      235.3 actual sustained QPS; -1.0 CPU cores used

Report after iter 15:
QPSChart.supported == False
                            Task     P50 B     P50 C     Diff     P90 B     P90 C     Diff     P99 B     P99 C     Diff    P999 B    P999 C     Diff    P100 B    P100 C     Diff
           ('AndHighHigh', None)     2.087     1.844   -11.6%     5.274     7.545    43.0%     5.537     7.991    44.3%     5.537     7.991    44.3%    11.503    10.378    -9.8%
('AndHighHighDayTaxoFacets', None)    29.382    28.057    -4.5%    38.057    32.382   -14.9%    55.865    48.844   -12.6%    55.865    48.844   -12.6%   243.305   178.838   -26.5%
            ('AndHighLow', None)     0.507     0.483    -4.8%     1.479     0.883   -40.3%     1.916     1.744    -9.0%     1.916     1.744    -9.0%   121.205    88.275   -27.2%
            ('AndHighMed', None)     1.053     1.070     1.6%     2.107     2.959    40.5%     3.938     5.791    47.1%     3.938     5.791    47.1%   123.585   110.821   -10.3%
('AndHighMedDayTaxoFacets', None)     3.422     3.550     3.7%     6.263    11.881    89.7%     8.978    21.854   143.4%     8.978    21.854   143.4%   107.128   158.676    48.1%
     ('AndMissingHigh', 'Title')     0.281     0.273    -3.0%     0.681     0.689     1.2%     0.798     0.851     6.5%     0.798     0.851     6.5%     0.802     1.136    41.7%
              ('BM25MSM2', None)    16.517    18.597    12.6%    43.571    32.618   -25.1%    45.913    45.675    -0.5%    45.913    45.675    -0.5%   144.500   139.607    -3.4%
  ('BrowseDateSSDVFacets', None)   344.829   381.420    10.6%   382.970   458.030    19.6%   386.454   464.670    20.2%   386.454   464.670    20.2%   547.633   514.678    -6.0%
  ('BrowseDateTaxoFacets', None)    64.322    62.571    -2.7%    72.472    75.110     3.6%    72.544    76.503     5.5%    72.544    76.503     5.5%    74.362    79.285     6.6%
('BrowseDayOfYearSSDVFacets', None)    67.453    63.293    -6.2%    88.881    89.005     0.1%    90.234    91.618     1.5%    90.234    91.618     1.5%   260.432   168.575   -35.3%
('BrowseDayOfYearTaxoFacets', None)    62.479    61.977    -0.8%    71.649    75.674     5.6%    72.179    76.816     6.4%    72.179    76.816     6.4%   103.223   134.353    30.2%
 ('BrowseMonthSSDVFacets', None)    72.116    64.751   -10.2%    87.238    81.045    -7.1%    95.602    81.076   -15.2%    95.602    81.076   -15.2%   110.951    81.211   -26.8%
 ('BrowseMonthTaxoFacets', None)    85.290    84.551    -0.9%   102.010    95.533    -6.3%   103.262    95.563    -7.5%   103.262    95.563    -7.5%   190.804   192.756     1.0%
('BrowseRandomLabelSSDVFacets', None)    84.825    87.658     3.3%   149.495   139.367    -6.8%   191.197   148.775   -22.2%   191.197   148.775   -22.2%   338.119   245.927   -27.3%
('BrowseRandomLabelTaxoFacets', None)    80.007    79.145    -1.1%    93.767    98.129     4.7%   102.804    98.514    -4.2%   102.804    98.514    -4.2%   196.454   178.542    -9.1%
             ('ConstMSM2', None)     0.830     0.906     9.1%     3.093     2.507   -19.0%     5.039     3.532   -29.9%     5.039     3.532   -29.9%    12.868    14.277    11.0%
                ('Fuzzy1', None)    12.385    12.913     4.3%    29.534    18.496   -37.4%    35.749    27.952   -21.8%    35.749    27.952   -21.8%   118.637   171.055    44.2%
                ('Fuzzy2', None)    11.327    12.578    11.0%    26.599    25.646    -3.6%    52.459    28.982   -44.8%    52.459    28.982   -44.8%    66.272    52.966   -20.1%
  ('HighIntervalsOrdered', None)    12.208    12.115    -0.8%    27.747    20.995   -24.3%    29.992    25.061   -16.4%    29.992    25.061   -16.4%   229.510   183.676   -20.0%
            ('HighPhrase', None)    11.314    11.184    -1.1%    20.569    19.909    -3.2%    23.466    24.570     4.7%    23.466    24.570     4.7%   295.017   253.765   -14.0%
      ('HighSloppyPhrase', None)    10.862    10.703    -1.5%    19.178    20.200     5.3%    41.832    27.062   -35.3%    41.832    27.062   -35.3%    55.956    78.696    40.6%
          ('HighSpanNear', None)    18.838    17.220    -8.6%    35.969    23.347   -35.1%    37.727    27.428   -27.3%    37.727    27.428   -27.3%   141.769   193.878    36.8%
              ('HighTerm', None)     1.083     1.100     1.6%     2.349     1.570   -33.2%     2.650     1.973   -25.6%     2.650     1.973   -25.6%    31.347    27.239   -13.1%
('HighTermDayOfYearSort', 'DayOfYear')     2.083     2.211     6.1%     5.257     5.854    11.3%     7.246     8.047    11.1%     7.246     8.047    11.1%   137.859   135.648    -1.6%
  ('HighTermMonthSort', 'Month')     0.713     0.660    -7.5%     2.035     1.267   -37.8%     3.140     2.632   -16.2%     3.140     2.632   -16.2%    71.952    29.675   -58.8%
('HighTermTitleBDVSort', 'TitleBinary')     9.933     9.476    -4.6%    22.061    18.698   -15.2%    25.249    19.547   -22.6%    25.249    19.547   -22.6%    31.595    45.940    45.4%
  ('HighTermTitleSort', 'Title')     8.479     8.353    -1.5%    23.995    19.200   -20.0%    27.739    30.051     8.3%    27.739    30.051     8.3%    76.850    85.108    10.7%
                ('IntNRQ', None)     1.685     1.899    12.7%     6.523     3.930   -39.8%     6.864    10.039    46.2%     6.864    10.039    46.2%    62.119    61.897    -0.4%
                ('IntSet', None)     1.416     1.306    -7.8%     6.905    11.911    72.5%    12.570    20.468    62.8%    12.570    20.468    62.8%    23.479    74.447   217.1%
   ('LowIntervalsOrdered', None)    13.692    13.695     0.0%    23.897    20.005   -16.3%    26.100    31.477    20.6%    26.100    31.477    20.6%    34.387    85.088   147.4%
             ('LowPhrase', None)    12.475    11.522    -7.6%    18.724    17.023    -9.1%    19.529    19.461    -0.4%    19.529    19.461    -0.4%    25.560    28.851    12.9%
       ('LowSloppyPhrase', None)    12.019    10.838    -9.8%    19.447    19.841     2.0%    27.084    21.486   -20.7%    27.084    21.486   -20.7%    29.921    36.067    20.5%
           ('LowSpanNear', None)     9.408     8.658    -8.0%    20.130    16.444   -18.3%    21.669    36.309    67.6%    21.669    36.309    67.6%    48.744    80.469    65.1%
               ('LowTerm', None)     0.430     0.447     4.0%     1.864     2.066    10.8%     3.602     4.051    12.5%     3.602     4.051    12.5%     3.952    11.905   201.2%
   ('MedIntervalsOrdered', None)    10.068     9.791    -2.8%    11.222    13.263    18.2%    17.379    13.780   -20.7%    17.379    13.780   -20.7%    18.820    13.960   -25.8%
             ('MedPhrase', None)     5.587     5.391    -3.5%    11.556     8.589   -25.7%    27.247    14.330   -47.4%    27.247    14.330   -47.4%   292.173   225.646   -22.8%
       ('MedSloppyPhrase', None)     5.337     5.183    -2.9%     8.226     8.337     1.3%    14.471     9.388   -35.1%    14.471     9.388   -35.1%    42.074    45.795     8.8%
           ('MedSpanNear', None)     6.618     5.425   -18.0%    11.798     7.909   -33.0%    12.530     8.376   -33.1%    12.530     8.376   -33.1%    14.145     9.140   -35.4%
               ('MedTerm', None)     0.757     0.585   -22.7%     1.371     1.399     2.0%     2.528     1.494   -40.9%     2.528     1.494   -40.9%     3.431     1.693   -50.7%
  ('MedTermDayTaxoFacets', None)    11.410    10.144   -11.1%    33.484    15.716   -53.1%    63.565    45.245   -28.8%    63.565    45.245   -28.8%    71.531    82.749    15.7%
            ('OrHighHigh', None)     2.497     2.124   -14.9%     4.661     7.540    61.7%     5.479     9.914    80.9%     5.479     9.914    80.9%   113.432   123.852     9.2%
             ('OrHighLow', None)     0.823     0.868     5.4%     2.236     1.487   -33.5%     2.369     4.219    78.1%     2.369     4.219    78.1%     5.620     4.790   -14.8%
             ('OrHighMed', None)     0.871     1.042    19.7%     3.091     7.790   152.0%     4.317    10.302   138.7%     4.317    10.302   138.7%     4.600    11.208   143.7%
('OrHighMedDayTaxoFacets', None)    65.360    61.661    -5.7%    90.674    84.177    -7.2%    98.627   103.774     5.2%    98.627   103.774     5.2%   421.045   306.078   -27.3%
         ('OrHighNotHigh', None)     1.275     1.275     0.0%     2.311     2.537     9.8%     4.348     2.730   -37.2%     4.348     2.730   -37.2%   186.567   126.882   -32.0%
          ('OrHighNotLow', None)     1.608     2.232    38.8%     9.191     4.023   -56.2%    11.962     7.754   -35.2%    11.962     7.754   -35.2%    14.138    17.709    25.3%
          ('OrHighNotMed', None)     1.183     1.080    -8.6%     3.858     2.041   -47.1%     5.737     3.093   -46.1%     5.737     3.093   -46.1%    12.866     7.693   -40.2%
         ('OrNotHighHigh', None)     1.844     1.380   -25.1%     4.533     3.143   -30.7%     9.436     4.910   -48.0%     9.436     4.910   -48.0%    27.982    35.947    28.5%
          ('OrNotHighLow', None)     0.594     0.614     3.5%     1.391     1.320    -5.1%     1.469     2.464    67.8%     1.469     2.464    67.8%     1.473     6.329   329.6%
          ('OrNotHighMed', None)     1.149     1.010   -12.1%     2.418     1.513   -37.4%     4.383     3.066   -30.1%     4.383     3.066   -30.1%     5.586     4.105   -26.5%
                   ('PKLookup',)     5.443     4.260   -21.7%     7.696     8.674    12.7%    10.589    17.906    69.1%    10.589    17.906    69.1%    32.743    29.831    -8.9%
               ('Prefix3', None)     1.064     0.995    -6.5%     4.900     3.761   -23.2%     6.985     6.218   -11.0%     6.985     6.218   -11.0%    10.548     9.512    -9.8%
                    ('Respell',)    17.168    15.227   -11.3%    30.051    22.954   -23.6%    36.602    26.003   -29.0%    36.602    26.003   -29.0%    98.179    99.584     1.4%
('TermDateTimeSort', 'DateTime')     2.444     2.246    -8.1%     8.636     5.619   -34.9%     9.961     6.913   -30.6%     9.961     6.913   -30.6%    26.767    29.365     9.7%
              ('Wildcard', None)     5.302     5.402     1.9%    14.454    12.265   -15.1%    17.171    23.095    34.5%    17.171    23.095    34.5%    74.237    59.339   -20.1%
                 ('range', None)     0.168     0.178     5.8%     0.575     0.604     5.0%     0.594     0.795    33.8%     0.594     0.795    33.8%     0.664     2.203   231.7%
                            Task    QPS armA      StdDev    QPS armJ      StdDev                Pct diff p-value
                    OrHighNotLow      585.17      (7.5%)      542.53      (9.9%)   -7.3% ( -22% -   10%) 0.019
                    OrNotHighLow     1820.66      (6.7%)     1715.46      (5.6%)   -5.8% ( -16% -    6%) 0.008
                          Fuzzy1       87.50      (8.6%)       83.11      (6.6%)   -5.0% ( -18% -   11%) 0.064
                      AndHighMed      963.86      (4.9%)      929.14      (6.6%)   -3.6% ( -14% -    8%) 0.080
                         LowTerm     2368.55      (5.8%)     2284.66     (10.0%)   -3.5% ( -18% -   13%) 0.221
                       OrHighMed     1143.24      (9.8%)     1111.05      (9.7%)   -2.8% ( -20% -   18%) 0.413
                      AndHighLow     2332.13      (8.8%)     2268.52      (6.5%)   -2.7% ( -16% -   13%) 0.319
                    OrHighNotMed      890.07     (10.3%)      867.39     (11.0%)   -2.5% ( -21% -   20%) 0.499
                         MedTerm     1675.56      (7.6%)     1634.03      (6.4%)   -2.5% ( -15% -   12%) 0.320
       BrowseDayOfYearSSDVFacets       15.76      (4.7%)       15.39      (6.1%)   -2.4% ( -12% -    8%) 0.214
                   OrHighNotHigh      774.55      (5.9%)      758.76      (9.0%)   -2.0% ( -16% -   13%) 0.450
         AndHighMedDayTaxoFacets      276.21      (7.4%)      271.39      (5.7%)   -1.7% ( -13% -   12%) 0.454
                       OrHighLow     1216.29      (6.1%)     1200.88      (8.0%)   -1.3% ( -14% -   13%) 0.613
                        HighTerm      911.34      (5.0%)      900.92      (9.4%)   -1.1% ( -14% -   14%) 0.669
                   OrNotHighHigh      694.55     (12.8%)      687.59     (11.8%)   -1.0% ( -22% -   27%) 0.818
            BrowseDateSSDVFacets        2.79      (6.6%)        2.77      (5.9%)   -0.8% ( -12% -   12%) 0.729
           BrowseMonthSSDVFacets       16.41      (8.2%)       16.33      (8.6%)   -0.5% ( -15% -   17%) 0.875
               HighTermMonthSort     1472.71      (6.1%)     1466.11      (7.5%)   -0.4% ( -13% -   14%) 0.854
                       LowPhrase       89.77      (4.4%)       89.46      (3.0%)   -0.3% (  -7% -    7%) 0.800
           BrowseMonthTaxoFacets       34.71     (26.6%)       34.64     (33.4%)   -0.2% ( -47% -   81%) 0.984
             LowIntervalsOrdered       71.04      (3.4%)       70.89      (3.4%)   -0.2% (  -6% -    6%) 0.867
             MedIntervalsOrdered      101.84      (7.1%)      101.93      (7.9%)    0.1% ( -13% -   16%) 0.974
                      OrHighHigh      463.63      (9.4%)      464.30     (11.6%)    0.1% ( -19% -   23%) 0.969
                          IntNRQ      717.85     (11.2%)      718.94      (9.9%)    0.2% ( -18% -   23%) 0.968
                        Wildcard      192.96      (2.1%)      193.27      (2.3%)    0.2% (  -4% -    4%) 0.839
                       ConstMSM2     1300.88      (4.8%)     1303.32      (5.9%)    0.2% ( -10% -   11%) 0.922
                HighSloppyPhrase       91.62      (3.2%)       91.85      (3.9%)    0.3% (  -6% -    7%) 0.841
                     AndHighHigh      570.82     (15.4%)      572.39     (13.7%)    0.3% ( -24% -   34%) 0.957
                        BM25MSM2       57.89      (7.4%)       58.09      (5.0%)    0.3% ( -11% -   13%) 0.879
     BrowseRandomLabelSSDVFacets       11.14      (5.4%)       11.21      (5.1%)    0.6% (  -9% -   11%) 0.758
                      HighPhrase       92.25      (3.3%)       92.81      (2.3%)    0.6% (  -4% -    6%) 0.549
                  AndMissingHigh     3569.42      (8.2%)     3591.89      (6.1%)    0.6% ( -12% -   16%) 0.806
            HighTermTitleBDVSort      110.25      (5.8%)      111.00      (3.8%)    0.7% (  -8% -   10%) 0.693
                 LowSloppyPhrase       92.12      (3.9%)       92.76      (3.2%)    0.7% (  -6% -    8%) 0.579
                     LowSpanNear      108.50      (4.1%)      109.35      (4.0%)    0.8% (  -7% -    9%) 0.583
                          IntSet      703.08      (8.5%)      708.83     (10.0%)    0.8% ( -16% -   21%) 0.803
                         Prefix3      957.44     (11.5%)      966.62     (12.2%)    1.0% ( -20% -   27%) 0.819
                       MedPhrase      179.39      (4.3%)      181.58      (3.6%)    1.2% (  -6% -    9%) 0.382
        AndHighHighDayTaxoFacets       33.73      (6.5%)       34.14      (7.3%)    1.2% ( -11% -   15%) 0.612
               HighTermTitleSort      123.94      (6.9%)      125.64      (8.7%)    1.4% ( -13% -   18%) 0.623
                      TermDTSort      439.69      (6.1%)      446.46      (5.6%)    1.5% (  -9% -   14%) 0.457
            MedTermDayTaxoFacets       94.19      (4.5%)       95.96      (6.2%)    1.9% (  -8% -   13%) 0.329
                        PKLookup      205.71     (11.6%)      210.30      (9.1%)    2.2% ( -16% -   25%) 0.546
                         Respell       63.40      (6.2%)       64.83      (5.5%)    2.3% (  -8% -   14%) 0.277
                     MedSpanNear      168.06      (9.4%)      171.94      (9.6%)    2.3% ( -15% -   23%) 0.491
                           range     6340.80      (7.7%)     6503.27      (8.2%)    2.6% ( -12% -   19%) 0.361
                          Fuzzy2       80.37      (6.2%)       82.55      (7.1%)    2.7% (  -9% -   17%) 0.251
                    OrNotHighMed      996.85     (10.3%)     1025.86      (6.5%)    2.9% ( -12% -   21%) 0.337
            HighIntervalsOrdered       79.73      (6.0%)       82.09      (3.8%)    3.0% (  -6% -   13%) 0.095
                    HighSpanNear       57.77      (4.4%)       59.94      (4.8%)    3.8% (  -5% -   13%) 0.021
                 MedSloppyPhrase      210.23     (10.9%)      219.09     (11.2%)    4.2% ( -16% -   29%) 0.280
          OrHighMedDayTaxoFacets       14.89      (7.7%)       15.56      (5.2%)    4.5% (  -7% -   18%) 0.051
           HighTermDayOfYearSort      423.45      (8.4%)      443.56      (9.9%)    4.7% ( -12% -   25%) 0.144
     BrowseRandomLabelTaxoFacets       12.13      (5.0%)       13.40     (34.0%)   10.5% ( -27% -   52%) 0.222
            BrowseDateTaxoFacets       14.76      (7.1%)       16.42     (40.8%)   11.3% ( -34% -   63%) 0.277
       BrowseDayOfYearTaxoFacets       15.31      (5.2%)       17.31     (45.5%)   13.1% ( -35% -   67%) 0.254
  iter 16
    armJ:
      NOTE: using experimental CPU time profiler (see https://mostlynerdless.de/blog/2025/06/11/java-25s-new-cpu-time-profiler-1)
      log: /home/goankur/vsearch/logs/FAJc.armJ.16 + stdout
      run: /usr/bin/perf stat -dd -e task-clock,cycles,instructions,cache-references,cache-misses,L1-dcache-loads,L1-dcache-load-misses,L1-icache-loads,L1-icache-load-misses,LLC-loads,LLC-load-misses,LLC-stores,LLC-store-misses,LLC-prefetches,LLC-prefetch-misses,faults,minor-faults,major-faults,branches,branch-misses,stalled-cycles-frontend,stalled-cycles-backend /home/goankur/jdk/corretto-25/bin/java -server -Xms2g -Xmx2g --add-modules jdk.incubator.vector -XX:+HeapDumpOnOutOfMemoryError -XX:+UseParallelGC -XX:StartFlightRecording=jdk.CPUTimeSample#enabled=true,dumponexit=true,maxsize=250M,settings=/home/goankur/vsearch/util/src/python/profiling.jfc,filename=/home/goankur/vsearch/logs/bench-search-FAJc-armJ-16.jfr -XX:+UnlockDiagnosticVMOptions -XX:+DebugNonSafepoints -classpath /home/goankur/vsearch/bo/lucene-J/lucene/core/build/libs/lucene-core-11.0.0-SNAPSHOT.jar:/home/goankur/vsearch/bo/lucene-J/lucene/sandbox/build/classes/java/main:/home/goankur/vsearch/bo/lucene-J/lucene/misc/build/classes/java/main:/home/goankur/vsearch/bo/lucene-J/lucene/facet/build/classes/java/main:/home/goankur/vsearch/bo/lucene-J/lucene/analysis/common/build/classes/java/main:/home/goankur/vsearch/bo/lucene-J/lucene/analysis/icu/build/classes/java/main:/home/goankur/vsearch/bo/lucene-J/lucene/queryparser/build/classes/java/main:/home/goankur/vsearch/bo/lucene-J/lucene/grouping/build/classes/java/main:/home/goankur/vsearch/bo/lucene-J/lucene/suggest/build/classes/java/main:/home/goankur/vsearch/bo/lucene-J/lucene/highlighter/build/classes/java/main:/home/goankur/vsearch/bo/lucene-J/lucene/codecs/build/classes/java/main:/home/goankur/vsearch/bo/lucene-J/lucene/queries/build/classes/java/main:/home/goankur/vsearch/bo/lucene-J/lucene/join/build/classes/java/main:/home/goankur/vsearch/bo/lucene-J/lucene/spatial3d/build/classes/java/main:/home/goankur/vsearch/util/lib/HdrHistogram.jar:/home/goankur/vsearch/util/src/main/build/classes/java/main:/home/goankur/vsearch/util/build perf.SearchPerfTest -dirImpl MMapDirectory -indexPath /home/goankur/vsearch/indices/wikimedium10m.lucene-A.facets.taxonomy:Date.taxonomy:Month.taxonomy:DayOfYear.sortedset:Date.sortedset:Month.sortedset:DayOfYear.taxonomy:RandomLabel.sortedset:RandomLabel.Lucene90.Lucene104.dvfields.nd10M -facets taxonomy:Date;Date -facets taxonomy:Month;Month -facets taxonomy:DayOfYear;DayOfYear -facets sortedset:Date;Date -facets sortedset:Month;Month -facets sortedset:DayOfYear;DayOfYear -facets taxonomy:RandomLabel;RandomLabel -facets sortedset:RandomLabel;RandomLabel -analyzer StandardAnalyzer -taskSource /home/goankur/vsearch/util/tasks/wikimedium.10M.nostopwords.tasks -numConcurrentQueries 5 -taskRepeatCount 20 -field body -tasksPerCat 1 -searchConcurrency -1 -staticSeed -8586789 -seed -2238656 -similarity BM25Similarity -commit multi -hiliteImpl FastVectorHighlighter -log /home/goankur/vsearch/logs/FAJc.armJ.16 -topN 100 -context  -pk -pollute
      9.6 s
      241.7 actual sustained QPS; -1.0 CPU cores used
    armA:
      NOTE: using experimental CPU time profiler (see https://mostlynerdless.de/blog/2025/06/11/java-25s-new-cpu-time-profiler-1)
      log: /home/goankur/vsearch/logs/FAJc.armA.16 + stdout
      run: /usr/bin/perf stat -dd -e task-clock,cycles,instructions,cache-references,cache-misses,L1-dcache-loads,L1-dcache-load-misses,L1-icache-loads,L1-icache-load-misses,LLC-loads,LLC-load-misses,LLC-stores,LLC-store-misses,LLC-prefetches,LLC-prefetch-misses,faults,minor-faults,major-faults,branches,branch-misses,stalled-cycles-frontend,stalled-cycles-backend /home/goankur/jdk/corretto-25/bin/java -server -Xms2g -Xmx2g --add-modules jdk.incubator.vector -XX:+HeapDumpOnOutOfMemoryError -XX:+UseParallelGC -XX:StartFlightRecording=jdk.CPUTimeSample#enabled=true,dumponexit=true,maxsize=250M,settings=/home/goankur/vsearch/util/src/python/profiling.jfc,filename=/home/goankur/vsearch/logs/bench-search-FAJc-armA-16.jfr -XX:+UnlockDiagnosticVMOptions -XX:+DebugNonSafepoints -classpath /home/goankur/vsearch/bo/lucene-A/lucene/core/build/libs/lucene-core-11.0.0-SNAPSHOT.jar:/home/goankur/vsearch/bo/lucene-A/lucene/sandbox/build/classes/java/main:/home/goankur/vsearch/bo/lucene-A/lucene/misc/build/classes/java/main:/home/goankur/vsearch/bo/lucene-A/lucene/facet/build/classes/java/main:/home/goankur/vsearch/bo/lucene-A/lucene/analysis/common/build/classes/java/main:/home/goankur/vsearch/bo/lucene-A/lucene/analysis/icu/build/classes/java/main:/home/goankur/vsearch/bo/lucene-A/lucene/queryparser/build/classes/java/main:/home/goankur/vsearch/bo/lucene-A/lucene/grouping/build/classes/java/main:/home/goankur/vsearch/bo/lucene-A/lucene/suggest/build/classes/java/main:/home/goankur/vsearch/bo/lucene-A/lucene/highlighter/build/classes/java/main:/home/goankur/vsearch/bo/lucene-A/lucene/codecs/build/classes/java/main:/home/goankur/vsearch/bo/lucene-A/lucene/queries/build/classes/java/main:/home/goankur/vsearch/bo/lucene-A/lucene/join/build/classes/java/main:/home/goankur/vsearch/bo/lucene-A/lucene/spatial3d/build/classes/java/main:/home/goankur/vsearch/util/lib/HdrHistogram.jar:/home/goankur/vsearch/util/src/main/build/classes/java/main:/home/goankur/vsearch/util/build perf.SearchPerfTest -dirImpl MMapDirectory -indexPath /home/goankur/vsearch/indices/wikimedium10m.lucene-A.facets.taxonomy:Date.taxonomy:Month.taxonomy:DayOfYear.sortedset:Date.sortedset:Month.sortedset:DayOfYear.taxonomy:RandomLabel.sortedset:RandomLabel.Lucene90.Lucene104.dvfields.nd10M -facets taxonomy:Date;Date -facets taxonomy:Month;Month -facets taxonomy:DayOfYear;DayOfYear -facets sortedset:Date;Date -facets sortedset:Month;Month -facets sortedset:DayOfYear;DayOfYear -facets taxonomy:RandomLabel;RandomLabel -facets sortedset:RandomLabel;RandomLabel -analyzer StandardAnalyzer -taskSource /home/goankur/vsearch/util/tasks/wikimedium.10M.nostopwords.tasks -numConcurrentQueries 5 -taskRepeatCount 20 -field body -tasksPerCat 1 -searchConcurrency -1 -staticSeed -8586789 -seed -2238656 -similarity BM25Similarity -commit multi -hiliteImpl FastVectorHighlighter -log /home/goankur/vsearch/logs/FAJc.armA.16 -topN 100 -context  -pk -pollute
      9.8 s
      241.0 actual sustained QPS; -1.0 CPU cores used

Report after iter 16:
QPSChart.supported == False
                            Task     P50 B     P50 C     Diff     P90 B     P90 C     Diff     P99 B     P99 C     Diff    P999 B    P999 C     Diff    P100 B    P100 C     Diff
           ('AndHighHigh', None)     1.775     1.840     3.7%     5.497     6.018     9.5%    10.098    11.244    11.3%    10.098    11.244    11.3%   177.576   188.286     6.0%
('AndHighHighDayTaxoFacets', None)    31.168    30.829    -1.1%    48.599    50.249     3.4%    48.682    53.017     8.9%    48.682    53.017     8.9%    64.906   106.929    64.7%
            ('AndHighLow', None)     0.442     0.432    -2.3%     1.756     1.270   -27.7%     4.735     2.050   -56.7%     4.735     2.050   -56.7%     8.410     2.779   -67.0%
            ('AndHighMed', None)     1.081     1.234    14.1%     6.567     3.250   -50.5%    16.810     3.618   -78.5%    16.810     3.618   -78.5%    17.977    13.934   -22.5%
('AndHighMedDayTaxoFacets', None)     3.752     3.661    -2.4%     5.536     7.361    33.0%     9.283     7.630   -17.8%     9.283     7.630   -17.8%    25.228    15.933   -36.8%
     ('AndMissingHigh', 'Title')     0.316     0.281   -11.0%     0.662     0.661    -0.2%     0.731     0.672    -8.0%     0.731     0.672    -8.0%     1.217     0.935   -23.2%
              ('BM25MSM2', None)    16.380    16.065    -1.9%    29.576    31.788     7.5%    33.119    34.127     3.0%    33.119    34.127     3.0%   276.745   305.712    10.5%
  ('BrowseDateSSDVFacets', None)   371.914   334.472   -10.1%   472.105   391.369   -17.1%   526.793   437.056   -17.0%   526.793   437.056   -17.0%   579.629   494.732   -14.6%
  ('BrowseDateTaxoFacets', None)    72.845    71.728    -1.5%    86.198    84.964    -1.4%    94.791    89.226    -5.9%    94.791    89.226    -5.9%   368.510   140.420   -61.9%
('BrowseDayOfYearSSDVFacets', None)    69.006    63.440    -8.1%    87.523    83.651    -4.4%    90.485    85.927    -5.0%    90.485    85.927    -5.0%   224.150   211.747    -5.5%
('BrowseDayOfYearTaxoFacets', None)    71.217    67.727    -4.9%    91.502    85.671    -6.4%   126.623    90.331   -28.7%   126.623    90.331   -28.7%   188.152   100.267   -46.7%
 ('BrowseMonthSSDVFacets', None)    62.245    67.118     7.8%    75.387    81.903     8.6%    83.708    82.720    -1.2%    83.708    82.720    -1.2%    89.090    99.790    12.0%
 ('BrowseMonthTaxoFacets', None)    27.105    25.602    -5.5%    71.275    71.641     0.5%    93.108    82.094   -11.8%    93.108    82.094   -11.8%   329.820   103.564   -68.6%
('BrowseRandomLabelSSDVFacets', None)    94.675    98.420     4.0%   117.381   112.233    -4.4%   118.668   122.442     3.2%   118.668   122.442     3.2%   249.479   198.321   -20.5%
('BrowseRandomLabelTaxoFacets', None)    89.349    86.197    -3.5%    99.394   105.860     6.5%   140.245   111.179   -20.7%   140.245   111.179   -20.7%   191.253   119.717   -37.4%
             ('ConstMSM2', None)     0.950     0.796   -16.2%     2.026     1.695   -16.3%     4.112     1.904   -53.7%     4.112     1.904   -53.7%    21.220    21.304     0.4%
                ('Fuzzy1', None)    12.680    12.168    -4.0%    16.446    17.440     6.0%    28.110    22.020   -21.7%    28.110    22.020   -21.7%   138.643   122.684   -11.5%
                ('Fuzzy2', None)    13.164    13.246     0.6%    19.222    21.773    13.3%    27.808    41.130    47.9%    27.808    41.130    47.9%    34.324    44.427    29.4%
  ('HighIntervalsOrdered', None)    12.093    11.825    -2.2%    20.590    20.039    -2.7%    21.679    28.275    30.4%    21.679    28.275    30.4%    27.297    42.043    54.0%
            ('HighPhrase', None)    11.054    11.151     0.9%    19.232    19.394     0.8%    20.850    22.762     9.2%    20.850    22.762     9.2%    52.358    23.932   -54.3%
      ('HighSloppyPhrase', None)    10.922    10.661    -2.4%    18.777    20.401     8.6%    24.452    37.456    53.2%    24.452    37.456    53.2%   103.710   148.466    43.2%
          ('HighSpanNear', None)    16.082    17.136     6.6%    34.909    24.066   -31.1%    39.789    53.331    34.0%    39.789    53.331    34.0%    44.497    54.061    21.5%
              ('HighTerm', None)     1.138     1.300    14.3%     2.774     2.135   -23.1%     3.262     2.153   -34.0%     3.262     2.153   -34.0%     4.073    16.264   299.4%
('HighTermDayOfYearSort', 'DayOfYear')     2.081     2.504    20.3%     8.977    16.916    88.4%    28.904    22.611   -21.8%    28.904    22.611   -21.8%    57.985    37.050   -36.1%
  ('HighTermMonthSort', 'Month')     0.672     0.701     4.3%     2.165     1.570   -27.5%     3.454     1.837   -46.8%     3.454     1.837   -46.8%    16.167     2.356   -85.4%
('HighTermTitleBDVSort', 'TitleBinary')     8.733     8.820     1.0%    16.601    17.833     7.4%    18.970    24.352    28.4%    18.970    24.352    28.4%   172.534   182.810     6.0%
  ('HighTermTitleSort', 'Title')     7.816     8.255     5.6%    17.879    27.600    54.4%    41.090    28.547   -30.5%    41.090    28.547   -30.5%    52.084    46.061   -11.6%
                ('IntNRQ', None)     1.254     1.631    30.1%     2.124     2.690    26.7%     3.396     3.094    -8.9%     3.396     3.094    -8.9%   155.718   144.269    -7.4%
                ('IntSet', None)     1.868     1.733    -7.3%     5.001     4.593    -8.2%    14.927     7.707   -48.4%    14.927     7.707   -48.4%    69.181    51.148   -26.1%
   ('LowIntervalsOrdered', None)    14.648    14.724     0.5%    21.325    23.254     9.0%    21.594    23.887    10.6%    21.594    23.887    10.6%    25.707    28.143     9.5%
             ('LowPhrase', None)    11.472    11.437    -0.3%    16.397    17.796     8.5%    19.759    25.603    29.6%    19.759    25.603    29.6%   214.844   304.759    41.9%
       ('LowSloppyPhrase', None)    10.623    12.721    19.7%    17.115    15.883    -7.2%    23.316    25.050     7.4%    23.316    25.050     7.4%    55.247   103.306    87.0%
           ('LowSpanNear', None)     9.441     9.189    -2.7%    17.740    18.027     1.6%    20.351    19.576    -3.8%    20.351    19.576    -3.8%    21.329    21.230    -0.5%
               ('LowTerm', None)     0.444     0.497    11.8%     1.051     0.814   -22.5%     1.095     3.960   261.8%     1.095     3.960   261.8%     2.482    26.155   953.8%
   ('MedIntervalsOrdered', None)     8.416     9.128     8.5%    13.015    16.004    23.0%    23.613    16.767   -29.0%    23.613    16.767   -29.0%   136.923   233.781    70.7%
             ('MedPhrase', None)     5.475     5.361    -2.1%    14.980     9.100   -39.2%    20.394    10.029   -50.8%    20.394    10.029   -50.8%    30.154    23.716   -21.4%
       ('MedSloppyPhrase', None)     4.433     5.413    22.1%     7.601     7.489    -1.5%     7.699    14.096    83.1%     7.699    14.096    83.1%    41.970    45.881     9.3%
           ('MedSpanNear', None)     6.464     7.190    11.2%     7.599     9.760    28.4%    14.293    10.872   -23.9%    14.293    10.872   -23.9%    73.835    62.690   -15.1%
               ('MedTerm', None)     0.683     0.566   -17.1%     1.525     2.127    39.5%     2.195     4.566   108.0%     2.195     4.566   108.0%     5.603    11.260   101.0%
  ('MedTermDayTaxoFacets', None)     9.965    10.439     4.8%    12.137    18.690    54.0%    17.875    28.561    59.8%    17.875    28.561    59.8%   246.827   219.896   -10.9%
            ('OrHighHigh', None)     2.339     2.793    19.4%    10.853     4.627   -57.4%    12.838    12.871     0.3%    12.838    12.871     0.3%    21.969    14.440   -34.3%
             ('OrHighLow', None)     0.822     0.945    14.9%     1.343     1.935    44.1%     3.127     3.080    -1.5%     3.127     3.080    -1.5%     5.964     7.355    23.3%
             ('OrHighMed', None)     0.771     0.853    10.6%     1.741     2.338    34.3%     2.146     4.410   105.5%     2.146     4.410   105.5%    16.406    16.052    -2.2%
('OrHighMedDayTaxoFacets', None)    66.010    71.097     7.7%    97.206    92.116    -5.2%   176.534   146.119   -17.2%   176.534   146.119   -17.2%   394.225   353.233   -10.4%
         ('OrHighNotHigh', None)     1.329     1.271    -4.3%     3.676     3.530    -4.0%     5.833     4.081   -30.0%     5.833     4.081   -30.0%     8.790     9.271     5.5%
          ('OrHighNotLow', None)     1.675     1.587    -5.2%     4.819     6.948    44.2%    10.567    10.374    -1.8%    10.567    10.374    -1.8%    22.267    21.035    -5.5%
          ('OrHighNotMed', None)     1.069     1.057    -1.1%     2.080     2.354    13.2%     2.568     2.356    -8.3%     2.568     2.356    -8.3%     3.747    13.685   265.2%
         ('OrNotHighHigh', None)     1.397     1.425     2.0%     3.939     2.636   -33.1%    22.408     5.427   -75.8%    22.408     5.427   -75.8%   154.230   219.186    42.1%
          ('OrNotHighLow', None)     0.479     0.540    12.6%     1.078     1.315    21.9%     2.922     3.148     7.7%     2.922     3.148     7.7%    17.962    13.902   -22.6%
          ('OrNotHighMed', None)     1.198     1.088    -9.2%     2.237     2.170    -3.0%     2.373     2.319    -2.3%     2.373     2.319    -2.3%    31.730     4.496   -85.8%
                   ('PKLookup',)     5.571     4.881   -12.4%     6.830     6.138   -10.1%    10.883     9.482   -12.9%    10.883     9.482   -12.9%    17.270    25.170    45.7%
               ('Prefix3', None)     0.948     1.134    19.7%     3.469     2.895   -16.5%     4.416     7.134    61.6%     4.416     7.134    61.6%    63.997    51.917   -18.9%
                    ('Respell',)    17.521    16.666    -4.9%    20.926    22.273     6.4%    33.943    23.980   -29.4%    33.943    23.980   -29.4%    93.297    86.004    -7.8%
('TermDateTimeSort', 'DateTime')     2.285     2.450     7.2%     4.937     5.370     8.8%    60.986     8.950   -85.3%    60.986     8.950   -85.3%   156.075   185.392    18.8%
              ('Wildcard', None)     5.328     5.370     0.8%     9.614    11.924    24.0%    11.077    16.242    46.6%    11.077    16.242    46.6%    38.788    43.184    11.3%
                 ('range', None)     0.179     0.171    -4.4%     0.412     0.541    31.3%     0.532     0.552     3.9%     0.532     0.552     3.9%     0.706     0.929    31.7%
                            Task    QPS armA      StdDev    QPS armJ      StdDev                Pct diff p-value
                    OrHighNotLow      586.46      (7.3%)      548.95     (10.5%)   -6.4% ( -22% -   12%) 0.040
                    OrNotHighLow     1842.62      (8.0%)     1725.61      (5.8%)   -6.3% ( -18% -    8%) 0.008
                          Fuzzy1       87.26      (8.4%)       83.47      (6.7%)   -4.3% ( -17% -   11%) 0.095
                      AndHighMed      964.53      (4.8%)      923.27      (6.9%)   -4.3% ( -15% -    7%) 0.035
                         LowTerm     2371.39      (5.6%)     2274.51      (9.9%)   -4.1% ( -18% -   12%) 0.138
                      AndHighLow     2347.59      (8.9%)     2274.17      (6.3%)   -3.1% ( -16% -   13%) 0.238
                       OrHighMed     1153.02     (10.0%)     1119.65      (9.8%)   -2.9% ( -20% -   18%) 0.394
                    OrHighNotMed      896.17     (10.3%)      872.71     (10.9%)   -2.6% ( -21% -   20%) 0.471
                         MedTerm     1679.63      (7.4%)     1644.22      (6.7%)   -2.1% ( -15% -   12%) 0.385
                       OrHighLow     1219.62      (6.0%)     1197.21      (7.8%)   -1.8% ( -14% -   12%) 0.440
       BrowseDayOfYearSSDVFacets       15.70      (4.8%)       15.43      (6.0%)   -1.8% ( -12% -    9%) 0.341
                        HighTerm      912.63      (4.9%)      897.02      (9.3%)   -1.7% ( -15% -   13%) 0.501
                   OrHighNotHigh      773.90      (5.7%)      760.99      (8.8%)   -1.7% ( -15% -   13%) 0.513
         AndHighMedDayTaxoFacets      275.89      (7.2%)      272.16      (5.6%)   -1.4% ( -13% -   12%) 0.542
                          IntNRQ      723.81     (11.3%)      715.10      (9.7%)   -1.2% ( -19% -   22%) 0.739
                   OrNotHighHigh      697.40     (12.5%)      689.86     (11.5%)   -1.1% ( -22% -   26%) 0.792
           BrowseMonthSSDVFacets       16.41      (7.9%)       16.26      (8.5%)   -0.9% ( -16% -   16%) 0.752
               HighTermMonthSort     1476.56      (6.0%)     1463.99      (7.3%)   -0.9% ( -13% -   13%) 0.710
                      OrHighHigh      463.56      (9.1%)      460.05     (11.8%)   -0.8% ( -19% -   22%) 0.834
             MedIntervalsOrdered      103.12      (8.5%)      102.77      (8.3%)   -0.3% ( -15% -   17%) 0.905
                       LowPhrase       89.66      (4.3%)       89.41      (2.9%)   -0.3% (  -7% -    7%) 0.825
             LowIntervalsOrdered       70.94      (3.4%)       70.89      (3.3%)   -0.1% (  -6% -    6%) 0.948
            BrowseDateSSDVFacets        2.79      (6.5%)        2.78      (6.1%)   -0.1% ( -11% -   13%) 0.976
                        Wildcard      193.02      (2.0%)      193.14      (2.3%)    0.1% (  -4% -    4%) 0.932
           BrowseMonthTaxoFacets       34.86     (25.7%)       34.94     (32.4%)    0.3% ( -46% -   78%) 0.980
                 LowSloppyPhrase       92.27      (3.8%)       92.54      (3.2%)    0.3% (  -6% -    7%) 0.806
                        BM25MSM2       58.15      (7.3%)       58.35      (5.2%)    0.3% ( -11% -   13%) 0.873
                          IntSet      700.51      (8.4%)      703.08     (10.2%)    0.4% ( -16% -   20%) 0.909
                HighSloppyPhrase       91.69      (3.1%)       92.03      (3.8%)    0.4% (  -6% -    7%) 0.759
                     AndHighHigh      572.37     (14.9%)      575.23     (13.4%)    0.5% ( -24% -   33%) 0.918
     BrowseRandomLabelSSDVFacets       11.11      (5.3%)       11.17      (5.1%)    0.5% (  -9% -   11%) 0.768
            HighTermTitleBDVSort      110.59      (5.7%)      111.23      (3.7%)    0.6% (  -8% -   10%) 0.726
                         Prefix3      964.17     (11.4%)      970.80     (11.9%)    0.7% ( -20% -   27%) 0.863
               HighTermTitleSort      124.78      (7.2%)      125.67      (8.4%)    0.7% ( -13% -   17%) 0.791
                     LowSpanNear      108.45      (4.0%)      109.35      (3.8%)    0.8% (  -6% -    9%) 0.536
                  AndMissingHigh     3571.70      (8.0%)     3602.60      (6.1%)    0.9% ( -12% -   16%) 0.722
                       ConstMSM2     1294.20      (5.2%)     1305.74      (5.8%)    0.9% (  -9% -   12%) 0.636
                      HighPhrase       92.16      (3.2%)       93.10      (2.6%)    1.0% (  -4% -    7%) 0.313
                      TermDTSort      441.40      (6.1%)      446.17      (5.4%)    1.1% (  -9% -   13%) 0.585
        AndHighHighDayTaxoFacets       33.70      (6.3%)       34.13      (7.0%)    1.3% ( -11% -   15%) 0.576
                       MedPhrase      179.81      (4.3%)      182.33      (3.8%)    1.4% (  -6% -    9%) 0.315
            MedTermDayTaxoFacets       94.60      (4.7%)       95.98      (6.0%)    1.5% (  -8% -   12%) 0.431
                     MedSpanNear      167.33      (9.3%)      170.24     (10.2%)    1.7% ( -16% -   23%) 0.604
                         Respell       63.45      (6.0%)       64.76      (5.3%)    2.1% (  -8% -   14%) 0.292
                          Fuzzy2       80.76      (6.3%)       82.61      (6.8%)    2.3% ( -10% -   16%) 0.309
                 MedSloppyPhrase      211.61     (10.8%)      217.46     (11.2%)    2.8% ( -17% -   27%) 0.463
            HighIntervalsOrdered       79.97      (5.9%)       82.29      (3.8%)    2.9% (  -6% -   13%) 0.089
                    HighSpanNear       58.05      (4.7%)       59.86      (4.6%)    3.1% (  -5% -   13%) 0.051
                    OrNotHighMed      988.85     (10.6%)     1021.27      (6.6%)    3.3% ( -12% -   22%) 0.277
          OrHighMedDayTaxoFacets       14.94      (7.6%)       15.49      (5.5%)    3.6% (  -8% -   18%) 0.109
                        PKLookup      204.44     (11.6%)      212.24      (9.7%)    3.8% ( -15% -   28%) 0.298
           HighTermDayOfYearSort      427.51      (8.9%)      445.18      (9.6%)    4.1% ( -13% -   24%) 0.195
                           range     6334.51      (7.4%)     6610.21     (10.6%)    4.4% ( -12% -   24%) 0.165
     BrowseRandomLabelTaxoFacets       12.08      (5.1%)       13.32     (33.2%)   10.2% ( -26% -   51%) 0.209
            BrowseDateTaxoFacets       14.72      (7.0%)       16.28     (39.8%)   10.6% ( -33% -   61%) 0.282
       BrowseDayOfYearTaxoFacets       15.29      (5.0%)       17.17     (44.3%)   12.3% ( -35% -   64%) 0.256
  iter 17
    armA:
      NOTE: using experimental CPU time profiler (see https://mostlynerdless.de/blog/2025/06/11/java-25s-new-cpu-time-profiler-1)
      log: /home/goankur/vsearch/logs/FAJc.armA.17 + stdout
      run: /usr/bin/perf stat -dd -e task-clock,cycles,instructions,cache-references,cache-misses,L1-dcache-loads,L1-dcache-load-misses,L1-icache-loads,L1-icache-load-misses,LLC-loads,LLC-load-misses,LLC-stores,LLC-store-misses,LLC-prefetches,LLC-prefetch-misses,faults,minor-faults,major-faults,branches,branch-misses,stalled-cycles-frontend,stalled-cycles-backend /home/goankur/jdk/corretto-25/bin/java -server -Xms2g -Xmx2g --add-modules jdk.incubator.vector -XX:+HeapDumpOnOutOfMemoryError -XX:+UseParallelGC -XX:StartFlightRecording=jdk.CPUTimeSample#enabled=true,dumponexit=true,maxsize=250M,settings=/home/goankur/vsearch/util/src/python/profiling.jfc,filename=/home/goankur/vsearch/logs/bench-search-FAJc-armA-17.jfr -XX:+UnlockDiagnosticVMOptions -XX:+DebugNonSafepoints -classpath /home/goankur/vsearch/bo/lucene-A/lucene/core/build/libs/lucene-core-11.0.0-SNAPSHOT.jar:/home/goankur/vsearch/bo/lucene-A/lucene/sandbox/build/classes/java/main:/home/goankur/vsearch/bo/lucene-A/lucene/misc/build/classes/java/main:/home/goankur/vsearch/bo/lucene-A/lucene/facet/build/classes/java/main:/home/goankur/vsearch/bo/lucene-A/lucene/analysis/common/build/classes/java/main:/home/goankur/vsearch/bo/lucene-A/lucene/analysis/icu/build/classes/java/main:/home/goankur/vsearch/bo/lucene-A/lucene/queryparser/build/classes/java/main:/home/goankur/vsearch/bo/lucene-A/lucene/grouping/build/classes/java/main:/home/goankur/vsearch/bo/lucene-A/lucene/suggest/build/classes/java/main:/home/goankur/vsearch/bo/lucene-A/lucene/highlighter/build/classes/java/main:/home/goankur/vsearch/bo/lucene-A/lucene/codecs/build/classes/java/main:/home/goankur/vsearch/bo/lucene-A/lucene/queries/build/classes/java/main:/home/goankur/vsearch/bo/lucene-A/lucene/join/build/classes/java/main:/home/goankur/vsearch/bo/lucene-A/lucene/spatial3d/build/classes/java/main:/home/goankur/vsearch/util/lib/HdrHistogram.jar:/home/goankur/vsearch/util/src/main/build/classes/java/main:/home/goankur/vsearch/util/build perf.SearchPerfTest -dirImpl MMapDirectory -indexPath /home/goankur/vsearch/indices/wikimedium10m.lucene-A.facets.taxonomy:Date.taxonomy:Month.taxonomy:DayOfYear.sortedset:Date.sortedset:Month.sortedset:DayOfYear.taxonomy:RandomLabel.sortedset:RandomLabel.Lucene90.Lucene104.dvfields.nd10M -facets taxonomy:Date;Date -facets taxonomy:Month;Month -facets taxonomy:DayOfYear;DayOfYear -facets sortedset:Date;Date -facets sortedset:Month;Month -facets sortedset:DayOfYear;DayOfYear -facets taxonomy:RandomLabel;RandomLabel -facets sortedset:RandomLabel;RandomLabel -analyzer StandardAnalyzer -taskSource /home/goankur/vsearch/util/tasks/wikimedium.10M.nostopwords.tasks -numConcurrentQueries 5 -taskRepeatCount 20 -field body -tasksPerCat 1 -searchConcurrency -1 -staticSeed -8586789 -seed -2606030 -similarity BM25Similarity -commit multi -hiliteImpl FastVectorHighlighter -log /home/goankur/vsearch/logs/FAJc.armA.17 -topN 100 -context  -pk -pollute
      10.1 s
      227.6 actual sustained QPS; -1.0 CPU cores used
    armJ:
      NOTE: using experimental CPU time profiler (see https://mostlynerdless.de/blog/2025/06/11/java-25s-new-cpu-time-profiler-1)
      log: /home/goankur/vsearch/logs/FAJc.armJ.17 + stdout
      run: /usr/bin/perf stat -dd -e task-clock,cycles,instructions,cache-references,cache-misses,L1-dcache-loads,L1-dcache-load-misses,L1-icache-loads,L1-icache-load-misses,LLC-loads,LLC-load-misses,LLC-stores,LLC-store-misses,LLC-prefetches,LLC-prefetch-misses,faults,minor-faults,major-faults,branches,branch-misses,stalled-cycles-frontend,stalled-cycles-backend /home/goankur/jdk/corretto-25/bin/java -server -Xms2g -Xmx2g --add-modules jdk.incubator.vector -XX:+HeapDumpOnOutOfMemoryError -XX:+UseParallelGC -XX:StartFlightRecording=jdk.CPUTimeSample#enabled=true,dumponexit=true,maxsize=250M,settings=/home/goankur/vsearch/util/src/python/profiling.jfc,filename=/home/goankur/vsearch/logs/bench-search-FAJc-armJ-17.jfr -XX:+UnlockDiagnosticVMOptions -XX:+DebugNonSafepoints -classpath /home/goankur/vsearch/bo/lucene-J/lucene/core/build/libs/lucene-core-11.0.0-SNAPSHOT.jar:/home/goankur/vsearch/bo/lucene-J/lucene/sandbox/build/classes/java/main:/home/goankur/vsearch/bo/lucene-J/lucene/misc/build/classes/java/main:/home/goankur/vsearch/bo/lucene-J/lucene/facet/build/classes/java/main:/home/goankur/vsearch/bo/lucene-J/lucene/analysis/common/build/classes/java/main:/home/goankur/vsearch/bo/lucene-J/lucene/analysis/icu/build/classes/java/main:/home/goankur/vsearch/bo/lucene-J/lucene/queryparser/build/classes/java/main:/home/goankur/vsearch/bo/lucene-J/lucene/grouping/build/classes/java/main:/home/goankur/vsearch/bo/lucene-J/lucene/suggest/build/classes/java/main:/home/goankur/vsearch/bo/lucene-J/lucene/highlighter/build/classes/java/main:/home/goankur/vsearch/bo/lucene-J/lucene/codecs/build/classes/java/main:/home/goankur/vsearch/bo/lucene-J/lucene/queries/build/classes/java/main:/home/goankur/vsearch/bo/lucene-J/lucene/join/build/classes/java/main:/home/goankur/vsearch/bo/lucene-J/lucene/spatial3d/build/classes/java/main:/home/goankur/vsearch/util/lib/HdrHistogram.jar:/home/goankur/vsearch/util/src/main/build/classes/java/main:/home/goankur/vsearch/util/build perf.SearchPerfTest -dirImpl MMapDirectory -indexPath /home/goankur/vsearch/indices/wikimedium10m.lucene-A.facets.taxonomy:Date.taxonomy:Month.taxonomy:DayOfYear.sortedset:Date.sortedset:Month.sortedset:DayOfYear.taxonomy:RandomLabel.sortedset:RandomLabel.Lucene90.Lucene104.dvfields.nd10M -facets taxonomy:Date;Date -facets taxonomy:Month;Month -facets taxonomy:DayOfYear;DayOfYear -facets sortedset:Date;Date -facets sortedset:Month;Month -facets sortedset:DayOfYear;DayOfYear -facets taxonomy:RandomLabel;RandomLabel -facets sortedset:RandomLabel;RandomLabel -analyzer StandardAnalyzer -taskSource /home/goankur/vsearch/util/tasks/wikimedium.10M.nostopwords.tasks -numConcurrentQueries 5 -taskRepeatCount 20 -field body -tasksPerCat 1 -searchConcurrency -1 -staticSeed -8586789 -seed -2606030 -similarity BM25Similarity -commit multi -hiliteImpl FastVectorHighlighter -log /home/goankur/vsearch/logs/FAJc.armJ.17 -topN 100 -context  -pk -pollute
      9.8 s
      244.3 actual sustained QPS; -1.0 CPU cores used

Report after iter 17:
QPSChart.supported == False
                            Task     P50 B     P50 C     Diff     P90 B     P90 C     Diff     P99 B     P99 C     Diff    P999 B    P999 C     Diff    P100 B    P100 C     Diff
           ('AndHighHigh', None)     1.612     1.651     2.4%     4.056     4.269     5.3%     7.385     5.060   -31.5%     7.385     5.060   -31.5%    26.306     8.244   -68.7%
('AndHighHighDayTaxoFacets', None)    31.535    31.858     1.0%    45.495    35.254   -22.5%   192.362    48.705   -74.7%   192.362    48.705   -74.7%   234.790   122.959   -47.6%
            ('AndHighLow', None)     0.462     0.433    -6.4%     1.356     1.111   -18.1%     2.162     1.338   -38.1%     2.162     1.338   -38.1%     3.359     1.395   -58.5%
            ('AndHighMed', None)     1.160     1.339    15.4%     2.912     2.525   -13.3%     5.735     2.978   -48.1%     5.735     2.978   -48.1%    27.809    22.205   -20.2%
('AndHighMedDayTaxoFacets', None)     3.476     3.597     3.5%     5.059     6.800    34.4%    19.769    18.746    -5.2%    19.769    18.746    -5.2%    23.992    19.516   -18.7%
     ('AndMissingHigh', 'Title')     0.295     0.291    -1.3%     0.787     0.804     2.1%     0.798     0.825     3.4%     0.798     0.825     3.4%    23.199     8.637   -62.8%
              ('BM25MSM2', None)    16.608    18.004     8.4%    39.606    27.281   -31.1%    41.035    37.103    -9.6%    41.035    37.103    -9.6%   191.588   204.584     6.8%
  ('BrowseDateSSDVFacets', None)   333.867   338.708     1.4%   378.520   370.186    -2.2%   395.247   399.533     1.1%   395.247   399.533     1.1%   609.479  1098.882    80.3%
  ('BrowseDateTaxoFacets', None)    76.030    64.215   -15.5%    97.729    77.088   -21.1%   107.902    78.015   -27.7%   107.902    78.015   -27.7%   109.929    80.128   -27.1%
('BrowseDayOfYearSSDVFacets', None)    68.183    74.660     9.5%    92.402    87.395    -5.4%   132.467    88.040   -33.5%   132.467    88.040   -33.5%   165.673   605.137   265.3%
('BrowseDayOfYearTaxoFacets', None)    74.735    65.337   -12.6%   108.561    77.997   -28.2%   114.237    78.580   -31.2%   114.237    78.580   -31.2%   216.844   153.117   -29.4%
 ('BrowseMonthSSDVFacets', None)    68.479    62.957    -8.1%    82.269    80.656    -2.0%    84.398   209.355   148.1%    84.398   209.355   148.1%   103.303   528.872   412.0%
 ('BrowseMonthTaxoFacets', None)    27.915    25.118   -10.0%    89.322    35.676   -60.1%   102.158    77.857   -23.8%   102.158    77.857   -23.8%   273.226   262.553    -3.9%
('BrowseRandomLabelSSDVFacets', None)    97.755    86.064   -12.0%   124.003   107.734   -13.1%   127.912   123.466    -3.5%   127.912   123.466    -3.5%   167.303   486.941   191.1%
('BrowseRandomLabelTaxoFacets', None)    86.145    77.999    -9.5%   106.918    95.990   -10.2%   124.439    99.849   -19.8%   124.439    99.849   -19.8%   156.542   165.015     5.4%
             ('ConstMSM2', None)     0.805     0.747    -7.2%     2.992     1.573   -47.4%    10.386     2.180   -79.0%    10.386     2.180   -79.0%    20.858    24.351    16.7%
                ('Fuzzy1', None)    12.546    13.079     4.3%    25.366    22.576   -11.0%    44.722    23.198   -48.1%    44.722    23.198   -48.1%   179.715   138.313   -23.0%
                ('Fuzzy2', None)    13.237    12.917    -2.4%    22.189    18.285   -17.6%    43.259    40.628    -6.1%    43.259    40.628    -6.1%    66.882    60.978    -8.8%
  ('HighIntervalsOrdered', None)    15.309    14.116    -7.8%    23.983    21.205   -11.6%    24.540    21.894   -10.8%    24.540    21.894   -10.8%   204.133   132.942   -34.9%
            ('HighPhrase', None)    11.379    11.620     2.1%    18.750    19.018     1.4%    56.098    27.089   -51.7%    56.098    27.089   -51.7%    69.770    30.496   -56.3%
      ('HighSloppyPhrase', None)    11.667    12.391     6.2%    23.659    22.039    -6.8%    35.615    22.361   -37.2%    35.615    22.361   -37.2%   121.625    94.789   -22.1%
          ('HighSpanNear', None)    23.608    21.031   -10.9%    45.913    31.571   -31.2%    48.356    33.319   -31.1%    48.356    33.319   -31.1%    69.836    52.763   -24.4%
              ('HighTerm', None)     1.139     1.134    -0.5%     5.802     3.377   -41.8%    13.886     4.804   -65.4%    13.886     4.804   -65.4%    14.097    36.099   156.1%
('HighTermDayOfYearSort', 'DayOfYear')     3.339     2.478   -25.8%     6.408     6.531     1.9%    20.055    16.859   -15.9%    20.055    16.859   -15.9%    52.319    43.471   -16.9%
  ('HighTermMonthSort', 'Month')     0.662     0.666     0.6%     2.664     1.251   -53.0%     3.219     1.971   -38.8%     3.219     1.971   -38.8%    20.164    14.362   -28.8%
('HighTermTitleBDVSort', 'TitleBinary')    10.878     9.592   -11.8%    28.694    21.610   -24.7%    37.366    34.575    -7.5%    37.366    34.575    -7.5%    60.936    72.315    18.7%
  ('HighTermTitleSort', 'Title')     8.042     9.220    14.7%    15.431    15.186    -1.6%    52.269    43.003   -17.7%    52.269    43.003   -17.7%    70.080    53.420   -23.8%
                ('IntNRQ', None)     1.599     1.552    -2.9%     5.540     5.450    -1.6%     6.071     6.720    10.7%     6.071     6.720    10.7%    75.540    81.665     8.1%
                ('IntSet', None)     1.747     1.695    -3.0%     5.682     4.880   -14.1%    19.455     7.287   -62.5%    19.455     7.287   -62.5%    33.326    56.732    70.2%
   ('LowIntervalsOrdered', None)    16.358    15.966    -2.4%    28.233    23.927   -15.3%    34.965    26.889   -23.1%    34.965    26.889   -23.1%    57.263    32.056   -44.0%
             ('LowPhrase', None)    11.432    12.146     6.2%    20.337    19.075    -6.2%    45.538    28.181   -38.1%    45.538    28.181   -38.1%   152.841   103.067   -32.6%
       ('LowSloppyPhrase', None)    11.593    11.120    -4.1%    17.775    17.505    -1.5%    19.272    28.020    45.4%    19.272    28.020    45.4%    43.803    36.114   -17.6%
           ('LowSpanNear', None)    10.299     9.983    -3.1%    27.232    16.831   -38.2%    41.307    20.013   -51.5%    41.307    20.013   -51.5%   130.408   158.359    21.4%
               ('LowTerm', None)     0.413     0.459    11.0%     1.834     1.169   -36.2%     2.449     1.911   -22.0%     2.449     1.911   -22.0%     6.778     2.180   -67.8%
   ('MedIntervalsOrdered', None)    12.502    10.932   -12.6%    14.904    14.760    -1.0%    16.315    18.195    11.5%    16.315    18.195    11.5%    18.956    19.763     4.3%
             ('MedPhrase', None)     6.367     5.775    -9.3%    23.878    12.597   -47.2%    39.661    18.090   -54.4%    39.661    18.090   -54.4%    48.714    56.582    16.2%
       ('MedSloppyPhrase', None)     5.626     4.754   -15.5%     9.598     6.649   -30.7%    12.891    10.603   -17.7%    12.891    10.603   -17.7%    50.610    16.154   -68.1%
           ('MedSpanNear', None)     8.658     6.055   -30.1%    12.821    10.699   -16.5%    18.126    19.662     8.5%    18.126    19.662     8.5%    38.695    53.089    37.2%
               ('MedTerm', None)     0.605     0.685    13.2%     1.733     2.761    59.3%     2.226     5.040   126.4%     2.226     5.040   126.4%    14.696     5.178   -64.8%
  ('MedTermDayTaxoFacets', None)    10.126    10.635     5.0%    18.688    16.629   -11.0%    48.435    27.914   -42.4%    48.435    27.914   -42.4%    79.435    67.816   -14.6%
            ('OrHighHigh', None)     2.300     3.014    31.0%     5.904     4.854   -17.8%     6.962    10.388    49.2%     6.962    10.388    49.2%   160.815   174.090     8.3%
             ('OrHighLow', None)     0.797     0.920    15.4%     2.324     1.718   -26.1%     4.140     2.007   -51.5%     4.140     2.007   -51.5%     7.463     8.177     9.6%
             ('OrHighMed', None)     0.902     0.933     3.4%     2.776     2.407   -13.3%     3.242    24.776   664.3%     3.242    24.776   664.3%   202.944   185.892    -8.4%
('OrHighMedDayTaxoFacets', None)    73.469    63.031   -14.2%   173.531    76.375   -56.0%   361.156   154.178   -57.3%   361.156   154.178   -57.3%   587.698   491.608   -16.4%
         ('OrHighNotHigh', None)     1.243     1.286     3.4%     5.378     5.093    -5.3%    10.833     6.788   -37.3%    10.833     6.788   -37.3%    17.661    19.939    12.9%
          ('OrHighNotLow', None)     1.598     2.012    25.9%     5.504     3.080   -44.0%    23.139     3.366   -85.5%    23.139     3.366   -85.5%    28.604    22.235   -22.3%
          ('OrHighNotMed', None)     1.082     1.265    16.9%     3.690     6.481    75.6%     9.844    10.805     9.8%     9.844    10.805     9.8%    22.769    21.694    -4.7%
         ('OrNotHighHigh', None)     1.392     1.393     0.1%     2.494     4.247    70.3%    11.338    14.866    31.1%    11.338    14.866    31.1%    11.951    18.911    58.2%
          ('OrNotHighLow', None)     0.652     0.720    10.6%     1.831     1.595   -12.9%     1.954     1.951    -0.2%     1.954     1.951    -0.2%    16.379     5.901   -64.0%
          ('OrNotHighMed', None)     1.176     1.013   -13.9%     3.050     2.957    -3.0%     7.787     3.632   -53.4%     7.787     3.632   -53.4%     9.869     4.621   -53.2%
                   ('PKLookup',)     4.901     5.576    13.8%     8.458     7.449   -11.9%    12.013    19.989    66.4%    12.013    19.989    66.4%    48.627    66.301    36.3%
               ('Prefix3', None)     1.102     1.291    17.2%     5.137     4.512   -12.2%     6.061     8.999    48.5%     6.061     8.999    48.5%   118.944   120.571     1.4%
                    ('Respell',)    14.188    17.667    24.5%    31.985    21.484   -32.8%    71.849    33.172   -53.8%    71.849    33.172   -53.8%    86.723    96.964    11.8%
('TermDateTimeSort', 'DateTime')     2.633     3.145    19.4%     8.056     9.525    18.2%    12.773    13.210     3.4%    12.773    13.210     3.4%   149.300   116.552   -21.9%
              ('Wildcard', None)     5.549     5.486    -1.1%    22.453    16.362   -27.1%    24.099    17.235   -28.5%    24.099    17.235   -28.5%    24.537    26.945     9.8%
                 ('range', None)     0.182     0.159   -12.9%     0.479     0.713    48.8%     0.751     1.057    40.7%     0.751     1.057    40.7%     0.780     2.361   202.6%
                            Task    QPS armA      StdDev    QPS armJ      StdDev                Pct diff p-value
                    OrNotHighLow     1832.07      (8.2%)     1707.42      (7.0%)   -6.8% ( -20% -    9%) 0.008
                    OrHighNotLow      589.03      (7.3%)      552.52     (10.5%)   -6.2% ( -22% -   12%) 0.040
                      AndHighMed      963.41      (4.7%)      918.38      (7.0%)   -4.7% ( -15% -    7%) 0.018
                         LowTerm     2376.23      (5.5%)     2274.28      (9.5%)   -4.3% ( -18% -   11%) 0.099
                          Fuzzy1       86.85      (8.4%)       83.27      (6.6%)   -4.1% ( -17% -   11%) 0.101
                       OrHighMed     1156.50      (9.8%)     1119.77      (9.5%)   -3.2% ( -20% -   17%) 0.322
                      AndHighLow     2348.11      (8.7%)     2282.00      (6.3%)   -2.8% ( -16% -   13%) 0.264
                    OrHighNotMed      899.39     (10.1%)      875.31     (10.6%)   -2.7% ( -21% -   19%) 0.437
                         MedTerm     1679.64      (7.2%)     1636.87      (6.7%)   -2.5% ( -15% -   12%) 0.274
                      OrHighHigh      463.39      (8.9%)      453.42     (13.0%)   -2.2% ( -22% -   21%) 0.561
       BrowseDayOfYearSSDVFacets       15.65      (4.9%)       15.33      (6.4%)   -2.1% ( -12% -    9%) 0.282
                       OrHighLow     1222.05      (5.8%)     1197.66      (7.5%)   -2.0% ( -14% -   12%) 0.375
                        HighTerm      913.88      (4.8%)      896.76      (9.0%)   -1.9% ( -14% -   12%) 0.435
                   OrHighNotHigh      776.91      (5.8%)      764.31      (8.7%)   -1.6% ( -15% -   13%) 0.511
         AndHighMedDayTaxoFacets      276.84      (7.1%)      272.70      (5.5%)   -1.5% ( -13% -   11%) 0.481
                   OrNotHighHigh      699.59     (12.1%)      692.18     (11.2%)   -1.1% ( -21% -   25%) 0.785
               HighTermMonthSort     1481.85      (6.0%)     1467.85      (7.2%)   -0.9% ( -13% -   12%) 0.667
                       LowPhrase       89.68      (4.1%)       89.04      (3.3%)   -0.7% (  -7% -    7%) 0.570
                         Prefix3      970.60     (11.4%)      965.42     (11.7%)   -0.5% ( -21% -   25%) 0.890
           BrowseMonthSSDVFacets       16.32      (8.1%)       16.26      (8.3%)   -0.3% ( -15% -   17%) 0.903
            BrowseDateSSDVFacets        2.80      (6.6%)        2.79      (6.1%)   -0.2% ( -12% -   13%) 0.919
                          IntNRQ      719.10     (11.3%)      718.51      (9.7%)   -0.1% ( -18% -   23%) 0.982
             LowIntervalsOrdered       70.43      (4.5%)       70.45      (4.1%)    0.0% (  -8% -    9%) 0.988
                        BM25MSM2       58.27      (7.2%)       58.30      (5.0%)    0.1% ( -11% -   13%) 0.976
                HighSloppyPhrase       91.43      (3.3%)       91.55      (4.3%)    0.1% (  -7% -    8%) 0.923
                        Wildcard      192.61      (2.2%)      192.85      (2.3%)    0.1% (  -4% -    4%) 0.866
               HighTermTitleSort      125.25      (7.1%)      125.54      (8.1%)    0.2% ( -14% -   16%) 0.928
                     AndHighHigh      575.81     (14.6%)      577.96     (13.1%)    0.4% ( -23% -   32%) 0.936
                 LowSloppyPhrase       92.05      (3.8%)       92.45      (3.2%)    0.4% (  -6% -    7%) 0.715
                      TermDTSort      440.06      (6.1%)      442.22      (6.5%)    0.5% ( -11% -   13%) 0.815
             MedIntervalsOrdered      101.87      (9.8%)      102.56      (8.2%)    0.7% ( -15% -   20%) 0.823
            HighTermTitleBDVSort      110.27      (5.7%)      111.11      (3.7%)    0.8% (  -8% -   10%) 0.633
                          IntSet      694.05      (9.1%)      699.77     (10.2%)    0.8% ( -16% -   22%) 0.799
           BrowseMonthTaxoFacets       34.97     (24.9%)       35.27     (31.6%)    0.9% ( -44% -   76%) 0.926
            MedTermDayTaxoFacets       95.07      (5.0%)       95.95      (5.8%)    0.9% (  -9% -   12%) 0.608
                      HighPhrase       91.97      (3.3%)       92.84      (2.8%)    0.9% (  -4% -    7%) 0.351
        AndHighHighDayTaxoFacets       33.67      (6.1%)       34.02      (7.0%)    1.0% ( -11% -   15%) 0.636
                     LowSpanNear      107.87      (4.5%)      109.03      (4.0%)    1.1% (  -7% -    9%) 0.448
                  AndMissingHigh     3584.58      (7.8%)     3625.05      (6.4%)    1.1% ( -12% -   16%) 0.637
     BrowseRandomLabelSSDVFacets       11.07      (5.4%)       11.21      (5.1%)    1.2% (  -8% -   12%) 0.486
                         Respell       63.96      (6.7%)       64.75      (5.1%)    1.2% (  -9% -   14%) 0.536
                       ConstMSM2     1294.47      (5.0%)     1310.79      (5.9%)    1.3% (  -9% -   12%) 0.488
                       MedPhrase      179.46      (4.3%)      181.96      (3.8%)    1.4% (  -6% -    9%) 0.302
                          Fuzzy2       80.63      (6.2%)       82.36      (6.8%)    2.1% ( -10% -   16%) 0.320
                        PKLookup      205.09     (11.3%)      210.55     (10.0%)    2.7% ( -16% -   26%) 0.454
            HighIntervalsOrdered       79.21      (7.1%)       81.76      (4.7%)    3.2% (  -7% -   16%) 0.107
                     MedSpanNear      164.79     (11.3%)      170.25     (10.0%)    3.3% ( -16% -   27%) 0.352
                 MedSloppyPhrase      209.91     (11.1%)      217.19     (11.0%)    3.5% ( -16% -   28%) 0.346
                    HighSpanNear       57.21      (7.7%)       59.38      (5.8%)    3.8% (  -9% -   18%) 0.096
                    OrNotHighMed      982.23     (10.7%)     1022.71      (6.5%)    4.1% ( -11% -   23%) 0.162
          OrHighMedDayTaxoFacets       14.88      (7.6%)       15.52      (5.4%)    4.3% (  -8% -   18%) 0.052
           HighTermDayOfYearSort      424.90      (9.1%)      444.56      (9.4%)    4.6% ( -12% -   25%) 0.134
                           range     6292.98      (7.8%)     6613.32     (10.3%)    5.1% ( -12% -   25%) 0.095
     BrowseRandomLabelTaxoFacets       12.08      (5.0%)       13.29     (32.2%)   10.1% ( -25% -   49%) 0.190
            BrowseDateTaxoFacets       14.64      (7.2%)       16.23     (38.9%)   10.8% ( -32% -   61%) 0.245
       BrowseDayOfYearTaxoFacets       15.20      (5.6%)       17.07     (43.3%)   12.3% ( -34% -   64%) 0.230
  iter 18
    armJ:
      NOTE: using experimental CPU time profiler (see https://mostlynerdless.de/blog/2025/06/11/java-25s-new-cpu-time-profiler-1)
      log: /home/goankur/vsearch/logs/FAJc.armJ.18 + stdout
      run: /usr/bin/perf stat -dd -e task-clock,cycles,instructions,cache-references,cache-misses,L1-dcache-loads,L1-dcache-load-misses,L1-icache-loads,L1-icache-load-misses,LLC-loads,LLC-load-misses,LLC-stores,LLC-store-misses,LLC-prefetches,LLC-prefetch-misses,faults,minor-faults,major-faults,branches,branch-misses,stalled-cycles-frontend,stalled-cycles-backend /home/goankur/jdk/corretto-25/bin/java -server -Xms2g -Xmx2g --add-modules jdk.incubator.vector -XX:+HeapDumpOnOutOfMemoryError -XX:+UseParallelGC -XX:StartFlightRecording=jdk.CPUTimeSample#enabled=true,dumponexit=true,maxsize=250M,settings=/home/goankur/vsearch/util/src/python/profiling.jfc,filename=/home/goankur/vsearch/logs/bench-search-FAJc-armJ-18.jfr -XX:+UnlockDiagnosticVMOptions -XX:+DebugNonSafepoints -classpath /home/goankur/vsearch/bo/lucene-J/lucene/core/build/libs/lucene-core-11.0.0-SNAPSHOT.jar:/home/goankur/vsearch/bo/lucene-J/lucene/sandbox/build/classes/java/main:/home/goankur/vsearch/bo/lucene-J/lucene/misc/build/classes/java/main:/home/goankur/vsearch/bo/lucene-J/lucene/facet/build/classes/java/main:/home/goankur/vsearch/bo/lucene-J/lucene/analysis/common/build/classes/java/main:/home/goankur/vsearch/bo/lucene-J/lucene/analysis/icu/build/classes/java/main:/home/goankur/vsearch/bo/lucene-J/lucene/queryparser/build/classes/java/main:/home/goankur/vsearch/bo/lucene-J/lucene/grouping/build/classes/java/main:/home/goankur/vsearch/bo/lucene-J/lucene/suggest/build/classes/java/main:/home/goankur/vsearch/bo/lucene-J/lucene/highlighter/build/classes/java/main:/home/goankur/vsearch/bo/lucene-J/lucene/codecs/build/classes/java/main:/home/goankur/vsearch/bo/lucene-J/lucene/queries/build/classes/java/main:/home/goankur/vsearch/bo/lucene-J/lucene/join/build/classes/java/main:/home/goankur/vsearch/bo/lucene-J/lucene/spatial3d/build/classes/java/main:/home/goankur/vsearch/util/lib/HdrHistogram.jar:/home/goankur/vsearch/util/src/main/build/classes/java/main:/home/goankur/vsearch/util/build perf.SearchPerfTest -dirImpl MMapDirectory -indexPath /home/goankur/vsearch/indices/wikimedium10m.lucene-A.facets.taxonomy:Date.taxonomy:Month.taxonomy:DayOfYear.sortedset:Date.sortedset:Month.sortedset:DayOfYear.taxonomy:RandomLabel.sortedset:RandomLabel.Lucene90.Lucene104.dvfields.nd10M -facets taxonomy:Date;Date -facets taxonomy:Month;Month -facets taxonomy:DayOfYear;DayOfYear -facets sortedset:Date;Date -facets sortedset:Month;Month -facets sortedset:DayOfYear;DayOfYear -facets taxonomy:RandomLabel;RandomLabel -facets sortedset:RandomLabel;RandomLabel -analyzer StandardAnalyzer -taskSource /home/goankur/vsearch/util/tasks/wikimedium.10M.nostopwords.tasks -numConcurrentQueries 5 -taskRepeatCount 20 -field body -tasksPerCat 1 -searchConcurrency -1 -staticSeed -8586789 -seed -147119 -similarity BM25Similarity -commit multi -hiliteImpl FastVectorHighlighter -log /home/goankur/vsearch/logs/FAJc.armJ.18 -topN 100 -context  -pk -pollute
      9.8 s
      233.2 actual sustained QPS; -1.0 CPU cores used
    armA:
      NOTE: using experimental CPU time profiler (see https://mostlynerdless.de/blog/2025/06/11/java-25s-new-cpu-time-profiler-1)
      log: /home/goankur/vsearch/logs/FAJc.armA.18 + stdout
      run: /usr/bin/perf stat -dd -e task-clock,cycles,instructions,cache-references,cache-misses,L1-dcache-loads,L1-dcache-load-misses,L1-icache-loads,L1-icache-load-misses,LLC-loads,LLC-load-misses,LLC-stores,LLC-store-misses,LLC-prefetches,LLC-prefetch-misses,faults,minor-faults,major-faults,branches,branch-misses,stalled-cycles-frontend,stalled-cycles-backend /home/goankur/jdk/corretto-25/bin/java -server -Xms2g -Xmx2g --add-modules jdk.incubator.vector -XX:+HeapDumpOnOutOfMemoryError -XX:+UseParallelGC -XX:StartFlightRecording=jdk.CPUTimeSample#enabled=true,dumponexit=true,maxsize=250M,settings=/home/goankur/vsearch/util/src/python/profiling.jfc,filename=/home/goankur/vsearch/logs/bench-search-FAJc-armA-18.jfr -XX:+UnlockDiagnosticVMOptions -XX:+DebugNonSafepoints -classpath /home/goankur/vsearch/bo/lucene-A/lucene/core/build/libs/lucene-core-11.0.0-SNAPSHOT.jar:/home/goankur/vsearch/bo/lucene-A/lucene/sandbox/build/classes/java/main:/home/goankur/vsearch/bo/lucene-A/lucene/misc/build/classes/java/main:/home/goankur/vsearch/bo/lucene-A/lucene/facet/build/classes/java/main:/home/goankur/vsearch/bo/lucene-A/lucene/analysis/common/build/classes/java/main:/home/goankur/vsearch/bo/lucene-A/lucene/analysis/icu/build/classes/java/main:/home/goankur/vsearch/bo/lucene-A/lucene/queryparser/build/classes/java/main:/home/goankur/vsearch/bo/lucene-A/lucene/grouping/build/classes/java/main:/home/goankur/vsearch/bo/lucene-A/lucene/suggest/build/classes/java/main:/home/goankur/vsearch/bo/lucene-A/lucene/highlighter/build/classes/java/main:/home/goankur/vsearch/bo/lucene-A/lucene/codecs/build/classes/java/main:/home/goankur/vsearch/bo/lucene-A/lucene/queries/build/classes/java/main:/home/goankur/vsearch/bo/lucene-A/lucene/join/build/classes/java/main:/home/goankur/vsearch/bo/lucene-A/lucene/spatial3d/build/classes/java/main:/home/goankur/vsearch/util/lib/HdrHistogram.jar:/home/goankur/vsearch/util/src/main/build/classes/java/main:/home/goankur/vsearch/util/build perf.SearchPerfTest -dirImpl MMapDirectory -indexPath /home/goankur/vsearch/indices/wikimedium10m.lucene-A.facets.taxonomy:Date.taxonomy:Month.taxonomy:DayOfYear.sortedset:Date.sortedset:Month.sortedset:DayOfYear.taxonomy:RandomLabel.sortedset:RandomLabel.Lucene90.Lucene104.dvfields.nd10M -facets taxonomy:Date;Date -facets taxonomy:Month;Month -facets taxonomy:DayOfYear;DayOfYear -facets sortedset:Date;Date -facets sortedset:Month;Month -facets sortedset:DayOfYear;DayOfYear -facets taxonomy:RandomLabel;RandomLabel -facets sortedset:RandomLabel;RandomLabel -analyzer StandardAnalyzer -taskSource /home/goankur/vsearch/util/tasks/wikimedium.10M.nostopwords.tasks -numConcurrentQueries 5 -taskRepeatCount 20 -field body -tasksPerCat 1 -searchConcurrency -1 -staticSeed -8586789 -seed -147119 -similarity BM25Similarity -commit multi -hiliteImpl FastVectorHighlighter -log /home/goankur/vsearch/logs/FAJc.armA.18 -topN 100 -context  -pk -pollute
      9.7 s
      240.3 actual sustained QPS; -1.0 CPU cores used

Report after iter 18:
QPSChart.supported == False
                            Task     P50 B     P50 C     Diff     P90 B     P90 C     Diff     P99 B     P99 C     Diff    P999 B    P999 C     Diff    P100 B    P100 C     Diff
           ('AndHighHigh', None)     2.524     2.475    -1.9%    10.266     4.358   -57.5%    12.358     5.596   -54.7%    12.358     5.596   -54.7%    23.821    24.998     4.9%
('AndHighHighDayTaxoFacets', None)    30.992    31.758     2.5%    44.856    44.186    -1.5%    46.567    80.857    73.6%    46.567    80.857    73.6%   165.169   185.205    12.1%
            ('AndHighLow', None)     0.486     0.463    -4.6%     1.625     1.511    -7.0%     2.382     1.534   -35.6%     2.382     1.534   -35.6%    53.729    51.670    -3.8%
            ('AndHighMed', None)     0.973     1.032     6.1%     4.557     1.886   -58.6%     5.850     6.655    13.8%     5.850     6.655    13.8%     7.914    11.178    41.2%
('AndHighMedDayTaxoFacets', None)     3.549     3.613     1.8%     7.418     6.027   -18.7%    22.130    35.084    58.5%    22.130    35.084    58.5%   241.362   193.034   -20.0%
     ('AndMissingHigh', 'Title')     0.296     0.317     7.1%     1.403     0.728   -48.1%     5.054     1.066   -78.9%     5.054     1.066   -78.9%     5.221     3.035   -41.9%
              ('BM25MSM2', None)    16.593    17.162     3.4%    25.219    26.493     5.1%   111.937    33.662   -69.9%   111.937    33.662   -69.9%   138.365   198.029    43.1%
  ('BrowseDateSSDVFacets', None)   376.787   375.886    -0.2%   430.720   466.208     8.2%   494.222   488.332    -1.2%   494.222   488.332    -1.2%   653.600   695.294     6.4%
  ('BrowseDateTaxoFacets', None)    75.887    64.290   -15.3%    86.813    73.573   -15.3%    87.546    75.270   -14.0%    87.546    75.270   -14.0%   107.801    78.175   -27.5%
('BrowseDayOfYearSSDVFacets', None)    65.024    74.786    15.0%    74.496    88.237    18.4%    85.231    91.650     7.5%    85.231    91.650     7.5%   138.079   121.792   -11.8%
('BrowseDayOfYearTaxoFacets', None)    67.431    61.082    -9.4%    85.465    76.483   -10.5%   101.150    84.970   -16.0%   101.150    84.970   -16.0%   389.545   357.540    -8.2%
 ('BrowseMonthSSDVFacets', None)    68.078    64.094    -5.9%    83.367    80.761    -3.1%    84.786    80.777    -4.7%    84.786    80.777    -4.7%    86.033    91.209     6.0%
 ('BrowseMonthTaxoFacets', None)    25.723    22.714   -11.7%    73.123    30.304   -58.6%    92.589    81.609   -11.9%    92.589    81.609   -11.9%   148.910   155.750     4.6%
('BrowseRandomLabelSSDVFacets', None)    84.078    95.721    13.8%   105.942   126.520    19.4%   112.937   170.597    51.1%   112.937   170.597    51.1%   289.090   253.573   -12.3%
('BrowseRandomLabelTaxoFacets', None)    87.980    82.858    -5.8%   113.078    95.407   -15.6%   126.241   119.029    -5.7%   126.241   119.029    -5.7%   138.904   140.725     1.3%
             ('ConstMSM2', None)     0.797     0.836     4.9%     1.465     1.717    17.2%     3.338     2.607   -21.9%     3.338     2.607   -21.9%     5.319     9.537    79.3%
                ('Fuzzy1', None)    12.450    12.359    -0.7%    22.174    19.591   -11.7%    26.513    39.462    48.8%    26.513    39.462    48.8%   301.194   301.761     0.2%
                ('Fuzzy2', None)    12.778    13.796     8.0%    23.519    24.628     4.7%    55.196    38.573   -30.1%    55.196    38.573   -30.1%    90.597   117.128    29.3%
  ('HighIntervalsOrdered', None)    12.057    13.017     8.0%    17.244    19.799    14.8%    20.724    20.786     0.3%    20.724    20.786     0.3%    25.957    21.783   -16.1%
            ('HighPhrase', None)    10.949    11.282     3.0%    15.227    16.329     7.2%    16.010    18.106    13.1%    16.010    18.106    13.1%    22.658    29.923    32.1%
      ('HighSloppyPhrase', None)    11.457    11.312    -1.3%    21.260    18.186   -14.5%    28.483    21.673   -23.9%    28.483    21.673   -23.9%    51.536    61.096    18.5%
          ('HighSpanNear', None)    18.387    16.932    -7.9%    23.730    30.897    30.2%    28.969    34.953    20.7%    28.969    34.953    20.7%    29.552    60.448   104.6%
              ('HighTerm', None)     1.069     1.102     3.1%     2.425     2.914    20.2%     4.540     5.713    25.8%     4.540     5.713    25.8%     6.976    13.640    95.5%
('HighTermDayOfYearSort', 'DayOfYear')     2.539     2.341    -7.8%     7.208     9.422    30.7%    10.794    14.646    35.7%    10.794    14.646    35.7%    37.562    49.528    31.9%
  ('HighTermMonthSort', 'Month')     0.665     0.674     1.3%     1.622     1.830    12.8%     2.082     3.136    50.6%     2.082     3.136    50.6%    17.842    10.118   -43.3%
('HighTermTitleBDVSort', 'TitleBinary')     8.770     8.704    -0.8%    19.260    18.080    -6.1%    19.533    20.417     4.5%    19.533    20.417     4.5%    82.126    66.470   -19.1%
  ('HighTermTitleSort', 'Title')     9.461     8.536    -9.8%    19.008    15.271   -19.7%    62.677    26.959   -57.0%    62.677    26.959   -57.0%    78.419    47.165   -39.9%
                ('IntNRQ', None)     1.518     1.558     2.6%     4.033     2.616   -35.1%     6.109     8.259    35.2%     6.109     8.259    35.2%    68.522    99.130    44.7%
                ('IntSet', None)     1.452     1.490     2.6%     5.763     6.642    15.2%     7.726     8.299     7.4%     7.726     8.299     7.4%   104.622    96.052    -8.2%
   ('LowIntervalsOrdered', None)    14.039    14.581     3.9%    23.153    19.981   -13.7%    29.079    28.523    -1.9%    29.079    28.523    -1.9%    33.664    29.543   -12.2%
             ('LowPhrase', None)    11.597    11.661     0.6%    19.281    15.308   -20.6%    23.191    27.875    20.2%    23.191    27.875    20.2%    28.128    42.240    50.2%
       ('LowSloppyPhrase', None)    10.720    10.890     1.6%    16.766    27.402    63.4%    42.573    29.453   -30.8%    42.573    29.453   -30.8%   231.811   194.563   -16.1%
           ('LowSpanNear', None)     9.438     9.470     0.3%    13.683    15.640    14.3%    13.818    16.193    17.2%    13.818    16.193    17.2%    19.525    26.814    37.3%
               ('LowTerm', None)     0.481     0.602    25.2%     0.952     4.910   415.8%     1.528     5.583   265.3%     1.528     5.583   265.3%     2.103     5.826   177.1%
   ('MedIntervalsOrdered', None)     9.967     9.394    -5.7%    15.864    14.691    -7.4%    17.483    17.133    -2.0%    17.483    17.133    -2.0%   114.901   171.011    48.8%
             ('MedPhrase', None)     6.267     6.003    -4.2%     9.048    13.009    43.8%    11.238    33.983   202.4%    11.238    33.983   202.4%    99.995   109.151     9.2%
       ('MedSloppyPhrase', None)     4.712     4.698    -0.3%    11.962     8.424   -29.6%    19.512     9.973   -48.9%    19.512     9.973   -48.9%    21.087    43.171   104.7%
           ('MedSpanNear', None)     6.797     6.385    -6.1%    10.474    16.133    54.0%    18.644    16.200   -13.1%    18.644    16.200   -13.1%   104.028    92.350   -11.2%
               ('MedTerm', None)     0.666     0.622    -6.5%     1.092     1.457    33.5%     1.275     2.967   132.8%     1.275     2.967   132.8%     3.146     3.334     6.0%
  ('MedTermDayTaxoFacets', None)    11.012    10.877    -1.2%    15.023    16.122     7.3%    20.590    49.080   138.4%    20.590    49.080   138.4%    52.388    55.687     6.3%
            ('OrHighHigh', None)     2.268     2.155    -5.0%     4.216     7.039    67.0%    12.490    17.021    36.3%    12.490    17.021    36.3%    13.969    20.087    43.8%
             ('OrHighLow', None)     0.865     0.849    -1.8%     1.479     1.822    23.2%     2.767     2.862     3.4%     2.767     2.862     3.4%     3.153     3.306     4.9%
             ('OrHighMed', None)     1.092     0.906   -17.1%     2.812     4.274    52.0%     5.929     9.469    59.7%     5.929     9.469    59.7%     7.253    10.494    44.7%
('OrHighMedDayTaxoFacets', None)    70.539    67.901    -3.7%   100.780    95.292    -5.4%   183.079   148.189   -19.1%   183.079   148.189   -19.1%   445.695   407.458    -8.6%
         ('OrHighNotHigh', None)     1.207     1.201    -0.4%     2.242     6.900   207.8%     4.348     8.958   106.0%     4.348     8.958   106.0%     7.034    12.215    73.6%
          ('OrHighNotLow', None)     1.676     1.641    -2.1%    11.682     5.535   -52.6%    14.665    14.515    -1.0%    14.665    14.515    -1.0%    32.742    31.979    -2.3%
          ('OrHighNotMed', None)     1.166     1.103    -5.4%     2.404     4.595    91.2%    17.699    12.585   -28.9%    17.699    12.585   -28.9%    19.951    12.638   -36.7%
         ('OrNotHighHigh', None)     1.381     1.360    -1.5%     5.078     4.052   -20.2%    10.189    13.970    37.1%    10.189    13.970    37.1%    15.317    35.999   135.0%
          ('OrNotHighLow', None)     0.631     0.553   -12.3%     1.628     1.348   -17.2%     1.965     2.365    20.4%     1.965     2.365    20.4%     2.744     3.788    38.0%
          ('OrNotHighMed', None)     0.898     0.884    -1.5%     5.426     2.245   -58.6%     6.454     9.606    48.8%     6.454     9.606    48.8%    19.376    16.718   -13.7%
                   ('PKLookup',)     5.467     4.900   -10.4%     7.329     7.783     6.2%     7.750    15.075    94.5%     7.750    15.075    94.5%    29.446    20.345   -30.9%
               ('Prefix3', None)     1.042     1.178    13.0%     2.570     3.791    47.5%     5.080     9.912    95.1%     5.080     9.912    95.1%    14.418    25.300    75.5%
                    ('Respell',)    17.594    17.998     2.3%    22.689    24.615     8.5%    38.831    26.080   -32.8%    38.831    26.080   -32.8%   145.362    70.825   -51.3%
('TermDateTimeSort', 'DateTime')     2.211     2.254     2.0%     4.965     7.929    59.7%    15.382     7.989   -48.1%    15.382     7.989   -48.1%    47.616    66.472    39.6%
              ('Wildcard', None)     5.092     5.847    14.8%     8.032    14.684    82.8%    14.055    17.462    24.2%    14.055    17.462    24.2%   149.630   131.844   -11.9%
                 ('range', None)     0.157     0.164     4.2%     0.498     0.957    92.3%     0.590     0.972    64.8%     0.590     0.972    64.8%     0.810     1.248    54.1%
                            Task    QPS armA      StdDev    QPS armJ      StdDev                Pct diff p-value
                    OrNotHighLow     1830.30      (8.0%)     1713.23      (7.0%)   -6.4% ( -19% -    9%) 0.009
                    OrHighNotLow      590.68      (7.2%)      556.60     (10.6%)   -5.8% ( -21% -   12%) 0.050
                      AndHighMed      968.21      (5.0%)      923.14      (7.1%)   -4.7% ( -15% -    7%) 0.019
                         LowTerm     2368.95      (5.5%)     2259.69      (9.7%)   -4.6% ( -18% -   11%) 0.071
                          Fuzzy1       86.76      (8.2%)       83.66      (6.7%)   -3.6% ( -17% -   12%) 0.141
                       OrHighMed     1150.05      (9.8%)     1120.88      (9.3%)   -2.5% ( -19% -   18%) 0.414
                      AndHighLow     2338.81      (8.6%)     2282.16      (6.1%)   -2.4% ( -15% -   13%) 0.318
                         MedTerm     1676.95      (7.1%)     1637.27      (6.6%)   -2.4% ( -14% -   12%) 0.285
                    OrHighNotMed      899.01      (9.8%)      878.41     (10.4%)   -2.3% ( -20% -   19%) 0.484
       BrowseDayOfYearSSDVFacets       15.67      (4.8%)       15.32      (6.2%)   -2.2% ( -12% -    9%) 0.216
                      OrHighHigh      464.78      (8.7%)      455.51     (12.7%)   -2.0% ( -21% -   21%) 0.573
                        HighTerm      915.45      (4.7%)      898.66      (8.8%)   -1.8% ( -14% -   12%) 0.422
                       OrHighLow     1220.84      (5.7%)     1200.14      (7.4%)   -1.7% ( -13% -   12%) 0.429
                   OrHighNotHigh      780.75      (6.0%)      769.14      (8.9%)   -1.5% ( -15% -   14%) 0.544
                         Prefix3      975.38     (11.2%)      961.07     (11.5%)   -1.5% ( -21% -   23%) 0.690
         AndHighMedDayTaxoFacets      277.55      (7.0%)      273.53      (5.5%)   -1.4% ( -13% -   11%) 0.478
                   OrNotHighHigh      703.37     (11.9%)      695.20     (11.0%)   -1.2% ( -21% -   24%) 0.755
               HighTermMonthSort     1485.89      (5.9%)     1470.05      (7.0%)   -1.1% ( -13% -   12%) 0.611
                       LowPhrase       89.56      (4.1%)       88.90      (3.3%)   -0.7% (  -7% -    6%) 0.542
                        Wildcard      193.05      (2.3%)      192.23      (2.6%)   -0.4% (  -5% -    4%) 0.600
             LowIntervalsOrdered       70.56      (4.4%)       70.37      (4.0%)   -0.3% (  -8% -    8%) 0.848
           BrowseMonthSSDVFacets       16.32      (7.9%)       16.28      (8.1%)   -0.2% ( -15% -   17%) 0.928
            BrowseDateSSDVFacets        2.80      (6.4%)        2.79      (5.9%)   -0.2% ( -11% -   13%) 0.933
                        BM25MSM2       58.40      (7.0%)       58.33      (4.9%)   -0.1% ( -11% -   12%) 0.955
                          IntNRQ      718.74     (11.0%)      718.95      (9.4%)    0.0% ( -18% -   23%) 0.993
                HighSloppyPhrase       91.32      (3.2%)       91.45      (4.3%)    0.1% (  -7% -    7%) 0.907
                 LowSloppyPhrase       92.20      (3.8%)       92.54      (3.1%)    0.4% (  -6% -    7%) 0.743
                      TermDTSort      441.38      (6.0%)      443.27      (6.4%)    0.4% ( -11% -   13%) 0.832
     BrowseRandomLabelSSDVFacets       11.12      (5.7%)       11.18      (5.1%)    0.5% (  -9% -   11%) 0.781
        AndHighHighDayTaxoFacets       33.70      (5.9%)       33.90      (6.9%)    0.6% ( -11% -   14%) 0.771
            HighTermTitleBDVSort      110.50      (5.6%)      111.35      (3.7%)    0.8% (  -8% -   10%) 0.618
                       ConstMSM2     1296.24      (4.9%)     1306.24      (5.9%)    0.8% (  -9% -   12%) 0.661
                  AndMissingHigh     3582.41      (7.6%)     3610.08      (6.5%)    0.8% ( -12% -   16%) 0.737
                      HighPhrase       91.96      (3.2%)       92.74      (2.7%)    0.8% (  -4% -    6%) 0.384
                     AndHighHigh      569.97     (15.0%)      575.15     (13.0%)    0.9% ( -23% -   34%) 0.842
                         Respell       63.81      (6.6%)       64.41      (5.5%)    0.9% ( -10% -   13%) 0.635
                     LowSpanNear      107.84      (4.4%)      108.88      (3.9%)    1.0% (  -6% -    9%) 0.472
             MedIntervalsOrdered      101.88      (9.5%)      102.88      (8.1%)    1.0% ( -15% -   20%) 0.731
            MedTermDayTaxoFacets       94.87      (5.0%)       95.85      (5.7%)    1.0% (  -9% -   12%) 0.551
               HighTermTitleSort      124.63      (7.3%)      125.99      (8.1%)    1.1% ( -13% -   17%) 0.662
                          IntSet      694.14      (8.9%)      702.43     (10.1%)    1.2% ( -16% -   22%) 0.699
                       MedPhrase      178.94      (4.3%)      181.42      (4.0%)    1.4% (  -6% -   10%) 0.305
                          Fuzzy2       80.87      (6.1%)       81.99      (6.9%)    1.4% ( -10% -   15%) 0.511
           BrowseMonthTaxoFacets       35.23     (24.3%)       35.80     (31.2%)    1.6% ( -43% -   75%) 0.860
            HighIntervalsOrdered       79.48      (7.0%)       81.54      (4.7%)    2.6% (  -8% -   15%) 0.180
                        PKLookup      204.81     (11.0%)      210.59      (9.8%)    2.8% ( -16% -   26%) 0.403
                 MedSloppyPhrase      210.34     (10.8%)      217.95     (10.7%)    3.6% ( -16% -   28%) 0.301
                     MedSpanNear      164.24     (11.1%)      170.34      (9.8%)    3.7% ( -15% -   27%) 0.274
                    HighSpanNear       57.21      (7.5%)       59.41      (5.6%)    3.8% (  -8% -   18%) 0.074
                    OrNotHighMed      990.84     (11.0%)     1029.40      (6.9%)    3.9% ( -12% -   24%) 0.190
           HighTermDayOfYearSort      427.05      (9.1%)      444.59      (9.1%)    4.1% ( -12% -   24%) 0.164
          OrHighMedDayTaxoFacets       14.88      (7.4%)       15.52      (5.3%)    4.3% (  -7% -   18%) 0.037
                           range     6323.94      (7.8%)     6618.18     (10.0%)    4.7% ( -12% -   24%) 0.110
     BrowseRandomLabelTaxoFacets       12.06      (4.9%)       13.24     (31.4%)    9.8% ( -25% -   48%) 0.180
            BrowseDateTaxoFacets       14.57      (7.4%)       16.20     (38.0%)   11.2% ( -31% -   61%) 0.208
       BrowseDayOfYearTaxoFacets       15.19      (5.5%)       17.03     (42.1%)   12.2% ( -33% -   63%) 0.212
  iter 19
    armA:
      NOTE: using experimental CPU time profiler (see https://mostlynerdless.de/blog/2025/06/11/java-25s-new-cpu-time-profiler-1)
      log: /home/goankur/vsearch/logs/FAJc.armA.19 + stdout
      run: /usr/bin/perf stat -dd -e task-clock,cycles,instructions,cache-references,cache-misses,L1-dcache-loads,L1-dcache-load-misses,L1-icache-loads,L1-icache-load-misses,LLC-loads,LLC-load-misses,LLC-stores,LLC-store-misses,LLC-prefetches,LLC-prefetch-misses,faults,minor-faults,major-faults,branches,branch-misses,stalled-cycles-frontend,stalled-cycles-backend /home/goankur/jdk/corretto-25/bin/java -server -Xms2g -Xmx2g --add-modules jdk.incubator.vector -XX:+HeapDumpOnOutOfMemoryError -XX:+UseParallelGC -XX:StartFlightRecording=jdk.CPUTimeSample#enabled=true,dumponexit=true,maxsize=250M,settings=/home/goankur/vsearch/util/src/python/profiling.jfc,filename=/home/goankur/vsearch/logs/bench-search-FAJc-armA-19.jfr -XX:+UnlockDiagnosticVMOptions -XX:+DebugNonSafepoints -classpath /home/goankur/vsearch/bo/lucene-A/lucene/core/build/libs/lucene-core-11.0.0-SNAPSHOT.jar:/home/goankur/vsearch/bo/lucene-A/lucene/sandbox/build/classes/java/main:/home/goankur/vsearch/bo/lucene-A/lucene/misc/build/classes/java/main:/home/goankur/vsearch/bo/lucene-A/lucene/facet/build/classes/java/main:/home/goankur/vsearch/bo/lucene-A/lucene/analysis/common/build/classes/java/main:/home/goankur/vsearch/bo/lucene-A/lucene/analysis/icu/build/classes/java/main:/home/goankur/vsearch/bo/lucene-A/lucene/queryparser/build/classes/java/main:/home/goankur/vsearch/bo/lucene-A/lucene/grouping/build/classes/java/main:/home/goankur/vsearch/bo/lucene-A/lucene/suggest/build/classes/java/main:/home/goankur/vsearch/bo/lucene-A/lucene/highlighter/build/classes/java/main:/home/goankur/vsearch/bo/lucene-A/lucene/codecs/build/classes/java/main:/home/goankur/vsearch/bo/lucene-A/lucene/queries/build/classes/java/main:/home/goankur/vsearch/bo/lucene-A/lucene/join/build/classes/java/main:/home/goankur/vsearch/bo/lucene-A/lucene/spatial3d/build/classes/java/main:/home/goankur/vsearch/util/lib/HdrHistogram.jar:/home/goankur/vsearch/util/src/main/build/classes/java/main:/home/goankur/vsearch/util/build perf.SearchPerfTest -dirImpl MMapDirectory -indexPath /home/goankur/vsearch/indices/wikimedium10m.lucene-A.facets.taxonomy:Date.taxonomy:Month.taxonomy:DayOfYear.sortedset:Date.sortedset:Month.sortedset:DayOfYear.taxonomy:RandomLabel.sortedset:RandomLabel.Lucene90.Lucene104.dvfields.nd10M -facets taxonomy:Date;Date -facets taxonomy:Month;Month -facets taxonomy:DayOfYear;DayOfYear -facets sortedset:Date;Date -facets sortedset:Month;Month -facets sortedset:DayOfYear;DayOfYear -facets taxonomy:RandomLabel;RandomLabel -facets sortedset:RandomLabel;RandomLabel -analyzer StandardAnalyzer -taskSource /home/goankur/vsearch/util/tasks/wikimedium.10M.nostopwords.tasks -numConcurrentQueries 5 -taskRepeatCount 20 -field body -tasksPerCat 1 -searchConcurrency -1 -staticSeed -8586789 -seed -9368971 -similarity BM25Similarity -commit multi -hiliteImpl FastVectorHighlighter -log /home/goankur/vsearch/logs/FAJc.armA.19 -topN 100 -context  -pk -pollute
      9.8 s
      226.3 actual sustained QPS; -1.0 CPU cores used
    armJ:
      NOTE: using experimental CPU time profiler (see https://mostlynerdless.de/blog/2025/06/11/java-25s-new-cpu-time-profiler-1)
      log: /home/goankur/vsearch/logs/FAJc.armJ.19 + stdout
      run: /usr/bin/perf stat -dd -e task-clock,cycles,instructions,cache-references,cache-misses,L1-dcache-loads,L1-dcache-load-misses,L1-icache-loads,L1-icache-load-misses,LLC-loads,LLC-load-misses,LLC-stores,LLC-store-misses,LLC-prefetches,LLC-prefetch-misses,faults,minor-faults,major-faults,branches,branch-misses,stalled-cycles-frontend,stalled-cycles-backend /home/goankur/jdk/corretto-25/bin/java -server -Xms2g -Xmx2g --add-modules jdk.incubator.vector -XX:+HeapDumpOnOutOfMemoryError -XX:+UseParallelGC -XX:StartFlightRecording=jdk.CPUTimeSample#enabled=true,dumponexit=true,maxsize=250M,settings=/home/goankur/vsearch/util/src/python/profiling.jfc,filename=/home/goankur/vsearch/logs/bench-search-FAJc-armJ-19.jfr -XX:+UnlockDiagnosticVMOptions -XX:+DebugNonSafepoints -classpath /home/goankur/vsearch/bo/lucene-J/lucene/core/build/libs/lucene-core-11.0.0-SNAPSHOT.jar:/home/goankur/vsearch/bo/lucene-J/lucene/sandbox/build/classes/java/main:/home/goankur/vsearch/bo/lucene-J/lucene/misc/build/classes/java/main:/home/goankur/vsearch/bo/lucene-J/lucene/facet/build/classes/java/main:/home/goankur/vsearch/bo/lucene-J/lucene/analysis/common/build/classes/java/main:/home/goankur/vsearch/bo/lucene-J/lucene/analysis/icu/build/classes/java/main:/home/goankur/vsearch/bo/lucene-J/lucene/queryparser/build/classes/java/main:/home/goankur/vsearch/bo/lucene-J/lucene/grouping/build/classes/java/main:/home/goankur/vsearch/bo/lucene-J/lucene/suggest/build/classes/java/main:/home/goankur/vsearch/bo/lucene-J/lucene/highlighter/build/classes/java/main:/home/goankur/vsearch/bo/lucene-J/lucene/codecs/build/classes/java/main:/home/goankur/vsearch/bo/lucene-J/lucene/queries/build/classes/java/main:/home/goankur/vsearch/bo/lucene-J/lucene/join/build/classes/java/main:/home/goankur/vsearch/bo/lucene-J/lucene/spatial3d/build/classes/java/main:/home/goankur/vsearch/util/lib/HdrHistogram.jar:/home/goankur/vsearch/util/src/main/build/classes/java/main:/home/goankur/vsearch/util/build perf.SearchPerfTest -dirImpl MMapDirectory -indexPath /home/goankur/vsearch/indices/wikimedium10m.lucene-A.facets.taxonomy:Date.taxonomy:Month.taxonomy:DayOfYear.sortedset:Date.sortedset:Month.sortedset:DayOfYear.taxonomy:RandomLabel.sortedset:RandomLabel.Lucene90.Lucene104.dvfields.nd10M -facets taxonomy:Date;Date -facets taxonomy:Month;Month -facets taxonomy:DayOfYear;DayOfYear -facets sortedset:Date;Date -facets sortedset:Month;Month -facets sortedset:DayOfYear;DayOfYear -facets taxonomy:RandomLabel;RandomLabel -facets sortedset:RandomLabel;RandomLabel -analyzer StandardAnalyzer -taskSource /home/goankur/vsearch/util/tasks/wikimedium.10M.nostopwords.tasks -numConcurrentQueries 5 -taskRepeatCount 20 -field body -tasksPerCat 1 -searchConcurrency -1 -staticSeed -8586789 -seed -9368971 -similarity BM25Similarity -commit multi -hiliteImpl FastVectorHighlighter -log /home/goankur/vsearch/logs/FAJc.armJ.19 -topN 100 -context  -pk -pollute
      9.6 s
      233.5 actual sustained QPS; -1.0 CPU cores used

Report after iter 19:
QPSChart.supported == False
                            Task     P50 B     P50 C     Diff     P90 B     P90 C     Diff     P99 B     P99 C     Diff    P999 B    P999 C     Diff    P100 B    P100 C     Diff
           ('AndHighHigh', None)     1.596     2.377    49.0%     4.372     5.312    21.5%     6.519     6.627     1.7%     6.519     6.627     1.7%     9.066    17.440    92.4%
('AndHighHighDayTaxoFacets', None)    30.777    32.626     6.0%    48.033    54.749    14.0%    69.722   132.600    90.2%    69.722   132.600    90.2%   264.609   272.323     2.9%
            ('AndHighLow', None)     0.497     0.563    13.3%     1.818     1.406   -22.7%     2.893     1.868   -35.4%     2.893     1.868   -35.4%     3.564     6.016    68.8%
            ('AndHighMed', None)     1.044     1.137     8.9%     2.228     3.149    41.4%     4.751     4.929     3.8%     4.751     4.929     3.8%     8.245     5.015   -39.2%
('AndHighMedDayTaxoFacets', None)     3.556     4.370    22.9%     8.784     8.779    -0.1%    13.129    21.203    61.5%    13.129    21.203    61.5%    22.599    54.147   139.6%
     ('AndMissingHigh', 'Title')     0.291     0.305     5.0%     0.763     0.911    19.4%     1.468     1.345    -8.4%     1.468     1.345    -8.4%     8.060     3.774   -53.2%
              ('BM25MSM2', None)    17.537    17.173    -2.1%    30.310    34.394    13.5%    58.728    36.570   -37.7%    58.728    36.570   -37.7%   116.097   231.913    99.8%
  ('BrowseDateSSDVFacets', None)   373.456   344.149    -7.8%   418.178   368.006   -12.0%   469.659   376.495   -19.8%   469.659   376.495   -19.8%   731.252   730.981    -0.0%
  ('BrowseDateTaxoFacets', None)    68.576    73.814     7.6%    88.434    90.819     2.7%    96.820    93.409    -3.5%    96.820    93.409    -3.5%   118.935   124.399     4.6%
('BrowseDayOfYearSSDVFacets', None)    59.773    67.570    13.0%    84.970    86.929     2.3%    90.579    93.778     3.5%    90.579    93.778     3.5%    91.026    94.072     3.3%
('BrowseDayOfYearTaxoFacets', None)    69.638    67.469    -3.1%    80.733    82.377     2.0%    83.216    85.271     2.5%    83.216    85.271     2.5%    87.119    90.298     3.6%
 ('BrowseMonthSSDVFacets', None)    70.481    63.804    -9.5%   107.184    83.231   -22.3%   109.355    97.454   -10.9%   109.355    97.454   -10.9%   199.312   192.260    -3.5%
 ('BrowseMonthTaxoFacets', None)    28.032    27.915    -0.4%    76.530    73.930    -3.4%    89.520    78.604   -12.2%    89.520    78.604   -12.2%   641.707   264.370   -58.8%
('BrowseRandomLabelSSDVFacets', None)    97.908   103.492     5.7%   112.743   128.527    14.0%   115.551   148.368    28.4%   115.551   148.368    28.4%   339.358   265.117   -21.9%
('BrowseRandomLabelTaxoFacets', None)    90.943    87.652    -3.6%   104.229   111.415     6.9%   133.644   119.066   -10.9%   133.644   119.066   -10.9%   392.215   305.709   -22.1%
             ('ConstMSM2', None)     0.780     0.767    -1.6%     1.711     1.814     6.0%     2.663     5.394   102.5%     2.663     5.394   102.5%    12.223    14.947    22.3%
                ('Fuzzy1', None)    12.174    11.894    -2.3%    22.398    20.910    -6.6%    24.551    26.750     9.0%    24.551    26.750     9.0%    76.334   106.454    39.5%
                ('Fuzzy2', None)    12.513    13.671     9.3%    18.276    21.088    15.4%    60.272    41.444   -31.2%    60.272    41.444   -31.2%    62.384    51.418   -17.6%
  ('HighIntervalsOrdered', None)    12.332    13.694    11.0%    17.402    23.794    36.7%    21.691    47.591   119.4%    21.691    47.591   119.4%    51.584    65.885    27.7%
            ('HighPhrase', None)    10.973    10.943    -0.3%    17.621    20.375    15.6%    21.347    27.620    29.4%    21.347    27.620    29.4%    34.336    67.490    96.6%
      ('HighSloppyPhrase', None)    10.505    10.785     2.7%    18.329    17.493    -4.6%    22.955    19.482   -15.1%    22.955    19.482   -15.1%    29.144    31.336     7.5%
          ('HighSpanNear', None)    15.934    16.709     4.9%    23.661    28.510    20.5%    28.622    38.176    33.4%    28.622    38.176    33.4%   259.099   170.438   -34.2%
              ('HighTerm', None)     1.170     1.078    -7.9%     3.362     2.532   -24.7%    15.030     3.513   -76.6%    15.030     3.513   -76.6%    17.945     8.828   -50.8%
('HighTermDayOfYearSort', 'DayOfYear')     2.636     2.587    -1.9%     5.802     7.104    22.4%     9.080    14.615    60.9%     9.080    14.615    60.9%    22.844    23.000     0.7%
  ('HighTermMonthSort', 'Month')     0.677     0.683     0.9%     1.612     1.619     0.5%     1.978     1.782    -9.9%     1.978     1.782    -9.9%     2.241     3.163    41.1%
('HighTermTitleBDVSort', 'TitleBinary')     8.876     8.676    -2.2%    16.597    16.604     0.0%    25.784    43.569    69.0%    25.784    43.569    69.0%   124.497   127.873     2.7%
  ('HighTermTitleSort', 'Title')     8.952    10.807    20.7%    20.374    20.476     0.5%    52.886    37.054   -29.9%    52.886    37.054   -29.9%    69.181    87.544    26.5%
                ('IntNRQ', None)     1.635     1.328   -18.8%     5.409     9.891    82.9%    22.761    25.052    10.1%    22.761    25.052    10.1%    66.322   110.353    66.4%
                ('IntSet', None)     1.449     1.504     3.9%     6.167     5.357   -13.1%     6.237     8.881    42.4%     6.237     8.881    42.4%    31.223    28.767    -7.9%
   ('LowIntervalsOrdered', None)    14.395    14.331    -0.4%    24.631    24.727     0.4%    39.393    37.310    -5.3%    39.393    37.310    -5.3%   134.235   139.246     3.7%
             ('LowPhrase', None)    11.469    11.364    -0.9%    20.013    16.556   -17.3%    24.864    21.614   -13.1%    24.864    21.614   -13.1%    80.169   126.786    58.1%
       ('LowSloppyPhrase', None)    11.758    10.978    -6.6%    17.941    19.844    10.6%    26.972    28.776     6.7%    26.972    28.776     6.7%    30.601    50.552    65.2%
           ('LowSpanNear', None)     9.242     9.690     4.9%    24.559    16.879   -31.3%    25.554    19.678   -23.0%    25.554    19.678   -23.0%    28.239    21.839   -22.7%
               ('LowTerm', None)     0.467     0.444    -5.0%     0.825     1.022    24.0%     1.168     1.184     1.4%     1.168     1.184     1.4%     1.926     2.443    26.8%
   ('MedIntervalsOrdered', None)    10.113    10.702     5.8%    18.690    13.861   -25.8%    20.831    15.357   -26.3%    20.831    15.357   -26.3%    28.065    24.493   -12.7%
             ('MedPhrase', None)     5.805     6.033     3.9%    10.386    13.455    29.5%    18.581    18.831     1.3%    18.581    18.831     1.3%    28.734    27.494    -4.3%
       ('MedSloppyPhrase', None)     5.345     4.467   -16.4%     6.908     9.038    30.8%     8.748    11.902    36.1%     8.748    11.902    36.1%    44.619    83.867    88.0%
           ('MedSpanNear', None)     6.440     6.624     2.9%    10.301     8.935   -13.3%    13.636    10.157   -25.5%    13.636    10.157   -25.5%    28.732    22.322   -22.3%
               ('MedTerm', None)     0.702     0.770     9.6%     1.718     2.058    19.8%     2.126     2.920    37.3%     2.126     2.920    37.3%     6.658     8.194    23.1%
  ('MedTermDayTaxoFacets', None)    11.549    10.251   -11.2%    31.361    23.082   -26.4%    35.367    38.376     8.5%    35.367    38.376     8.5%    36.906    46.864    27.0%
            ('OrHighHigh', None)     2.164     1.951    -9.9%     7.454     5.446   -26.9%    29.080     6.999   -75.9%    29.080     6.999   -75.9%   147.821   147.214    -0.4%
             ('OrHighLow', None)     0.875     0.867    -1.0%     2.232     2.574    15.3%     3.108     7.304   135.0%     3.108     7.304   135.0%   143.069   166.749    16.6%
             ('OrHighMed', None)     0.932     0.975     4.6%     4.863     2.972   -38.9%     4.974     3.240   -34.9%     4.974     3.240   -34.9%    14.308     4.458   -68.8%
('OrHighMedDayTaxoFacets', None)    72.586    65.306   -10.0%    91.338    97.713     7.0%   227.702   224.776    -1.3%   227.702   224.776    -1.3%   336.651   335.339    -0.4%
         ('OrHighNotHigh', None)     1.327     1.338     0.8%     4.877     2.789   -42.8%    12.740     3.091   -75.7%    12.740     3.091   -75.7%    18.132     6.658   -63.3%
          ('OrHighNotLow', None)     1.741     1.696    -2.6%     4.616     5.511    19.4%     9.147     6.858   -25.0%     9.147     6.858   -25.0%    30.436    12.095   -60.3%
          ('OrHighNotMed', None)     1.035     1.088     5.1%     3.096     5.610    81.2%     4.603    19.257   318.3%     4.603    19.257   318.3%   101.774   132.792    30.5%
         ('OrNotHighHigh', None)     1.935     1.682   -13.1%     4.844     7.448    53.7%     9.622     8.028   -16.6%     9.622     8.028   -16.6%    12.571     9.037   -28.1%
          ('OrNotHighLow', None)     0.654     0.721    10.3%     2.403     1.484   -38.2%     2.433     1.563   -35.8%     2.433     1.563   -35.8%     4.814     7.889    63.9%
          ('OrNotHighMed', None)     1.061     1.141     7.5%     3.010     2.468   -18.0%     3.351     2.947   -12.0%     3.351     2.947   -12.0%     4.259     5.172    21.4%
                   ('PKLookup',)     5.064     4.421   -12.7%     7.216    11.398    58.0%    13.558    14.048     3.6%    13.558    14.048     3.6%    33.153    22.767   -31.3%
               ('Prefix3', None)     1.433     1.279   -10.7%     4.736     4.348    -8.2%    12.347     5.533   -55.2%    12.347     5.533   -55.2%    32.164    90.494   181.3%
                    ('Respell',)    14.511    15.183     4.6%    25.044    25.041    -0.0%    25.972    28.591    10.1%    25.972    28.591    10.1%    91.859    58.641   -36.2%
('TermDateTimeSort', 'DateTime')     2.297     2.169    -5.5%     7.560     6.392   -15.4%    14.576    15.520     6.5%    14.576    15.520     6.5%    73.872    88.561    19.9%
              ('Wildcard', None)     5.111     5.914    15.7%     8.860    22.567   154.7%    18.232    23.063    26.5%    18.232    23.063    26.5%    33.000    54.823    66.1%
                 ('range', None)     0.153     0.157     3.0%     1.459     0.525   -64.0%     2.392     0.555   -76.8%     2.392     0.555   -76.8%     3.275     0.678   -79.3%
                            Task    QPS armA      StdDev    QPS armJ      StdDev                Pct diff p-value
                    OrNotHighLow     1819.68      (8.3%)     1699.16      (7.7%)   -6.6% ( -20% -   10%) 0.009
                    OrHighNotLow      591.18      (7.0%)      561.84     (11.0%)   -5.0% ( -21% -   14%) 0.090
                      AndHighMed      968.40      (4.9%)      922.26      (6.9%)   -4.8% ( -15% -    7%) 0.012
                         LowTerm     2363.20      (5.5%)     2261.60      (9.5%)   -4.3% ( -18% -   11%) 0.079
                          Fuzzy1       86.94      (8.0%)       83.82      (6.5%)   -3.6% ( -16% -   11%) 0.121
                       OrHighMed     1153.13      (9.6%)     1118.81      (9.0%)   -3.0% ( -19% -   17%) 0.314
                         MedTerm     1674.07      (6.9%)     1629.08      (6.8%)   -2.7% ( -15% -   11%) 0.214
       BrowseDayOfYearSSDVFacets       15.74      (5.1%)       15.31      (6.0%)   -2.7% ( -13% -    8%) 0.127
                    OrHighNotMed      903.27      (9.7%)      882.92     (10.3%)   -2.3% ( -20% -   19%) 0.477
                      AndHighLow     2331.70      (8.5%)     2281.30      (6.0%)   -2.2% ( -15% -   13%) 0.353
         AndHighMedDayTaxoFacets      278.06      (6.8%)      273.48      (5.4%)   -1.6% ( -12% -   11%) 0.396
                       OrHighLow     1219.51      (5.6%)     1200.81      (7.2%)   -1.5% ( -13% -   11%) 0.452
                        HighTerm      913.32      (4.7%)      901.11      (8.6%)   -1.3% ( -14% -   12%) 0.543
                   OrHighNotHigh      780.25      (5.8%)      770.58      (8.7%)   -1.2% ( -14% -   14%) 0.596
                      OrHighHigh      465.02      (8.4%)      459.77     (13.1%)   -1.1% ( -20% -   22%) 0.745
                     AndHighHigh      573.81     (14.8%)      567.94     (13.8%)   -1.0% ( -25% -   32%) 0.821
               HighTermMonthSort     1486.50      (5.8%)     1472.51      (6.8%)   -0.9% ( -12% -   12%) 0.637
                         Prefix3      964.43     (12.1%)      956.59     (11.5%)   -0.8% ( -21% -   25%) 0.828
                       LowPhrase       89.51      (4.0%)       88.96      (3.3%)   -0.6% (  -7% -    6%) 0.594
                        Wildcard      193.21      (2.3%)      192.10      (2.6%)   -0.6% (  -5% -    4%) 0.455
                   OrNotHighHigh      697.40     (12.3%)      693.67     (10.8%)   -0.5% ( -21% -   25%) 0.884
             LowIntervalsOrdered       70.56      (4.3%)       70.37      (3.9%)   -0.3% (  -8% -    8%) 0.844
                        BM25MSM2       58.40      (6.8%)       58.34      (4.8%)   -0.1% ( -10% -   12%) 0.957
           BrowseMonthSSDVFacets       16.28      (7.8%)       16.27      (7.9%)   -0.1% ( -14% -   16%) 0.982
                HighSloppyPhrase       91.57      (3.4%)       91.58      (4.2%)    0.0% (  -7% -    7%) 0.999
     BrowseRandomLabelSSDVFacets       11.11      (5.6%)       11.12      (5.5%)    0.1% ( -10% -   11%) 0.952
               HighTermTitleSort      124.90      (7.2%)      125.26      (8.3%)    0.3% ( -14% -   16%) 0.908
            BrowseDateSSDVFacets        2.79      (6.3%)        2.80      (5.9%)    0.3% ( -11% -   13%) 0.876
        AndHighHighDayTaxoFacets       33.73      (5.8%)       33.86      (6.8%)    0.4% ( -11% -   13%) 0.847
                 LowSloppyPhrase       92.11      (3.7%)       92.49      (3.0%)    0.4% (  -6% -    7%) 0.701
                          IntNRQ      717.19     (10.8%)      721.24      (9.3%)    0.6% ( -17% -   23%) 0.859
                         Respell       64.24      (7.1%)       64.61      (5.5%)    0.6% ( -11% -   14%) 0.775
                      TermDTSort      441.92      (5.9%)      444.53      (6.3%)    0.6% ( -10% -   13%) 0.759
                      HighPhrase       92.00      (3.1%)       92.69      (2.7%)    0.7% (  -4% -    6%) 0.420
                  AndMissingHigh     3580.41      (7.4%)     3607.43      (6.4%)    0.8% ( -12% -   15%) 0.730
                     LowSpanNear      107.95      (4.3%)      108.77      (3.8%)    0.8% (  -7% -    9%) 0.552
                          Fuzzy2       81.21      (6.2%)       81.86      (6.7%)    0.8% ( -11% -   14%) 0.698
                       ConstMSM2     1297.02      (4.8%)     1307.51      (5.8%)    0.8% (  -9% -   11%) 0.628
             MedIntervalsOrdered      101.74      (9.3%)      102.58      (8.0%)    0.8% ( -15% -   19%) 0.764
            HighTermTitleBDVSort      110.64      (5.5%)      111.64      (3.8%)    0.9% (  -7% -   10%) 0.544
                          IntSet      695.47      (8.7%)      703.05      (9.8%)    1.1% ( -16% -   21%) 0.710
                       MedPhrase      178.91      (4.2%)      181.10      (3.9%)    1.2% (  -6% -    9%) 0.343
            MedTermDayTaxoFacets       94.54      (5.1%)       96.12      (5.7%)    1.7% (  -8% -   13%) 0.330
           BrowseMonthTaxoFacets       35.29     (23.6%)       35.90     (30.3%)    1.7% ( -42% -   72%) 0.840
            HighIntervalsOrdered       79.59      (6.8%)       81.25      (4.8%)    2.1% (  -8% -   14%) 0.267
                        PKLookup      205.92     (10.9%)      212.31     (10.2%)    3.1% ( -16% -   27%) 0.352
                    OrNotHighMed      989.17     (10.7%)     1022.56      (7.4%)    3.4% ( -13% -   24%) 0.247
                    HighSpanNear       57.51      (7.7%)       59.47      (5.5%)    3.4% (  -9% -   17%) 0.105
           HighTermDayOfYearSort      428.99      (9.0%)      444.04      (8.9%)    3.5% ( -13% -   23%) 0.215
                     MedSpanNear      163.84     (10.9%)      169.59      (9.8%)    3.5% ( -15% -   27%) 0.283
                           range     6354.54      (7.9%)     6630.59      (9.7%)    4.3% ( -12% -   23%) 0.120
                 MedSloppyPhrase      209.35     (10.8%)      218.60     (10.6%)    4.4% ( -15% -   28%) 0.192
          OrHighMedDayTaxoFacets       14.86      (7.2%)       15.52      (5.1%)    4.5% (  -7% -   18%) 0.024
     BrowseRandomLabelTaxoFacets       12.05      (4.8%)       13.15     (30.8%)    9.2% ( -25% -   46%) 0.188
            BrowseDateTaxoFacets       14.59      (7.2%)       16.08     (37.1%)   10.2% ( -31% -   58%) 0.226
       BrowseDayOfYearTaxoFacets       15.15      (5.5%)       16.98     (41.1%)   12.1% ( -32% -   62%) 0.192

CPU merged search profile for armJ:
JFR aggregation command: /home/goankur/jdk/corretto-25/bin/java -server -Xms2g -Xmx2g --add-modules jdk.incubator.vector -XX:+HeapDumpOnOutOfMemoryError -XX:+UseParallelGC -cp /home/goankur/vsearch/bo/lucene-J/build-tools/build-infra/build/classes/java/main -Dtests.profile.mode=cpu -Dtests.profile.stacksize=12 -Dtests.profile.count=30 -Dtests.profile.linenumbers=true org.apache.lucene.gradle.plugins.java.ProfileResults /home/goankur/vsearch/logs/bench-search-FAJc-armJ-18.jfr /home/goankur/vsearch/logs/bench-search-FAJc-armJ-19.jfr /home/goankur/vsearch/logs/bench-search-FAJc-armJ-17.jfr /home/goankur/vsearch/logs/bench-search-FAJc-armJ-0.jfr /home/goankur/vsearch/logs/bench-search-FAJc-armJ-1.jfr /home/goankur/vsearch/logs/bench-search-FAJc-armJ-2.jfr /home/goankur/vsearch/logs/bench-search-FAJc-armJ-3.jfr /home/goankur/vsearch/logs/bench-search-FAJc-armJ-4.jfr /home/goankur/vsearch/logs/bench-search-FAJc-armJ-5.jfr /home/goankur/vsearch/logs/bench-search-FAJc-armJ-6.jfr /home/goankur/vsearch/logs/bench-search-FAJc-armJ-7.jfr /home/goankur/vsearch/logs/bench-search-FAJc-armJ-8.jfr /home/goankur/vsearch/logs/bench-search-FAJc-armJ-9.jfr /home/goankur/vsearch/logs/bench-search-FAJc-armJ-10.jfr /home/goankur/vsearch/logs/bench-search-FAJc-armJ-11.jfr /home/goankur/vsearch/logs/bench-search-FAJc-armJ-12.jfr /home/goankur/vsearch/logs/bench-search-FAJc-armJ-13.jfr /home/goankur/vsearch/logs/bench-search-FAJc-armJ-14.jfr /home/goankur/vsearch/logs/bench-search-FAJc-armJ-15.jfr /home/goankur/vsearch/logs/bench-search-FAJc-armJ-16.jfr
Took 2.14 seconds
WARNING: Using incubator modules: jdk.incubator.vector
PROFILE SUMMARY from 114244 events (total: 114244)
  tests.profile.mode=cpu
  tests.profile.count=30
  tests.profile.stacksize=12
  tests.profile.linenumbers=true
PERCENT       CPU SAMPLES   STACK
2.34%         2679          org.apache.lucene.facet.sortedset.SortedSetDocValuesFacetCounts#countOneSegmentNHLD():129 [JIT compiled code]
                              at org.apache.lucene.facet.sortedset.SortedSetDocValuesFacetCounts#countAll():322 [Interpreted code]
                              at org.apache.lucene.facet.sortedset.SortedSetDocValuesFacetCounts#<init>():73 [Inlined code]
                              at org.apache.lucene.facet.sortedset.SortedSetDocValuesFacetCounts#<init>():63 [Inlined code]
                              at perf.SearchTask#go():290 [JIT compiled code]
                              at perf.UnparsedTask#go():57 [JIT compiled code]
                              at perf.TaskThreads$RunTask#call():81 [JIT compiled code]
                              at perf.TaskThreads$RunTask#call():64 [JIT compiled code]
                              at java.util.concurrent.FutureTask#run():328 [JIT compiled code]
                              at java.util.concurrent.ThreadPoolExecutor#runWorker():1090 [Interpreted code]
                              at java.util.concurrent.ThreadPoolExecutor$Worker#run():614 [Interpreted code]
                              at java.lang.Thread#runWith():1487 [Interpreted code]
1.57%         1792          org.apache.lucene.facet.taxonomy.FastTaxonomyFacetCounts#countAll():125 [JIT compiled code]
                              at org.apache.lucene.facet.taxonomy.FastTaxonomyFacetCounts#<init>():69 [Interpreted code]
                              at perf.SearchTask#go():282 [JIT compiled code]
                              at perf.UnparsedTask#go():57 [JIT compiled code]
                              at perf.TaskThreads$RunTask#call():81 [JIT compiled code]
                              at perf.TaskThreads$RunTask#call():64 [JIT compiled code]
                              at java.util.concurrent.FutureTask#run():328 [JIT compiled code]
                              at java.util.concurrent.ThreadPoolExecutor#runWorker():1090 [Interpreted code]
                              at java.util.concurrent.ThreadPoolExecutor$Worker#run():614 [Interpreted code]
                              at java.lang.Thread#runWith():1487 [Interpreted code]
                              at java.lang.Thread#run():1474 [Interpreted code]
0.84%         965           org.apache.lucene.facet.sortedset.SortedSetDocValuesFacetCounts#countOneSegmentNHLD():129 [JIT compiled code]
                              at org.apache.lucene.facet.sortedset.SortedSetDocValuesFacetCounts#countAll():322 [Interpreted code]
                              at org.apache.lucene.facet.sortedset.SortedSetDocValuesFacetCounts#<init>():73 [Interpreted code]
                              at org.apache.lucene.facet.sortedset.SortedSetDocValuesFacetCounts#<init>():63 [Interpreted code]
                              at perf.SearchTask#go():290 [Interpreted code]
                              at perf.UnparsedTask#go():57 [Interpreted code]
                              at perf.TaskThreads$RunTask#call():81 [Interpreted code]
                              at perf.TaskThreads$RunTask#call():64 [Interpreted code]
                              at java.util.concurrent.FutureTask#run():328 [JIT compiled code]
                              at java.util.concurrent.ThreadPoolExecutor#runWorker():1090 [Interpreted code]
                              at java.util.concurrent.ThreadPoolExecutor$Worker#run():614 [Interpreted code]
                              at java.lang.Thread#runWith():1487 [Interpreted code]
0.82%         936           org.apache.lucene.codecs.lucene90.Lucene90DocValuesProducer$20#ordValue():1501 [Inlined code]
                              at org.apache.lucene.facet.sortedset.SortedSetDocValuesFacetCounts#countOneSegmentNHLD():130 [JIT compiled code]
                              at org.apache.lucene.facet.sortedset.SortedSetDocValuesFacetCounts#countAll():322 [Interpreted code]
                              at org.apache.lucene.facet.sortedset.SortedSetDocValuesFacetCounts#<init>():73 [Inlined code]
                              at org.apache.lucene.facet.sortedset.SortedSetDocValuesFacetCounts#<init>():63 [Inlined code]
                              at perf.SearchTask#go():290 [JIT compiled code]
                              at perf.UnparsedTask#go():57 [JIT compiled code]
                              at perf.TaskThreads$RunTask#call():81 [JIT compiled code]
                              at perf.TaskThreads$RunTask#call():64 [JIT compiled code]
                              at java.util.concurrent.FutureTask#run():328 [JIT compiled code]
                              at java.util.concurrent.ThreadPoolExecutor#runWorker():1090 [Interpreted code]
                              at java.util.concurrent.ThreadPoolExecutor$Worker#run():614 [Interpreted code]
0.61%         697           org.apache.lucene.util.packed.DirectReader$DirectPackedReader12#get():282 [JIT compiled code]
                              at org.apache.lucene.codecs.lucene90.Lucene90DocValuesProducer$25#nextOrd():2324 [Inlined code]
                              at org.apache.lucene.facet.sortedset.SortedSetDocValuesFacetCounts#countOneSegmentNHLD():137 [JIT compiled code]
                              at org.apache.lucene.facet.sortedset.SortedSetDocValuesFacetCounts#countAll():322 [Interpreted code]
                              at org.apache.lucene.facet.sortedset.SortedSetDocValuesFacetCounts#<init>():73 [Inlined code]
                              at org.apache.lucene.facet.sortedset.SortedSetDocValuesFacetCounts#<init>():63 [Inlined code]
                              at perf.SearchTask#go():290 [JIT compiled code]
                              at perf.UnparsedTask#go():57 [JIT compiled code]
                              at perf.TaskThreads$RunTask#call():81 [JIT compiled code]
                              at perf.TaskThreads$RunTask#call():64 [JIT compiled code]
                              at java.util.concurrent.FutureTask#run():328 [JIT compiled code]
                              at java.util.concurrent.ThreadPoolExecutor#runWorker():1090 [Interpreted code]
0.57%         649           jdk.incubator.vector.Int256Vector$Int256Mask#trueCount():736 [Inlined code]
                              at org.apache.lucene.internal.vectorization.PanamaVectorUtilSupport#findNextGEQ():1190 [Inlined code]
                              at org.apache.lucene.util.VectorUtil#findNextGEQ():556 [Inlined code]
                              at org.apache.lucene.codecs.lucene104.Lucene104PostingsReader$BlockPostingsEnum#advance():936 [Inlined code]
                              at org.apache.lucene.search.WANDScorer#advanceTail():419 [Inlined code]
                              at org.apache.lucene.search.WANDScorer#advanceTail():433 [Inlined code]
                              at org.apache.lucene.search.WANDScorer$2#matches():349 [JIT compiled code]
                              at org.apache.lucene.search.Weight$DefaultBulkScorer#scoreTwoPhaseIterator():311 [JIT compiled code]
                              at org.apache.lucene.search.Weight$DefaultBulkScorer#score():282 [JIT compiled code]
                              at org.apache.lucene.search.IndexSearcher#searchLeaf():852 [Inlined code]
                              at org.apache.lucene.search.IndexSearcher#search():814 [Inlined code]
                              at org.apache.lucene.search.IndexSearcher#lambda$search$0():784 [Inlined code]
0.57%         647           org.apache.lucene.util.packed.DirectReader$DirectPackedReader12#get():282 [Inlined code]
                              at org.apache.lucene.codecs.lucene90.Lucene90DocValuesProducer$25#nextOrd():2324 [Inlined code]
                              at org.apache.lucene.facet.sortedset.SortedSetDocValuesFacetCounts#countOneSegmentNHLD():137 [JIT compiled code]
                              at org.apache.lucene.facet.sortedset.SortedSetDocValuesFacetCounts#countAll():322 [Interpreted code]
                              at org.apache.lucene.facet.sortedset.SortedSetDocValuesFacetCounts#<init>():73 [Inlined code]
                              at org.apache.lucene.facet.sortedset.SortedSetDocValuesFacetCounts#<init>():63 [Inlined code]
                              at perf.SearchTask#go():290 [JIT compiled code]
                              at perf.UnparsedTask#go():57 [JIT compiled code]
                              at perf.TaskThreads$RunTask#call():81 [JIT compiled code]
                              at perf.TaskThreads$RunTask#call():64 [JIT compiled code]
                              at java.util.concurrent.FutureTask#run():328 [JIT compiled code]
                              at java.util.concurrent.ThreadPoolExecutor#runWorker():1090 [Interpreted code]
0.55%         628           org.apache.lucene.codecs.lucene90.Lucene90DocValuesProducer$4#longValue():994 [Inlined code]
                              at org.apache.lucene.facet.taxonomy.FastTaxonomyFacetCounts#countAll():138 [JIT compiled code]
                              at org.apache.lucene.facet.taxonomy.FastTaxonomyFacetCounts#<init>():69 [Interpreted code]
                              at perf.SearchTask#go():282 [JIT compiled code]
                              at perf.UnparsedTask#go():57 [JIT compiled code]
                              at perf.TaskThreads$RunTask#call():81 [JIT compiled code]
                              at perf.TaskThreads$RunTask#call():64 [JIT compiled code]
                              at java.util.concurrent.FutureTask#run():328 [JIT compiled code]
                              at java.util.concurrent.ThreadPoolExecutor#runWorker():1090 [Interpreted code]
                              at java.util.concurrent.ThreadPoolExecutor$Worker#run():614 [Interpreted code]
                              at java.lang.Thread#runWith():1487 [Interpreted code]
                              at java.lang.Thread#run():1474 [Interpreted code]
0.54%         615           org.apache.lucene.codecs.lucene90.Lucene90DocValuesProducer$25#nextOrd():2324 [Inlined code]
                              at org.apache.lucene.facet.sortedset.SortedSetDocValuesFacetCounts#countOneSegmentNHLD():137 [JIT compiled code]
                              at org.apache.lucene.facet.sortedset.SortedSetDocValuesFacetCounts#countAll():322 [Interpreted code]
                              at org.apache.lucene.facet.sortedset.SortedSetDocValuesFacetCounts#<init>():73 [Inlined code]
                              at org.apache.lucene.facet.sortedset.SortedSetDocValuesFacetCounts#<init>():63 [Inlined code]
                              at perf.SearchTask#go():290 [JIT compiled code]
                              at perf.UnparsedTask#go():57 [JIT compiled code]
                              at perf.TaskThreads$RunTask#call():81 [JIT compiled code]
                              at perf.TaskThreads$RunTask#call():64 [JIT compiled code]
                              at java.util.concurrent.FutureTask#run():328 [JIT compiled code]
                              at java.util.concurrent.ThreadPoolExecutor#runWorker():1090 [Interpreted code]
                              at java.util.concurrent.ThreadPoolExecutor$Worker#run():614 [Interpreted code]
0.51%         586           jdk.internal.foreign.MemorySessionImpl#checkValidStateRaw():200 [Inlined code]
                              at jdk.internal.misc.ScopedMemoryAccess#getShortUnalignedInternal():1789 [Inlined code]
                              at jdk.internal.misc.ScopedMemoryAccess#getShortUnaligned():1779 [Inlined code]
                              at java.lang.invoke.VarHandleSegmentAsShorts#get():60 [Inlined code]
                              at java.lang.invoke.VarHandleSegmentAsShorts#get():53 [Inlined code]
                              at java.lang.invoke.VarHandleGuards#guard_LJ_I():251 [Inlined code]
                              at jdk.internal.foreign.AbstractMemorySegmentImpl#get():730 [Inlined code]
                              at org.apache.lucene.store.MemorySegmentIndexInput$SingleSegmentImpl#readShort():783 [Inlined code]
                              at org.apache.lucene.util.packed.DirectReader$DirectPackedReader12#get():282 [Inlined code]
                              at org.apache.lucene.codecs.lucene90.Lucene90DocValuesProducer$25#nextOrd():2324 [Inlined code]
                              at org.apache.lucene.facet.sortedset.SortedSetDocValuesFacetCounts#countOneSegmentNHLD():137 [JIT compiled code]
                              at org.apache.lucene.facet.sortedset.SortedSetDocValuesFacetCounts#countAll():322 [Interpreted code]
0.47%         535           jdk.incubator.vector.Int256Vector$Int256Mask#trueCount():736 [Inlined code]
                              at org.apache.lucene.internal.vectorization.PanamaVectorUtilSupport#findNextGEQ():1190 [Inlined code]
                              at org.apache.lucene.util.VectorUtil#findNextGEQ():556 [Inlined code]
                              at org.apache.lucene.codecs.lucene104.Lucene104PostingsReader$BlockPostingsEnum#advance():936 [Inlined code]
                              at org.apache.lucene.search.WANDScorer#advanceTail():419 [Inlined code]
                              at org.apache.lucene.search.WANDScorer#advanceTail():433 [Inlined code]
                              at org.apache.lucene.search.WANDScorer$2#matches():349 [JIT compiled code]
                              at org.apache.lucene.search.Weight$DefaultBulkScorer#scoreTwoPhaseIterator():311 [JIT compiled code]
                              at org.apache.lucene.search.Weight$DefaultBulkScorer#score():282 [JIT compiled code]
                              at org.apache.lucene.search.IndexSearcher#searchLeaf():852 [JIT compiled code]
                              at org.apache.lucene.search.IndexSearcher#search():814 [JIT compiled code]
                              at org.apache.lucene.search.IndexSearcher#lambda$search$0():784 [Inlined code]
0.44%         498           jdk.internal.foreign.MemorySessionImpl#checkValidStateRaw():200 [Inlined code]
                              at jdk.internal.misc.ScopedMemoryAccess#getIntUnalignedInternal():3169 [Inlined code]
                              at jdk.internal.misc.ScopedMemoryAccess#getIntUnaligned():3159 [Inlined code]
                              at java.lang.invoke.VarHandleSegmentAsInts#get():60 [Inlined code]
                              at java.lang.invoke.VarHandleSegmentAsInts#get():53 [Inlined code]
                              at java.lang.invoke.VarHandleGuards#guard_LJ_I():251 [Inlined code]
                              at jdk.internal.foreign.AbstractMemorySegmentImpl#get():742 [Inlined code]
                              at org.apache.lucene.store.MemorySegmentIndexInput$SingleSegmentImpl#readInt():794 [Inlined code]
                              at org.apache.lucene.util.packed.DirectReader$DirectPackedReader20#get():322 [Inlined code]
                              at org.apache.lucene.codecs.lucene90.Lucene90DocValuesProducer$4#longValue():994 [Inlined code]
                              at org.apache.lucene.facet.taxonomy.FastTaxonomyFacetCounts#countAll():138 [JIT compiled code]
                              at org.apache.lucene.facet.taxonomy.FastTaxonomyFacetCounts#<init>():69 [Interpreted code]
0.43%         487           org.apache.lucene.codecs.lucene90.Lucene90DocValuesProducer$25#advance():2358 [Inlined code]
                              at org.apache.lucene.codecs.lucene90.Lucene90DocValuesProducer$25#nextDoc():2348 [Inlined code]
                              at org.apache.lucene.facet.sortedset.SortedSetDocValuesFacetCounts#countOneSegmentNHLD():135 [JIT compiled code]
                              at org.apache.lucene.facet.sortedset.SortedSetDocValuesFacetCounts#countAll():322 [Interpreted code]
                              at org.apache.lucene.facet.sortedset.SortedSetDocValuesFacetCounts#<init>():73 [Inlined code]
                              at org.apache.lucene.facet.sortedset.SortedSetDocValuesFacetCounts#<init>():63 [Inlined code]
                              at perf.SearchTask#go():290 [JIT compiled code]
                              at perf.UnparsedTask#go():57 [JIT compiled code]
                              at perf.TaskThreads$RunTask#call():81 [JIT compiled code]
                              at perf.TaskThreads$RunTask#call():64 [JIT compiled code]
                              at java.util.concurrent.FutureTask#run():328 [JIT compiled code]
                              at java.util.concurrent.ThreadPoolExecutor#runWorker():1090 [Interpreted code]
0.40%         453           org.apache.lucene.codecs.lucene90.Lucene90DocValuesProducer$25#advance():2356 [Inlined code]
                              at org.apache.lucene.codecs.lucene90.Lucene90DocValuesProducer$25#nextDoc():2348 [Inlined code]
                              at org.apache.lucene.facet.sortedset.SortedSetDocValuesFacetCounts#countOneSegmentNHLD():135 [JIT compiled code]
                              at org.apache.lucene.facet.sortedset.SortedSetDocValuesFacetCounts#countAll():322 [Interpreted code]
                              at org.apache.lucene.facet.sortedset.SortedSetDocValuesFacetCounts#<init>():73 [Inlined code]
                              at org.apache.lucene.facet.sortedset.SortedSetDocValuesFacetCounts#<init>():63 [Inlined code]
                              at perf.SearchTask#go():290 [JIT compiled code]
                              at perf.UnparsedTask#go():57 [JIT compiled code]
                              at perf.TaskThreads$RunTask#call():81 [JIT compiled code]
                              at perf.TaskThreads$RunTask#call():64 [JIT compiled code]
                              at java.util.concurrent.FutureTask#run():328 [JIT compiled code]
                              at java.util.concurrent.ThreadPoolExecutor#runWorker():1090 [Interpreted code]
0.38%         439           java.io.FileOutputStream#writeBytes() [Native code]
                              at java.io.FileOutputStream#traceWriteBytes():311 [Inlined code]
                              at java.io.FileOutputStream#write():349 [Inlined code]
                              at java.io.PrintStream#write():539 [Inlined code]
                              at sun.nio.cs.StreamEncoder#writeBytes():220 [Inlined code]
                              at sun.nio.cs.StreamEncoder#implFlushBuffer():315 [Inlined code]
                              at sun.nio.cs.StreamEncoder#flushBuffer():101 [Inlined code]
                              at java.io.OutputStreamWriter#flushBuffer():179 [Inlined code]
                              at java.io.PrintStream#writeln():690 [Inlined code]
                              at java.io.PrintStream#println():1004 [JIT compiled code]
                              at perf.SearchTask#printResults():776 [JIT compiled code]
                              at perf.UnparsedTask#printResults():85 [JIT compiled code]
0.38%         438           org.apache.lucene.facet.sortedset.SortedSetDocValuesFacetCounts#countOneSegmentNHLD():136 [JIT compiled code]
                              at org.apache.lucene.facet.sortedset.SortedSetDocValuesFacetCounts#countAll():322 [Interpreted code]
                              at org.apache.lucene.facet.sortedset.SortedSetDocValuesFacetCounts#<init>():73 [Inlined code]
                              at org.apache.lucene.facet.sortedset.SortedSetDocValuesFacetCounts#<init>():63 [Inlined code]
                              at perf.SearchTask#go():290 [JIT compiled code]
                              at perf.UnparsedTask#go():57 [JIT compiled code]
                              at perf.TaskThreads$RunTask#call():81 [JIT compiled code]
                              at perf.TaskThreads$RunTask#call():64 [JIT compiled code]
                              at java.util.concurrent.FutureTask#run():328 [JIT compiled code]
                              at java.util.concurrent.ThreadPoolExecutor#runWorker():1090 [Interpreted code]
                              at java.util.concurrent.ThreadPoolExecutor$Worker#run():614 [Interpreted code]
                              at java.lang.Thread#runWith():1487 [Interpreted code]
0.37%         419           jdk.internal.foreign.MemorySessionImpl#checkValidStateRaw():200 [Inlined code]
                              at jdk.internal.misc.ScopedMemoryAccess#getShortUnalignedInternal():1789 [Inlined code]
                              at jdk.internal.misc.ScopedMemoryAccess#getShortUnaligned():1779 [Inlined code]
                              at java.lang.invoke.VarHandleSegmentAsShorts#get():60 [Inlined code]
                              at java.lang.invoke.VarHandleSegmentAsShorts#get():53 [Inlined code]
                              at java.lang.invoke.VarHandleGuards#guard_LJ_I():251 [Inlined code]
                              at jdk.internal.foreign.AbstractMemorySegmentImpl#get():730 [Inlined code]
                              at org.apache.lucene.store.MemorySegmentIndexInput$SingleSegmentImpl#readShort():783 [Inlined code]
                              at org.apache.lucene.util.packed.DirectReader$DirectPackedReader12#get():282 [JIT compiled code]
                              at org.apache.lucene.codecs.lucene90.Lucene90DocValuesProducer$25#nextOrd():2324 [Inlined code]
                              at org.apache.lucene.facet.sortedset.SortedSetDocValuesFacetCounts#countOneSegmentNHLD():137 [JIT compiled code]
                              at org.apache.lucene.facet.sortedset.SortedSetDocValuesFacetCounts#countAll():322 [Interpreted code]
0.36%         416           org.apache.lucene.facet.sortedset.SortedSetDocValuesFacetCounts#countOneSegmentNHLD():129 [JIT compiled code]
                              at org.apache.lucene.facet.sortedset.SortedSetDocValuesFacetCounts#countAll():322 [Interpreted code]
                              at org.apache.lucene.facet.sortedset.SortedSetDocValuesFacetCounts#<init>():73 [Interpreted code]
                              at org.apache.lucene.facet.sortedset.SortedSetDocValuesFacetCounts#<init>():63 [Interpreted code]
                              at perf.SearchTask#go():290 [Interpreted code]
                              at perf.UnparsedTask#go():57 [JIT compiled code]
                              at perf.TaskThreads$RunTask#call():81 [JIT compiled code]
                              at perf.TaskThreads$RunTask#call():64 [JIT compiled code]
                              at java.util.concurrent.FutureTask#run():328 [JIT compiled code]
                              at java.util.concurrent.ThreadPoolExecutor#runWorker():1090 [Interpreted code]
                              at java.util.concurrent.ThreadPoolExecutor$Worker#run():614 [Interpreted code]
                              at java.lang.Thread#runWith():1487 [Interpreted code]
0.34%         391           org.apache.lucene.util.packed.DirectReader$DirectPackedReader20#get():322 [JIT compiled code]
                              at org.apache.lucene.codecs.lucene90.Lucene90DocValuesProducer$4#longValue():994 [Inlined code]
                              at org.apache.lucene.facet.taxonomy.FastTaxonomyFacetCounts#countAll():138 [JIT compiled code]
                              at org.apache.lucene.facet.taxonomy.FastTaxonomyFacetCounts#<init>():69 [Interpreted code]
                              at perf.SearchTask#go():282 [JIT compiled code]
                              at perf.UnparsedTask#go():57 [JIT compiled code]
                              at perf.TaskThreads$RunTask#call():81 [JIT compiled code]
                              at perf.TaskThreads$RunTask#call():64 [JIT compiled code]
                              at java.util.concurrent.FutureTask#run():328 [JIT compiled code]
                              at java.util.concurrent.ThreadPoolExecutor#runWorker():1090 [Interpreted code]
                              at java.util.concurrent.ThreadPoolExecutor$Worker#run():614 [Interpreted code]
                              at java.lang.Thread#runWith():1487 [Interpreted code]
0.33%         377           org.apache.lucene.codecs.lucene90.Lucene90DocValuesProducer$20#ordValue():1501 [Inlined code]
                              at org.apache.lucene.facet.sortedset.SortedSetDocValuesFacetCounts#countOneSegmentNHLD():130 [JIT compiled code]
                              at org.apache.lucene.facet.sortedset.SortedSetDocValuesFacetCounts#countAll():322 [Interpreted code]
                              at org.apache.lucene.facet.sortedset.SortedSetDocValuesFacetCounts#<init>():73 [Interpreted code]
                              at org.apache.lucene.facet.sortedset.SortedSetDocValuesFacetCounts#<init>():63 [Interpreted code]
                              at perf.SearchTask#go():290 [Interpreted code]
                              at perf.UnparsedTask#go():57 [Interpreted code]
                              at perf.TaskThreads$RunTask#call():81 [Interpreted code]
                              at perf.TaskThreads$RunTask#call():64 [Interpreted code]
                              at java.util.concurrent.FutureTask#run():328 [JIT compiled code]
                              at java.util.concurrent.ThreadPoolExecutor#runWorker():1090 [Interpreted code]
                              at java.util.concurrent.ThreadPoolExecutor$Worker#run():614 [Interpreted code]
0.33%         374           org.apache.lucene.facet.taxonomy.FastTaxonomyFacetCounts#countAll():125 [JIT compiled code]
                              at org.apache.lucene.facet.taxonomy.FastTaxonomyFacetCounts#<init>():69 [Interpreted code]
                              at perf.SearchTask#go():282 [Interpreted code]
                              at perf.UnparsedTask#go():57 [Interpreted code]
                              at perf.TaskThreads$RunTask#call():81 [Interpreted code]
                              at perf.TaskThreads$RunTask#call():64 [Interpreted code]
                              at java.util.concurrent.FutureTask#run():328 [JIT compiled code]
                              at java.util.concurrent.ThreadPoolExecutor#runWorker():1090 [Interpreted code]
                              at java.util.concurrent.ThreadPoolExecutor$Worker#run():614 [Interpreted code]
                              at java.lang.Thread#runWith():1487 [Interpreted code]
                              at java.lang.Thread#run():1474 [Interpreted code]
0.32%         370           org.apache.lucene.util.packed.DirectReader$DirectPackedReader12#get():282 [JIT compiled code]
                              at org.apache.lucene.codecs.lucene90.Lucene90DocValuesProducer$20#ordValue():1501 [Inlined code]
                              at org.apache.lucene.facet.sortedset.SortedSetDocValuesFacetCounts#countOneSegmentNHLD():130 [JIT compiled code]
                              at org.apache.lucene.facet.sortedset.SortedSetDocValuesFacetCounts#countAll():322 [Interpreted code]
                              at org.apache.lucene.facet.sortedset.SortedSetDocValuesFacetCounts#<init>():73 [Inlined code]
                              at org.apache.lucene.facet.sortedset.SortedSetDocValuesFacetCounts#<init>():63 [Inlined code]
                              at perf.SearchTask#go():290 [JIT compiled code]
                              at perf.UnparsedTask#go():57 [JIT compiled code]
                              at perf.TaskThreads$RunTask#call():81 [JIT compiled code]
                              at perf.TaskThreads$RunTask#call():64 [JIT compiled code]
                              at java.util.concurrent.FutureTask#run():328 [JIT compiled code]
                              at java.util.concurrent.ThreadPoolExecutor#runWorker():1090 [Interpreted code]
0.32%         367           org.apache.lucene.codecs.lucene90.Lucene90DocValuesProducer$25#advance():2357 [Inlined code]
                              at org.apache.lucene.codecs.lucene90.Lucene90DocValuesProducer$25#nextDoc():2348 [Inlined code]
                              at org.apache.lucene.facet.sortedset.SortedSetDocValuesFacetCounts#countOneSegmentNHLD():135 [JIT compiled code]
                              at org.apache.lucene.facet.sortedset.SortedSetDocValuesFacetCounts#countAll():322 [Interpreted code]
                              at org.apache.lucene.facet.sortedset.SortedSetDocValuesFacetCounts#<init>():73 [Inlined code]
                              at org.apache.lucene.facet.sortedset.SortedSetDocValuesFacetCounts#<init>():63 [Inlined code]
                              at perf.SearchTask#go():290 [JIT compiled code]
                              at perf.UnparsedTask#go():57 [JIT compiled code]
                              at perf.TaskThreads$RunTask#call():81 [JIT compiled code]
                              at perf.TaskThreads$RunTask#call():64 [JIT compiled code]
                              at java.util.concurrent.FutureTask#run():328 [JIT compiled code]
                              at java.util.concurrent.ThreadPoolExecutor#runWorker():1090 [Interpreted code]
0.31%         354           org.apache.lucene.util.packed.DirectMonotonicReader#get():138 [Inlined code]
                              at org.apache.lucene.codecs.lucene90.Lucene90DocValuesProducer$25#advance():2356 [Inlined code]
                              at org.apache.lucene.codecs.lucene90.Lucene90DocValuesProducer$25#nextDoc():2348 [Inlined code]
                              at org.apache.lucene.facet.sortedset.SortedSetDocValuesFacetCounts#countOneSegmentNHLD():135 [JIT compiled code]
                              at org.apache.lucene.facet.sortedset.SortedSetDocValuesFacetCounts#countAll():322 [Interpreted code]
                              at org.apache.lucene.facet.sortedset.SortedSetDocValuesFacetCounts#<init>():73 [Inlined code]
                              at org.apache.lucene.facet.sortedset.SortedSetDocValuesFacetCounts#<init>():63 [Inlined code]
                              at perf.SearchTask#go():290 [JIT compiled code]
                              at perf.UnparsedTask#go():57 [JIT compiled code]
                              at perf.TaskThreads$RunTask#call():81 [JIT compiled code]
                              at perf.TaskThreads$RunTask#call():64 [JIT compiled code]
                              at java.util.concurrent.FutureTask#run():328 [JIT compiled code]
0.31%         350           org.apache.lucene.util.packed.DirectReader$DirectPackedReader20#get():322 [Inlined code]
                              at org.apache.lucene.codecs.lucene90.Lucene90DocValuesProducer$4#longValue():994 [Inlined code]
                              at org.apache.lucene.facet.taxonomy.FastTaxonomyFacetCounts#countAll():138 [JIT compiled code]
                              at org.apache.lucene.facet.taxonomy.FastTaxonomyFacetCounts#<init>():69 [Interpreted code]
                              at perf.SearchTask#go():282 [JIT compiled code]
                              at perf.UnparsedTask#go():57 [JIT compiled code]
                              at perf.TaskThreads$RunTask#call():81 [JIT compiled code]
                              at perf.TaskThreads$RunTask#call():64 [JIT compiled code]
                              at java.util.concurrent.FutureTask#run():328 [JIT compiled code]
                              at java.util.concurrent.ThreadPoolExecutor#runWorker():1090 [Interpreted code]
                              at java.util.concurrent.ThreadPoolExecutor$Worker#run():614 [Interpreted code]
                              at java.lang.Thread#runWith():1487 [Interpreted code]
0.29%         330           org.apache.lucene.codecs.lucene90.Lucene90DocValuesProducer$DenseNumericDocValues#nextDoc():800 [Inlined code]
                              at org.apache.lucene.facet.taxonomy.FastTaxonomyFacetCounts#countAll():137 [JIT compiled code]
                              at org.apache.lucene.facet.taxonomy.FastTaxonomyFacetCounts#<init>():69 [Interpreted code]
                              at perf.SearchTask#go():282 [JIT compiled code]
                              at perf.UnparsedTask#go():57 [JIT compiled code]
                              at perf.TaskThreads$RunTask#call():81 [JIT compiled code]
                              at perf.TaskThreads$RunTask#call():64 [JIT compiled code]
                              at java.util.concurrent.FutureTask#run():328 [JIT compiled code]
                              at java.util.concurrent.ThreadPoolExecutor#runWorker():1090 [Interpreted code]
                              at java.util.concurrent.ThreadPoolExecutor$Worker#run():614 [Interpreted code]
                              at java.lang.Thread#runWith():1487 [Interpreted code]
                              at java.lang.Thread#run():1474 [Interpreted code]
0.29%         327           org.apache.lucene.util.packed.DirectReader$DirectPackedReader12#get():280 [JIT compiled code]
                              at org.apache.lucene.codecs.lucene90.Lucene90DocValuesProducer$25#nextOrd():2324 [Inlined code]
                              at org.apache.lucene.facet.sortedset.SortedSetDocValuesFacetCounts#countOneSegmentNHLD():137 [JIT compiled code]
                              at org.apache.lucene.facet.sortedset.SortedSetDocValuesFacetCounts#countAll():322 [Interpreted code]
                              at org.apache.lucene.facet.sortedset.SortedSetDocValuesFacetCounts#<init>():73 [Inlined code]
                              at org.apache.lucene.facet.sortedset.SortedSetDocValuesFacetCounts#<init>():63 [Inlined code]
                              at perf.SearchTask#go():290 [JIT compiled code]
                              at perf.UnparsedTask#go():57 [JIT compiled code]
                              at perf.TaskThreads$RunTask#call():81 [JIT compiled code]
                              at perf.TaskThreads$RunTask#call():64 [JIT compiled code]
                              at java.util.concurrent.FutureTask#run():328 [JIT compiled code]
                              at java.util.concurrent.ThreadPoolExecutor#runWorker():1090 [Interpreted code]
0.29%         326           org.apache.lucene.util.packed.DirectReader$DirectPackedReader4#get():242 [JIT compiled code]
                              at org.apache.lucene.codecs.lucene90.Lucene90DocValuesProducer$20#ordValue():1501 [Inlined code]
                              at org.apache.lucene.facet.sortedset.SortedSetDocValuesFacetCounts#countOneSegmentNHLD():130 [JIT compiled code]
                              at org.apache.lucene.facet.sortedset.SortedSetDocValuesFacetCounts#countAll():322 [Interpreted code]
                              at org.apache.lucene.facet.sortedset.SortedSetDocValuesFacetCounts#<init>():73 [Inlined code]
                              at org.apache.lucene.facet.sortedset.SortedSetDocValuesFacetCounts#<init>():63 [Inlined code]
                              at perf.SearchTask#go():290 [JIT compiled code]
                              at perf.UnparsedTask#go():57 [JIT compiled code]
                              at perf.TaskThreads$RunTask#call():81 [JIT compiled code]
                              at perf.TaskThreads$RunTask#call():64 [JIT compiled code]
                              at java.util.concurrent.FutureTask#run():328 [JIT compiled code]
                              at java.util.concurrent.ThreadPoolExecutor#runWorker():1090 [Interpreted code]
0.28%         320           jdk.internal.misc.ScopedMemoryAccess#getByteInternal():1100 [Inlined code]
                              at jdk.internal.misc.ScopedMemoryAccess#getByte():1088 [Inlined code]
                              at java.lang.invoke.VarHandleSegmentAsBytes#get():56 [Inlined code]
                              at java.lang.invoke.VarHandleSegmentAsBytes#get():49 [Inlined code]
                              at java.lang.invoke.VarHandleGuards#guard_LJ_I():251 [Inlined code]
                              at jdk.internal.foreign.AbstractMemorySegmentImpl#get():694 [Inlined code]
                              at org.apache.lucene.store.MemorySegmentIndexInput$SingleSegmentImpl#readByte():761 [Inlined code]
                              at org.apache.lucene.codecs.lucene90.Lucene90NormsProducer$3#longValue():397 [Inlined code]
                              at org.apache.lucene.index.NumericDocValues#longValues():105 [Inlined code]
                              at org.apache.lucene.index.NumericDocValues#longValues():84 [Inlined code]
                              at org.apache.lucene.codecs.lucene90.Lucene90NormsProducer$3#longValues():405 [Inlined code]
                              at org.apache.lucene.search.TermScorer#nextDocsAndScores():163 [JIT compiled code]
0.27%         304           org.apache.lucene.util.packed.DirectReader$DirectPackedReader12#get():282 [JIT compiled code]
                              at org.apache.lucene.codecs.lucene90.Lucene90DocValuesProducer$25#nextOrd():2324 [Inlined code]
                              at org.apache.lucene.facet.sortedset.SortedSetDocValuesFacetCounts#countOneSegmentNHLD():137 [JIT compiled code]
                              at org.apache.lucene.facet.sortedset.SortedSetDocValuesFacetCounts#countAll():322 [Interpreted code]
                              at org.apache.lucene.facet.sortedset.SortedSetDocValuesFacetCounts#<init>():73 [Interpreted code]
                              at org.apache.lucene.facet.sortedset.SortedSetDocValuesFacetCounts#<init>():63 [Interpreted code]
                              at perf.SearchTask#go():290 [Interpreted code]
                              at perf.UnparsedTask#go():57 [Interpreted code]
                              at perf.TaskThreads$RunTask#call():81 [Interpreted code]
                              at perf.TaskThreads$RunTask#call():64 [Interpreted code]
                              at java.util.concurrent.FutureTask#run():328 [JIT compiled code]
                              at java.util.concurrent.ThreadPoolExecutor#runWorker():1090 [Interpreted code]


CPU merged search profile for armA:
JFR aggregation command: /home/goankur/jdk/corretto-25/bin/java -server -Xms2g -Xmx2g --add-modules jdk.incubator.vector -XX:+HeapDumpOnOutOfMemoryError -XX:+UseParallelGC -cp /home/goankur/vsearch/bo/lucene-A/build-tools/build-infra/build/classes/java/main -Dtests.profile.mode=cpu -Dtests.profile.stacksize=12 -Dtests.profile.count=30 -Dtests.profile.linenumbers=true org.apache.lucene.gradle.plugins.java.ProfileResults /home/goankur/vsearch/logs/bench-search-FAJc-armA-18.jfr /home/goankur/vsearch/logs/bench-search-FAJc-armA-19.jfr /home/goankur/vsearch/logs/bench-search-FAJc-armA-0.jfr /home/goankur/vsearch/logs/bench-search-FAJc-armA-1.jfr /home/goankur/vsearch/logs/bench-search-FAJc-armA-2.jfr /home/goankur/vsearch/logs/bench-search-FAJc-armA-3.jfr /home/goankur/vsearch/logs/bench-search-FAJc-armA-4.jfr /home/goankur/vsearch/logs/bench-search-FAJc-armA-5.jfr /home/goankur/vsearch/logs/bench-search-FAJc-armA-6.jfr /home/goankur/vsearch/logs/bench-search-FAJc-armA-7.jfr /home/goankur/vsearch/logs/bench-search-FAJc-armA-8.jfr /home/goankur/vsearch/logs/bench-search-FAJc-armA-9.jfr /home/goankur/vsearch/logs/bench-search-FAJc-armA-10.jfr /home/goankur/vsearch/logs/bench-search-FAJc-armA-11.jfr /home/goankur/vsearch/logs/bench-search-FAJc-armA-12.jfr /home/goankur/vsearch/logs/bench-search-FAJc-armA-13.jfr /home/goankur/vsearch/logs/bench-search-FAJc-armA-14.jfr /home/goankur/vsearch/logs/bench-search-FAJc-armA-15.jfr /home/goankur/vsearch/logs/bench-search-FAJc-armA-16.jfr /home/goankur/vsearch/logs/bench-search-FAJc-armA-17.jfr
Took 2.15 seconds
WARNING: Using incubator modules: jdk.incubator.vector
PROFILE SUMMARY from 115643 events (total: 115643)
  tests.profile.mode=cpu
  tests.profile.count=30
  tests.profile.stacksize=12
  tests.profile.linenumbers=true
PERCENT       CPU SAMPLES   STACK
2.27%         2628          org.apache.lucene.facet.sortedset.SortedSetDocValuesFacetCounts#countOneSegmentNHLD():129 [JIT compiled code]
                              at org.apache.lucene.facet.sortedset.SortedSetDocValuesFacetCounts#countAll():322 [Interpreted code]
                              at org.apache.lucene.facet.sortedset.SortedSetDocValuesFacetCounts#<init>():73 [Inlined code]
                              at org.apache.lucene.facet.sortedset.SortedSetDocValuesFacetCounts#<init>():63 [Inlined code]
                              at perf.SearchTask#go():290 [JIT compiled code]
                              at perf.UnparsedTask#go():57 [JIT compiled code]
                              at perf.TaskThreads$RunTask#call():81 [JIT compiled code]
                              at perf.TaskThreads$RunTask#call():64 [JIT compiled code]
                              at java.util.concurrent.FutureTask#run():328 [JIT compiled code]
                              at java.util.concurrent.ThreadPoolExecutor#runWorker():1090 [Interpreted code]
                              at java.util.concurrent.ThreadPoolExecutor$Worker#run():614 [Interpreted code]
                              at java.lang.Thread#runWith():1487 [Interpreted code]
1.58%         1831          org.apache.lucene.facet.taxonomy.FastTaxonomyFacetCounts#countAll():125 [JIT compiled code]
                              at org.apache.lucene.facet.taxonomy.FastTaxonomyFacetCounts#<init>():69 [Interpreted code]
                              at perf.SearchTask#go():282 [JIT compiled code]
                              at perf.UnparsedTask#go():57 [JIT compiled code]
                              at perf.TaskThreads$RunTask#call():81 [JIT compiled code]
                              at perf.TaskThreads$RunTask#call():64 [JIT compiled code]
                              at java.util.concurrent.FutureTask#run():328 [JIT compiled code]
                              at java.util.concurrent.ThreadPoolExecutor#runWorker():1090 [Interpreted code]
                              at java.util.concurrent.ThreadPoolExecutor$Worker#run():614 [Interpreted code]
                              at java.lang.Thread#runWith():1487 [Interpreted code]
                              at java.lang.Thread#run():1474 [Interpreted code]
0.85%         988           org.apache.lucene.facet.sortedset.SortedSetDocValuesFacetCounts#countOneSegmentNHLD():129 [JIT compiled code]
                              at org.apache.lucene.facet.sortedset.SortedSetDocValuesFacetCounts#countAll():322 [Interpreted code]
                              at org.apache.lucene.facet.sortedset.SortedSetDocValuesFacetCounts#<init>():73 [Interpreted code]
                              at org.apache.lucene.facet.sortedset.SortedSetDocValuesFacetCounts#<init>():63 [Interpreted code]
                              at perf.SearchTask#go():290 [Interpreted code]
                              at perf.UnparsedTask#go():57 [Interpreted code]
                              at perf.TaskThreads$RunTask#call():81 [Interpreted code]
                              at perf.TaskThreads$RunTask#call():64 [Interpreted code]
                              at java.util.concurrent.FutureTask#run():328 [JIT compiled code]
                              at java.util.concurrent.ThreadPoolExecutor#runWorker():1090 [Interpreted code]
                              at java.util.concurrent.ThreadPoolExecutor$Worker#run():614 [Interpreted code]
                              at java.lang.Thread#runWith():1487 [Interpreted code]
0.82%         945           org.apache.lucene.codecs.lucene90.Lucene90DocValuesProducer$20#ordValue():1501 [Inlined code]
                              at org.apache.lucene.facet.sortedset.SortedSetDocValuesFacetCounts#countOneSegmentNHLD():130 [JIT compiled code]
                              at org.apache.lucene.facet.sortedset.SortedSetDocValuesFacetCounts#countAll():322 [Interpreted code]
                              at org.apache.lucene.facet.sortedset.SortedSetDocValuesFacetCounts#<init>():73 [Inlined code]
                              at org.apache.lucene.facet.sortedset.SortedSetDocValuesFacetCounts#<init>():63 [Inlined code]
                              at perf.SearchTask#go():290 [JIT compiled code]
                              at perf.UnparsedTask#go():57 [JIT compiled code]
                              at perf.TaskThreads$RunTask#call():81 [JIT compiled code]
                              at perf.TaskThreads$RunTask#call():64 [JIT compiled code]
                              at java.util.concurrent.FutureTask#run():328 [JIT compiled code]
                              at java.util.concurrent.ThreadPoolExecutor#runWorker():1090 [Interpreted code]
                              at java.util.concurrent.ThreadPoolExecutor$Worker#run():614 [Interpreted code]
0.74%         854           org.apache.lucene.util.packed.DirectReader$DirectPackedReader12#get():282 [JIT compiled code]
                              at org.apache.lucene.codecs.lucene90.Lucene90DocValuesProducer$25#nextOrd():2324 [Inlined code]
                              at org.apache.lucene.facet.sortedset.SortedSetDocValuesFacetCounts#countOneSegmentNHLD():137 [JIT compiled code]
                              at org.apache.lucene.facet.sortedset.SortedSetDocValuesFacetCounts#countAll():322 [Interpreted code]
                              at org.apache.lucene.facet.sortedset.SortedSetDocValuesFacetCounts#<init>():73 [Inlined code]
                              at org.apache.lucene.facet.sortedset.SortedSetDocValuesFacetCounts#<init>():63 [Inlined code]
                              at perf.SearchTask#go():290 [JIT compiled code]
                              at perf.UnparsedTask#go():57 [JIT compiled code]
                              at perf.TaskThreads$RunTask#call():81 [JIT compiled code]
                              at perf.TaskThreads$RunTask#call():64 [JIT compiled code]
                              at java.util.concurrent.FutureTask#run():328 [JIT compiled code]
                              at java.util.concurrent.ThreadPoolExecutor#runWorker():1090 [Interpreted code]
0.60%         692           org.apache.lucene.codecs.lucene90.Lucene90DocValuesProducer$4#longValue():994 [Inlined code]
                              at org.apache.lucene.facet.taxonomy.FastTaxonomyFacetCounts#countAll():138 [JIT compiled code]
                              at org.apache.lucene.facet.taxonomy.FastTaxonomyFacetCounts#<init>():69 [Interpreted code]
                              at perf.SearchTask#go():282 [JIT compiled code]
                              at perf.UnparsedTask#go():57 [JIT compiled code]
                              at perf.TaskThreads$RunTask#call():81 [JIT compiled code]
                              at perf.TaskThreads$RunTask#call():64 [JIT compiled code]
                              at java.util.concurrent.FutureTask#run():328 [JIT compiled code]
                              at java.util.concurrent.ThreadPoolExecutor#runWorker():1090 [Interpreted code]
                              at java.util.concurrent.ThreadPoolExecutor$Worker#run():614 [Interpreted code]
                              at java.lang.Thread#runWith():1487 [Interpreted code]
                              at java.lang.Thread#run():1474 [Interpreted code]
0.53%         617           org.apache.lucene.codecs.lucene90.Lucene90DocValuesProducer$25#nextOrd():2324 [Inlined code]
                              at org.apache.lucene.facet.sortedset.SortedSetDocValuesFacetCounts#countOneSegmentNHLD():137 [JIT compiled code]
                              at org.apache.lucene.facet.sortedset.SortedSetDocValuesFacetCounts#countAll():322 [Interpreted code]
                              at org.apache.lucene.facet.sortedset.SortedSetDocValuesFacetCounts#<init>():73 [Inlined code]
                              at org.apache.lucene.facet.sortedset.SortedSetDocValuesFacetCounts#<init>():63 [Inlined code]
                              at perf.SearchTask#go():290 [JIT compiled code]
                              at perf.UnparsedTask#go():57 [JIT compiled code]
                              at perf.TaskThreads$RunTask#call():81 [JIT compiled code]
                              at perf.TaskThreads$RunTask#call():64 [JIT compiled code]
                              at java.util.concurrent.FutureTask#run():328 [JIT compiled code]
                              at java.util.concurrent.ThreadPoolExecutor#runWorker():1090 [Interpreted code]
                              at java.util.concurrent.ThreadPoolExecutor$Worker#run():614 [Interpreted code]
0.51%         585           org.apache.lucene.util.packed.DirectReader$DirectPackedReader20#get():322 [JIT compiled code]
                              at org.apache.lucene.codecs.lucene90.Lucene90DocValuesProducer$4#longValue():994 [Inlined code]
                              at org.apache.lucene.facet.taxonomy.FastTaxonomyFacetCounts#countAll():138 [JIT compiled code]
                              at org.apache.lucene.facet.taxonomy.FastTaxonomyFacetCounts#<init>():69 [Interpreted code]
                              at perf.SearchTask#go():282 [JIT compiled code]
                              at perf.UnparsedTask#go():57 [JIT compiled code]
                              at perf.TaskThreads$RunTask#call():81 [JIT compiled code]
                              at perf.TaskThreads$RunTask#call():64 [JIT compiled code]
                              at java.util.concurrent.FutureTask#run():328 [JIT compiled code]
                              at java.util.concurrent.ThreadPoolExecutor#runWorker():1090 [Interpreted code]
                              at java.util.concurrent.ThreadPoolExecutor$Worker#run():614 [Interpreted code]
                              at java.lang.Thread#runWith():1487 [Interpreted code]
0.46%         532           jdk.internal.foreign.MemorySessionImpl#checkValidStateRaw():200 [Inlined code]
                              at jdk.internal.misc.ScopedMemoryAccess#getShortUnalignedInternal():1789 [Inlined code]
                              at jdk.internal.misc.ScopedMemoryAccess#getShortUnaligned():1779 [Inlined code]
                              at java.lang.invoke.VarHandleSegmentAsShorts#get():60 [Inlined code]
                              at java.lang.invoke.VarHandleSegmentAsShorts#get():53 [Inlined code]
                              at java.lang.invoke.VarHandleGuards#guard_LJ_I():251 [Inlined code]
                              at jdk.internal.foreign.AbstractMemorySegmentImpl#get():730 [Inlined code]
                              at org.apache.lucene.store.MemorySegmentIndexInput$SingleSegmentImpl#readShort():797 [Inlined code]
                              at org.apache.lucene.util.packed.DirectReader$DirectPackedReader12#get():282 [JIT compiled code]
                              at org.apache.lucene.codecs.lucene90.Lucene90DocValuesProducer$25#nextOrd():2324 [Inlined code]
                              at org.apache.lucene.facet.sortedset.SortedSetDocValuesFacetCounts#countOneSegmentNHLD():137 [JIT compiled code]
                              at org.apache.lucene.facet.sortedset.SortedSetDocValuesFacetCounts#countAll():322 [Interpreted code]
0.43%         497           org.apache.lucene.codecs.lucene90.Lucene90DocValuesProducer$25#advance():2358 [Inlined code]
                              at org.apache.lucene.codecs.lucene90.Lucene90DocValuesProducer$25#nextDoc():2348 [Inlined code]
                              at org.apache.lucene.facet.sortedset.SortedSetDocValuesFacetCounts#countOneSegmentNHLD():135 [JIT compiled code]
                              at org.apache.lucene.facet.sortedset.SortedSetDocValuesFacetCounts#countAll():322 [Interpreted code]
                              at org.apache.lucene.facet.sortedset.SortedSetDocValuesFacetCounts#<init>():73 [Inlined code]
                              at org.apache.lucene.facet.sortedset.SortedSetDocValuesFacetCounts#<init>():63 [Inlined code]
                              at perf.SearchTask#go():290 [JIT compiled code]
                              at perf.UnparsedTask#go():57 [JIT compiled code]
                              at perf.TaskThreads$RunTask#call():81 [JIT compiled code]
                              at perf.TaskThreads$RunTask#call():64 [JIT compiled code]
                              at java.util.concurrent.FutureTask#run():328 [JIT compiled code]
                              at java.util.concurrent.ThreadPoolExecutor#runWorker():1090 [Interpreted code]
0.43%         492           org.apache.lucene.facet.sortedset.SortedSetDocValuesFacetCounts#countOneSegmentNHLD():129 [JIT compiled code]
                              at org.apache.lucene.facet.sortedset.SortedSetDocValuesFacetCounts#countAll():322 [Interpreted code]
                              at org.apache.lucene.facet.sortedset.SortedSetDocValuesFacetCounts#<init>():73 [Interpreted code]
                              at org.apache.lucene.facet.sortedset.SortedSetDocValuesFacetCounts#<init>():63 [Interpreted code]
                              at perf.SearchTask#go():290 [Interpreted code]
                              at perf.UnparsedTask#go():57 [JIT compiled code]
                              at perf.TaskThreads$RunTask#call():81 [JIT compiled code]
                              at perf.TaskThreads$RunTask#call():64 [JIT compiled code]
                              at java.util.concurrent.FutureTask#run():328 [JIT compiled code]
                              at java.util.concurrent.ThreadPoolExecutor#runWorker():1090 [Interpreted code]
                              at java.util.concurrent.ThreadPoolExecutor$Worker#run():614 [Interpreted code]
                              at java.lang.Thread#runWith():1487 [Interpreted code]
0.42%         487           org.apache.lucene.util.packed.DirectReader$DirectPackedReader12#get():282 [Inlined code]
                              at org.apache.lucene.codecs.lucene90.Lucene90DocValuesProducer$25#nextOrd():2324 [Inlined code]
                              at org.apache.lucene.facet.sortedset.SortedSetDocValuesFacetCounts#countOneSegmentNHLD():137 [JIT compiled code]
                              at org.apache.lucene.facet.sortedset.SortedSetDocValuesFacetCounts#countAll():322 [Interpreted code]
                              at org.apache.lucene.facet.sortedset.SortedSetDocValuesFacetCounts#<init>():73 [Inlined code]
                              at org.apache.lucene.facet.sortedset.SortedSetDocValuesFacetCounts#<init>():63 [Inlined code]
                              at perf.SearchTask#go():290 [JIT compiled code]
                              at perf.UnparsedTask#go():57 [JIT compiled code]
                              at perf.TaskThreads$RunTask#call():81 [JIT compiled code]
                              at perf.TaskThreads$RunTask#call():64 [JIT compiled code]
                              at java.util.concurrent.FutureTask#run():328 [JIT compiled code]
                              at java.util.concurrent.ThreadPoolExecutor#runWorker():1090 [Interpreted code]
0.42%         487           jdk.incubator.vector.Int256Vector$Int256Mask#trueCount():736 [Inlined code]
                              at org.apache.lucene.internal.vectorization.PanamaVectorUtilSupport#findNextGEQ():1190 [Inlined code]
                              at org.apache.lucene.util.VectorUtil#findNextGEQ():556 [Inlined code]
                              at org.apache.lucene.codecs.lucene104.Lucene104PostingsReader$BlockPostingsEnum#advance():936 [Inlined code]
                              at org.apache.lucene.search.WANDScorer#advanceTail():419 [Inlined code]
                              at org.apache.lucene.search.WANDScorer#advanceTail():433 [Inlined code]
                              at org.apache.lucene.search.WANDScorer$2#matches():349 [JIT compiled code]
                              at org.apache.lucene.search.Weight$DefaultBulkScorer#scoreTwoPhaseIterator():311 [JIT compiled code]
                              at org.apache.lucene.search.Weight$DefaultBulkScorer#score():282 [JIT compiled code]
                              at org.apache.lucene.search.IndexSearcher#searchLeaf():852 [Inlined code]
                              at org.apache.lucene.search.IndexSearcher#search():814 [Inlined code]
                              at org.apache.lucene.search.IndexSearcher#lambda$search$0():784 [Inlined code]
0.42%         484           java.io.FileOutputStream#writeBytes() [Native code]
                              at java.io.FileOutputStream#traceWriteBytes():311 [Inlined code]
                              at java.io.FileOutputStream#write():349 [Inlined code]
                              at java.io.PrintStream#write():539 [Inlined code]
                              at sun.nio.cs.StreamEncoder#writeBytes():220 [Inlined code]
                              at sun.nio.cs.StreamEncoder#implFlushBuffer():315 [Inlined code]
                              at sun.nio.cs.StreamEncoder#flushBuffer():101 [Inlined code]
                              at java.io.OutputStreamWriter#flushBuffer():179 [Inlined code]
                              at java.io.PrintStream#writeln():690 [Inlined code]
                              at java.io.PrintStream#println():1004 [JIT compiled code]
                              at perf.SearchTask#printResults():776 [JIT compiled code]
                              at perf.UnparsedTask#printResults():85 [JIT compiled code]
0.39%         450           org.apache.lucene.facet.sortedset.SortedSetDocValuesFacetCounts#countOneSegmentNHLD():136 [JIT compiled code]
                              at org.apache.lucene.facet.sortedset.SortedSetDocValuesFacetCounts#countAll():322 [Interpreted code]
                              at org.apache.lucene.facet.sortedset.SortedSetDocValuesFacetCounts#<init>():73 [Inlined code]
                              at org.apache.lucene.facet.sortedset.SortedSetDocValuesFacetCounts#<init>():63 [Inlined code]
                              at perf.SearchTask#go():290 [JIT compiled code]
                              at perf.UnparsedTask#go():57 [JIT compiled code]
                              at perf.TaskThreads$RunTask#call():81 [JIT compiled code]
                              at perf.TaskThreads$RunTask#call():64 [JIT compiled code]
                              at java.util.concurrent.FutureTask#run():328 [JIT compiled code]
                              at java.util.concurrent.ThreadPoolExecutor#runWorker():1090 [Interpreted code]
                              at java.util.concurrent.ThreadPoolExecutor$Worker#run():614 [Interpreted code]
                              at java.lang.Thread#runWith():1487 [Interpreted code]
0.37%         427           jdk.internal.foreign.MemorySessionImpl#checkValidStateRaw():200 [Inlined code]
                              at jdk.internal.misc.ScopedMemoryAccess#getShortUnalignedInternal():1789 [Inlined code]
                              at jdk.internal.misc.ScopedMemoryAccess#getShortUnaligned():1779 [Inlined code]
                              at java.lang.invoke.VarHandleSegmentAsShorts#get():60 [Inlined code]
                              at java.lang.invoke.VarHandleSegmentAsShorts#get():53 [Inlined code]
                              at java.lang.invoke.VarHandleGuards#guard_LJ_I():251 [Inlined code]
                              at jdk.internal.foreign.AbstractMemorySegmentImpl#get():730 [Inlined code]
                              at org.apache.lucene.store.MemorySegmentIndexInput$SingleSegmentImpl#readShort():797 [Inlined code]
                              at org.apache.lucene.util.packed.DirectReader$DirectPackedReader12#get():282 [Inlined code]
                              at org.apache.lucene.codecs.lucene90.Lucene90DocValuesProducer$25#nextOrd():2324 [Inlined code]
                              at org.apache.lucene.facet.sortedset.SortedSetDocValuesFacetCounts#countOneSegmentNHLD():137 [JIT compiled code]
                              at org.apache.lucene.facet.sortedset.SortedSetDocValuesFacetCounts#countAll():322 [Interpreted code]
0.37%         425           jdk.incubator.vector.Int256Vector$Int256Mask#trueCount():736 [Inlined code]
                              at org.apache.lucene.internal.vectorization.PanamaVectorUtilSupport#findNextGEQ():1190 [Inlined code]
                              at org.apache.lucene.util.VectorUtil#findNextGEQ():556 [Inlined code]
                              at org.apache.lucene.codecs.lucene104.Lucene104PostingsReader$BlockPostingsEnum#advance():936 [Inlined code]
                              at org.apache.lucene.search.WANDScorer#advanceTail():419 [Inlined code]
                              at org.apache.lucene.search.WANDScorer#advanceTail():433 [Inlined code]
                              at org.apache.lucene.search.WANDScorer$2#matches():349 [JIT compiled code]
                              at org.apache.lucene.search.Weight$DefaultBulkScorer#scoreTwoPhaseIterator():311 [JIT compiled code]
                              at org.apache.lucene.search.Weight$DefaultBulkScorer#score():282 [JIT compiled code]
                              at org.apache.lucene.search.IndexSearcher#searchLeaf():852 [JIT compiled code]
                              at org.apache.lucene.search.IndexSearcher#search():814 [JIT compiled code]
                              at org.apache.lucene.search.IndexSearcher#lambda$search$0():784 [Inlined code]
0.36%         420           org.apache.lucene.codecs.lucene90.Lucene90DocValuesProducer$25#advance():2356 [Inlined code]
                              at org.apache.lucene.codecs.lucene90.Lucene90DocValuesProducer$25#nextDoc():2348 [Inlined code]
                              at org.apache.lucene.facet.sortedset.SortedSetDocValuesFacetCounts#countOneSegmentNHLD():135 [JIT compiled code]
                              at org.apache.lucene.facet.sortedset.SortedSetDocValuesFacetCounts#countAll():322 [Interpreted code]
                              at org.apache.lucene.facet.sortedset.SortedSetDocValuesFacetCounts#<init>():73 [Inlined code]
                              at org.apache.lucene.facet.sortedset.SortedSetDocValuesFacetCounts#<init>():63 [Inlined code]
                              at perf.SearchTask#go():290 [JIT compiled code]
                              at perf.UnparsedTask#go():57 [JIT compiled code]
                              at perf.TaskThreads$RunTask#call():81 [JIT compiled code]
                              at perf.TaskThreads$RunTask#call():64 [JIT compiled code]
                              at java.util.concurrent.FutureTask#run():328 [JIT compiled code]
                              at java.util.concurrent.ThreadPoolExecutor#runWorker():1090 [Interpreted code]
0.35%         409           org.apache.lucene.facet.taxonomy.FastTaxonomyFacetCounts#countAll():125 [JIT compiled code]
                              at org.apache.lucene.facet.taxonomy.FastTaxonomyFacetCounts#<init>():69 [Interpreted code]
                              at perf.SearchTask#go():282 [Interpreted code]
                              at perf.UnparsedTask#go():57 [Interpreted code]
                              at perf.TaskThreads$RunTask#call():81 [Interpreted code]
                              at perf.TaskThreads$RunTask#call():64 [Interpreted code]
                              at java.util.concurrent.FutureTask#run():328 [JIT compiled code]
                              at java.util.concurrent.ThreadPoolExecutor#runWorker():1090 [Interpreted code]
                              at java.util.concurrent.ThreadPoolExecutor$Worker#run():614 [Interpreted code]
                              at java.lang.Thread#runWith():1487 [Interpreted code]
                              at java.lang.Thread#run():1474 [Interpreted code]
0.35%         400           org.apache.lucene.codecs.lucene90.Lucene90DocValuesProducer$25#advance():2357 [Inlined code]
                              at org.apache.lucene.codecs.lucene90.Lucene90DocValuesProducer$25#nextDoc():2348 [Inlined code]
                              at org.apache.lucene.facet.sortedset.SortedSetDocValuesFacetCounts#countOneSegmentNHLD():135 [JIT compiled code]
                              at org.apache.lucene.facet.sortedset.SortedSetDocValuesFacetCounts#countAll():322 [Interpreted code]
                              at org.apache.lucene.facet.sortedset.SortedSetDocValuesFacetCounts#<init>():73 [Inlined code]
                              at org.apache.lucene.facet.sortedset.SortedSetDocValuesFacetCounts#<init>():63 [Inlined code]
                              at perf.SearchTask#go():290 [JIT compiled code]
                              at perf.UnparsedTask#go():57 [JIT compiled code]
                              at perf.TaskThreads$RunTask#call():81 [JIT compiled code]
                              at perf.TaskThreads$RunTask#call():64 [JIT compiled code]
                              at java.util.concurrent.FutureTask#run():328 [JIT compiled code]
                              at java.util.concurrent.ThreadPoolExecutor#runWorker():1090 [Interpreted code]
0.34%         397           org.apache.lucene.util.packed.DirectMonotonicReader#get():138 [Inlined code]
                              at org.apache.lucene.codecs.lucene90.Lucene90DocValuesProducer$25#advance():2356 [Inlined code]
                              at org.apache.lucene.codecs.lucene90.Lucene90DocValuesProducer$25#nextDoc():2348 [Inlined code]
                              at org.apache.lucene.facet.sortedset.SortedSetDocValuesFacetCounts#countOneSegmentNHLD():135 [JIT compiled code]
                              at org.apache.lucene.facet.sortedset.SortedSetDocValuesFacetCounts#countAll():322 [Interpreted code]
                              at org.apache.lucene.facet.sortedset.SortedSetDocValuesFacetCounts#<init>():73 [Inlined code]
                              at org.apache.lucene.facet.sortedset.SortedSetDocValuesFacetCounts#<init>():63 [Inlined code]
                              at perf.SearchTask#go():290 [JIT compiled code]
                              at perf.UnparsedTask#go():57 [JIT compiled code]
                              at perf.TaskThreads$RunTask#call():81 [JIT compiled code]
                              at perf.TaskThreads$RunTask#call():64 [JIT compiled code]
                              at java.util.concurrent.FutureTask#run():328 [JIT compiled code]
0.33%         385           org.apache.lucene.util.packed.DirectReader$DirectPackedReader12#get():280 [JIT compiled code]
                              at org.apache.lucene.codecs.lucene90.Lucene90DocValuesProducer$25#nextOrd():2324 [Inlined code]
                              at org.apache.lucene.facet.sortedset.SortedSetDocValuesFacetCounts#countOneSegmentNHLD():137 [JIT compiled code]
                              at org.apache.lucene.facet.sortedset.SortedSetDocValuesFacetCounts#countAll():322 [Interpreted code]
                              at org.apache.lucene.facet.sortedset.SortedSetDocValuesFacetCounts#<init>():73 [Inlined code]
                              at org.apache.lucene.facet.sortedset.SortedSetDocValuesFacetCounts#<init>():63 [Inlined code]
                              at perf.SearchTask#go():290 [JIT compiled code]
                              at perf.UnparsedTask#go():57 [JIT compiled code]
                              at perf.TaskThreads$RunTask#call():81 [JIT compiled code]
                              at perf.TaskThreads$RunTask#call():64 [JIT compiled code]
                              at java.util.concurrent.FutureTask#run():328 [JIT compiled code]
                              at java.util.concurrent.ThreadPoolExecutor#runWorker():1090 [Interpreted code]
0.33%         382           org.apache.lucene.store.MemorySegmentIndexInput$SingleSegmentImpl#readShort():797 [Inlined code]
                              at org.apache.lucene.util.packed.DirectReader$DirectPackedReader12#get():282 [JIT compiled code]
                              at org.apache.lucene.codecs.lucene90.Lucene90DocValuesProducer$25#nextOrd():2324 [Inlined code]
                              at org.apache.lucene.facet.sortedset.SortedSetDocValuesFacetCounts#countOneSegmentNHLD():137 [JIT compiled code]
                              at org.apache.lucene.facet.sortedset.SortedSetDocValuesFacetCounts#countAll():322 [Interpreted code]
                              at org.apache.lucene.facet.sortedset.SortedSetDocValuesFacetCounts#<init>():73 [Inlined code]
                              at org.apache.lucene.facet.sortedset.SortedSetDocValuesFacetCounts#<init>():63 [Inlined code]
                              at perf.SearchTask#go():290 [JIT compiled code]
                              at perf.UnparsedTask#go():57 [JIT compiled code]
                              at perf.TaskThreads$RunTask#call():81 [JIT compiled code]
                              at perf.TaskThreads$RunTask#call():64 [JIT compiled code]
                              at java.util.concurrent.FutureTask#run():328 [JIT compiled code]
0.33%         380           jdk.internal.foreign.MemorySessionImpl#checkValidStateRaw():200 [Inlined code]
                              at jdk.internal.misc.ScopedMemoryAccess#getIntUnalignedInternal():3169 [Inlined code]
                              at jdk.internal.misc.ScopedMemoryAccess#getIntUnaligned():3159 [Inlined code]
                              at java.lang.invoke.VarHandleSegmentAsInts#get():60 [Inlined code]
                              at java.lang.invoke.VarHandleSegmentAsInts#get():53 [Inlined code]
                              at java.lang.invoke.VarHandleGuards#guard_LJ_I():251 [Inlined code]
                              at jdk.internal.foreign.AbstractMemorySegmentImpl#get():742 [Inlined code]
                              at org.apache.lucene.store.MemorySegmentIndexInput$SingleSegmentImpl#readInt():808 [Inlined code]
                              at org.apache.lucene.util.packed.DirectReader$DirectPackedReader20#get():322 [Inlined code]
                              at org.apache.lucene.codecs.lucene90.Lucene90DocValuesProducer$4#longValue():994 [Inlined code]
                              at org.apache.lucene.facet.taxonomy.FastTaxonomyFacetCounts#countAll():138 [JIT compiled code]
                              at org.apache.lucene.facet.taxonomy.FastTaxonomyFacetCounts#<init>():69 [Interpreted code]
0.31%         353           org.apache.lucene.codecs.lucene90.Lucene90DocValuesProducer$20#ordValue():1501 [Inlined code]
                              at org.apache.lucene.facet.sortedset.SortedSetDocValuesFacetCounts#countOneSegmentNHLD():130 [JIT compiled code]
                              at org.apache.lucene.facet.sortedset.SortedSetDocValuesFacetCounts#countAll():322 [Interpreted code]
                              at org.apache.lucene.facet.sortedset.SortedSetDocValuesFacetCounts#<init>():73 [Interpreted code]
                              at org.apache.lucene.facet.sortedset.SortedSetDocValuesFacetCounts#<init>():63 [Interpreted code]
                              at perf.SearchTask#go():290 [Interpreted code]
                              at perf.UnparsedTask#go():57 [Interpreted code]
                              at perf.TaskThreads$RunTask#call():81 [Interpreted code]
                              at perf.TaskThreads$RunTask#call():64 [Interpreted code]
                              at java.util.concurrent.FutureTask#run():328 [JIT compiled code]
                              at java.util.concurrent.ThreadPoolExecutor#runWorker():1090 [Interpreted code]
                              at java.util.concurrent.ThreadPoolExecutor$Worker#run():614 [Interpreted code]
0.28%         323           org.apache.lucene.util.packed.DirectReader$DirectPackedReader4#get():242 [JIT compiled code]
                              at org.apache.lucene.codecs.lucene90.Lucene90DocValuesProducer$20#ordValue():1501 [Inlined code]
                              at org.apache.lucene.facet.sortedset.SortedSetDocValuesFacetCounts#countOneSegmentNHLD():130 [JIT compiled code]
                              at org.apache.lucene.facet.sortedset.SortedSetDocValuesFacetCounts#countAll():322 [Interpreted code]
                              at org.apache.lucene.facet.sortedset.SortedSetDocValuesFacetCounts#<init>():73 [Inlined code]
                              at org.apache.lucene.facet.sortedset.SortedSetDocValuesFacetCounts#<init>():63 [Inlined code]
                              at perf.SearchTask#go():290 [JIT compiled code]
                              at perf.UnparsedTask#go():57 [JIT compiled code]
                              at perf.TaskThreads$RunTask#call():81 [JIT compiled code]
                              at perf.TaskThreads$RunTask#call():64 [JIT compiled code]
                              at java.util.concurrent.FutureTask#run():328 [JIT compiled code]
                              at java.util.concurrent.ThreadPoolExecutor#runWorker():1090 [Interpreted code]
0.28%         320           org.apache.lucene.util.packed.DirectReader$DirectPackedReader12#get():282 [JIT compiled code]
                              at org.apache.lucene.codecs.lucene90.Lucene90DocValuesProducer$25#nextOrd():2324 [Inlined code]
                              at org.apache.lucene.facet.sortedset.SortedSetDocValuesFacetCounts#countOneSegmentNHLD():137 [JIT compiled code]
                              at org.apache.lucene.facet.sortedset.SortedSetDocValuesFacetCounts#countAll():322 [Interpreted code]
                              at org.apache.lucene.facet.sortedset.SortedSetDocValuesFacetCounts#<init>():73 [Interpreted code]
                              at org.apache.lucene.facet.sortedset.SortedSetDocValuesFacetCounts#<init>():63 [Interpreted code]
                              at perf.SearchTask#go():290 [Interpreted code]
                              at perf.UnparsedTask#go():57 [Interpreted code]
                              at perf.TaskThreads$RunTask#call():81 [Interpreted code]
                              at perf.TaskThreads$RunTask#call():64 [Interpreted code]
                              at java.util.concurrent.FutureTask#run():328 [JIT compiled code]
                              at java.util.concurrent.ThreadPoolExecutor#runWorker():1090 [Interpreted code]
0.27%         316           org.apache.lucene.facet.taxonomy.FastTaxonomyFacetCounts#countAll():125 [JIT compiled code]
                              at org.apache.lucene.facet.taxonomy.FastTaxonomyFacetCounts#<init>():69 [Interpreted code]
                              at perf.SearchTask#go():282 [Interpreted code]
                              at perf.UnparsedTask#go():57 [JIT compiled code]
                              at perf.TaskThreads$RunTask#call():81 [JIT compiled code]
                              at perf.TaskThreads$RunTask#call():64 [JIT compiled code]
                              at java.util.concurrent.FutureTask#run():328 [JIT compiled code]
                              at java.util.concurrent.ThreadPoolExecutor#runWorker():1090 [Interpreted code]
                              at java.util.concurrent.ThreadPoolExecutor$Worker#run():614 [Interpreted code]
                              at java.lang.Thread#runWith():1487 [Interpreted code]
                              at java.lang.Thread#run():1474 [Interpreted code]
0.27%         316           jdk.internal.misc.ScopedMemoryAccess#getByteInternal():1100 [Inlined code]
                              at jdk.internal.misc.ScopedMemoryAccess#getByte():1088 [Inlined code]
                              at java.lang.invoke.VarHandleSegmentAsBytes#get():56 [Inlined code]
                              at java.lang.invoke.VarHandleSegmentAsBytes#get():49 [Inlined code]
                              at java.lang.invoke.VarHandleGuards#guard_LJ_I():251 [Inlined code]
                              at jdk.internal.foreign.AbstractMemorySegmentImpl#get():694 [Inlined code]
                              at org.apache.lucene.store.MemorySegmentIndexInput$SingleSegmentImpl#readByte():775 [Inlined code]
                              at org.apache.lucene.codecs.lucene90.Lucene90NormsProducer$3#longValue():397 [Inlined code]
                              at org.apache.lucene.index.NumericDocValues#longValues():105 [Inlined code]
                              at org.apache.lucene.index.NumericDocValues#longValues():84 [Inlined code]
                              at org.apache.lucene.codecs.lucene90.Lucene90NormsProducer$3#longValues():405 [Inlined code]
                              at org.apache.lucene.search.TermScorer#nextDocsAndScores():163 [JIT compiled code]
0.27%         311           org.apache.lucene.codecs.lucene90.Lucene90DocValuesProducer$DenseNumericDocValues#nextDoc():800 [Inlined code]
                              at org.apache.lucene.facet.taxonomy.FastTaxonomyFacetCounts#countAll():137 [JIT compiled code]
                              at org.apache.lucene.facet.taxonomy.FastTaxonomyFacetCounts#<init>():69 [Interpreted code]
                              at perf.SearchTask#go():282 [JIT compiled code]
                              at perf.UnparsedTask#go():57 [JIT compiled code]
                              at perf.TaskThreads$RunTask#call():81 [JIT compiled code]
                              at perf.TaskThreads$RunTask#call():64 [JIT compiled code]
                              at java.util.concurrent.FutureTask#run():328 [JIT compiled code]
                              at java.util.concurrent.ThreadPoolExecutor#runWorker():1090 [Interpreted code]
                              at java.util.concurrent.ThreadPoolExecutor$Worker#run():614 [Interpreted code]
                              at java.lang.Thread#runWith():1487 [Interpreted code]
                              at java.lang.Thread#run():1474 [Interpreted code]


HEAP merged search profile for armJ:
JFR aggregation command: /home/goankur/jdk/corretto-25/bin/java -server -Xms2g -Xmx2g --add-modules jdk.incubator.vector -XX:+HeapDumpOnOutOfMemoryError -XX:+UseParallelGC -cp /home/goankur/vsearch/bo/lucene-J/build-tools/build-infra/build/classes/java/main -Dtests.profile.mode=heap -Dtests.profile.stacksize=12 -Dtests.profile.count=30 -Dtests.profile.linenumbers=true org.apache.lucene.gradle.plugins.java.ProfileResults /home/goankur/vsearch/logs/bench-search-FAJc-armJ-18.jfr /home/goankur/vsearch/logs/bench-search-FAJc-armJ-19.jfr /home/goankur/vsearch/logs/bench-search-FAJc-armJ-17.jfr /home/goankur/vsearch/logs/bench-search-FAJc-armJ-0.jfr /home/goankur/vsearch/logs/bench-search-FAJc-armJ-1.jfr /home/goankur/vsearch/logs/bench-search-FAJc-armJ-2.jfr /home/goankur/vsearch/logs/bench-search-FAJc-armJ-3.jfr /home/goankur/vsearch/logs/bench-search-FAJc-armJ-4.jfr /home/goankur/vsearch/logs/bench-search-FAJc-armJ-5.jfr /home/goankur/vsearch/logs/bench-search-FAJc-armJ-6.jfr /home/goankur/vsearch/logs/bench-search-FAJc-armJ-7.jfr /home/goankur/vsearch/logs/bench-search-FAJc-armJ-8.jfr /home/goankur/vsearch/logs/bench-search-FAJc-armJ-9.jfr /home/goankur/vsearch/logs/bench-search-FAJc-armJ-10.jfr /home/goankur/vsearch/logs/bench-search-FAJc-armJ-11.jfr /home/goankur/vsearch/logs/bench-search-FAJc-armJ-12.jfr /home/goankur/vsearch/logs/bench-search-FAJc-armJ-13.jfr /home/goankur/vsearch/logs/bench-search-FAJc-armJ-14.jfr /home/goankur/vsearch/logs/bench-search-FAJc-armJ-15.jfr /home/goankur/vsearch/logs/bench-search-FAJc-armJ-16.jfr
Took 1.55 seconds
WARNING: Using incubator modules: jdk.incubator.vector
PROFILE SUMMARY from 49850 events (total: 66073M)
  tests.profile.mode=heap
  tests.profile.count=30
  tests.profile.stacksize=12
  tests.profile.linenumbers=true
PERCENT       HEAP SAMPLES  STACK
3.96%         2617M         org.apache.lucene.facet.taxonomy.TaxonomyFacets#initializeValueCounters():134 [Inlined code]
                              at org.apache.lucene.facet.taxonomy.FastTaxonomyFacetCounts#countAll():127 [JIT compiled code]
                              at org.apache.lucene.facet.taxonomy.FastTaxonomyFacetCounts#<init>():69 [Interpreted code]
                              at perf.SearchTask#go():282 [JIT compiled code]
                              at perf.UnparsedTask#go():57 [JIT compiled code]
                              at perf.TaskThreads$RunTask#call():81 [JIT compiled code]
                              at perf.TaskThreads$RunTask#call():64 [JIT compiled code]
                              at java.util.concurrent.FutureTask#run():328 [JIT compiled code]
                              at java.util.concurrent.ThreadPoolExecutor#runWorker():1090 [Interpreted code]
                              at java.util.concurrent.ThreadPoolExecutor$Worker#run():614 [Interpreted code]
                              at java.lang.Thread#runWith():1487 [Interpreted code]
                              at java.lang.Thread#run():1474 [Interpreted code]
3.83%         2529M         org.apache.lucene.util.ArrayUtil#growExact():436 [Inlined code]
                              at org.apache.lucene.util.ArrayUtil#grow():448 [Inlined code]
                              at org.apache.lucene.codecs.lucene90.LZ4WithPresetDictCompressionMode$LZ4WithPresetDictDecompressor#decompress():132 [JIT compiled code]
                              at org.apache.lucene.codecs.lucene90.compressing.Lucene90CompressingStoredFieldsReader$BlockState#document():641 [JIT compiled code]
                              at org.apache.lucene.codecs.lucene90.compressing.Lucene90CompressingStoredFieldsReader#serializedDocument():673 [Inlined code]
                              at org.apache.lucene.codecs.lucene90.compressing.Lucene90CompressingStoredFieldsReader#document():691 [JIT compiled code]
                              at org.apache.lucene.index.CodecReader$1#document():101 [Inlined code]
                              at org.apache.lucene.index.BaseCompositeReader$2#document():190 [JIT compiled code]
                              at org.apache.lucene.index.StoredFields#document():68 [Inlined code]
                              at perf.SearchTask#printResults():776 [JIT compiled code]
                              at perf.UnparsedTask#printResults():85 [JIT compiled code]
                              at perf.SearchPerfTest#_main():770 [Interpreted code]
2.03%         1338M         org.apache.lucene.facet.sortedset.SortedSetDocValuesFacetCounts#countOneSegmentNHLD():125 [JIT compiled code]
                              at org.apache.lucene.facet.sortedset.SortedSetDocValuesFacetCounts#countAll():322 [Interpreted code]
                              at org.apache.lucene.facet.sortedset.SortedSetDocValuesFacetCounts#<init>():73 [Inlined code]
                              at org.apache.lucene.facet.sortedset.SortedSetDocValuesFacetCounts#<init>():63 [Inlined code]
                              at perf.SearchTask#go():290 [JIT compiled code]
                              at perf.UnparsedTask#go():57 [JIT compiled code]
                              at perf.TaskThreads$RunTask#call():81 [JIT compiled code]
                              at perf.TaskThreads$RunTask#call():64 [JIT compiled code]
                              at java.util.concurrent.FutureTask#run():328 [JIT compiled code]
                              at java.util.concurrent.ThreadPoolExecutor#runWorker():1090 [Interpreted code]
                              at java.util.concurrent.ThreadPoolExecutor$Worker#run():614 [Interpreted code]
                              at java.lang.Thread#runWith():1487 [Interpreted code]
1.31%         862M          org.apache.lucene.util.ArrayUtil#growNoCopy():459 [Inlined code]
                              at org.apache.lucene.codecs.lucene90.LZ4WithPresetDictCompressionMode$LZ4WithPresetDictDecompressor#decompress():102 [JIT compiled code]
                              at org.apache.lucene.codecs.lucene90.compressing.Lucene90CompressingStoredFieldsReader$BlockState#document():641 [JIT compiled code]
                              at org.apache.lucene.codecs.lucene90.compressing.Lucene90CompressingStoredFieldsReader#serializedDocument():673 [Inlined code]
                              at org.apache.lucene.codecs.lucene90.compressing.Lucene90CompressingStoredFieldsReader#document():691 [JIT compiled code]
                              at org.apache.lucene.index.CodecReader$1#document():101 [Inlined code]
                              at org.apache.lucene.index.BaseCompositeReader$2#document():190 [JIT compiled code]
                              at org.apache.lucene.index.StoredFields#document():68 [Inlined code]
                              at perf.SearchTask#printResults():776 [JIT compiled code]
                              at perf.UnparsedTask#printResults():85 [JIT compiled code]
                              at perf.SearchPerfTest#_main():770 [Interpreted code]
                              at perf.SearchPerfTest#main():145 [Interpreted code]
1.20%         794M          org.apache.lucene.util.ArrayUtil#growNoCopy():423 [Inlined code]
                              at org.apache.lucene.codecs.lucene90.compressing.Lucene90CompressingStoredFieldsReader$BlockState#doReset():504 [JIT compiled code]
                              at org.apache.lucene.codecs.lucene90.compressing.Lucene90CompressingStoredFieldsReader$BlockState#reset():472 [Inlined code]
                              at org.apache.lucene.codecs.lucene90.compressing.Lucene90CompressingStoredFieldsReader#serializedDocument():670 [Inlined code]
                              at org.apache.lucene.codecs.lucene90.compressing.Lucene90CompressingStoredFieldsReader#document():691 [JIT compiled code]
                              at org.apache.lucene.index.CodecReader$1#document():101 [Inlined code]
                              at org.apache.lucene.index.BaseCompositeReader$2#document():190 [JIT compiled code]
                              at org.apache.lucene.index.StoredFields#document():68 [Inlined code]
                              at perf.SearchTask#printResults():776 [JIT compiled code]
                              at perf.UnparsedTask#printResults():85 [JIT compiled code]
                              at perf.SearchPerfTest#_main():770 [Interpreted code]
                              at perf.SearchPerfTest#main():145 [Interpreted code]
1.16%         769M          org.apache.lucene.util.ArrayUtil#growExact():436 [Inlined code]
                              at org.apache.lucene.util.ArrayUtil#grow():448 [Inlined code]
                              at org.apache.lucene.codecs.lucene90.LZ4WithPresetDictCompressionMode$LZ4WithPresetDictDecompressor#decompress():132 [JIT compiled code]
                              at org.apache.lucene.codecs.lucene90.compressing.Lucene90CompressingStoredFieldsReader$BlockState#document():641 [JIT compiled code]
                              at org.apache.lucene.codecs.lucene90.compressing.Lucene90CompressingStoredFieldsReader#serializedDocument():673 [Inlined code]
                              at org.apache.lucene.codecs.lucene90.compressing.Lucene90CompressingStoredFieldsReader#document():691 [JIT compiled code]
                              at org.apache.lucene.index.CodecReader$1#document():101 [Inlined code]
                              at org.apache.lucene.index.BaseCompositeReader$2#document():190 [Inlined code]
                              at org.apache.lucene.index.StoredFields#document():68 [Inlined code]
                              at perf.SearchTask#printResults():776 [JIT compiled code]
                              at perf.UnparsedTask#printResults():85 [JIT compiled code]
                              at perf.SearchPerfTest#_main():770 [Interpreted code]
1.15%         757M          org.apache.lucene.util.ArrayUtil#growNoCopy():423 [Inlined code]
                              at org.apache.lucene.codecs.lucene90.compressing.Lucene90CompressingStoredFieldsReader$BlockState#doReset():503 [JIT compiled code]
                              at org.apache.lucene.codecs.lucene90.compressing.Lucene90CompressingStoredFieldsReader$BlockState#reset():472 [Inlined code]
                              at org.apache.lucene.codecs.lucene90.compressing.Lucene90CompressingStoredFieldsReader#serializedDocument():670 [Inlined code]
                              at org.apache.lucene.codecs.lucene90.compressing.Lucene90CompressingStoredFieldsReader#document():691 [JIT compiled code]
                              at org.apache.lucene.index.CodecReader$1#document():101 [Inlined code]
                              at org.apache.lucene.index.BaseCompositeReader$2#document():190 [JIT compiled code]
                              at org.apache.lucene.index.StoredFields#document():68 [Inlined code]
                              at perf.SearchTask#printResults():776 [JIT compiled code]
                              at perf.UnparsedTask#printResults():85 [JIT compiled code]
                              at perf.SearchPerfTest#_main():770 [Interpreted code]
                              at perf.SearchPerfTest#main():145 [Interpreted code]
1.06%         703M          org.apache.lucene.facet.taxonomy.TaxonomyFacets#initializeValueCounters():134 [Inlined code]
                              at org.apache.lucene.facet.taxonomy.FastTaxonomyFacetCounts#countAll():127 [JIT compiled code]
                              at org.apache.lucene.facet.taxonomy.FastTaxonomyFacetCounts#<init>():69 [Interpreted code]
                              at perf.SearchTask#go():282 [Interpreted code]
                              at perf.UnparsedTask#go():57 [Interpreted code]
                              at perf.TaskThreads$RunTask#call():81 [Interpreted code]
                              at perf.TaskThreads$RunTask#call():64 [Interpreted code]
                              at java.util.concurrent.FutureTask#run():328 [JIT compiled code]
                              at java.util.concurrent.ThreadPoolExecutor#runWorker():1090 [Interpreted code]
                              at java.util.concurrent.ThreadPoolExecutor$Worker#run():614 [Interpreted code]
                              at java.lang.Thread#runWith():1487 [Interpreted code]
                              at java.lang.Thread#run():1474 [Interpreted code]
1.00%         660M          org.apache.lucene.facet.taxonomy.TaxonomyFacets#initializeValueCounters():134 [Inlined code]
                              at org.apache.lucene.facet.taxonomy.FastTaxonomyFacetCounts#count():82 [JIT compiled code]
                              at org.apache.lucene.facet.taxonomy.FastTaxonomyFacetCounts#<init>():57 [Interpreted code]
                              at perf.SearchTask#go():310 [JIT compiled code]
                              at perf.UnparsedTask#go():57 [JIT compiled code]
                              at perf.TaskThreads$RunTask#call():81 [JIT compiled code]
                              at perf.TaskThreads$RunTask#call():64 [JIT compiled code]
                              at java.util.concurrent.FutureTask#run():328 [JIT compiled code]
                              at java.util.concurrent.ThreadPoolExecutor#runWorker():1090 [Interpreted code]
                              at java.util.concurrent.ThreadPoolExecutor$Worker#run():614 [Interpreted code]
                              at java.lang.Thread#runWith():1487 [Interpreted code]
                              at java.lang.Thread#run():1474 [Interpreted code]
0.99%         651M          org.apache.lucene.facet.sortedset.SortedSetDocValuesFacetCounts#initializeCounts():81 [Inlined code]
                              at org.apache.lucene.facet.sortedset.SortedSetDocValuesFacetCounts#countOneSegmentNHLD():105 [JIT compiled code]
                              at org.apache.lucene.facet.sortedset.SortedSetDocValuesFacetCounts#countAll():322 [Interpreted code]
                              at org.apache.lucene.facet.sortedset.SortedSetDocValuesFacetCounts#<init>():73 [Inlined code]
                              at org.apache.lucene.facet.sortedset.SortedSetDocValuesFacetCounts#<init>():63 [Inlined code]
                              at perf.SearchTask#go():290 [JIT compiled code]
                              at perf.UnparsedTask#go():57 [JIT compiled code]
                              at perf.TaskThreads$RunTask#call():81 [JIT compiled code]
                              at perf.TaskThreads$RunTask#call():64 [JIT compiled code]
                              at java.util.concurrent.FutureTask#run():328 [JIT compiled code]
                              at java.util.concurrent.ThreadPoolExecutor#runWorker():1090 [Interpreted code]
                              at java.util.concurrent.ThreadPoolExecutor$Worker#run():614 [Interpreted code]
0.80%         525M          org.apache.lucene.util.FixedBitSet#<init>():148 [Inlined code]
                              at org.apache.lucene.codecs.lucene104.Lucene104PostingsReader$BlockPostingsEnum#<init>():307 [JIT compiled code]
                              at org.apache.lucene.codecs.lucene104.Lucene104PostingsReader#postings():260 [Inlined code]
                              at org.apache.lucene.codecs.lucene103.blocktree.SegmentTermsEnum#postings():1010 [JIT compiled code]
                              at org.apache.lucene.search.comparators.TermOrdValComparator$PostingsBasedCompetitiveState#init():660 [JIT compiled code]
                              at org.apache.lucene.search.comparators.TermOrdValComparator$PostingsBasedCompetitiveState#update():615 [Inlined code]
                              at org.apache.lucene.search.comparators.TermOrdValComparator$TermOrdValLeafComparator#updateCompetitiveIterator():500 [JIT compiled code]
                              at org.apache.lucene.search.comparators.TermOrdValComparator$TermOrdValLeafComparator#<init>():293 [JIT compiled code]
                              at org.apache.lucene.search.comparators.TermOrdValComparator#getLeafComparator():171 [JIT compiled code]
                              at org.apache.lucene.search.FieldValueHitQueue#getComparators():172 [JIT compiled code]
                              at org.apache.lucene.search.TopFieldCollector$TopFieldLeafCollector#<init>():60 [JIT compiled code]
                              at org.apache.lucene.search.TopFieldCollector$SimpleFieldCollector$1#<init>():200 [JIT compiled code]
0.78%         512M          org.apache.lucene.codecs.lucene104.Lucene104PostingsReader$BlockPostingsEnum#<init>():335 [JIT compiled code]
                              at org.apache.lucene.codecs.lucene104.Lucene104PostingsReader#postings():260 [Inlined code]
                              at org.apache.lucene.codecs.lucene103.blocktree.SegmentTermsEnum#postings():1010 [JIT compiled code]
                              at org.apache.lucene.search.comparators.TermOrdValComparator$PostingsBasedCompetitiveState#init():660 [JIT compiled code]
                              at org.apache.lucene.search.comparators.TermOrdValComparator$PostingsBasedCompetitiveState#update():615 [Inlined code]
                              at org.apache.lucene.search.comparators.TermOrdValComparator$TermOrdValLeafComparator#updateCompetitiveIterator():500 [JIT compiled code]
                              at org.apache.lucene.search.comparators.TermOrdValComparator$TermOrdValLeafComparator#<init>():293 [JIT compiled code]
                              at org.apache.lucene.search.comparators.TermOrdValComparator#getLeafComparator():171 [JIT compiled code]
                              at org.apache.lucene.search.FieldValueHitQueue#getComparators():172 [JIT compiled code]
                              at org.apache.lucene.search.TopFieldCollector$TopFieldLeafCollector#<init>():60 [JIT compiled code]
                              at org.apache.lucene.search.TopFieldCollector$SimpleFieldCollector$1#<init>():200 [JIT compiled code]
                              at org.apache.lucene.search.TopFieldCollector$SimpleFieldCollector#getLeafCollector():199 [JIT compiled code]
0.77%         511M          org.apache.lucene.codecs.lucene104.Lucene104PostingsReader$BlockPostingsEnum#<init>():302 [JIT compiled code]
                              at org.apache.lucene.codecs.lucene104.Lucene104PostingsReader#postings():260 [Inlined code]
                              at org.apache.lucene.codecs.lucene103.blocktree.SegmentTermsEnum#postings():1010 [JIT compiled code]
                              at org.apache.lucene.search.comparators.TermOrdValComparator$PostingsBasedCompetitiveState#init():660 [JIT compiled code]
                              at org.apache.lucene.search.comparators.TermOrdValComparator$PostingsBasedCompetitiveState#update():615 [Inlined code]
                              at org.apache.lucene.search.comparators.TermOrdValComparator$TermOrdValLeafComparator#updateCompetitiveIterator():500 [JIT compiled code]
                              at org.apache.lucene.search.comparators.TermOrdValComparator$TermOrdValLeafComparator#<init>():293 [JIT compiled code]
                              at org.apache.lucene.search.comparators.TermOrdValComparator#getLeafComparator():171 [JIT compiled code]
                              at org.apache.lucene.search.FieldValueHitQueue#getComparators():172 [JIT compiled code]
                              at org.apache.lucene.search.TopFieldCollector$TopFieldLeafCollector#<init>():60 [JIT compiled code]
                              at org.apache.lucene.search.TopFieldCollector$SimpleFieldCollector$1#<init>():200 [JIT compiled code]
                              at org.apache.lucene.search.TopFieldCollector$SimpleFieldCollector#getLeafCollector():199 [JIT compiled code]
0.75%         494M          org.apache.lucene.util.ArrayUtil#growExact():436 [Inlined code]
                              at org.apache.lucene.util.ArrayUtil#grow():448 [Inlined code]
                              at org.apache.lucene.codecs.lucene90.LZ4WithPresetDictCompressionMode$LZ4WithPresetDictDecompressor#decompress():132 [JIT compiled code]
                              at org.apache.lucene.codecs.lucene90.compressing.Lucene90CompressingStoredFieldsReader$BlockState#document():641 [JIT compiled code]
                              at org.apache.lucene.codecs.lucene90.compressing.Lucene90CompressingStoredFieldsReader#serializedDocument():673 [Inlined code]
                              at org.apache.lucene.codecs.lucene90.compressing.Lucene90CompressingStoredFieldsReader#document():691 [JIT compiled code]
                              at org.apache.lucene.index.CodecReader$1#document():101 [Inlined code]
                              at org.apache.lucene.index.BaseCompositeReader$2#document():190 [JIT compiled code]
                              at org.apache.lucene.index.StoredFields#document():68 [Inlined code]
                              at perf.SearchTask#printResults():776 [JIT compiled code]
                              at perf.UnparsedTask#printResults():85 [Interpreted code]
                              at perf.SearchPerfTest#_main():770 [Interpreted code]
0.67%         442M          org.apache.lucene.facet.sortedset.SortedSetDocValuesFacetCounts#countOneSegmentNHLD():125 [JIT compiled code]
                              at org.apache.lucene.facet.sortedset.SortedSetDocValuesFacetCounts#countAll():322 [Interpreted code]
                              at org.apache.lucene.facet.sortedset.SortedSetDocValuesFacetCounts#<init>():73 [Interpreted code]
                              at org.apache.lucene.facet.sortedset.SortedSetDocValuesFacetCounts#<init>():63 [Interpreted code]
                              at perf.SearchTask#go():290 [Interpreted code]
                              at perf.UnparsedTask#go():57 [Interpreted code]
                              at perf.TaskThreads$RunTask#call():81 [Interpreted code]
                              at perf.TaskThreads$RunTask#call():64 [Interpreted code]
                              at java.util.concurrent.FutureTask#run():328 [JIT compiled code]
                              at java.util.concurrent.ThreadPoolExecutor#runWorker():1090 [Interpreted code]
                              at java.util.concurrent.ThreadPoolExecutor$Worker#run():614 [Interpreted code]
                              at java.lang.Thread#runWith():1487 [Interpreted code]
0.65%         428M          perf.TaskThreads$TaskThread#run():156 [Interpreted code]
0.61%         399M          org.apache.lucene.facet.taxonomy.TaxonomyFacets#initializeValueCounters():134 [Inlined code]
                              at org.apache.lucene.facet.taxonomy.FastTaxonomyFacetCounts#countAll():127 [JIT compiled code]
                              at org.apache.lucene.facet.taxonomy.FastTaxonomyFacetCounts#<init>():69 [Interpreted code]
                              at perf.SearchTask#go():282 [Interpreted code]
                              at perf.UnparsedTask#go():57 [JIT compiled code]
                              at perf.TaskThreads$RunTask#call():81 [JIT compiled code]
                              at perf.TaskThreads$RunTask#call():64 [JIT compiled code]
                              at java.util.concurrent.FutureTask#run():328 [JIT compiled code]
                              at java.util.concurrent.ThreadPoolExecutor#runWorker():1090 [Interpreted code]
                              at java.util.concurrent.ThreadPoolExecutor$Worker#run():614 [Interpreted code]
                              at java.lang.Thread#runWith():1487 [Interpreted code]
                              at java.lang.Thread#run():1474 [Interpreted code]
0.47%         307M          org.apache.lucene.util.ArrayUtil#growExact():436 [Inlined code]
                              at org.apache.lucene.util.ArrayUtil#grow():448 [Inlined code]
                              at org.apache.lucene.codecs.lucene90.LZ4WithPresetDictCompressionMode$LZ4WithPresetDictDecompressor#decompress():132 [JIT compiled code]
                              at org.apache.lucene.codecs.lucene90.compressing.Lucene90CompressingStoredFieldsReader$BlockState#document():641 [JIT compiled code]
                              at org.apache.lucene.codecs.lucene90.compressing.Lucene90CompressingStoredFieldsReader#serializedDocument():673 [Inlined code]
                              at org.apache.lucene.codecs.lucene90.compressing.Lucene90CompressingStoredFieldsReader#document():691 [JIT compiled code]
                              at org.apache.lucene.index.CodecReader$1#document():101 [Inlined code]
                              at org.apache.lucene.index.BaseCompositeReader$2#document():190 [JIT compiled code]
                              at org.apache.lucene.index.StoredFields#document():68 [Inlined code]
                              at perf.SearchTask#printResults():771 [JIT compiled code]
                              at perf.UnparsedTask#printResults():85 [JIT compiled code]
                              at perf.SearchPerfTest#_main():770 [Interpreted code]
0.46%         303M          java.lang.Integer#valueOf():1006 [Inlined code]
                              at java.util.PrimitiveIterator$OfInt#next():129 [JIT compiled code]
                              at org.apache.lucene.facet.sortedset.AbstractSortedSetDocValueFacetCounts#computeTopChildren():317 [JIT compiled code]
                              at org.apache.lucene.facet.sortedset.AbstractSortedSetDocValueFacetCounts#getTopChildrenForPath():300 [Interpreted code]
                              at org.apache.lucene.facet.sortedset.AbstractSortedSetDocValueFacetCounts#getTopChildren():61 [Interpreted code]
                              at org.apache.lucene.facet.sortedset.SortedSetDocValuesFacetCounts#getTopChildren():57 [Interpreted code]
                              at perf.SearchTask#go():291 [Interpreted code]
                              at perf.UnparsedTask#go():57 [Interpreted code]
                              at perf.TaskThreads$RunTask#call():81 [Interpreted code]
                              at perf.TaskThreads$RunTask#call():64 [Interpreted code]
                              at java.util.concurrent.FutureTask#run():328 [JIT compiled code]
                              at java.util.concurrent.ThreadPoolExecutor#runWorker():1090 [Interpreted code]
0.44%         290M          perf.TaskParser#secondPassParse():208 [Interpreted code]
                              at perf.UnparsedTask#go():53 [Interpreted code]
                              at perf.TaskThreads$RunTask#call():81 [Interpreted code]
                              at perf.TaskThreads$RunTask#call():64 [Interpreted code]
                              at java.util.concurrent.FutureTask#run():328 [JIT compiled code]
                              at java.util.concurrent.ThreadPoolExecutor#runWorker():1090 [Interpreted code]
                              at java.util.concurrent.ThreadPoolExecutor$Worker#run():614 [Interpreted code]
                              at java.lang.Thread#runWith():1487 [Interpreted code]
                              at java.lang.Thread#run():1474 [Interpreted code]
0.41%         268M          org.apache.lucene.util.ArrayUtil#growNoCopy():423 [Inlined code]
                              at org.apache.lucene.codecs.lucene90.compressing.Lucene90CompressingStoredFieldsReader$BlockState#doReset():503 [JIT compiled code]
                              at org.apache.lucene.codecs.lucene90.compressing.Lucene90CompressingStoredFieldsReader$BlockState#reset():472 [Inlined code]
                              at org.apache.lucene.codecs.lucene90.compressing.Lucene90CompressingStoredFieldsReader#serializedDocument():670 [Inlined code]
                              at org.apache.lucene.codecs.lucene90.compressing.Lucene90CompressingStoredFieldsReader#document():691 [JIT compiled code]
                              at org.apache.lucene.index.CodecReader$1#document():101 [Inlined code]
                              at org.apache.lucene.index.BaseCompositeReader$2#document():190 [Inlined code]
                              at org.apache.lucene.index.StoredFields#document():68 [Inlined code]
                              at perf.SearchTask#printResults():776 [JIT compiled code]
                              at perf.UnparsedTask#printResults():85 [JIT compiled code]
                              at perf.SearchPerfTest#_main():770 [Interpreted code]
                              at perf.SearchPerfTest#main():145 [Interpreted code]
0.40%         261M          org.apache.lucene.util.ArrayUtil#growNoCopy():459 [Inlined code]
                              at org.apache.lucene.codecs.lucene90.LZ4WithPresetDictCompressionMode$LZ4WithPresetDictDecompressor#decompress():102 [JIT compiled code]
                              at org.apache.lucene.codecs.lucene90.compressing.Lucene90CompressingStoredFieldsReader$BlockState#document():641 [JIT compiled code]
                              at org.apache.lucene.codecs.lucene90.compressing.Lucene90CompressingStoredFieldsReader#serializedDocument():673 [Inlined code]
                              at org.apache.lucene.codecs.lucene90.compressing.Lucene90CompressingStoredFieldsReader#document():691 [JIT compiled code]
                              at org.apache.lucene.index.CodecReader$1#document():101 [Inlined code]
                              at org.apache.lucene.index.BaseCompositeReader$2#document():190 [JIT compiled code]
                              at org.apache.lucene.index.StoredFields#document():68 [Inlined code]
                              at perf.SearchTask#printResults():776 [JIT compiled code]
                              at perf.UnparsedTask#printResults():85 [Interpreted code]
                              at perf.SearchPerfTest#_main():770 [Interpreted code]
                              at perf.SearchPerfTest#main():145 [Interpreted code]
0.38%         252M          org.apache.lucene.util.ArrayUtil#growExact():436 [Inlined code]
                              at org.apache.lucene.util.ArrayUtil#grow():448 [JIT compiled code]
                              at org.apache.lucene.codecs.lucene90.LZ4WithPresetDictCompressionMode$LZ4WithPresetDictDecompressor#decompress():132 [JIT compiled code]
                              at org.apache.lucene.codecs.lucene90.compressing.Lucene90CompressingStoredFieldsReader$BlockState#document():641 [JIT compiled code]
                              at org.apache.lucene.codecs.lucene90.compressing.Lucene90CompressingStoredFieldsReader#serializedDocument():673 [JIT compiled code]
                              at org.apache.lucene.codecs.lucene90.compressing.Lucene90CompressingStoredFieldsReader#document():691 [JIT compiled code]
                              at org.apache.lucene.index.CodecReader$1#document():101 [JIT compiled code]
                              at org.apache.lucene.index.BaseCompositeReader$2#document():190 [JIT compiled code]
                              at org.apache.lucene.index.StoredFields#document():68 [JIT compiled code]
                              at perf.SearchTask#printResults():776 [Interpreted code]
                              at perf.UnparsedTask#printResults():85 [Interpreted code]
                              at perf.SearchPerfTest#_main():770 [Interpreted code]
0.36%         236M          org.apache.lucene.util.FixedBitSet#<init>():148 [Inlined code]
                              at org.apache.lucene.util.DocIdSetBuilder#upgradeToBitSet():282 [JIT compiled code]
                              at org.apache.lucene.util.DocIdSetBuilder#grow():225 [JIT compiled code]
                              at org.apache.lucene.search.comparators.NumericComparator$PointsCompetitiveDISIBuilder$1#grow():406 [Inlined code]
                              at org.apache.lucene.util.bkd.BKDReader$BKDPointTree#addAll():596 [JIT compiled code]
                              at org.apache.lucene.util.bkd.BKDReader$BKDPointTree#visitDocIDs():589 [Inlined code]
                              at org.apache.lucene.index.PointValues#intersect():361 [JIT compiled code]
                              at org.apache.lucene.index.PointValues#intersect():350 [Inlined code]
                              at org.apache.lucene.search.comparators.NumericComparator$PointsCompetitiveDISIBuilder#doUpdateCompetitiveIterator():476 [Inlined code]
                              at org.apache.lucene.search.comparators.NumericComparator$CompetitiveDISIBuilder#updateCompetitiveIterator():265 [Inlined code]
                              at org.apache.lucene.search.comparators.NumericComparator$NumericLeafComparator#setBottom():154 [Inlined code]
                              at org.apache.lucene.search.comparators.IntComparator$IntLeafComparator#setBottom():90 [JIT compiled code]
0.33%         215M          jdk.internal.classfile.impl.EntryMap#<init>():77 [Inlined code]
                              at jdk.internal.classfile.impl.SplitConstantPool#map():182 [Inlined code]
                              at jdk.internal.classfile.impl.SplitConstantPool#tryFindClassOrInterface():403 [Inlined code]
                              at jdk.internal.classfile.impl.SplitConstantPool#classEntryForClassOrInterface():438 [Inlined code]
                              at jdk.internal.classfile.impl.SplitConstantPool#classEntry():514 [JIT compiled code]
                              at java.lang.invoke.InnerClassLambdaMetafactory#<init>():155 [Interpreted code]
                              at java.lang.invoke.LambdaMetafactory#metafactory():349 [Interpreted code]
                              at java.lang.invoke.DirectMethodHandle$Holder#invokeStatic() [Interpreted code]
                              at java.lang.invoke.BootstrapMethodInvoker#invoke():134 [Interpreted code]
                              at java.lang.invoke.CallSite#makeSite():310 [Interpreted code]
                              at java.lang.invoke.MethodHandleNatives#linkCallSiteImpl():250 [Interpreted code]
                              at java.lang.invoke.MethodHandleNatives#linkCallSite():240 [Interpreted code]
0.33%         214M          org.apache.lucene.search.similarities.BM25Similarity#scorer():217 [Interpreted code]
                              at org.apache.lucene.search.TermQuery$TermWeight#<init>():81 [Interpreted code]
                              at org.apache.lucene.search.TermQuery#createWeight():304 [Interpreted code]
                              at org.apache.lucene.search.IndexSearcher#createWeight():978 [Interpreted code]
                              at org.apache.lucene.search.IndexSearcher#search():754 [Interpreted code]
                              at org.apache.lucene.search.IndexSearcher#searchAfter():601 [Interpreted code]
                              at org.apache.lucene.search.IndexSearcher#search():624 [Interpreted code]
                              at perf.TypePolluter#runQueries():179 [Interpreted code]
                              at perf.TypePolluter#pollute():97 [Interpreted code]
                              at perf.SearchPerfTest#_main():282 [Interpreted code]
                              at perf.SearchPerfTest#main():145 [Interpreted code]
0.33%         214M          java.util.concurrent.locks.AbstractQueuedSynchronizer#acquire():769 [Interpreted code]
                              at java.util.concurrent.locks.AbstractQueuedSynchronizer#acquireSharedInterruptibly():1140 [Interpreted code]
                              at java.util.concurrent.CountDownLatch#await():230 [Interpreted code]
                              at perf.TaskThreads$TaskThread#run():126 [Interpreted code]
0.33%         214M          perf.StatisticsHelper#startStatistics():165 [Interpreted code]
                              at perf.SearchPerfTest#main():143 [Interpreted code]
0.32%         213M          org.apache.lucene.facet.sortedset.SortedSetDocValuesFacetCounts#countOneSegmentNHLD():125 [JIT compiled code]
                              at org.apache.lucene.facet.sortedset.SortedSetDocValuesFacetCounts#countAll():322 [Interpreted code]
                              at org.apache.lucene.facet.sortedset.SortedSetDocValuesFacetCounts#<init>():73 [Interpreted code]
                              at org.apache.lucene.facet.sortedset.SortedSetDocValuesFacetCounts#<init>():63 [Interpreted code]
                              at perf.SearchTask#go():290 [Interpreted code]
                              at perf.UnparsedTask#go():57 [JIT compiled code]
                              at perf.TaskThreads$RunTask#call():81 [JIT compiled code]
                              at perf.TaskThreads$RunTask#call():64 [JIT compiled code]
                              at java.util.concurrent.FutureTask#run():328 [JIT compiled code]
                              at java.util.concurrent.ThreadPoolExecutor#runWorker():1090 [Interpreted code]
                              at java.util.concurrent.ThreadPoolExecutor$Worker#run():614 [Interpreted code]
                              at java.lang.Thread#runWith():1487 [Interpreted code]
0.32%         208M          org.apache.lucene.facet.sortedset.SortedSetDocValuesFacetCounts#initializeCounts():81 [Inlined code]
                              at org.apache.lucene.facet.sortedset.SortedSetDocValuesFacetCounts#countOneSegmentNHLD():105 [JIT compiled code]
                              at org.apache.lucene.facet.sortedset.SortedSetDocValuesFacetCounts#countAll():322 [Interpreted code]
                              at org.apache.lucene.facet.sortedset.SortedSetDocValuesFacetCounts#<init>():73 [Interpreted code]
                              at org.apache.lucene.facet.sortedset.SortedSetDocValuesFacetCounts#<init>():63 [Interpreted code]
                              at perf.SearchTask#go():290 [Interpreted code]
                              at perf.UnparsedTask#go():57 [Interpreted code]
                              at perf.TaskThreads$RunTask#call():81 [Interpreted code]
                              at perf.TaskThreads$RunTask#call():64 [Interpreted code]
                              at java.util.concurrent.FutureTask#run():328 [JIT compiled code]
                              at java.util.concurrent.ThreadPoolExecutor#runWorker():1090 [Interpreted code]
                              at java.util.concurrent.ThreadPoolExecutor$Worker#run():614 [Interpreted code]


HEAP merged search profile for armA:
JFR aggregation command: /home/goankur/jdk/corretto-25/bin/java -server -Xms2g -Xmx2g --add-modules jdk.incubator.vector -XX:+HeapDumpOnOutOfMemoryError -XX:+UseParallelGC -cp /home/goankur/vsearch/bo/lucene-A/build-tools/build-infra/build/classes/java/main -Dtests.profile.mode=heap -Dtests.profile.stacksize=12 -Dtests.profile.count=30 -Dtests.profile.linenumbers=true org.apache.lucene.gradle.plugins.java.ProfileResults /home/goankur/vsearch/logs/bench-search-FAJc-armA-18.jfr /home/goankur/vsearch/logs/bench-search-FAJc-armA-19.jfr /home/goankur/vsearch/logs/bench-search-FAJc-armA-0.jfr /home/goankur/vsearch/logs/bench-search-FAJc-armA-1.jfr /home/goankur/vsearch/logs/bench-search-FAJc-armA-2.jfr /home/goankur/vsearch/logs/bench-search-FAJc-armA-3.jfr /home/goankur/vsearch/logs/bench-search-FAJc-armA-4.jfr /home/goankur/vsearch/logs/bench-search-FAJc-armA-5.jfr /home/goankur/vsearch/logs/bench-search-FAJc-armA-6.jfr /home/goankur/vsearch/logs/bench-search-FAJc-armA-7.jfr /home/goankur/vsearch/logs/bench-search-FAJc-armA-8.jfr /home/goankur/vsearch/logs/bench-search-FAJc-armA-9.jfr /home/goankur/vsearch/logs/bench-search-FAJc-armA-10.jfr /home/goankur/vsearch/logs/bench-search-FAJc-armA-11.jfr /home/goankur/vsearch/logs/bench-search-FAJc-armA-12.jfr /home/goankur/vsearch/logs/bench-search-FAJc-armA-13.jfr /home/goankur/vsearch/logs/bench-search-FAJc-armA-14.jfr /home/goankur/vsearch/logs/bench-search-FAJc-armA-15.jfr /home/goankur/vsearch/logs/bench-search-FAJc-armA-16.jfr /home/goankur/vsearch/logs/bench-search-FAJc-armA-17.jfr
Took 1.54 seconds
WARNING: Using incubator modules: jdk.incubator.vector
PROFILE SUMMARY from 50649 events (total: 66163M)
  tests.profile.mode=heap
  tests.profile.count=30
  tests.profile.stacksize=12
  tests.profile.linenumbers=true
PERCENT       HEAP SAMPLES  STACK
3.92%         2593M         org.apache.lucene.facet.taxonomy.TaxonomyFacets#initializeValueCounters():134 [Inlined code]
                              at org.apache.lucene.facet.taxonomy.FastTaxonomyFacetCounts#countAll():127 [JIT compiled code]
                              at org.apache.lucene.facet.taxonomy.FastTaxonomyFacetCounts#<init>():69 [Interpreted code]
                              at perf.SearchTask#go():282 [JIT compiled code]
                              at perf.UnparsedTask#go():57 [JIT compiled code]
                              at perf.TaskThreads$RunTask#call():81 [JIT compiled code]
                              at perf.TaskThreads$RunTask#call():64 [JIT compiled code]
                              at java.util.concurrent.FutureTask#run():328 [JIT compiled code]
                              at java.util.concurrent.ThreadPoolExecutor#runWorker():1090 [Interpreted code]
                              at java.util.concurrent.ThreadPoolExecutor$Worker#run():614 [Interpreted code]
                              at java.lang.Thread#runWith():1487 [Interpreted code]
                              at java.lang.Thread#run():1474 [Interpreted code]
3.79%         2510M         org.apache.lucene.util.ArrayUtil#growExact():436 [Inlined code]
                              at org.apache.lucene.util.ArrayUtil#grow():448 [Inlined code]
                              at org.apache.lucene.codecs.lucene90.LZ4WithPresetDictCompressionMode$LZ4WithPresetDictDecompressor#decompress():132 [JIT compiled code]
                              at org.apache.lucene.codecs.lucene90.compressing.Lucene90CompressingStoredFieldsReader$BlockState#document():641 [JIT compiled code]
                              at org.apache.lucene.codecs.lucene90.compressing.Lucene90CompressingStoredFieldsReader#serializedDocument():673 [Inlined code]
                              at org.apache.lucene.codecs.lucene90.compressing.Lucene90CompressingStoredFieldsReader#document():691 [JIT compiled code]
                              at org.apache.lucene.index.CodecReader$1#document():101 [Inlined code]
                              at org.apache.lucene.index.BaseCompositeReader$2#document():190 [JIT compiled code]
                              at org.apache.lucene.index.StoredFields#document():68 [Inlined code]
                              at perf.SearchTask#printResults():776 [JIT compiled code]
                              at perf.UnparsedTask#printResults():85 [JIT compiled code]
                              at perf.SearchPerfTest#_main():770 [Interpreted code]
1.98%         1308M         org.apache.lucene.facet.sortedset.SortedSetDocValuesFacetCounts#countOneSegmentNHLD():125 [JIT compiled code]
                              at org.apache.lucene.facet.sortedset.SortedSetDocValuesFacetCounts#countAll():322 [Interpreted code]
                              at org.apache.lucene.facet.sortedset.SortedSetDocValuesFacetCounts#<init>():73 [Inlined code]
                              at org.apache.lucene.facet.sortedset.SortedSetDocValuesFacetCounts#<init>():63 [Inlined code]
                              at perf.SearchTask#go():290 [JIT compiled code]
                              at perf.UnparsedTask#go():57 [JIT compiled code]
                              at perf.TaskThreads$RunTask#call():81 [JIT compiled code]
                              at perf.TaskThreads$RunTask#call():64 [JIT compiled code]
                              at java.util.concurrent.FutureTask#run():328 [JIT compiled code]
                              at java.util.concurrent.ThreadPoolExecutor#runWorker():1090 [Interpreted code]
                              at java.util.concurrent.ThreadPoolExecutor$Worker#run():614 [Interpreted code]
                              at java.lang.Thread#runWith():1487 [Interpreted code]
1.32%         872M          org.apache.lucene.util.ArrayUtil#growNoCopy():423 [Inlined code]
                              at org.apache.lucene.codecs.lucene90.compressing.Lucene90CompressingStoredFieldsReader$BlockState#doReset():503 [JIT compiled code]
                              at org.apache.lucene.codecs.lucene90.compressing.Lucene90CompressingStoredFieldsReader$BlockState#reset():472 [Inlined code]
                              at org.apache.lucene.codecs.lucene90.compressing.Lucene90CompressingStoredFieldsReader#serializedDocument():670 [Inlined code]
                              at org.apache.lucene.codecs.lucene90.compressing.Lucene90CompressingStoredFieldsReader#document():691 [JIT compiled code]
                              at org.apache.lucene.index.CodecReader$1#document():101 [Inlined code]
                              at org.apache.lucene.index.BaseCompositeReader$2#document():190 [JIT compiled code]
                              at org.apache.lucene.index.StoredFields#document():68 [Inlined code]
                              at perf.SearchTask#printResults():776 [JIT compiled code]
                              at perf.UnparsedTask#printResults():85 [JIT compiled code]
                              at perf.SearchPerfTest#_main():770 [Interpreted code]
                              at perf.SearchPerfTest#main():145 [Interpreted code]
1.26%         833M          org.apache.lucene.util.ArrayUtil#growNoCopy():459 [Inlined code]
                              at org.apache.lucene.codecs.lucene90.LZ4WithPresetDictCompressionMode$LZ4WithPresetDictDecompressor#decompress():102 [JIT compiled code]
                              at org.apache.lucene.codecs.lucene90.compressing.Lucene90CompressingStoredFieldsReader$BlockState#document():641 [JIT compiled code]
                              at org.apache.lucene.codecs.lucene90.compressing.Lucene90CompressingStoredFieldsReader#serializedDocument():673 [Inlined code]
                              at org.apache.lucene.codecs.lucene90.compressing.Lucene90CompressingStoredFieldsReader#document():691 [JIT compiled code]
                              at org.apache.lucene.index.CodecReader$1#document():101 [Inlined code]
                              at org.apache.lucene.index.BaseCompositeReader$2#document():190 [JIT compiled code]
                              at org.apache.lucene.index.StoredFields#document():68 [Inlined code]
                              at perf.SearchTask#printResults():776 [JIT compiled code]
                              at perf.UnparsedTask#printResults():85 [JIT compiled code]
                              at perf.SearchPerfTest#_main():770 [Interpreted code]
                              at perf.SearchPerfTest#main():145 [Interpreted code]
1.20%         795M          org.apache.lucene.util.ArrayUtil#growNoCopy():423 [Inlined code]
                              at org.apache.lucene.codecs.lucene90.compressing.Lucene90CompressingStoredFieldsReader$BlockState#doReset():504 [JIT compiled code]
                              at org.apache.lucene.codecs.lucene90.compressing.Lucene90CompressingStoredFieldsReader$BlockState#reset():472 [Inlined code]
                              at org.apache.lucene.codecs.lucene90.compressing.Lucene90CompressingStoredFieldsReader#serializedDocument():670 [Inlined code]
                              at org.apache.lucene.codecs.lucene90.compressing.Lucene90CompressingStoredFieldsReader#document():691 [JIT compiled code]
                              at org.apache.lucene.index.CodecReader$1#document():101 [Inlined code]
                              at org.apache.lucene.index.BaseCompositeReader$2#document():190 [JIT compiled code]
                              at org.apache.lucene.index.StoredFields#document():68 [Inlined code]
                              at perf.SearchTask#printResults():776 [JIT compiled code]
                              at perf.UnparsedTask#printResults():85 [JIT compiled code]
                              at perf.SearchPerfTest#_main():770 [Interpreted code]
                              at perf.SearchPerfTest#main():145 [Interpreted code]
1.16%         764M          org.apache.lucene.util.ArrayUtil#growExact():436 [Inlined code]
                              at org.apache.lucene.util.ArrayUtil#grow():448 [Inlined code]
                              at org.apache.lucene.codecs.lucene90.LZ4WithPresetDictCompressionMode$LZ4WithPresetDictDecompressor#decompress():132 [JIT compiled code]
                              at org.apache.lucene.codecs.lucene90.compressing.Lucene90CompressingStoredFieldsReader$BlockState#document():641 [JIT compiled code]
                              at org.apache.lucene.codecs.lucene90.compressing.Lucene90CompressingStoredFieldsReader#serializedDocument():673 [Inlined code]
                              at org.apache.lucene.codecs.lucene90.compressing.Lucene90CompressingStoredFieldsReader#document():691 [JIT compiled code]
                              at org.apache.lucene.index.CodecReader$1#document():101 [Inlined code]
                              at org.apache.lucene.index.BaseCompositeReader$2#document():190 [Inlined code]
                              at org.apache.lucene.index.StoredFields#document():68 [Inlined code]
                              at perf.SearchTask#printResults():776 [JIT compiled code]
                              at perf.UnparsedTask#printResults():85 [JIT compiled code]
                              at perf.SearchPerfTest#_main():770 [Interpreted code]
1.03%         682M          org.apache.lucene.facet.taxonomy.TaxonomyFacets#initializeValueCounters():134 [Inlined code]
                              at org.apache.lucene.facet.taxonomy.FastTaxonomyFacetCounts#countAll():127 [JIT compiled code]
                              at org.apache.lucene.facet.taxonomy.FastTaxonomyFacetCounts#<init>():69 [Interpreted code]
                              at perf.SearchTask#go():282 [Interpreted code]
                              at perf.UnparsedTask#go():57 [Interpreted code]
                              at perf.TaskThreads$RunTask#call():81 [Interpreted code]
                              at perf.TaskThreads$RunTask#call():64 [Interpreted code]
                              at java.util.concurrent.FutureTask#run():328 [JIT compiled code]
                              at java.util.concurrent.ThreadPoolExecutor#runWorker():1090 [Interpreted code]
                              at java.util.concurrent.ThreadPoolExecutor$Worker#run():614 [Interpreted code]
                              at java.lang.Thread#runWith():1487 [Interpreted code]
                              at java.lang.Thread#run():1474 [Interpreted code]
0.99%         652M          org.apache.lucene.facet.taxonomy.TaxonomyFacets#initializeValueCounters():134 [Inlined code]
                              at org.apache.lucene.facet.taxonomy.FastTaxonomyFacetCounts#count():82 [JIT compiled code]
                              at org.apache.lucene.facet.taxonomy.FastTaxonomyFacetCounts#<init>():57 [Interpreted code]
                              at perf.SearchTask#go():310 [JIT compiled code]
                              at perf.UnparsedTask#go():57 [JIT compiled code]
                              at perf.TaskThreads$RunTask#call():81 [JIT compiled code]
                              at perf.TaskThreads$RunTask#call():64 [JIT compiled code]
                              at java.util.concurrent.FutureTask#run():328 [JIT compiled code]
                              at java.util.concurrent.ThreadPoolExecutor#runWorker():1090 [Interpreted code]
                              at java.util.concurrent.ThreadPoolExecutor$Worker#run():614 [Interpreted code]
                              at java.lang.Thread#runWith():1487 [Interpreted code]
                              at java.lang.Thread#run():1474 [Interpreted code]
0.98%         650M          org.apache.lucene.facet.sortedset.SortedSetDocValuesFacetCounts#initializeCounts():81 [Inlined code]
                              at org.apache.lucene.facet.sortedset.SortedSetDocValuesFacetCounts#countOneSegmentNHLD():105 [JIT compiled code]
                              at org.apache.lucene.facet.sortedset.SortedSetDocValuesFacetCounts#countAll():322 [Interpreted code]
                              at org.apache.lucene.facet.sortedset.SortedSetDocValuesFacetCounts#<init>():73 [Inlined code]
                              at org.apache.lucene.facet.sortedset.SortedSetDocValuesFacetCounts#<init>():63 [Inlined code]
                              at perf.SearchTask#go():290 [JIT compiled code]
                              at perf.UnparsedTask#go():57 [JIT compiled code]
                              at perf.TaskThreads$RunTask#call():81 [JIT compiled code]
                              at perf.TaskThreads$RunTask#call():64 [JIT compiled code]
                              at java.util.concurrent.FutureTask#run():328 [JIT compiled code]
                              at java.util.concurrent.ThreadPoolExecutor#runWorker():1090 [Interpreted code]
                              at java.util.concurrent.ThreadPoolExecutor$Worker#run():614 [Interpreted code]
0.82%         543M          org.apache.lucene.codecs.lucene104.Lucene104PostingsReader$BlockPostingsEnum#<init>():335 [JIT compiled code]
                              at org.apache.lucene.codecs.lucene104.Lucene104PostingsReader#postings():260 [Inlined code]
                              at org.apache.lucene.codecs.lucene103.blocktree.SegmentTermsEnum#postings():1010 [JIT compiled code]
                              at org.apache.lucene.search.comparators.TermOrdValComparator$PostingsBasedCompetitiveState#init():660 [JIT compiled code]
                              at org.apache.lucene.search.comparators.TermOrdValComparator$PostingsBasedCompetitiveState#update():615 [Inlined code]
                              at org.apache.lucene.search.comparators.TermOrdValComparator$TermOrdValLeafComparator#updateCompetitiveIterator():500 [JIT compiled code]
                              at org.apache.lucene.search.comparators.TermOrdValComparator$TermOrdValLeafComparator#<init>():293 [JIT compiled code]
                              at org.apache.lucene.search.comparators.TermOrdValComparator#getLeafComparator():171 [JIT compiled code]
                              at org.apache.lucene.search.FieldValueHitQueue#getComparators():172 [JIT compiled code]
                              at org.apache.lucene.search.TopFieldCollector$TopFieldLeafCollector#<init>():60 [JIT compiled code]
                              at org.apache.lucene.search.TopFieldCollector$SimpleFieldCollector$1#<init>():200 [JIT compiled code]
                              at org.apache.lucene.search.TopFieldCollector$SimpleFieldCollector#getLeafCollector():199 [JIT compiled code]
0.79%         521M          org.apache.lucene.util.FixedBitSet#<init>():148 [Inlined code]
                              at org.apache.lucene.codecs.lucene104.Lucene104PostingsReader$BlockPostingsEnum#<init>():307 [JIT compiled code]
                              at org.apache.lucene.codecs.lucene104.Lucene104PostingsReader#postings():260 [Inlined code]
                              at org.apache.lucene.codecs.lucene103.blocktree.SegmentTermsEnum#postings():1010 [JIT compiled code]
                              at org.apache.lucene.search.comparators.TermOrdValComparator$PostingsBasedCompetitiveState#init():660 [JIT compiled code]
                              at org.apache.lucene.search.comparators.TermOrdValComparator$PostingsBasedCompetitiveState#update():615 [Inlined code]
                              at org.apache.lucene.search.comparators.TermOrdValComparator$TermOrdValLeafComparator#updateCompetitiveIterator():500 [JIT compiled code]
                              at org.apache.lucene.search.comparators.TermOrdValComparator$TermOrdValLeafComparator#<init>():293 [JIT compiled code]
                              at org.apache.lucene.search.comparators.TermOrdValComparator#getLeafComparator():171 [JIT compiled code]
                              at org.apache.lucene.search.FieldValueHitQueue#getComparators():172 [JIT compiled code]
                              at org.apache.lucene.search.TopFieldCollector$TopFieldLeafCollector#<init>():60 [JIT compiled code]
                              at org.apache.lucene.search.TopFieldCollector$SimpleFieldCollector$1#<init>():200 [JIT compiled code]
0.78%         518M          org.apache.lucene.util.ArrayUtil#growExact():436 [Inlined code]
                              at org.apache.lucene.util.ArrayUtil#grow():448 [Inlined code]
                              at org.apache.lucene.codecs.lucene90.LZ4WithPresetDictCompressionMode$LZ4WithPresetDictDecompressor#decompress():132 [JIT compiled code]
                              at org.apache.lucene.codecs.lucene90.compressing.Lucene90CompressingStoredFieldsReader$BlockState#document():641 [JIT compiled code]
                              at org.apache.lucene.codecs.lucene90.compressing.Lucene90CompressingStoredFieldsReader#serializedDocument():673 [Inlined code]
                              at org.apache.lucene.codecs.lucene90.compressing.Lucene90CompressingStoredFieldsReader#document():691 [JIT compiled code]
                              at org.apache.lucene.index.CodecReader$1#document():101 [Inlined code]
                              at org.apache.lucene.index.BaseCompositeReader$2#document():190 [JIT compiled code]
                              at org.apache.lucene.index.StoredFields#document():68 [Inlined code]
                              at perf.SearchTask#printResults():776 [JIT compiled code]
                              at perf.UnparsedTask#printResults():85 [Interpreted code]
                              at perf.SearchPerfTest#_main():770 [Interpreted code]
0.78%         513M          org.apache.lucene.codecs.lucene104.Lucene104PostingsReader$BlockPostingsEnum#<init>():302 [JIT compiled code]
                              at org.apache.lucene.codecs.lucene104.Lucene104PostingsReader#postings():260 [Inlined code]
                              at org.apache.lucene.codecs.lucene103.blocktree.SegmentTermsEnum#postings():1010 [JIT compiled code]
                              at org.apache.lucene.search.comparators.TermOrdValComparator$PostingsBasedCompetitiveState#init():660 [JIT compiled code]
                              at org.apache.lucene.search.comparators.TermOrdValComparator$PostingsBasedCompetitiveState#update():615 [Inlined code]
                              at org.apache.lucene.search.comparators.TermOrdValComparator$TermOrdValLeafComparator#updateCompetitiveIterator():500 [JIT compiled code]
                              at org.apache.lucene.search.comparators.TermOrdValComparator$TermOrdValLeafComparator#<init>():293 [JIT compiled code]
                              at org.apache.lucene.search.comparators.TermOrdValComparator#getLeafComparator():171 [JIT compiled code]
                              at org.apache.lucene.search.FieldValueHitQueue#getComparators():172 [JIT compiled code]
                              at org.apache.lucene.search.TopFieldCollector$TopFieldLeafCollector#<init>():60 [JIT compiled code]
                              at org.apache.lucene.search.TopFieldCollector$SimpleFieldCollector$1#<init>():200 [JIT compiled code]
                              at org.apache.lucene.search.TopFieldCollector$SimpleFieldCollector#getLeafCollector():199 [JIT compiled code]
0.67%         443M          org.apache.lucene.facet.sortedset.SortedSetDocValuesFacetCounts#countOneSegmentNHLD():125 [JIT compiled code]
                              at org.apache.lucene.facet.sortedset.SortedSetDocValuesFacetCounts#countAll():322 [Interpreted code]
                              at org.apache.lucene.facet.sortedset.SortedSetDocValuesFacetCounts#<init>():73 [Interpreted code]
                              at org.apache.lucene.facet.sortedset.SortedSetDocValuesFacetCounts#<init>():63 [Interpreted code]
                              at perf.SearchTask#go():290 [Interpreted code]
                              at perf.UnparsedTask#go():57 [Interpreted code]
                              at perf.TaskThreads$RunTask#call():81 [Interpreted code]
                              at perf.TaskThreads$RunTask#call():64 [Interpreted code]
                              at java.util.concurrent.FutureTask#run():328 [JIT compiled code]
                              at java.util.concurrent.ThreadPoolExecutor#runWorker():1090 [Interpreted code]
                              at java.util.concurrent.ThreadPoolExecutor$Worker#run():614 [Interpreted code]
                              at java.lang.Thread#runWith():1487 [Interpreted code]
0.66%         437M          perf.TaskThreads$TaskThread#run():156 [Interpreted code]
0.65%         433M          org.apache.lucene.facet.taxonomy.TaxonomyFacets#initializeValueCounters():134 [Inlined code]
                              at org.apache.lucene.facet.taxonomy.FastTaxonomyFacetCounts#countAll():127 [JIT compiled code]
                              at org.apache.lucene.facet.taxonomy.FastTaxonomyFacetCounts#<init>():69 [Interpreted code]
                              at perf.SearchTask#go():282 [Interpreted code]
                              at perf.UnparsedTask#go():57 [JIT compiled code]
                              at perf.TaskThreads$RunTask#call():81 [JIT compiled code]
                              at perf.TaskThreads$RunTask#call():64 [JIT compiled code]
                              at java.util.concurrent.FutureTask#run():328 [JIT compiled code]
                              at java.util.concurrent.ThreadPoolExecutor#runWorker():1090 [Interpreted code]
                              at java.util.concurrent.ThreadPoolExecutor$Worker#run():614 [Interpreted code]
                              at java.lang.Thread#runWith():1487 [Interpreted code]
                              at java.lang.Thread#run():1474 [Interpreted code]
0.58%         385M          org.apache.lucene.util.ArrayUtil#growExact():436 [Inlined code]
                              at org.apache.lucene.util.ArrayUtil#grow():448 [Inlined code]
                              at org.apache.lucene.codecs.lucene90.LZ4WithPresetDictCompressionMode$LZ4WithPresetDictDecompressor#decompress():132 [JIT compiled code]
                              at org.apache.lucene.codecs.lucene90.compressing.Lucene90CompressingStoredFieldsReader$BlockState#document():641 [JIT compiled code]
                              at org.apache.lucene.codecs.lucene90.compressing.Lucene90CompressingStoredFieldsReader#serializedDocument():673 [Inlined code]
                              at org.apache.lucene.codecs.lucene90.compressing.Lucene90CompressingStoredFieldsReader#document():691 [JIT compiled code]
                              at org.apache.lucene.index.CodecReader$1#document():101 [Inlined code]
                              at org.apache.lucene.index.BaseCompositeReader$2#document():190 [JIT compiled code]
                              at org.apache.lucene.index.StoredFields#document():68 [Inlined code]
                              at perf.SearchTask#printResults():771 [JIT compiled code]
                              at perf.UnparsedTask#printResults():85 [JIT compiled code]
                              at perf.SearchPerfTest#_main():770 [Interpreted code]
0.43%         283M          perf.TaskParser#secondPassParse():208 [Interpreted code]
                              at perf.UnparsedTask#go():53 [Interpreted code]
                              at perf.TaskThreads$RunTask#call():81 [Interpreted code]
                              at perf.TaskThreads$RunTask#call():64 [Interpreted code]
                              at java.util.concurrent.FutureTask#run():328 [JIT compiled code]
                              at java.util.concurrent.ThreadPoolExecutor#runWorker():1090 [Interpreted code]
                              at java.util.concurrent.ThreadPoolExecutor$Worker#run():614 [Interpreted code]
                              at java.lang.Thread#runWith():1487 [Interpreted code]
                              at java.lang.Thread#run():1474 [Interpreted code]
0.42%         281M          java.lang.Integer#valueOf():1006 [Inlined code]
                              at java.util.PrimitiveIterator$OfInt#next():129 [JIT compiled code]
                              at org.apache.lucene.facet.sortedset.AbstractSortedSetDocValueFacetCounts#computeTopChildren():317 [JIT compiled code]
                              at org.apache.lucene.facet.sortedset.AbstractSortedSetDocValueFacetCounts#getTopChildrenForPath():300 [Interpreted code]
                              at org.apache.lucene.facet.sortedset.AbstractSortedSetDocValueFacetCounts#getTopChildren():61 [Interpreted code]
                              at org.apache.lucene.facet.sortedset.SortedSetDocValuesFacetCounts#getTopChildren():57 [Interpreted code]
                              at perf.SearchTask#go():291 [Interpreted code]
                              at perf.UnparsedTask#go():57 [Interpreted code]
                              at perf.TaskThreads$RunTask#call():81 [Interpreted code]
                              at perf.TaskThreads$RunTask#call():64 [Interpreted code]
                              at java.util.concurrent.FutureTask#run():328 [JIT compiled code]
                              at java.util.concurrent.ThreadPoolExecutor#runWorker():1090 [Interpreted code]
0.35%         234M          org.apache.lucene.facet.sortedset.SortedSetDocValuesFacetCounts#countOneSegmentNHLD():125 [JIT compiled code]
                              at org.apache.lucene.facet.sortedset.SortedSetDocValuesFacetCounts#countAll():322 [Interpreted code]
                              at org.apache.lucene.facet.sortedset.SortedSetDocValuesFacetCounts#<init>():73 [Interpreted code]
                              at org.apache.lucene.facet.sortedset.SortedSetDocValuesFacetCounts#<init>():63 [Interpreted code]
                              at perf.SearchTask#go():290 [Interpreted code]
                              at perf.UnparsedTask#go():57 [JIT compiled code]
                              at perf.TaskThreads$RunTask#call():81 [JIT compiled code]
                              at perf.TaskThreads$RunTask#call():64 [JIT compiled code]
                              at java.util.concurrent.FutureTask#run():328 [JIT compiled code]
                              at java.util.concurrent.ThreadPoolExecutor#runWorker():1090 [Interpreted code]
                              at java.util.concurrent.ThreadPoolExecutor$Worker#run():614 [Interpreted code]
                              at java.lang.Thread#runWith():1487 [Interpreted code]
0.35%         231M          org.apache.lucene.util.ArrayUtil#growNoCopy():423 [Inlined code]
                              at org.apache.lucene.codecs.lucene90.compressing.Lucene90CompressingStoredFieldsReader$BlockState#doReset():503 [JIT compiled code]
                              at org.apache.lucene.codecs.lucene90.compressing.Lucene90CompressingStoredFieldsReader$BlockState#reset():472 [Inlined code]
                              at org.apache.lucene.codecs.lucene90.compressing.Lucene90CompressingStoredFieldsReader#serializedDocument():670 [Inlined code]
                              at org.apache.lucene.codecs.lucene90.compressing.Lucene90CompressingStoredFieldsReader#document():691 [JIT compiled code]
                              at org.apache.lucene.index.CodecReader$1#document():101 [Inlined code]
                              at org.apache.lucene.index.BaseCompositeReader$2#document():190 [Inlined code]
                              at org.apache.lucene.index.StoredFields#document():68 [Inlined code]
                              at perf.SearchTask#printResults():776 [JIT compiled code]
                              at perf.UnparsedTask#printResults():85 [JIT compiled code]
                              at perf.SearchPerfTest#_main():770 [Interpreted code]
                              at perf.SearchPerfTest#main():145 [Interpreted code]
0.33%         218M          org.apache.lucene.util.FixedBitSet#<init>():148 [Inlined code]
                              at org.apache.lucene.util.DocIdSetBuilder#upgradeToBitSet():282 [JIT compiled code]
                              at org.apache.lucene.util.DocIdSetBuilder#grow():225 [JIT compiled code]
                              at org.apache.lucene.search.comparators.NumericComparator$PointsCompetitiveDISIBuilder$1#grow():406 [Inlined code]
                              at org.apache.lucene.util.bkd.BKDReader$BKDPointTree#addAll():596 [JIT compiled code]
                              at org.apache.lucene.util.bkd.BKDReader$BKDPointTree#visitDocIDs():589 [Inlined code]
                              at org.apache.lucene.index.PointValues#intersect():361 [JIT compiled code]
                              at org.apache.lucene.index.PointValues#intersect():350 [Inlined code]
                              at org.apache.lucene.search.comparators.NumericComparator$PointsCompetitiveDISIBuilder#doUpdateCompetitiveIterator():476 [Inlined code]
                              at org.apache.lucene.search.comparators.NumericComparator$CompetitiveDISIBuilder#updateCompetitiveIterator():265 [Inlined code]
                              at org.apache.lucene.search.comparators.NumericComparator$NumericLeafComparator#setBottom():154 [Inlined code]
                              at org.apache.lucene.search.comparators.IntComparator$IntLeafComparator#setBottom():90 [JIT compiled code]
0.33%         215M          jdk.internal.classfile.impl.EntryMap#<init>():77 [Inlined code]
                              at jdk.internal.classfile.impl.SplitConstantPool#map():182 [Inlined code]
                              at jdk.internal.classfile.impl.SplitConstantPool#tryFindClassOrInterface():403 [Inlined code]
                              at jdk.internal.classfile.impl.SplitConstantPool#classEntryForClassOrInterface():438 [Inlined code]
                              at jdk.internal.classfile.impl.SplitConstantPool#classEntry():514 [JIT compiled code]
                              at java.lang.invoke.InnerClassLambdaMetafactory#<init>():155 [Interpreted code]
                              at java.lang.invoke.LambdaMetafactory#metafactory():349 [Interpreted code]
                              at java.lang.invoke.DirectMethodHandle$Holder#invokeStatic() [Interpreted code]
                              at java.lang.invoke.BootstrapMethodInvoker#invoke():134 [Interpreted code]
                              at java.lang.invoke.CallSite#makeSite():310 [Interpreted code]
                              at java.lang.invoke.MethodHandleNatives#linkCallSiteImpl():250 [Interpreted code]
                              at java.lang.invoke.MethodHandleNatives#linkCallSite():240 [Interpreted code]
0.32%         214M          org.apache.lucene.search.similarities.BM25Similarity#scorer():217 [Interpreted code]
                              at org.apache.lucene.search.TermQuery$TermWeight#<init>():81 [Interpreted code]
                              at org.apache.lucene.search.TermQuery#createWeight():304 [Interpreted code]
                              at org.apache.lucene.search.IndexSearcher#createWeight():978 [Interpreted code]
                              at org.apache.lucene.search.IndexSearcher#search():754 [Interpreted code]
                              at org.apache.lucene.search.IndexSearcher#searchAfter():601 [Interpreted code]
                              at org.apache.lucene.search.IndexSearcher#search():624 [Interpreted code]
                              at perf.TypePolluter#runQueries():179 [Interpreted code]
                              at perf.TypePolluter#pollute():97 [Interpreted code]
                              at perf.SearchPerfTest#_main():282 [Interpreted code]
                              at perf.SearchPerfTest#main():145 [Interpreted code]
0.32%         214M          java.util.concurrent.locks.AbstractQueuedSynchronizer#acquire():769 [Interpreted code]
                              at java.util.concurrent.locks.AbstractQueuedSynchronizer#acquireSharedInterruptibly():1140 [Interpreted code]
                              at java.util.concurrent.CountDownLatch#await():230 [Interpreted code]
                              at perf.TaskThreads$TaskThread#run():126 [Interpreted code]
0.32%         214M          perf.StatisticsHelper#startStatistics():165 [Interpreted code]
                              at perf.SearchPerfTest#main():143 [Interpreted code]
0.32%         210M          org.apache.lucene.util.ArrayUtil#growNoCopy():459 [Inlined code]
                              at org.apache.lucene.codecs.lucene90.LZ4WithPresetDictCompressionMode$LZ4WithPresetDictDecompressor#decompress():102 [JIT compiled code]
                              at org.apache.lucene.codecs.lucene90.compressing.Lucene90CompressingStoredFieldsReader$BlockState#document():641 [JIT compiled code]
                              at org.apache.lucene.codecs.lucene90.compressing.Lucene90CompressingStoredFieldsReader#serializedDocument():673 [Inlined code]
                              at org.apache.lucene.codecs.lucene90.compressing.Lucene90CompressingStoredFieldsReader#document():691 [JIT compiled code]
                              at org.apache.lucene.index.CodecReader$1#document():101 [Inlined code]
                              at org.apache.lucene.index.BaseCompositeReader$2#document():190 [Inlined code]
                              at org.apache.lucene.index.StoredFields#document():68 [Inlined code]
                              at perf.SearchTask#printResults():776 [JIT compiled code]
                              at perf.UnparsedTask#printResults():85 [JIT compiled code]
                              at perf.SearchPerfTest#_main():770 [Interpreted code]
                              at perf.SearchPerfTest#main():145 [Interpreted code]
0.31%         208M          org.apache.lucene.facet.sortedset.SortedSetDocValuesFacetCounts#initializeCounts():81 [Inlined code]
                              at org.apache.lucene.facet.sortedset.SortedSetDocValuesFacetCounts#countOneSegmentNHLD():105 [JIT compiled code]
                              at org.apache.lucene.facet.sortedset.SortedSetDocValuesFacetCounts#countAll():322 [Interpreted code]
                              at org.apache.lucene.facet.sortedset.SortedSetDocValuesFacetCounts#<init>():73 [Interpreted code]
                              at org.apache.lucene.facet.sortedset.SortedSetDocValuesFacetCounts#<init>():63 [Interpreted code]
                              at perf.SearchTask#go():290 [Interpreted code]
                              at perf.UnparsedTask#go():57 [Interpreted code]
                              at perf.TaskThreads$RunTask#call():81 [Interpreted code]
                              at perf.TaskThreads$RunTask#call():64 [Interpreted code]
                              at java.util.concurrent.FutureTask#run():328 [JIT compiled code]
                              at java.util.concurrent.ThreadPoolExecutor#runWorker():1090 [Interpreted code]
                              at java.util.concurrent.ThreadPoolExecutor$Worker#run():614 [Interpreted code]
0.31%         205M          org.apache.lucene.util.ArrayUtil#growNoCopy():423 [Inlined code]
                              at org.apache.lucene.codecs.lucene90.compressing.Lucene90CompressingStoredFieldsReader$BlockState#doReset():504 [JIT compiled code]
                              at org.apache.lucene.codecs.lucene90.compressing.Lucene90CompressingStoredFieldsReader$BlockState#reset():472 [Inlined code]
                              at org.apache.lucene.codecs.lucene90.compressing.Lucene90CompressingStoredFieldsReader#serializedDocument():670 [Inlined code]
                              at org.apache.lucene.codecs.lucene90.compressing.Lucene90CompressingStoredFieldsReader#document():691 [JIT compiled code]
                              at org.apache.lucene.index.CodecReader$1#document():101 [Inlined code]
                              at org.apache.lucene.index.BaseCompositeReader$2#document():190 [Inlined code]
                              at org.apache.lucene.index.StoredFields#document():68 [Inlined code]
                              at perf.SearchTask#printResults():776 [JIT compiled code]
                              at perf.UnparsedTask#printResults():85 [JIT compiled code]
                              at perf.SearchPerfTest#_main():770 [Interpreted code]
                              at perf.SearchPerfTest#main():145 [Interpreted code]

