Using java from: /home/goankur/jdk/corretto-25/bin/
use java command /home/goankur/jdk/corretto-25/bin/java -server -Xms2g -Xmx2g --add-modules jdk.incubator.vector -XX:+HeapDumpOnOutOfMemoryError -XX:+UseParallelGC
NOTE: perf executable is /usr/bin/perf; will collect aggregate CPU profiling data
NOTE: vmstat executable is /usr/bin/vmstat; will collect system-wide CPU/IO telemetry
WARNING: no gnuplot executable; will not generate system-wide CPU/IO graphs from vmstat
Using checkout:[/home/goankur/vsearch/bo/lucene-A] for competitor:[armA]
Using checkout:[/home/goankur/vsearch/bo/lucene-K] for competitor:[armK]
Removing old JFR /home/goankur/vsearch/logs/bench-search-FAB-armB-6.jfr...
Removing old JFR /home/goankur/vsearch/logs/bench-search-FAB-armA-6.jfr...
Removing old JFR /home/goankur/vsearch/logs/bench-search-FAB-armA-7.jfr...
Removing old JFR /home/goankur/vsearch/logs/bench-search-FAB-armB-7.jfr...
Removing old JFR /home/goankur/vsearch/logs/bench-search-FAB-armB-8.jfr...
Removing old JFR /home/goankur/vsearch/logs/bench-search-FAB-armA-8.jfr...
Removing old JFR /home/goankur/vsearch/logs/bench-search-FAB-armA-9.jfr...
Removing old JFR /home/goankur/vsearch/logs/bench-search-FAB-armB-9.jfr...
Removing old JFR /home/goankur/vsearch/logs/bench-search-FAB-armB-10.jfr...
Removing old JFR /home/goankur/vsearch/logs/bench-search-FAB-armA-10.jfr...
Removing old JFR /home/goankur/vsearch/logs/bench-search-FAB-armA-11.jfr...
Removing old JFR /home/goankur/vsearch/logs/bench-search-FAB-armB-11.jfr...
Removing old JFR /home/goankur/vsearch/logs/bench-search-FAB-armB-12.jfr...
Removing old JFR /home/goankur/vsearch/logs/bench-search-FAB-armA-12.jfr...
Removing old JFR /home/goankur/vsearch/logs/bench-search-FAB-armA-13.jfr...
Removing old JFR /home/goankur/vsearch/logs/bench-search-FAB-armB-13.jfr...
Removing old JFR /home/goankur/vsearch/logs/bench-search-FAB-armB-14.jfr...
Removing old JFR /home/goankur/vsearch/logs/bench-search-FAB-armA-14.jfr...
Removing old JFR /home/goankur/vsearch/logs/bench-search-FAB-armA-15.jfr...
Removing old JFR /home/goankur/vsearch/logs/bench-search-FAB-armB-15.jfr...
Removing old JFR /home/goankur/vsearch/logs/bench-search-FAB-armB-16.jfr...
Removing old JFR /home/goankur/vsearch/logs/bench-search-FAB-armA-16.jfr...
Removing old JFR /home/goankur/vsearch/logs/bench-search-FAB-armA-17.jfr...
Removing old JFR /home/goankur/vsearch/logs/bench-search-FAB-armB-17.jfr...
Removing old JFR /home/goankur/vsearch/logs/bench-search-FAB-armB-18.jfr...
Removing old JFR /home/goankur/vsearch/logs/bench-search-FAB-armA-18.jfr...
Removing old JFR /home/goankur/vsearch/logs/bench-search-FAB-armA-19.jfr...
Removing old JFR /home/goankur/vsearch/logs/bench-search-FAB-armB-19.jfr...
Removing old JFR /home/goankur/vsearch/logs/bench-search-FAB-armB-1.jfr...
Removing old JFR /home/goankur/vsearch/logs/bench-search-FAB-armB-2.jfr...
Removing old JFR /home/goankur/vsearch/logs/bench-search-FAB-armA-2.jfr...
Removing old JFR /home/goankur/vsearch/logs/bench-search-FAB-armA-3.jfr...
Removing old JFR /home/goankur/vsearch/logs/bench-search-FAB-armB-3.jfr...
Removing old JFR /home/goankur/vsearch/logs/bench-search-FAB-armB-4.jfr...
Removing old JFR /home/goankur/vsearch/logs/bench-search-FAB-armA-4.jfr...
Removing old JFR /home/goankur/vsearch/logs/bench-search-FAB-armB-0.jfr...
Removing old JFR /home/goankur/vsearch/logs/bench-search-FAB-armA-5.jfr...
Removing old JFR /home/goankur/vsearch/logs/bench-search-FAB-armA-0.jfr...
Removing old JFR /home/goankur/vsearch/logs/bench-search-FAB-armB-5.jfr...
Removing old JFR /home/goankur/vsearch/logs/bench-search-FAB-armA-1.jfr...

JAVA:
WARNING: Using incubator modules: jdk.incubator.vector
openjdk version "25.0.4.1" 2026-08-18 LTS
OpenJDK Runtime Environment Corretto-25.0.4.8.1 (build 25.0.4.1+8-LTS)
OpenJDK 64-Bit Server VM Corretto-25.0.4.8.1 (build 25.0.4.1+8-LTS, mixed mode, sharing)


OS:
Linux ip-10-0-2-83.us-east-2.compute.internal 6.18.51-120.163.amzn2023.x86_64 #2 SMP PREEMPT_DYNAMIC Fri Sep 25 01:45:40 UTC 2026 x86_64 x86_64 x86_64 GNU/Linux


LOGS:
/home/goankur/vsearch/logs

Compile:
compile lucene:core...
    run: ['./gradlew', 'lucene:core:jar'], cwd=/home/goankur/vsearch/bo/lucene-K vmstatLogFile=None topLogFile=None
  /home/goankur/vsearch/bo/lucene-K/lucene/benchmark
files ['/home/goankur/vsearch/util/src/main/perf/Args.java', '/home/goankur/vsearch/util/src/main/perf/BatchPKLookup.java', '/home/goankur/vsearch/util/src/main/perf/BenchRearranger.java', '/home/goankur/vsearch/util/src/main/perf/CreateQueries.java', '/home/goankur/vsearch/util/src/main/perf/DiskUsage.java', '/home/goankur/vsearch/util/src/main/perf/IndexAndSearchOpenStreetMaps.java', '/home/goankur/vsearch/util/src/main/perf/IndexState.java', '/home/goankur/vsearch/util/src/main/perf/IndexTaxis.java', '/home/goankur/vsearch/util/src/main/perf/IndexThreads.java', '/home/goankur/vsearch/util/src/main/perf/Indexer.java', '/home/goankur/vsearch/util/src/main/perf/KeepNoCommitsDeletionPolicy.java', '/home/goankur/vsearch/util/src/main/perf/LineFileDocs.java', '/home/goankur/vsearch/util/src/main/perf/LocalTaskSource.java', '/home/goankur/vsearch/util/src/main/perf/NRTPerfTest.java', '/home/goankur/vsearch/util/src/main/perf/OpenCloseIndexWriter.java', '/home/goankur/vsearch/util/src/main/perf/OpenDirectory.java', '/home/goankur/vsearch/util/src/main/perf/PKLookupWithTermStateTask.java', '/home/goankur/vsearch/util/src/main/perf/PerfUtils.java', '/home/goankur/vsearch/util/src/main/perf/PointsPKLookupTask.java', '/home/goankur/vsearch/util/src/main/perf/RandomQuery.java', '/home/goankur/vsearch/util/src/main/perf/RemoteTaskSource.java', '/home/goankur/vsearch/util/src/main/perf/RespellTask.java', '/home/goankur/vsearch/util/src/main/perf/SearchPerfTest.java', '/home/goankur/vsearch/util/src/main/perf/SearchTask.java', '/home/goankur/vsearch/util/src/main/perf/SearchTaxis.java', '/home/goankur/vsearch/util/src/main/perf/StatisticsHelper.java', '/home/goankur/vsearch/util/src/main/perf/StringFieldDocSelector.java', '/home/goankur/vsearch/util/src/main/perf/Task.java', '/home/goankur/vsearch/util/src/main/perf/TaskParser.java', '/home/goankur/vsearch/util/src/main/perf/TaskParserFactory.java', '/home/goankur/vsearch/util/src/main/perf/TaskSource.java', '/home/goankur/vsearch/util/src/main/perf/TaskThreads.java', '/home/goankur/vsearch/util/src/main/perf/TestContext.java', '/home/goankur/vsearch/util/src/main/perf/TypePolluter.java', '/home/goankur/vsearch/util/src/main/perf/UnparsedTask.java', '/home/goankur/vsearch/util/src/main/perf/VectorDictionary.java']
compile: /home/goankur/jdk/corretto-25/bin/javac -g -d /home/goankur/vsearch/util/build -classpath /home/goankur/vsearch/bo/lucene-K/lucene/core/build/libs/lucene-core-11.0.0-SNAPSHOT.jar:/home/goankur/vsearch/bo/lucene-K/lucene/sandbox/build/classes/java/main:/home/goankur/vsearch/bo/lucene-K/lucene/misc/build/classes/java/main:/home/goankur/vsearch/bo/lucene-K/lucene/facet/build/classes/java/main:/home/goankur/vsearch/bo/lucene-K/lucene/analysis/common/build/classes/java/main:/home/goankur/vsearch/bo/lucene-K/lucene/analysis/icu/build/classes/java/main:/home/goankur/vsearch/bo/lucene-K/lucene/queryparser/build/classes/java/main:/home/goankur/vsearch/bo/lucene-K/lucene/grouping/build/classes/java/main:/home/goankur/vsearch/bo/lucene-K/lucene/suggest/build/classes/java/main:/home/goankur/vsearch/bo/lucene-K/lucene/highlighter/build/classes/java/main:/home/goankur/vsearch/bo/lucene-K/lucene/codecs/build/classes/java/main:/home/goankur/vsearch/bo/lucene-K/lucene/queries/build/classes/java/main:/home/goankur/vsearch/bo/lucene-K/lucene/join/build/classes/java/main:/home/goankur/vsearch/bo/lucene-K/lucene/spatial3d/build/classes/java/main:/home/goankur/vsearch/util/lib/HdrHistogram.jar:/home/goankur/vsearch/util/src/main/build/classes/java/main:/home/goankur/vsearch/util/build /home/goankur/vsearch/util/src/main/perf/Args.java /home/goankur/vsearch/util/src/main/perf/BatchPKLookup.java /home/goankur/vsearch/util/src/main/perf/BenchRearranger.java /home/goankur/vsearch/util/src/main/perf/CreateQueries.java /home/goankur/vsearch/util/src/main/perf/DiskUsage.java /home/goankur/vsearch/util/src/main/perf/IndexAndSearchOpenStreetMaps.java /home/goankur/vsearch/util/src/main/perf/IndexState.java /home/goankur/vsearch/util/src/main/perf/IndexTaxis.java /home/goankur/vsearch/util/src/main/perf/IndexThreads.java /home/goankur/vsearch/util/src/main/perf/Indexer.java /home/goankur/vsearch/util/src/main/perf/KeepNoCommitsDeletionPolicy.java /home/goankur/vsearch/util/src/main/perf/LineFileDocs.java /home/goankur/vsearch/util/src/main/perf/LocalTaskSource.java /home/goankur/vsearch/util/src/main/perf/NRTPerfTest.java /home/goankur/vsearch/util/src/main/perf/OpenCloseIndexWriter.java /home/goankur/vsearch/util/src/main/perf/OpenDirectory.java /home/goankur/vsearch/util/src/main/perf/PKLookupWithTermStateTask.java /home/goankur/vsearch/util/src/main/perf/PerfUtils.java /home/goankur/vsearch/util/src/main/perf/PointsPKLookupTask.java /home/goankur/vsearch/util/src/main/perf/RandomQuery.java /home/goankur/vsearch/util/src/main/perf/RemoteTaskSource.java /home/goankur/vsearch/util/src/main/perf/RespellTask.java /home/goankur/vsearch/util/src/main/perf/SearchPerfTest.java /home/goankur/vsearch/util/src/main/perf/SearchTask.java /home/goankur/vsearch/util/src/main/perf/SearchTaxis.java /home/goankur/vsearch/util/src/main/perf/StatisticsHelper.java /home/goankur/vsearch/util/src/main/perf/StringFieldDocSelector.java /home/goankur/vsearch/util/src/main/perf/Task.java /home/goankur/vsearch/util/src/main/perf/TaskParser.java /home/goankur/vsearch/util/src/main/perf/TaskParserFactory.java /home/goankur/vsearch/util/src/main/perf/TaskSource.java /home/goankur/vsearch/util/src/main/perf/TaskThreads.java /home/goankur/vsearch/util/src/main/perf/TestContext.java /home/goankur/vsearch/util/src/main/perf/TypePolluter.java /home/goankur/vsearch/util/src/main/perf/UnparsedTask.java /home/goankur/vsearch/util/src/main/perf/VectorDictionary.java
    run: ['/home/goankur/jdk/corretto-25/bin/javac', '-g', '-d', '/home/goankur/vsearch/util/build', '-classpath', '/home/goankur/vsearch/bo/lucene-K/lucene/core/build/libs/lucene-core-11.0.0-SNAPSHOT.jar:/home/goankur/vsearch/bo/lucene-K/lucene/sandbox/build/classes/java/main:/home/goankur/vsearch/bo/lucene-K/lucene/misc/build/classes/java/main:/home/goankur/vsearch/bo/lucene-K/lucene/facet/build/classes/java/main:/home/goankur/vsearch/bo/lucene-K/lucene/analysis/common/build/classes/java/main:/home/goankur/vsearch/bo/lucene-K/lucene/analysis/icu/build/classes/java/main:/home/goankur/vsearch/bo/lucene-K/lucene/queryparser/build/classes/java/main:/home/goankur/vsearch/bo/lucene-K/lucene/grouping/build/classes/java/main:/home/goankur/vsearch/bo/lucene-K/lucene/suggest/build/classes/java/main:/home/goankur/vsearch/bo/lucene-K/lucene/highlighter/build/classes/java/main:/home/goankur/vsearch/bo/lucene-K/lucene/codecs/build/classes/java/main:/home/goankur/vsearch/bo/lucene-K/lucene/queries/build/classes/java/main:/home/goankur/vsearch/bo/lucene-K/lucene/join/build/classes/java/main:/home/goankur/vsearch/bo/lucene-K/lucene/spatial3d/build/classes/java/main:/home/goankur/vsearch/util/lib/HdrHistogram.jar:/home/goankur/vsearch/util/src/main/build/classes/java/main:/home/goankur/vsearch/util/build', '/home/goankur/vsearch/util/src/main/perf/Args.java', '/home/goankur/vsearch/util/src/main/perf/BatchPKLookup.java', '/home/goankur/vsearch/util/src/main/perf/BenchRearranger.java', '/home/goankur/vsearch/util/src/main/perf/CreateQueries.java', '/home/goankur/vsearch/util/src/main/perf/DiskUsage.java', '/home/goankur/vsearch/util/src/main/perf/IndexAndSearchOpenStreetMaps.java', '/home/goankur/vsearch/util/src/main/perf/IndexState.java', '/home/goankur/vsearch/util/src/main/perf/IndexTaxis.java', '/home/goankur/vsearch/util/src/main/perf/IndexThreads.java', '/home/goankur/vsearch/util/src/main/perf/Indexer.java', '/home/goankur/vsearch/util/src/main/perf/KeepNoCommitsDeletionPolicy.java', '/home/goankur/vsearch/util/src/main/perf/LineFileDocs.java', '/home/goankur/vsearch/util/src/main/perf/LocalTaskSource.java', '/home/goankur/vsearch/util/src/main/perf/NRTPerfTest.java', '/home/goankur/vsearch/util/src/main/perf/OpenCloseIndexWriter.java', '/home/goankur/vsearch/util/src/main/perf/OpenDirectory.java', '/home/goankur/vsearch/util/src/main/perf/PKLookupWithTermStateTask.java', '/home/goankur/vsearch/util/src/main/perf/PerfUtils.java', '/home/goankur/vsearch/util/src/main/perf/PointsPKLookupTask.java', '/home/goankur/vsearch/util/src/main/perf/RandomQuery.java', '/home/goankur/vsearch/util/src/main/perf/RemoteTaskSource.java', '/home/goankur/vsearch/util/src/main/perf/RespellTask.java', '/home/goankur/vsearch/util/src/main/perf/SearchPerfTest.java', '/home/goankur/vsearch/util/src/main/perf/SearchTask.java', '/home/goankur/vsearch/util/src/main/perf/SearchTaxis.java', '/home/goankur/vsearch/util/src/main/perf/StatisticsHelper.java', '/home/goankur/vsearch/util/src/main/perf/StringFieldDocSelector.java', '/home/goankur/vsearch/util/src/main/perf/Task.java', '/home/goankur/vsearch/util/src/main/perf/TaskParser.java', '/home/goankur/vsearch/util/src/main/perf/TaskParserFactory.java', '/home/goankur/vsearch/util/src/main/perf/TaskSource.java', '/home/goankur/vsearch/util/src/main/perf/TaskThreads.java', '/home/goankur/vsearch/util/src/main/perf/TestContext.java', '/home/goankur/vsearch/util/src/main/perf/TypePolluter.java', '/home/goankur/vsearch/util/src/main/perf/UnparsedTask.java', '/home/goankur/vsearch/util/src/main/perf/VectorDictionary.java'], cwd=/home/goankur/vsearch/bo/lucene-K/lucene/benchmark vmstatLogFile=None topLogFile=None
compile lucene:core...
    run: ['./gradlew', 'lucene:core:jar'], cwd=/home/goankur/vsearch/bo/lucene-A vmstatLogFile=None topLogFile=None
  /home/goankur/vsearch/bo/lucene-A/lucene/benchmark
files ['/home/goankur/vsearch/util/src/main/perf/Args.java', '/home/goankur/vsearch/util/src/main/perf/BatchPKLookup.java', '/home/goankur/vsearch/util/src/main/perf/BenchRearranger.java', '/home/goankur/vsearch/util/src/main/perf/CreateQueries.java', '/home/goankur/vsearch/util/src/main/perf/DiskUsage.java', '/home/goankur/vsearch/util/src/main/perf/IndexAndSearchOpenStreetMaps.java', '/home/goankur/vsearch/util/src/main/perf/IndexState.java', '/home/goankur/vsearch/util/src/main/perf/IndexTaxis.java', '/home/goankur/vsearch/util/src/main/perf/IndexThreads.java', '/home/goankur/vsearch/util/src/main/perf/Indexer.java', '/home/goankur/vsearch/util/src/main/perf/KeepNoCommitsDeletionPolicy.java', '/home/goankur/vsearch/util/src/main/perf/LineFileDocs.java', '/home/goankur/vsearch/util/src/main/perf/LocalTaskSource.java', '/home/goankur/vsearch/util/src/main/perf/NRTPerfTest.java', '/home/goankur/vsearch/util/src/main/perf/OpenCloseIndexWriter.java', '/home/goankur/vsearch/util/src/main/perf/OpenDirectory.java', '/home/goankur/vsearch/util/src/main/perf/PKLookupWithTermStateTask.java', '/home/goankur/vsearch/util/src/main/perf/PerfUtils.java', '/home/goankur/vsearch/util/src/main/perf/PointsPKLookupTask.java', '/home/goankur/vsearch/util/src/main/perf/RandomQuery.java', '/home/goankur/vsearch/util/src/main/perf/RemoteTaskSource.java', '/home/goankur/vsearch/util/src/main/perf/RespellTask.java', '/home/goankur/vsearch/util/src/main/perf/SearchPerfTest.java', '/home/goankur/vsearch/util/src/main/perf/SearchTask.java', '/home/goankur/vsearch/util/src/main/perf/SearchTaxis.java', '/home/goankur/vsearch/util/src/main/perf/StatisticsHelper.java', '/home/goankur/vsearch/util/src/main/perf/StringFieldDocSelector.java', '/home/goankur/vsearch/util/src/main/perf/Task.java', '/home/goankur/vsearch/util/src/main/perf/TaskParser.java', '/home/goankur/vsearch/util/src/main/perf/TaskParserFactory.java', '/home/goankur/vsearch/util/src/main/perf/TaskSource.java', '/home/goankur/vsearch/util/src/main/perf/TaskThreads.java', '/home/goankur/vsearch/util/src/main/perf/TestContext.java', '/home/goankur/vsearch/util/src/main/perf/TypePolluter.java', '/home/goankur/vsearch/util/src/main/perf/UnparsedTask.java', '/home/goankur/vsearch/util/src/main/perf/VectorDictionary.java']
compile: /home/goankur/jdk/corretto-25/bin/javac -g -d /home/goankur/vsearch/util/build -classpath /home/goankur/vsearch/bo/lucene-A/lucene/core/build/libs/lucene-core-11.0.0-SNAPSHOT.jar:/home/goankur/vsearch/bo/lucene-A/lucene/sandbox/build/classes/java/main:/home/goankur/vsearch/bo/lucene-A/lucene/misc/build/classes/java/main:/home/goankur/vsearch/bo/lucene-A/lucene/facet/build/classes/java/main:/home/goankur/vsearch/bo/lucene-A/lucene/analysis/common/build/classes/java/main:/home/goankur/vsearch/bo/lucene-A/lucene/analysis/icu/build/classes/java/main:/home/goankur/vsearch/bo/lucene-A/lucene/queryparser/build/classes/java/main:/home/goankur/vsearch/bo/lucene-A/lucene/grouping/build/classes/java/main:/home/goankur/vsearch/bo/lucene-A/lucene/suggest/build/classes/java/main:/home/goankur/vsearch/bo/lucene-A/lucene/highlighter/build/classes/java/main:/home/goankur/vsearch/bo/lucene-A/lucene/codecs/build/classes/java/main:/home/goankur/vsearch/bo/lucene-A/lucene/queries/build/classes/java/main:/home/goankur/vsearch/bo/lucene-A/lucene/join/build/classes/java/main:/home/goankur/vsearch/bo/lucene-A/lucene/spatial3d/build/classes/java/main:/home/goankur/vsearch/util/lib/HdrHistogram.jar:/home/goankur/vsearch/util/src/main/build/classes/java/main:/home/goankur/vsearch/util/build /home/goankur/vsearch/util/src/main/perf/Args.java /home/goankur/vsearch/util/src/main/perf/BatchPKLookup.java /home/goankur/vsearch/util/src/main/perf/BenchRearranger.java /home/goankur/vsearch/util/src/main/perf/CreateQueries.java /home/goankur/vsearch/util/src/main/perf/DiskUsage.java /home/goankur/vsearch/util/src/main/perf/IndexAndSearchOpenStreetMaps.java /home/goankur/vsearch/util/src/main/perf/IndexState.java /home/goankur/vsearch/util/src/main/perf/IndexTaxis.java /home/goankur/vsearch/util/src/main/perf/IndexThreads.java /home/goankur/vsearch/util/src/main/perf/Indexer.java /home/goankur/vsearch/util/src/main/perf/KeepNoCommitsDeletionPolicy.java /home/goankur/vsearch/util/src/main/perf/LineFileDocs.java /home/goankur/vsearch/util/src/main/perf/LocalTaskSource.java /home/goankur/vsearch/util/src/main/perf/NRTPerfTest.java /home/goankur/vsearch/util/src/main/perf/OpenCloseIndexWriter.java /home/goankur/vsearch/util/src/main/perf/OpenDirectory.java /home/goankur/vsearch/util/src/main/perf/PKLookupWithTermStateTask.java /home/goankur/vsearch/util/src/main/perf/PerfUtils.java /home/goankur/vsearch/util/src/main/perf/PointsPKLookupTask.java /home/goankur/vsearch/util/src/main/perf/RandomQuery.java /home/goankur/vsearch/util/src/main/perf/RemoteTaskSource.java /home/goankur/vsearch/util/src/main/perf/RespellTask.java /home/goankur/vsearch/util/src/main/perf/SearchPerfTest.java /home/goankur/vsearch/util/src/main/perf/SearchTask.java /home/goankur/vsearch/util/src/main/perf/SearchTaxis.java /home/goankur/vsearch/util/src/main/perf/StatisticsHelper.java /home/goankur/vsearch/util/src/main/perf/StringFieldDocSelector.java /home/goankur/vsearch/util/src/main/perf/Task.java /home/goankur/vsearch/util/src/main/perf/TaskParser.java /home/goankur/vsearch/util/src/main/perf/TaskParserFactory.java /home/goankur/vsearch/util/src/main/perf/TaskSource.java /home/goankur/vsearch/util/src/main/perf/TaskThreads.java /home/goankur/vsearch/util/src/main/perf/TestContext.java /home/goankur/vsearch/util/src/main/perf/TypePolluter.java /home/goankur/vsearch/util/src/main/perf/UnparsedTask.java /home/goankur/vsearch/util/src/main/perf/VectorDictionary.java
    run: ['/home/goankur/jdk/corretto-25/bin/javac', '-g', '-d', '/home/goankur/vsearch/util/build', '-classpath', '/home/goankur/vsearch/bo/lucene-A/lucene/core/build/libs/lucene-core-11.0.0-SNAPSHOT.jar:/home/goankur/vsearch/bo/lucene-A/lucene/sandbox/build/classes/java/main:/home/goankur/vsearch/bo/lucene-A/lucene/misc/build/classes/java/main:/home/goankur/vsearch/bo/lucene-A/lucene/facet/build/classes/java/main:/home/goankur/vsearch/bo/lucene-A/lucene/analysis/common/build/classes/java/main:/home/goankur/vsearch/bo/lucene-A/lucene/analysis/icu/build/classes/java/main:/home/goankur/vsearch/bo/lucene-A/lucene/queryparser/build/classes/java/main:/home/goankur/vsearch/bo/lucene-A/lucene/grouping/build/classes/java/main:/home/goankur/vsearch/bo/lucene-A/lucene/suggest/build/classes/java/main:/home/goankur/vsearch/bo/lucene-A/lucene/highlighter/build/classes/java/main:/home/goankur/vsearch/bo/lucene-A/lucene/codecs/build/classes/java/main:/home/goankur/vsearch/bo/lucene-A/lucene/queries/build/classes/java/main:/home/goankur/vsearch/bo/lucene-A/lucene/join/build/classes/java/main:/home/goankur/vsearch/bo/lucene-A/lucene/spatial3d/build/classes/java/main:/home/goankur/vsearch/util/lib/HdrHistogram.jar:/home/goankur/vsearch/util/src/main/build/classes/java/main:/home/goankur/vsearch/util/build', '/home/goankur/vsearch/util/src/main/perf/Args.java', '/home/goankur/vsearch/util/src/main/perf/BatchPKLookup.java', '/home/goankur/vsearch/util/src/main/perf/BenchRearranger.java', '/home/goankur/vsearch/util/src/main/perf/CreateQueries.java', '/home/goankur/vsearch/util/src/main/perf/DiskUsage.java', '/home/goankur/vsearch/util/src/main/perf/IndexAndSearchOpenStreetMaps.java', '/home/goankur/vsearch/util/src/main/perf/IndexState.java', '/home/goankur/vsearch/util/src/main/perf/IndexTaxis.java', '/home/goankur/vsearch/util/src/main/perf/IndexThreads.java', '/home/goankur/vsearch/util/src/main/perf/Indexer.java', '/home/goankur/vsearch/util/src/main/perf/KeepNoCommitsDeletionPolicy.java', '/home/goankur/vsearch/util/src/main/perf/LineFileDocs.java', '/home/goankur/vsearch/util/src/main/perf/LocalTaskSource.java', '/home/goankur/vsearch/util/src/main/perf/NRTPerfTest.java', '/home/goankur/vsearch/util/src/main/perf/OpenCloseIndexWriter.java', '/home/goankur/vsearch/util/src/main/perf/OpenDirectory.java', '/home/goankur/vsearch/util/src/main/perf/PKLookupWithTermStateTask.java', '/home/goankur/vsearch/util/src/main/perf/PerfUtils.java', '/home/goankur/vsearch/util/src/main/perf/PointsPKLookupTask.java', '/home/goankur/vsearch/util/src/main/perf/RandomQuery.java', '/home/goankur/vsearch/util/src/main/perf/RemoteTaskSource.java', '/home/goankur/vsearch/util/src/main/perf/RespellTask.java', '/home/goankur/vsearch/util/src/main/perf/SearchPerfTest.java', '/home/goankur/vsearch/util/src/main/perf/SearchTask.java', '/home/goankur/vsearch/util/src/main/perf/SearchTaxis.java', '/home/goankur/vsearch/util/src/main/perf/StatisticsHelper.java', '/home/goankur/vsearch/util/src/main/perf/StringFieldDocSelector.java', '/home/goankur/vsearch/util/src/main/perf/Task.java', '/home/goankur/vsearch/util/src/main/perf/TaskParser.java', '/home/goankur/vsearch/util/src/main/perf/TaskParserFactory.java', '/home/goankur/vsearch/util/src/main/perf/TaskSource.java', '/home/goankur/vsearch/util/src/main/perf/TaskThreads.java', '/home/goankur/vsearch/util/src/main/perf/TestContext.java', '/home/goankur/vsearch/util/src/main/perf/TypePolluter.java', '/home/goankur/vsearch/util/src/main/perf/UnparsedTask.java', '/home/goankur/vsearch/util/src/main/perf/VectorDictionary.java'], cwd=/home/goankur/vsearch/bo/lucene-A/lucene/benchmark vmstatLogFile=None topLogFile=None

Create indices:
  /home/goankur/vsearch/indices/wikimedium10m.lucene-A.facets.taxonomy:Date.taxonomy:Month.taxonomy:DayOfYear.sortedset:Date.sortedset:Month.sortedset:DayOfYear.taxonomy:RandomLabel.sortedset:RandomLabel.Lucene90.Lucene104.dvfields.nd10M: already exists
    tasks file: /home/goankur/vsearch/util/tasks/wikimedium.10M.nostopwords.tasks

Search:
  iter 0
    armK:
      NOTE: using experimental CPU time profiler (see https://mostlynerdless.de/blog/2025/06/11/java-25s-new-cpu-time-profiler-1)
      log: /home/goankur/vsearch/logs/FAK.armK.0 + stdout
      run: /usr/bin/perf stat -dd -e task-clock,cycles,instructions,cache-references,cache-misses,L1-dcache-loads,L1-dcache-load-misses,L1-icache-loads,L1-icache-load-misses,LLC-loads,LLC-load-misses,LLC-stores,LLC-store-misses,LLC-prefetches,LLC-prefetch-misses,faults,minor-faults,major-faults,branches,branch-misses,stalled-cycles-frontend,stalled-cycles-backend /home/goankur/jdk/corretto-25/bin/java -server -Xms2g -Xmx2g --add-modules jdk.incubator.vector -XX:+HeapDumpOnOutOfMemoryError -XX:+UseParallelGC -XX:StartFlightRecording=jdk.CPUTimeSample#enabled=true,dumponexit=true,maxsize=250M,settings=/home/goankur/vsearch/util/src/python/profiling.jfc,filename=/home/goankur/vsearch/logs/bench-search-FAK-armK-0.jfr -XX:+UnlockDiagnosticVMOptions -XX:+DebugNonSafepoints -classpath /home/goankur/vsearch/bo/lucene-K/lucene/core/build/libs/lucene-core-11.0.0-SNAPSHOT.jar:/home/goankur/vsearch/bo/lucene-K/lucene/sandbox/build/classes/java/main:/home/goankur/vsearch/bo/lucene-K/lucene/misc/build/classes/java/main:/home/goankur/vsearch/bo/lucene-K/lucene/facet/build/classes/java/main:/home/goankur/vsearch/bo/lucene-K/lucene/analysis/common/build/classes/java/main:/home/goankur/vsearch/bo/lucene-K/lucene/analysis/icu/build/classes/java/main:/home/goankur/vsearch/bo/lucene-K/lucene/queryparser/build/classes/java/main:/home/goankur/vsearch/bo/lucene-K/lucene/grouping/build/classes/java/main:/home/goankur/vsearch/bo/lucene-K/lucene/suggest/build/classes/java/main:/home/goankur/vsearch/bo/lucene-K/lucene/highlighter/build/classes/java/main:/home/goankur/vsearch/bo/lucene-K/lucene/codecs/build/classes/java/main:/home/goankur/vsearch/bo/lucene-K/lucene/queries/build/classes/java/main:/home/goankur/vsearch/bo/lucene-K/lucene/join/build/classes/java/main:/home/goankur/vsearch/bo/lucene-K/lucene/spatial3d/build/classes/java/main:/home/goankur/vsearch/util/lib/HdrHistogram.jar:/home/goankur/vsearch/util/src/main/build/classes/java/main:/home/goankur/vsearch/util/build perf.SearchPerfTest -dirImpl MMapDirectory -indexPath /home/goankur/vsearch/indices/wikimedium10m.lucene-A.facets.taxonomy:Date.taxonomy:Month.taxonomy:DayOfYear.sortedset:Date.sortedset:Month.sortedset:DayOfYear.taxonomy:RandomLabel.sortedset:RandomLabel.Lucene90.Lucene104.dvfields.nd10M -facets taxonomy:Date;Date -facets taxonomy:Month;Month -facets taxonomy:DayOfYear;DayOfYear -facets sortedset:Date;Date -facets sortedset:Month;Month -facets sortedset:DayOfYear;DayOfYear -facets taxonomy:RandomLabel;RandomLabel -facets sortedset:RandomLabel;RandomLabel -analyzer StandardAnalyzer -taskSource /home/goankur/vsearch/util/tasks/wikimedium.10M.nostopwords.tasks -numConcurrentQueries 5 -taskRepeatCount 20 -field body -tasksPerCat 1 -searchConcurrency -1 -staticSeed 7331 -seed -2868747 -similarity BM25Similarity -commit multi -hiliteImpl FastVectorHighlighter -log /home/goankur/vsearch/logs/FAK.armK.0 -topN 100 -context  -pk -pollute
      9.4 s
      266.4 actual sustained QPS; -1.0 CPU cores used
    armA:
      NOTE: using experimental CPU time profiler (see https://mostlynerdless.de/blog/2025/06/11/java-25s-new-cpu-time-profiler-1)
      log: /home/goankur/vsearch/logs/FAK.armA.0 + stdout
      run: /usr/bin/perf stat -dd -e task-clock,cycles,instructions,cache-references,cache-misses,L1-dcache-loads,L1-dcache-load-misses,L1-icache-loads,L1-icache-load-misses,LLC-loads,LLC-load-misses,LLC-stores,LLC-store-misses,LLC-prefetches,LLC-prefetch-misses,faults,minor-faults,major-faults,branches,branch-misses,stalled-cycles-frontend,stalled-cycles-backend /home/goankur/jdk/corretto-25/bin/java -server -Xms2g -Xmx2g --add-modules jdk.incubator.vector -XX:+HeapDumpOnOutOfMemoryError -XX:+UseParallelGC -XX:StartFlightRecording=jdk.CPUTimeSample#enabled=true,dumponexit=true,maxsize=250M,settings=/home/goankur/vsearch/util/src/python/profiling.jfc,filename=/home/goankur/vsearch/logs/bench-search-FAK-armA-0.jfr -XX:+UnlockDiagnosticVMOptions -XX:+DebugNonSafepoints -classpath /home/goankur/vsearch/bo/lucene-A/lucene/core/build/libs/lucene-core-11.0.0-SNAPSHOT.jar:/home/goankur/vsearch/bo/lucene-A/lucene/sandbox/build/classes/java/main:/home/goankur/vsearch/bo/lucene-A/lucene/misc/build/classes/java/main:/home/goankur/vsearch/bo/lucene-A/lucene/facet/build/classes/java/main:/home/goankur/vsearch/bo/lucene-A/lucene/analysis/common/build/classes/java/main:/home/goankur/vsearch/bo/lucene-A/lucene/analysis/icu/build/classes/java/main:/home/goankur/vsearch/bo/lucene-A/lucene/queryparser/build/classes/java/main:/home/goankur/vsearch/bo/lucene-A/lucene/grouping/build/classes/java/main:/home/goankur/vsearch/bo/lucene-A/lucene/suggest/build/classes/java/main:/home/goankur/vsearch/bo/lucene-A/lucene/highlighter/build/classes/java/main:/home/goankur/vsearch/bo/lucene-A/lucene/codecs/build/classes/java/main:/home/goankur/vsearch/bo/lucene-A/lucene/queries/build/classes/java/main:/home/goankur/vsearch/bo/lucene-A/lucene/join/build/classes/java/main:/home/goankur/vsearch/bo/lucene-A/lucene/spatial3d/build/classes/java/main:/home/goankur/vsearch/util/lib/HdrHistogram.jar:/home/goankur/vsearch/util/src/main/build/classes/java/main:/home/goankur/vsearch/util/build perf.SearchPerfTest -dirImpl MMapDirectory -indexPath /home/goankur/vsearch/indices/wikimedium10m.lucene-A.facets.taxonomy:Date.taxonomy:Month.taxonomy:DayOfYear.sortedset:Date.sortedset:Month.sortedset:DayOfYear.taxonomy:RandomLabel.sortedset:RandomLabel.Lucene90.Lucene104.dvfields.nd10M -facets taxonomy:Date;Date -facets taxonomy:Month;Month -facets taxonomy:DayOfYear;DayOfYear -facets sortedset:Date;Date -facets sortedset:Month;Month -facets sortedset:DayOfYear;DayOfYear -facets taxonomy:RandomLabel;RandomLabel -facets sortedset:RandomLabel;RandomLabel -analyzer StandardAnalyzer -taskSource /home/goankur/vsearch/util/tasks/wikimedium.10M.nostopwords.tasks -numConcurrentQueries 5 -taskRepeatCount 20 -field body -tasksPerCat 1 -searchConcurrency -1 -staticSeed 7331 -seed -2868747 -similarity BM25Similarity -commit multi -hiliteImpl FastVectorHighlighter -log /home/goankur/vsearch/logs/FAK.armA.0 -topN 100 -context  -pk -pollute
      9.4 s
      251.3 actual sustained QPS; -1.0 CPU cores used

Report after iter 0:
QPSChart.supported == False
                            Task     P50 B     P50 C     Diff     P90 B     P90 C     Diff     P99 B     P99 C     Diff    P999 B    P999 C     Diff    P100 B    P100 C     Diff
           ('AndHighHigh', None)     1.512     1.687    11.5%     4.395     4.774     8.6%     6.591     4.790   -27.3%     6.591     4.790   -27.3%   121.803    70.302   -42.3%
('AndHighHighDayTaxoFacets', None)    14.854    14.196    -4.4%    20.062    24.486    22.1%    69.242    68.709    -0.8%    69.242    68.709    -0.8%   102.073   151.906    48.8%
            ('AndHighLow', None)     0.519     0.603    16.3%     1.496     1.043   -30.3%     1.602     1.739     8.6%     1.602     1.739     8.6%     1.731     1.825     5.4%
            ('AndHighMed', None)     1.204     1.296     7.7%     3.700     4.273    15.5%     7.930     5.962   -24.8%     7.930     5.962   -24.8%   114.623    74.921   -34.6%
('AndHighMedDayTaxoFacets', None)    12.495    13.003     4.1%    17.917    16.242    -9.3%    44.305    40.553    -8.5%    44.305    40.553    -8.5%   111.522    98.539   -11.6%
     ('AndMissingHigh', 'Title')     0.311     0.359    15.4%     0.843     1.076    27.7%     1.066     5.313   398.5%     1.066     5.313   398.5%    20.332     5.406   -73.4%
              ('BM25MSM2', None)    20.682    21.076     1.9%    38.876    32.656   -16.0%    39.042    56.756    45.4%    39.042    56.756    45.4%   208.652   270.268    29.5%
  ('BrowseDateSSDVFacets', None)   369.842   334.210    -9.6%   434.784   393.198    -9.6%   453.271   406.939   -10.2%   453.271   406.939   -10.2%   566.952   480.656   -15.2%
  ('BrowseDateTaxoFacets', None)    68.075    72.747     6.9%    83.123    87.923     5.8%    85.975    91.050     5.9%    85.975    91.050     5.9%    89.961   115.458    28.3%
('BrowseDayOfYearSSDVFacets', None)    67.412    64.297    -4.6%    82.013    81.143    -1.1%   104.169    87.287   -16.2%   104.169    87.287   -16.2%   167.336   121.485   -27.4%
('BrowseDayOfYearTaxoFacets', None)    65.845    68.232     3.6%    85.922    84.338    -1.8%    85.930    93.821     9.2%    85.930    93.821     9.2%   262.017   179.319   -31.6%
 ('BrowseMonthSSDVFacets', None)    68.655    63.906    -6.9%    78.526    78.498    -0.0%    80.043    79.801    -0.3%    80.043    79.801    -0.3%   180.022   161.415   -10.3%
 ('BrowseMonthTaxoFacets', None)    26.335    25.960    -1.4%    82.428    75.773    -8.1%    98.827    75.787   -23.3%    98.827    75.787   -23.3%   348.069   322.350    -7.4%
('BrowseRandomLabelSSDVFacets', None)    84.675    88.221     4.2%   111.581   122.964    10.2%   197.420   122.981   -37.7%   197.420   122.981   -37.7%   234.608   184.216   -21.5%
('BrowseRandomLabelTaxoFacets', None)    89.704    83.619    -6.8%   106.065   121.778    14.8%   109.539   136.554    24.7%   109.539   136.554    24.7%   253.502   208.833   -17.6%
             ('ConstMSM2', None)     0.721     0.647   -10.2%     1.718     1.182   -31.2%     2.309     1.995   -13.6%     2.309     1.995   -13.6%    44.793    28.723   -35.9%
                ('Fuzzy1', None)     9.290     8.896    -4.2%    20.310    16.700   -17.8%    26.698    32.988    23.6%    26.698    32.988    23.6%   131.221    80.894   -38.4%
                ('Fuzzy2', None)    14.032    12.708    -9.4%    21.808    18.039   -17.3%    41.746    34.946   -16.3%    41.746    34.946   -16.3%    61.211    52.370   -14.4%
  ('HighIntervalsOrdered', None)    17.972    16.980    -5.5%    27.189    25.539    -6.1%    32.708    45.250    38.3%    32.708    45.250    38.3%   218.810   183.647   -16.1%
            ('HighPhrase', None)     4.621     3.970   -14.1%    11.366     8.234   -27.6%    14.057     8.896   -36.7%    14.057     8.896   -36.7%    14.238    12.407   -12.9%
      ('HighSloppyPhrase', None)     6.562     6.885     4.9%    17.569    12.866   -26.8%    23.356    28.704    22.9%    23.356    28.704    22.9%   117.417   106.831    -9.0%
          ('HighSpanNear', None)     6.074     5.917    -2.6%    15.132    12.196   -19.4%    22.816    14.371   -37.0%    22.816    14.371   -37.0%    81.366    56.855   -30.1%
              ('HighTerm', None)     0.700     0.706     0.9%     2.070     1.056   -49.0%     3.155     3.201     1.5%     3.155     3.201     1.5%     7.796    13.426    72.2%
('HighTermDayOfYearSort', 'DayOfYear')     1.899     2.519    32.6%     6.118     6.888    12.6%    17.443    13.731   -21.3%    17.443    13.731   -21.3%    43.993    59.687    35.7%
  ('HighTermMonthSort', 'Month')     0.779     0.771    -1.0%     3.167     2.035   -35.8%     8.850     9.789    10.6%     8.850     9.789    10.6%    12.231    17.114    39.9%
('HighTermTitleBDVSort', 'TitleBinary')    17.543    16.909    -3.6%    37.384    32.027   -14.3%    37.453    45.784    22.2%    37.453    45.784    22.2%   161.937   141.902   -12.4%
  ('HighTermTitleSort', 'Title')     8.635     9.367     8.5%    18.065    19.817     9.7%    42.078    26.374   -37.3%    42.078    26.374   -37.3%    78.683   101.064    28.4%
                ('IntNRQ', None)     1.190     1.000   -15.9%     2.562     3.007    17.4%     2.933     7.618   159.7%     2.933     7.618   159.7%    73.944    82.163    11.1%
                ('IntSet', None)     1.349     1.539    14.1%     6.182     6.161    -0.3%    10.515     8.714   -17.1%    10.515     8.714   -17.1%    59.432    51.426   -13.5%
   ('LowIntervalsOrdered', None)     7.275     7.706     5.9%    12.709    16.077    26.5%    14.200    16.463    15.9%    14.200    16.463    15.9%    16.662    17.982     7.9%
             ('LowPhrase', None)     1.801     1.762    -2.2%     5.464     3.208   -41.3%     5.897     6.141     4.1%     5.897     6.141     4.1%    63.078    51.395   -18.5%
       ('LowSloppyPhrase', None)     3.494     3.995    14.3%     9.516     8.986    -5.6%    11.135    14.324    28.6%    11.135    14.324    28.6%    38.993    14.689   -62.3%
           ('LowSpanNear', None)     4.030     4.657    15.6%     7.961     9.522    19.6%    10.202    18.899    85.3%    10.202    18.899    85.3%    64.274    52.971   -17.6%
               ('LowTerm', None)     0.427     0.539    26.1%     1.101     1.612    46.4%     1.296     2.057    58.7%     1.296     2.057    58.7%     2.318     8.916   284.6%
   ('MedIntervalsOrdered', None)    13.483    13.464    -0.1%    26.640    24.621    -7.6%    48.247    27.770   -42.4%    48.247    27.770   -42.4%   157.423   137.704   -12.5%
             ('MedPhrase', None)     3.131     3.989    27.4%     5.486     8.616    57.1%    18.799     9.188   -51.1%    18.799     9.188   -51.1%    40.211    43.382     7.9%
       ('MedSloppyPhrase', None)     2.306     2.397     4.0%     5.365     4.238   -21.0%     6.177     4.573   -26.0%     6.177     4.573   -26.0%    55.053    40.273   -26.8%
           ('MedSpanNear', None)     4.805     5.041     4.9%    10.343     9.225   -10.8%    10.647    11.409     7.2%    10.647    11.409     7.2%   178.980   168.556    -5.8%
               ('MedTerm', None)     0.702     0.683    -2.8%     2.447     1.683   -31.2%    10.637     2.417   -77.3%    10.637     2.417   -77.3%    16.279    16.464     1.1%
  ('MedTermDayTaxoFacets', None)    14.993    13.899    -7.3%    31.067    55.015    77.1%    50.762    81.529    60.6%    50.762    81.529    60.6%   152.295   137.761    -9.5%
            ('OrHighHigh', None)     2.070     2.123     2.6%     4.080     3.862    -5.3%     5.070     4.776    -5.8%     5.070     4.776    -5.8%   139.907   108.500   -22.4%
             ('OrHighLow', None)     0.799     1.053    31.8%     2.492     2.847    14.3%     2.594     3.582    38.1%     2.594     3.582    38.1%     6.590     5.043   -23.5%
             ('OrHighMed', None)     1.060     1.198    13.0%     3.071     2.961    -3.6%     3.811     3.186   -16.4%     3.811     3.186   -16.4%   199.659   181.723    -9.0%
('OrHighMedDayTaxoFacets', None)    30.032    24.451   -18.6%    47.236    47.610     0.8%   101.771   103.588     1.8%   101.771   103.588     1.8%   408.410   321.884   -21.2%
         ('OrHighNotHigh', None)     1.159     1.188     2.5%     2.596     2.324   -10.5%     8.864     2.339   -73.6%     8.864     2.339   -73.6%    90.108    86.731    -3.7%
          ('OrHighNotLow', None)     0.907     0.895    -1.3%     3.075     4.194    36.4%     3.638     7.047    93.7%     3.638     7.047    93.7%    14.235    43.019   202.2%
          ('OrHighNotMed', None)     1.253     1.159    -7.5%     9.566     4.239   -55.7%    10.098     7.410   -26.6%    10.098     7.410   -26.6%    12.635     8.934   -29.3%
         ('OrNotHighHigh', None)     1.065     1.101     3.4%     3.245     2.072   -36.1%     5.319     4.184   -21.3%     5.319     4.184   -21.3%     8.576    10.882    26.9%
          ('OrNotHighLow', None)     0.714     0.824    15.3%     2.022     1.743   -13.8%     2.131     4.066    90.8%     2.131     4.066    90.8%     3.822     4.840    26.6%
          ('OrNotHighMed', None)     1.169     1.126    -3.7%     2.954     2.558   -13.4%     3.396     3.119    -8.2%     3.396     3.119    -8.2%    74.421     8.097   -89.1%
                   ('PKLookup',)     4.455     4.547     2.1%     8.073     8.027    -0.6%    14.214     9.015   -36.6%    14.214     9.015   -36.6%    58.553    22.769   -61.1%
               ('Prefix3', None)     0.887     1.006    13.5%     2.675     3.804    42.2%     5.441     5.699     4.8%     5.441     5.699     4.8%    40.298    46.281    14.8%
                    ('Respell',)    14.742    13.190   -10.5%    39.294    30.554   -22.2%    45.548    33.552   -26.3%    45.548    33.552   -26.3%    70.297    50.135   -28.7%
('TermDateTimeSort', 'DateTime')     2.309     2.338     1.2%     4.889     6.960    42.4%    10.971    12.458    13.6%    10.971    12.458    13.6%    65.182    78.529    20.5%
              ('Wildcard', None)     5.215     5.170    -0.9%    15.086    13.488   -10.6%    17.763    17.948     1.0%    17.763    17.948     1.0%    52.572    47.856    -9.0%
                 ('range', None)     0.179     0.188     4.7%     0.659     0.542   -17.8%     0.894     0.643   -28.1%     0.894     0.643   -28.1%     4.936     0.772   -84.4%
                            Task    QPS armA      StdDev    QPS armK      StdDev                Pct diff p-value
                       OrHighLow     1307.41      (0.0%)     1004.69      (0.0%)  -23.2% ( -23% -  -23%) 1.000
                         Prefix3     1416.45      (0.0%)     1153.26      (0.0%)  -18.6% ( -18% -  -18%) 1.000
                         LowTerm     2459.29      (0.0%)     2018.13      (0.0%)  -17.9% ( -17% -  -17%) 1.000
           HighTermDayOfYearSort      548.26      (0.0%)      455.60      (0.0%)  -16.9% ( -16% -  -16%) 1.000
                          IntSet      793.62      (0.0%)      678.74      (0.0%)  -14.5% ( -14% -  -14%) 1.000
                       OrHighMed      984.72      (0.0%)      842.53      (0.0%)  -14.4% ( -14% -  -14%) 1.000
                    OrNotHighLow     1502.70      (0.0%)     1290.01      (0.0%)  -14.2% ( -14% -  -14%) 1.000
                      AndHighLow     1976.23      (0.0%)     1717.30      (0.0%)  -13.1% ( -13% -  -13%) 1.000
                       MedPhrase      324.87      (0.0%)      283.29      (0.0%)  -12.8% ( -12% -  -12%) 1.000
                     LowSpanNear      255.11      (0.0%)      222.79      (0.0%)  -12.7% ( -12% -  -12%) 1.000
                      AndHighMed      898.26      (0.0%)      795.77      (0.0%)  -11.4% ( -11% -  -11%) 1.000
                  AndMissingHigh     3290.57      (0.0%)     2947.84      (0.0%)  -10.4% ( -10% -  -10%) 1.000
               HighTermTitleSort      126.97      (0.0%)      114.11      (0.0%)  -10.1% ( -10% -  -10%) 1.000
                 LowSloppyPhrase      288.37      (0.0%)      262.44      (0.0%)   -9.0% (  -8% -   -8%) 1.000
                HighSloppyPhrase      157.25      (0.0%)      147.25      (0.0%)   -6.4% (  -6% -   -6%) 1.000
                          IntNRQ     1165.27      (0.0%)     1091.67      (0.0%)   -6.3% (  -6% -   -6%) 1.000
            BrowseDateTaxoFacets       14.83      (0.0%)       13.98      (0.0%)   -5.7% (  -5% -   -5%) 1.000
                     AndHighHigh      711.08      (0.0%)      671.70      (0.0%)   -5.5% (  -5% -   -5%) 1.000
                     MedSpanNear      212.76      (0.0%)      201.29      (0.0%)   -5.4% (  -5% -   -5%) 1.000
                        HighTerm     1529.52      (0.0%)     1447.23      (0.0%)   -5.4% (  -5% -   -5%) 1.000
                        PKLookup      234.76      (0.0%)      224.28      (0.0%)   -4.5% (  -4% -   -4%) 1.000
                   OrHighNotHigh      915.73      (0.0%)      880.69      (0.0%)   -3.8% (  -3% -   -3%) 1.000
                 MedSloppyPhrase      449.83      (0.0%)      435.11      (0.0%)   -3.3% (  -3% -   -3%) 1.000
       BrowseDayOfYearTaxoFacets       15.23      (0.0%)       14.82      (0.0%)   -2.7% (  -2% -   -2%) 1.000
                         MedTerm     1514.58      (0.0%)     1490.83      (0.0%)   -1.6% (  -1% -   -1%) 1.000
                      OrHighHigh      487.82      (0.0%)      480.61      (0.0%)   -1.5% (  -1% -   -1%) 1.000
         AndHighMedDayTaxoFacets       82.19      (0.0%)       81.10      (0.0%)   -1.3% (  -1% -   -1%) 1.000
             LowIntervalsOrdered      137.97      (0.0%)      136.25      (0.0%)   -1.2% (  -1% -   -1%) 1.000
                        BM25MSM2       48.50      (0.0%)       48.04      (0.0%)   -0.9% (   0% -    0%) 1.000
     BrowseRandomLabelSSDVFacets       11.88      (0.0%)       11.81      (0.0%)   -0.6% (   0% -    0%) 1.000
                   OrNotHighHigh      976.74      (0.0%)      975.00      (0.0%)   -0.2% (   0% -    0%) 1.000
             MedIntervalsOrdered       74.84      (0.0%)       74.80      (0.0%)   -0.1% (   0% -    0%) 1.000
                      HighPhrase      256.63      (0.0%)      256.98      (0.0%)    0.1% (   0% -    0%) 1.000
                      TermDTSort      439.70      (0.0%)      441.71      (0.0%)    0.5% (   0% -    0%) 1.000
               HighTermMonthSort     1395.48      (0.0%)     1408.43      (0.0%)    0.9% (   0% -    0%) 1.000
       BrowseDayOfYearSSDVFacets       15.81      (0.0%)       15.97      (0.0%)    1.0% (   1% -    1%) 1.000
                        Wildcard      192.67      (0.0%)      194.82      (0.0%)    1.1% (   1% -    1%) 1.000
                          Fuzzy1      113.03      (0.0%)      114.32      (0.0%)    1.1% (   1% -    1%) 1.000
            HighTermTitleBDVSort       58.90      (0.0%)       59.82      (0.0%)    1.6% (   1% -    1%) 1.000
                    HighSpanNear      167.61      (0.0%)      170.51      (0.0%)    1.7% (   1% -    1%) 1.000
                    OrHighNotLow     1137.18      (0.0%)     1164.64      (0.0%)    2.4% (   2% -    2%) 1.000
                    OrNotHighMed      892.98      (0.0%)      916.55      (0.0%)    2.6% (   2% -    2%) 1.000
            HighIntervalsOrdered       57.47      (0.0%)       59.53      (0.0%)    3.6% (   3% -    3%) 1.000
           BrowseMonthTaxoFacets       38.76      (0.0%)       40.23      (0.0%)    3.8% (   3% -    3%) 1.000
           BrowseMonthSSDVFacets       15.18      (0.0%)       15.85      (0.0%)    4.4% (   4% -    4%) 1.000
                           range     5647.21      (0.0%)     5908.47      (0.0%)    4.6% (   4% -    4%) 1.000
            MedTermDayTaxoFacets       70.01      (0.0%)       73.96      (0.0%)    5.6% (   5% -    5%) 1.000
                       LowPhrase      563.52      (0.0%)      595.92      (0.0%)    5.7% (   5% -    5%) 1.000
     BrowseRandomLabelTaxoFacets       11.41      (0.0%)       12.07      (0.0%)    5.8% (   5% -    5%) 1.000
                         Respell       71.62      (0.0%)       76.60      (0.0%)    6.9% (   6% -    6%) 1.000
        AndHighHighDayTaxoFacets       68.31      (0.0%)       73.75      (0.0%)    8.0% (   7% -    7%) 1.000
                    OrHighNotMed      819.28      (0.0%)      887.13      (0.0%)    8.3% (   8% -    8%) 1.000
            BrowseDateSSDVFacets        2.77      (0.0%)        3.11      (0.0%)   12.4% (  12% -   12%) 1.000
                          Fuzzy2       72.91      (0.0%)       82.12      (0.0%)   12.6% (  12% -   12%) 1.000
                       ConstMSM2     1442.16      (0.0%)     1660.39      (0.0%)   15.1% (  15% -   15%) 1.000
          OrHighMedDayTaxoFacets       34.18      (0.0%)       42.67      (0.0%)   24.8% (  24% -   24%) 1.000
  iter 1
    armA:
      NOTE: using experimental CPU time profiler (see https://mostlynerdless.de/blog/2025/06/11/java-25s-new-cpu-time-profiler-1)
      log: /home/goankur/vsearch/logs/FAK.armA.1 + stdout
      run: /usr/bin/perf stat -dd -e task-clock,cycles,instructions,cache-references,cache-misses,L1-dcache-loads,L1-dcache-load-misses,L1-icache-loads,L1-icache-load-misses,LLC-loads,LLC-load-misses,LLC-stores,LLC-store-misses,LLC-prefetches,LLC-prefetch-misses,faults,minor-faults,major-faults,branches,branch-misses,stalled-cycles-frontend,stalled-cycles-backend /home/goankur/jdk/corretto-25/bin/java -server -Xms2g -Xmx2g --add-modules jdk.incubator.vector -XX:+HeapDumpOnOutOfMemoryError -XX:+UseParallelGC -XX:StartFlightRecording=jdk.CPUTimeSample#enabled=true,dumponexit=true,maxsize=250M,settings=/home/goankur/vsearch/util/src/python/profiling.jfc,filename=/home/goankur/vsearch/logs/bench-search-FAK-armA-1.jfr -XX:+UnlockDiagnosticVMOptions -XX:+DebugNonSafepoints -classpath /home/goankur/vsearch/bo/lucene-A/lucene/core/build/libs/lucene-core-11.0.0-SNAPSHOT.jar:/home/goankur/vsearch/bo/lucene-A/lucene/sandbox/build/classes/java/main:/home/goankur/vsearch/bo/lucene-A/lucene/misc/build/classes/java/main:/home/goankur/vsearch/bo/lucene-A/lucene/facet/build/classes/java/main:/home/goankur/vsearch/bo/lucene-A/lucene/analysis/common/build/classes/java/main:/home/goankur/vsearch/bo/lucene-A/lucene/analysis/icu/build/classes/java/main:/home/goankur/vsearch/bo/lucene-A/lucene/queryparser/build/classes/java/main:/home/goankur/vsearch/bo/lucene-A/lucene/grouping/build/classes/java/main:/home/goankur/vsearch/bo/lucene-A/lucene/suggest/build/classes/java/main:/home/goankur/vsearch/bo/lucene-A/lucene/highlighter/build/classes/java/main:/home/goankur/vsearch/bo/lucene-A/lucene/codecs/build/classes/java/main:/home/goankur/vsearch/bo/lucene-A/lucene/queries/build/classes/java/main:/home/goankur/vsearch/bo/lucene-A/lucene/join/build/classes/java/main:/home/goankur/vsearch/bo/lucene-A/lucene/spatial3d/build/classes/java/main:/home/goankur/vsearch/util/lib/HdrHistogram.jar:/home/goankur/vsearch/util/src/main/build/classes/java/main:/home/goankur/vsearch/util/build perf.SearchPerfTest -dirImpl MMapDirectory -indexPath /home/goankur/vsearch/indices/wikimedium10m.lucene-A.facets.taxonomy:Date.taxonomy:Month.taxonomy:DayOfYear.sortedset:Date.sortedset:Month.sortedset:DayOfYear.taxonomy:RandomLabel.sortedset:RandomLabel.Lucene90.Lucene104.dvfields.nd10M -facets taxonomy:Date;Date -facets taxonomy:Month;Month -facets taxonomy:DayOfYear;DayOfYear -facets sortedset:Date;Date -facets sortedset:Month;Month -facets sortedset:DayOfYear;DayOfYear -facets taxonomy:RandomLabel;RandomLabel -facets sortedset:RandomLabel;RandomLabel -analyzer StandardAnalyzer -taskSource /home/goankur/vsearch/util/tasks/wikimedium.10M.nostopwords.tasks -numConcurrentQueries 5 -taskRepeatCount 20 -field body -tasksPerCat 1 -searchConcurrency -1 -staticSeed 7331 -seed -6961544 -similarity BM25Similarity -commit multi -hiliteImpl FastVectorHighlighter -log /home/goankur/vsearch/logs/FAK.armA.1 -topN 100 -context  -pk -pollute
      8.9 s
      274.1 actual sustained QPS; -1.0 CPU cores used
    armK:
      NOTE: using experimental CPU time profiler (see https://mostlynerdless.de/blog/2025/06/11/java-25s-new-cpu-time-profiler-1)
      log: /home/goankur/vsearch/logs/FAK.armK.1 + stdout
      run: /usr/bin/perf stat -dd -e task-clock,cycles,instructions,cache-references,cache-misses,L1-dcache-loads,L1-dcache-load-misses,L1-icache-loads,L1-icache-load-misses,LLC-loads,LLC-load-misses,LLC-stores,LLC-store-misses,LLC-prefetches,LLC-prefetch-misses,faults,minor-faults,major-faults,branches,branch-misses,stalled-cycles-frontend,stalled-cycles-backend /home/goankur/jdk/corretto-25/bin/java -server -Xms2g -Xmx2g --add-modules jdk.incubator.vector -XX:+HeapDumpOnOutOfMemoryError -XX:+UseParallelGC -XX:StartFlightRecording=jdk.CPUTimeSample#enabled=true,dumponexit=true,maxsize=250M,settings=/home/goankur/vsearch/util/src/python/profiling.jfc,filename=/home/goankur/vsearch/logs/bench-search-FAK-armK-1.jfr -XX:+UnlockDiagnosticVMOptions -XX:+DebugNonSafepoints -classpath /home/goankur/vsearch/bo/lucene-K/lucene/core/build/libs/lucene-core-11.0.0-SNAPSHOT.jar:/home/goankur/vsearch/bo/lucene-K/lucene/sandbox/build/classes/java/main:/home/goankur/vsearch/bo/lucene-K/lucene/misc/build/classes/java/main:/home/goankur/vsearch/bo/lucene-K/lucene/facet/build/classes/java/main:/home/goankur/vsearch/bo/lucene-K/lucene/analysis/common/build/classes/java/main:/home/goankur/vsearch/bo/lucene-K/lucene/analysis/icu/build/classes/java/main:/home/goankur/vsearch/bo/lucene-K/lucene/queryparser/build/classes/java/main:/home/goankur/vsearch/bo/lucene-K/lucene/grouping/build/classes/java/main:/home/goankur/vsearch/bo/lucene-K/lucene/suggest/build/classes/java/main:/home/goankur/vsearch/bo/lucene-K/lucene/highlighter/build/classes/java/main:/home/goankur/vsearch/bo/lucene-K/lucene/codecs/build/classes/java/main:/home/goankur/vsearch/bo/lucene-K/lucene/queries/build/classes/java/main:/home/goankur/vsearch/bo/lucene-K/lucene/join/build/classes/java/main:/home/goankur/vsearch/bo/lucene-K/lucene/spatial3d/build/classes/java/main:/home/goankur/vsearch/util/lib/HdrHistogram.jar:/home/goankur/vsearch/util/src/main/build/classes/java/main:/home/goankur/vsearch/util/build perf.SearchPerfTest -dirImpl MMapDirectory -indexPath /home/goankur/vsearch/indices/wikimedium10m.lucene-A.facets.taxonomy:Date.taxonomy:Month.taxonomy:DayOfYear.sortedset:Date.sortedset:Month.sortedset:DayOfYear.taxonomy:RandomLabel.sortedset:RandomLabel.Lucene90.Lucene104.dvfields.nd10M -facets taxonomy:Date;Date -facets taxonomy:Month;Month -facets taxonomy:DayOfYear;DayOfYear -facets sortedset:Date;Date -facets sortedset:Month;Month -facets sortedset:DayOfYear;DayOfYear -facets taxonomy:RandomLabel;RandomLabel -facets sortedset:RandomLabel;RandomLabel -analyzer StandardAnalyzer -taskSource /home/goankur/vsearch/util/tasks/wikimedium.10M.nostopwords.tasks -numConcurrentQueries 5 -taskRepeatCount 20 -field body -tasksPerCat 1 -searchConcurrency -1 -staticSeed 7331 -seed -6961544 -similarity BM25Similarity -commit multi -hiliteImpl FastVectorHighlighter -log /home/goankur/vsearch/logs/FAK.armK.1 -topN 100 -context  -pk -pollute
      8.9 s
      262.4 actual sustained QPS; -1.0 CPU cores used

Report after iter 1:
QPSChart.supported == False
                            Task     P50 B     P50 C     Diff     P90 B     P90 C     Diff     P99 B     P99 C     Diff    P999 B    P999 C     Diff    P100 B    P100 C     Diff
           ('AndHighHigh', None)     1.712     1.689    -1.4%     3.578     7.293   103.8%     8.633     8.740     1.2%     8.633     8.740     1.2%    11.719    10.620    -9.4%
('AndHighHighDayTaxoFacets', None)    15.616    14.071    -9.9%    19.561    28.835    47.4%    37.348    40.361     8.1%    37.348    40.361     8.1%    65.762    50.319   -23.5%
            ('AndHighLow', None)     0.494     0.611    23.6%     1.512     1.315   -13.0%     1.609     5.805   260.7%     1.609     5.805   260.7%    53.050    69.992    31.9%
            ('AndHighMed', None)     1.296     1.404     8.3%     4.064     5.346    31.5%     4.988     9.599    92.5%     4.988     9.599    92.5%   207.244   166.062   -19.9%
('AndHighMedDayTaxoFacets', None)    12.983    12.786    -1.5%    21.876    24.752    13.1%    42.742    49.236    15.2%    42.742    49.236    15.2%    48.753    70.709    45.0%
     ('AndMissingHigh', 'Title')     0.315     0.322     2.3%     0.701     1.092    55.6%     1.135     1.294    14.1%     1.135     1.294    14.1%     4.152     3.648   -12.1%
              ('BM25MSM2', None)    21.042    20.752    -1.4%    39.394    41.139     4.4%    88.425    55.214   -37.6%    88.425    55.214   -37.6%   147.981   166.123    12.3%
  ('BrowseDateSSDVFacets', None)   344.565   333.441    -3.2%   376.593   387.578     2.9%   381.194   393.779     3.3%   381.194   393.779     3.3%   577.240   605.693     4.9%
  ('BrowseDateTaxoFacets', None)    67.931    65.190    -4.0%    79.684    80.211     0.7%    81.069    82.688     2.0%    81.069    82.688     2.0%    82.268    83.144     1.1%
('BrowseDayOfYearSSDVFacets', None)    72.983    62.250   -14.7%    86.862    84.100    -3.2%    89.281    89.910     0.7%    89.281    89.910     0.7%   110.184   118.941     7.9%
('BrowseDayOfYearTaxoFacets', None)    62.012    61.102    -1.5%    79.054    71.441    -9.6%    86.605    79.314    -8.4%    86.605    79.314    -8.4%   252.943   243.950    -3.6%
 ('BrowseMonthSSDVFacets', None)    65.512    71.518     9.2%    83.133    82.691    -0.5%    88.336    83.333    -5.7%    88.336    83.333    -5.7%   132.858   128.806    -3.0%
 ('BrowseMonthTaxoFacets', None)    23.930    24.397     2.0%    35.243    30.531   -13.4%    71.469    73.733     3.2%    71.469    73.733     3.2%   173.674   164.813    -5.1%
('BrowseRandomLabelSSDVFacets', None)    92.810    87.827    -5.4%   117.155   133.147    13.7%   174.325   158.988    -8.8%   174.325   158.988    -8.8%   288.814   520.957    80.4%
('BrowseRandomLabelTaxoFacets', None)    80.062    81.620     1.9%   106.218    96.556    -9.1%   107.394   131.036    22.0%   107.394   131.036    22.0%   148.785   156.911     5.5%
             ('ConstMSM2', None)     0.832     0.825    -0.9%     3.860     1.966   -49.1%     7.883     2.201   -72.1%     7.883     2.201   -72.1%    22.689    10.008   -55.9%
                ('Fuzzy1', None)     9.228     8.895    -3.6%    16.349    16.251    -0.6%    36.649    25.465   -30.5%    36.649    25.465   -30.5%    57.580    48.361   -16.0%
                ('Fuzzy2', None)    13.695    13.034    -4.8%    19.485    30.503    56.5%    53.824    31.467   -41.5%    53.824    31.467   -41.5%   165.141   174.398     5.6%
  ('HighIntervalsOrdered', None)    17.153    16.821    -1.9%    27.281    26.982    -1.1%    32.265    31.344    -2.9%    32.265    31.344    -2.9%   154.268   105.556   -31.6%
            ('HighPhrase', None)     5.175     5.615     8.5%     7.133    11.051    54.9%     8.250    15.928    93.1%     8.250    15.928    93.1%    17.251    30.487    76.7%
      ('HighSloppyPhrase', None)     7.477     8.948    19.7%    12.916    15.107    17.0%    18.377    17.288    -5.9%    18.377    17.288    -5.9%    27.275    23.925   -12.3%
          ('HighSpanNear', None)     6.205     6.145    -1.0%    14.062     9.740   -30.7%    18.995    11.536   -39.3%    18.995    11.536   -39.3%    28.237    28.113    -0.4%
              ('HighTerm', None)     0.676     0.688     1.8%     1.713     1.338   -21.9%     1.765     3.935   122.9%     1.765     3.935   122.9%     2.539     4.651    83.2%
('HighTermDayOfYearSort', 'DayOfYear')     2.002     1.979    -1.1%     7.417     6.946    -6.4%     7.689     8.465    10.1%     7.689     8.465    10.1%    28.514    34.944    22.5%
  ('HighTermMonthSort', 'Month')     0.757     0.769     1.5%     1.613     2.259    40.1%     4.457     2.905   -34.8%     4.457     2.905   -34.8%    21.088    10.347   -50.9%
('HighTermTitleBDVSort', 'TitleBinary')    18.830    19.143     1.7%    28.146    29.676     5.4%    39.120    39.919     2.0%    39.120    39.919     2.0%    92.745   120.905    30.4%
  ('HighTermTitleSort', 'Title')     9.944     9.458    -4.9%    20.989    21.502     2.4%    22.730    41.001    80.4%    22.730    41.001    80.4%    61.267    85.908    40.2%
                ('IntNRQ', None)     0.950     0.922    -2.9%     2.370     3.363    41.9%     5.150     7.631    48.2%     5.150     7.631    48.2%    45.322    66.303    46.3%
                ('IntSet', None)     1.672     1.667    -0.3%     5.589     3.720   -33.4%     9.471     7.394   -21.9%     9.471     7.394   -21.9%    81.853   102.291    25.0%
   ('LowIntervalsOrdered', None)     8.249     8.251     0.0%    15.209    13.223   -13.1%    23.535    13.502   -42.6%    23.535    13.502   -42.6%    37.815    47.166    24.7%
             ('LowPhrase', None)     2.007     2.875    43.3%     4.117     5.331    29.5%     8.142     6.998   -14.0%     8.142     6.998   -14.0%     8.215    10.194    24.1%
       ('LowSloppyPhrase', None)     3.479     3.696     6.2%     7.783     8.837    13.5%    11.505    10.138   -11.9%    11.505    10.138   -11.9%    31.911    19.086   -40.2%
           ('LowSpanNear', None)     4.507     4.594     1.9%     8.674     8.023    -7.5%     9.457     8.355   -11.6%     9.457     8.355   -11.6%    15.004    10.494   -30.1%
               ('LowTerm', None)     0.437     0.521    19.2%     1.130     1.112    -1.7%     1.453     1.319    -9.2%     1.453     1.319    -9.2%     6.509     2.286   -64.9%
   ('MedIntervalsOrdered', None)    13.778    15.353    11.4%    27.208    29.696     9.1%    29.343    31.053     5.8%    29.343    31.053     5.8%    46.712    34.797   -25.5%
             ('MedPhrase', None)     3.162     3.254     2.9%     9.592    10.754    12.1%    16.920    14.096   -16.7%    16.920    14.096   -16.7%   111.971    62.963   -43.8%
       ('MedSloppyPhrase', None)     2.152     2.268     5.4%     4.141     4.618    11.5%     4.500     7.294    62.1%     4.500     7.294    62.1%    27.711    27.477    -0.8%
           ('MedSpanNear', None)     5.307     5.515     3.9%     9.825     7.941   -19.2%    29.067    24.716   -15.0%    29.067    24.716   -15.0%    59.791    63.044     5.4%
               ('MedTerm', None)     0.645     0.689     6.8%     2.003     1.757   -12.3%     2.693     2.338   -13.2%     2.693     2.338   -13.2%    92.282    73.191   -20.7%
  ('MedTermDayTaxoFacets', None)    14.743    15.648     6.1%    21.802    21.149    -3.0%    39.265    23.941   -39.0%    39.265    23.941   -39.0%   128.103   150.942    17.8%
            ('OrHighHigh', None)     2.334     2.104    -9.9%     7.246     4.085   -43.6%    13.521     7.256   -46.3%    13.521     7.256   -46.3%   173.694   150.467   -13.4%
             ('OrHighLow', None)     0.872     0.905     3.8%     2.335     1.867   -20.0%     5.235     2.704   -48.4%     5.235     2.704   -48.4%     7.497    10.120    35.0%
             ('OrHighMed', None)     1.065     1.073     0.8%     3.975     3.433   -13.6%     4.502     5.211    15.7%     4.502     5.211    15.7%     5.925    11.396    92.3%
('OrHighMedDayTaxoFacets', None)    29.327    25.928   -11.6%    33.523    34.082     1.7%    68.550   109.147    59.2%    68.550   109.147    59.2%   155.123   143.274    -7.6%
         ('OrHighNotHigh', None)     1.180     1.486    25.9%     3.045     9.353   207.1%     7.079    13.631    92.6%     7.079    13.631    92.6%     7.453    15.566   108.9%
          ('OrHighNotLow', None)     0.928     1.172    26.3%     3.864     4.742    22.7%     7.143     7.981    11.7%     7.143     7.981    11.7%    95.865    78.075   -18.6%
          ('OrHighNotMed', None)     1.037     1.411    36.0%     2.008     3.275    63.1%     6.319     3.925   -37.9%     6.319     3.925   -37.9%     7.726     8.125     5.2%
         ('OrNotHighHigh', None)     1.128     1.391    23.3%     2.665     3.237    21.5%     4.339     3.457   -20.3%     4.339     3.457   -20.3%    13.116     9.005   -31.3%
          ('OrNotHighLow', None)     0.691     0.809    17.2%     1.810     2.685    48.3%     2.816     3.679    30.6%     2.816     3.679    30.6%    17.788     5.968   -66.4%
          ('OrNotHighMed', None)     1.086     1.205    11.0%     2.514     2.910    15.7%     2.565     3.916    52.7%     2.565     3.916    52.7%    20.804    18.566   -10.8%
                   ('PKLookup',)     5.563     4.350   -21.8%     7.358     7.298    -0.8%    25.999    16.360   -37.1%    25.999    16.360   -37.1%    32.090    22.533   -29.8%
               ('Prefix3', None)     0.889     0.973     9.4%     2.816     2.840     0.9%     4.890     3.116   -36.3%     4.890     3.116   -36.3%    18.963    18.653    -1.6%
                    ('Respell',)    15.781    14.837    -6.0%    24.236    22.767    -6.1%    39.926    25.585   -35.9%    39.926    25.585   -35.9%    54.562    76.657    40.5%
('TermDateTimeSort', 'DateTime')     2.360     2.259    -4.3%     9.236    12.617    36.6%    18.352    33.880    84.6%    18.352    33.880    84.6%    52.739    50.128    -5.0%
              ('Wildcard', None)     5.062     5.195     2.6%     8.939     9.720     8.7%    19.316    18.263    -5.4%    19.316    18.263    -5.4%    47.669    33.532   -29.7%
                 ('range', None)     0.191     0.154   -19.1%     0.615     0.418   -32.0%     0.746     0.830    11.2%     0.746     0.830    11.2%     3.693     0.879   -76.2%
                            Task    QPS armA      StdDev    QPS armK      StdDev                Pct diff p-value
                         LowTerm     2433.98      (1.5%)     2044.85      (1.6%)  -16.0% ( -18% -  -13%) 0.000
                       OrHighLow     1281.61      (2.8%)     1079.95      (8.3%)  -15.7% ( -26% -   -4%) 0.011
                      AndHighLow     2030.99      (3.8%)     1711.86      (0.4%)  -15.7% ( -19% -  -11%) 0.000
                    OrNotHighLow     1514.46      (1.1%)     1296.37      (0.6%)  -14.4% ( -15% -  -12%) 0.000
                         Prefix3     1348.99      (7.1%)     1179.24      (2.7%)  -12.6% ( -20% -   -3%) 0.019
                      AndHighMed      870.85      (4.5%)      768.98      (4.3%)  -11.7% ( -19% -   -3%) 0.008
                   OrHighNotHigh      886.19      (4.7%)      785.89     (15.1%)  -11.3% ( -29% -    8%) 0.312
                       LowPhrase      546.75      (4.3%)      493.76     (26.4%)   -9.7% ( -38% -   22%) 0.609
                   OrNotHighHigh      978.88      (0.3%)      886.15     (12.8%)   -9.5% ( -22% -    3%) 0.297
                    OrHighNotMed      904.20     (13.3%)      818.55     (10.7%)   -9.5% ( -29% -   16%) 0.433
                          IntSet      719.36     (14.6%)      651.98      (5.3%)   -9.4% ( -25% -   12%) 0.393
                    OrHighNotLow     1116.20      (2.7%)     1015.70     (18.9%)   -9.0% ( -29% -   12%) 0.504
                       MedPhrase      324.61      (0.1%)      296.10      (5.6%)   -8.8% ( -14% -   -3%) 0.026
                       OrHighMed      977.66      (1.0%)      894.20      (7.5%)   -8.5% ( -16% -    0%) 0.110
                 LowSloppyPhrase      290.48      (1.0%)      267.74      (2.6%)   -7.8% ( -11% -   -4%) 0.000
                HighSloppyPhrase      150.29      (6.6%)      139.44      (7.4%)   -7.2% ( -19% -    7%) 0.300
           HighTermDayOfYearSort      525.67      (6.1%)      490.51      (9.4%)   -6.7% ( -20% -    9%) 0.398
                  AndMissingHigh     3269.46      (0.9%)     3051.13      (4.5%)   -6.7% ( -11% -   -1%) 0.038
                     LowSpanNear      241.76      (7.8%)      227.30      (2.6%)   -6.0% ( -15% -    4%) 0.305
               HighTermTitleSort      117.46     (11.5%)      110.65      (4.2%)   -5.8% ( -19% -   11%) 0.501
                    OrNotHighMed      922.85      (4.6%)      876.95      (6.1%)   -5.0% ( -14% -    5%) 0.355
             MedIntervalsOrdered       74.36      (0.9%)       71.80      (5.7%)   -3.4% (  -9% -    3%) 0.399
            MedTermDayTaxoFacets       72.31      (4.5%)       69.85      (8.0%)   -3.4% ( -15% -    9%) 0.602
           BrowseMonthTaxoFacets       43.06     (14.1%)       42.06      (6.0%)   -2.3% ( -19% -   20%) 0.830
                        HighTerm     1512.47      (1.6%)     1479.30      (3.0%)   -2.2% (  -6% -    2%) 0.361
                 MedSloppyPhrase      458.55      (2.7%)      448.87      (4.2%)   -2.1% (  -8% -    4%) 0.552
                         MedTerm     1548.95      (3.1%)     1521.99      (2.8%)   -1.7% (  -7% -    4%) 0.561
         AndHighMedDayTaxoFacets       81.23      (1.7%)       79.95      (2.0%)   -1.6% (  -5% -    2%) 0.392
                     AndHighHigh      654.63     (12.2%)      644.87      (5.8%)   -1.5% ( -17% -   18%) 0.876
                     MedSpanNear      203.22      (6.6%)      200.56      (0.5%)   -1.3% (  -7% -    6%) 0.781
            BrowseDateTaxoFacets       14.91      (0.7%)       14.76      (7.3%)   -1.0% (  -9% -    7%) 0.843
                          IntNRQ     1146.84      (2.3%)     1139.25      (5.9%)   -0.7% (  -8% -    7%) 0.882
                        Wildcard      195.93      (2.3%)      195.17      (0.3%)   -0.4% (  -2% -    2%) 0.816
            HighTermTitleBDVSort       56.25      (6.7%)       56.39      (8.6%)    0.3% ( -14% -   16%) 0.973
           BrowseMonthSSDVFacets       15.54      (3.3%)       15.59      (2.4%)    0.3% (  -5% -    6%) 0.925
                        BM25MSM2       48.42      (0.2%)       48.65      (1.8%)    0.5% (  -1% -    2%) 0.703
                      OrHighHigh      477.66      (3.0%)      483.23      (0.8%)    1.2% (  -2% -    5%) 0.596
                    HighSpanNear      165.52      (1.8%)      167.51      (2.6%)    1.2% (  -3% -    5%) 0.587
     BrowseRandomLabelSSDVFacets       11.54      (4.1%)       11.73      (1.0%)    1.6% (  -3% -    7%) 0.593
       BrowseDayOfYearTaxoFacets       15.70      (4.3%)       15.98     (10.4%)    1.8% ( -12% -   17%) 0.825
                      TermDTSort      438.30      (0.5%)      447.47      (1.9%)    2.1% (   0% -    4%) 0.122
                      HighPhrase      241.94      (8.6%)      247.18      (5.7%)    2.2% ( -11% -   18%) 0.767
             LowIntervalsOrdered      129.87      (8.8%)      132.68      (3.9%)    2.2% (  -9% -   16%) 0.751
            HighIntervalsOrdered       58.32      (2.0%)       59.69      (0.4%)    2.4% (   0% -    4%) 0.111
     BrowseRandomLabelTaxoFacets       11.98      (6.7%)       12.35      (3.2%)    3.1% (  -6% -   13%) 0.558
                          Fuzzy1      113.59      (0.7%)      118.73      (5.5%)    4.5% (  -1% -   10%) 0.247
               HighTermMonthSort     1372.23      (2.4%)     1434.41      (2.7%)    4.5% (   0% -    9%) 0.074
                        PKLookup      214.17     (13.6%)      228.07      (2.5%)    6.5% (  -8% -   26%) 0.507
                         Respell       69.08      (5.2%)       73.65      (6.0%)    6.6% (  -4% -   18%) 0.240
            BrowseDateSSDVFacets        2.88      (5.4%)        3.07      (2.0%)    6.6% (   0% -   14%) 0.104
                           range     5845.25      (4.8%)     6290.08      (9.2%)    7.6% (  -6% -   22%) 0.301
       BrowseDayOfYearSSDVFacets       14.97      (7.9%)       16.30      (3.1%)    8.9% (  -2% -   21%) 0.141
                       ConstMSM2     1379.40      (6.4%)     1526.60     (13.7%)   10.7% (  -8% -   32%) 0.319
        AndHighHighDayTaxoFacets       66.59      (3.7%)       73.75      (0.0%)   10.8% (   6% -   14%) 0.000
                          Fuzzy2       73.07      (0.3%)       81.25      (1.7%)   11.2% (   9% -   13%) 0.000
          OrHighMedDayTaxoFacets       34.34      (0.7%)       41.34      (5.5%)   20.4% (  14% -   26%) 0.000
  iter 2
    armK:
      NOTE: using experimental CPU time profiler (see https://mostlynerdless.de/blog/2025/06/11/java-25s-new-cpu-time-profiler-1)
      log: /home/goankur/vsearch/logs/FAK.armK.2 + stdout
      run: /usr/bin/perf stat -dd -e task-clock,cycles,instructions,cache-references,cache-misses,L1-dcache-loads,L1-dcache-load-misses,L1-icache-loads,L1-icache-load-misses,LLC-loads,LLC-load-misses,LLC-stores,LLC-store-misses,LLC-prefetches,LLC-prefetch-misses,faults,minor-faults,major-faults,branches,branch-misses,stalled-cycles-frontend,stalled-cycles-backend /home/goankur/jdk/corretto-25/bin/java -server -Xms2g -Xmx2g --add-modules jdk.incubator.vector -XX:+HeapDumpOnOutOfMemoryError -XX:+UseParallelGC -XX:StartFlightRecording=jdk.CPUTimeSample#enabled=true,dumponexit=true,maxsize=250M,settings=/home/goankur/vsearch/util/src/python/profiling.jfc,filename=/home/goankur/vsearch/logs/bench-search-FAK-armK-2.jfr -XX:+UnlockDiagnosticVMOptions -XX:+DebugNonSafepoints -classpath /home/goankur/vsearch/bo/lucene-K/lucene/core/build/libs/lucene-core-11.0.0-SNAPSHOT.jar:/home/goankur/vsearch/bo/lucene-K/lucene/sandbox/build/classes/java/main:/home/goankur/vsearch/bo/lucene-K/lucene/misc/build/classes/java/main:/home/goankur/vsearch/bo/lucene-K/lucene/facet/build/classes/java/main:/home/goankur/vsearch/bo/lucene-K/lucene/analysis/common/build/classes/java/main:/home/goankur/vsearch/bo/lucene-K/lucene/analysis/icu/build/classes/java/main:/home/goankur/vsearch/bo/lucene-K/lucene/queryparser/build/classes/java/main:/home/goankur/vsearch/bo/lucene-K/lucene/grouping/build/classes/java/main:/home/goankur/vsearch/bo/lucene-K/lucene/suggest/build/classes/java/main:/home/goankur/vsearch/bo/lucene-K/lucene/highlighter/build/classes/java/main:/home/goankur/vsearch/bo/lucene-K/lucene/codecs/build/classes/java/main:/home/goankur/vsearch/bo/lucene-K/lucene/queries/build/classes/java/main:/home/goankur/vsearch/bo/lucene-K/lucene/join/build/classes/java/main:/home/goankur/vsearch/bo/lucene-K/lucene/spatial3d/build/classes/java/main:/home/goankur/vsearch/util/lib/HdrHistogram.jar:/home/goankur/vsearch/util/src/main/build/classes/java/main:/home/goankur/vsearch/util/build perf.SearchPerfTest -dirImpl MMapDirectory -indexPath /home/goankur/vsearch/indices/wikimedium10m.lucene-A.facets.taxonomy:Date.taxonomy:Month.taxonomy:DayOfYear.sortedset:Date.sortedset:Month.sortedset:DayOfYear.taxonomy:RandomLabel.sortedset:RandomLabel.Lucene90.Lucene104.dvfields.nd10M -facets taxonomy:Date;Date -facets taxonomy:Month;Month -facets taxonomy:DayOfYear;DayOfYear -facets sortedset:Date;Date -facets sortedset:Month;Month -facets sortedset:DayOfYear;DayOfYear -facets taxonomy:RandomLabel;RandomLabel -facets sortedset:RandomLabel;RandomLabel -analyzer StandardAnalyzer -taskSource /home/goankur/vsearch/util/tasks/wikimedium.10M.nostopwords.tasks -numConcurrentQueries 5 -taskRepeatCount 20 -field body -tasksPerCat 1 -searchConcurrency -1 -staticSeed 7331 -seed -468947 -similarity BM25Similarity -commit multi -hiliteImpl FastVectorHighlighter -log /home/goankur/vsearch/logs/FAK.armK.2 -topN 100 -context  -pk -pollute
      9.2 s
      243.3 actual sustained QPS; -1.0 CPU cores used
    armA:
      NOTE: using experimental CPU time profiler (see https://mostlynerdless.de/blog/2025/06/11/java-25s-new-cpu-time-profiler-1)
      log: /home/goankur/vsearch/logs/FAK.armA.2 + stdout
      run: /usr/bin/perf stat -dd -e task-clock,cycles,instructions,cache-references,cache-misses,L1-dcache-loads,L1-dcache-load-misses,L1-icache-loads,L1-icache-load-misses,LLC-loads,LLC-load-misses,LLC-stores,LLC-store-misses,LLC-prefetches,LLC-prefetch-misses,faults,minor-faults,major-faults,branches,branch-misses,stalled-cycles-frontend,stalled-cycles-backend /home/goankur/jdk/corretto-25/bin/java -server -Xms2g -Xmx2g --add-modules jdk.incubator.vector -XX:+HeapDumpOnOutOfMemoryError -XX:+UseParallelGC -XX:StartFlightRecording=jdk.CPUTimeSample#enabled=true,dumponexit=true,maxsize=250M,settings=/home/goankur/vsearch/util/src/python/profiling.jfc,filename=/home/goankur/vsearch/logs/bench-search-FAK-armA-2.jfr -XX:+UnlockDiagnosticVMOptions -XX:+DebugNonSafepoints -classpath /home/goankur/vsearch/bo/lucene-A/lucene/core/build/libs/lucene-core-11.0.0-SNAPSHOT.jar:/home/goankur/vsearch/bo/lucene-A/lucene/sandbox/build/classes/java/main:/home/goankur/vsearch/bo/lucene-A/lucene/misc/build/classes/java/main:/home/goankur/vsearch/bo/lucene-A/lucene/facet/build/classes/java/main:/home/goankur/vsearch/bo/lucene-A/lucene/analysis/common/build/classes/java/main:/home/goankur/vsearch/bo/lucene-A/lucene/analysis/icu/build/classes/java/main:/home/goankur/vsearch/bo/lucene-A/lucene/queryparser/build/classes/java/main:/home/goankur/vsearch/bo/lucene-A/lucene/grouping/build/classes/java/main:/home/goankur/vsearch/bo/lucene-A/lucene/suggest/build/classes/java/main:/home/goankur/vsearch/bo/lucene-A/lucene/highlighter/build/classes/java/main:/home/goankur/vsearch/bo/lucene-A/lucene/codecs/build/classes/java/main:/home/goankur/vsearch/bo/lucene-A/lucene/queries/build/classes/java/main:/home/goankur/vsearch/bo/lucene-A/lucene/join/build/classes/java/main:/home/goankur/vsearch/bo/lucene-A/lucene/spatial3d/build/classes/java/main:/home/goankur/vsearch/util/lib/HdrHistogram.jar:/home/goankur/vsearch/util/src/main/build/classes/java/main:/home/goankur/vsearch/util/build perf.SearchPerfTest -dirImpl MMapDirectory -indexPath /home/goankur/vsearch/indices/wikimedium10m.lucene-A.facets.taxonomy:Date.taxonomy:Month.taxonomy:DayOfYear.sortedset:Date.sortedset:Month.sortedset:DayOfYear.taxonomy:RandomLabel.sortedset:RandomLabel.Lucene90.Lucene104.dvfields.nd10M -facets taxonomy:Date;Date -facets taxonomy:Month;Month -facets taxonomy:DayOfYear;DayOfYear -facets sortedset:Date;Date -facets sortedset:Month;Month -facets sortedset:DayOfYear;DayOfYear -facets taxonomy:RandomLabel;RandomLabel -facets sortedset:RandomLabel;RandomLabel -analyzer StandardAnalyzer -taskSource /home/goankur/vsearch/util/tasks/wikimedium.10M.nostopwords.tasks -numConcurrentQueries 5 -taskRepeatCount 20 -field body -tasksPerCat 1 -searchConcurrency -1 -staticSeed 7331 -seed -468947 -similarity BM25Similarity -commit multi -hiliteImpl FastVectorHighlighter -log /home/goankur/vsearch/logs/FAK.armA.2 -topN 100 -context  -pk -pollute
      9.4 s
      233.7 actual sustained QPS; -1.0 CPU cores used

Report after iter 2:
QPSChart.supported == False
                            Task     P50 B     P50 C     Diff     P90 B     P90 C     Diff     P99 B     P99 C     Diff    P999 B    P999 C     Diff    P100 B    P100 C     Diff
           ('AndHighHigh', None)     1.774     1.659    -6.5%     4.815     3.894   -19.1%     5.690    11.230    97.4%     5.690    11.230    97.4%    42.621    65.869    54.5%
('AndHighHighDayTaxoFacets', None)    14.830    15.505     4.6%    23.182    33.154    43.0%    34.652    39.419    13.8%    34.652    39.419    13.8%    83.812    68.896   -17.8%
            ('AndHighLow', None)     0.415     0.582    40.3%     1.426     1.772    24.3%     1.457     3.348   129.7%     1.457     3.348   129.7%     1.932     5.032   160.5%
            ('AndHighMed', None)     1.246     1.296     4.0%     4.584     2.944   -35.8%     4.736     2.978   -37.1%     4.736     2.978   -37.1%    22.326    20.008   -10.4%
('AndHighMedDayTaxoFacets', None)    12.906    13.530     4.8%    19.798    24.722    24.9%    23.031    29.908    29.9%    23.031    29.908    29.9%    87.353    68.457   -21.6%
     ('AndMissingHigh', 'Title')     0.340     0.334    -1.9%     0.669     0.913    36.5%     3.245     0.995   -69.3%     3.245     0.995   -69.3%     9.408     2.040   -78.3%
              ('BM25MSM2', None)    26.449    22.716   -14.1%    37.387    35.283    -5.6%    54.680    38.655   -29.3%    54.680    38.655   -29.3%   192.801   193.859     0.5%
  ('BrowseDateSSDVFacets', None)   376.319   341.045    -9.4%   453.204   389.163   -14.1%   494.678   398.067   -19.5%   494.678   398.067   -19.5%   558.423   462.652   -17.2%
  ('BrowseDateTaxoFacets', None)    66.038    63.228    -4.3%    74.667    82.042     9.9%    78.452    87.919    12.1%    78.452    87.919    12.1%    82.383    91.955    11.6%
('BrowseDayOfYearSSDVFacets', None)    66.185    73.030    10.3%    82.550    87.292     5.7%    82.628   117.572    42.3%    82.628   117.572    42.3%   126.916   135.027     6.4%
('BrowseDayOfYearTaxoFacets', None)    63.531    60.707    -4.4%    77.412    70.202    -9.3%    78.591    76.872    -2.2%    78.591    76.872    -2.2%    83.684    80.233    -4.1%
 ('BrowseMonthSSDVFacets', None)    62.759    67.024     6.8%    83.610    89.216     6.7%    93.536    98.432     5.2%    93.536    98.432     5.2%   119.781   166.313    38.8%
 ('BrowseMonthTaxoFacets', None)    24.733    24.093    -2.6%    31.657    30.980    -2.1%    71.972    67.727    -5.9%    71.972    67.727    -5.9%   111.306   139.257    25.1%
('BrowseRandomLabelSSDVFacets', None)    82.017    91.294    11.3%   112.416   119.780     6.6%   161.163   137.047   -15.0%   161.163   137.047   -15.0%   299.301   367.494    22.8%
('BrowseRandomLabelTaxoFacets', None)    80.384    83.569     4.0%   100.021   100.482     0.5%   119.197   113.959    -4.4%   119.197   113.959    -4.4%   357.684   324.097    -9.4%
             ('ConstMSM2', None)     0.632     0.606    -4.1%     2.054     3.224    57.0%     4.959     4.578    -7.7%     4.959     4.578    -7.7%    29.713    53.275    79.3%
                ('Fuzzy1', None)     9.231     9.605     4.1%    15.304    21.690    41.7%    29.056    28.747    -1.1%    29.056    28.747    -1.1%    31.436    62.518    98.9%
                ('Fuzzy2', None)    11.849    13.934    17.6%    21.550    25.446    18.1%    57.989    48.127   -17.0%    57.989    48.127   -17.0%   172.621   157.046    -9.0%
  ('HighIntervalsOrdered', None)    16.071    16.552     3.0%    32.953    33.832     2.7%    38.645    33.839   -12.4%    38.645    33.839   -12.4%   256.250   252.438    -1.5%
            ('HighPhrase', None)     4.035     4.958    22.9%     8.973    11.190    24.7%    11.973    21.974    83.5%    11.973    21.974    83.5%    59.213    61.487     3.8%
      ('HighSloppyPhrase', None)     6.877     6.666    -3.1%    16.047    16.878     5.2%    17.168    27.857    62.3%    17.168    27.857    62.3%    72.679   135.144    85.9%
          ('HighSpanNear', None)     5.985     6.246     4.4%    14.427    12.681   -12.1%    14.453    15.310     5.9%    14.453    15.310     5.9%    25.421    19.245   -24.3%
              ('HighTerm', None)     0.662     0.855    29.1%     1.571     1.975    25.7%     2.111     4.231   100.5%     2.111     4.231   100.5%     3.278     7.909   141.3%
('HighTermDayOfYearSort', 'DayOfYear')     1.869     1.990     6.5%    11.046     6.740   -39.0%    47.113    10.641   -77.4%    47.113    10.641   -77.4%    48.330    16.194   -66.5%
  ('HighTermMonthSort', 'Month')     0.759     0.741    -2.4%     1.485     1.804    21.4%     4.459     2.383   -46.6%     4.459     2.383   -46.6%    28.317    16.329   -42.3%
('HighTermTitleBDVSort', 'TitleBinary')    21.289    18.451   -13.3%    35.247    37.714     7.0%    43.437    41.946    -3.4%    43.437    41.946    -3.4%    68.750    99.981    45.4%
  ('HighTermTitleSort', 'Title')     8.446     9.534    12.9%    32.453    30.177    -7.0%    43.673    50.552    15.8%    43.673    50.552    15.8%    96.021    92.202    -4.0%
                ('IntNRQ', None)     0.874     1.065    21.8%     4.834    11.805   144.2%    56.407    23.661   -58.1%    56.407    23.661   -58.1%   105.727    82.312   -22.1%
                ('IntSet', None)     1.842     1.398   -24.1%     7.303     5.164   -29.3%     7.807     6.907   -11.5%     7.807     6.907   -11.5%    38.441    77.329   101.2%
   ('LowIntervalsOrdered', None)     7.385     7.441     0.8%    14.449    18.812    30.2%    18.568    22.634    21.9%    18.568    22.634    21.9%    41.701    54.024    29.6%
             ('LowPhrase', None)     1.664     1.945    16.8%    12.427     8.406   -32.4%    15.648    10.711   -31.5%    15.648    10.711   -31.5%    16.294    11.628   -28.6%
       ('LowSloppyPhrase', None)     4.610     4.690     1.7%    14.267    13.021    -8.7%    19.876    16.589   -16.5%    19.876    16.589   -16.5%    35.536    34.759    -2.2%
           ('LowSpanNear', None)     4.686     4.871     4.0%    11.532    10.616    -7.9%    15.817    14.975    -5.3%    15.817    14.975    -5.3%    32.938    27.821   -15.5%
               ('LowTerm', None)     0.411     0.484    17.7%     0.908     1.194    31.5%     1.006     1.237    23.0%     1.006     1.237    23.0%     5.294    17.986   239.7%
   ('MedIntervalsOrdered', None)    16.203    15.823    -2.3%    22.338    29.245    30.9%    27.966    34.542    23.5%    27.966    34.542    23.5%    45.723    35.537   -22.3%
             ('MedPhrase', None)     3.181     3.217     1.1%     7.205     8.193    13.7%    11.406    11.180    -2.0%    11.406    11.180    -2.0%    31.942    27.939   -12.5%
       ('MedSloppyPhrase', None)     2.242     3.852    71.8%     8.751     8.384    -4.2%    10.438     9.947    -4.7%    10.438     9.947    -4.7%    36.815    26.099   -29.1%
           ('MedSpanNear', None)     4.940     4.922    -0.4%    11.412    11.544     1.2%    12.140    15.400    26.8%    12.140    15.400    26.8%   138.085   134.494    -2.6%
               ('MedTerm', None)     0.626     0.747    19.3%     3.231     1.795   -44.4%     4.007     2.663   -33.5%     4.007     2.663   -33.5%     4.125     3.516   -14.8%
  ('MedTermDayTaxoFacets', None)    14.840    15.594     5.1%    20.252    40.813   101.5%    52.134    59.951    15.0%    52.134    59.951    15.0%   189.695   146.237   -22.9%
            ('OrHighHigh', None)     1.998     2.133     6.8%     4.308     9.308   116.1%     4.468    10.260   129.6%     4.468    10.260   129.6%    79.967    56.367   -29.5%
             ('OrHighLow', None)     0.787     0.997    26.6%     1.524     2.287    50.1%     7.150     5.559   -22.3%     7.150     5.559   -22.3%   136.184   137.367     0.9%
             ('OrHighMed', None)     1.323     1.409     6.5%     3.216     5.104    58.7%    10.093     5.292   -47.6%    10.093     5.292   -47.6%   110.068   113.577     3.2%
('OrHighMedDayTaxoFacets', None)    26.314    28.114     6.8%    40.254    42.393     5.3%    77.911   153.769    97.4%    77.911   153.769    97.4%   217.990   212.852    -2.4%
         ('OrHighNotHigh', None)     1.580     1.389   -12.1%     5.218    11.441   119.3%    10.329    12.475    20.8%    10.329    12.475    20.8%    10.995    16.285    48.1%
          ('OrHighNotLow', None)     0.963     0.971     0.8%     3.623     7.277   100.9%     3.892    10.629   173.1%     3.892    10.629   173.1%    14.576    12.654   -13.2%
          ('OrHighNotMed', None)     1.142     1.181     3.5%     2.632     4.184    59.0%     6.073    19.190   216.0%     6.073    19.190   216.0%    21.841    21.806    -0.2%
         ('OrNotHighHigh', None)     1.156     1.206     4.3%     3.159     4.630    46.6%     3.627    10.971   202.5%     3.627    10.971   202.5%    18.781    20.727    10.4%
          ('OrNotHighLow', None)     0.764     0.848    11.0%     2.237     1.753   -21.6%     2.776     3.722    34.1%     2.776     3.722    34.1%     4.218    13.843   228.2%
          ('OrNotHighMed', None)     1.125     1.456    29.4%     4.030     5.526    37.1%     4.806     6.759    40.6%     4.806     6.759    40.6%    19.078    13.223   -30.7%
                   ('PKLookup',)     5.197     5.371     3.3%     9.655     9.216    -4.5%    11.367    16.549    45.6%    11.367    16.549    45.6%    22.670    52.633   132.2%
               ('Prefix3', None)     0.878     1.250    42.3%     2.226     3.196    43.6%     4.046     3.223   -20.3%     4.046     3.223   -20.3%    90.822   114.996    26.6%
                    ('Respell',)    13.598    16.101    18.4%    21.620    24.195    11.9%    33.961    30.654    -9.7%    33.961    30.654    -9.7%    40.189    34.193   -14.9%
('TermDateTimeSort', 'DateTime')     2.122     2.313     9.0%     4.610     6.416    39.2%    47.139     6.449   -86.3%    47.139     6.449   -86.3%   151.337   111.652   -26.2%
              ('Wildcard', None)     5.521     5.048    -8.6%    13.618    13.135    -3.5%    24.325    15.125   -37.8%    24.325    15.125   -37.8%    86.867    72.637   -16.4%
                 ('range', None)     0.172     0.188     9.0%     0.569     0.407   -28.4%     0.617     0.560    -9.2%     0.617     0.560    -9.2%     0.875     0.598   -31.6%
                            Task    QPS armA      StdDev    QPS armK      StdDev                Pct diff p-value
                      AndHighLow     2173.41     (11.6%)     1753.66      (3.3%)  -19.3% ( -30% -   -4%) 0.006
                         LowTerm     2542.67      (7.5%)     2091.68      (3.4%)  -17.7% ( -26% -   -7%) 0.000
                       OrHighLow     1284.99      (2.1%)     1079.08      (5.9%)  -16.0% ( -23% -   -8%) 0.000
                    OrNotHighLow     1467.75      (5.6%)     1293.09      (0.6%)  -11.9% ( -17% -   -6%) 0.000
                         Prefix3     1362.86      (5.3%)     1202.92      (3.6%)  -11.7% ( -19% -   -3%) 0.001
                 MedSloppyPhrase      454.79      (2.4%)      404.07     (17.3%)  -11.2% ( -30% -    8%) 0.269
                       LowPhrase      574.23      (8.8%)      515.52     (19.0%)  -10.2% ( -34% -   19%) 0.397
                   OrNotHighHigh      984.67      (1.0%)      894.29      (9.1%)   -9.2% ( -19% -    1%) 0.084
                      AndHighMed      868.86      (3.2%)      799.63      (6.8%)   -8.0% ( -17% -    2%) 0.067
                       OrHighMed      931.89      (8.5%)      858.07      (8.7%)   -7.9% ( -23% -   10%) 0.261
                    OrHighNotLow     1114.77      (1.9%)     1027.66     (13.5%)   -7.8% ( -22% -    7%) 0.320
                         MedTerm     1587.40      (4.7%)     1474.41      (5.6%)   -7.1% ( -16% -    3%) 0.091
                       MedPhrase      325.02      (0.2%)      302.24      (5.1%)   -7.0% ( -12% -   -1%) 0.018
            MedTermDayTaxoFacets       73.22      (3.8%)       68.16      (6.9%)   -6.9% ( -16% -    3%) 0.128
                    OrNotHighMed      912.95      (3.8%)      851.46      (6.5%)   -6.7% ( -16% -    3%) 0.120
                   OrHighNotHigh      824.00     (13.6%)      773.21     (11.8%)   -6.2% ( -27% -   22%) 0.553
                     LowSpanNear      240.05      (5.7%)      225.76      (2.2%)   -6.0% ( -13% -    2%) 0.091
                          IntNRQ     1178.40      (4.9%)     1111.35      (5.8%)   -5.7% ( -15% -    5%) 0.192
           HighTermDayOfYearSort      538.15      (5.8%)      509.98      (9.0%)   -5.2% ( -18% -   10%) 0.398
               HighTermTitleSort      118.50      (8.2%)      112.47      (4.0%)   -5.1% ( -15% -    7%) 0.331
                    OrHighNotMed      914.53      (9.5%)      869.25     (12.2%)   -5.0% ( -24% -   18%) 0.579
                        HighTerm     1521.73      (1.5%)     1448.97      (4.0%)   -4.8% ( -10% -    0%) 0.056
                HighSloppyPhrase      149.92      (4.7%)      144.57      (7.9%)   -3.6% ( -15% -    9%) 0.500
                  AndMissingHigh     3180.79      (4.9%)     3082.39      (3.7%)   -3.1% ( -11% -    5%) 0.380
                 LowSloppyPhrase      274.81      (9.9%)      267.20      (2.0%)   -2.8% ( -13% -   10%) 0.635
         AndHighMedDayTaxoFacets       81.03      (1.3%)       79.48      (1.7%)   -1.9% (  -4% -    1%) 0.122
     BrowseRandomLabelSSDVFacets       11.81      (4.9%)       11.59      (2.1%)   -1.9% (  -8% -    5%) 0.542
                     AndHighHigh      647.36      (8.9%)      636.83      (4.7%)   -1.6% ( -13% -   13%) 0.780
                      OrHighHigh      489.78      (4.8%)      481.86      (0.7%)   -1.6% (  -6% -    4%) 0.561
                     MedSpanNear      205.47      (5.0%)      202.60      (1.8%)   -1.4% (  -7% -    5%) 0.649
                         Respell       70.78      (5.5%)       69.92     (10.0%)   -1.2% ( -15% -   15%) 0.853
            BrowseDateTaxoFacets       15.02      (1.3%)       14.96      (5.7%)   -0.4% (  -7% -    6%) 0.912
                      TermDTSort      450.92      (4.9%)      449.27      (1.5%)   -0.4% (  -6% -    6%) 0.901
                    HighSpanNear      166.59      (1.7%)      166.20      (2.3%)   -0.2% (  -4% -    3%) 0.884
                          Fuzzy1      116.27      (4.0%)      116.05      (5.5%)   -0.2% (  -9% -    9%) 0.962
             MedIntervalsOrdered       70.81      (8.7%)       70.72      (5.0%)   -0.1% ( -12% -   14%) 0.982
                        Wildcard      197.02      (1.9%)      196.95      (1.6%)   -0.0% (  -3% -    3%) 0.981
                          IntSet      682.72     (14.3%)      682.84      (8.8%)    0.0% ( -20% -   26%) 0.999
           BrowseMonthTaxoFacets       42.23     (10.8%)       42.29      (4.4%)    0.1% ( -13% -   17%) 0.984
            HighIntervalsOrdered       59.72      (4.3%)       60.16      (1.4%)    0.7% (  -4% -    6%) 0.777
                      HighPhrase      247.10      (7.0%)      249.84      (4.4%)    1.1% (  -9% -   13%) 0.815
           BrowseMonthSSDVFacets       15.75      (3.2%)       15.93      (4.1%)    1.1% (  -6% -    8%) 0.706
             LowIntervalsOrdered      132.24      (6.9%)      134.08      (3.3%)    1.4% (  -8% -   12%) 0.752
                          Fuzzy2       77.51      (9.9%)       78.65      (5.9%)    1.5% ( -13% -   19%) 0.825
     BrowseRandomLabelTaxoFacets       12.18      (5.5%)       12.40      (2.4%)    1.8% (  -5% -   10%) 0.607
            HighTermTitleBDVSort       54.84      (6.6%)       56.01      (6.4%)    2.1% ( -10% -   16%) 0.686
                           range     5881.51      (3.5%)     6013.65     (10.4%)    2.2% ( -11% -   16%) 0.723
       BrowseDayOfYearSSDVFacets       15.28      (6.5%)       15.63      (7.8%)    2.3% ( -11% -   17%) 0.698
       BrowseDayOfYearTaxoFacets       15.79      (3.1%)       16.15      (7.6%)    2.3% (  -8% -   13%) 0.626
                        BM25MSM2       47.50      (3.3%)       48.81      (1.4%)    2.7% (  -1% -    7%) 0.190
                        PKLookup      212.11      (9.9%)      218.43      (8.1%)    3.0% ( -13% -   23%) 0.685
               HighTermMonthSort     1387.01      (2.5%)     1443.85      (2.2%)    4.1% (   0% -    9%) 0.033
        AndHighHighDayTaxoFacets       67.64      (3.7%)       71.32      (6.2%)    5.4% (  -4% -   15%) 0.194
                       ConstMSM2     1469.52     (11.4%)     1583.76     (11.3%)    7.8% ( -13% -   34%) 0.403
            BrowseDateSSDVFacets        2.81      (5.8%)        3.05      (2.1%)    8.4% (   0% -   17%) 0.018
          OrHighMedDayTaxoFacets       37.19     (13.3%)       40.62      (4.9%)    9.2% (  -7% -   31%) 0.259
  iter 3
    armA:
      NOTE: using experimental CPU time profiler (see https://mostlynerdless.de/blog/2025/06/11/java-25s-new-cpu-time-profiler-1)
      log: /home/goankur/vsearch/logs/FAK.armA.3 + stdout
      run: /usr/bin/perf stat -dd -e task-clock,cycles,instructions,cache-references,cache-misses,L1-dcache-loads,L1-dcache-load-misses,L1-icache-loads,L1-icache-load-misses,LLC-loads,LLC-load-misses,LLC-stores,LLC-store-misses,LLC-prefetches,LLC-prefetch-misses,faults,minor-faults,major-faults,branches,branch-misses,stalled-cycles-frontend,stalled-cycles-backend /home/goankur/jdk/corretto-25/bin/java -server -Xms2g -Xmx2g --add-modules jdk.incubator.vector -XX:+HeapDumpOnOutOfMemoryError -XX:+UseParallelGC -XX:StartFlightRecording=jdk.CPUTimeSample#enabled=true,dumponexit=true,maxsize=250M,settings=/home/goankur/vsearch/util/src/python/profiling.jfc,filename=/home/goankur/vsearch/logs/bench-search-FAK-armA-3.jfr -XX:+UnlockDiagnosticVMOptions -XX:+DebugNonSafepoints -classpath /home/goankur/vsearch/bo/lucene-A/lucene/core/build/libs/lucene-core-11.0.0-SNAPSHOT.jar:/home/goankur/vsearch/bo/lucene-A/lucene/sandbox/build/classes/java/main:/home/goankur/vsearch/bo/lucene-A/lucene/misc/build/classes/java/main:/home/goankur/vsearch/bo/lucene-A/lucene/facet/build/classes/java/main:/home/goankur/vsearch/bo/lucene-A/lucene/analysis/common/build/classes/java/main:/home/goankur/vsearch/bo/lucene-A/lucene/analysis/icu/build/classes/java/main:/home/goankur/vsearch/bo/lucene-A/lucene/queryparser/build/classes/java/main:/home/goankur/vsearch/bo/lucene-A/lucene/grouping/build/classes/java/main:/home/goankur/vsearch/bo/lucene-A/lucene/suggest/build/classes/java/main:/home/goankur/vsearch/bo/lucene-A/lucene/highlighter/build/classes/java/main:/home/goankur/vsearch/bo/lucene-A/lucene/codecs/build/classes/java/main:/home/goankur/vsearch/bo/lucene-A/lucene/queries/build/classes/java/main:/home/goankur/vsearch/bo/lucene-A/lucene/join/build/classes/java/main:/home/goankur/vsearch/bo/lucene-A/lucene/spatial3d/build/classes/java/main:/home/goankur/vsearch/util/lib/HdrHistogram.jar:/home/goankur/vsearch/util/src/main/build/classes/java/main:/home/goankur/vsearch/util/build perf.SearchPerfTest -dirImpl MMapDirectory -indexPath /home/goankur/vsearch/indices/wikimedium10m.lucene-A.facets.taxonomy:Date.taxonomy:Month.taxonomy:DayOfYear.sortedset:Date.sortedset:Month.sortedset:DayOfYear.taxonomy:RandomLabel.sortedset:RandomLabel.Lucene90.Lucene104.dvfields.nd10M -facets taxonomy:Date;Date -facets taxonomy:Month;Month -facets taxonomy:DayOfYear;DayOfYear -facets sortedset:Date;Date -facets sortedset:Month;Month -facets sortedset:DayOfYear;DayOfYear -facets taxonomy:RandomLabel;RandomLabel -facets sortedset:RandomLabel;RandomLabel -analyzer StandardAnalyzer -taskSource /home/goankur/vsearch/util/tasks/wikimedium.10M.nostopwords.tasks -numConcurrentQueries 5 -taskRepeatCount 20 -field body -tasksPerCat 1 -searchConcurrency -1 -staticSeed 7331 -seed -8383747 -similarity BM25Similarity -commit multi -hiliteImpl FastVectorHighlighter -log /home/goankur/vsearch/logs/FAK.armA.3 -topN 100 -context  -pk -pollute
      9.2 s
      266.2 actual sustained QPS; -1.0 CPU cores used
    armK:
      NOTE: using experimental CPU time profiler (see https://mostlynerdless.de/blog/2025/06/11/java-25s-new-cpu-time-profiler-1)
      log: /home/goankur/vsearch/logs/FAK.armK.3 + stdout
      run: /usr/bin/perf stat -dd -e task-clock,cycles,instructions,cache-references,cache-misses,L1-dcache-loads,L1-dcache-load-misses,L1-icache-loads,L1-icache-load-misses,LLC-loads,LLC-load-misses,LLC-stores,LLC-store-misses,LLC-prefetches,LLC-prefetch-misses,faults,minor-faults,major-faults,branches,branch-misses,stalled-cycles-frontend,stalled-cycles-backend /home/goankur/jdk/corretto-25/bin/java -server -Xms2g -Xmx2g --add-modules jdk.incubator.vector -XX:+HeapDumpOnOutOfMemoryError -XX:+UseParallelGC -XX:StartFlightRecording=jdk.CPUTimeSample#enabled=true,dumponexit=true,maxsize=250M,settings=/home/goankur/vsearch/util/src/python/profiling.jfc,filename=/home/goankur/vsearch/logs/bench-search-FAK-armK-3.jfr -XX:+UnlockDiagnosticVMOptions -XX:+DebugNonSafepoints -classpath /home/goankur/vsearch/bo/lucene-K/lucene/core/build/libs/lucene-core-11.0.0-SNAPSHOT.jar:/home/goankur/vsearch/bo/lucene-K/lucene/sandbox/build/classes/java/main:/home/goankur/vsearch/bo/lucene-K/lucene/misc/build/classes/java/main:/home/goankur/vsearch/bo/lucene-K/lucene/facet/build/classes/java/main:/home/goankur/vsearch/bo/lucene-K/lucene/analysis/common/build/classes/java/main:/home/goankur/vsearch/bo/lucene-K/lucene/analysis/icu/build/classes/java/main:/home/goankur/vsearch/bo/lucene-K/lucene/queryparser/build/classes/java/main:/home/goankur/vsearch/bo/lucene-K/lucene/grouping/build/classes/java/main:/home/goankur/vsearch/bo/lucene-K/lucene/suggest/build/classes/java/main:/home/goankur/vsearch/bo/lucene-K/lucene/highlighter/build/classes/java/main:/home/goankur/vsearch/bo/lucene-K/lucene/codecs/build/classes/java/main:/home/goankur/vsearch/bo/lucene-K/lucene/queries/build/classes/java/main:/home/goankur/vsearch/bo/lucene-K/lucene/join/build/classes/java/main:/home/goankur/vsearch/bo/lucene-K/lucene/spatial3d/build/classes/java/main:/home/goankur/vsearch/util/lib/HdrHistogram.jar:/home/goankur/vsearch/util/src/main/build/classes/java/main:/home/goankur/vsearch/util/build perf.SearchPerfTest -dirImpl MMapDirectory -indexPath /home/goankur/vsearch/indices/wikimedium10m.lucene-A.facets.taxonomy:Date.taxonomy:Month.taxonomy:DayOfYear.sortedset:Date.sortedset:Month.sortedset:DayOfYear.taxonomy:RandomLabel.sortedset:RandomLabel.Lucene90.Lucene104.dvfields.nd10M -facets taxonomy:Date;Date -facets taxonomy:Month;Month -facets taxonomy:DayOfYear;DayOfYear -facets sortedset:Date;Date -facets sortedset:Month;Month -facets sortedset:DayOfYear;DayOfYear -facets taxonomy:RandomLabel;RandomLabel -facets sortedset:RandomLabel;RandomLabel -analyzer StandardAnalyzer -taskSource /home/goankur/vsearch/util/tasks/wikimedium.10M.nostopwords.tasks -numConcurrentQueries 5 -taskRepeatCount 20 -field body -tasksPerCat 1 -searchConcurrency -1 -staticSeed 7331 -seed -8383747 -similarity BM25Similarity -commit multi -hiliteImpl FastVectorHighlighter -log /home/goankur/vsearch/logs/FAK.armK.3 -topN 100 -context  -pk -pollute
      9.0 s
      258.6 actual sustained QPS; -1.0 CPU cores used

Report after iter 3:
QPSChart.supported == False
                            Task     P50 B     P50 C     Diff     P90 B     P90 C     Diff     P99 B     P99 C     Diff    P999 B    P999 C     Diff    P100 B    P100 C     Diff
           ('AndHighHigh', None)     2.051     1.671   -18.5%     7.179     4.661   -35.1%    19.911    19.403    -2.5%    19.911    19.403    -2.5%    56.436    80.102    41.9%
('AndHighHighDayTaxoFacets', None)    14.511    16.097    10.9%    24.626    21.413   -13.0%    33.769    35.340     4.7%    33.769    35.340     4.7%   159.332   155.327    -2.5%
            ('AndHighLow', None)     0.468     0.580    23.9%     1.806     2.243    24.2%     3.316     3.664    10.5%     3.316     3.664    10.5%    11.444    26.599   132.4%
            ('AndHighMed', None)     1.294     1.328     2.7%     2.608     3.700    41.9%     3.884     5.031    29.5%     3.884     5.031    29.5%   104.073   122.397    17.6%
('AndHighMedDayTaxoFacets', None)    13.085    12.316    -5.9%    20.630    16.947   -17.9%    20.993    18.352   -12.6%    20.993    18.352   -12.6%    55.563    68.395    23.1%
     ('AndMissingHigh', 'Title')     0.328     0.323    -1.5%     0.695     0.730     5.0%     1.011     0.844   -16.5%     1.011     0.844   -16.5%    16.424    16.135    -1.8%
              ('BM25MSM2', None)    21.084    21.295     1.0%    33.932    32.373    -4.6%    37.337    34.524    -7.5%    37.337    34.524    -7.5%   140.742   205.105    45.7%
  ('BrowseDateSSDVFacets', None)   336.223   333.103    -0.9%   402.458   374.244    -7.0%   408.319   477.223    16.9%   408.319   477.223    16.9%   496.576   568.114    14.4%
  ('BrowseDateTaxoFacets', None)    67.029    63.407    -5.4%    78.393    73.460    -6.3%    79.998    76.257    -4.7%    79.998    76.257    -4.7%    88.853    92.413     4.0%
('BrowseDayOfYearSSDVFacets', None)    62.182    64.816     4.2%    88.446    85.174    -3.7%    91.251    87.367    -4.3%    91.251    87.367    -4.3%   138.800   126.375    -9.0%
('BrowseDayOfYearTaxoFacets', None)    63.493    66.768     5.2%    77.635    77.669     0.0%    82.365    78.358    -4.9%    82.365    78.358    -4.9%    83.036   118.951    43.3%
 ('BrowseMonthSSDVFacets', None)    64.581    65.475     1.4%    84.799    82.449    -2.8%    86.881    87.110     0.3%    86.881    87.110     0.3%   228.308   200.213   -12.3%
 ('BrowseMonthTaxoFacets', None)    26.789    23.890   -10.8%    72.428    75.143     3.7%    82.140    78.025    -5.0%    82.140    78.025    -5.0%   325.274   284.601   -12.5%
('BrowseRandomLabelSSDVFacets', None)    93.489    98.558     5.4%   127.758   108.293   -15.2%   184.121   133.064   -27.7%   184.121   133.064   -27.7%   232.339   245.516     5.7%
('BrowseRandomLabelTaxoFacets', None)    88.611    76.707   -13.4%   106.845   101.002    -5.5%   117.949   101.672   -13.8%   117.949   101.672   -13.8%   367.500   348.390    -5.2%
             ('ConstMSM2', None)     0.682     0.735     7.8%     2.756     2.800     1.6%     5.792     8.533    47.3%     5.792     8.533    47.3%    34.762    15.990   -54.0%
                ('Fuzzy1', None)     9.218     9.079    -1.5%    14.264    14.941     4.7%    31.379    31.877     1.6%    31.379    31.877     1.6%   171.442   248.599    45.0%
                ('Fuzzy2', None)    13.624    14.820     8.8%    23.946    31.666    32.2%    51.616    35.723   -30.8%    51.616    35.723   -30.8%    67.092    73.172     9.1%
  ('HighIntervalsOrdered', None)    16.285    17.105     5.0%    24.882    27.134     9.1%    28.682    33.670    17.4%    28.682    33.670    17.4%   129.760    54.158   -58.3%
            ('HighPhrase', None)     3.756     4.461    18.8%     7.298    12.965    77.6%     9.367    37.868   304.3%     9.367    37.868   304.3%    37.334    97.506   161.2%
      ('HighSloppyPhrase', None)     7.425     7.488     0.8%    15.281    12.927   -15.4%    23.483    14.632   -37.7%    23.483    14.632   -37.7%    91.769   111.654    21.7%
          ('HighSpanNear', None)     7.651     6.660   -13.0%    13.097    12.909    -1.4%    14.428    13.764    -4.6%    14.428    13.764    -4.6%    18.505    17.760    -4.0%
              ('HighTerm', None)     0.710     0.813    14.6%     2.282     1.849   -19.0%     3.115     3.253     4.4%     3.115     3.253     4.4%     8.728     8.583    -1.7%
('HighTermDayOfYearSort', 'DayOfYear')     1.995     1.877    -5.9%    12.302     7.572   -38.4%    14.069    13.425    -4.6%    14.069    13.425    -4.6%    78.141    82.902     6.1%
  ('HighTermMonthSort', 'Month')     0.714     0.803    12.4%     2.007     1.842    -8.2%     2.294     3.182    38.7%     2.294     3.182    38.7%    12.308    11.589    -5.8%
('HighTermTitleBDVSort', 'TitleBinary')    20.837    19.200    -7.9%    37.707    29.067   -22.9%    42.232    30.897   -26.8%    42.232    30.897   -26.8%    81.284   168.606   107.4%
  ('HighTermTitleSort', 'Title')     9.106    10.357    13.7%    26.832    27.371     2.0%    43.608    34.410   -21.1%    43.608    34.410   -21.1%   100.296   110.313    10.0%
                ('IntNRQ', None)     1.039     0.872   -16.1%     3.895     3.701    -5.0%     4.369    10.125   131.7%     4.369    10.125   131.7%   108.067    79.143   -26.8%
                ('IntSet', None)     1.568     1.694     8.0%     4.969     6.064    22.0%     5.216     6.246    19.7%     5.216     6.246    19.7%    46.255    31.975   -30.9%
   ('LowIntervalsOrdered', None)     6.814     9.345    37.1%    18.425    18.456     0.2%    18.507    20.938    13.1%    18.507    20.938    13.1%   182.314   102.603   -43.7%
             ('LowPhrase', None)     2.211     1.879   -15.0%     8.619     4.304   -50.1%     9.603     5.000   -47.9%     9.603     5.000   -47.9%    11.858     8.749   -26.2%
       ('LowSloppyPhrase', None)     3.619     3.827     5.7%    10.719     7.508   -30.0%    12.507    21.300    70.3%    12.507    21.300    70.3%    41.174    28.566   -30.6%
           ('LowSpanNear', None)     5.983     4.998   -16.5%    10.064     9.176    -8.8%    17.675    17.211    -2.6%    17.675    17.211    -2.6%    98.913    83.060   -16.0%
               ('LowTerm', None)     0.469     0.532    13.4%     1.390     2.624    88.7%     1.737     3.303    90.2%     1.737     3.303    90.2%     5.861    21.670   269.7%
   ('MedIntervalsOrdered', None)    13.735    13.862     0.9%    30.771    25.888   -15.9%    42.341    31.184   -26.4%    42.341    31.184   -26.4%    46.795   118.460   153.1%
             ('MedPhrase', None)     3.052     3.042    -0.3%     7.139     5.821   -18.5%     7.703     7.943     3.1%     7.703     7.943     3.1%   123.730   124.964     1.0%
       ('MedSloppyPhrase', None)     2.322     2.468     6.3%     5.960     7.833    31.4%     6.450     9.356    45.1%     6.450     9.356    45.1%    30.309    28.365    -6.4%
           ('MedSpanNear', None)     6.814     6.174    -9.4%    12.735    10.764   -15.5%    14.508    11.184   -22.9%    14.508    11.184   -22.9%    19.316    25.398    31.5%
               ('MedTerm', None)     0.590     0.639     8.3%     1.541     1.017   -34.0%     2.877     1.644   -42.9%     2.877     1.644   -42.9%    22.452     3.443   -84.7%
  ('MedTermDayTaxoFacets', None)    15.342    13.973    -8.9%    21.357    17.406   -18.5%    44.315    20.376   -54.0%    44.315    20.376   -54.0%    54.729    63.981    16.9%
            ('OrHighHigh', None)     2.284     2.536    11.0%    10.993    11.480     4.4%    14.613    15.866     8.6%    14.613    15.866     8.6%    52.691    25.777   -51.1%
             ('OrHighLow', None)     0.835     0.860     2.9%     3.222     2.414   -25.1%     3.478     2.667   -23.3%     3.478     2.667   -23.3%     4.582     5.115    11.6%
             ('OrHighMed', None)     1.173     1.247     6.3%     4.535     2.751   -39.3%     4.545     3.139   -30.9%     4.545     3.139   -30.9%    14.379    18.020    25.3%
('OrHighMedDayTaxoFacets', None)    25.525    26.655     4.4%    39.580    46.061    16.4%   108.799    86.305   -20.7%   108.799    86.305   -20.7%   158.898   120.945   -23.9%
         ('OrHighNotHigh', None)     1.246     1.533    23.0%     3.296     2.815   -14.6%     3.563     3.467    -2.7%     3.563     3.467    -2.7%   114.890   113.637    -1.1%
          ('OrHighNotLow', None)     1.611     1.279   -20.6%     4.138     2.937   -29.0%    10.567     4.276   -59.5%    10.567     4.276   -59.5%    17.375    16.290    -6.2%
          ('OrHighNotMed', None)     0.952     1.481    55.5%     3.907     3.497   -10.5%     4.183     4.664    11.5%     4.183     4.664    11.5%     9.632     7.376   -23.4%
         ('OrNotHighHigh', None)     1.152     1.350    17.2%     3.587     6.886    92.0%     3.920     9.592   144.7%     3.920     9.592   144.7%    10.625     9.758    -8.2%
          ('OrNotHighLow', None)     0.661     0.761    15.0%     1.947     1.344   -31.0%     2.055     3.971    93.2%     2.055     3.971    93.2%    22.505     5.018   -77.7%
          ('OrNotHighMed', None)     1.103     1.364    23.7%     5.325     3.150   -40.8%     8.317     3.937   -52.7%     8.317     3.937   -52.7%     9.273    10.679    15.2%
                   ('PKLookup',)     4.402     5.434    23.5%    10.563     7.605   -28.0%    11.004     7.751   -29.6%    11.004     7.751   -29.6%    42.924    18.318   -57.3%
               ('Prefix3', None)     0.953     0.988     3.6%     6.451     3.385   -47.5%     7.650     9.853    28.8%     7.650     9.853    28.8%    35.781    37.854     5.8%
                    ('Respell',)    16.446    15.155    -7.9%    24.068    25.359     5.4%    32.550    39.478    21.3%    32.550    39.478    21.3%   113.864    70.769   -37.8%
('TermDateTimeSort', 'DateTime')     2.328     2.354     1.1%     6.770    12.399    83.2%    12.657    13.989    10.5%    12.657    13.989    10.5%    51.034    42.365   -17.0%
              ('Wildcard', None)     5.314     5.296    -0.3%    11.030     9.551   -13.4%    18.472    15.804   -14.4%    18.472    15.804   -14.4%    26.522    31.085    17.2%
                 ('range', None)     0.193     0.193    -0.4%     0.873     0.618   -29.2%     1.321     0.731   -44.7%     1.321     0.731   -44.7%     9.765     5.285   -45.9%
                            Task    QPS armA      StdDev    QPS armK      StdDev                Pct diff p-value
                      AndHighLow     2193.32      (9.6%)     1763.24      (2.8%)  -19.6% ( -29% -   -7%) 0.000
                         LowTerm     2535.21      (6.1%)     2081.84      (2.9%)  -17.9% ( -25% -   -9%) 0.000
                    OrNotHighLow     1513.49      (7.5%)     1311.54      (2.5%)  -13.3% ( -21% -   -3%) 0.001
                       OrHighLow     1268.41      (3.1%)     1103.19      (6.2%)  -13.0% ( -21% -   -3%) 0.000
                   OrNotHighHigh      976.66      (1.9%)      861.94     (10.0%)  -11.7% ( -23% -    0%) 0.021
                    OrHighNotMed      954.55     (11.2%)      844.21     (10.9%)  -11.6% ( -30% -   11%) 0.139
                   OrHighNotHigh      835.66     (11.3%)      749.07     (11.1%)  -10.4% ( -29% -   13%) 0.191
                 MedSloppyPhrase      450.73      (2.7%)      408.09     (14.4%)   -9.5% ( -25% -    7%) 0.196
                    OrNotHighMed      918.82      (3.3%)      842.95      (5.6%)   -8.3% ( -16% -    0%) 0.011
                       LowPhrase      570.42      (7.3%)      524.98     (15.9%)   -8.0% ( -29% -   16%) 0.364
                       OrHighMed      914.80      (8.0%)      845.65      (7.7%)   -7.6% ( -21% -    8%) 0.175
                      AndHighMed      852.32      (4.7%)      788.14      (6.3%)   -7.5% ( -17% -    3%) 0.055
                         MedTerm     1625.62      (6.0%)     1503.50      (5.7%)   -7.5% ( -18% -    4%) 0.070
               HighTermTitleSort      118.75      (6.7%)      110.92      (4.2%)   -6.6% ( -16% -    4%) 0.093
                         Prefix3     1303.79     (10.1%)     1221.08      (4.1%)   -6.3% ( -18% -    8%) 0.245
                        HighTerm     1507.27      (2.3%)     1419.44      (5.1%)   -5.8% ( -12% -    1%) 0.039
                    OrHighNotLow     1050.25     (12.4%)      990.02     (13.7%)   -5.7% ( -28% -   23%) 0.535
                       MedPhrase      327.37      (1.4%)      309.09      (5.9%)   -5.6% ( -12% -    1%) 0.066
                        PKLookup      221.41     (11.4%)      210.78      (9.4%)   -4.8% ( -22% -   18%) 0.515
           HighTermDayOfYearSort      547.62      (5.8%)      521.99      (8.5%)   -4.7% ( -17% -   10%) 0.362
                HighSloppyPhrase      146.84      (5.7%)      141.96      (7.5%)   -3.3% ( -15% -   10%) 0.480
     BrowseRandomLabelSSDVFacets       11.66      (4.8%)       11.29      (5.5%)   -3.2% ( -12% -    7%) 0.380
            MedTermDayTaxoFacets       71.65      (5.4%)       69.53      (6.9%)   -3.0% ( -14% -    9%) 0.501
                 LowSloppyPhrase      275.87      (8.1%)      268.31      (1.8%)   -2.7% ( -11% -    7%) 0.508
             LowIntervalsOrdered      136.28      (8.0%)      132.61      (3.4%)   -2.7% ( -13% -    9%) 0.536
                      OrHighHigh      477.32      (6.6%)      464.53      (7.3%)   -2.7% ( -15% -   11%) 0.585
                      HighPhrase      252.09      (6.8%)      245.68      (4.8%)   -2.5% ( -13% -    9%) 0.543
                     LowSpanNear      228.48     (11.2%)      223.14      (3.0%)   -2.3% ( -14% -   13%) 0.687
             MedIntervalsOrdered       72.65      (8.6%)       71.15      (4.1%)   -2.1% ( -13% -   11%) 0.665
                  AndMissingHigh     3222.17      (4.7%)     3159.23      (5.6%)   -2.0% ( -11% -    8%) 0.593
            HighIntervalsOrdered       60.92      (5.2%)       59.82      (1.6%)   -1.8% (  -8% -    5%) 0.510
                          IntNRQ     1154.46      (5.8%)     1138.86      (6.8%)   -1.4% ( -13% -   11%) 0.762
         AndHighMedDayTaxoFacets       80.82      (1.2%)       80.24      (2.4%)   -0.7% (  -4% -    2%) 0.589
                      TermDTSort      449.95      (4.0%)      446.96      (1.6%)   -0.7% (  -5% -    5%) 0.758
           BrowseMonthSSDVFacets       15.98      (3.9%)       15.92      (3.3%)   -0.4% (  -7% -    7%) 0.879
                        Wildcard      195.56      (2.2%)      195.09      (2.3%)   -0.2% (  -4% -    4%) 0.880
                          Fuzzy2       77.64      (8.1%)       77.50      (5.7%)   -0.2% ( -12% -   14%) 0.971
                          IntSet      679.57     (11.8%)      679.39      (7.3%)   -0.0% ( -17% -   21%) 0.997
                          Fuzzy1      115.58      (3.5%)      115.64      (4.6%)    0.1% (  -7% -    8%) 0.986
                     MedSpanNear      197.11      (9.5%)      197.28      (5.6%)    0.1% ( -13% -   16%) 0.987
                         Respell       69.26      (6.3%)       69.41      (8.5%)    0.2% ( -13% -   16%) 0.968
           BrowseMonthTaxoFacets       42.24      (8.8%)       42.40      (3.7%)    0.4% ( -11% -   14%) 0.934
       BrowseDayOfYearTaxoFacets       15.90      (2.9%)       15.97      (6.6%)    0.4% (  -8% -   10%) 0.909
               HighTermMonthSort     1396.86      (2.5%)     1404.86      (5.9%)    0.6% (  -7% -    9%) 0.857
       BrowseDayOfYearSSDVFacets       15.61      (6.7%)       15.75      (6.4%)    0.9% ( -11% -   15%) 0.842
                     AndHighHigh      623.73     (10.7%)      630.72      (4.4%)    1.1% ( -12% -   18%) 0.846
                    HighSpanNear      162.28      (5.5%)      164.19      (3.1%)    1.2% (  -7% -   10%) 0.709
        AndHighHighDayTaxoFacets       68.14      (3.3%)       69.35      (7.7%)    1.8% (  -8% -   13%) 0.672
                        BM25MSM2       47.71      (2.9%)       48.59      (1.5%)    1.8% (  -2% -    6%) 0.256
            BrowseDateTaxoFacets       15.02      (1.1%)       15.35      (6.9%)    2.2% (  -5% -   10%) 0.527
            HighTermTitleBDVSort       54.25      (5.8%)       55.54      (5.5%)    2.4% (  -8% -   14%) 0.555
     BrowseRandomLabelTaxoFacets       12.30      (4.8%)       12.62      (4.0%)    2.6% (  -5% -   11%) 0.408
                           range     5753.35      (5.3%)     5963.15      (8.9%)    3.6% ( -10% -   18%) 0.481
                       ConstMSM2     1476.28      (9.3%)     1563.35      (9.6%)    5.9% ( -11% -   27%) 0.379
            BrowseDateSSDVFacets        2.87      (6.0%)        3.04      (1.8%)    6.0% (  -1% -   14%) 0.055
          OrHighMedDayTaxoFacets       37.93     (11.3%)       40.33      (4.2%)    6.3% (  -8% -   24%) 0.296
  iter 4
    armK:
      NOTE: using experimental CPU time profiler (see https://mostlynerdless.de/blog/2025/06/11/java-25s-new-cpu-time-profiler-1)
      log: /home/goankur/vsearch/logs/FAK.armK.4 + stdout
      run: /usr/bin/perf stat -dd -e task-clock,cycles,instructions,cache-references,cache-misses,L1-dcache-loads,L1-dcache-load-misses,L1-icache-loads,L1-icache-load-misses,LLC-loads,LLC-load-misses,LLC-stores,LLC-store-misses,LLC-prefetches,LLC-prefetch-misses,faults,minor-faults,major-faults,branches,branch-misses,stalled-cycles-frontend,stalled-cycles-backend /home/goankur/jdk/corretto-25/bin/java -server -Xms2g -Xmx2g --add-modules jdk.incubator.vector -XX:+HeapDumpOnOutOfMemoryError -XX:+UseParallelGC -XX:StartFlightRecording=jdk.CPUTimeSample#enabled=true,dumponexit=true,maxsize=250M,settings=/home/goankur/vsearch/util/src/python/profiling.jfc,filename=/home/goankur/vsearch/logs/bench-search-FAK-armK-4.jfr -XX:+UnlockDiagnosticVMOptions -XX:+DebugNonSafepoints -classpath /home/goankur/vsearch/bo/lucene-K/lucene/core/build/libs/lucene-core-11.0.0-SNAPSHOT.jar:/home/goankur/vsearch/bo/lucene-K/lucene/sandbox/build/classes/java/main:/home/goankur/vsearch/bo/lucene-K/lucene/misc/build/classes/java/main:/home/goankur/vsearch/bo/lucene-K/lucene/facet/build/classes/java/main:/home/goankur/vsearch/bo/lucene-K/lucene/analysis/common/build/classes/java/main:/home/goankur/vsearch/bo/lucene-K/lucene/analysis/icu/build/classes/java/main:/home/goankur/vsearch/bo/lucene-K/lucene/queryparser/build/classes/java/main:/home/goankur/vsearch/bo/lucene-K/lucene/grouping/build/classes/java/main:/home/goankur/vsearch/bo/lucene-K/lucene/suggest/build/classes/java/main:/home/goankur/vsearch/bo/lucene-K/lucene/highlighter/build/classes/java/main:/home/goankur/vsearch/bo/lucene-K/lucene/codecs/build/classes/java/main:/home/goankur/vsearch/bo/lucene-K/lucene/queries/build/classes/java/main:/home/goankur/vsearch/bo/lucene-K/lucene/join/build/classes/java/main:/home/goankur/vsearch/bo/lucene-K/lucene/spatial3d/build/classes/java/main:/home/goankur/vsearch/util/lib/HdrHistogram.jar:/home/goankur/vsearch/util/src/main/build/classes/java/main:/home/goankur/vsearch/util/build perf.SearchPerfTest -dirImpl MMapDirectory -indexPath /home/goankur/vsearch/indices/wikimedium10m.lucene-A.facets.taxonomy:Date.taxonomy:Month.taxonomy:DayOfYear.sortedset:Date.sortedset:Month.sortedset:DayOfYear.taxonomy:RandomLabel.sortedset:RandomLabel.Lucene90.Lucene104.dvfields.nd10M -facets taxonomy:Date;Date -facets taxonomy:Month;Month -facets taxonomy:DayOfYear;DayOfYear -facets sortedset:Date;Date -facets sortedset:Month;Month -facets sortedset:DayOfYear;DayOfYear -facets taxonomy:RandomLabel;RandomLabel -facets sortedset:RandomLabel;RandomLabel -analyzer StandardAnalyzer -taskSource /home/goankur/vsearch/util/tasks/wikimedium.10M.nostopwords.tasks -numConcurrentQueries 5 -taskRepeatCount 20 -field body -tasksPerCat 1 -searchConcurrency -1 -staticSeed 7331 -seed -2733871 -similarity BM25Similarity -commit multi -hiliteImpl FastVectorHighlighter -log /home/goankur/vsearch/logs/FAK.armK.4 -topN 100 -context  -pk -pollute
      9.4 s
      275.6 actual sustained QPS; -1.0 CPU cores used
    armA:
      NOTE: using experimental CPU time profiler (see https://mostlynerdless.de/blog/2025/06/11/java-25s-new-cpu-time-profiler-1)
      log: /home/goankur/vsearch/logs/FAK.armA.4 + stdout
      run: /usr/bin/perf stat -dd -e task-clock,cycles,instructions,cache-references,cache-misses,L1-dcache-loads,L1-dcache-load-misses,L1-icache-loads,L1-icache-load-misses,LLC-loads,LLC-load-misses,LLC-stores,LLC-store-misses,LLC-prefetches,LLC-prefetch-misses,faults,minor-faults,major-faults,branches,branch-misses,stalled-cycles-frontend,stalled-cycles-backend /home/goankur/jdk/corretto-25/bin/java -server -Xms2g -Xmx2g --add-modules jdk.incubator.vector -XX:+HeapDumpOnOutOfMemoryError -XX:+UseParallelGC -XX:StartFlightRecording=jdk.CPUTimeSample#enabled=true,dumponexit=true,maxsize=250M,settings=/home/goankur/vsearch/util/src/python/profiling.jfc,filename=/home/goankur/vsearch/logs/bench-search-FAK-armA-4.jfr -XX:+UnlockDiagnosticVMOptions -XX:+DebugNonSafepoints -classpath /home/goankur/vsearch/bo/lucene-A/lucene/core/build/libs/lucene-core-11.0.0-SNAPSHOT.jar:/home/goankur/vsearch/bo/lucene-A/lucene/sandbox/build/classes/java/main:/home/goankur/vsearch/bo/lucene-A/lucene/misc/build/classes/java/main:/home/goankur/vsearch/bo/lucene-A/lucene/facet/build/classes/java/main:/home/goankur/vsearch/bo/lucene-A/lucene/analysis/common/build/classes/java/main:/home/goankur/vsearch/bo/lucene-A/lucene/analysis/icu/build/classes/java/main:/home/goankur/vsearch/bo/lucene-A/lucene/queryparser/build/classes/java/main:/home/goankur/vsearch/bo/lucene-A/lucene/grouping/build/classes/java/main:/home/goankur/vsearch/bo/lucene-A/lucene/suggest/build/classes/java/main:/home/goankur/vsearch/bo/lucene-A/lucene/highlighter/build/classes/java/main:/home/goankur/vsearch/bo/lucene-A/lucene/codecs/build/classes/java/main:/home/goankur/vsearch/bo/lucene-A/lucene/queries/build/classes/java/main:/home/goankur/vsearch/bo/lucene-A/lucene/join/build/classes/java/main:/home/goankur/vsearch/bo/lucene-A/lucene/spatial3d/build/classes/java/main:/home/goankur/vsearch/util/lib/HdrHistogram.jar:/home/goankur/vsearch/util/src/main/build/classes/java/main:/home/goankur/vsearch/util/build perf.SearchPerfTest -dirImpl MMapDirectory -indexPath /home/goankur/vsearch/indices/wikimedium10m.lucene-A.facets.taxonomy:Date.taxonomy:Month.taxonomy:DayOfYear.sortedset:Date.sortedset:Month.sortedset:DayOfYear.taxonomy:RandomLabel.sortedset:RandomLabel.Lucene90.Lucene104.dvfields.nd10M -facets taxonomy:Date;Date -facets taxonomy:Month;Month -facets taxonomy:DayOfYear;DayOfYear -facets sortedset:Date;Date -facets sortedset:Month;Month -facets sortedset:DayOfYear;DayOfYear -facets taxonomy:RandomLabel;RandomLabel -facets sortedset:RandomLabel;RandomLabel -analyzer StandardAnalyzer -taskSource /home/goankur/vsearch/util/tasks/wikimedium.10M.nostopwords.tasks -numConcurrentQueries 5 -taskRepeatCount 20 -field body -tasksPerCat 1 -searchConcurrency -1 -staticSeed 7331 -seed -2733871 -similarity BM25Similarity -commit multi -hiliteImpl FastVectorHighlighter -log /home/goankur/vsearch/logs/FAK.armA.4 -topN 100 -context  -pk -pollute
      9.7 s
      230.7 actual sustained QPS; -1.0 CPU cores used

Report after iter 4:
QPSChart.supported == False
                            Task     P50 B     P50 C     Diff     P90 B     P90 C     Diff     P99 B     P99 C     Diff    P999 B    P999 C     Diff    P100 B    P100 C     Diff
           ('AndHighHigh', None)     1.524     2.068    35.7%     4.300     3.733   -13.2%     7.650     6.329   -17.3%     7.650     6.329   -17.3%   243.986   299.957    22.9%
('AndHighHighDayTaxoFacets', None)    14.175    15.972    12.7%    18.063    24.987    38.3%    22.290    25.918    16.3%    22.290    25.918    16.3%    40.650    95.204   134.2%
            ('AndHighLow', None)     0.475     0.676    42.2%     1.266     1.583    25.0%    10.105     2.504   -75.2%    10.105     2.504   -75.2%    11.647     3.763   -67.7%
            ('AndHighMed', None)     1.151     1.144    -0.7%     3.609     3.866     7.1%     3.919     5.911    50.8%     3.919     5.911    50.8%     4.593    10.249   123.2%
('AndHighMedDayTaxoFacets', None)    13.799    13.349    -3.3%    19.489    19.771     1.4%    22.261    20.657    -7.2%    22.261    20.657    -7.2%   228.801   264.228    15.5%
     ('AndMissingHigh', 'Title')     0.303     0.399    31.9%     0.637     0.803    26.0%     0.660     1.139    72.5%     0.660     1.139    72.5%     1.430     1.485     3.8%
              ('BM25MSM2', None)    20.112    22.457    11.7%    31.875    31.036    -2.6%    61.707    82.286    33.3%    61.707    82.286    33.3%   130.444   202.845    55.5%
  ('BrowseDateSSDVFacets', None)   371.362   390.770     5.2%   461.549   422.168    -8.5%   480.062   447.925    -6.7%   480.062   447.925    -6.7%   601.541   586.416    -2.5%
  ('BrowseDateTaxoFacets', None)    66.285    67.003     1.1%    84.417    75.730   -10.3%   144.621    76.862   -46.9%   144.621    76.862   -46.9%   342.238   302.710   -11.5%
('BrowseDayOfYearSSDVFacets', None)    60.506    57.476    -5.0%    91.351    83.966    -8.1%   111.079    87.976   -20.8%   111.079    87.976   -20.8%   160.087   193.801    21.1%
('BrowseDayOfYearTaxoFacets', None)    64.015    62.410    -2.5%    73.348    71.132    -3.0%    76.251    72.538    -4.9%    76.251    72.538    -4.9%    76.914    73.889    -3.9%
 ('BrowseMonthSSDVFacets', None)    62.621    61.924    -1.1%   106.938    84.907   -20.6%   107.901    88.049   -18.4%   107.901    88.049   -18.4%   357.078   157.888   -55.8%
 ('BrowseMonthTaxoFacets', None)    86.044    24.450   -71.6%   102.762    28.045   -72.7%   106.734    28.852   -73.0%   106.734    28.852   -73.0%   314.632   194.537   -38.2%
('BrowseRandomLabelSSDVFacets', None)    95.409    85.796   -10.1%   118.147   108.660    -8.0%   150.018   113.261   -24.5%   150.018   113.261   -24.5%   164.272   209.102    27.3%
('BrowseRandomLabelTaxoFacets', None)    83.802    76.690    -8.5%   140.274    96.052   -31.5%   155.863   105.934   -32.0%   155.863   105.934   -32.0%   176.727   132.104   -25.3%
             ('ConstMSM2', None)     0.649     0.811    25.0%     2.132     3.044    42.8%     7.451     6.062   -18.6%     7.451     6.062   -18.6%    17.058    23.216    36.1%
                ('Fuzzy1', None)     9.214     8.932    -3.1%    16.759    17.592     5.0%    18.029    18.518     2.7%    18.029    18.518     2.7%    27.006    63.335   134.5%
                ('Fuzzy2', None)    12.949    13.602     5.0%    23.878    21.361   -10.5%    28.750    30.852     7.3%    28.750    30.852     7.3%   290.992   290.193    -0.3%
  ('HighIntervalsOrdered', None)    15.305    15.871     3.7%    23.719    22.920    -3.4%    29.378    58.264    98.3%    29.378    58.264    98.3%   152.303   208.786    37.1%
            ('HighPhrase', None)     4.159     3.899    -6.3%     7.517     6.854    -8.8%     8.990    11.607    29.1%     8.990    11.607    29.1%    61.266    82.856    35.2%
      ('HighSloppyPhrase', None)     6.488     6.992     7.8%    12.455    13.541     8.7%    14.200    18.004    26.8%    14.200    18.004    26.8%    58.095    58.760     1.1%
          ('HighSpanNear', None)     5.976     6.352     6.3%     9.588     7.198   -24.9%    11.166    18.386    64.7%    11.166    18.386    64.7%    25.761    27.255     5.8%
              ('HighTerm', None)     0.696     0.701     0.8%     1.277     1.873    46.7%     1.969     2.688    36.5%     1.969     2.688    36.5%     2.209     9.164   314.9%
('HighTermDayOfYearSort', 'DayOfYear')     2.067     2.038    -1.4%     6.160     5.703    -7.4%     6.734     9.824    45.9%     6.734     9.824    45.9%    92.535   126.027    36.2%
  ('HighTermMonthSort', 'Month')     0.714     0.743     4.1%     1.348     1.265    -6.2%     1.513     2.147    41.9%     1.513     2.147    41.9%     2.078    10.176   389.7%
('HighTermTitleBDVSort', 'TitleBinary')    18.309    17.519    -4.3%    34.436    32.010    -7.0%    35.510    33.184    -6.6%    35.510    33.184    -6.6%   141.559   133.256    -5.9%
  ('HighTermTitleSort', 'Title')     8.083     8.868     9.7%    17.954    16.251    -9.5%    19.029    43.589   129.1%    19.029    43.589   129.1%   108.759   174.081    60.1%
                ('IntNRQ', None)     0.874     1.109    27.0%     3.958     3.551   -10.3%     4.062     3.577   -11.9%     4.062     3.577   -11.9%    68.218    73.438     7.7%
                ('IntSet', None)     1.605     1.737     8.3%     4.471     5.539    23.9%    13.530    13.957     3.2%    13.530    13.957     3.2%    57.304    41.269   -28.0%
   ('LowIntervalsOrdered', None)     7.083     7.151     1.0%    15.713    13.882   -11.7%    17.089    16.701    -2.3%    17.089    16.701    -2.3%    84.536    64.410   -23.8%
             ('LowPhrase', None)     1.795     1.853     3.3%     4.524     7.390    63.4%    10.940     9.105   -16.8%    10.940     9.105   -16.8%    11.511    10.262   -10.9%
       ('LowSloppyPhrase', None)     3.358     3.481     3.7%     8.224     6.393   -22.3%     8.907     7.862   -11.7%     8.907     7.862   -11.7%    28.856    15.504   -46.3%
           ('LowSpanNear', None)     5.149     4.719    -8.4%     8.624    12.979    50.5%     8.864    13.670    54.2%     8.864    13.670    54.2%     9.093    31.181   242.9%
               ('LowTerm', None)     0.435     0.463     6.4%     0.971     1.149    18.3%     1.290     3.523   173.2%     1.290     3.523   173.2%     1.911    11.961   526.0%
   ('MedIntervalsOrdered', None)    13.420    13.308    -0.8%    25.061    24.572    -1.9%    31.251    30.670    -1.9%    31.251    30.670    -1.9%    89.013    57.522   -35.4%
             ('MedPhrase', None)     3.120     3.275     5.0%     7.282     6.515   -10.5%     8.772    15.673    78.7%     8.772    15.673    78.7%    46.106    18.750   -59.3%
       ('MedSloppyPhrase', None)     2.091     2.123     1.5%     5.038     4.900    -2.7%    20.112    26.122    29.9%    20.112    26.122    29.9%    81.122    40.170   -50.5%
           ('MedSpanNear', None)     5.222     6.436    23.3%    21.003    12.383   -41.0%    21.170    14.810   -30.0%    21.170    14.810   -30.0%    90.173   116.892    29.6%
               ('MedTerm', None)     0.647     0.707     9.3%     1.442     1.086   -24.6%     2.666     1.402   -47.4%     2.666     1.402   -47.4%     6.635     3.143   -52.6%
  ('MedTermDayTaxoFacets', None)    15.505    16.301     5.1%    44.123    34.309   -22.2%    45.596    46.043     1.0%    45.596    46.043     1.0%   173.201   210.870    21.7%
            ('OrHighHigh', None)     2.446     2.430    -0.7%     7.511     6.262   -16.6%    19.989     9.186   -54.0%    19.989     9.186   -54.0%    65.257    29.780   -54.4%
             ('OrHighLow', None)     0.812     1.011    24.5%     1.531     1.561     2.0%     2.187     2.252     3.0%     2.187     2.252     3.0%    18.853    10.906   -42.2%
             ('OrHighMed', None)     1.119     1.323    18.3%     2.892     3.325    15.0%     5.515     4.913   -10.9%     5.515     4.913   -10.9%     7.416    10.901    47.0%
('OrHighMedDayTaxoFacets', None)    26.813    25.011    -6.7%    35.336    34.256    -3.1%   119.237    80.682   -32.3%   119.237    80.682   -32.3%   167.278   123.604   -26.1%
         ('OrHighNotHigh', None)     1.332     1.196   -10.2%     3.261     2.798   -14.2%    15.829     4.182   -73.6%    15.829     4.182   -73.6%    94.876   123.369    30.0%
          ('OrHighNotLow', None)     0.840     1.109    32.1%     7.527     3.291   -56.3%     9.851     3.640   -63.1%     9.851     3.640   -63.1%    24.205     6.214   -74.3%
          ('OrHighNotMed', None)     1.114     1.080    -3.0%     3.099     2.149   -30.7%     8.895     2.879   -67.6%     8.895     2.879   -67.6%    25.582     9.177   -64.1%
         ('OrNotHighHigh', None)     1.057     1.328    25.6%     5.149     3.468   -32.6%     7.368     6.095   -17.3%     7.368     6.095   -17.3%    12.792    26.460   106.8%
          ('OrNotHighLow', None)     0.820     0.749    -8.6%     1.601     1.536    -4.1%     3.553     1.547   -56.5%     3.553     1.547   -56.5%   128.217   140.705     9.7%
          ('OrNotHighMed', None)     1.135     1.220     7.5%     3.273     3.742    14.3%     3.373     4.914    45.7%     3.373     4.914    45.7%    34.323   145.028   322.5%
                   ('PKLookup',)     5.789     5.482    -5.3%     7.330    10.154    38.5%     9.483    11.602    22.3%     9.483    11.602    22.3%    15.693    14.624    -6.8%
               ('Prefix3', None)     0.869     0.845    -2.8%     3.264     2.357   -27.8%     3.682     4.339    17.8%     3.682     4.339    17.8%    11.820    58.232   392.6%
                    ('Respell',)    14.871    13.902    -6.5%    25.379    21.852   -13.9%    41.603    43.825     5.3%    41.603    43.825     5.3%    64.533    48.026   -25.6%
('TermDateTimeSort', 'DateTime')     2.217     2.472    11.5%     5.921     6.902    16.6%    10.718    10.428    -2.7%    10.718    10.428    -2.7%    71.700    42.808   -40.3%
              ('Wildcard', None)     5.211     5.434     4.3%    17.310     9.983   -42.3%    21.440    22.764     6.2%    21.440    22.764     6.2%    54.963    66.733    21.4%
                 ('range', None)     0.178     0.204    14.6%     0.470     0.396   -15.6%     0.557     0.828    48.8%     0.557     0.828    48.8%     0.637     2.015   216.3%
                            Task    QPS armA      StdDev    QPS armK      StdDev                Pct diff p-value
                      AndHighLow     2212.83      (8.5%)     1741.84      (3.3%)  -21.3% ( -30% -  -10%) 0.000
                         LowTerm     2503.20      (6.1%)     2119.46      (4.2%)  -15.3% ( -24% -   -5%) 0.000
                       OrHighLow     1270.79      (2.7%)     1093.16      (5.6%)  -14.0% ( -21% -   -5%) 0.000
                   OrNotHighHigh      972.37      (1.9%)      861.69      (8.7%)  -11.4% ( -21% -    0%) 0.004
                    OrNotHighLow     1472.17      (9.2%)     1317.89      (2.4%)  -10.5% ( -20% -    1%) 0.013
                    OrHighNotLow     1092.58     (13.5%)      986.48     (11.4%)   -9.7% ( -30% -   17%) 0.219
                    OrHighNotMed      951.60      (9.8%)      863.02     (10.4%)   -9.3% ( -26% -   12%) 0.145
                    OrNotHighMed      918.73      (2.9%)      840.37      (4.9%)   -8.5% ( -15% -    0%) 0.001
                       OrHighMed      914.85      (7.0%)      839.56      (6.9%)   -8.2% ( -20% -    6%) 0.060
               HighTermTitleSort      121.53      (7.6%)      111.83      (3.9%)   -8.0% ( -18% -    3%) 0.037
                 MedSloppyPhrase      457.76      (4.1%)      422.68     (14.2%)   -7.7% ( -24% -   11%) 0.246
                      AndHighMed      871.17      (6.3%)      807.07      (7.2%)   -7.4% ( -19% -    6%) 0.085
                         MedTerm     1620.93      (5.3%)     1506.12      (5.0%)   -7.1% ( -16% -    3%) 0.029
                       LowPhrase      570.92      (6.4%)      532.86     (14.1%)   -6.7% ( -25% -   14%) 0.336
                   OrHighNotHigh      830.33      (9.9%)      775.54     (12.0%)   -6.6% ( -25% -   17%) 0.344
                  AndMissingHigh     3275.36      (5.4%)     3082.36      (7.1%)   -5.9% ( -17% -    6%) 0.140
                       MedPhrase      327.45      (1.3%)      308.58      (5.1%)   -5.8% ( -11% -    0%) 0.014
                        HighTerm     1504.42      (2.0%)     1426.27      (4.6%)   -5.2% ( -11% -    1%) 0.020
                     AndHighHigh      632.68      (9.7%)      604.15     (10.1%)   -4.5% ( -22% -   16%) 0.472
                         Prefix3     1278.29     (10.0%)     1224.44      (3.7%)   -4.2% ( -16% -   10%) 0.376
                HighSloppyPhrase      148.53      (5.5%)      142.62      (6.5%)   -4.0% ( -15% -    8%) 0.296
            MedTermDayTaxoFacets       70.96      (5.2%)       68.32      (7.1%)   -3.7% ( -15% -    9%) 0.348
           HighTermDayOfYearSort      540.84      (5.8%)      522.49      (7.4%)   -3.4% ( -15% -   10%) 0.421
                      OrHighHigh      471.74      (6.3%)      457.27      (7.3%)   -3.1% ( -15% -   11%) 0.476
                 LowSloppyPhrase      280.85      (7.9%)      272.28      (3.5%)   -3.0% ( -13% -    9%) 0.432
                          IntNRQ     1162.27      (5.2%)     1127.44      (6.2%)   -3.0% ( -13% -    8%) 0.409
                     LowSpanNear      227.50      (9.8%)      221.36      (3.1%)   -2.7% ( -14% -   11%) 0.559
            HighIntervalsOrdered       62.02      (6.0%)       60.64      (3.2%)   -2.2% ( -10% -    7%) 0.464
             LowIntervalsOrdered      137.49      (7.2%)      134.46      (4.2%)   -2.2% ( -12% -    9%) 0.552
                      TermDTSort      451.13      (3.5%)      442.59      (2.6%)   -1.9% (  -7% -    4%) 0.329
                          Fuzzy2       78.14      (7.1%)       76.75      (5.3%)   -1.8% ( -13% -   11%) 0.654
                        PKLookup      212.10     (14.2%)      208.36      (8.8%)   -1.8% ( -21% -   24%) 0.814
                      HighPhrase      252.85      (5.9%)      248.71      (4.9%)   -1.6% ( -11% -    9%) 0.635
             MedIntervalsOrdered       73.27      (7.6%)       72.29      (5.0%)   -1.3% ( -12% -   12%) 0.741
                     MedSpanNear      196.18      (8.3%)      194.95      (5.6%)   -0.6% ( -13% -   14%) 0.889
                        BM25MSM2       48.32      (3.7%)       48.05      (2.8%)   -0.6% (  -6% -    6%) 0.789
                    HighSpanNear      164.16      (5.4%)      163.47      (2.8%)   -0.4% (  -8% -    8%) 0.876
        AndHighHighDayTaxoFacets       69.04      (4.1%)       68.77      (6.8%)   -0.4% ( -10% -   10%) 0.911
         AndHighMedDayTaxoFacets       80.43      (1.5%)       80.24      (2.1%)   -0.2% (  -3% -    3%) 0.841
                        Wildcard      195.16      (1.9%)      194.79      (2.0%)   -0.2% (  -4% -    3%) 0.880
               HighTermMonthSort     1409.40      (2.9%)     1406.97      (5.0%)   -0.2% (  -7% -    8%) 0.947
     BrowseRandomLabelSSDVFacets       11.43      (6.2%)       11.41      (5.4%)   -0.1% ( -11% -   12%) 0.975
           BrowseMonthSSDVFacets       16.02      (3.4%)       16.02      (3.2%)    0.0% (  -6% -    6%) 0.998
                         Respell       70.33      (6.4%)       70.63      (8.2%)    0.4% ( -13% -   16%) 0.927
                          IntSet      672.23     (10.6%)      675.71      (6.5%)    0.5% ( -14% -   19%) 0.926
                          Fuzzy1      114.34      (3.9%)      115.06      (4.2%)    0.6% (  -7% -    9%) 0.807
       BrowseDayOfYearSSDVFacets       15.99      (7.8%)       16.11      (7.4%)    0.8% ( -13% -   17%) 0.875
       BrowseDayOfYearTaxoFacets       15.85      (2.7%)       15.99      (5.7%)    0.9% (  -7% -    9%) 0.752
            HighTermTitleBDVSort       55.10      (6.1%)       56.03      (5.1%)    1.7% (  -8% -   13%) 0.634
                           range     5751.06      (4.6%)     5869.61      (8.5%)    2.1% ( -10% -   15%) 0.634
            BrowseDateTaxoFacets       15.01      (1.0%)       15.35      (6.0%)    2.2% (  -4% -    9%) 0.412
                       ConstMSM2     1513.49      (9.6%)     1552.35      (8.3%)    2.6% ( -13% -   22%) 0.651
     BrowseRandomLabelTaxoFacets       12.25      (4.3%)       12.73      (4.1%)    3.9% (  -4% -   12%) 0.139
            BrowseDateSSDVFacets        2.84      (5.5%)        2.96      (6.3%)    4.1% (  -7% -   16%) 0.267
          OrHighMedDayTaxoFacets       37.97      (9.8%)       40.47      (3.8%)    6.6% (  -6% -   22%) 0.160
           BrowseMonthTaxoFacets       36.15     (38.7%)       42.60      (3.9%)   17.8% ( -17% -   98%) 0.305
  iter 5
    armA:
      NOTE: using experimental CPU time profiler (see https://mostlynerdless.de/blog/2025/06/11/java-25s-new-cpu-time-profiler-1)
      log: /home/goankur/vsearch/logs/FAK.armA.5 + stdout
      run: /usr/bin/perf stat -dd -e task-clock,cycles,instructions,cache-references,cache-misses,L1-dcache-loads,L1-dcache-load-misses,L1-icache-loads,L1-icache-load-misses,LLC-loads,LLC-load-misses,LLC-stores,LLC-store-misses,LLC-prefetches,LLC-prefetch-misses,faults,minor-faults,major-faults,branches,branch-misses,stalled-cycles-frontend,stalled-cycles-backend /home/goankur/jdk/corretto-25/bin/java -server -Xms2g -Xmx2g --add-modules jdk.incubator.vector -XX:+HeapDumpOnOutOfMemoryError -XX:+UseParallelGC -XX:StartFlightRecording=jdk.CPUTimeSample#enabled=true,dumponexit=true,maxsize=250M,settings=/home/goankur/vsearch/util/src/python/profiling.jfc,filename=/home/goankur/vsearch/logs/bench-search-FAK-armA-5.jfr -XX:+UnlockDiagnosticVMOptions -XX:+DebugNonSafepoints -classpath /home/goankur/vsearch/bo/lucene-A/lucene/core/build/libs/lucene-core-11.0.0-SNAPSHOT.jar:/home/goankur/vsearch/bo/lucene-A/lucene/sandbox/build/classes/java/main:/home/goankur/vsearch/bo/lucene-A/lucene/misc/build/classes/java/main:/home/goankur/vsearch/bo/lucene-A/lucene/facet/build/classes/java/main:/home/goankur/vsearch/bo/lucene-A/lucene/analysis/common/build/classes/java/main:/home/goankur/vsearch/bo/lucene-A/lucene/analysis/icu/build/classes/java/main:/home/goankur/vsearch/bo/lucene-A/lucene/queryparser/build/classes/java/main:/home/goankur/vsearch/bo/lucene-A/lucene/grouping/build/classes/java/main:/home/goankur/vsearch/bo/lucene-A/lucene/suggest/build/classes/java/main:/home/goankur/vsearch/bo/lucene-A/lucene/highlighter/build/classes/java/main:/home/goankur/vsearch/bo/lucene-A/lucene/codecs/build/classes/java/main:/home/goankur/vsearch/bo/lucene-A/lucene/queries/build/classes/java/main:/home/goankur/vsearch/bo/lucene-A/lucene/join/build/classes/java/main:/home/goankur/vsearch/bo/lucene-A/lucene/spatial3d/build/classes/java/main:/home/goankur/vsearch/util/lib/HdrHistogram.jar:/home/goankur/vsearch/util/src/main/build/classes/java/main:/home/goankur/vsearch/util/build perf.SearchPerfTest -dirImpl MMapDirectory -indexPath /home/goankur/vsearch/indices/wikimedium10m.lucene-A.facets.taxonomy:Date.taxonomy:Month.taxonomy:DayOfYear.sortedset:Date.sortedset:Month.sortedset:DayOfYear.taxonomy:RandomLabel.sortedset:RandomLabel.Lucene90.Lucene104.dvfields.nd10M -facets taxonomy:Date;Date -facets taxonomy:Month;Month -facets taxonomy:DayOfYear;DayOfYear -facets sortedset:Date;Date -facets sortedset:Month;Month -facets sortedset:DayOfYear;DayOfYear -facets taxonomy:RandomLabel;RandomLabel -facets sortedset:RandomLabel;RandomLabel -analyzer StandardAnalyzer -taskSource /home/goankur/vsearch/util/tasks/wikimedium.10M.nostopwords.tasks -numConcurrentQueries 5 -taskRepeatCount 20 -field body -tasksPerCat 1 -searchConcurrency -1 -staticSeed 7331 -seed -5287302 -similarity BM25Similarity -commit multi -hiliteImpl FastVectorHighlighter -log /home/goankur/vsearch/logs/FAK.armA.5 -topN 100 -context  -pk -pollute
      9.4 s
      257.6 actual sustained QPS; -1.0 CPU cores used
    armK:
      NOTE: using experimental CPU time profiler (see https://mostlynerdless.de/blog/2025/06/11/java-25s-new-cpu-time-profiler-1)
      log: /home/goankur/vsearch/logs/FAK.armK.5 + stdout
      run: /usr/bin/perf stat -dd -e task-clock,cycles,instructions,cache-references,cache-misses,L1-dcache-loads,L1-dcache-load-misses,L1-icache-loads,L1-icache-load-misses,LLC-loads,LLC-load-misses,LLC-stores,LLC-store-misses,LLC-prefetches,LLC-prefetch-misses,faults,minor-faults,major-faults,branches,branch-misses,stalled-cycles-frontend,stalled-cycles-backend /home/goankur/jdk/corretto-25/bin/java -server -Xms2g -Xmx2g --add-modules jdk.incubator.vector -XX:+HeapDumpOnOutOfMemoryError -XX:+UseParallelGC -XX:StartFlightRecording=jdk.CPUTimeSample#enabled=true,dumponexit=true,maxsize=250M,settings=/home/goankur/vsearch/util/src/python/profiling.jfc,filename=/home/goankur/vsearch/logs/bench-search-FAK-armK-5.jfr -XX:+UnlockDiagnosticVMOptions -XX:+DebugNonSafepoints -classpath /home/goankur/vsearch/bo/lucene-K/lucene/core/build/libs/lucene-core-11.0.0-SNAPSHOT.jar:/home/goankur/vsearch/bo/lucene-K/lucene/sandbox/build/classes/java/main:/home/goankur/vsearch/bo/lucene-K/lucene/misc/build/classes/java/main:/home/goankur/vsearch/bo/lucene-K/lucene/facet/build/classes/java/main:/home/goankur/vsearch/bo/lucene-K/lucene/analysis/common/build/classes/java/main:/home/goankur/vsearch/bo/lucene-K/lucene/analysis/icu/build/classes/java/main:/home/goankur/vsearch/bo/lucene-K/lucene/queryparser/build/classes/java/main:/home/goankur/vsearch/bo/lucene-K/lucene/grouping/build/classes/java/main:/home/goankur/vsearch/bo/lucene-K/lucene/suggest/build/classes/java/main:/home/goankur/vsearch/bo/lucene-K/lucene/highlighter/build/classes/java/main:/home/goankur/vsearch/bo/lucene-K/lucene/codecs/build/classes/java/main:/home/goankur/vsearch/bo/lucene-K/lucene/queries/build/classes/java/main:/home/goankur/vsearch/bo/lucene-K/lucene/join/build/classes/java/main:/home/goankur/vsearch/bo/lucene-K/lucene/spatial3d/build/classes/java/main:/home/goankur/vsearch/util/lib/HdrHistogram.jar:/home/goankur/vsearch/util/src/main/build/classes/java/main:/home/goankur/vsearch/util/build perf.SearchPerfTest -dirImpl MMapDirectory -indexPath /home/goankur/vsearch/indices/wikimedium10m.lucene-A.facets.taxonomy:Date.taxonomy:Month.taxonomy:DayOfYear.sortedset:Date.sortedset:Month.sortedset:DayOfYear.taxonomy:RandomLabel.sortedset:RandomLabel.Lucene90.Lucene104.dvfields.nd10M -facets taxonomy:Date;Date -facets taxonomy:Month;Month -facets taxonomy:DayOfYear;DayOfYear -facets sortedset:Date;Date -facets sortedset:Month;Month -facets sortedset:DayOfYear;DayOfYear -facets taxonomy:RandomLabel;RandomLabel -facets sortedset:RandomLabel;RandomLabel -analyzer StandardAnalyzer -taskSource /home/goankur/vsearch/util/tasks/wikimedium.10M.nostopwords.tasks -numConcurrentQueries 5 -taskRepeatCount 20 -field body -tasksPerCat 1 -searchConcurrency -1 -staticSeed 7331 -seed -5287302 -similarity BM25Similarity -commit multi -hiliteImpl FastVectorHighlighter -log /home/goankur/vsearch/logs/FAK.armK.5 -topN 100 -context  -pk -pollute
      9.3 s
      272.8 actual sustained QPS; -1.0 CPU cores used

Report after iter 5:
QPSChart.supported == False
                            Task     P50 B     P50 C     Diff     P90 B     P90 C     Diff     P99 B     P99 C     Diff    P999 B    P999 C     Diff    P100 B    P100 C     Diff
           ('AndHighHigh', None)     1.899     2.020     6.4%     4.450     9.755   119.2%     5.907    14.817   150.8%     5.907    14.817   150.8%   321.642   313.507    -2.5%
('AndHighHighDayTaxoFacets', None)    13.441    14.843    10.4%    24.731    23.197    -6.2%    56.777    28.091   -50.5%    56.777    28.091   -50.5%    65.332    72.033    10.3%
            ('AndHighLow', None)     0.469     0.551    17.6%     0.941     1.644    74.8%     1.073     1.887    75.9%     1.073     1.887    75.9%    12.225    12.939     5.8%
            ('AndHighMed', None)     1.162     1.229     5.7%     4.217     3.343   -20.7%     4.514    12.661   180.5%     4.514    12.661   180.5%     7.321    14.896   103.5%
('AndHighMedDayTaxoFacets', None)    12.534    12.737     1.6%    18.658    23.037    23.5%    35.598    36.349     2.1%    35.598    36.349     2.1%   133.066   196.975    48.0%
     ('AndMissingHigh', 'Title')     0.337     0.343     2.0%     0.992     1.379    39.0%     1.377     1.701    23.5%     1.377     1.701    23.5%     3.143    16.421   422.4%
              ('BM25MSM2', None)    24.730    23.003    -7.0%    62.084    35.405   -43.0%    64.317    70.830    10.1%    64.317    70.830    10.1%   195.538   228.177    16.7%
  ('BrowseDateSSDVFacets', None)   366.660   333.026    -9.2%   449.773   390.799   -13.1%   474.710   397.600   -16.2%   474.710   397.600   -16.2%   508.743   532.783     4.7%
  ('BrowseDateTaxoFacets', None)    63.084    78.352    24.2%    74.620    89.035    19.3%    75.777    89.598    18.2%    75.777    89.598    18.2%    77.949    92.076    18.1%
('BrowseDayOfYearSSDVFacets', None)    72.256    73.584     1.8%    99.744   106.062     6.3%   103.055   131.139    27.3%   103.055   131.139    27.3%   331.333   340.273     2.7%
('BrowseDayOfYearTaxoFacets', None)    61.102    66.205     8.4%    75.045    84.837    13.0%    83.551    87.793     5.1%    83.551    87.793     5.1%   248.771   326.680    31.3%
 ('BrowseMonthSSDVFacets', None)    49.877    47.007    -5.8%    70.530    56.063   -20.5%    71.261    60.491   -15.1%    71.261    60.491   -15.1%   374.697   403.069     7.6%
 ('BrowseMonthTaxoFacets', None)    23.875    28.627    19.9%    76.995    75.834    -1.5%    81.619    77.195    -5.4%    81.619    77.195    -5.4%   305.434   294.215    -3.7%
('BrowseRandomLabelSSDVFacets', None)    94.152    97.365     3.4%   125.589   132.830     5.8%   134.993   158.831    17.7%   134.993   158.831    17.7%   453.540   412.501    -9.0%
('BrowseRandomLabelTaxoFacets', None)    78.503    85.839     9.3%   107.407   105.681    -1.6%   109.365   124.219    13.6%   109.365   124.219    13.6%   115.529   163.683    41.7%
             ('ConstMSM2', None)     0.876     0.731   -16.5%     1.556     1.371   -11.9%     2.051     1.408   -31.4%     2.051     1.408   -31.4%    12.548    17.603    40.3%
                ('Fuzzy1', None)     9.304     9.256    -0.5%    17.366    13.909   -19.9%    17.779    15.180   -14.6%    17.779    15.180   -14.6%    42.072    24.033   -42.9%
                ('Fuzzy2', None)    13.005    13.948     7.2%    25.726    17.695   -31.2%    58.645    38.601   -34.2%    58.645    38.601   -34.2%   139.947   139.148    -0.6%
  ('HighIntervalsOrdered', None)    15.342    15.277    -0.4%    22.974    23.366     1.7%    26.072    23.542    -9.7%    26.072    23.542    -9.7%    33.418    31.815    -4.8%
            ('HighPhrase', None)     4.916     3.980   -19.0%    12.733    13.085     2.8%    27.394    25.794    -5.8%    27.394    25.794    -5.8%   231.598   304.275    31.4%
      ('HighSloppyPhrase', None)     6.820     6.817    -0.0%    13.641    14.244     4.4%    23.349    16.203   -30.6%    23.349    16.203   -30.6%    46.886    49.341     5.2%
          ('HighSpanNear', None)     6.035     5.983    -0.9%    13.107    11.425   -12.8%    13.318    14.143     6.2%    13.318    14.143     6.2%    16.556    14.831   -10.4%
              ('HighTerm', None)     0.693     0.706     1.9%     1.844     1.268   -31.2%     1.910     3.340    74.9%     1.910     3.340    74.9%     3.622     7.140    97.1%
('HighTermDayOfYearSort', 'DayOfYear')     2.735     2.258   -17.5%    13.812     7.231   -47.7%    14.169    10.205   -28.0%    14.169    10.205   -28.0%    58.079    41.205   -29.1%
  ('HighTermMonthSort', 'Month')     0.637     0.786    23.4%     1.436     2.834    97.4%     3.115     4.601    47.7%     3.115     4.601    47.7%    11.363    10.471    -7.9%
('HighTermTitleBDVSort', 'TitleBinary')    16.890    16.855    -0.2%    38.002    33.182   -12.7%    40.019    39.654    -0.9%    40.019    39.654    -0.9%   108.075    71.901   -33.5%
  ('HighTermTitleSort', 'Title')     9.898    10.580     6.9%    22.926    23.774     3.7%    27.366    30.186    10.3%    27.366    30.186    10.3%    82.406   107.884    30.9%
                ('IntNRQ', None)     1.016     0.960    -5.5%     2.402     4.594    91.3%     3.404     4.941    45.2%     3.404     4.941    45.2%    56.767    67.571    19.0%
                ('IntSet', None)     1.601     1.619     1.1%     5.450     4.076   -25.2%     6.456     6.595     2.2%     6.456     6.595     2.2%    61.443    52.222   -15.0%
   ('LowIntervalsOrdered', None)     8.016     6.863   -14.4%    16.408    17.387     6.0%    19.199    21.677    12.9%    19.199    21.677    12.9%    28.988    34.164    17.9%
             ('LowPhrase', None)     1.939     2.206    13.8%     3.892     5.144    32.2%     6.712     9.411    40.2%     6.712     9.411    40.2%     7.031    11.089    57.7%
       ('LowSloppyPhrase', None)     4.670     3.964   -15.1%     9.313     6.585   -29.3%    13.219    10.966   -17.0%    13.219    10.966   -17.0%    14.197    18.564    30.8%
           ('LowSpanNear', None)     4.412     4.451     0.9%     7.878     8.043     2.1%     8.572     8.056    -6.0%     8.572     8.056    -6.0%     9.795     9.734    -0.6%
               ('LowTerm', None)     0.389     0.457    17.4%     1.393     1.079   -22.5%     2.271     1.080   -52.5%     2.271     1.080   -52.5%    25.103     2.799   -88.9%
   ('MedIntervalsOrdered', None)    12.984    13.168     1.4%    39.196    25.504   -34.9%    39.888    30.091   -24.6%    39.888    30.091   -24.6%   228.205   270.950    18.7%
             ('MedPhrase', None)     3.172     3.204     1.0%    13.305     7.770   -41.6%    14.728    12.560   -14.7%    14.728    12.560   -14.7%    16.479    21.850    32.6%
       ('MedSloppyPhrase', None)     2.441     2.476     1.5%     6.163     7.422    20.4%     7.470    14.183    89.9%     7.470    14.183    89.9%    34.663    22.562   -34.9%
           ('MedSpanNear', None)     4.832     5.151     6.6%    10.761    12.227    13.6%    13.381    14.835    10.9%    13.381    14.835    10.9%    88.731   127.820    44.1%
               ('MedTerm', None)     0.758     0.706    -6.8%     1.528     1.713    12.1%     1.779     2.183    22.7%     1.779     2.183    22.7%     3.377     4.012    18.8%
  ('MedTermDayTaxoFacets', None)    14.314    14.822     3.5%    18.840    26.560    41.0%    32.609    29.473    -9.6%    32.609    29.473    -9.6%    64.061    68.529     7.0%
            ('OrHighHigh', None)     2.745     2.257   -17.8%     5.530     5.605     1.4%     5.897    23.262   294.4%     5.897    23.262   294.4%    15.247    50.268   229.7%
             ('OrHighLow', None)     0.826     0.889     7.7%     1.618     2.283    41.1%     1.642     2.428    47.9%     1.642     2.428    47.9%     2.588    12.796   394.4%
             ('OrHighMed', None)     1.388     1.394     0.4%     3.610     2.535   -29.8%    11.028     4.893   -55.6%    11.028     4.893   -55.6%    11.123    10.096    -9.2%
('OrHighMedDayTaxoFacets', None)    24.489    22.841    -6.7%    35.128    44.189    25.8%    87.652   102.623    17.1%    87.652   102.623    17.1%   267.957   253.336    -5.5%
         ('OrHighNotHigh', None)     1.621     1.842    13.7%     3.383    10.590   213.0%     5.640    10.928    93.8%     5.640    10.928    93.8%    10.520    11.968    13.8%
          ('OrHighNotLow', None)     1.071     0.996    -7.0%     5.358     7.249    35.3%     7.775    10.550    35.7%     7.775    10.550    35.7%    21.003    12.461   -40.7%
          ('OrHighNotMed', None)     1.254     1.065   -15.1%     5.472     1.809   -66.9%     9.752     2.872   -70.6%     9.752     2.872   -70.6%   119.541   224.113    87.5%
         ('OrNotHighHigh', None)     1.326     1.111   -16.2%     2.279     2.896    27.1%     2.411     9.125   278.5%     2.411     9.125   278.5%    14.039     9.937   -29.2%
          ('OrNotHighLow', None)     0.767     0.866    12.9%     1.453     1.895    30.4%     2.301     2.562    11.3%     2.301     2.562    11.3%     6.240     4.424   -29.1%
          ('OrNotHighMed', None)     1.271     1.163    -8.5%     3.738     3.340   -10.6%     6.324     8.317    31.5%     6.324     8.317    31.5%   156.593   217.030    38.6%
                   ('PKLookup',)     4.584     5.275    15.1%     9.729     7.921   -18.6%    16.878    11.562   -31.5%    16.878    11.562   -31.5%    34.519    29.110   -15.7%
               ('Prefix3', None)     0.765     1.028    34.3%     2.412     3.778    56.6%     9.285     4.379   -52.8%     9.285     4.379   -52.8%    13.771    20.235    46.9%
                    ('Respell',)    15.684    13.081   -16.6%    36.642    36.283    -1.0%    44.008    45.198     2.7%    44.008    45.198     2.7%   159.803   118.747   -25.7%
('TermDateTimeSort', 'DateTime')     2.237     2.328     4.1%     7.277    11.138    53.1%    24.637    19.686   -20.1%    24.637    19.686   -20.1%    26.739    25.049    -6.3%
              ('Wildcard', None)     5.219     5.092    -2.4%    14.722     8.230   -44.1%    21.574    16.737   -22.4%    21.574    16.737   -22.4%    22.875    29.527    29.1%
                 ('range', None)     0.239     0.181   -24.3%     0.466     0.593    27.4%     0.492     0.747    51.6%     0.492     0.747    51.6%     0.523     9.650  1743.3%
                            Task    QPS armA      StdDev    QPS armK      StdDev                Pct diff p-value
                      AndHighLow     2226.95      (7.7%)     1762.68      (3.7%)  -20.8% ( -29% -  -10%) 0.000
                         LowTerm     2530.48      (6.0%)     2139.65      (4.2%)  -15.4% ( -24% -   -5%) 0.000
                    OrNotHighLow     1488.68      (8.5%)     1300.15      (3.6%)  -12.7% ( -22% -    0%) 0.001
                       OrHighLow     1262.87      (2.9%)     1104.11      (5.5%)  -12.6% ( -20% -   -4%) 0.000
                 MedSloppyPhrase      462.47      (4.4%)      422.37     (12.6%)   -8.7% ( -24% -    8%) 0.111
               HighTermTitleSort      119.87      (7.7%)      109.54      (5.9%)   -8.6% ( -20% -    5%) 0.029
                    OrHighNotLow     1081.99     (12.4%)      990.71     (10.4%)   -8.4% ( -27% -   16%) 0.201
                   OrHighNotHigh      808.77     (11.2%)      746.43     (14.1%)   -7.7% ( -29% -   19%) 0.295
                   OrNotHighHigh      943.41      (7.7%)      872.35      (8.5%)   -7.5% ( -22% -    9%) 0.108
                  AndMissingHigh     3298.94      (5.1%)     3071.35      (6.4%)   -6.9% ( -17% -    4%) 0.038
                       OrHighMed      892.13      (8.9%)      831.37      (6.7%)   -6.8% ( -20% -    9%) 0.134
                       LowPhrase      566.69      (6.0%)      530.56     (12.8%)   -6.4% ( -23% -   13%) 0.269
                      AndHighMed      870.34      (5.6%)      815.88      (6.9%)   -6.3% ( -17% -    6%) 0.086
                    OrNotHighMed      912.83      (3.0%)      862.84      (7.5%)   -5.5% ( -15% -    5%) 0.096
                         MedTerm     1579.73      (8.0%)     1496.36      (4.8%)   -5.3% ( -16% -    8%) 0.166
                    OrHighNotMed      927.07     (11.1%)      878.51     (10.4%)   -5.2% ( -24% -   18%) 0.398
                       MedPhrase      325.98      (1.6%)      309.64      (4.7%)   -5.0% ( -11% -    1%) 0.013
                         Prefix3     1302.45      (9.9%)     1239.79      (4.3%)   -4.8% ( -17% -   10%) 0.274
                        HighTerm     1495.76      (2.3%)     1427.20      (4.1%)   -4.6% ( -10% -    1%) 0.018
                HighSloppyPhrase      148.92      (5.0%)      143.35      (5.9%)   -3.7% ( -13% -    7%) 0.235
            MedTermDayTaxoFacets       71.05      (4.7%)       68.46      (6.4%)   -3.6% ( -14% -    7%) 0.261
                     AndHighHigh      624.15      (9.4%)      602.64      (9.2%)   -3.4% ( -20% -   16%) 0.521
               HighTermMonthSort     1437.27      (5.4%)     1388.74      (5.4%)   -3.4% ( -13% -    7%) 0.279
                      TermDTSort      454.40      (3.6%)      440.90      (2.4%)   -3.0% (  -8% -    3%) 0.093
                        PKLookup      214.68     (12.9%)      208.93      (7.8%)   -2.7% ( -20% -   20%) 0.664
                     LowSpanNear      228.46      (8.8%)      222.42      (3.0%)   -2.6% ( -13% -   10%) 0.486
           HighTermDayOfYearSort      530.83      (7.0%)      517.21      (7.2%)   -2.6% ( -15% -   12%) 0.532
        AndHighHighDayTaxoFacets       70.25      (5.5%)       68.67      (6.0%)   -2.3% ( -13% -    9%) 0.499
                          IntNRQ     1142.98      (6.3%)     1121.43      (5.8%)   -1.9% ( -13% -   10%) 0.590
                          Fuzzy2       78.32      (6.4%)       76.97      (4.8%)   -1.7% ( -12% -   10%) 0.595
                     MedSpanNear      198.54      (7.9%)      195.40      (4.9%)   -1.6% ( -13% -   12%) 0.678
            HighIntervalsOrdered       62.67      (5.9%)       61.76      (5.2%)   -1.5% ( -11% -   10%) 0.649
                 LowSloppyPhrase      275.38      (8.7%)      271.85      (3.2%)   -1.3% ( -12% -   11%) 0.736
             MedIntervalsOrdered       73.91      (7.1%)       73.13      (5.2%)   -1.1% ( -12% -   12%) 0.769
                      HighPhrase      252.40      (5.3%)      249.79      (4.6%)   -1.0% ( -10% -    9%) 0.718
            BrowseDateTaxoFacets       15.09      (1.6%)       14.99      (7.9%)   -0.7% ( -10% -    8%) 0.831
             LowIntervalsOrdered      137.52      (6.4%)      136.59      (5.3%)   -0.7% ( -11% -   11%) 0.842
     BrowseRandomLabelSSDVFacets       11.33      (5.9%)       11.26      (5.9%)   -0.6% ( -11% -   11%) 0.851
                    HighSpanNear      165.43      (5.1%)      164.59      (3.0%)   -0.5% (  -8% -    8%) 0.834
         AndHighMedDayTaxoFacets       80.74      (1.6%)       80.37      (1.9%)   -0.5% (  -3% -    3%) 0.645
       BrowseDayOfYearTaxoFacets       15.98      (3.1%)       15.93      (5.2%)   -0.3% (  -8% -    8%) 0.901
                      OrHighHigh      455.70     (10.4%)      456.93      (6.7%)    0.3% ( -15% -   19%) 0.957
                        BM25MSM2       47.16      (6.9%)       47.38      (4.3%)    0.5% ( -10% -   12%) 0.891
                          Fuzzy1      113.60      (3.9%)      114.24      (4.1%)    0.6% (  -7% -    8%) 0.808
       BrowseDayOfYearSSDVFacets       15.70      (8.4%)       15.81      (8.2%)    0.7% ( -14% -   18%) 0.884
                        Wildcard      195.26      (1.7%)      196.75      (3.1%)    0.8% (  -3% -    5%) 0.594
           BrowseMonthSSDVFacets       16.78     (11.6%)       16.92     (13.4%)    0.8% ( -21% -   29%) 0.911
            HighTermTitleBDVSort       55.83      (6.2%)       56.67      (5.3%)    1.5% (  -9% -   13%) 0.654
     BrowseRandomLabelTaxoFacets       12.44      (5.3%)       12.64      (4.0%)    1.6% (  -7% -   11%) 0.553
                          IntSet      666.06      (9.8%)      679.45      (6.0%)    2.0% ( -12% -   19%) 0.669
                       ConstMSM2     1476.00     (10.8%)     1528.30      (8.6%)    3.5% ( -14% -   25%) 0.529
                         Respell       69.42      (6.6%)       72.21      (9.3%)    4.0% ( -11% -   21%) 0.389
            BrowseDateSSDVFacets        2.84      (5.0%)        2.97      (5.7%)    4.9% (  -5% -   16%) 0.115
          OrHighMedDayTaxoFacets       38.90     (10.4%)       41.07      (5.0%)    5.6% (  -8% -   23%) 0.236
                           range     5529.69     (10.7%)     5889.51      (8.0%)    6.5% ( -10% -   28%) 0.232
           BrowseMonthTaxoFacets       37.35     (34.4%)       41.40      (8.5%)   10.9% ( -23% -   81%) 0.453
  iter 6
    armK:
      NOTE: using experimental CPU time profiler (see https://mostlynerdless.de/blog/2025/06/11/java-25s-new-cpu-time-profiler-1)
      log: /home/goankur/vsearch/logs/FAK.armK.6 + stdout
      run: /usr/bin/perf stat -dd -e task-clock,cycles,instructions,cache-references,cache-misses,L1-dcache-loads,L1-dcache-load-misses,L1-icache-loads,L1-icache-load-misses,LLC-loads,LLC-load-misses,LLC-stores,LLC-store-misses,LLC-prefetches,LLC-prefetch-misses,faults,minor-faults,major-faults,branches,branch-misses,stalled-cycles-frontend,stalled-cycles-backend /home/goankur/jdk/corretto-25/bin/java -server -Xms2g -Xmx2g --add-modules jdk.incubator.vector -XX:+HeapDumpOnOutOfMemoryError -XX:+UseParallelGC -XX:StartFlightRecording=jdk.CPUTimeSample#enabled=true,dumponexit=true,maxsize=250M,settings=/home/goankur/vsearch/util/src/python/profiling.jfc,filename=/home/goankur/vsearch/logs/bench-search-FAK-armK-6.jfr -XX:+UnlockDiagnosticVMOptions -XX:+DebugNonSafepoints -classpath /home/goankur/vsearch/bo/lucene-K/lucene/core/build/libs/lucene-core-11.0.0-SNAPSHOT.jar:/home/goankur/vsearch/bo/lucene-K/lucene/sandbox/build/classes/java/main:/home/goankur/vsearch/bo/lucene-K/lucene/misc/build/classes/java/main:/home/goankur/vsearch/bo/lucene-K/lucene/facet/build/classes/java/main:/home/goankur/vsearch/bo/lucene-K/lucene/analysis/common/build/classes/java/main:/home/goankur/vsearch/bo/lucene-K/lucene/analysis/icu/build/classes/java/main:/home/goankur/vsearch/bo/lucene-K/lucene/queryparser/build/classes/java/main:/home/goankur/vsearch/bo/lucene-K/lucene/grouping/build/classes/java/main:/home/goankur/vsearch/bo/lucene-K/lucene/suggest/build/classes/java/main:/home/goankur/vsearch/bo/lucene-K/lucene/highlighter/build/classes/java/main:/home/goankur/vsearch/bo/lucene-K/lucene/codecs/build/classes/java/main:/home/goankur/vsearch/bo/lucene-K/lucene/queries/build/classes/java/main:/home/goankur/vsearch/bo/lucene-K/lucene/join/build/classes/java/main:/home/goankur/vsearch/bo/lucene-K/lucene/spatial3d/build/classes/java/main:/home/goankur/vsearch/util/lib/HdrHistogram.jar:/home/goankur/vsearch/util/src/main/build/classes/java/main:/home/goankur/vsearch/util/build perf.SearchPerfTest -dirImpl MMapDirectory -indexPath /home/goankur/vsearch/indices/wikimedium10m.lucene-A.facets.taxonomy:Date.taxonomy:Month.taxonomy:DayOfYear.sortedset:Date.sortedset:Month.sortedset:DayOfYear.taxonomy:RandomLabel.sortedset:RandomLabel.Lucene90.Lucene104.dvfields.nd10M -facets taxonomy:Date;Date -facets taxonomy:Month;Month -facets taxonomy:DayOfYear;DayOfYear -facets sortedset:Date;Date -facets sortedset:Month;Month -facets sortedset:DayOfYear;DayOfYear -facets taxonomy:RandomLabel;RandomLabel -facets sortedset:RandomLabel;RandomLabel -analyzer StandardAnalyzer -taskSource /home/goankur/vsearch/util/tasks/wikimedium.10M.nostopwords.tasks -numConcurrentQueries 5 -taskRepeatCount 20 -field body -tasksPerCat 1 -searchConcurrency -1 -staticSeed 7331 -seed 545976 -similarity BM25Similarity -commit multi -hiliteImpl FastVectorHighlighter -log /home/goankur/vsearch/logs/FAK.armK.6 -topN 100 -context  -pk -pollute
      8.9 s
      280.5 actual sustained QPS; -1.0 CPU cores used
    armA:
      NOTE: using experimental CPU time profiler (see https://mostlynerdless.de/blog/2025/06/11/java-25s-new-cpu-time-profiler-1)
      log: /home/goankur/vsearch/logs/FAK.armA.6 + stdout
      run: /usr/bin/perf stat -dd -e task-clock,cycles,instructions,cache-references,cache-misses,L1-dcache-loads,L1-dcache-load-misses,L1-icache-loads,L1-icache-load-misses,LLC-loads,LLC-load-misses,LLC-stores,LLC-store-misses,LLC-prefetches,LLC-prefetch-misses,faults,minor-faults,major-faults,branches,branch-misses,stalled-cycles-frontend,stalled-cycles-backend /home/goankur/jdk/corretto-25/bin/java -server -Xms2g -Xmx2g --add-modules jdk.incubator.vector -XX:+HeapDumpOnOutOfMemoryError -XX:+UseParallelGC -XX:StartFlightRecording=jdk.CPUTimeSample#enabled=true,dumponexit=true,maxsize=250M,settings=/home/goankur/vsearch/util/src/python/profiling.jfc,filename=/home/goankur/vsearch/logs/bench-search-FAK-armA-6.jfr -XX:+UnlockDiagnosticVMOptions -XX:+DebugNonSafepoints -classpath /home/goankur/vsearch/bo/lucene-A/lucene/core/build/libs/lucene-core-11.0.0-SNAPSHOT.jar:/home/goankur/vsearch/bo/lucene-A/lucene/sandbox/build/classes/java/main:/home/goankur/vsearch/bo/lucene-A/lucene/misc/build/classes/java/main:/home/goankur/vsearch/bo/lucene-A/lucene/facet/build/classes/java/main:/home/goankur/vsearch/bo/lucene-A/lucene/analysis/common/build/classes/java/main:/home/goankur/vsearch/bo/lucene-A/lucene/analysis/icu/build/classes/java/main:/home/goankur/vsearch/bo/lucene-A/lucene/queryparser/build/classes/java/main:/home/goankur/vsearch/bo/lucene-A/lucene/grouping/build/classes/java/main:/home/goankur/vsearch/bo/lucene-A/lucene/suggest/build/classes/java/main:/home/goankur/vsearch/bo/lucene-A/lucene/highlighter/build/classes/java/main:/home/goankur/vsearch/bo/lucene-A/lucene/codecs/build/classes/java/main:/home/goankur/vsearch/bo/lucene-A/lucene/queries/build/classes/java/main:/home/goankur/vsearch/bo/lucene-A/lucene/join/build/classes/java/main:/home/goankur/vsearch/bo/lucene-A/lucene/spatial3d/build/classes/java/main:/home/goankur/vsearch/util/lib/HdrHistogram.jar:/home/goankur/vsearch/util/src/main/build/classes/java/main:/home/goankur/vsearch/util/build perf.SearchPerfTest -dirImpl MMapDirectory -indexPath /home/goankur/vsearch/indices/wikimedium10m.lucene-A.facets.taxonomy:Date.taxonomy:Month.taxonomy:DayOfYear.sortedset:Date.sortedset:Month.sortedset:DayOfYear.taxonomy:RandomLabel.sortedset:RandomLabel.Lucene90.Lucene104.dvfields.nd10M -facets taxonomy:Date;Date -facets taxonomy:Month;Month -facets taxonomy:DayOfYear;DayOfYear -facets sortedset:Date;Date -facets sortedset:Month;Month -facets sortedset:DayOfYear;DayOfYear -facets taxonomy:RandomLabel;RandomLabel -facets sortedset:RandomLabel;RandomLabel -analyzer StandardAnalyzer -taskSource /home/goankur/vsearch/util/tasks/wikimedium.10M.nostopwords.tasks -numConcurrentQueries 5 -taskRepeatCount 20 -field body -tasksPerCat 1 -searchConcurrency -1 -staticSeed 7331 -seed 545976 -similarity BM25Similarity -commit multi -hiliteImpl FastVectorHighlighter -log /home/goankur/vsearch/logs/FAK.armA.6 -topN 100 -context  -pk -pollute
      9.0 s
      279.5 actual sustained QPS; -1.0 CPU cores used

Report after iter 6:
QPSChart.supported == False
                            Task     P50 B     P50 C     Diff     P90 B     P90 C     Diff     P99 B     P99 C     Diff    P999 B    P999 C     Diff    P100 B    P100 C     Diff
           ('AndHighHigh', None)     1.441     2.282    58.3%     5.154     4.243   -17.7%     9.222     5.871   -36.3%     9.222     5.871   -36.3%    64.835    38.063   -41.3%
('AndHighHighDayTaxoFacets', None)    15.116    15.630     3.4%    21.481    25.443    18.4%    41.522    36.042   -13.2%    41.522    36.042   -13.2%    89.294    87.179    -2.4%
            ('AndHighLow', None)     0.506     0.631    24.7%     1.068     1.430    33.9%     1.312     1.554    18.5%     1.312     1.554    18.5%     5.001    10.134   102.6%
            ('AndHighMed', None)     1.058     1.242    17.4%     5.276     3.361   -36.3%    10.716     5.825   -45.6%    10.716     5.825   -45.6%   133.309   113.343   -15.0%
('AndHighMedDayTaxoFacets', None)    13.403    12.886    -3.9%    17.712    22.961    29.6%    25.876    24.228    -6.4%    25.876    24.228    -6.4%    89.513    90.861     1.5%
     ('AndMissingHigh', 'Title')     0.283     0.309     9.4%     0.751     0.881    17.3%     0.941     1.408    49.7%     0.941     1.408    49.7%     1.062     1.481    39.4%
              ('BM25MSM2', None)    21.134    25.373    20.1%    49.150    39.385   -19.9%    55.982    48.317   -13.7%    55.982    48.317   -13.7%   199.780   127.606   -36.1%
  ('BrowseDateSSDVFacets', None)   329.359   336.171     2.1%   378.265   373.201    -1.3%   387.671   387.631    -0.0%   387.671   387.631    -0.0%   490.605   512.567     4.5%
  ('BrowseDateTaxoFacets', None)    62.948    67.993     8.0%    73.981    78.664     6.3%    87.115    78.861    -9.5%    87.115    78.861    -9.5%   309.325   233.048   -24.7%
('BrowseDayOfYearSSDVFacets', None)    66.736    68.095     2.0%    87.054   101.925    17.1%    90.089   107.409    19.2%    90.089   107.409    19.2%   195.837   431.232   120.2%
('BrowseDayOfYearTaxoFacets', None)    66.556    64.303    -3.4%    82.242    77.627    -5.6%    88.894    80.189    -9.8%    88.894    80.189    -9.8%   104.940    82.308   -21.6%
 ('BrowseMonthSSDVFacets', None)    69.089    49.956   -27.7%    85.110    54.588   -35.9%    87.968    59.966   -31.8%    87.968    59.966   -31.8%   135.996    62.117   -54.3%
 ('BrowseMonthTaxoFacets', None)    24.474    25.467     4.1%    32.641    30.766    -5.7%    93.069    86.918    -6.6%    93.069    86.918    -6.6%   308.861   233.562   -24.4%
('BrowseRandomLabelSSDVFacets', None)    94.230    97.374     3.3%   161.432   146.490    -9.3%   168.897   168.580    -0.2%   168.897   168.580    -0.2%   307.034   516.269    68.1%
('BrowseRandomLabelTaxoFacets', None)    83.902    80.270    -4.3%    95.659   108.728    13.7%   119.279   112.894    -5.4%   119.279   112.894    -5.4%   124.082   126.150     1.7%
             ('ConstMSM2', None)     0.632     0.634     0.3%     1.390     1.457     4.8%     1.647     1.828    11.0%     1.647     1.828    11.0%    42.296    22.514   -46.8%
                ('Fuzzy1', None)     8.639     8.855     2.5%    20.582    20.281    -1.5%    30.973    28.461    -8.1%    30.973    28.461    -8.1%    92.661    83.781    -9.6%
                ('Fuzzy2', None)    13.276    13.051    -1.7%    29.433    32.016     8.8%    48.790    36.456   -25.3%    48.790    36.456   -25.3%    71.997    83.917    16.6%
  ('HighIntervalsOrdered', None)    16.872    15.714    -6.9%    26.693    22.915   -14.2%    31.759    27.534   -13.3%    31.759    27.534   -13.3%    51.170    53.109     3.8%
            ('HighPhrase', None)     3.733     4.259    14.1%     9.067     8.629    -4.8%    10.956     9.452   -13.7%    10.956     9.452   -13.7%    39.067    32.002   -18.1%
      ('HighSloppyPhrase', None)     7.065     7.407     4.8%    17.002    14.894   -12.4%    20.552    27.168    32.2%    20.552    27.168    32.2%    50.795    40.728   -19.8%
          ('HighSpanNear', None)     5.917     6.836    15.5%    14.508    12.935   -10.8%    16.885    15.423    -8.7%    16.885    15.423    -8.7%    23.364    18.304   -21.7%
              ('HighTerm', None)     0.767     0.705    -8.1%     1.599     1.683     5.2%     2.205     5.432   146.4%     2.205     5.432   146.4%    12.005    23.896    99.1%
('HighTermDayOfYearSort', 'DayOfYear')     1.899     2.020     6.4%     6.360     5.955    -6.4%    11.984    12.383     3.3%    11.984    12.383     3.3%    74.811    44.948   -39.9%
  ('HighTermMonthSort', 'Month')     0.808     0.688   -14.8%     1.482     2.523    70.2%     2.547     4.963    94.9%     2.547     4.963    94.9%    13.293    21.770    63.8%
('HighTermTitleBDVSort', 'TitleBinary')    17.417    17.682     1.5%    32.770    31.973    -2.4%    34.705    41.806    20.5%    34.705    41.806    20.5%    76.852    92.533    20.4%
  ('HighTermTitleSort', 'Title')    10.144     8.515   -16.1%    30.639    23.661   -22.8%    39.127    28.303   -27.7%    39.127    28.303   -27.7%    74.150    75.100     1.3%
                ('IntNRQ', None)     0.929     1.182    27.3%     2.191     3.566    62.7%     2.591    20.245   681.5%     2.591    20.245   681.5%    40.342    56.617    40.3%
                ('IntSet', None)     1.368     1.437     5.0%     5.523     5.367    -2.8%    15.009     7.617   -49.2%    15.009     7.617   -49.2%    35.834    46.955    31.0%
   ('LowIntervalsOrdered', None)     7.490     9.061    21.0%    16.564    13.468   -18.7%    18.140    20.079    10.7%    18.140    20.079    10.7%    94.961    80.814   -14.9%
             ('LowPhrase', None)     1.779     1.823     2.5%     4.628     4.874     5.3%     5.606     4.939   -11.9%     5.606     4.939   -11.9%     9.299     6.810   -26.8%
       ('LowSloppyPhrase', None)     3.406     3.659     7.4%    11.262     7.996   -29.0%    11.693    15.660    33.9%    11.693    15.660    33.9%   108.870    89.008   -18.2%
           ('LowSpanNear', None)     4.338     4.350     0.3%     8.530     7.782    -8.8%    11.825    10.743    -9.2%    11.825    10.743    -9.2%    23.083    12.266   -46.9%
               ('LowTerm', None)     0.431     0.503    16.8%     0.886     1.562    76.2%     1.163     2.274    95.5%     1.163     2.274    95.5%     2.069     2.358    13.9%
   ('MedIntervalsOrdered', None)    13.307    13.053    -1.9%    23.636    28.392    20.1%    29.283    33.179    13.3%    29.283    33.179    13.3%    34.268    36.757     7.3%
             ('MedPhrase', None)     3.070     3.310     7.8%     6.292     6.475     2.9%    17.791     8.093   -54.5%    17.791     8.093   -54.5%    40.123    56.816    41.6%
       ('MedSloppyPhrase', None)     2.541     2.696     6.1%     7.306     6.040   -17.3%     8.212     6.754   -17.8%     8.212     6.754   -17.8%     9.191     9.761     6.2%
           ('MedSpanNear', None)     4.914     5.285     7.6%     8.926     9.972    11.7%    17.167    13.525   -21.2%    17.167    13.525   -21.2%   188.668   113.642   -39.8%
               ('MedTerm', None)     0.575     0.651    13.2%     1.265     1.144    -9.6%     1.771     1.204   -32.0%     1.771     1.204   -32.0%     4.360    15.159   247.7%
  ('MedTermDayTaxoFacets', None)    15.370    15.641     1.8%    19.717    19.776     0.3%    37.911    42.496    12.1%    37.911    42.496    12.1%    41.391    64.793    56.5%
            ('OrHighHigh', None)     2.166     2.210     2.0%     4.979     5.524    11.0%     7.817     6.255   -20.0%     7.817     6.255   -20.0%    17.190    40.203   133.9%
             ('OrHighLow', None)     0.818     0.950    16.1%     1.919     2.659    38.6%     3.499     4.570    30.6%     3.499     4.570    30.6%     8.114    10.815    33.3%
             ('OrHighMed', None)     1.209     1.394    15.3%     2.950     3.854    30.6%     4.283     7.788    81.8%     4.283     7.788    81.8%    20.698     8.608   -58.4%
('OrHighMedDayTaxoFacets', None)    25.595    22.296   -12.9%    46.439    42.814    -7.8%    86.459    42.935   -50.3%    86.459    42.935   -50.3%   176.583   147.610   -16.4%
         ('OrHighNotHigh', None)     1.087     1.142     5.1%     2.410     4.501    86.8%     8.359     6.209   -25.7%     8.359     6.209   -25.7%    85.686   102.682    19.8%
          ('OrHighNotLow', None)     0.938     0.943     0.5%     2.988     1.813   -39.3%     4.701     4.195   -10.8%     4.701     4.195   -10.8%    11.030     5.484   -50.3%
          ('OrHighNotMed', None)     1.033     1.109     7.4%    11.666     4.701   -59.7%    11.877    10.456   -12.0%    11.877    10.456   -12.0%    14.195    15.061     6.1%
         ('OrNotHighHigh', None)     1.024     1.209    18.1%     2.243     2.761    23.1%     3.367     3.292    -2.2%     3.367     3.292    -2.2%     5.589     9.248    65.5%
          ('OrNotHighLow', None)     0.650     0.694     6.8%     1.265     2.049    61.9%     1.302     2.055    57.9%     1.302     2.055    57.9%    89.164    99.022    11.1%
          ('OrNotHighMed', None)     1.252     1.192    -4.8%     5.609     3.319   -40.8%     8.095     4.456   -45.0%     8.095     4.456   -45.0%    10.203     4.796   -53.0%
                   ('PKLookup',)     5.399     5.321    -1.5%     7.230    11.569    60.0%    11.097    12.206    10.0%    11.097    12.206    10.0%    23.119    15.577   -32.6%
               ('Prefix3', None)     0.860     0.854    -0.7%     4.502     4.400    -2.3%     5.520    12.227   121.5%     5.520    12.227   121.5%    46.457    48.923     5.3%
                    ('Respell',)    13.218    14.881    12.6%    31.533    25.936   -17.8%    42.227    37.420   -11.4%    42.227    37.420   -11.4%    42.524    66.894    57.3%
('TermDateTimeSort', 'DateTime')     2.272     2.254    -0.8%     9.203     6.742   -26.7%    16.618    15.095    -9.2%    16.618    15.095    -9.2%    92.832    43.004   -53.7%
              ('Wildcard', None)     5.315     5.090    -4.2%    14.453    17.859    23.6%    22.026    17.960   -18.5%    22.026    17.960   -18.5%    89.009    88.807    -0.2%
                 ('range', None)     0.176     0.168    -4.4%     0.518     0.498    -4.0%     0.625     0.617    -1.3%     0.625     0.617    -1.3%     2.528     2.353    -6.9%
                            Task    QPS armA      StdDev    QPS armK      StdDev                Pct diff p-value
                      AndHighLow     2227.59      (7.0%)     1762.33      (3.4%)  -20.9% ( -29% -  -11%) 0.000
                         LowTerm     2522.00      (5.6%)     2134.75      (3.9%)  -15.4% ( -23% -   -6%) 0.000
                       OrHighLow     1277.16      (3.9%)     1103.69      (4.9%)  -13.6% ( -21% -   -4%) 0.000
                    OrNotHighLow     1515.24      (9.0%)     1329.84      (6.1%)  -12.2% ( -25% -    3%) 0.003
                   OrNotHighHigh      955.44      (7.7%)      872.95      (7.7%)   -8.6% ( -22% -    7%) 0.036
                 MedSloppyPhrase      458.64      (4.6%)      422.71     (11.6%)   -7.8% ( -22% -    8%) 0.096
                    OrHighNotLow     1082.74     (11.3%)     1001.51      (9.8%)   -7.5% ( -25% -   15%) 0.185
                      AndHighMed      885.97      (6.9%)      823.32      (6.6%)   -7.1% ( -19% -    6%) 0.049
                   OrHighNotHigh      826.37     (11.5%)      768.32     (14.4%)   -7.0% ( -29% -   21%) 0.314
                     AndHighHigh      639.72     (10.6%)      595.16      (8.8%)   -7.0% ( -23% -   13%) 0.179
                  AndMissingHigh     3338.43      (5.6%)     3110.03      (6.5%)   -6.8% ( -17% -    5%) 0.034
                       OrHighMed      888.63      (8.2%)      828.98      (6.2%)   -6.7% ( -19% -    8%) 0.084
                         MedTerm     1607.83      (8.5%)     1509.44      (4.8%)   -6.1% ( -17% -    7%) 0.099
                       LowPhrase      567.71      (5.5%)      534.45     (11.8%)   -5.9% ( -21% -   12%) 0.233
                    OrHighNotMed      936.02     (10.3%)      886.44      (9.7%)   -5.3% ( -22% -   16%) 0.322
                    OrNotHighMed      914.31      (2.8%)      867.39      (6.9%)   -5.1% ( -14% -    4%) 0.069
               HighTermTitleSort      118.27      (8.0%)      112.24      (8.1%)   -5.1% ( -19% -   11%) 0.236
                       MedPhrase      326.22      (1.5%)      309.65      (4.3%)   -5.1% ( -10% -    0%) 0.003
                HighSloppyPhrase      148.08      (4.8%)      142.28      (5.8%)   -3.9% ( -13% -    6%) 0.166
           HighTermDayOfYearSort      534.47      (6.6%)      515.84      (6.6%)   -3.5% ( -15% -   10%) 0.322
                         Prefix3     1293.87      (9.2%)     1251.16      (4.6%)   -3.3% ( -15% -   11%) 0.398
            MedTermDayTaxoFacets       70.34      (5.1%)       68.06      (6.1%)   -3.2% ( -13% -    8%) 0.279
                     LowSpanNear      230.67      (8.4%)      223.91      (3.2%)   -2.9% ( -13% -    9%) 0.386
                        HighTerm     1478.89      (3.7%)     1436.97      (4.2%)   -2.8% ( -10% -    5%) 0.180
                      TermDTSort      454.45      (3.3%)      441.87      (2.3%)   -2.8% (  -8% -    2%) 0.067
                        PKLookup      211.65     (12.5%)      206.47      (7.9%)   -2.4% ( -20% -   20%) 0.662
                 LowSloppyPhrase      279.43      (8.7%)      272.81      (3.0%)   -2.4% ( -13% -   10%) 0.498
             LowIntervalsOrdered      138.01      (5.9%)      134.74      (6.0%)   -2.4% ( -13% -   10%) 0.457
                    HighSpanNear      166.98      (5.2%)      163.05      (3.7%)   -2.4% ( -10% -    6%) 0.329
                     MedSpanNear      199.56      (7.3%)      194.93      (4.5%)   -2.3% ( -13% -   10%) 0.476
               HighTermMonthSort     1438.32      (4.9%)     1405.93      (5.9%)   -2.3% ( -12% -    8%) 0.436
                      HighPhrase      254.86      (5.5%)      249.29      (4.2%)   -2.2% ( -11% -    7%) 0.399
        AndHighHighDayTaxoFacets       69.79      (5.4%)       68.27      (5.7%)   -2.2% ( -12% -    9%) 0.463
                        BM25MSM2       47.41      (6.4%)       46.39      (6.7%)   -2.1% ( -14% -   11%) 0.542
                          IntNRQ     1135.62      (6.0%)     1113.72      (5.6%)   -1.9% ( -12% -   10%) 0.536
            BrowseDateTaxoFacets       15.24      (2.9%)       14.97      (7.1%)   -1.8% ( -11% -    8%) 0.545
     BrowseRandomLabelSSDVFacets       11.29      (5.5%)       11.13      (6.2%)   -1.5% ( -12% -   10%) 0.637
                          Fuzzy1      115.47      (5.5%)      114.61      (3.8%)   -0.7% (  -9% -    9%) 0.769
         AndHighMedDayTaxoFacets       80.87      (1.5%)       80.47      (1.7%)   -0.5% (  -3% -    2%) 0.569
             MedIntervalsOrdered       74.15      (6.5%)       73.84      (5.4%)   -0.4% ( -11% -   12%) 0.896
                      OrHighHigh      459.85      (9.7%)      458.09      (6.1%)   -0.4% ( -14% -   17%) 0.930
            HighIntervalsOrdered       62.33      (5.6%)       62.25      (5.2%)   -0.1% ( -10% -   11%) 0.965
                          Fuzzy2       77.99      (5.9%)       78.12      (5.9%)    0.2% ( -11% -   12%) 0.960
                        Wildcard      196.02      (1.9%)      196.84      (2.8%)    0.4% (  -4% -    5%) 0.741
       BrowseDayOfYearTaxoFacets       15.87      (3.3%)       15.94      (4.7%)    0.5% (  -7% -    8%) 0.832
       BrowseDayOfYearSSDVFacets       15.63      (7.8%)       15.74      (7.7%)    0.6% ( -13% -   17%) 0.877
                          IntSet      679.19     (10.2%)      683.70      (5.6%)    0.7% ( -13% -   18%) 0.880
            HighTermTitleBDVSort       56.34      (6.1%)       56.96      (5.0%)    1.1% (  -9% -   13%) 0.713
     BrowseRandomLabelTaxoFacets       12.45      (4.8%)       12.63      (3.7%)    1.5% (  -6% -   10%) 0.517
                         Respell       70.65      (7.5%)       72.11      (8.4%)    2.1% ( -12% -   19%) 0.626
            BrowseDateSSDVFacets        2.87      (5.7%)        2.98      (5.1%)    3.6% (  -6% -   15%) 0.219
                       ConstMSM2     1494.10     (10.3%)     1549.72      (8.6%)    3.7% ( -13% -   25%) 0.462
                           range     5611.81     (10.4%)     5899.11      (7.2%)    5.1% ( -11% -   25%) 0.283
           BrowseMonthSSDVFacets       16.49     (11.7%)       17.37     (14.5%)    5.4% ( -18% -   35%) 0.447
          OrHighMedDayTaxoFacets       39.32      (9.8%)       41.81      (6.7%)    6.4% (  -9% -   25%) 0.157
           BrowseMonthTaxoFacets       38.13     (31.2%)       41.59      (7.7%)    9.1% ( -22% -   69%) 0.455
  iter 7
    armA:
      NOTE: using experimental CPU time profiler (see https://mostlynerdless.de/blog/2025/06/11/java-25s-new-cpu-time-profiler-1)
      log: /home/goankur/vsearch/logs/FAK.armA.7 + stdout
      run: /usr/bin/perf stat -dd -e task-clock,cycles,instructions,cache-references,cache-misses,L1-dcache-loads,L1-dcache-load-misses,L1-icache-loads,L1-icache-load-misses,LLC-loads,LLC-load-misses,LLC-stores,LLC-store-misses,LLC-prefetches,LLC-prefetch-misses,faults,minor-faults,major-faults,branches,branch-misses,stalled-cycles-frontend,stalled-cycles-backend /home/goankur/jdk/corretto-25/bin/java -server -Xms2g -Xmx2g --add-modules jdk.incubator.vector -XX:+HeapDumpOnOutOfMemoryError -XX:+UseParallelGC -XX:StartFlightRecording=jdk.CPUTimeSample#enabled=true,dumponexit=true,maxsize=250M,settings=/home/goankur/vsearch/util/src/python/profiling.jfc,filename=/home/goankur/vsearch/logs/bench-search-FAK-armA-7.jfr -XX:+UnlockDiagnosticVMOptions -XX:+DebugNonSafepoints -classpath /home/goankur/vsearch/bo/lucene-A/lucene/core/build/libs/lucene-core-11.0.0-SNAPSHOT.jar:/home/goankur/vsearch/bo/lucene-A/lucene/sandbox/build/classes/java/main:/home/goankur/vsearch/bo/lucene-A/lucene/misc/build/classes/java/main:/home/goankur/vsearch/bo/lucene-A/lucene/facet/build/classes/java/main:/home/goankur/vsearch/bo/lucene-A/lucene/analysis/common/build/classes/java/main:/home/goankur/vsearch/bo/lucene-A/lucene/analysis/icu/build/classes/java/main:/home/goankur/vsearch/bo/lucene-A/lucene/queryparser/build/classes/java/main:/home/goankur/vsearch/bo/lucene-A/lucene/grouping/build/classes/java/main:/home/goankur/vsearch/bo/lucene-A/lucene/suggest/build/classes/java/main:/home/goankur/vsearch/bo/lucene-A/lucene/highlighter/build/classes/java/main:/home/goankur/vsearch/bo/lucene-A/lucene/codecs/build/classes/java/main:/home/goankur/vsearch/bo/lucene-A/lucene/queries/build/classes/java/main:/home/goankur/vsearch/bo/lucene-A/lucene/join/build/classes/java/main:/home/goankur/vsearch/bo/lucene-A/lucene/spatial3d/build/classes/java/main:/home/goankur/vsearch/util/lib/HdrHistogram.jar:/home/goankur/vsearch/util/src/main/build/classes/java/main:/home/goankur/vsearch/util/build perf.SearchPerfTest -dirImpl MMapDirectory -indexPath /home/goankur/vsearch/indices/wikimedium10m.lucene-A.facets.taxonomy:Date.taxonomy:Month.taxonomy:DayOfYear.sortedset:Date.sortedset:Month.sortedset:DayOfYear.taxonomy:RandomLabel.sortedset:RandomLabel.Lucene90.Lucene104.dvfields.nd10M -facets taxonomy:Date;Date -facets taxonomy:Month;Month -facets taxonomy:DayOfYear;DayOfYear -facets sortedset:Date;Date -facets sortedset:Month;Month -facets sortedset:DayOfYear;DayOfYear -facets taxonomy:RandomLabel;RandomLabel -facets sortedset:RandomLabel;RandomLabel -analyzer StandardAnalyzer -taskSource /home/goankur/vsearch/util/tasks/wikimedium.10M.nostopwords.tasks -numConcurrentQueries 5 -taskRepeatCount 20 -field body -tasksPerCat 1 -searchConcurrency -1 -staticSeed 7331 -seed -7135919 -similarity BM25Similarity -commit multi -hiliteImpl FastVectorHighlighter -log /home/goankur/vsearch/logs/FAK.armA.7 -topN 100 -context  -pk -pollute
      9.3 s
      252.9 actual sustained QPS; -1.0 CPU cores used
    armK:
      NOTE: using experimental CPU time profiler (see https://mostlynerdless.de/blog/2025/06/11/java-25s-new-cpu-time-profiler-1)
      log: /home/goankur/vsearch/logs/FAK.armK.7 + stdout
      run: /usr/bin/perf stat -dd -e task-clock,cycles,instructions,cache-references,cache-misses,L1-dcache-loads,L1-dcache-load-misses,L1-icache-loads,L1-icache-load-misses,LLC-loads,LLC-load-misses,LLC-stores,LLC-store-misses,LLC-prefetches,LLC-prefetch-misses,faults,minor-faults,major-faults,branches,branch-misses,stalled-cycles-frontend,stalled-cycles-backend /home/goankur/jdk/corretto-25/bin/java -server -Xms2g -Xmx2g --add-modules jdk.incubator.vector -XX:+HeapDumpOnOutOfMemoryError -XX:+UseParallelGC -XX:StartFlightRecording=jdk.CPUTimeSample#enabled=true,dumponexit=true,maxsize=250M,settings=/home/goankur/vsearch/util/src/python/profiling.jfc,filename=/home/goankur/vsearch/logs/bench-search-FAK-armK-7.jfr -XX:+UnlockDiagnosticVMOptions -XX:+DebugNonSafepoints -classpath /home/goankur/vsearch/bo/lucene-K/lucene/core/build/libs/lucene-core-11.0.0-SNAPSHOT.jar:/home/goankur/vsearch/bo/lucene-K/lucene/sandbox/build/classes/java/main:/home/goankur/vsearch/bo/lucene-K/lucene/misc/build/classes/java/main:/home/goankur/vsearch/bo/lucene-K/lucene/facet/build/classes/java/main:/home/goankur/vsearch/bo/lucene-K/lucene/analysis/common/build/classes/java/main:/home/goankur/vsearch/bo/lucene-K/lucene/analysis/icu/build/classes/java/main:/home/goankur/vsearch/bo/lucene-K/lucene/queryparser/build/classes/java/main:/home/goankur/vsearch/bo/lucene-K/lucene/grouping/build/classes/java/main:/home/goankur/vsearch/bo/lucene-K/lucene/suggest/build/classes/java/main:/home/goankur/vsearch/bo/lucene-K/lucene/highlighter/build/classes/java/main:/home/goankur/vsearch/bo/lucene-K/lucene/codecs/build/classes/java/main:/home/goankur/vsearch/bo/lucene-K/lucene/queries/build/classes/java/main:/home/goankur/vsearch/bo/lucene-K/lucene/join/build/classes/java/main:/home/goankur/vsearch/bo/lucene-K/lucene/spatial3d/build/classes/java/main:/home/goankur/vsearch/util/lib/HdrHistogram.jar:/home/goankur/vsearch/util/src/main/build/classes/java/main:/home/goankur/vsearch/util/build perf.SearchPerfTest -dirImpl MMapDirectory -indexPath /home/goankur/vsearch/indices/wikimedium10m.lucene-A.facets.taxonomy:Date.taxonomy:Month.taxonomy:DayOfYear.sortedset:Date.sortedset:Month.sortedset:DayOfYear.taxonomy:RandomLabel.sortedset:RandomLabel.Lucene90.Lucene104.dvfields.nd10M -facets taxonomy:Date;Date -facets taxonomy:Month;Month -facets taxonomy:DayOfYear;DayOfYear -facets sortedset:Date;Date -facets sortedset:Month;Month -facets sortedset:DayOfYear;DayOfYear -facets taxonomy:RandomLabel;RandomLabel -facets sortedset:RandomLabel;RandomLabel -analyzer StandardAnalyzer -taskSource /home/goankur/vsearch/util/tasks/wikimedium.10M.nostopwords.tasks -numConcurrentQueries 5 -taskRepeatCount 20 -field body -tasksPerCat 1 -searchConcurrency -1 -staticSeed 7331 -seed -7135919 -similarity BM25Similarity -commit multi -hiliteImpl FastVectorHighlighter -log /home/goankur/vsearch/logs/FAK.armK.7 -topN 100 -context  -pk -pollute
      9.5 s
      280.6 actual sustained QPS; -1.0 CPU cores used

Report after iter 7:
QPSChart.supported == False
                            Task     P50 B     P50 C     Diff     P90 B     P90 C     Diff     P99 B     P99 C     Diff    P999 B    P999 C     Diff    P100 B    P100 C     Diff
           ('AndHighHigh', None)     1.546     1.774    14.7%     4.744     3.668   -22.7%     5.302     3.802   -28.3%     5.302     3.802   -28.3%     8.919     4.481   -49.8%
('AndHighHighDayTaxoFacets', None)    15.009    16.835    12.2%    23.920    24.876     4.0%    26.419    45.381    71.8%    26.419    45.381    71.8%    40.536    61.466    51.6%
            ('AndHighLow', None)     0.435     0.633    45.6%     0.986     1.050     6.5%     1.257     1.280     1.9%     1.257     1.280     1.9%     2.675     1.747   -34.7%
            ('AndHighMed', None)     1.272     1.225    -3.7%     4.418     3.030   -31.4%     5.497     4.436   -19.3%     5.497     4.436   -19.3%   122.455   168.341    37.5%
('AndHighMedDayTaxoFacets', None)    13.109    13.736     4.8%    14.851    22.123    49.0%    20.080    22.700    13.0%    20.080    22.700    13.0%   133.653    91.151   -31.8%
     ('AndMissingHigh', 'Title')     0.326     0.368    12.7%     0.915     0.836    -8.6%     1.487     0.975   -34.5%     1.487     0.975   -34.5%     1.995     1.336   -33.0%
              ('BM25MSM2', None)    20.041    20.389     1.7%    37.847    37.038    -2.1%    74.177   187.258   152.4%    74.177   187.258   152.4%   161.506   228.216    41.3%
  ('BrowseDateSSDVFacets', None)   347.285   335.927    -3.3%   372.954   376.018     0.8%   379.151   385.577     1.7%   379.151   385.577     1.7%   442.711   512.532    15.8%
  ('BrowseDateTaxoFacets', None)    62.108    65.175     4.9%    73.383    75.937     3.5%    75.791    76.405     0.8%    75.791    76.405     0.8%    79.011    80.319     1.7%
('BrowseDayOfYearSSDVFacets', None)    62.471    73.664    17.9%    81.887    88.771     8.4%    86.284    90.758     5.2%    86.284    90.758     5.2%    87.355   121.975    39.6%
('BrowseDayOfYearTaxoFacets', None)    68.732    69.243     0.7%    79.466    82.921     4.3%   148.921    93.574   -37.2%   148.921    93.574   -37.2%   180.705   348.656    92.9%
 ('BrowseMonthSSDVFacets', None)    65.225    68.834     5.5%    93.145    88.649    -4.8%    94.464    90.481    -4.2%    94.464    90.481    -4.2%   208.726   224.879     7.7%
 ('BrowseMonthTaxoFacets', None)    72.258    24.903   -65.5%    77.095    29.744   -61.4%    84.526    75.526   -10.6%    84.526    75.526   -10.6%   216.115   383.873    77.6%
('BrowseRandomLabelSSDVFacets', None)    93.837    94.755     1.0%   113.808   142.980    25.6%   116.318   169.168    45.4%   116.318   169.168    45.4%   282.441   483.273    71.1%
('BrowseRandomLabelTaxoFacets', None)    76.253    86.687    13.7%   108.291   106.318    -1.8%   112.116   108.857    -2.9%   112.116   108.857    -2.9%   270.918   646.654   138.7%
             ('ConstMSM2', None)     0.713     0.803    12.6%     1.813     3.425    88.9%     4.022     7.162    78.1%     4.022     7.162    78.1%     6.263    17.555   180.3%
                ('Fuzzy1', None)     9.003     9.174     1.9%    15.953    20.372    27.7%    26.631    29.524    10.9%    26.631    29.524    10.9%    59.805    32.742   -45.3%
                ('Fuzzy2', None)    11.306    13.744    21.6%    28.490    27.058    -5.0%    38.833    31.754   -18.2%    38.833    31.754   -18.2%   173.722   151.931   -12.5%
  ('HighIntervalsOrdered', None)    15.313    16.029     4.7%    23.681    26.930    13.7%    25.139    38.990    55.1%    25.139    38.990    55.1%   250.524   235.475    -6.0%
            ('HighPhrase', None)     3.780     4.515    19.4%     7.952    13.872    74.4%    10.342    15.966    54.4%    10.342    15.966    54.4%   196.904   186.535    -5.3%
      ('HighSloppyPhrase', None)     6.553     6.883     5.0%    14.224    17.336    21.9%    14.508    21.668    49.4%    14.508    21.668    49.4%    64.492    46.951   -27.2%
          ('HighSpanNear', None)     5.936     6.892    16.1%    13.748    16.483    19.9%    24.879    17.942   -27.9%    24.879    17.942   -27.9%    26.718    18.337   -31.4%
              ('HighTerm', None)     0.690     0.727     5.4%     3.858     1.807   -53.2%     8.047     2.074   -74.2%     8.047     2.074   -74.2%    19.792     4.401   -77.8%
('HighTermDayOfYearSort', 'DayOfYear')     2.764     2.620    -5.2%     6.112     8.656    41.6%     6.141     8.893    44.8%     6.141     8.893    44.8%    87.383    60.631   -30.6%
  ('HighTermMonthSort', 'Month')     0.707     0.667    -5.6%     1.575     2.125    34.9%     2.387     2.852    19.5%     2.387     2.852    19.5%     2.727     4.427    62.3%
('HighTermTitleBDVSort', 'TitleBinary')    17.880    17.314    -3.2%    27.804    32.186    15.8%    28.974    36.885    27.3%    28.974    36.885    27.3%   131.165    83.028   -36.7%
  ('HighTermTitleSort', 'Title')     9.187     9.709     5.7%    24.468    21.789   -10.9%    65.190    66.790     2.5%    65.190    66.790     2.5%   142.541   153.866     7.9%
                ('IntNRQ', None)     0.814     0.859     5.5%     3.211     2.258   -29.7%     9.352     7.706   -17.6%     9.352     7.706   -17.6%    53.585    56.534     5.5%
                ('IntSet', None)     1.796     1.714    -4.6%     3.740     6.293    68.3%    11.226     8.825   -21.4%    11.226     8.825   -21.4%    58.791    66.940    13.9%
   ('LowIntervalsOrdered', None)     6.810     8.968    31.7%    18.084    18.010    -0.4%    20.622    22.422     8.7%    20.622    22.422     8.7%    64.338    81.420    26.6%
             ('LowPhrase', None)     1.825     2.254    23.5%     8.248     9.321    13.0%     8.744     9.328     6.7%     8.744     9.328     6.7%     8.863     9.532     7.5%
       ('LowSloppyPhrase', None)     3.316     4.579    38.1%     9.923    10.066     1.4%    20.041    10.171   -49.2%    20.041    10.171   -49.2%    88.440    69.906   -21.0%
           ('LowSpanNear', None)     4.341     4.580     5.5%     8.893    10.394    16.9%    16.669    10.770   -35.4%    16.669    10.770   -35.4%    56.509    46.247   -18.2%
               ('LowTerm', None)     0.405     0.472    16.4%     1.157     1.355    17.1%     1.843     1.891     2.6%     1.843     1.891     2.6%     2.350     2.132    -9.3%
   ('MedIntervalsOrdered', None)    12.652    12.887     1.9%    22.909    23.868     4.2%    29.613    25.602   -13.5%    29.613    25.602   -13.5%    61.783    52.632   -14.8%
             ('MedPhrase', None)     3.072     3.263     6.2%     6.033     5.990    -0.7%     6.551     9.114    39.1%     6.551     9.114    39.1%    20.238    10.622   -47.5%
       ('MedSloppyPhrase', None)     2.102     2.277     8.3%     9.314     5.376   -42.3%    11.301     5.717   -49.4%    11.301     5.717   -49.4%    12.774    12.469    -2.4%
           ('MedSpanNear', None)     5.139     5.309     3.3%    10.475    12.992    24.0%    11.064    13.685    23.7%    11.064    13.685    23.7%    18.242    13.711   -24.8%
               ('MedTerm', None)     0.596     0.784    31.5%     2.343     1.130   -51.8%     2.356     1.780   -24.4%     2.356     1.780   -24.4%    23.147     9.836   -57.5%
  ('MedTermDayTaxoFacets', None)    15.103    16.506     9.3%    46.971    21.726   -53.7%    57.383    22.226   -61.3%    57.383    22.226   -61.3%    60.263    41.077   -31.8%
            ('OrHighHigh', None)     2.153     2.436    13.2%     4.342     4.856    11.8%     6.800     5.384   -20.8%     6.800     5.384   -20.8%    48.349    71.660    48.2%
             ('OrHighLow', None)     0.848     1.011    19.2%     1.578     1.952    23.7%     1.792     3.902   117.7%     1.792     3.902   117.7%   137.613    98.415   -28.5%
             ('OrHighMed', None)     1.110     1.607    44.8%     3.102     4.470    44.1%     3.228     4.897    51.7%     3.228     4.897    51.7%    23.499    30.178    28.4%
('OrHighMedDayTaxoFacets', None)    25.412    29.222    15.0%    42.119    38.200    -9.3%    83.005    54.359   -34.5%    83.005    54.359   -34.5%   190.083   162.788   -14.4%
         ('OrHighNotHigh', None)     1.094     1.336    22.1%     3.262     5.638    72.9%     4.897     6.034    23.2%     4.897     6.034    23.2%    16.690    12.534   -24.9%
          ('OrHighNotLow', None)     1.034     1.380    33.5%     2.604     3.979    52.8%     3.734     5.267    41.1%     3.734     5.267    41.1%     6.305     5.532   -12.3%
          ('OrHighNotMed', None)     1.265     1.349     6.7%     3.913     2.272   -41.9%     9.286     3.037   -67.3%     9.286     3.037   -67.3%    26.644    28.434     6.7%
         ('OrNotHighHigh', None)     1.047     1.269    21.2%     3.027     2.117   -30.1%     3.483     4.894    40.5%     3.483     4.894    40.5%    13.689     5.868   -57.1%
          ('OrNotHighLow', None)     0.763     0.874    14.6%     1.930     2.318    20.1%     7.352    10.602    44.2%     7.352    10.602    44.2%     8.806    11.672    32.5%
          ('OrNotHighMed', None)     1.114     1.178     5.8%     3.391     2.731   -19.5%     4.311     3.554   -17.6%     4.311     3.554   -17.6%    10.989    43.156   292.7%
                   ('PKLookup',)     4.593     5.511    20.0%    10.097    10.482     3.8%    13.226    10.739   -18.8%    13.226    10.739   -18.8%    16.847    16.284    -3.3%
               ('Prefix3', None)     0.948     0.983     3.7%     3.492     3.468    -0.7%    11.664     5.694   -51.2%    11.664     5.694   -51.2%    28.681    50.762    77.0%
                    ('Respell',)    16.300    15.498    -4.9%    37.749    23.306   -38.3%    49.971    41.400   -17.2%    49.971    41.400   -17.2%    62.856    43.461   -30.9%
('TermDateTimeSort', 'DateTime')     2.276     2.434     6.9%     6.270     5.249   -16.3%     6.527     8.285    26.9%     6.527     8.285    26.9%    43.732    30.847   -29.5%
              ('Wildcard', None)     5.420     5.361    -1.1%    15.991     8.428   -47.3%    21.802    31.883    46.2%    21.802    31.883    46.2%    39.333    37.422    -4.9%
                 ('range', None)     0.158     0.149    -5.7%     0.415     0.617    48.5%     0.667     0.693     3.9%     0.667     0.693     3.9%     0.910     0.718   -21.1%
                            Task    QPS armA      StdDev    QPS armK      StdDev                Pct diff p-value
                      AndHighLow     2240.84      (6.7%)     1750.84      (3.4%)  -21.9% ( -29% -  -12%) 0.000
                         LowTerm     2539.62      (5.5%)     2138.64      (3.6%)  -15.8% ( -23% -   -7%) 0.000
                       OrHighLow     1277.59      (3.7%)     1096.83      (4.8%)  -14.1% ( -21% -   -5%) 0.000
                    OrNotHighLow     1493.48      (9.4%)     1337.83      (5.9%)  -10.4% ( -23% -    5%) 0.008
                       OrHighMed      895.17      (7.8%)      806.69      (9.0%)   -9.9% ( -24% -    7%) 0.020
                   OrNotHighHigh      960.75      (7.3%)      867.53      (7.2%)   -9.7% ( -22% -    5%) 0.007
                    OrHighNotLow     1075.11     (10.7%)      974.49     (11.6%)   -9.4% ( -28% -   14%) 0.094
                   OrHighNotHigh      840.30     (11.5%)      770.45     (13.2%)   -8.3% ( -29% -   18%) 0.178
                         MedTerm     1631.42      (8.8%)     1497.57      (4.8%)   -8.2% ( -20% -    5%) 0.021
                  AndMissingHigh     3372.85      (5.9%)     3108.87      (6.0%)   -7.8% ( -18% -    4%) 0.008
                     AndHighHigh      644.05      (9.9%)      595.29      (8.0%)   -7.6% ( -23% -   11%) 0.093
                      AndHighMed      890.63      (6.5%)      823.54      (6.1%)   -7.5% ( -18% -    5%) 0.017
                 MedSloppyPhrase      461.61      (4.6%)      428.19     (11.2%)   -7.2% ( -22% -    8%) 0.090
                       LowPhrase      567.54      (5.1%)      530.34     (11.1%)   -6.6% ( -21% -   10%) 0.129
                        PKLookup      216.11     (12.8%)      205.50      (7.3%)   -4.9% ( -22% -   17%) 0.345
                       MedPhrase      326.36      (1.3%)      310.45      (4.0%)   -4.9% ( -10% -    0%) 0.001
                    OrNotHighMed      919.17      (3.0%)      874.95      (6.8%)   -4.8% ( -14% -    5%) 0.066
                    OrHighNotMed      923.26     (10.4%)      879.33      (9.3%)   -4.8% ( -22% -   16%) 0.337
            MedTermDayTaxoFacets       70.83      (5.1%)       67.52      (6.0%)   -4.7% ( -14% -    6%) 0.092
                 LowSloppyPhrase      282.47      (8.6%)      269.80      (4.1%)   -4.5% ( -15% -    8%) 0.182
                HighSloppyPhrase      149.16      (4.9%)      142.83      (5.4%)   -4.2% ( -13% -    6%) 0.098
               HighTermTitleSort      117.23      (7.9%)      112.87      (7.7%)   -3.7% ( -17% -   12%) 0.340
           HighTermDayOfYearSort      522.62      (9.0%)      503.53      (9.1%)   -3.7% ( -19% -   15%) 0.419
                        HighTerm     1482.70      (3.5%)     1431.07      (4.0%)   -3.5% ( -10% -    4%) 0.065
                     LowSpanNear      231.16      (7.7%)      223.38      (3.0%)   -3.4% ( -13% -    8%) 0.252
                    HighSpanNear      167.40      (4.9%)      161.87      (3.9%)   -3.3% ( -11% -    5%) 0.136
                         Prefix3     1286.52      (8.8%)     1248.93      (4.3%)   -2.9% ( -14% -   11%) 0.397
        AndHighHighDayTaxoFacets       69.73      (5.0%)       67.71      (5.8%)   -2.9% ( -12% -    8%) 0.284
                      HighPhrase      256.77      (5.4%)      249.59      (3.8%)   -2.8% ( -11% -    6%) 0.235
                      TermDTSort      453.17      (3.1%)      440.72      (2.3%)   -2.7% (  -7% -    2%) 0.044
             LowIntervalsOrdered      139.19      (5.9%)      135.81      (5.9%)   -2.4% ( -13% -   10%) 0.412
                          Fuzzy2       79.42      (7.4%)       77.65      (5.6%)   -2.2% ( -14% -   11%) 0.499
                     MedSpanNear      199.04      (6.8%)      194.91      (4.2%)   -2.1% ( -12% -    9%) 0.465
                        BM25MSM2       47.77      (6.3%)       46.82      (6.7%)   -2.0% ( -14% -   11%) 0.538
                      OrHighHigh      463.51      (9.2%)      454.55      (6.0%)   -1.9% ( -15% -   14%) 0.619
     BrowseRandomLabelSSDVFacets       11.33      (5.2%)       11.12      (5.8%)   -1.9% ( -12% -    9%) 0.492
            BrowseDateTaxoFacets       15.38      (3.7%)       15.11      (7.0%)   -1.7% ( -12% -    9%) 0.539
       BrowseDayOfYearSSDVFacets       15.76      (7.5%)       15.48      (8.4%)   -1.7% ( -16% -   15%) 0.663
               HighTermMonthSort     1438.44      (4.6%)     1422.69      (6.3%)   -1.1% ( -11% -   10%) 0.692
                          IntNRQ     1153.70      (7.1%)     1143.55      (8.9%)   -0.9% ( -15% -   16%) 0.827
                          Fuzzy1      115.10      (5.2%)      114.39      (3.6%)   -0.6% (  -8% -    8%) 0.783
             MedIntervalsOrdered       74.83      (6.5%)       74.38      (5.3%)   -0.6% ( -11% -   12%) 0.838
            HighIntervalsOrdered       62.96      (5.8%)       62.59      (5.0%)   -0.6% ( -10% -   10%) 0.828
         AndHighMedDayTaxoFacets       80.69      (1.6%)       80.31      (1.7%)   -0.5% (  -3% -    2%) 0.562
     BrowseRandomLabelTaxoFacets       12.56      (5.1%)       12.54      (3.9%)   -0.1% (  -8% -    9%) 0.953
       BrowseDayOfYearTaxoFacets       15.81      (3.3%)       15.85      (4.7%)    0.3% (  -7% -    8%) 0.878
                        Wildcard      194.85      (2.4%)      195.87      (2.9%)    0.5% (  -4% -    6%) 0.696
            HighTermTitleBDVSort       56.66      (5.9%)       57.17      (4.7%)    0.9% (  -9% -   12%) 0.731
                          IntSet      671.18     (10.1%)      678.34      (5.7%)    1.1% ( -13% -   18%) 0.795
                       ConstMSM2     1491.08      (9.5%)     1521.95      (9.6%)    2.1% ( -15% -   23%) 0.665
                         Respell       69.73      (8.0%)       71.26      (8.6%)    2.2% ( -13% -   20%) 0.595
            BrowseDateSSDVFacets        2.88      (5.3%)        2.98      (4.8%)    3.4% (  -6% -   14%) 0.176
          OrHighMedDayTaxoFacets       39.43      (9.1%)       40.97      (8.7%)    3.9% ( -12% -   23%) 0.379
           BrowseMonthSSDVFacets       16.35     (11.2%)       17.05     (14.6%)    4.3% ( -19% -   33%) 0.510
                           range     5713.17     (10.7%)     6021.18      (8.9%)    5.4% ( -12% -   27%) 0.273
           BrowseMonthTaxoFacets       35.10     (39.8%)       41.42      (7.9%)   18.0% ( -21% -  109%) 0.209
  iter 8
    armK:
      NOTE: using experimental CPU time profiler (see https://mostlynerdless.de/blog/2025/06/11/java-25s-new-cpu-time-profiler-1)
      log: /home/goankur/vsearch/logs/FAK.armK.8 + stdout
      run: /usr/bin/perf stat -dd -e task-clock,cycles,instructions,cache-references,cache-misses,L1-dcache-loads,L1-dcache-load-misses,L1-icache-loads,L1-icache-load-misses,LLC-loads,LLC-load-misses,LLC-stores,LLC-store-misses,LLC-prefetches,LLC-prefetch-misses,faults,minor-faults,major-faults,branches,branch-misses,stalled-cycles-frontend,stalled-cycles-backend /home/goankur/jdk/corretto-25/bin/java -server -Xms2g -Xmx2g --add-modules jdk.incubator.vector -XX:+HeapDumpOnOutOfMemoryError -XX:+UseParallelGC -XX:StartFlightRecording=jdk.CPUTimeSample#enabled=true,dumponexit=true,maxsize=250M,settings=/home/goankur/vsearch/util/src/python/profiling.jfc,filename=/home/goankur/vsearch/logs/bench-search-FAK-armK-8.jfr -XX:+UnlockDiagnosticVMOptions -XX:+DebugNonSafepoints -classpath /home/goankur/vsearch/bo/lucene-K/lucene/core/build/libs/lucene-core-11.0.0-SNAPSHOT.jar:/home/goankur/vsearch/bo/lucene-K/lucene/sandbox/build/classes/java/main:/home/goankur/vsearch/bo/lucene-K/lucene/misc/build/classes/java/main:/home/goankur/vsearch/bo/lucene-K/lucene/facet/build/classes/java/main:/home/goankur/vsearch/bo/lucene-K/lucene/analysis/common/build/classes/java/main:/home/goankur/vsearch/bo/lucene-K/lucene/analysis/icu/build/classes/java/main:/home/goankur/vsearch/bo/lucene-K/lucene/queryparser/build/classes/java/main:/home/goankur/vsearch/bo/lucene-K/lucene/grouping/build/classes/java/main:/home/goankur/vsearch/bo/lucene-K/lucene/suggest/build/classes/java/main:/home/goankur/vsearch/bo/lucene-K/lucene/highlighter/build/classes/java/main:/home/goankur/vsearch/bo/lucene-K/lucene/codecs/build/classes/java/main:/home/goankur/vsearch/bo/lucene-K/lucene/queries/build/classes/java/main:/home/goankur/vsearch/bo/lucene-K/lucene/join/build/classes/java/main:/home/goankur/vsearch/bo/lucene-K/lucene/spatial3d/build/classes/java/main:/home/goankur/vsearch/util/lib/HdrHistogram.jar:/home/goankur/vsearch/util/src/main/build/classes/java/main:/home/goankur/vsearch/util/build perf.SearchPerfTest -dirImpl MMapDirectory -indexPath /home/goankur/vsearch/indices/wikimedium10m.lucene-A.facets.taxonomy:Date.taxonomy:Month.taxonomy:DayOfYear.sortedset:Date.sortedset:Month.sortedset:DayOfYear.taxonomy:RandomLabel.sortedset:RandomLabel.Lucene90.Lucene104.dvfields.nd10M -facets taxonomy:Date;Date -facets taxonomy:Month;Month -facets taxonomy:DayOfYear;DayOfYear -facets sortedset:Date;Date -facets sortedset:Month;Month -facets sortedset:DayOfYear;DayOfYear -facets taxonomy:RandomLabel;RandomLabel -facets sortedset:RandomLabel;RandomLabel -analyzer StandardAnalyzer -taskSource /home/goankur/vsearch/util/tasks/wikimedium.10M.nostopwords.tasks -numConcurrentQueries 5 -taskRepeatCount 20 -field body -tasksPerCat 1 -searchConcurrency -1 -staticSeed 7331 -seed -232969 -similarity BM25Similarity -commit multi -hiliteImpl FastVectorHighlighter -log /home/goankur/vsearch/logs/FAK.armK.8 -topN 100 -context  -pk -pollute
      9.2 s
      249.7 actual sustained QPS; -1.0 CPU cores used
    armA:
      NOTE: using experimental CPU time profiler (see https://mostlynerdless.de/blog/2025/06/11/java-25s-new-cpu-time-profiler-1)
      log: /home/goankur/vsearch/logs/FAK.armA.8 + stdout
      run: /usr/bin/perf stat -dd -e task-clock,cycles,instructions,cache-references,cache-misses,L1-dcache-loads,L1-dcache-load-misses,L1-icache-loads,L1-icache-load-misses,LLC-loads,LLC-load-misses,LLC-stores,LLC-store-misses,LLC-prefetches,LLC-prefetch-misses,faults,minor-faults,major-faults,branches,branch-misses,stalled-cycles-frontend,stalled-cycles-backend /home/goankur/jdk/corretto-25/bin/java -server -Xms2g -Xmx2g --add-modules jdk.incubator.vector -XX:+HeapDumpOnOutOfMemoryError -XX:+UseParallelGC -XX:StartFlightRecording=jdk.CPUTimeSample#enabled=true,dumponexit=true,maxsize=250M,settings=/home/goankur/vsearch/util/src/python/profiling.jfc,filename=/home/goankur/vsearch/logs/bench-search-FAK-armA-8.jfr -XX:+UnlockDiagnosticVMOptions -XX:+DebugNonSafepoints -classpath /home/goankur/vsearch/bo/lucene-A/lucene/core/build/libs/lucene-core-11.0.0-SNAPSHOT.jar:/home/goankur/vsearch/bo/lucene-A/lucene/sandbox/build/classes/java/main:/home/goankur/vsearch/bo/lucene-A/lucene/misc/build/classes/java/main:/home/goankur/vsearch/bo/lucene-A/lucene/facet/build/classes/java/main:/home/goankur/vsearch/bo/lucene-A/lucene/analysis/common/build/classes/java/main:/home/goankur/vsearch/bo/lucene-A/lucene/analysis/icu/build/classes/java/main:/home/goankur/vsearch/bo/lucene-A/lucene/queryparser/build/classes/java/main:/home/goankur/vsearch/bo/lucene-A/lucene/grouping/build/classes/java/main:/home/goankur/vsearch/bo/lucene-A/lucene/suggest/build/classes/java/main:/home/goankur/vsearch/bo/lucene-A/lucene/highlighter/build/classes/java/main:/home/goankur/vsearch/bo/lucene-A/lucene/codecs/build/classes/java/main:/home/goankur/vsearch/bo/lucene-A/lucene/queries/build/classes/java/main:/home/goankur/vsearch/bo/lucene-A/lucene/join/build/classes/java/main:/home/goankur/vsearch/bo/lucene-A/lucene/spatial3d/build/classes/java/main:/home/goankur/vsearch/util/lib/HdrHistogram.jar:/home/goankur/vsearch/util/src/main/build/classes/java/main:/home/goankur/vsearch/util/build perf.SearchPerfTest -dirImpl MMapDirectory -indexPath /home/goankur/vsearch/indices/wikimedium10m.lucene-A.facets.taxonomy:Date.taxonomy:Month.taxonomy:DayOfYear.sortedset:Date.sortedset:Month.sortedset:DayOfYear.taxonomy:RandomLabel.sortedset:RandomLabel.Lucene90.Lucene104.dvfields.nd10M -facets taxonomy:Date;Date -facets taxonomy:Month;Month -facets taxonomy:DayOfYear;DayOfYear -facets sortedset:Date;Date -facets sortedset:Month;Month -facets sortedset:DayOfYear;DayOfYear -facets taxonomy:RandomLabel;RandomLabel -facets sortedset:RandomLabel;RandomLabel -analyzer StandardAnalyzer -taskSource /home/goankur/vsearch/util/tasks/wikimedium.10M.nostopwords.tasks -numConcurrentQueries 5 -taskRepeatCount 20 -field body -tasksPerCat 1 -searchConcurrency -1 -staticSeed 7331 -seed -232969 -similarity BM25Similarity -commit multi -hiliteImpl FastVectorHighlighter -log /home/goankur/vsearch/logs/FAK.armA.8 -topN 100 -context  -pk -pollute
      9.3 s
      247.7 actual sustained QPS; -1.0 CPU cores used

Report after iter 8:
QPSChart.supported == False
                            Task     P50 B     P50 C     Diff     P90 B     P90 C     Diff     P99 B     P99 C     Diff    P999 B    P999 C     Diff    P100 B    P100 C     Diff
           ('AndHighHigh', None)     2.274     1.714   -24.6%     6.154     3.971   -35.5%     6.277     4.998   -20.4%     6.277     4.998   -20.4%   147.512    61.393   -58.4%
('AndHighHighDayTaxoFacets', None)    15.356    14.558    -5.2%    27.081    24.803    -8.4%    27.133    53.697    97.9%    27.133    53.697    97.9%    86.196    62.273   -27.8%
            ('AndHighLow', None)     0.465     0.603    29.6%     1.835     1.333   -27.3%     3.165     2.277   -28.0%     3.165     2.277   -28.0%     3.886     4.652    19.7%
            ('AndHighMed', None)     1.218     1.290     5.9%     2.736     3.403    24.4%     5.749     4.390   -23.6%     5.749     4.390   -23.6%    44.584    19.646   -55.9%
('AndHighMedDayTaxoFacets', None)    12.442    12.428    -0.1%    25.534    22.581   -11.6%    30.149    40.280    33.6%    30.149    40.280    33.6%   196.444   223.114    13.6%
     ('AndMissingHigh', 'Title')     0.314     0.279   -10.9%     0.873     0.727   -16.7%     0.917     1.319    43.9%     0.917     1.319    43.9%     1.042     1.330    27.7%
              ('BM25MSM2', None)    23.514    22.077    -6.1%    37.031    37.792     2.1%    56.801    42.094   -25.9%    56.801    42.094   -25.9%   117.634   120.806     2.7%
  ('BrowseDateSSDVFacets', None)   388.543   340.198   -12.4%   446.886   386.350   -13.5%   471.692   390.367   -17.2%   471.692   390.367   -17.2%   622.340   574.378    -7.7%
  ('BrowseDateTaxoFacets', None)    63.994    69.068     7.9%    76.485    80.713     5.5%    77.593    89.381    15.2%    77.593    89.381    15.2%   103.784   580.562   459.4%
('BrowseDayOfYearSSDVFacets', None)    58.076    64.734    11.5%    79.929    95.510    19.5%    79.940    99.574    24.6%    79.940    99.574    24.6%   193.073   128.880   -33.2%
('BrowseDayOfYearTaxoFacets', None)    62.152    63.735     2.5%    73.873    79.989     8.3%    77.091    80.595     4.5%    77.091    80.595     4.5%   211.004   698.907   231.2%
 ('BrowseMonthSSDVFacets', None)    64.398    66.729     3.6%    82.484    92.869    12.6%    94.338    93.159    -1.3%    94.338    93.159    -1.3%   292.680   243.444   -16.8%
 ('BrowseMonthTaxoFacets', None)    25.846    26.237     1.5%    39.766    73.782    85.5%    76.526    78.037     2.0%    76.526    78.037     2.0%   221.632   699.463   215.6%
('BrowseRandomLabelSSDVFacets', None)    88.969    77.364   -13.0%   124.918    93.364   -25.3%   131.813   104.622   -20.6%   131.813   104.622   -20.6%   412.903   342.970   -16.9%
('BrowseRandomLabelTaxoFacets', None)    82.080    85.114     3.7%   109.771   100.966    -8.0%   113.057   107.277    -5.1%   113.057   107.277    -5.1%   167.101   125.520   -24.9%
             ('ConstMSM2', None)     0.702     0.749     6.8%     1.076     1.342    24.7%     6.745     2.265   -66.4%     6.745     2.265   -66.4%    34.498    29.468   -14.6%
                ('Fuzzy1', None)     8.838     8.237    -6.8%    16.446    13.386   -18.6%    26.176    14.515   -44.5%    26.176    14.515   -44.5%    40.026    27.878   -30.3%
                ('Fuzzy2', None)    13.624    13.430    -1.4%    40.903    24.394   -40.4%    41.540    29.926   -28.0%    41.540    29.926   -28.0%    97.943    92.348    -5.7%
  ('HighIntervalsOrdered', None)    16.519    15.754    -4.6%    23.611    25.011     5.9%    29.187    28.543    -2.2%    29.187    28.543    -2.2%    45.938    38.311   -16.6%
            ('HighPhrase', None)     5.306     4.621   -12.9%     9.278    10.006     7.9%    16.282    15.245    -6.4%    16.282    15.245    -6.4%    37.224    33.537    -9.9%
      ('HighSloppyPhrase', None)     7.114     7.546     6.1%    13.105    15.452    17.9%    18.226    29.135    59.9%    18.226    29.135    59.9%    98.971   133.042    34.4%
          ('HighSpanNear', None)     7.385     5.930   -19.7%    12.671    12.302    -2.9%    23.838    13.617   -42.9%    23.838    13.617   -42.9%   137.797    98.849   -28.3%
              ('HighTerm', None)     0.899     0.680   -24.4%     1.553     1.286   -17.2%     1.598     2.052    28.4%     1.598     2.052    28.4%     8.597    16.455    91.4%
('HighTermDayOfYearSort', 'DayOfYear')     2.117     1.892   -10.6%     9.532     6.922   -27.4%    21.880    11.205   -48.8%    21.880    11.205   -48.8%    30.522    38.883    27.4%
  ('HighTermMonthSort', 'Month')     0.705     0.675    -4.2%     1.575     3.215   104.2%     2.037    13.468   561.3%     2.037    13.468   561.3%    11.039    13.933    26.2%
('HighTermTitleBDVSort', 'TitleBinary')    18.462    17.138    -7.2%    38.177    33.325   -12.7%    42.490    34.860   -18.0%    42.490    34.860   -18.0%   138.922    88.160   -36.5%
  ('HighTermTitleSort', 'Title')     9.806     9.493    -3.2%    17.889    16.396    -8.3%    24.424    50.194   105.5%    24.424    50.194   105.5%   100.019   162.106    62.1%
                ('IntNRQ', None)     1.054     0.976    -7.3%     2.814     3.017     7.2%     3.266     5.482    67.8%     3.266     5.482    67.8%    80.738    56.947   -29.5%
                ('IntSet', None)     1.605     1.502    -6.4%    11.944     4.484   -62.5%    18.729     6.024   -67.8%    18.729     6.024   -67.8%    32.331    30.221    -6.5%
   ('LowIntervalsOrdered', None)     7.164     6.948    -3.0%    20.340    16.371   -19.5%    27.404    44.532    62.5%    27.404    44.532    62.5%    94.099    98.014     4.2%
             ('LowPhrase', None)     1.900     1.757    -7.5%     3.921     5.600    42.8%     6.149     7.205    17.2%     6.149     7.205    17.2%   120.814   133.755    10.7%
       ('LowSloppyPhrase', None)     3.823     4.410    15.4%     6.559     8.250    25.8%    12.292    14.144    15.1%    12.292    14.144    15.1%    19.998    14.591   -27.0%
           ('LowSpanNear', None)     4.303     4.274    -0.7%     9.672     9.670    -0.0%    13.698    21.417    56.3%    13.698    21.417    56.3%    15.362    30.357    97.6%
               ('LowTerm', None)     0.505     0.498    -1.4%     1.359     1.064   -21.7%     1.533     1.116   -27.2%     1.533     1.116   -27.2%     4.525     5.101    12.7%
   ('MedIntervalsOrdered', None)    13.601    13.165    -3.2%    21.603    22.308     3.3%    24.759    30.805    24.4%    24.759    30.805    24.4%    70.537    43.697   -38.1%
             ('MedPhrase', None)     3.146     3.038    -3.4%     5.564     5.126    -7.9%    13.983     7.549   -46.0%    13.983     7.549   -46.0%    37.884    12.790   -66.2%
       ('MedSloppyPhrase', None)     2.204     2.534    15.0%     7.012     7.425     5.9%     8.471     8.317    -1.8%     8.471     8.317    -1.8%    19.694     9.557   -51.5%
           ('MedSpanNear', None)     4.807     5.003     4.1%     9.528     8.692    -8.8%    12.884    12.254    -4.9%    12.884    12.254    -4.9%    15.184    30.944   103.8%
               ('MedTerm', None)     0.692     0.631    -8.8%     1.094     2.105    92.3%     1.549     4.836   212.1%     1.549     4.836   212.1%     2.345     9.933   323.5%
  ('MedTermDayTaxoFacets', None)    14.171    13.996    -1.2%    21.543    18.737   -13.0%    30.250    47.002    55.4%    30.250    47.002    55.4%    60.051    74.759    24.5%
            ('OrHighHigh', None)     2.578     2.115   -17.9%     5.974     6.104     2.2%     6.842     6.600    -3.5%     6.842     6.600    -3.5%    68.969     6.691   -90.3%
             ('OrHighLow', None)     0.878     0.885     0.7%     1.972     1.830    -7.2%     3.680     3.096   -15.9%     3.680     3.096   -15.9%    87.727    90.908     3.6%
             ('OrHighMed', None)     1.168     1.053    -9.8%     5.767     3.521   -38.9%     6.168     4.355   -29.4%     6.168     4.355   -29.4%    10.689     4.741   -55.6%
('OrHighMedDayTaxoFacets', None)    27.983    27.307    -2.4%    44.957    52.990    17.9%   113.699    78.399   -31.0%   113.699    78.399   -31.0%   192.227   205.992     7.2%
         ('OrHighNotHigh', None)     1.400     1.283    -8.4%     2.351     3.120    32.7%     6.539     8.115    24.1%     6.539     8.115    24.1%    10.252    20.759   102.5%
          ('OrHighNotLow', None)     0.958     0.949    -0.9%     2.199     2.730    24.1%     4.487     7.786    73.5%     4.487     7.786    73.5%    21.366    19.816    -7.3%
          ('OrHighNotMed', None)     1.397     1.023   -26.7%     3.664     7.711   110.5%     4.244    14.155   233.5%     4.244    14.155   233.5%    14.699    33.417   127.3%
         ('OrNotHighHigh', None)     1.147     1.037    -9.6%     2.562     2.742     7.0%     3.163     5.361    69.5%     3.163     5.361    69.5%     8.009    10.434    30.3%
          ('OrNotHighLow', None)     0.698     0.714     2.3%     1.805     1.824     1.0%     1.914     2.018     5.4%     1.914     2.018     5.4%     8.876     3.045   -65.7%
          ('OrNotHighMed', None)     1.281     1.242    -3.0%     3.940     3.771    -4.3%     4.592     4.716     2.7%     4.592     4.716     2.7%    33.662    10.821   -67.9%
                   ('PKLookup',)     4.679     5.432    16.1%     9.341    10.303    10.3%     9.374    14.890    58.8%     9.374    14.890    58.8%    28.756    28.649    -0.4%
               ('Prefix3', None)     0.866     0.814    -6.0%     2.827     6.818   141.1%     4.784    11.423   138.8%     4.784    11.423   138.8%    85.080    27.739   -67.4%
                    ('Respell',)    13.698    15.609    14.0%    21.990    21.837    -0.7%    32.676    32.708     0.1%    32.676    32.708     0.1%    59.314    52.716   -11.1%
('TermDateTimeSort', 'DateTime')     2.745     2.480    -9.7%     7.380     6.851    -7.2%     9.723     7.312   -24.8%     9.723     7.312   -24.8%    36.560    34.131    -6.6%
              ('Wildcard', None)     5.040     5.174     2.7%    17.233    18.135     5.2%    41.357    26.344   -36.3%    41.357    26.344   -36.3%    43.003    37.503   -12.8%
                 ('range', None)     0.188     0.173    -7.9%     0.585     0.566    -3.2%     0.639     0.739    15.5%     0.639     0.739    15.5%     0.781     1.150    47.2%
                            Task    QPS armA      StdDev    QPS armK      StdDev                Pct diff p-value
                      AndHighLow     2248.57      (6.3%)     1748.45      (3.2%)  -22.2% ( -29% -  -13%) 0.000
                         LowTerm     2491.48      (7.8%)     2139.71      (3.4%)  -14.1% ( -23% -   -3%) 0.000
                       OrHighLow     1267.72      (4.2%)     1103.23      (4.8%)  -13.0% ( -21% -   -4%) 0.000
                    OrNotHighLow     1498.65      (8.8%)     1360.93      (7.2%)   -9.2% ( -23% -    7%) 0.015
                       OrHighMed      900.20      (7.5%)      826.78     (10.7%)   -8.2% ( -24% -   10%) 0.062
                 MedSloppyPhrase      461.88      (4.3%)      425.14     (10.6%)   -8.0% ( -21% -    7%) 0.037
                   OrNotHighHigh      956.67      (6.9%)      881.22      (8.0%)   -7.9% ( -21% -    7%) 0.026
                    OrHighNotLow     1073.11     (10.1%)      990.20     (11.7%)   -7.7% ( -26% -   15%) 0.134
                  AndMissingHigh     3404.52      (6.1%)     3164.91      (7.4%)   -7.0% ( -19% -    6%) 0.028
                      AndHighMed      885.22      (6.4%)      823.42      (5.7%)   -7.0% ( -17% -    5%) 0.014
                   OrHighNotHigh      830.63     (11.4%)      776.23     (12.6%)   -6.5% ( -27% -   19%) 0.248
                         MedTerm     1611.01      (9.2%)     1508.87      (5.0%)   -6.3% ( -18% -    8%) 0.069
                        PKLookup      217.02     (12.0%)      204.22      (7.0%)   -5.9% ( -22% -   14%) 0.202
                 LowSloppyPhrase      282.54      (8.0%)      266.49      (5.2%)   -5.7% ( -17% -    8%) 0.074
                       LowPhrase      564.70      (5.0%)      537.85     (11.2%)   -4.8% ( -19% -   12%) 0.244
                     AndHighHigh      624.60     (13.4%)      595.03      (7.8%)   -4.7% ( -22% -   18%) 0.358
                HighSloppyPhrase      148.32      (4.9%)      141.90      (5.4%)   -4.3% ( -13% -    6%) 0.074
                       MedPhrase      326.12      (1.3%)      313.14      (4.5%)   -4.0% (  -9% -    1%) 0.011
                         Prefix3     1297.34      (8.5%)     1250.97      (4.0%)   -3.6% ( -14% -    9%) 0.254
                    OrNotHighMed      909.05      (4.4%)      877.20      (6.5%)   -3.5% ( -13% -    7%) 0.178
            MedTermDayTaxoFacets       70.96      (4.8%)       68.50      (7.0%)   -3.5% ( -14% -    8%) 0.218
                      HighPhrase      256.83      (5.1%)      248.92      (3.7%)   -3.1% ( -11% -    5%) 0.141
                     LowSpanNear      232.21      (7.3%)      225.27      (3.7%)   -3.0% ( -13% -    8%) 0.276
               HighTermTitleSort      116.20      (7.9%)      112.82      (7.3%)   -2.9% ( -16% -   13%) 0.417
       BrowseDayOfYearSSDVFacets       15.97      (8.0%)       15.53      (7.8%)   -2.7% ( -17% -   14%) 0.461
            BrowseDateTaxoFacets       15.45      (3.7%)       15.08      (6.6%)   -2.4% ( -12% -    8%) 0.343
        AndHighHighDayTaxoFacets       69.39      (4.9%)       67.89      (5.5%)   -2.2% ( -11% -    8%) 0.378
                    HighSpanNear      166.37      (5.0%)      162.83      (4.1%)   -2.1% ( -10% -    7%) 0.321
           HighTermDayOfYearSort      519.62      (8.6%)      509.14      (9.2%)   -2.0% ( -18% -   17%) 0.630
                     MedSpanNear      200.50      (6.7%)      196.46      (4.5%)   -2.0% ( -12% -    9%) 0.456
             LowIntervalsOrdered      139.43      (5.6%)      136.88      (6.0%)   -1.8% ( -12% -   10%) 0.502
                          Fuzzy2       79.15      (7.0%)       77.75      (5.3%)   -1.8% ( -13% -   11%) 0.547
                    OrHighNotMed      905.46     (11.6%)      895.09     (10.3%)   -1.1% ( -20% -   23%) 0.825
                      TermDTSort      445.66      (5.9%)      440.66      (2.1%)   -1.1% (  -8% -    7%) 0.590
                        BM25MSM2       47.30      (6.6%)       46.77      (6.3%)   -1.1% ( -13% -   12%) 0.714
         AndHighMedDayTaxoFacets       80.72      (1.5%)       80.45      (1.7%)   -0.3% (  -3% -    2%) 0.659
     BrowseRandomLabelTaxoFacets       12.55      (4.8%)       12.51      (3.8%)   -0.3% (  -8% -    8%) 0.877
                      OrHighHigh      458.10      (9.4%)      456.85      (5.9%)   -0.3% ( -14% -   16%) 0.941
             MedIntervalsOrdered       74.75      (6.1%)       74.57      (5.1%)   -0.2% ( -10% -   11%) 0.928
                        HighTerm     1443.46      (8.8%)     1441.21      (4.4%)   -0.2% ( -12% -   14%) 0.962
                        Wildcard      195.98      (2.9%)      195.97      (2.7%)   -0.0% (  -5% -    5%) 0.996
       BrowseDayOfYearTaxoFacets       15.84      (3.2%)       15.84      (4.4%)    0.0% (  -7% -    7%) 0.999
               HighTermMonthSort     1453.12      (5.2%)     1453.69      (8.7%)    0.0% ( -13% -   14%) 0.991
     BrowseRandomLabelSSDVFacets       11.34      (4.9%)       11.35      (8.2%)    0.1% ( -12% -   13%) 0.981
            HighIntervalsOrdered       62.71      (5.6%)       62.86      (4.9%)    0.2% (  -9% -   11%) 0.923
                       ConstMSM2     1511.01      (9.6%)     1521.14      (8.8%)    0.7% ( -16% -   21%) 0.878
                          IntNRQ     1144.80      (7.1%)     1157.17      (9.1%)    1.1% ( -14% -   18%) 0.779
                          Fuzzy1      115.11      (4.9%)      116.42      (6.3%)    1.1% (  -9% -   12%) 0.667
                         Respell       70.15      (7.6%)       71.13      (8.0%)    1.4% ( -13% -   18%) 0.705
            HighTermTitleBDVSort       56.44      (5.6%)       57.33      (4.5%)    1.6% (  -8% -   12%) 0.511
                          IntSet      667.39      (9.7%)      680.49      (5.5%)    2.0% ( -12% -   18%) 0.596
           BrowseMonthSSDVFacets       16.29     (10.6%)       16.85     (14.2%)    3.4% ( -19% -   31%) 0.563
          OrHighMedDayTaxoFacets       39.15      (8.8%)       40.60      (8.6%)    3.7% ( -12% -   23%) 0.368
            BrowseDateSSDVFacets        2.86      (5.3%)        2.98      (4.5%)    4.0% (  -5% -   14%) 0.084
                           range     5677.99     (10.2%)     6037.11      (8.4%)    6.3% ( -11% -   27%) 0.152
           BrowseMonthTaxoFacets       35.52     (37.0%)       41.24      (7.5%)   16.1% ( -20% -   95%) 0.200
  iter 9
    armA:
      NOTE: using experimental CPU time profiler (see https://mostlynerdless.de/blog/2025/06/11/java-25s-new-cpu-time-profiler-1)
      log: /home/goankur/vsearch/logs/FAK.armA.9 + stdout
      run: /usr/bin/perf stat -dd -e task-clock,cycles,instructions,cache-references,cache-misses,L1-dcache-loads,L1-dcache-load-misses,L1-icache-loads,L1-icache-load-misses,LLC-loads,LLC-load-misses,LLC-stores,LLC-store-misses,LLC-prefetches,LLC-prefetch-misses,faults,minor-faults,major-faults,branches,branch-misses,stalled-cycles-frontend,stalled-cycles-backend /home/goankur/jdk/corretto-25/bin/java -server -Xms2g -Xmx2g --add-modules jdk.incubator.vector -XX:+HeapDumpOnOutOfMemoryError -XX:+UseParallelGC -XX:StartFlightRecording=jdk.CPUTimeSample#enabled=true,dumponexit=true,maxsize=250M,settings=/home/goankur/vsearch/util/src/python/profiling.jfc,filename=/home/goankur/vsearch/logs/bench-search-FAK-armA-9.jfr -XX:+UnlockDiagnosticVMOptions -XX:+DebugNonSafepoints -classpath /home/goankur/vsearch/bo/lucene-A/lucene/core/build/libs/lucene-core-11.0.0-SNAPSHOT.jar:/home/goankur/vsearch/bo/lucene-A/lucene/sandbox/build/classes/java/main:/home/goankur/vsearch/bo/lucene-A/lucene/misc/build/classes/java/main:/home/goankur/vsearch/bo/lucene-A/lucene/facet/build/classes/java/main:/home/goankur/vsearch/bo/lucene-A/lucene/analysis/common/build/classes/java/main:/home/goankur/vsearch/bo/lucene-A/lucene/analysis/icu/build/classes/java/main:/home/goankur/vsearch/bo/lucene-A/lucene/queryparser/build/classes/java/main:/home/goankur/vsearch/bo/lucene-A/lucene/grouping/build/classes/java/main:/home/goankur/vsearch/bo/lucene-A/lucene/suggest/build/classes/java/main:/home/goankur/vsearch/bo/lucene-A/lucene/highlighter/build/classes/java/main:/home/goankur/vsearch/bo/lucene-A/lucene/codecs/build/classes/java/main:/home/goankur/vsearch/bo/lucene-A/lucene/queries/build/classes/java/main:/home/goankur/vsearch/bo/lucene-A/lucene/join/build/classes/java/main:/home/goankur/vsearch/bo/lucene-A/lucene/spatial3d/build/classes/java/main:/home/goankur/vsearch/util/lib/HdrHistogram.jar:/home/goankur/vsearch/util/src/main/build/classes/java/main:/home/goankur/vsearch/util/build perf.SearchPerfTest -dirImpl MMapDirectory -indexPath /home/goankur/vsearch/indices/wikimedium10m.lucene-A.facets.taxonomy:Date.taxonomy:Month.taxonomy:DayOfYear.sortedset:Date.sortedset:Month.sortedset:DayOfYear.taxonomy:RandomLabel.sortedset:RandomLabel.Lucene90.Lucene104.dvfields.nd10M -facets taxonomy:Date;Date -facets taxonomy:Month;Month -facets taxonomy:DayOfYear;DayOfYear -facets sortedset:Date;Date -facets sortedset:Month;Month -facets sortedset:DayOfYear;DayOfYear -facets taxonomy:RandomLabel;RandomLabel -facets sortedset:RandomLabel;RandomLabel -analyzer StandardAnalyzer -taskSource /home/goankur/vsearch/util/tasks/wikimedium.10M.nostopwords.tasks -numConcurrentQueries 5 -taskRepeatCount 20 -field body -tasksPerCat 1 -searchConcurrency -1 -staticSeed 7331 -seed -7563765 -similarity BM25Similarity -commit multi -hiliteImpl FastVectorHighlighter -log /home/goankur/vsearch/logs/FAK.armA.9 -topN 100 -context  -pk -pollute
      9.5 s
      261.7 actual sustained QPS; -1.0 CPU cores used
    armK:
      NOTE: using experimental CPU time profiler (see https://mostlynerdless.de/blog/2025/06/11/java-25s-new-cpu-time-profiler-1)
      log: /home/goankur/vsearch/logs/FAK.armK.9 + stdout
      run: /usr/bin/perf stat -dd -e task-clock,cycles,instructions,cache-references,cache-misses,L1-dcache-loads,L1-dcache-load-misses,L1-icache-loads,L1-icache-load-misses,LLC-loads,LLC-load-misses,LLC-stores,LLC-store-misses,LLC-prefetches,LLC-prefetch-misses,faults,minor-faults,major-faults,branches,branch-misses,stalled-cycles-frontend,stalled-cycles-backend /home/goankur/jdk/corretto-25/bin/java -server -Xms2g -Xmx2g --add-modules jdk.incubator.vector -XX:+HeapDumpOnOutOfMemoryError -XX:+UseParallelGC -XX:StartFlightRecording=jdk.CPUTimeSample#enabled=true,dumponexit=true,maxsize=250M,settings=/home/goankur/vsearch/util/src/python/profiling.jfc,filename=/home/goankur/vsearch/logs/bench-search-FAK-armK-9.jfr -XX:+UnlockDiagnosticVMOptions -XX:+DebugNonSafepoints -classpath /home/goankur/vsearch/bo/lucene-K/lucene/core/build/libs/lucene-core-11.0.0-SNAPSHOT.jar:/home/goankur/vsearch/bo/lucene-K/lucene/sandbox/build/classes/java/main:/home/goankur/vsearch/bo/lucene-K/lucene/misc/build/classes/java/main:/home/goankur/vsearch/bo/lucene-K/lucene/facet/build/classes/java/main:/home/goankur/vsearch/bo/lucene-K/lucene/analysis/common/build/classes/java/main:/home/goankur/vsearch/bo/lucene-K/lucene/analysis/icu/build/classes/java/main:/home/goankur/vsearch/bo/lucene-K/lucene/queryparser/build/classes/java/main:/home/goankur/vsearch/bo/lucene-K/lucene/grouping/build/classes/java/main:/home/goankur/vsearch/bo/lucene-K/lucene/suggest/build/classes/java/main:/home/goankur/vsearch/bo/lucene-K/lucene/highlighter/build/classes/java/main:/home/goankur/vsearch/bo/lucene-K/lucene/codecs/build/classes/java/main:/home/goankur/vsearch/bo/lucene-K/lucene/queries/build/classes/java/main:/home/goankur/vsearch/bo/lucene-K/lucene/join/build/classes/java/main:/home/goankur/vsearch/bo/lucene-K/lucene/spatial3d/build/classes/java/main:/home/goankur/vsearch/util/lib/HdrHistogram.jar:/home/goankur/vsearch/util/src/main/build/classes/java/main:/home/goankur/vsearch/util/build perf.SearchPerfTest -dirImpl MMapDirectory -indexPath /home/goankur/vsearch/indices/wikimedium10m.lucene-A.facets.taxonomy:Date.taxonomy:Month.taxonomy:DayOfYear.sortedset:Date.sortedset:Month.sortedset:DayOfYear.taxonomy:RandomLabel.sortedset:RandomLabel.Lucene90.Lucene104.dvfields.nd10M -facets taxonomy:Date;Date -facets taxonomy:Month;Month -facets taxonomy:DayOfYear;DayOfYear -facets sortedset:Date;Date -facets sortedset:Month;Month -facets sortedset:DayOfYear;DayOfYear -facets taxonomy:RandomLabel;RandomLabel -facets sortedset:RandomLabel;RandomLabel -analyzer StandardAnalyzer -taskSource /home/goankur/vsearch/util/tasks/wikimedium.10M.nostopwords.tasks -numConcurrentQueries 5 -taskRepeatCount 20 -field body -tasksPerCat 1 -searchConcurrency -1 -staticSeed 7331 -seed -7563765 -similarity BM25Similarity -commit multi -hiliteImpl FastVectorHighlighter -log /home/goankur/vsearch/logs/FAK.armK.9 -topN 100 -context  -pk -pollute
      9.6 s
      249.4 actual sustained QPS; -1.0 CPU cores used

Report after iter 9:
QPSChart.supported == False
                            Task     P50 B     P50 C     Diff     P90 B     P90 C     Diff     P99 B     P99 C     Diff    P999 B    P999 C     Diff    P100 B    P100 C     Diff
           ('AndHighHigh', None)     1.543     1.808    17.2%     6.352     4.381   -31.0%     6.588     7.514    14.1%     6.588     7.514    14.1%    74.380    61.900   -16.8%
('AndHighHighDayTaxoFacets', None)    14.777    14.312    -3.1%    19.995    28.493    42.5%    24.274    32.191    32.6%    24.274    32.191    32.6%    60.438    69.265    14.6%
            ('AndHighLow', None)     0.495     0.611    23.5%     1.250     1.599    27.9%     1.559     1.940    24.4%     1.559     1.940    24.4%     2.955     4.680    58.4%
            ('AndHighMed', None)     1.061     1.306    23.1%     3.490     3.684     5.6%     4.439     3.763   -15.2%     4.439     3.763   -15.2%    10.186    17.430    71.1%
('AndHighMedDayTaxoFacets', None)    12.720    12.699    -0.2%    39.595    19.133   -51.7%    51.139    36.441   -28.7%    51.139    36.441   -28.7%   429.206   524.390    22.2%
     ('AndMissingHigh', 'Title')     0.344     0.405    17.7%     0.952     1.637    72.0%     1.527     2.128    39.3%     1.527     2.128    39.3%     3.633     3.582    -1.4%
              ('BM25MSM2', None)    21.114    23.690    12.2%    37.101    41.528    11.9%   107.892   101.217    -6.2%   107.892   101.217    -6.2%   323.440   296.958    -8.2%
  ('BrowseDateSSDVFacets', None)   374.908   387.811     3.4%   462.269   416.984    -9.8%   515.967   491.251    -4.8%   515.967   491.251    -4.8%   722.852   613.320   -15.2%
  ('BrowseDateTaxoFacets', None)    68.359    76.388    11.7%    80.817    85.685     6.0%    81.633    90.869    11.3%    81.633    90.869    11.3%    84.295    93.823    11.3%
('BrowseDayOfYearSSDVFacets', None)    72.381    75.297     4.0%    93.727   100.213     6.9%   100.860   102.099     1.2%   100.860   102.099     1.2%   101.594   161.624    59.1%
('BrowseDayOfYearTaxoFacets', None)    63.619    67.077     5.4%    81.037    84.934     4.8%    81.675    85.750     5.0%    81.675    85.750     5.0%    81.763    86.082     5.3%
 ('BrowseMonthSSDVFacets', None)    48.198    47.570    -1.3%    53.750    57.502     7.0%    59.865    57.711    -3.6%    59.865    57.711    -3.6%   252.950   147.817   -41.6%
 ('BrowseMonthTaxoFacets', None)    28.591    30.250     5.8%    34.599    87.397   152.6%    36.942    87.840   137.8%    36.942    87.840   137.8%   406.034   265.008   -34.7%
('BrowseRandomLabelSSDVFacets', None)    93.255   108.641    16.5%   131.669   136.732     3.8%   179.422   147.223   -17.9%   179.422   147.223   -17.9%   201.188   174.794   -13.1%
('BrowseRandomLabelTaxoFacets', None)    78.794    91.566    16.2%    98.009   119.951    22.4%   117.672   130.036    10.5%   117.672   130.036    10.5%   229.171   334.460    45.9%
             ('ConstMSM2', None)     0.709     0.787    11.1%     2.871     2.656    -7.5%     4.883    12.774   161.6%     4.883    12.774   161.6%    10.388    14.177    36.5%
                ('Fuzzy1', None)     7.676     9.256    20.6%    26.150    31.241    19.5%    32.423    35.465     9.4%    32.423    35.465     9.4%    34.492    37.702     9.3%
                ('Fuzzy2', None)    13.314    13.885     4.3%    35.037    30.546   -12.8%    52.251    37.242   -28.7%    52.251    37.242   -28.7%   248.751   213.749   -14.1%
  ('HighIntervalsOrdered', None)    17.364    18.038     3.9%    30.766    35.627    15.8%    56.690    38.073   -32.8%    56.690    38.073   -32.8%    59.795    54.152    -9.4%
            ('HighPhrase', None)     4.425     5.654    27.8%    12.626    10.848   -14.1%    25.518    30.598    19.9%    25.518    30.598    19.9%   160.221   140.123   -12.5%
      ('HighSloppyPhrase', None)     6.758     7.087     4.9%     9.794    12.986    32.6%    14.675    13.794    -6.0%    14.675    13.794    -6.0%    47.499    71.947    51.5%
          ('HighSpanNear', None)     5.872     6.272     6.8%    13.072    17.148    31.2%    14.245    25.064    75.9%    14.245    25.064    75.9%   155.234    92.428   -40.5%
              ('HighTerm', None)     0.637     0.817    28.2%     1.811     1.464   -19.2%     2.919     2.088   -28.5%     2.919     2.088   -28.5%     4.080     3.463   -15.1%
('HighTermDayOfYearSort', 'DayOfYear')     2.573     2.878    11.9%    12.537     6.953   -44.5%    12.901    14.974    16.1%    12.901    14.974    16.1%    31.418    33.033     5.1%
  ('HighTermMonthSort', 'Month')     0.645     0.659     2.2%     2.441     2.026   -17.0%     2.958     2.491   -15.8%     2.958     2.491   -15.8%    21.167     2.596   -87.7%
('HighTermTitleBDVSort', 'TitleBinary')    16.443    17.002     3.4%    27.302    31.432    15.1%    27.551    40.015    45.2%    27.551    40.015    45.2%   145.927   124.229   -14.9%
  ('HighTermTitleSort', 'Title')     9.252     8.756    -5.4%    23.693    28.746    21.3%    67.649    66.596    -1.6%    67.649    66.596    -1.6%    68.374    88.109    28.9%
                ('IntNRQ', None)     0.794     0.859     8.1%     2.135     2.840    33.0%     4.172     3.704   -11.2%     4.172     3.704   -11.2%    99.896    71.818   -28.1%
                ('IntSet', None)     1.651     1.515    -8.3%     5.504     9.117    65.6%    13.763    11.249   -18.3%    13.763    11.249   -18.3%    43.011    46.794     8.8%
   ('LowIntervalsOrdered', None)     8.094     9.894    22.2%    17.631    17.845     1.2%    22.504    24.184     7.5%    22.504    24.184     7.5%    23.582    25.374     7.6%
             ('LowPhrase', None)     1.713     1.888    10.2%     9.174     4.279   -53.4%    10.918    13.391    22.6%    10.918    13.391    22.6%    13.977    20.107    43.9%
       ('LowSloppyPhrase', None)     3.732     4.050     8.5%     7.980    10.118    26.8%     8.100    13.182    62.7%     8.100    13.182    62.7%    17.624    15.150   -14.0%
           ('LowSpanNear', None)     5.159     4.931    -4.4%    12.678    13.971    10.2%    17.102    17.741     3.7%    17.102    17.741     3.7%    25.948    25.539    -1.6%
               ('LowTerm', None)     0.453     0.519    14.6%     1.205     1.927    59.9%     1.609     2.153    33.8%     1.609     2.153    33.8%     3.936     3.207   -18.5%
   ('MedIntervalsOrdered', None)    14.761    15.398     4.3%    27.576    29.856     8.3%    30.041    34.427    14.6%    30.041    34.427    14.6%   135.483   168.017    24.0%
             ('MedPhrase', None)     3.018     3.182     5.4%    12.327     7.170   -41.8%    14.427     7.630   -47.1%    14.427     7.630   -47.1%    19.210    32.632    69.9%
       ('MedSloppyPhrase', None)     2.316     2.337     0.9%     5.514     3.721   -32.5%     5.823     6.343     8.9%     5.823     6.343     8.9%   120.107    70.316   -41.5%
           ('MedSpanNear', None)     5.304     5.551     4.7%    14.637    10.926   -25.4%    16.504    18.320    11.0%    16.504    18.320    11.0%    46.079    25.908   -43.8%
               ('MedTerm', None)     0.620     0.743    19.8%     1.549     1.430    -7.7%     2.905     1.461   -49.7%     2.905     1.461   -49.7%     8.554     2.908   -66.0%
  ('MedTermDayTaxoFacets', None)    15.039    16.810    11.8%    23.644    23.047    -2.5%    52.999    23.667   -55.3%    52.999    23.667   -55.3%    76.603   115.686    51.0%
            ('OrHighHigh', None)     1.959     2.429    24.0%     7.297     6.673    -8.6%    12.595    13.265     5.3%    12.595    13.265     5.3%    16.091    31.149    93.6%
             ('OrHighLow', None)     0.851     0.923     8.4%     1.615     1.428   -11.6%     2.810     3.810    35.6%     2.810     3.810    35.6%   122.587    90.754   -26.0%
             ('OrHighMed', None)     1.114     1.230    10.5%     9.159     5.101   -44.3%     9.617    11.741    22.1%     9.617    11.741    22.1%    26.865    26.372    -1.8%
('OrHighMedDayTaxoFacets', None)    27.813    29.611     6.5%    98.028    51.541   -47.4%   117.983    85.386   -27.6%   117.983    85.386   -27.6%   118.151   121.890     3.2%
         ('OrHighNotHigh', None)     1.107     1.242    12.2%    11.276     3.130   -72.2%    14.476     3.357   -76.8%    14.476     3.357   -76.8%    24.621    22.859    -7.2%
          ('OrHighNotLow', None)     0.875     0.942     7.6%     5.417     5.429     0.2%     6.401     5.452   -14.8%     6.401     5.452   -14.8%     6.911     9.119    31.9%
          ('OrHighNotMed', None)     1.042     1.227    17.7%     3.384     1.862   -45.0%     4.715     4.117   -12.7%     4.715     4.117   -12.7%     8.485    10.352    22.0%
         ('OrNotHighHigh', None)     1.055     1.106     4.9%     3.419     4.967    45.3%     4.698     5.391    14.7%     4.698     5.391    14.7%     9.075     6.099   -32.8%
          ('OrNotHighLow', None)     0.791     0.798     0.9%     2.000     2.128     6.4%     2.838     6.556   131.0%     2.838     6.556   131.0%    99.791    87.814   -12.0%
          ('OrNotHighMed', None)     1.059     1.118     5.6%     3.724     7.698   106.7%     5.617     7.835    39.5%     5.617     7.835    39.5%    18.196    10.115   -44.4%
                   ('PKLookup',)     5.740     5.099   -11.2%    10.677    12.833    20.2%    16.298    12.880   -21.0%    16.298    12.880   -21.0%    17.136    21.091    23.1%
               ('Prefix3', None)     0.843     0.958    13.6%     5.508     4.348   -21.1%     9.703     6.368   -34.4%     9.703     6.368   -34.4%    16.913    61.343   262.7%
                    ('Respell',)    14.633    14.994     2.5%    23.642    31.324    32.5%    25.002    34.379    37.5%    25.002    34.379    37.5%   166.240   161.536    -2.8%
('TermDateTimeSort', 'DateTime')     2.411     2.332    -3.3%     7.727    10.718    38.7%    11.465    19.554    70.6%    11.465    19.554    70.6%   131.632    65.200   -50.5%
              ('Wildcard', None)     5.309     5.206    -1.9%    21.682    16.425   -24.2%    29.512    29.262    -0.8%    29.512    29.262    -0.8%    34.422    42.865    24.5%
                 ('range', None)     0.175     0.190     8.6%     0.602     1.519   152.2%     0.698     1.569   124.8%     0.698     1.569   124.8%     1.588     1.720     8.4%
                            Task    QPS armA      StdDev    QPS armK      StdDev                Pct diff p-value
                      AndHighLow     2241.47      (6.0%)     1745.36      (3.1%)  -22.1% ( -29% -  -13%) 0.000
                         LowTerm     2467.99      (8.0%)     2122.33      (3.9%)  -14.0% ( -24% -   -2%) 0.000
                       OrHighLow     1265.84      (4.0%)     1106.32      (4.6%)  -12.6% ( -20% -   -4%) 0.000
                    OrNotHighLow     1499.09      (8.3%)     1369.36      (7.0%)   -8.7% ( -22% -    7%) 0.012
                      AndHighMed      894.07      (6.7%)      820.38      (5.4%)   -8.2% ( -19% -    4%) 0.003
                       OrHighMed      903.11      (7.1%)      829.72     (10.2%)   -8.1% ( -23% -    9%) 0.038
                   OrNotHighHigh      960.49      (6.6%)      886.87      (7.8%)   -7.7% ( -20% -    7%) 0.018
                    OrHighNotLow     1083.55      (9.9%)     1002.19     (11.5%)   -7.5% ( -26% -   15%) 0.117
                 MedSloppyPhrase      460.38      (4.2%)      427.04     (10.1%)   -7.2% ( -20% -    7%) 0.037
                         MedTerm     1615.93      (8.7%)     1498.94      (5.1%)   -7.2% ( -19% -    7%) 0.023
                  AndMissingHigh     3359.10      (7.2%)     3120.78      (8.2%)   -7.1% ( -21% -    8%) 0.040
                   OrHighNotHigh      840.74     (11.3%)      783.34     (12.1%)   -6.8% ( -27% -   18%) 0.191
                 LowSloppyPhrase      282.32      (7.6%)      265.61      (5.0%)   -5.9% ( -17% -    7%) 0.039
                     AndHighHigh      629.95     (12.8%)      593.09      (7.3%)   -5.9% ( -23% -   16%) 0.209
                       LowPhrase      567.68      (5.0%)      537.14     (10.5%)   -5.4% ( -19% -   10%) 0.143
                HighSloppyPhrase      148.88      (4.7%)      141.86      (5.1%)   -4.7% ( -13% -    5%) 0.032
                       MedPhrase      327.35      (1.7%)      313.81      (4.3%)   -4.1% (  -9% -    1%) 0.004
                        PKLookup      213.05     (12.9%)      204.42      (6.7%)   -4.1% ( -20% -   17%) 0.379
                    OrNotHighMed      918.12      (5.1%)      881.93      (6.2%)   -3.9% ( -14% -    7%) 0.123
            MedTermDayTaxoFacets       70.66      (4.7%)       67.95      (7.0%)   -3.8% ( -14% -    8%) 0.151
                      HighPhrase      256.02      (4.9%)      246.87      (4.3%)   -3.6% ( -12% -    5%) 0.084
            BrowseDateTaxoFacets       15.37      (3.8%)       14.88      (7.5%)   -3.2% ( -13% -    8%) 0.225
             LowIntervalsOrdered      138.71      (5.5%)      134.46      (7.9%)   -3.1% ( -15% -   10%) 0.315
                         Prefix3     1291.92      (8.2%)     1252.85      (3.9%)   -3.0% ( -13% -    9%) 0.289
               HighTermTitleSort      117.08      (7.7%)      113.59      (7.2%)   -3.0% ( -16% -   12%) 0.372
                    HighSpanNear      167.13      (4.9%)      162.73      (3.8%)   -2.6% ( -10% -    6%) 0.181
                    OrHighNotMed      913.34     (11.2%)      890.24      (9.8%)   -2.5% ( -21% -   20%) 0.590
                     MedSpanNear      200.12      (6.4%)      195.10      (4.8%)   -2.5% ( -12% -    9%) 0.319
                        HighTerm     1463.10      (9.2%)     1426.69      (5.2%)   -2.5% ( -15% -   13%) 0.457
                     LowSpanNear      229.06      (8.2%)      223.52      (4.3%)   -2.4% ( -13% -   11%) 0.411
       BrowseDayOfYearSSDVFacets       15.76      (8.7%)       15.42      (7.7%)   -2.1% ( -17% -   15%) 0.564
                        BM25MSM2       47.33      (6.3%)       46.39      (6.5%)   -2.0% ( -13% -   11%) 0.487
           HighTermDayOfYearSort      518.40      (8.2%)      508.27      (8.7%)   -2.0% ( -17% -   16%) 0.604
     BrowseRandomLabelTaxoFacets       12.57      (4.5%)       12.36      (5.2%)   -1.7% ( -10% -    8%) 0.437
                      OrHighHigh      463.41      (9.5%)      455.76      (5.5%)   -1.7% ( -15% -   14%) 0.635
     BrowseRandomLabelSSDVFacets       11.30      (4.7%)       11.16      (9.4%)   -1.3% ( -14% -   13%) 0.704
        AndHighHighDayTaxoFacets       69.54      (4.7%)       68.69      (6.3%)   -1.2% ( -11% -   10%) 0.622
                          Fuzzy1      117.20      (7.2%)      116.15      (5.8%)   -0.9% ( -13% -   13%) 0.761
       BrowseDayOfYearTaxoFacets       15.88      (3.1%)       15.76      (4.4%)   -0.8% (  -8% -    6%) 0.655
             MedIntervalsOrdered       74.29      (6.1%)       73.89      (5.6%)   -0.5% ( -11% -   11%) 0.836
                          Fuzzy2       79.19      (6.6%)       78.85      (6.6%)   -0.4% ( -12% -   13%) 0.886
            HighIntervalsOrdered       62.39      (5.6%)       62.20      (5.7%)   -0.3% ( -10% -   11%) 0.903
         AndHighMedDayTaxoFacets       80.55      (1.5%)       80.41      (1.6%)   -0.2% (  -3% -    3%) 0.803
                       ConstMSM2     1506.76      (9.2%)     1504.63      (9.0%)   -0.1% ( -16% -   19%) 0.972
                      TermDTSort      443.38      (5.8%)      442.99      (2.6%)   -0.1% (  -8% -    8%) 0.965
               HighTermMonthSort     1474.08      (6.6%)     1473.71      (9.1%)   -0.0% ( -14% -   16%) 0.994
                          IntNRQ     1157.61      (7.5%)     1162.13      (8.6%)    0.4% ( -14% -   17%) 0.914
                        Wildcard      195.76      (2.7%)      196.82      (2.9%)    0.5% (  -4% -    6%) 0.669
                         Respell       70.35      (7.2%)       71.07      (7.5%)    1.0% ( -12% -   16%) 0.756
            HighTermTitleBDVSort       56.89      (5.8%)       57.62      (4.5%)    1.3% (  -8% -   12%) 0.584
                          IntSet      662.77      (9.4%)      679.36      (5.2%)    2.5% ( -11% -   18%) 0.463
          OrHighMedDayTaxoFacets       38.88      (8.6%)       40.01      (9.5%)    2.9% ( -14% -   23%) 0.478
            BrowseDateSSDVFacets        2.85      (5.2%)        2.94      (6.1%)    3.0% (  -7% -   15%) 0.236
           BrowseMonthSSDVFacets       16.78     (13.4%)       17.30     (15.6%)    3.1% ( -22% -   37%) 0.632
                           range     5748.38     (10.3%)     5980.08      (8.4%)    4.0% ( -13% -   25%) 0.338
           BrowseMonthTaxoFacets       35.88     (34.6%)       40.50      (9.5%)   12.9% ( -23% -   87%) 0.257
  iter 10
    armK:
      NOTE: using experimental CPU time profiler (see https://mostlynerdless.de/blog/2025/06/11/java-25s-new-cpu-time-profiler-1)
      log: /home/goankur/vsearch/logs/FAK.armK.10 + stdout
      run: /usr/bin/perf stat -dd -e task-clock,cycles,instructions,cache-references,cache-misses,L1-dcache-loads,L1-dcache-load-misses,L1-icache-loads,L1-icache-load-misses,LLC-loads,LLC-load-misses,LLC-stores,LLC-store-misses,LLC-prefetches,LLC-prefetch-misses,faults,minor-faults,major-faults,branches,branch-misses,stalled-cycles-frontend,stalled-cycles-backend /home/goankur/jdk/corretto-25/bin/java -server -Xms2g -Xmx2g --add-modules jdk.incubator.vector -XX:+HeapDumpOnOutOfMemoryError -XX:+UseParallelGC -XX:StartFlightRecording=jdk.CPUTimeSample#enabled=true,dumponexit=true,maxsize=250M,settings=/home/goankur/vsearch/util/src/python/profiling.jfc,filename=/home/goankur/vsearch/logs/bench-search-FAK-armK-10.jfr -XX:+UnlockDiagnosticVMOptions -XX:+DebugNonSafepoints -classpath /home/goankur/vsearch/bo/lucene-K/lucene/core/build/libs/lucene-core-11.0.0-SNAPSHOT.jar:/home/goankur/vsearch/bo/lucene-K/lucene/sandbox/build/classes/java/main:/home/goankur/vsearch/bo/lucene-K/lucene/misc/build/classes/java/main:/home/goankur/vsearch/bo/lucene-K/lucene/facet/build/classes/java/main:/home/goankur/vsearch/bo/lucene-K/lucene/analysis/common/build/classes/java/main:/home/goankur/vsearch/bo/lucene-K/lucene/analysis/icu/build/classes/java/main:/home/goankur/vsearch/bo/lucene-K/lucene/queryparser/build/classes/java/main:/home/goankur/vsearch/bo/lucene-K/lucene/grouping/build/classes/java/main:/home/goankur/vsearch/bo/lucene-K/lucene/suggest/build/classes/java/main:/home/goankur/vsearch/bo/lucene-K/lucene/highlighter/build/classes/java/main:/home/goankur/vsearch/bo/lucene-K/lucene/codecs/build/classes/java/main:/home/goankur/vsearch/bo/lucene-K/lucene/queries/build/classes/java/main:/home/goankur/vsearch/bo/lucene-K/lucene/join/build/classes/java/main:/home/goankur/vsearch/bo/lucene-K/lucene/spatial3d/build/classes/java/main:/home/goankur/vsearch/util/lib/HdrHistogram.jar:/home/goankur/vsearch/util/src/main/build/classes/java/main:/home/goankur/vsearch/util/build perf.SearchPerfTest -dirImpl MMapDirectory -indexPath /home/goankur/vsearch/indices/wikimedium10m.lucene-A.facets.taxonomy:Date.taxonomy:Month.taxonomy:DayOfYear.sortedset:Date.sortedset:Month.sortedset:DayOfYear.taxonomy:RandomLabel.sortedset:RandomLabel.Lucene90.Lucene104.dvfields.nd10M -facets taxonomy:Date;Date -facets taxonomy:Month;Month -facets taxonomy:DayOfYear;DayOfYear -facets sortedset:Date;Date -facets sortedset:Month;Month -facets sortedset:DayOfYear;DayOfYear -facets taxonomy:RandomLabel;RandomLabel -facets sortedset:RandomLabel;RandomLabel -analyzer StandardAnalyzer -taskSource /home/goankur/vsearch/util/tasks/wikimedium.10M.nostopwords.tasks -numConcurrentQueries 5 -taskRepeatCount 20 -field body -tasksPerCat 1 -searchConcurrency -1 -staticSeed 7331 -seed -2476876 -similarity BM25Similarity -commit multi -hiliteImpl FastVectorHighlighter -log /home/goankur/vsearch/logs/FAK.armK.10 -topN 100 -context  -pk -pollute
      9.1 s
      292.0 actual sustained QPS; -1.0 CPU cores used
    armA:
      NOTE: using experimental CPU time profiler (see https://mostlynerdless.de/blog/2025/06/11/java-25s-new-cpu-time-profiler-1)
      log: /home/goankur/vsearch/logs/FAK.armA.10 + stdout
      run: /usr/bin/perf stat -dd -e task-clock,cycles,instructions,cache-references,cache-misses,L1-dcache-loads,L1-dcache-load-misses,L1-icache-loads,L1-icache-load-misses,LLC-loads,LLC-load-misses,LLC-stores,LLC-store-misses,LLC-prefetches,LLC-prefetch-misses,faults,minor-faults,major-faults,branches,branch-misses,stalled-cycles-frontend,stalled-cycles-backend /home/goankur/jdk/corretto-25/bin/java -server -Xms2g -Xmx2g --add-modules jdk.incubator.vector -XX:+HeapDumpOnOutOfMemoryError -XX:+UseParallelGC -XX:StartFlightRecording=jdk.CPUTimeSample#enabled=true,dumponexit=true,maxsize=250M,settings=/home/goankur/vsearch/util/src/python/profiling.jfc,filename=/home/goankur/vsearch/logs/bench-search-FAK-armA-10.jfr -XX:+UnlockDiagnosticVMOptions -XX:+DebugNonSafepoints -classpath /home/goankur/vsearch/bo/lucene-A/lucene/core/build/libs/lucene-core-11.0.0-SNAPSHOT.jar:/home/goankur/vsearch/bo/lucene-A/lucene/sandbox/build/classes/java/main:/home/goankur/vsearch/bo/lucene-A/lucene/misc/build/classes/java/main:/home/goankur/vsearch/bo/lucene-A/lucene/facet/build/classes/java/main:/home/goankur/vsearch/bo/lucene-A/lucene/analysis/common/build/classes/java/main:/home/goankur/vsearch/bo/lucene-A/lucene/analysis/icu/build/classes/java/main:/home/goankur/vsearch/bo/lucene-A/lucene/queryparser/build/classes/java/main:/home/goankur/vsearch/bo/lucene-A/lucene/grouping/build/classes/java/main:/home/goankur/vsearch/bo/lucene-A/lucene/suggest/build/classes/java/main:/home/goankur/vsearch/bo/lucene-A/lucene/highlighter/build/classes/java/main:/home/goankur/vsearch/bo/lucene-A/lucene/codecs/build/classes/java/main:/home/goankur/vsearch/bo/lucene-A/lucene/queries/build/classes/java/main:/home/goankur/vsearch/bo/lucene-A/lucene/join/build/classes/java/main:/home/goankur/vsearch/bo/lucene-A/lucene/spatial3d/build/classes/java/main:/home/goankur/vsearch/util/lib/HdrHistogram.jar:/home/goankur/vsearch/util/src/main/build/classes/java/main:/home/goankur/vsearch/util/build perf.SearchPerfTest -dirImpl MMapDirectory -indexPath /home/goankur/vsearch/indices/wikimedium10m.lucene-A.facets.taxonomy:Date.taxonomy:Month.taxonomy:DayOfYear.sortedset:Date.sortedset:Month.sortedset:DayOfYear.taxonomy:RandomLabel.sortedset:RandomLabel.Lucene90.Lucene104.dvfields.nd10M -facets taxonomy:Date;Date -facets taxonomy:Month;Month -facets taxonomy:DayOfYear;DayOfYear -facets sortedset:Date;Date -facets sortedset:Month;Month -facets sortedset:DayOfYear;DayOfYear -facets taxonomy:RandomLabel;RandomLabel -facets sortedset:RandomLabel;RandomLabel -analyzer StandardAnalyzer -taskSource /home/goankur/vsearch/util/tasks/wikimedium.10M.nostopwords.tasks -numConcurrentQueries 5 -taskRepeatCount 20 -field body -tasksPerCat 1 -searchConcurrency -1 -staticSeed 7331 -seed -2476876 -similarity BM25Similarity -commit multi -hiliteImpl FastVectorHighlighter -log /home/goankur/vsearch/logs/FAK.armA.10 -topN 100 -context  -pk -pollute
      9.3 s
      262.5 actual sustained QPS; -1.0 CPU cores used

Report after iter 10:
QPSChart.supported == False
                            Task     P50 B     P50 C     Diff     P90 B     P90 C     Diff     P99 B     P99 C     Diff    P999 B    P999 C     Diff    P100 B    P100 C     Diff
           ('AndHighHigh', None)     1.587     1.855    16.8%     4.336     5.081    17.2%     5.729     6.438    12.4%     5.729     6.438    12.4%    10.622     6.793   -36.0%
('AndHighHighDayTaxoFacets', None)    15.272    15.554     1.8%    22.573    19.262   -14.7%    30.675    20.220   -34.1%    30.675    20.220   -34.1%    98.870   110.333    11.6%
            ('AndHighLow', None)     0.429     0.606    41.3%     1.743     0.857   -50.8%     1.966     1.785    -9.2%     1.966     1.785    -9.2%     2.472     1.888   -23.6%
            ('AndHighMed', None)     1.188     1.250     5.2%     3.155     2.926    -7.2%     5.843     4.725   -19.1%     5.843     4.725   -19.1%    20.593    14.479   -29.7%
('AndHighMedDayTaxoFacets', None)    13.321    13.243    -0.6%    24.084    20.013   -16.9%    25.981    21.662   -16.6%    25.981    21.662   -16.6%    50.885    21.889   -57.0%
     ('AndMissingHigh', 'Title')     0.303     0.337    11.0%     0.674     0.743    10.3%     1.003     1.387    38.3%     1.003     1.387    38.3%    19.370     4.309   -77.8%
              ('BM25MSM2', None)    19.219    24.401    27.0%    33.733    40.614    20.4%   108.718    59.166   -45.6%   108.718    59.166   -45.6%   315.549   195.609   -38.0%
  ('BrowseDateSSDVFacets', None)   331.667   351.863     6.1%   388.940   373.728    -3.9%   391.267   390.891    -0.1%   391.267   390.891    -0.1%   584.597  1193.332   104.1%
  ('BrowseDateTaxoFacets', None)    64.441    23.853   -63.0%    82.386    38.241   -53.6%    82.419    66.651   -19.1%    82.419    66.651   -19.1%   111.069    88.911   -19.9%
('BrowseDayOfYearSSDVFacets', None)    73.827    68.315    -7.5%   123.409    89.231   -27.7%   131.919   193.254    46.5%   131.919   193.254    46.5%   153.586   256.687    67.1%
('BrowseDayOfYearTaxoFacets', None)    68.263    24.983   -63.4%    81.087    36.808   -54.6%    83.409    64.624   -22.5%    83.409    64.624   -22.5%   179.987   161.773   -10.1%
 ('BrowseMonthSSDVFacets', None)    49.236    74.160    50.6%    55.455    83.574    50.7%    64.208    95.112    48.1%    64.208    95.112    48.1%   195.009   905.447   364.3%
 ('BrowseMonthTaxoFacets', None)    28.712    23.797   -17.1%    74.771    40.602   -45.7%    77.400    71.730    -7.3%    77.400    71.730    -7.3%   311.753   385.448    23.6%
('BrowseRandomLabelSSDVFacets', None)   107.005    89.907   -16.0%   139.256   118.253   -15.1%   151.263   131.450   -13.1%   151.263   131.450   -13.1%   280.674   375.479    33.8%
('BrowseRandomLabelTaxoFacets', None)    85.543    36.951   -56.8%    99.613    47.034   -52.8%   120.500    47.516   -60.6%   120.500    47.516   -60.6%   156.257   111.774   -28.5%
             ('ConstMSM2', None)     0.664     0.715     7.6%     3.727     2.509   -32.7%    16.085     9.018   -43.9%    16.085     9.018   -43.9%    22.257    29.182    31.1%
                ('Fuzzy1', None)     8.709     8.837     1.5%    18.999    17.326    -8.8%    24.810    21.615   -12.9%    24.810    21.615   -12.9%    66.029    61.082    -7.5%
                ('Fuzzy2', None)    13.339    13.253    -0.6%    32.287    30.820    -4.5%    40.281    38.169    -5.2%    40.281    38.169    -5.2%    63.107    53.688   -14.9%
  ('HighIntervalsOrdered', None)    17.033    15.144   -11.1%    28.663    25.909    -9.6%    31.528    28.016   -11.1%    31.528    28.016   -11.1%    33.900    30.099   -11.2%
            ('HighPhrase', None)     4.250     5.022    18.2%     7.597    10.813    42.3%    10.008    16.585    65.7%    10.008    16.585    65.7%    64.984    59.297    -8.8%
      ('HighSloppyPhrase', None)     8.150     7.423    -8.9%    13.235    17.263    30.4%    16.536    18.085     9.4%    16.536    18.085     9.4%   106.352    81.985   -22.9%
          ('HighSpanNear', None)     6.346     6.943     9.4%    15.119    10.639   -29.6%    16.179    19.380    19.8%    16.179    19.380    19.8%    51.250    31.456   -38.6%
              ('HighTerm', None)     0.664     0.751    13.2%     1.769     1.774     0.2%     1.828     7.975   336.2%     1.828     7.975   336.2%    12.841    12.336    -3.9%
('HighTermDayOfYearSort', 'DayOfYear')     2.081     2.098     0.9%     8.785    12.904    46.9%    15.200    15.551     2.3%    15.200    15.551     2.3%    80.159    68.210   -14.9%
  ('HighTermMonthSort', 'Month')     0.669     0.724     8.3%     3.160     1.841   -41.7%     3.605     4.438    23.1%     3.605     4.438    23.1%     3.799     6.828    79.7%
('HighTermTitleBDVSort', 'TitleBinary')    19.372    18.851    -2.7%    37.297    29.734   -20.3%    37.613    41.702    10.9%    37.613    41.702    10.9%   137.471    64.604   -53.0%
  ('HighTermTitleSort', 'Title')     9.456    10.846    14.7%    19.733    17.883    -9.4%    53.556    27.276   -49.1%    53.556    27.276   -49.1%   180.214   128.265   -28.8%
                ('IntNRQ', None)     0.907     0.901    -0.7%     3.254     2.353   -27.7%    11.090     5.573   -49.7%    11.090     5.573   -49.7%    47.476    31.816   -33.0%
                ('IntSet', None)     1.971     1.569   -20.4%     5.641     5.825     3.3%     7.682     7.557    -1.6%     7.682     7.557    -1.6%    39.030    41.665     6.8%
   ('LowIntervalsOrdered', None)     7.842     7.650    -2.4%    14.540    18.388    26.5%    31.527    20.999   -33.4%    31.527    20.999   -33.4%    86.436   181.318   109.8%
             ('LowPhrase', None)     1.836     2.011     9.6%     7.087     9.790    38.1%    10.627    17.569    65.3%    10.627    17.569    65.3%    37.812    25.958   -31.4%
       ('LowSloppyPhrase', None)     4.312     4.004    -7.1%     8.106     9.282    14.5%     9.008    13.144    45.9%     9.008    13.144    45.9%    37.711    29.347   -22.2%
           ('LowSpanNear', None)     6.566     5.136   -21.8%     9.215    12.952    40.6%     9.548    13.855    45.1%     9.548    13.855    45.1%    73.354   105.900    44.4%
               ('LowTerm', None)     0.424     0.511    20.5%     1.447     1.009   -30.3%     1.699     1.916    12.8%     1.699     1.916    12.8%     2.703     1.962   -27.4%
   ('MedIntervalsOrdered', None)    14.951    13.305   -11.0%    26.060    19.112   -26.7%    29.813    28.267    -5.2%    29.813    28.267    -5.2%   151.914   150.102    -1.2%
             ('MedPhrase', None)     2.983     3.145     5.4%     9.720    10.507     8.1%    19.631    22.801    16.1%    19.631    22.801    16.1%    31.713    45.085    42.2%
       ('MedSloppyPhrase', None)     2.256     2.721    20.6%    10.089     8.359   -17.1%    11.618    10.528    -9.4%    11.618    10.528    -9.4%    15.967    27.105    69.8%
           ('MedSpanNear', None)     4.917     5.016     2.0%    12.918    10.626   -17.7%    17.238    15.780    -8.5%    17.238    15.780    -8.5%    49.026    20.944   -57.3%
               ('MedTerm', None)     0.606     0.656     8.2%     1.664     2.290    37.6%     5.810     4.881   -16.0%     5.810     4.881   -16.0%    22.161     8.021   -63.8%
  ('MedTermDayTaxoFacets', None)    16.089    15.396    -4.3%    23.447    27.978    19.3%    25.359    35.693    40.7%    25.359    35.693    40.7%    76.647    37.520   -51.0%
            ('OrHighHigh', None)     2.659     2.427    -8.7%     8.509     5.243   -38.4%    23.590     5.726   -75.7%    23.590     5.726   -75.7%   195.067   239.929    23.0%
             ('OrHighLow', None)     0.969     0.893    -7.8%     3.686     1.811   -50.9%     5.791     3.363   -41.9%     5.791     3.363   -41.9%     7.119     5.599   -21.3%
             ('OrHighMed', None)     1.029     1.188    15.5%     3.403     2.643   -22.3%    14.060     5.349   -62.0%    14.060     5.349   -62.0%    35.805    36.640     2.3%
('OrHighMedDayTaxoFacets', None)    27.122    29.270     7.9%    53.660    44.793   -16.5%   129.017   143.808    11.5%   129.017   143.808    11.5%   223.891   225.086     0.5%
         ('OrHighNotHigh', None)     1.116     1.192     6.8%     8.276     2.444   -70.5%    11.721    13.418    14.5%    11.721    13.418    14.5%    34.036    24.355   -28.4%
          ('OrHighNotLow', None)     1.113     1.186     6.5%     6.500     3.419   -47.4%    14.636    15.003     2.5%    14.636    15.003     2.5%    16.687    29.095    74.4%
          ('OrHighNotMed', None)     1.247     1.165    -6.6%    13.566     6.814   -49.8%    18.215    11.047   -39.4%    18.215    11.047   -39.4%   105.519   103.866    -1.6%
         ('OrNotHighHigh', None)     0.962     1.160    20.6%     7.442     4.815   -35.3%     8.543     7.894    -7.6%     8.543     7.894    -7.6%    13.771    11.180   -18.8%
          ('OrNotHighLow', None)     0.678     0.989    45.9%     2.506     2.832    13.0%     2.994     4.419    47.6%     2.994     4.419    47.6%     5.570    11.627   108.7%
          ('OrNotHighMed', None)     1.324     1.186   -10.4%     7.537     4.736   -37.2%     8.173     5.421   -33.7%     8.173     5.421   -33.7%    62.300    69.542    11.6%
                   ('PKLookup',)     4.478     4.845     8.2%    11.761    10.042   -14.6%    12.356    16.279    31.7%    12.356    16.279    31.7%    20.353    16.389   -19.5%
               ('Prefix3', None)     0.957     0.873    -8.7%     3.106     2.658   -14.4%     4.919    11.933   142.6%     4.919    11.933   142.6%    10.154    13.360    31.6%
                    ('Respell',)    14.461    15.441     6.8%    27.440    26.937    -1.8%    41.675    33.131   -20.5%    41.675    33.131   -20.5%   205.177   207.373     1.1%
('TermDateTimeSort', 'DateTime')     2.260     2.276     0.7%     5.981     5.753    -3.8%     6.883    12.414    80.4%     6.883    12.414    80.4%    89.791   129.843    44.6%
              ('Wildcard', None)     5.419     5.134    -5.2%    12.377    20.921    69.0%    26.078    21.919   -15.9%    26.078    21.919   -15.9%    57.731    97.013    68.0%
                 ('range', None)     0.165     0.172     4.6%     0.390     0.358    -8.3%     0.679     2.446   260.2%     0.679     2.446   260.2%     3.099     2.767   -10.7%
                            Task    QPS armA      StdDev    QPS armK      StdDev                Pct diff p-value
                      AndHighLow     2254.57      (6.0%)     1756.38      (3.3%)  -22.1% ( -29% -  -13%) 0.000
                         LowTerm     2467.18      (7.6%)     2114.96      (3.9%)  -14.3% ( -23% -   -3%) 0.000
                       OrHighLow     1256.85      (4.5%)     1113.27      (4.8%)  -11.4% ( -19% -   -2%) 0.000
                    OrNotHighLow     1500.64      (7.9%)     1345.95      (8.4%)  -10.3% ( -24% -    6%) 0.003
                       OrHighMed      913.54      (7.7%)      833.65      (9.6%)   -8.7% ( -24% -    9%) 0.018
                   OrNotHighHigh      969.45      (7.0%)      886.36      (7.3%)   -8.6% ( -21% -    6%) 0.005
                 MedSloppyPhrase      461.72      (4.1%)      422.81     (10.0%)   -8.4% ( -21% -    5%) 0.010
                      AndHighMed      891.99      (6.4%)      819.81      (5.2%)   -8.1% ( -18% -    3%) 0.001
                  AndMissingHigh     3367.26      (6.9%)     3114.49      (7.8%)   -7.5% ( -20% -    7%) 0.017
                    OrHighNotLow     1073.87      (9.9%)      995.03     (11.2%)   -7.3% ( -25% -   15%) 0.104
                   OrHighNotHigh      850.90     (11.3%)      789.51     (11.6%)   -7.2% ( -27% -   17%) 0.139
                         MedTerm     1623.38      (8.3%)     1512.89      (5.6%)   -6.8% ( -19% -    7%) 0.025
                     AndHighHigh      633.76     (12.2%)      595.40      (7.0%)   -6.1% ( -22% -   14%) 0.154
                       LowPhrase      570.67      (5.0%)      536.62      (9.9%)   -6.0% ( -19% -    9%) 0.075
                 LowSloppyPhrase      281.23      (7.3%)      266.74      (4.9%)   -5.2% ( -16% -    7%) 0.053
                        PKLookup      217.15     (13.6%)      206.90      (7.3%)   -4.7% ( -22% -   18%) 0.310
                       MedPhrase      328.53      (2.0%)      314.32      (4.1%)   -4.3% ( -10% -    1%) 0.002
                HighSloppyPhrase      148.17      (4.8%)      141.77      (4.8%)   -4.3% ( -13% -    5%) 0.036
                      HighPhrase      255.14      (4.8%)      244.59      (5.0%)   -4.1% ( -13% -    6%) 0.049
                        BM25MSM2       47.76      (6.6%)       45.91      (6.9%)   -3.9% ( -16% -   10%) 0.180
                    OrNotHighMed      912.42      (5.3%)      880.62      (6.0%)   -3.5% ( -14% -    8%) 0.149
                        HighTerm     1470.46      (8.9%)     1419.98      (5.1%)   -3.4% ( -15% -   11%) 0.266
               HighTermTitleSort      116.44      (7.6%)      112.57      (7.4%)   -3.3% ( -17% -   12%) 0.300
            MedTermDayTaxoFacets       70.30      (4.8%)       68.03      (6.7%)   -3.2% ( -14% -    8%) 0.193
                         Prefix3     1294.06      (7.7%)     1252.33      (3.7%)   -3.2% ( -13% -    8%) 0.211
                    HighSpanNear      166.59      (4.8%)      161.34      (4.6%)   -3.2% ( -11% -    6%) 0.114
             LowIntervalsOrdered      138.05      (5.5%)      134.27      (7.6%)   -2.7% ( -14% -   10%) 0.331
                     MedSpanNear      200.62      (6.1%)      195.62      (4.6%)   -2.5% ( -12% -    8%) 0.280
       BrowseDayOfYearSSDVFacets       15.73      (8.3%)       15.37      (7.4%)   -2.3% ( -16% -   14%) 0.496
                       ConstMSM2     1532.60     (10.2%)     1500.73      (8.5%)   -2.1% ( -18% -   18%) 0.603
           HighTermDayOfYearSort      517.17      (7.8%)      508.16      (8.2%)   -1.7% ( -16% -   15%) 0.611
                          Fuzzy1      118.26      (7.4%)      116.44      (5.5%)   -1.5% ( -13% -   12%) 0.580
        AndHighHighDayTaxoFacets       69.25      (4.7%)       68.30      (6.3%)   -1.4% ( -11% -   10%) 0.562
                    OrHighNotMed      906.56     (10.9%)      894.16      (9.5%)   -1.4% ( -19% -   21%) 0.754
                     LowSpanNear      224.35     (10.6%)      221.98      (4.8%)   -1.1% ( -14% -   15%) 0.762
                      OrHighHigh      457.74     (10.0%)      452.93      (5.7%)   -1.0% ( -15% -   16%) 0.763
           BrowseMonthSSDVFacets       17.13     (14.2%)       17.00     (15.6%)   -0.8% ( -26% -   33%) 0.901
                         Respell       70.93      (7.3%)       70.59      (7.4%)   -0.5% ( -14% -   15%) 0.879
                      TermDTSort      446.54      (5.9%)      444.65      (2.8%)   -0.4% (  -8% -    8%) 0.830
               HighTermMonthSort     1477.34      (6.3%)     1472.14      (8.7%)   -0.4% ( -14% -   15%) 0.913
                          Fuzzy2       78.84      (6.5%)       78.65      (6.4%)   -0.2% ( -12% -   13%) 0.930
         AndHighMedDayTaxoFacets       80.09      (2.4%)       80.02      (2.2%)   -0.1% (  -4% -    4%) 0.934
     BrowseRandomLabelSSDVFacets       11.15      (6.4%)       11.19      (9.1%)    0.4% ( -14% -   16%) 0.913
             MedIntervalsOrdered       73.87      (6.1%)       74.26      (5.6%)    0.5% ( -10% -   13%) 0.833
            HighIntervalsOrdered       62.08      (5.6%)       62.65      (6.0%)    0.9% ( -10% -   13%) 0.707
                        Wildcard      194.99      (2.9%)      196.96      (2.8%)    1.0% (  -4% -    6%) 0.407
          OrHighMedDayTaxoFacets       38.98      (8.2%)       39.50     (10.0%)    1.3% ( -15% -   21%) 0.736
            HighTermTitleBDVSort       56.69      (5.7%)       57.45      (4.4%)    1.3% (  -8% -   12%) 0.537
                          IntNRQ     1156.86      (7.1%)     1174.30      (8.9%)    1.5% ( -13% -   18%) 0.660
            BrowseDateSSDVFacets        2.87      (5.2%)        2.94      (5.8%)    2.4% (  -8% -   14%) 0.306
                           range     5788.84     (10.0%)     5982.41      (7.9%)    3.3% ( -13% -   23%) 0.384
                          IntSet      654.75      (9.9%)      677.75      (5.1%)    3.5% ( -10% -   20%) 0.296
     BrowseRandomLabelTaxoFacets       12.59      (4.3%)       13.85     (39.6%)   10.0% ( -32% -   56%) 0.404
           BrowseMonthTaxoFacets       36.08     (32.7%)       40.65      (9.1%)   12.7% ( -21% -   81%) 0.215
            BrowseDateTaxoFacets       15.39      (3.6%)       17.42     (55.2%)   13.2% ( -44% -   74%) 0.429
       BrowseDayOfYearTaxoFacets       15.80      (3.4%)       18.34     (54.5%)   16.1% ( -40% -   76%) 0.328
  iter 11
    armA:
      NOTE: using experimental CPU time profiler (see https://mostlynerdless.de/blog/2025/06/11/java-25s-new-cpu-time-profiler-1)
      log: /home/goankur/vsearch/logs/FAK.armA.11 + stdout
      run: /usr/bin/perf stat -dd -e task-clock,cycles,instructions,cache-references,cache-misses,L1-dcache-loads,L1-dcache-load-misses,L1-icache-loads,L1-icache-load-misses,LLC-loads,LLC-load-misses,LLC-stores,LLC-store-misses,LLC-prefetches,LLC-prefetch-misses,faults,minor-faults,major-faults,branches,branch-misses,stalled-cycles-frontend,stalled-cycles-backend /home/goankur/jdk/corretto-25/bin/java -server -Xms2g -Xmx2g --add-modules jdk.incubator.vector -XX:+HeapDumpOnOutOfMemoryError -XX:+UseParallelGC -XX:StartFlightRecording=jdk.CPUTimeSample#enabled=true,dumponexit=true,maxsize=250M,settings=/home/goankur/vsearch/util/src/python/profiling.jfc,filename=/home/goankur/vsearch/logs/bench-search-FAK-armA-11.jfr -XX:+UnlockDiagnosticVMOptions -XX:+DebugNonSafepoints -classpath /home/goankur/vsearch/bo/lucene-A/lucene/core/build/libs/lucene-core-11.0.0-SNAPSHOT.jar:/home/goankur/vsearch/bo/lucene-A/lucene/sandbox/build/classes/java/main:/home/goankur/vsearch/bo/lucene-A/lucene/misc/build/classes/java/main:/home/goankur/vsearch/bo/lucene-A/lucene/facet/build/classes/java/main:/home/goankur/vsearch/bo/lucene-A/lucene/analysis/common/build/classes/java/main:/home/goankur/vsearch/bo/lucene-A/lucene/analysis/icu/build/classes/java/main:/home/goankur/vsearch/bo/lucene-A/lucene/queryparser/build/classes/java/main:/home/goankur/vsearch/bo/lucene-A/lucene/grouping/build/classes/java/main:/home/goankur/vsearch/bo/lucene-A/lucene/suggest/build/classes/java/main:/home/goankur/vsearch/bo/lucene-A/lucene/highlighter/build/classes/java/main:/home/goankur/vsearch/bo/lucene-A/lucene/codecs/build/classes/java/main:/home/goankur/vsearch/bo/lucene-A/lucene/queries/build/classes/java/main:/home/goankur/vsearch/bo/lucene-A/lucene/join/build/classes/java/main:/home/goankur/vsearch/bo/lucene-A/lucene/spatial3d/build/classes/java/main:/home/goankur/vsearch/util/lib/HdrHistogram.jar:/home/goankur/vsearch/util/src/main/build/classes/java/main:/home/goankur/vsearch/util/build perf.SearchPerfTest -dirImpl MMapDirectory -indexPath /home/goankur/vsearch/indices/wikimedium10m.lucene-A.facets.taxonomy:Date.taxonomy:Month.taxonomy:DayOfYear.sortedset:Date.sortedset:Month.sortedset:DayOfYear.taxonomy:RandomLabel.sortedset:RandomLabel.Lucene90.Lucene104.dvfields.nd10M -facets taxonomy:Date;Date -facets taxonomy:Month;Month -facets taxonomy:DayOfYear;DayOfYear -facets sortedset:Date;Date -facets sortedset:Month;Month -facets sortedset:DayOfYear;DayOfYear -facets taxonomy:RandomLabel;RandomLabel -facets sortedset:RandomLabel;RandomLabel -analyzer StandardAnalyzer -taskSource /home/goankur/vsearch/util/tasks/wikimedium.10M.nostopwords.tasks -numConcurrentQueries 5 -taskRepeatCount 20 -field body -tasksPerCat 1 -searchConcurrency -1 -staticSeed 7331 -seed -9798460 -similarity BM25Similarity -commit multi -hiliteImpl FastVectorHighlighter -log /home/goankur/vsearch/logs/FAK.armA.11 -topN 100 -context  -pk -pollute
      9.2 s
      259.5 actual sustained QPS; -1.0 CPU cores used
    armK:
      NOTE: using experimental CPU time profiler (see https://mostlynerdless.de/blog/2025/06/11/java-25s-new-cpu-time-profiler-1)
      log: /home/goankur/vsearch/logs/FAK.armK.11 + stdout
      run: /usr/bin/perf stat -dd -e task-clock,cycles,instructions,cache-references,cache-misses,L1-dcache-loads,L1-dcache-load-misses,L1-icache-loads,L1-icache-load-misses,LLC-loads,LLC-load-misses,LLC-stores,LLC-store-misses,LLC-prefetches,LLC-prefetch-misses,faults,minor-faults,major-faults,branches,branch-misses,stalled-cycles-frontend,stalled-cycles-backend /home/goankur/jdk/corretto-25/bin/java -server -Xms2g -Xmx2g --add-modules jdk.incubator.vector -XX:+HeapDumpOnOutOfMemoryError -XX:+UseParallelGC -XX:StartFlightRecording=jdk.CPUTimeSample#enabled=true,dumponexit=true,maxsize=250M,settings=/home/goankur/vsearch/util/src/python/profiling.jfc,filename=/home/goankur/vsearch/logs/bench-search-FAK-armK-11.jfr -XX:+UnlockDiagnosticVMOptions -XX:+DebugNonSafepoints -classpath /home/goankur/vsearch/bo/lucene-K/lucene/core/build/libs/lucene-core-11.0.0-SNAPSHOT.jar:/home/goankur/vsearch/bo/lucene-K/lucene/sandbox/build/classes/java/main:/home/goankur/vsearch/bo/lucene-K/lucene/misc/build/classes/java/main:/home/goankur/vsearch/bo/lucene-K/lucene/facet/build/classes/java/main:/home/goankur/vsearch/bo/lucene-K/lucene/analysis/common/build/classes/java/main:/home/goankur/vsearch/bo/lucene-K/lucene/analysis/icu/build/classes/java/main:/home/goankur/vsearch/bo/lucene-K/lucene/queryparser/build/classes/java/main:/home/goankur/vsearch/bo/lucene-K/lucene/grouping/build/classes/java/main:/home/goankur/vsearch/bo/lucene-K/lucene/suggest/build/classes/java/main:/home/goankur/vsearch/bo/lucene-K/lucene/highlighter/build/classes/java/main:/home/goankur/vsearch/bo/lucene-K/lucene/codecs/build/classes/java/main:/home/goankur/vsearch/bo/lucene-K/lucene/queries/build/classes/java/main:/home/goankur/vsearch/bo/lucene-K/lucene/join/build/classes/java/main:/home/goankur/vsearch/bo/lucene-K/lucene/spatial3d/build/classes/java/main:/home/goankur/vsearch/util/lib/HdrHistogram.jar:/home/goankur/vsearch/util/src/main/build/classes/java/main:/home/goankur/vsearch/util/build perf.SearchPerfTest -dirImpl MMapDirectory -indexPath /home/goankur/vsearch/indices/wikimedium10m.lucene-A.facets.taxonomy:Date.taxonomy:Month.taxonomy:DayOfYear.sortedset:Date.sortedset:Month.sortedset:DayOfYear.taxonomy:RandomLabel.sortedset:RandomLabel.Lucene90.Lucene104.dvfields.nd10M -facets taxonomy:Date;Date -facets taxonomy:Month;Month -facets taxonomy:DayOfYear;DayOfYear -facets sortedset:Date;Date -facets sortedset:Month;Month -facets sortedset:DayOfYear;DayOfYear -facets taxonomy:RandomLabel;RandomLabel -facets sortedset:RandomLabel;RandomLabel -analyzer StandardAnalyzer -taskSource /home/goankur/vsearch/util/tasks/wikimedium.10M.nostopwords.tasks -numConcurrentQueries 5 -taskRepeatCount 20 -field body -tasksPerCat 1 -searchConcurrency -1 -staticSeed 7331 -seed -9798460 -similarity BM25Similarity -commit multi -hiliteImpl FastVectorHighlighter -log /home/goankur/vsearch/logs/FAK.armK.11 -topN 100 -context  -pk -pollute
      9.0 s
      262.3 actual sustained QPS; -1.0 CPU cores used

Report after iter 11:
QPSChart.supported == False
                            Task     P50 B     P50 C     Diff     P90 B     P90 C     Diff     P99 B     P99 C     Diff    P999 B    P999 C     Diff    P100 B    P100 C     Diff
           ('AndHighHigh', None)     1.978     2.260    14.3%     4.447     5.623    26.5%     4.846     7.119    46.9%     4.846     7.119    46.9%     6.922     9.067    31.0%
('AndHighHighDayTaxoFacets', None)    15.431    16.123     4.5%    26.839    26.546    -1.1%    36.215    31.918   -11.9%    36.215    31.918   -11.9%   113.637    89.995   -20.8%
            ('AndHighLow', None)     0.501     0.637    27.2%     1.171     1.241     6.0%     1.449     2.278    57.2%     1.449     2.278    57.2%     3.522    10.847   208.0%
            ('AndHighMed', None)     1.362     1.254    -8.0%     2.510     2.578     2.7%     5.220     4.996    -4.3%     5.220     4.996    -4.3%    15.864    11.265   -29.0%
('AndHighMedDayTaxoFacets', None)    12.716    12.534    -1.4%    19.889    18.071    -9.1%    22.722    35.893    58.0%    22.722    35.893    58.0%    64.591    45.264   -29.9%
     ('AndMissingHigh', 'Title')     0.300     0.323     7.7%     0.620     0.558   -10.0%     0.930     0.907    -2.5%     0.930     0.907    -2.5%     2.457     1.710   -30.4%
              ('BM25MSM2', None)    21.144    22.932     8.5%    34.265    35.009     2.2%    47.176    78.542    66.5%    47.176    78.542    66.5%   139.608   144.807     3.7%
  ('BrowseDateSSDVFacets', None)   343.956   337.454    -1.9%   378.187   399.111     5.5%   383.381   402.352     4.9%   383.381   402.352     4.9%   598.537   533.419   -10.9%
  ('BrowseDateTaxoFacets', None)    65.505    71.099     8.5%    76.912    84.017     9.2%    97.509    94.348    -3.2%    97.509    94.348    -3.2%   133.337   125.292    -6.0%
('BrowseDayOfYearSSDVFacets', None)    64.692    67.193     3.9%    86.214    91.939     6.6%    87.894   103.532    17.8%    87.894   103.532    17.8%   159.992   119.627   -25.2%
('BrowseDayOfYearTaxoFacets', None)    66.618    65.571    -1.6%    81.121    80.138    -1.2%    85.026    86.423     1.6%    85.026    86.423     1.6%   485.646   443.075    -8.8%
 ('BrowseMonthSSDVFacets', None)    62.960    69.987    11.2%    78.701    83.535     6.1%    84.516    84.794     0.3%    84.516    84.794     0.3%    96.890    93.877    -3.1%
 ('BrowseMonthTaxoFacets', None)    27.934    28.243     1.1%    76.653    74.329    -3.0%    81.213    74.839    -7.8%    81.213    74.839    -7.8%   886.925   863.452    -2.6%
('BrowseRandomLabelSSDVFacets', None)    91.644    95.130     3.8%   110.511   118.050     6.8%   125.096   133.153     6.4%   125.096   133.153     6.4%   286.509   214.925   -25.0%
('BrowseRandomLabelTaxoFacets', None)    79.856    80.543     0.9%    99.064   100.241     1.2%   112.741   123.002     9.1%   112.741   123.002     9.1%   127.625   145.965    14.4%
             ('ConstMSM2', None)     0.667     0.693     3.9%     1.285     2.764   115.1%     2.340     2.842    21.4%     2.340     2.842    21.4%    12.206    27.816   127.9%
                ('Fuzzy1', None)     9.441     8.671    -8.2%    17.303    13.355   -22.8%    22.709    16.252   -28.4%    22.709    16.252   -28.4%   128.136   143.845    12.3%
                ('Fuzzy2', None)    14.043    13.894    -1.1%    23.225    16.415   -29.3%    30.559    40.372    32.1%    30.559    40.372    32.1%    45.211    55.556    22.9%
  ('HighIntervalsOrdered', None)    18.649    17.175    -7.9%    30.422    29.287    -3.7%    37.838    33.573   -11.3%    37.838    33.573   -11.3%    84.724    45.909   -45.8%
            ('HighPhrase', None)     3.779     4.115     8.9%     7.749     9.162    18.2%    10.016    10.684     6.7%    10.016    10.684     6.7%   184.484   163.866   -11.2%
      ('HighSloppyPhrase', None)     7.981     7.044   -11.7%    13.839    11.321   -18.2%    14.537    12.390   -14.8%    14.537    12.390   -14.8%    19.010    36.338    91.2%
          ('HighSpanNear', None)     6.752     6.475    -4.1%    10.607    14.325    35.0%    14.678    19.130    30.3%    14.678    19.130    30.3%    17.972    20.945    16.5%
              ('HighTerm', None)     0.682     0.763    11.8%     1.869     1.160   -38.0%     2.002     4.697   134.7%     2.002     4.697   134.7%     8.147     8.721     7.0%
('HighTermDayOfYearSort', 'DayOfYear')     1.907     1.947     2.1%     6.653     7.113     6.9%     8.386     7.814    -6.8%     8.386     7.814    -6.8%    33.665    37.512    11.4%
  ('HighTermMonthSort', 'Month')     0.653     0.677     3.6%     3.435     1.774   -48.4%    14.506     2.638   -81.8%    14.506     2.638   -81.8%    17.827    11.519   -35.4%
('HighTermTitleBDVSort', 'TitleBinary')    18.975    18.577    -2.1%    28.681    37.249    29.9%    31.142    48.912    57.1%    31.142    48.912    57.1%   111.232    81.457   -26.8%
  ('HighTermTitleSort', 'Title')     8.242     9.595    16.4%    16.792    17.245     2.7%    36.460    27.771   -23.8%    36.460    27.771   -23.8%    92.914   116.143    25.0%
                ('IntNRQ', None)     0.791     0.874    10.4%     3.703     5.156    39.2%    12.156     8.442   -30.6%    12.156     8.442   -30.6%    54.799    30.452   -44.4%
                ('IntSet', None)     1.437     1.447     0.7%     6.772     3.689   -45.5%     7.101     6.208   -12.6%     7.101     6.208   -12.6%    19.948    23.801    19.3%
   ('LowIntervalsOrdered', None)     9.616     7.236   -24.7%    17.864    12.977   -27.4%    17.985    17.289    -3.9%    17.985    17.289    -3.9%   178.757   124.739   -30.2%
             ('LowPhrase', None)     1.756     1.805     2.8%     6.149     7.148    16.2%     6.598     7.158     8.5%     6.598     7.158     8.5%     6.867     9.192    33.9%
       ('LowSloppyPhrase', None)     3.970     3.743    -5.7%    15.656     6.635   -57.6%    18.401    10.179   -44.7%    18.401    10.179   -44.7%    36.753    42.596    15.9%
           ('LowSpanNear', None)     4.894     5.032     2.8%    11.994    10.549   -12.0%    14.023    15.696    11.9%    14.023    15.696    11.9%    21.372    24.234    13.4%
               ('LowTerm', None)     0.412     0.452     9.8%     1.431     1.168   -18.4%     1.526     1.803    18.2%     1.526     1.803    18.2%     1.949     2.919    49.7%
   ('MedIntervalsOrdered', None)    14.966    14.588    -2.5%    24.466    25.242     3.2%    26.545    33.484    26.1%    26.545    33.484    26.1%    28.324    39.647    40.0%
             ('MedPhrase', None)     3.867     3.473   -10.2%     9.297     6.554   -29.5%    14.578    10.553   -27.6%    14.578    10.553   -27.6%    24.723    43.064    74.2%
       ('MedSloppyPhrase', None)     2.180     2.259     3.6%     6.816     6.333    -7.1%     8.933     7.110   -20.4%     8.933     7.110   -20.4%    16.550     9.383   -43.3%
           ('MedSpanNear', None)     5.519     5.319    -3.6%    11.583    11.406    -1.5%    28.723    18.969   -34.0%    28.723    18.969   -34.0%    75.375    62.889   -16.6%
               ('MedTerm', None)     0.571     0.649    13.6%     1.232     1.881    52.6%     2.325     2.982    28.3%     2.325     2.982    28.3%     9.030     5.337   -40.9%
  ('MedTermDayTaxoFacets', None)    16.024    15.820    -1.3%    24.141    21.560   -10.7%    39.142    44.630    14.0%    39.142    44.630    14.0%    82.198    89.394     8.8%
            ('OrHighHigh', None)     2.181     2.347     7.6%     5.779     4.088   -29.3%     7.823    16.835   115.2%     7.823    16.835   115.2%    89.658   143.389    59.9%
             ('OrHighLow', None)     0.852     0.908     6.5%     1.530     2.666    74.2%     2.987     4.336    45.1%     2.987     4.336    45.1%   113.405   128.076    12.9%
             ('OrHighMed', None)     1.100     1.239    12.7%     3.015     2.978    -1.2%     5.039     8.254    63.8%     5.039     8.254    63.8%    19.306    15.585   -19.3%
('OrHighMedDayTaxoFacets', None)    26.125    23.670    -9.4%    42.629    31.285   -26.6%    88.417    40.315   -54.4%    88.417    40.315   -54.4%   304.217   272.266   -10.5%
         ('OrHighNotHigh', None)     1.715     1.505   -12.3%     4.614     4.367    -5.4%     6.225     5.023   -19.3%     6.225     5.023   -19.3%     6.901     9.783    41.8%
          ('OrHighNotLow', None)     0.920     0.991     7.7%     2.449     4.735    93.4%     3.222     5.628    74.7%     3.222     5.628    74.7%     4.740    11.931   151.7%
          ('OrHighNotMed', None)     1.070     1.221    14.1%     2.371     3.752    58.3%     2.876    26.748   830.2%     2.876    26.748   830.2%    74.898    82.024     9.5%
         ('OrNotHighHigh', None)     0.986     1.077     9.3%     2.561     2.962    15.7%     3.481     5.074    45.8%     3.481     5.074    45.8%     7.519    19.772   163.0%
          ('OrNotHighLow', None)     0.767     0.796     3.8%     2.669     3.155    18.2%     4.100     3.704    -9.7%     4.100     3.704    -9.7%     4.747    10.186   114.6%
          ('OrNotHighMed', None)     1.187     1.380    16.2%     3.132     4.334    38.4%     7.027     5.361   -23.7%     7.027     5.361   -23.7%    14.740     8.203   -44.4%
                   ('PKLookup',)     5.526     5.619     1.7%    11.755     7.629   -35.1%    24.805    22.102   -10.9%    24.805    22.102   -10.9%    25.276    22.257   -11.9%
               ('Prefix3', None)     0.906     0.993     9.6%     3.166     3.560    12.4%     5.640     6.936    23.0%     5.640     6.936    23.0%     5.692    16.582   191.3%
                    ('Respell',)    13.512    14.824     9.7%    20.983    23.070     9.9%    35.365    37.722     6.7%    35.365    37.722     6.7%    40.165    42.621     6.1%
('TermDateTimeSort', 'DateTime')     2.671     2.646    -0.9%     4.986     5.682    14.0%     6.505     6.121    -5.9%     6.505     6.121    -5.9%    88.460    62.756   -29.1%
              ('Wildcard', None)     5.217     5.123    -1.8%     6.755    15.020   122.4%    18.769    17.460    -7.0%    18.769    17.460    -7.0%    54.054    61.949    14.6%
                 ('range', None)     0.184     0.206    12.1%     0.574     0.291   -49.3%     0.720     0.599   -16.7%     0.720     0.599   -16.7%     1.192    12.180   922.2%
                            Task    QPS armA      StdDev    QPS armK      StdDev                Pct diff p-value
                      AndHighLow     2237.71      (6.3%)     1748.23      (3.4%)  -21.9% ( -29% -  -12%) 0.000
                         LowTerm     2475.01      (7.3%)     2132.79      (4.4%)  -13.8% ( -23% -   -2%) 0.000
                       OrHighLow     1254.13      (4.3%)     1118.15      (4.7%)  -10.8% ( -19% -   -1%) 0.000
                    OrNotHighLow     1490.58      (7.9%)     1349.34      (8.1%)   -9.5% ( -23% -    7%) 0.004
                       OrHighMed      915.67      (7.3%)      833.03      (9.2%)   -9.0% ( -23% -    8%) 0.008
                   OrNotHighHigh      976.53      (7.0%)      892.95      (7.3%)   -8.6% ( -21% -    6%) 0.003
                  AndMissingHigh     3395.64      (7.1%)     3114.50      (7.4%)   -8.3% ( -21% -    6%) 0.005
                 MedSloppyPhrase      461.80      (3.9%)      425.86      (9.8%)   -7.8% ( -20% -    6%) 0.011
                      AndHighMed      884.94      (6.8%)      818.51      (5.0%)   -7.5% ( -18% -    4%) 0.002
                    OrHighNotLow     1079.02      (9.6%)     1000.06     (10.8%)   -7.3% ( -25% -   14%) 0.078
                         MedTerm     1635.63      (8.3%)     1516.16      (5.4%)   -7.3% ( -19% -    6%) 0.010
                   OrHighNotHigh      834.35     (13.0%)      783.57     (11.5%)   -6.1% ( -27% -   21%) 0.224
                     AndHighHigh      626.46     (12.4%)      588.90      (7.7%)   -6.0% ( -23% -   16%) 0.155
                       LowPhrase      572.05      (4.8%)      540.47      (9.7%)   -5.5% ( -19% -    9%) 0.078
                        PKLookup      215.13     (13.4%)      204.81      (7.8%)   -4.8% ( -22% -   18%) 0.285
                    OrNotHighMed      910.61      (5.1%)      871.78      (6.6%)   -4.3% ( -15% -    7%) 0.078
                 LowSloppyPhrase      279.36      (7.4%)      267.71      (4.9%)   -4.2% ( -15% -    8%) 0.104
                      HighPhrase      256.51      (4.9%)      245.89      (5.1%)   -4.1% ( -13% -    6%) 0.043
                        BM25MSM2       47.76      (6.3%)       45.85      (6.6%)   -4.0% ( -15% -    9%) 0.130
                        HighTerm     1471.74      (8.5%)     1415.76      (5.0%)   -3.8% ( -15% -   10%) 0.179
                         Prefix3     1298.04      (7.4%)     1249.10      (3.6%)   -3.8% ( -13% -    7%) 0.113
                HighSloppyPhrase      147.11      (5.2%)      141.86      (4.7%)   -3.6% ( -12% -    6%) 0.077
                       MedPhrase      323.34      (5.9%)      312.16      (4.6%)   -3.5% ( -13% -    7%) 0.108
               HighTermTitleSort      117.17      (7.5%)      113.17      (7.2%)   -3.4% ( -16% -   12%) 0.257
            MedTermDayTaxoFacets       69.77      (5.3%)       67.66      (6.7%)   -3.0% ( -14% -    9%) 0.218
                       ConstMSM2     1543.83     (10.0%)     1500.64      (8.0%)   -2.8% ( -18% -   16%) 0.450
                    HighSpanNear      165.46      (5.1%)      161.11      (4.4%)   -2.6% ( -11% -    7%) 0.180
       BrowseDayOfYearSSDVFacets       15.72      (7.9%)       15.36      (7.1%)   -2.3% ( -16% -   13%) 0.463
                     MedSpanNear      199.21      (6.3%)      195.08      (4.5%)   -2.1% ( -12% -    9%) 0.356
                    OrHighNotMed      915.26     (10.8%)      899.69      (9.2%)   -1.7% ( -19% -   20%) 0.678
           HighTermDayOfYearSort      519.18      (7.5%)      510.42      (8.0%)   -1.7% ( -15% -   14%) 0.594
        AndHighHighDayTaxoFacets       69.07      (4.5%)       68.11      (6.1%)   -1.4% ( -11% -    9%) 0.523
                         Respell       71.35      (7.2%)       70.43      (7.1%)   -1.3% ( -14% -   14%) 0.660
                      OrHighHigh      459.75      (9.6%)      453.99      (5.5%)   -1.3% ( -14% -   15%) 0.695
                          Fuzzy1      117.90      (7.2%)      116.51      (5.3%)   -1.2% ( -12% -   12%) 0.646
                     LowSpanNear      223.14     (10.3%)      220.63      (5.0%)   -1.1% ( -14% -   15%) 0.734
               HighTermMonthSort     1486.49      (6.3%)     1473.02      (8.2%)   -0.9% ( -14% -   14%) 0.762
           BrowseMonthSSDVFacets       17.04     (13.7%)       16.91     (15.1%)   -0.8% ( -26% -   32%) 0.893
                      TermDTSort      443.62      (6.1%)      441.34      (3.7%)   -0.5% (  -9% -    9%) 0.804
             LowIntervalsOrdered      135.44      (8.5%)      134.87      (7.5%)   -0.4% ( -15% -   17%) 0.899
                          Fuzzy2       78.46      (6.4%)       78.40      (6.2%)   -0.1% ( -11% -   13%) 0.976
         AndHighMedDayTaxoFacets       80.01      (2.3%)       80.11      (2.1%)    0.1% (  -4% -    4%) 0.893
     BrowseRandomLabelSSDVFacets       11.16      (6.1%)       11.19      (8.7%)    0.3% ( -13% -   16%) 0.934
                          IntNRQ     1169.51      (7.7%)     1177.74      (8.5%)    0.7% ( -14% -   18%) 0.831
             MedIntervalsOrdered       73.36      (6.4%)       74.06      (5.5%)    1.0% ( -10% -   13%) 0.692
                        Wildcard      194.96      (2.8%)      197.12      (2.7%)    1.1% (  -4% -    6%) 0.320
            HighTermTitleBDVSort       56.41      (5.7%)       57.37      (4.2%)    1.7% (  -7% -   12%) 0.404
            HighIntervalsOrdered       61.38      (6.6%)       62.50      (5.8%)    1.8% (  -9% -   15%) 0.475
            BrowseDateSSDVFacets        2.88      (5.3%)        2.94      (5.5%)    2.0% (  -8% -   13%) 0.361
          OrHighMedDayTaxoFacets       39.08      (7.9%)       39.90     (10.2%)    2.1% ( -14% -   21%) 0.572
                           range     5767.72      (9.6%)     5903.23      (9.0%)    2.3% ( -14% -   23%) 0.536
                          IntSet      658.35      (9.6%)      680.83      (5.1%)    3.4% ( -10% -   20%) 0.277
     BrowseRandomLabelTaxoFacets       12.60      (4.1%)       13.76     (37.8%)    9.3% ( -31% -   53%) 0.399
           BrowseMonthTaxoFacets       36.36     (31.1%)       40.30      (9.3%)   10.8% ( -22% -   74%) 0.248
            BrowseDateTaxoFacets       15.39      (3.5%)       17.19     (52.8%)   11.7% ( -43% -   70%) 0.443
       BrowseDayOfYearTaxoFacets       15.76      (3.3%)       18.09     (52.4%)   14.8% ( -39% -   72%) 0.328
  iter 12
    armK:
      NOTE: using experimental CPU time profiler (see https://mostlynerdless.de/blog/2025/06/11/java-25s-new-cpu-time-profiler-1)
      log: /home/goankur/vsearch/logs/FAK.armK.12 + stdout
      run: /usr/bin/perf stat -dd -e task-clock,cycles,instructions,cache-references,cache-misses,L1-dcache-loads,L1-dcache-load-misses,L1-icache-loads,L1-icache-load-misses,LLC-loads,LLC-load-misses,LLC-stores,LLC-store-misses,LLC-prefetches,LLC-prefetch-misses,faults,minor-faults,major-faults,branches,branch-misses,stalled-cycles-frontend,stalled-cycles-backend /home/goankur/jdk/corretto-25/bin/java -server -Xms2g -Xmx2g --add-modules jdk.incubator.vector -XX:+HeapDumpOnOutOfMemoryError -XX:+UseParallelGC -XX:StartFlightRecording=jdk.CPUTimeSample#enabled=true,dumponexit=true,maxsize=250M,settings=/home/goankur/vsearch/util/src/python/profiling.jfc,filename=/home/goankur/vsearch/logs/bench-search-FAK-armK-12.jfr -XX:+UnlockDiagnosticVMOptions -XX:+DebugNonSafepoints -classpath /home/goankur/vsearch/bo/lucene-K/lucene/core/build/libs/lucene-core-11.0.0-SNAPSHOT.jar:/home/goankur/vsearch/bo/lucene-K/lucene/sandbox/build/classes/java/main:/home/goankur/vsearch/bo/lucene-K/lucene/misc/build/classes/java/main:/home/goankur/vsearch/bo/lucene-K/lucene/facet/build/classes/java/main:/home/goankur/vsearch/bo/lucene-K/lucene/analysis/common/build/classes/java/main:/home/goankur/vsearch/bo/lucene-K/lucene/analysis/icu/build/classes/java/main:/home/goankur/vsearch/bo/lucene-K/lucene/queryparser/build/classes/java/main:/home/goankur/vsearch/bo/lucene-K/lucene/grouping/build/classes/java/main:/home/goankur/vsearch/bo/lucene-K/lucene/suggest/build/classes/java/main:/home/goankur/vsearch/bo/lucene-K/lucene/highlighter/build/classes/java/main:/home/goankur/vsearch/bo/lucene-K/lucene/codecs/build/classes/java/main:/home/goankur/vsearch/bo/lucene-K/lucene/queries/build/classes/java/main:/home/goankur/vsearch/bo/lucene-K/lucene/join/build/classes/java/main:/home/goankur/vsearch/bo/lucene-K/lucene/spatial3d/build/classes/java/main:/home/goankur/vsearch/util/lib/HdrHistogram.jar:/home/goankur/vsearch/util/src/main/build/classes/java/main:/home/goankur/vsearch/util/build perf.SearchPerfTest -dirImpl MMapDirectory -indexPath /home/goankur/vsearch/indices/wikimedium10m.lucene-A.facets.taxonomy:Date.taxonomy:Month.taxonomy:DayOfYear.sortedset:Date.sortedset:Month.sortedset:DayOfYear.taxonomy:RandomLabel.sortedset:RandomLabel.Lucene90.Lucene104.dvfields.nd10M -facets taxonomy:Date;Date -facets taxonomy:Month;Month -facets taxonomy:DayOfYear;DayOfYear -facets sortedset:Date;Date -facets sortedset:Month;Month -facets sortedset:DayOfYear;DayOfYear -facets taxonomy:RandomLabel;RandomLabel -facets sortedset:RandomLabel;RandomLabel -analyzer StandardAnalyzer -taskSource /home/goankur/vsearch/util/tasks/wikimedium.10M.nostopwords.tasks -numConcurrentQueries 5 -taskRepeatCount 20 -field body -tasksPerCat 1 -searchConcurrency -1 -staticSeed 7331 -seed -8450366 -similarity BM25Similarity -commit multi -hiliteImpl FastVectorHighlighter -log /home/goankur/vsearch/logs/FAK.armK.12 -topN 100 -context  -pk -pollute
      9.1 s
      275.0 actual sustained QPS; -1.0 CPU cores used
    armA:
      NOTE: using experimental CPU time profiler (see https://mostlynerdless.de/blog/2025/06/11/java-25s-new-cpu-time-profiler-1)
      log: /home/goankur/vsearch/logs/FAK.armA.12 + stdout
      run: /usr/bin/perf stat -dd -e task-clock,cycles,instructions,cache-references,cache-misses,L1-dcache-loads,L1-dcache-load-misses,L1-icache-loads,L1-icache-load-misses,LLC-loads,LLC-load-misses,LLC-stores,LLC-store-misses,LLC-prefetches,LLC-prefetch-misses,faults,minor-faults,major-faults,branches,branch-misses,stalled-cycles-frontend,stalled-cycles-backend /home/goankur/jdk/corretto-25/bin/java -server -Xms2g -Xmx2g --add-modules jdk.incubator.vector -XX:+HeapDumpOnOutOfMemoryError -XX:+UseParallelGC -XX:StartFlightRecording=jdk.CPUTimeSample#enabled=true,dumponexit=true,maxsize=250M,settings=/home/goankur/vsearch/util/src/python/profiling.jfc,filename=/home/goankur/vsearch/logs/bench-search-FAK-armA-12.jfr -XX:+UnlockDiagnosticVMOptions -XX:+DebugNonSafepoints -classpath /home/goankur/vsearch/bo/lucene-A/lucene/core/build/libs/lucene-core-11.0.0-SNAPSHOT.jar:/home/goankur/vsearch/bo/lucene-A/lucene/sandbox/build/classes/java/main:/home/goankur/vsearch/bo/lucene-A/lucene/misc/build/classes/java/main:/home/goankur/vsearch/bo/lucene-A/lucene/facet/build/classes/java/main:/home/goankur/vsearch/bo/lucene-A/lucene/analysis/common/build/classes/java/main:/home/goankur/vsearch/bo/lucene-A/lucene/analysis/icu/build/classes/java/main:/home/goankur/vsearch/bo/lucene-A/lucene/queryparser/build/classes/java/main:/home/goankur/vsearch/bo/lucene-A/lucene/grouping/build/classes/java/main:/home/goankur/vsearch/bo/lucene-A/lucene/suggest/build/classes/java/main:/home/goankur/vsearch/bo/lucene-A/lucene/highlighter/build/classes/java/main:/home/goankur/vsearch/bo/lucene-A/lucene/codecs/build/classes/java/main:/home/goankur/vsearch/bo/lucene-A/lucene/queries/build/classes/java/main:/home/goankur/vsearch/bo/lucene-A/lucene/join/build/classes/java/main:/home/goankur/vsearch/bo/lucene-A/lucene/spatial3d/build/classes/java/main:/home/goankur/vsearch/util/lib/HdrHistogram.jar:/home/goankur/vsearch/util/src/main/build/classes/java/main:/home/goankur/vsearch/util/build perf.SearchPerfTest -dirImpl MMapDirectory -indexPath /home/goankur/vsearch/indices/wikimedium10m.lucene-A.facets.taxonomy:Date.taxonomy:Month.taxonomy:DayOfYear.sortedset:Date.sortedset:Month.sortedset:DayOfYear.taxonomy:RandomLabel.sortedset:RandomLabel.Lucene90.Lucene104.dvfields.nd10M -facets taxonomy:Date;Date -facets taxonomy:Month;Month -facets taxonomy:DayOfYear;DayOfYear -facets sortedset:Date;Date -facets sortedset:Month;Month -facets sortedset:DayOfYear;DayOfYear -facets taxonomy:RandomLabel;RandomLabel -facets sortedset:RandomLabel;RandomLabel -analyzer StandardAnalyzer -taskSource /home/goankur/vsearch/util/tasks/wikimedium.10M.nostopwords.tasks -numConcurrentQueries 5 -taskRepeatCount 20 -field body -tasksPerCat 1 -searchConcurrency -1 -staticSeed 7331 -seed -8450366 -similarity BM25Similarity -commit multi -hiliteImpl FastVectorHighlighter -log /home/goankur/vsearch/logs/FAK.armA.12 -topN 100 -context  -pk -pollute
      8.9 s
      281.8 actual sustained QPS; -1.0 CPU cores used

Report after iter 12:
QPSChart.supported == False
                            Task     P50 B     P50 C     Diff     P90 B     P90 C     Diff     P99 B     P99 C     Diff    P999 B    P999 C     Diff    P100 B    P100 C     Diff
           ('AndHighHigh', None)     1.582     1.717     8.6%     4.985     3.011   -39.6%     8.836    10.865    23.0%     8.836    10.865    23.0%    59.030    53.969    -8.6%
('AndHighHighDayTaxoFacets', None)    14.675    16.289    11.0%    21.059    26.771    27.1%    28.155    27.759    -1.4%    28.155    27.759    -1.4%    74.791    84.566    13.1%
            ('AndHighLow', None)     0.477     0.618    29.6%     1.810     1.448   -20.0%     2.705     3.415    26.2%     2.705     3.415    26.2%    17.952     6.071   -66.2%
            ('AndHighMed', None)     1.235     1.411    14.3%     3.502     3.786     8.1%     7.384     6.791    -8.0%     7.384     6.791    -8.0%    29.331    30.561     4.2%
('AndHighMedDayTaxoFacets', None)    13.333    13.564     1.7%    30.806    18.343   -40.5%    42.706    56.653    32.7%    42.706    56.653    32.7%    55.254    57.495     4.1%
     ('AndMissingHigh', 'Title')     0.321     0.387    20.4%     0.692     0.816    18.0%     1.007     0.875   -13.1%     1.007     0.875   -13.1%     1.308     1.121   -14.3%
              ('BM25MSM2', None)    22.362    23.872     6.8%    44.715    45.939     2.7%    97.370    95.808    -1.6%    97.370    95.808    -1.6%   290.885   183.850   -36.8%
  ('BrowseDateSSDVFacets', None)   326.543   331.156     1.4%   370.707   378.503     2.1%   373.580   406.751     8.9%   373.580   406.751     8.9%   598.104   577.580    -3.4%
  ('BrowseDateTaxoFacets', None)    65.015    63.983    -1.6%    75.135    74.561    -0.8%    77.513    77.773     0.3%    77.513    77.773     0.3%    81.992    78.283    -4.5%
('BrowseDayOfYearSSDVFacets', None)    74.169    74.291     0.2%    91.576    97.450     6.4%   100.537   131.590    30.9%   100.537   131.590    30.9%   185.810   163.940   -11.8%
('BrowseDayOfYearTaxoFacets', None)    62.602    62.325    -0.4%    78.956    74.500    -5.6%    80.204    76.663    -4.4%    80.204    76.663    -4.4%   267.441   500.428    87.1%
 ('BrowseMonthSSDVFacets', None)    65.931    67.361     2.2%    84.032    87.186     3.8%    87.269    87.543     0.3%    87.269    87.543     0.3%   164.599   137.174   -16.7%
 ('BrowseMonthTaxoFacets', None)    26.738    25.357    -5.2%    33.530    73.643   119.6%    86.305    87.420     1.3%    86.305    87.420     1.3%   193.502   145.848   -24.6%
('BrowseRandomLabelSSDVFacets', None)    94.121    90.913    -3.4%   125.325   124.091    -1.0%   127.695   143.902    12.7%   127.695   143.902    12.7%   276.252   208.880   -24.4%
('BrowseRandomLabelTaxoFacets', None)    78.875    81.426     3.2%   100.915   105.247     4.3%   105.169   109.387     4.0%   105.169   109.387     4.0%   164.825   146.854   -10.9%
             ('ConstMSM2', None)     0.753     0.826     9.7%     1.525     2.353    54.4%     1.801     3.594    99.5%     1.801     3.594    99.5%    51.383    38.494   -25.1%
                ('Fuzzy1', None)     8.615     9.255     7.4%    18.020    20.212    12.2%    21.543    33.416    55.1%    21.543    33.416    55.1%    59.755    53.863    -9.9%
                ('Fuzzy2', None)    11.516    13.933    21.0%    24.545    26.482     7.9%    39.554    37.125    -6.1%    39.554    37.125    -6.1%    44.736    80.842    80.7%
  ('HighIntervalsOrdered', None)    15.550    16.706     7.4%    26.603    26.874     1.0%    29.020    27.332    -5.8%    29.020    27.332    -5.8%    32.446    45.518    40.3%
            ('HighPhrase', None)     4.134     5.365    29.8%     9.717    11.673    20.1%    21.539    14.557   -32.4%    21.539    14.557   -32.4%   107.599    77.672   -27.8%
      ('HighSloppyPhrase', None)     7.530     6.904    -8.3%    12.202    14.170    16.1%    12.927    15.240    17.9%    12.927    15.240    17.9%    27.132    20.575   -24.2%
          ('HighSpanNear', None)     6.316     6.079    -3.8%    11.807    11.855     0.4%    20.467    11.977   -41.5%    20.467    11.977   -41.5%    90.545    22.147   -75.5%
              ('HighTerm', None)     0.693     0.843    21.7%     1.729     2.767    60.0%     3.512     3.393    -3.4%     3.512     3.393    -3.4%    11.061     6.894   -37.7%
('HighTermDayOfYearSort', 'DayOfYear')     2.552     2.065   -19.1%    11.358     6.809   -40.0%    13.134    19.118    45.6%    13.134    19.118    45.6%    76.767    97.388    26.9%
  ('HighTermMonthSort', 'Month')     0.613     0.711    16.1%     1.815     2.370    30.6%     2.259     4.394    94.5%     2.259     4.394    94.5%     5.752    12.233   112.7%
('HighTermTitleBDVSort', 'TitleBinary')    18.424    17.548    -4.8%    29.939    48.188    61.0%    33.217    53.737    61.8%    33.217    53.737    61.8%   129.208    81.067   -37.3%
  ('HighTermTitleSort', 'Title')    10.316     9.437    -8.5%    16.287    23.057    41.6%    28.396    28.563     0.6%    28.396    28.563     0.6%   111.744   137.743    23.3%
                ('IntNRQ', None)     0.916     1.288    40.6%     5.072     3.507   -30.9%    15.871    15.659    -1.3%    15.871    15.659    -1.3%    64.535    57.945   -10.2%
                ('IntSet', None)     1.450     1.477     1.9%     6.422     6.471     0.8%    10.195    19.852    94.7%    10.195    19.852    94.7%    58.634    45.030   -23.2%
   ('LowIntervalsOrdered', None)     6.716     7.161     6.6%    15.790    11.935   -24.4%    17.044    14.801   -13.2%    17.044    14.801   -13.2%    85.177    98.753    15.9%
             ('LowPhrase', None)     1.921     1.934     0.7%     3.346     5.118    52.9%     3.568     8.684   143.4%     3.568     8.684   143.4%     9.788    19.508    99.3%
       ('LowSloppyPhrase', None)     3.608     3.628     0.6%     7.617     8.985    18.0%    16.756     9.434   -43.7%    16.756     9.434   -43.7%    18.015    23.433    30.1%
           ('LowSpanNear', None)     4.463     4.366    -2.2%     8.834     8.473    -4.1%    12.918    16.383    26.8%    12.918    16.383    26.8%    40.938    25.176   -38.5%
               ('LowTerm', None)     0.452     0.499    10.4%     1.558     1.116   -28.4%     2.669     1.451   -45.7%     2.669     1.451   -45.7%    11.993    11.829    -1.4%
   ('MedIntervalsOrdered', None)    12.777    13.414     5.0%    20.060    29.779    48.5%    20.797    29.968    44.1%    20.797    29.968    44.1%    23.878    63.402   165.5%
             ('MedPhrase', None)     2.976     3.148     5.8%     6.124     8.649    41.2%     7.160     9.669    35.0%     7.160     9.669    35.0%     7.479    23.933   220.0%
       ('MedSloppyPhrase', None)     2.185     2.301     5.3%     8.303     5.273   -36.5%     8.452     5.284   -37.5%     8.452     5.284   -37.5%    49.840    34.480   -30.8%
           ('MedSpanNear', None)     5.156     5.181     0.5%    20.471    23.392    14.3%    25.939    40.678    56.8%    25.939    40.678    56.8%   128.282   132.390     3.2%
               ('MedTerm', None)     0.777     0.710    -8.6%     2.186     1.991    -9.0%     5.120     2.211   -56.8%     5.120     2.211   -56.8%    69.322    69.311    -0.0%
  ('MedTermDayTaxoFacets', None)    15.897    16.138     1.5%    45.464    33.052   -27.3%    67.721    42.164   -37.7%    67.721    42.164   -37.7%   129.050   197.539    53.1%
            ('OrHighHigh', None)     2.141     2.125    -0.8%     5.315     5.448     2.5%     7.231     9.436    30.5%     7.231     9.436    30.5%   161.810   168.937     4.4%
             ('OrHighLow', None)     0.797     0.864     8.4%     1.786     2.050    14.8%     2.211     2.463    11.4%     2.211     2.463    11.4%    12.609     3.761   -70.2%
             ('OrHighMed', None)     1.040     1.173    12.8%     5.252     3.484   -33.7%     6.767     3.752   -44.6%     6.767     3.752   -44.6%     7.078     4.206   -40.6%
('OrHighMedDayTaxoFacets', None)    29.448    23.039   -21.8%    57.699    83.671    45.0%   135.504    98.287   -27.5%   135.504    98.287   -27.5%   139.165   123.659   -11.1%
         ('OrHighNotHigh', None)     1.233     1.209    -1.9%     5.739     6.337    10.4%    16.876    15.808    -6.3%    16.876    15.808    -6.3%    23.623    22.429    -5.1%
          ('OrHighNotLow', None)     0.990     0.882   -10.9%     4.614     2.873   -37.7%    12.170     8.088   -33.5%    12.170     8.088   -33.5%    20.135    13.917   -30.9%
          ('OrHighNotMed', None)     1.058     1.230    16.3%     9.615     9.800     1.9%    23.423    10.278   -56.1%    23.423    10.278   -56.1%    72.264    52.738   -27.0%
         ('OrNotHighHigh', None)     1.046     1.289    23.3%     2.716     5.684   109.3%     9.099     7.583   -16.7%     9.099     7.583   -16.7%    10.402    16.116    54.9%
          ('OrNotHighLow', None)     0.683     0.752    10.1%     1.347     2.791   107.3%     3.390     2.919   -13.9%     3.390     2.919   -13.9%     3.928     3.842    -2.2%
          ('OrNotHighMed', None)     1.354     1.587    17.2%     3.733     4.942    32.4%     5.341     5.157    -3.4%     5.341     5.157    -3.4%    11.553    16.736    44.9%
                   ('PKLookup',)     4.841     4.249   -12.2%     8.714     7.923    -9.1%    15.005    10.873   -27.5%    15.005    10.873   -27.5%    23.189    16.208   -30.1%
               ('Prefix3', None)     0.975     0.936    -4.0%     2.619     5.240   100.1%     4.218     5.516    30.8%     4.218     5.516    30.8%     7.870    11.272    43.2%
                    ('Respell',)    13.061    15.565    19.2%    21.294    23.886    12.2%    23.946    26.423    10.3%    23.946    26.423    10.3%    90.343    92.235     2.1%
('TermDateTimeSort', 'DateTime')     2.269     2.506    10.4%     7.812    16.983   117.4%     8.035    36.629   355.9%     8.035    36.629   355.9%    58.024    86.015    48.2%
              ('Wildcard', None)     5.175     5.211     0.7%    24.460    29.304    19.8%    31.193    32.950     5.6%    31.193    32.950     5.6%    75.928   100.223    32.0%
                 ('range', None)     0.225     0.231     2.8%     0.475     0.433    -8.8%     0.676     0.483   -28.5%     0.676     0.483   -28.5%     1.312     1.089   -17.0%
                            Task    QPS armA      StdDev    QPS armK      StdDev                Pct diff p-value
                      AndHighLow     2235.63      (6.1%)     1747.55      (3.3%)  -21.8% ( -29% -  -13%) 0.000
                         LowTerm     2459.78      (7.4%)     2135.48      (4.3%)  -13.2% ( -23% -   -1%) 0.000
                       OrHighLow     1257.11      (4.2%)     1127.71      (5.3%)  -10.3% ( -19% -    0%) 0.000
                       OrHighMed      923.13      (7.6%)      834.95      (8.7%)   -9.6% ( -24% -    7%) 0.003
                    OrNotHighLow     1489.78      (7.6%)     1358.17      (8.1%)   -8.8% ( -22% -    7%) 0.004
                   OrNotHighHigh      976.51      (6.7%)      890.79      (7.0%)   -8.8% ( -21% -    5%) 0.001
                  AndMissingHigh     3382.93      (7.0%)     3105.86      (7.1%)   -8.2% ( -20% -    6%) 0.003
                      AndHighMed      886.38      (6.5%)      816.03      (4.9%)   -7.9% ( -18% -    3%) 0.000
                 MedSloppyPhrase      463.27      (3.9%)      427.32      (9.5%)   -7.8% ( -20% -    5%) 0.006
                         MedTerm     1618.17      (8.9%)     1513.60      (5.2%)   -6.5% ( -18% -    8%) 0.024
                     AndHighHigh      629.69     (12.0%)      589.44      (7.3%)   -6.4% ( -22% -   14%) 0.101
                    OrHighNotLow     1080.31      (9.2%)     1013.53     (11.2%)   -6.2% ( -24% -   15%) 0.124
                   OrHighNotHigh      836.01     (12.4%)      787.85     (11.2%)   -5.8% ( -26% -   20%) 0.213
                       LowPhrase      570.64      (4.7%)      542.00      (9.4%)   -5.0% ( -18% -    9%) 0.084
                      HighPhrase      255.75      (4.9%)      243.09      (6.3%)   -5.0% ( -15% -    6%) 0.025
                        HighTerm     1475.94      (8.1%)     1403.78      (5.6%)   -4.9% ( -17% -    9%) 0.074
                    OrNotHighMed      902.90      (5.8%)      862.11      (7.5%)   -4.5% ( -16% -    9%) 0.086
                        BM25MSM2       47.56      (6.3%)       45.59      (6.7%)   -4.1% ( -16% -    9%) 0.103
                 LowSloppyPhrase      279.96      (7.1%)      268.92      (4.9%)   -3.9% ( -14% -    8%) 0.100
                       MedPhrase      324.42      (5.7%)      312.98      (4.4%)   -3.5% ( -12% -    7%) 0.080
                        PKLookup      215.96     (12.9%)      208.73      (9.9%)   -3.3% ( -23% -   22%) 0.458
            MedTermDayTaxoFacets       69.35      (5.6%)       67.32      (6.7%)   -2.9% ( -14% -    9%) 0.226
                         Prefix3     1283.37      (8.3%)     1246.93      (3.5%)   -2.8% ( -13% -    9%) 0.256
                HighSloppyPhrase      146.24      (5.5%)      142.13      (4.5%)   -2.8% ( -12% -    7%) 0.155
                          Fuzzy1      119.24      (7.9%)      116.07      (5.2%)   -2.7% ( -14% -   11%) 0.311
                       ConstMSM2     1534.92      (9.8%)     1494.52      (7.9%)   -2.6% ( -18% -   16%) 0.451
                    OrHighNotMed      923.17     (10.7%)      899.35      (8.7%)   -2.6% ( -19% -   18%) 0.502
               HighTermTitleSort      116.93      (7.3%)      114.11      (7.5%)   -2.4% ( -16% -   13%) 0.406
       BrowseDayOfYearSSDVFacets       15.65      (7.8%)       15.28      (7.1%)   -2.3% ( -15% -   13%) 0.429
                    HighSpanNear      165.17      (5.0%)      161.49      (4.3%)   -2.2% ( -10% -    7%) 0.223
        AndHighHighDayTaxoFacets       69.24      (4.4%)       67.79      (6.0%)   -2.1% ( -12% -    8%) 0.311
                     MedSpanNear      198.84      (6.1%)      194.97      (4.4%)   -1.9% ( -11% -    9%) 0.350
                          Fuzzy2       79.46      (7.6%)       77.96      (6.2%)   -1.9% ( -14% -   12%) 0.486
                         Respell       71.81      (7.3%)       70.52      (6.7%)   -1.8% ( -14% -   13%) 0.512
                          IntNRQ     1165.55      (7.5%)     1150.53     (11.7%)   -1.3% ( -19% -   19%) 0.738
               HighTermMonthSort     1500.66      (6.9%)     1482.04      (8.1%)   -1.2% ( -15% -   14%) 0.674
                      OrHighHigh      460.80      (9.2%)      455.72      (5.4%)   -1.1% ( -14% -   14%) 0.710
             LowIntervalsOrdered      136.60      (8.7%)      135.26      (7.2%)   -1.0% ( -15% -   16%) 0.754
           BrowseMonthSSDVFacets       16.94     (13.4%)       16.77     (14.8%)   -1.0% ( -25% -   31%) 0.860
                      TermDTSort      443.52      (5.9%)      439.70      (3.8%)   -0.9% (  -9% -    9%) 0.657
                     LowSpanNear      223.75      (9.9%)      221.92      (5.2%)   -0.8% ( -14% -   15%) 0.792
           HighTermDayOfYearSort      516.07      (7.6%)      512.27      (7.8%)   -0.7% ( -14% -   15%) 0.807
         AndHighMedDayTaxoFacets       79.77      (2.5%)       79.91      (2.2%)    0.2% (  -4% -    5%) 0.852
     BrowseRandomLabelSSDVFacets       11.16      (5.8%)       11.22      (8.4%)    0.5% ( -12% -   15%) 0.854
             MedIntervalsOrdered       73.76      (6.4%)       74.15      (5.2%)    0.5% ( -10% -   12%) 0.814
            HighIntervalsOrdered       61.78      (6.7%)       62.34      (5.6%)    0.9% ( -10% -   14%) 0.711
                        Wildcard      195.00      (2.7%)      197.23      (2.6%)    1.1% (  -3% -    6%) 0.265
            HighTermTitleBDVSort       56.51      (5.5%)       57.36      (4.1%)    1.5% (  -7% -   11%) 0.426
            BrowseDateSSDVFacets        2.90      (5.4%)        2.95      (5.3%)    1.7% (  -8% -   13%) 0.419
                           range     5681.33     (10.8%)     5823.49     (10.1%)    2.5% ( -16% -   26%) 0.542
                          IntSet      661.84      (9.3%)      685.10      (5.4%)    3.5% ( -10% -   20%) 0.240
          OrHighMedDayTaxoFacets       38.83      (7.9%)       40.45     (11.1%)    4.2% ( -13% -   25%) 0.268
     BrowseRandomLabelTaxoFacets       12.61      (4.0%)       13.67     (36.3%)    8.3% ( -30% -   50%) 0.410
           BrowseMonthTaxoFacets       36.66     (29.7%)       40.38      (8.8%)   10.2% ( -21% -   69%) 0.237
            BrowseDateTaxoFacets       15.42      (3.4%)       17.06     (50.6%)   10.6% ( -41% -   66%) 0.449
       BrowseDayOfYearTaxoFacets       15.80      (3.3%)       17.94     (50.1%)   13.5% ( -38% -   69%) 0.331
  iter 13
    armA:
      NOTE: using experimental CPU time profiler (see https://mostlynerdless.de/blog/2025/06/11/java-25s-new-cpu-time-profiler-1)
      log: /home/goankur/vsearch/logs/FAK.armA.13 + stdout
      run: /usr/bin/perf stat -dd -e task-clock,cycles,instructions,cache-references,cache-misses,L1-dcache-loads,L1-dcache-load-misses,L1-icache-loads,L1-icache-load-misses,LLC-loads,LLC-load-misses,LLC-stores,LLC-store-misses,LLC-prefetches,LLC-prefetch-misses,faults,minor-faults,major-faults,branches,branch-misses,stalled-cycles-frontend,stalled-cycles-backend /home/goankur/jdk/corretto-25/bin/java -server -Xms2g -Xmx2g --add-modules jdk.incubator.vector -XX:+HeapDumpOnOutOfMemoryError -XX:+UseParallelGC -XX:StartFlightRecording=jdk.CPUTimeSample#enabled=true,dumponexit=true,maxsize=250M,settings=/home/goankur/vsearch/util/src/python/profiling.jfc,filename=/home/goankur/vsearch/logs/bench-search-FAK-armA-13.jfr -XX:+UnlockDiagnosticVMOptions -XX:+DebugNonSafepoints -classpath /home/goankur/vsearch/bo/lucene-A/lucene/core/build/libs/lucene-core-11.0.0-SNAPSHOT.jar:/home/goankur/vsearch/bo/lucene-A/lucene/sandbox/build/classes/java/main:/home/goankur/vsearch/bo/lucene-A/lucene/misc/build/classes/java/main:/home/goankur/vsearch/bo/lucene-A/lucene/facet/build/classes/java/main:/home/goankur/vsearch/bo/lucene-A/lucene/analysis/common/build/classes/java/main:/home/goankur/vsearch/bo/lucene-A/lucene/analysis/icu/build/classes/java/main:/home/goankur/vsearch/bo/lucene-A/lucene/queryparser/build/classes/java/main:/home/goankur/vsearch/bo/lucene-A/lucene/grouping/build/classes/java/main:/home/goankur/vsearch/bo/lucene-A/lucene/suggest/build/classes/java/main:/home/goankur/vsearch/bo/lucene-A/lucene/highlighter/build/classes/java/main:/home/goankur/vsearch/bo/lucene-A/lucene/codecs/build/classes/java/main:/home/goankur/vsearch/bo/lucene-A/lucene/queries/build/classes/java/main:/home/goankur/vsearch/bo/lucene-A/lucene/join/build/classes/java/main:/home/goankur/vsearch/bo/lucene-A/lucene/spatial3d/build/classes/java/main:/home/goankur/vsearch/util/lib/HdrHistogram.jar:/home/goankur/vsearch/util/src/main/build/classes/java/main:/home/goankur/vsearch/util/build perf.SearchPerfTest -dirImpl MMapDirectory -indexPath /home/goankur/vsearch/indices/wikimedium10m.lucene-A.facets.taxonomy:Date.taxonomy:Month.taxonomy:DayOfYear.sortedset:Date.sortedset:Month.sortedset:DayOfYear.taxonomy:RandomLabel.sortedset:RandomLabel.Lucene90.Lucene104.dvfields.nd10M -facets taxonomy:Date;Date -facets taxonomy:Month;Month -facets taxonomy:DayOfYear;DayOfYear -facets sortedset:Date;Date -facets sortedset:Month;Month -facets sortedset:DayOfYear;DayOfYear -facets taxonomy:RandomLabel;RandomLabel -facets sortedset:RandomLabel;RandomLabel -analyzer StandardAnalyzer -taskSource /home/goankur/vsearch/util/tasks/wikimedium.10M.nostopwords.tasks -numConcurrentQueries 5 -taskRepeatCount 20 -field body -tasksPerCat 1 -searchConcurrency -1 -staticSeed 7331 -seed 766426 -similarity BM25Similarity -commit multi -hiliteImpl FastVectorHighlighter -log /home/goankur/vsearch/logs/FAK.armA.13 -topN 100 -context  -pk -pollute
      9.2 s
      289.7 actual sustained QPS; -1.0 CPU cores used
    armK:
      NOTE: using experimental CPU time profiler (see https://mostlynerdless.de/blog/2025/06/11/java-25s-new-cpu-time-profiler-1)
      log: /home/goankur/vsearch/logs/FAK.armK.13 + stdout
      run: /usr/bin/perf stat -dd -e task-clock,cycles,instructions,cache-references,cache-misses,L1-dcache-loads,L1-dcache-load-misses,L1-icache-loads,L1-icache-load-misses,LLC-loads,LLC-load-misses,LLC-stores,LLC-store-misses,LLC-prefetches,LLC-prefetch-misses,faults,minor-faults,major-faults,branches,branch-misses,stalled-cycles-frontend,stalled-cycles-backend /home/goankur/jdk/corretto-25/bin/java -server -Xms2g -Xmx2g --add-modules jdk.incubator.vector -XX:+HeapDumpOnOutOfMemoryError -XX:+UseParallelGC -XX:StartFlightRecording=jdk.CPUTimeSample#enabled=true,dumponexit=true,maxsize=250M,settings=/home/goankur/vsearch/util/src/python/profiling.jfc,filename=/home/goankur/vsearch/logs/bench-search-FAK-armK-13.jfr -XX:+UnlockDiagnosticVMOptions -XX:+DebugNonSafepoints -classpath /home/goankur/vsearch/bo/lucene-K/lucene/core/build/libs/lucene-core-11.0.0-SNAPSHOT.jar:/home/goankur/vsearch/bo/lucene-K/lucene/sandbox/build/classes/java/main:/home/goankur/vsearch/bo/lucene-K/lucene/misc/build/classes/java/main:/home/goankur/vsearch/bo/lucene-K/lucene/facet/build/classes/java/main:/home/goankur/vsearch/bo/lucene-K/lucene/analysis/common/build/classes/java/main:/home/goankur/vsearch/bo/lucene-K/lucene/analysis/icu/build/classes/java/main:/home/goankur/vsearch/bo/lucene-K/lucene/queryparser/build/classes/java/main:/home/goankur/vsearch/bo/lucene-K/lucene/grouping/build/classes/java/main:/home/goankur/vsearch/bo/lucene-K/lucene/suggest/build/classes/java/main:/home/goankur/vsearch/bo/lucene-K/lucene/highlighter/build/classes/java/main:/home/goankur/vsearch/bo/lucene-K/lucene/codecs/build/classes/java/main:/home/goankur/vsearch/bo/lucene-K/lucene/queries/build/classes/java/main:/home/goankur/vsearch/bo/lucene-K/lucene/join/build/classes/java/main:/home/goankur/vsearch/bo/lucene-K/lucene/spatial3d/build/classes/java/main:/home/goankur/vsearch/util/lib/HdrHistogram.jar:/home/goankur/vsearch/util/src/main/build/classes/java/main:/home/goankur/vsearch/util/build perf.SearchPerfTest -dirImpl MMapDirectory -indexPath /home/goankur/vsearch/indices/wikimedium10m.lucene-A.facets.taxonomy:Date.taxonomy:Month.taxonomy:DayOfYear.sortedset:Date.sortedset:Month.sortedset:DayOfYear.taxonomy:RandomLabel.sortedset:RandomLabel.Lucene90.Lucene104.dvfields.nd10M -facets taxonomy:Date;Date -facets taxonomy:Month;Month -facets taxonomy:DayOfYear;DayOfYear -facets sortedset:Date;Date -facets sortedset:Month;Month -facets sortedset:DayOfYear;DayOfYear -facets taxonomy:RandomLabel;RandomLabel -facets sortedset:RandomLabel;RandomLabel -analyzer StandardAnalyzer -taskSource /home/goankur/vsearch/util/tasks/wikimedium.10M.nostopwords.tasks -numConcurrentQueries 5 -taskRepeatCount 20 -field body -tasksPerCat 1 -searchConcurrency -1 -staticSeed 7331 -seed 766426 -similarity BM25Similarity -commit multi -hiliteImpl FastVectorHighlighter -log /home/goankur/vsearch/logs/FAK.armK.13 -topN 100 -context  -pk -pollute
      9.5 s
      253.6 actual sustained QPS; -1.0 CPU cores used

Report after iter 13:
QPSChart.supported == False
                            Task     P50 B     P50 C     Diff     P90 B     P90 C     Diff     P99 B     P99 C     Diff    P999 B    P999 C     Diff    P100 B    P100 C     Diff
           ('AndHighHigh', None)     1.922     2.188    13.9%     7.904     5.028   -36.4%     7.951     7.405    -6.9%     7.951     7.405    -6.9%    14.536    19.653    35.2%
('AndHighHighDayTaxoFacets', None)    16.293    14.983    -8.0%    20.092    25.826    28.5%    54.129    34.450   -36.4%    54.129    34.450   -36.4%   109.442   107.793    -1.5%
            ('AndHighLow', None)     0.587     0.746    27.1%     1.004     1.201    19.5%     1.721     1.914    11.2%     1.721     1.914    11.2%     2.205    15.808   616.8%
            ('AndHighMed', None)     1.209     1.290     6.7%     4.419     6.346    43.6%     6.668     8.714    30.7%     6.668     8.714    30.7%    16.244    27.646    70.2%
('AndHighMedDayTaxoFacets', None)    12.948    13.323     2.9%    28.364    19.913   -29.8%    34.076    24.277   -28.8%    34.076    24.277   -28.8%    44.717    41.105    -8.1%
     ('AndMissingHigh', 'Title')     0.306     0.296    -3.2%     0.841     1.389    65.2%     3.860     1.408   -63.5%     3.860     1.408   -63.5%    18.002    16.216    -9.9%
              ('BM25MSM2', None)    25.163    22.416   -10.9%    56.580    40.087   -29.1%    62.746    59.534    -5.1%    62.746    59.534    -5.1%   220.110   264.211    20.0%
  ('BrowseDateSSDVFacets', None)   330.085   369.329    11.9%   374.277   477.296    27.5%   386.789   480.114    24.1%   386.789   480.114    24.1%   593.850   639.436     7.7%
  ('BrowseDateTaxoFacets', None)    65.486    72.167    10.2%    79.578    89.125    12.0%    80.711   112.133    38.9%    80.711   112.133    38.9%   512.118   190.703   -62.8%
('BrowseDayOfYearSSDVFacets', None)    49.743    71.120    43.0%    55.773    88.803    59.2%    56.029   116.648   108.2%    56.029   116.648   108.2%   176.952   148.780   -15.9%
('BrowseDayOfYearTaxoFacets', None)    68.299    65.904    -3.5%    82.320    88.512     7.5%    89.994    89.707    -0.3%    89.994    89.707    -0.3%   318.884   102.474   -67.9%
 ('BrowseMonthSSDVFacets', None)    65.520    67.023     2.3%    92.710    87.202    -5.9%    96.582    87.776    -9.1%    96.582    87.776    -9.1%   114.703   103.606    -9.7%
 ('BrowseMonthTaxoFacets', None)    25.590    28.067     9.7%    31.064    73.532   136.7%    88.600    76.046   -14.2%    88.600    76.046   -14.2%   149.134   135.681    -9.0%
('BrowseRandomLabelSSDVFacets', None)    91.416    89.100    -2.5%   141.702   136.876    -3.4%   142.516   192.264    34.9%   142.516   192.264    34.9%   223.838   195.452   -12.7%
('BrowseRandomLabelTaxoFacets', None)    79.284    90.322    13.9%    99.317   109.712    10.5%   107.579   117.846     9.5%   107.579   117.846     9.5%   416.893   230.856   -44.6%
             ('ConstMSM2', None)     0.720     0.750     4.1%     1.718     2.758    60.5%     1.806     4.777   164.5%     1.806     4.777   164.5%    23.961    28.972    20.9%
                ('Fuzzy1', None)     8.889     9.595     7.9%    11.188    13.225    18.2%    30.829    31.394     1.8%    30.829    31.394     1.8%    81.591    85.925     5.3%
                ('Fuzzy2', None)    12.547    12.784     1.9%    19.069    27.638    44.9%    29.157    32.729    12.2%    29.157    32.729    12.2%    70.750    70.583    -0.2%
  ('HighIntervalsOrdered', None)    15.495    15.873     2.4%    24.007    31.788    32.4%    30.088    35.540    18.1%    30.088    35.540    18.1%   144.191    38.078   -73.6%
            ('HighPhrase', None)     3.934     4.161     5.8%    11.447    12.072     5.5%    12.013    18.153    51.1%    12.013    18.153    51.1%    21.513    24.653    14.6%
      ('HighSloppyPhrase', None)     6.937     8.226    18.6%    16.916    23.405    38.4%    21.725    27.037    24.4%    21.725    27.037    24.4%   184.254   192.705     4.6%
          ('HighSpanNear', None)     6.307     6.842     8.5%    13.307    12.812    -3.7%    16.227    12.867   -20.7%    16.227    12.867   -20.7%    19.538    23.807    21.8%
              ('HighTerm', None)     0.632     0.799    26.6%     1.504     1.300   -13.6%     2.068     3.365    62.7%     2.068     3.365    62.7%     2.178     4.506   106.9%
('HighTermDayOfYearSort', 'DayOfYear')     1.826     2.272    24.5%     8.984    13.983    55.7%    12.097    17.160    41.8%    12.097    17.160    41.8%    83.616    97.834    17.0%
  ('HighTermMonthSort', 'Month')     0.665     0.680     2.2%     1.486     2.445    64.5%     1.793     3.167    76.6%     1.793     3.167    76.6%    44.531    27.628   -38.0%
('HighTermTitleBDVSort', 'TitleBinary')    17.160    17.856     4.1%    30.056    34.958    16.3%    33.762    36.984     9.5%    33.762    36.984     9.5%    63.441   161.082   153.9%
  ('HighTermTitleSort', 'Title')     8.584    10.646    24.0%    15.045    20.769    38.1%    27.097    55.002   103.0%    27.097    55.002   103.0%    84.272    89.385     6.1%
                ('IntNRQ', None)     1.200     0.982   -18.2%     3.610     2.783   -22.9%    10.216    12.170    19.1%    10.216    12.170    19.1%    72.757    75.113     3.2%
                ('IntSet', None)     1.284     1.481    15.4%     6.971     6.074   -12.9%     9.441     9.260    -1.9%     9.441     9.260    -1.9%    61.303    52.003   -15.2%
   ('LowIntervalsOrdered', None)     7.550     7.587     0.5%    15.365    12.529   -18.5%    19.086    19.439     1.8%    19.086    19.439     1.8%   169.870   117.108   -31.1%
             ('LowPhrase', None)     1.955     2.096     7.2%     4.246     5.505    29.7%    10.062     8.337   -17.1%    10.062     8.337   -17.1%    15.029    11.311   -24.7%
       ('LowSloppyPhrase', None)     4.660     3.704   -20.5%     7.541     8.986    19.2%    13.945    13.034    -6.5%    13.945    13.034    -6.5%    15.639    15.953     2.0%
           ('LowSpanNear', None)     4.595     4.385    -4.6%     7.869     9.167    16.5%     9.110     9.822     7.8%     9.110     9.822     7.8%   127.888   108.924   -14.8%
               ('LowTerm', None)     0.473     0.501     5.8%     1.432     1.111   -22.4%     2.212     2.501    13.1%     2.212     2.501    13.1%     7.510     3.038   -59.5%
   ('MedIntervalsOrdered', None)    16.441    15.583    -5.2%    23.829    26.566    11.5%    25.538    30.457    19.3%    25.538    30.457    19.3%    56.927    35.374   -37.9%
             ('MedPhrase', None)     3.178     3.361     5.8%     4.568     5.798    26.9%     4.755    10.264   115.8%     4.755    10.264   115.8%   139.701   174.746    25.1%
       ('MedSloppyPhrase', None)     3.137     2.348   -25.2%     7.074     6.654    -5.9%     7.844     9.282    18.3%     7.844     9.282    18.3%     7.857    22.339   184.3%
           ('MedSpanNear', None)     5.218     4.910    -5.9%    10.754    15.383    43.0%    11.146    17.190    54.2%    11.146    17.190    54.2%   120.968   107.803   -10.9%
               ('MedTerm', None)     0.680     0.785    15.4%     1.522     1.629     7.0%     1.758     7.916   350.4%     1.758     7.916   350.4%   103.587   116.438    12.4%
  ('MedTermDayTaxoFacets', None)    15.292    15.688     2.6%    29.414    24.087   -18.1%    32.663    38.822    18.9%    32.663    38.822    18.9%    58.124    50.000   -14.0%
            ('OrHighHigh', None)     2.166     2.228     2.9%     9.020    10.505    16.5%    11.734    15.300    30.4%    11.734    15.300    30.4%   158.194   155.412    -1.8%
             ('OrHighLow', None)     0.876     0.939     7.2%     1.678     1.803     7.4%     1.738     7.199   314.2%     1.738     7.199   314.2%     7.806    12.130    55.4%
             ('OrHighMed', None)     1.127     1.288    14.3%     3.949     6.591    66.9%     6.968     7.033     0.9%     6.968     7.033     0.9%     9.378    10.176     8.5%
('OrHighMedDayTaxoFacets', None)    26.283    28.698     9.2%    53.696    35.448   -34.0%   119.882   107.806   -10.1%   119.882   107.806   -10.1%   477.264   445.190    -6.7%
         ('OrHighNotHigh', None)     1.191     1.251     5.0%     2.956     3.893    31.7%     3.504     7.259   107.2%     3.504     7.259   107.2%     7.306    20.420   179.5%
          ('OrHighNotLow', None)     0.888     1.191    34.1%     2.711     3.799    40.1%     3.864     8.418   117.9%     3.864     8.418   117.9%     5.673     8.674    52.9%
          ('OrHighNotMed', None)     1.104     1.384    25.3%     3.526     5.228    48.3%     6.085    12.959   113.0%     6.085    12.959   113.0%    17.147    17.192     0.3%
         ('OrNotHighHigh', None)     1.043     1.161    11.4%     2.124     2.959    39.3%     3.758     4.998    33.0%     3.758     4.998    33.0%     7.550     7.241    -4.1%
          ('OrNotHighLow', None)     0.690     0.789    14.5%     2.405     3.487    45.0%     2.459     4.353    77.0%     2.459     4.353    77.0%     2.610     7.943   204.4%
          ('OrNotHighMed', None)     1.151     1.379    19.8%     7.251     3.553   -51.0%    11.650     5.998   -48.5%    11.650     5.998   -48.5%    24.706    24.338    -1.5%
                   ('PKLookup',)     4.308     5.539    28.6%     8.459     9.968    17.8%     9.583    10.437     8.9%     9.583    10.437     8.9%    29.008    35.832    23.5%
               ('Prefix3', None)     0.943     0.793   -16.0%     2.381     3.560    49.5%     3.235     4.169    28.9%     3.235     4.169    28.9%    26.488    35.015    32.2%
                    ('Respell',)    16.283    15.673    -3.7%    23.147    25.977    12.2%    41.739    42.994     3.0%    41.739    42.994     3.0%    94.435    98.965     4.8%
('TermDateTimeSort', 'DateTime')     2.602     2.940    13.0%     5.640     9.994    77.2%     7.120    12.396    74.1%     7.120    12.396    74.1%    48.614    26.384   -45.7%
              ('Wildcard', None)     5.173     4.988    -3.6%    14.379     7.959   -44.6%    24.001    21.842    -9.0%    24.001    21.842    -9.0%    30.265    36.615    21.0%
                 ('range', None)     0.167     0.172     2.7%     0.461     0.505     9.5%     0.606     0.660     8.9%     0.606     0.660     8.9%     2.732     1.378   -49.6%
                            Task    QPS armA      StdDev    QPS armK      StdDev                Pct diff p-value
                      AndHighLow     2216.00      (6.8%)     1742.03      (3.3%)  -21.4% ( -29% -  -12%) 0.000
                         LowTerm     2452.26      (7.2%)     2132.61      (4.2%)  -13.0% ( -22% -   -1%) 0.000
                       OrHighLow     1255.19      (4.1%)     1124.69      (5.2%)  -10.4% ( -18% -   -1%) 0.000
                       OrHighMed      924.38      (7.3%)      832.09      (8.5%)  -10.0% ( -23% -    6%) 0.001
                   OrNotHighHigh      976.15      (6.5%)      889.63      (6.8%)   -8.9% ( -20% -    4%) 0.000
                    OrNotHighLow     1489.42      (7.3%)     1358.91      (7.8%)   -8.8% ( -22% -    6%) 0.002
                      AndHighMed      884.59      (6.3%)      816.22      (4.7%)   -7.7% ( -17% -    3%) 0.000
                  AndMissingHigh     3402.27      (7.0%)     3143.23      (8.0%)   -7.6% ( -21% -    7%) 0.007
                         MedTerm     1629.30      (8.9%)     1506.74      (5.2%)   -7.5% ( -19% -    7%) 0.006
                    OrHighNotLow     1087.56      (9.1%)     1013.07     (10.7%)   -6.8% ( -24% -   14%) 0.068
                     AndHighHigh      623.09     (12.3%)      581.79      (8.4%)   -6.6% ( -24% -   16%) 0.097
                 MedSloppyPhrase      457.32      (6.2%)      428.71      (9.3%)   -6.3% ( -20% -    9%) 0.036
                    OrNotHighMed      910.45      (6.4%)      854.04      (7.9%)   -6.2% ( -19% -    8%) 0.022
                        HighTerm     1486.54      (8.2%)     1397.60      (5.5%)   -6.0% ( -18% -    8%) 0.024
                   OrHighNotHigh      836.79     (11.9%)      789.59     (10.7%)   -5.6% ( -25% -   19%) 0.188
                       LowPhrase      566.73      (5.3%)      538.62      (9.3%)   -5.0% ( -18% -   10%) 0.083
       BrowseDayOfYearSSDVFacets       16.00     (11.0%)       15.24      (6.7%)   -4.7% ( -20% -   14%) 0.170
                      HighPhrase      256.56      (4.8%)      244.43      (6.3%)   -4.7% ( -15% -    6%) 0.026
                        PKLookup      218.02     (12.8%)      207.85      (9.5%)   -4.7% ( -23% -   20%) 0.274
               HighTermTitleSort      117.62      (7.3%)      112.95      (8.1%)   -4.0% ( -18% -   12%) 0.172
                 LowSloppyPhrase      280.18      (6.8%)      269.90      (4.9%)   -3.7% ( -14% -    8%) 0.103
                    OrHighNotMed      926.34     (10.4%)      893.31      (8.7%)   -3.6% ( -20% -   17%) 0.324
                       MedPhrase      324.02      (5.5%)      312.64      (4.3%)   -3.5% ( -12% -    6%) 0.061
                        BM25MSM2       47.05      (7.3%)       45.54      (6.5%)   -3.2% ( -15% -   11%) 0.221
                HighSloppyPhrase      146.10      (5.3%)      141.55      (4.6%)   -3.1% ( -12% -    7%) 0.096
                          Fuzzy1      119.70      (7.7%)      116.49      (5.1%)   -2.7% ( -14% -   10%) 0.278
                       ConstMSM2     1529.28      (9.6%)     1488.28      (7.7%)   -2.7% ( -18% -   16%) 0.416
                    HighSpanNear      165.12      (4.8%)      160.85      (4.4%)   -2.6% ( -11% -    6%) 0.137
            MedTermDayTaxoFacets       69.11      (5.5%)       67.41      (6.5%)   -2.5% ( -13% -   10%) 0.278
                          Fuzzy2       79.56      (7.3%)       78.02      (6.0%)   -1.9% ( -14% -   12%) 0.442
        AndHighHighDayTaxoFacets       69.17      (4.3%)       67.89      (5.8%)   -1.9% ( -11% -    8%) 0.339
                     MedSpanNear      199.06      (5.9%)      195.72      (4.4%)   -1.7% ( -11% -    9%) 0.393
               HighTermMonthSort     1508.32      (6.9%)     1487.13      (7.8%)   -1.4% ( -15% -   14%) 0.614
                          IntNRQ     1163.34      (7.2%)     1147.46     (11.3%)   -1.4% ( -18% -   18%) 0.703
                         Prefix3     1269.11      (9.1%)     1252.01      (3.7%)   -1.3% ( -12% -   12%) 0.608
                         Respell       71.46      (7.3%)       70.57      (6.5%)   -1.2% ( -13% -   13%) 0.634
           BrowseMonthSSDVFacets       16.86     (13.0%)       16.66     (14.5%)   -1.2% ( -25% -   30%) 0.823
                      TermDTSort      441.79      (5.9%)      436.86      (4.4%)   -1.1% ( -10% -    9%) 0.568
           HighTermDayOfYearSort      518.50      (7.5%)      513.01      (7.5%)   -1.1% ( -14% -   14%) 0.707
                      OrHighHigh      461.90      (8.9%)      457.07      (5.3%)   -1.0% ( -13% -   14%) 0.705
             LowIntervalsOrdered      136.73      (8.3%)      135.32      (6.9%)   -1.0% ( -15% -   15%) 0.722
                     LowSpanNear      224.52      (9.6%)      222.63      (5.1%)   -0.8% ( -14% -   15%) 0.772
         AndHighMedDayTaxoFacets       79.68      (2.4%)       79.64      (2.5%)   -0.1% (  -4% -    4%) 0.956
            BrowseDateSSDVFacets        2.92      (5.6%)        2.93      (5.5%)    0.6% (  -9% -   12%) 0.781
            HighIntervalsOrdered       62.02      (6.6%)       62.50      (5.5%)    0.8% ( -10% -   13%) 0.736
     BrowseRandomLabelSSDVFacets       11.15      (5.6%)       11.25      (8.1%)    0.9% ( -12% -   15%) 0.739
             MedIntervalsOrdered       73.18      (6.8%)       74.05      (5.1%)    1.2% ( -10% -   14%) 0.605
                        Wildcard      195.11      (2.6%)      197.66      (2.6%)    1.3% (  -3% -    6%) 0.182
                          IntSet      674.63     (11.3%)      684.56      (5.1%)    1.5% ( -13% -   20%) 0.657
            HighTermTitleBDVSort       56.69      (5.4%)       57.55      (4.1%)    1.5% (  -7% -   11%) 0.399
                           range     5767.43     (11.7%)     5865.93      (9.9%)    1.7% ( -17% -   26%) 0.677
          OrHighMedDayTaxoFacets       38.87      (7.6%)       40.06     (11.2%)    3.1% ( -14% -   23%) 0.396
     BrowseRandomLabelTaxoFacets       12.63      (3.9%)       13.50     (35.1%)    6.9% ( -30% -   47%) 0.468
           BrowseMonthTaxoFacets       36.85     (28.4%)       40.10      (8.9%)    8.8% ( -22% -   64%) 0.268
            BrowseDateTaxoFacets       15.44      (3.3%)       16.87     (48.8%)    9.2% ( -41% -   63%) 0.480
       BrowseDayOfYearTaxoFacets       15.77      (3.3%)       17.76     (48.4%)   12.7% ( -37% -   66%) 0.329
  iter 14
    armK:
      NOTE: using experimental CPU time profiler (see https://mostlynerdless.de/blog/2025/06/11/java-25s-new-cpu-time-profiler-1)
      log: /home/goankur/vsearch/logs/FAK.armK.14 + stdout
      run: /usr/bin/perf stat -dd -e task-clock,cycles,instructions,cache-references,cache-misses,L1-dcache-loads,L1-dcache-load-misses,L1-icache-loads,L1-icache-load-misses,LLC-loads,LLC-load-misses,LLC-stores,LLC-store-misses,LLC-prefetches,LLC-prefetch-misses,faults,minor-faults,major-faults,branches,branch-misses,stalled-cycles-frontend,stalled-cycles-backend /home/goankur/jdk/corretto-25/bin/java -server -Xms2g -Xmx2g --add-modules jdk.incubator.vector -XX:+HeapDumpOnOutOfMemoryError -XX:+UseParallelGC -XX:StartFlightRecording=jdk.CPUTimeSample#enabled=true,dumponexit=true,maxsize=250M,settings=/home/goankur/vsearch/util/src/python/profiling.jfc,filename=/home/goankur/vsearch/logs/bench-search-FAK-armK-14.jfr -XX:+UnlockDiagnosticVMOptions -XX:+DebugNonSafepoints -classpath /home/goankur/vsearch/bo/lucene-K/lucene/core/build/libs/lucene-core-11.0.0-SNAPSHOT.jar:/home/goankur/vsearch/bo/lucene-K/lucene/sandbox/build/classes/java/main:/home/goankur/vsearch/bo/lucene-K/lucene/misc/build/classes/java/main:/home/goankur/vsearch/bo/lucene-K/lucene/facet/build/classes/java/main:/home/goankur/vsearch/bo/lucene-K/lucene/analysis/common/build/classes/java/main:/home/goankur/vsearch/bo/lucene-K/lucene/analysis/icu/build/classes/java/main:/home/goankur/vsearch/bo/lucene-K/lucene/queryparser/build/classes/java/main:/home/goankur/vsearch/bo/lucene-K/lucene/grouping/build/classes/java/main:/home/goankur/vsearch/bo/lucene-K/lucene/suggest/build/classes/java/main:/home/goankur/vsearch/bo/lucene-K/lucene/highlighter/build/classes/java/main:/home/goankur/vsearch/bo/lucene-K/lucene/codecs/build/classes/java/main:/home/goankur/vsearch/bo/lucene-K/lucene/queries/build/classes/java/main:/home/goankur/vsearch/bo/lucene-K/lucene/join/build/classes/java/main:/home/goankur/vsearch/bo/lucene-K/lucene/spatial3d/build/classes/java/main:/home/goankur/vsearch/util/lib/HdrHistogram.jar:/home/goankur/vsearch/util/src/main/build/classes/java/main:/home/goankur/vsearch/util/build perf.SearchPerfTest -dirImpl MMapDirectory -indexPath /home/goankur/vsearch/indices/wikimedium10m.lucene-A.facets.taxonomy:Date.taxonomy:Month.taxonomy:DayOfYear.sortedset:Date.sortedset:Month.sortedset:DayOfYear.taxonomy:RandomLabel.sortedset:RandomLabel.Lucene90.Lucene104.dvfields.nd10M -facets taxonomy:Date;Date -facets taxonomy:Month;Month -facets taxonomy:DayOfYear;DayOfYear -facets sortedset:Date;Date -facets sortedset:Month;Month -facets sortedset:DayOfYear;DayOfYear -facets taxonomy:RandomLabel;RandomLabel -facets sortedset:RandomLabel;RandomLabel -analyzer StandardAnalyzer -taskSource /home/goankur/vsearch/util/tasks/wikimedium.10M.nostopwords.tasks -numConcurrentQueries 5 -taskRepeatCount 20 -field body -tasksPerCat 1 -searchConcurrency -1 -staticSeed 7331 -seed -7714462 -similarity BM25Similarity -commit multi -hiliteImpl FastVectorHighlighter -log /home/goankur/vsearch/logs/FAK.armK.14 -topN 100 -context  -pk -pollute
      9.1 s
      238.2 actual sustained QPS; -1.0 CPU cores used
    armA:
      NOTE: using experimental CPU time profiler (see https://mostlynerdless.de/blog/2025/06/11/java-25s-new-cpu-time-profiler-1)
      log: /home/goankur/vsearch/logs/FAK.armA.14 + stdout
      run: /usr/bin/perf stat -dd -e task-clock,cycles,instructions,cache-references,cache-misses,L1-dcache-loads,L1-dcache-load-misses,L1-icache-loads,L1-icache-load-misses,LLC-loads,LLC-load-misses,LLC-stores,LLC-store-misses,LLC-prefetches,LLC-prefetch-misses,faults,minor-faults,major-faults,branches,branch-misses,stalled-cycles-frontend,stalled-cycles-backend /home/goankur/jdk/corretto-25/bin/java -server -Xms2g -Xmx2g --add-modules jdk.incubator.vector -XX:+HeapDumpOnOutOfMemoryError -XX:+UseParallelGC -XX:StartFlightRecording=jdk.CPUTimeSample#enabled=true,dumponexit=true,maxsize=250M,settings=/home/goankur/vsearch/util/src/python/profiling.jfc,filename=/home/goankur/vsearch/logs/bench-search-FAK-armA-14.jfr -XX:+UnlockDiagnosticVMOptions -XX:+DebugNonSafepoints -classpath /home/goankur/vsearch/bo/lucene-A/lucene/core/build/libs/lucene-core-11.0.0-SNAPSHOT.jar:/home/goankur/vsearch/bo/lucene-A/lucene/sandbox/build/classes/java/main:/home/goankur/vsearch/bo/lucene-A/lucene/misc/build/classes/java/main:/home/goankur/vsearch/bo/lucene-A/lucene/facet/build/classes/java/main:/home/goankur/vsearch/bo/lucene-A/lucene/analysis/common/build/classes/java/main:/home/goankur/vsearch/bo/lucene-A/lucene/analysis/icu/build/classes/java/main:/home/goankur/vsearch/bo/lucene-A/lucene/queryparser/build/classes/java/main:/home/goankur/vsearch/bo/lucene-A/lucene/grouping/build/classes/java/main:/home/goankur/vsearch/bo/lucene-A/lucene/suggest/build/classes/java/main:/home/goankur/vsearch/bo/lucene-A/lucene/highlighter/build/classes/java/main:/home/goankur/vsearch/bo/lucene-A/lucene/codecs/build/classes/java/main:/home/goankur/vsearch/bo/lucene-A/lucene/queries/build/classes/java/main:/home/goankur/vsearch/bo/lucene-A/lucene/join/build/classes/java/main:/home/goankur/vsearch/bo/lucene-A/lucene/spatial3d/build/classes/java/main:/home/goankur/vsearch/util/lib/HdrHistogram.jar:/home/goankur/vsearch/util/src/main/build/classes/java/main:/home/goankur/vsearch/util/build perf.SearchPerfTest -dirImpl MMapDirectory -indexPath /home/goankur/vsearch/indices/wikimedium10m.lucene-A.facets.taxonomy:Date.taxonomy:Month.taxonomy:DayOfYear.sortedset:Date.sortedset:Month.sortedset:DayOfYear.taxonomy:RandomLabel.sortedset:RandomLabel.Lucene90.Lucene104.dvfields.nd10M -facets taxonomy:Date;Date -facets taxonomy:Month;Month -facets taxonomy:DayOfYear;DayOfYear -facets sortedset:Date;Date -facets sortedset:Month;Month -facets sortedset:DayOfYear;DayOfYear -facets taxonomy:RandomLabel;RandomLabel -facets sortedset:RandomLabel;RandomLabel -analyzer StandardAnalyzer -taskSource /home/goankur/vsearch/util/tasks/wikimedium.10M.nostopwords.tasks -numConcurrentQueries 5 -taskRepeatCount 20 -field body -tasksPerCat 1 -searchConcurrency -1 -staticSeed 7331 -seed -7714462 -similarity BM25Similarity -commit multi -hiliteImpl FastVectorHighlighter -log /home/goankur/vsearch/logs/FAK.armA.14 -topN 100 -context  -pk -pollute
      9.4 s
      238.0 actual sustained QPS; -1.0 CPU cores used

Report after iter 14:
QPSChart.supported == False
                            Task     P50 B     P50 C     Diff     P90 B     P90 C     Diff     P99 B     P99 C     Diff    P999 B    P999 C     Diff    P100 B    P100 C     Diff
           ('AndHighHigh', None)     1.757     1.738    -1.1%     5.385     5.382    -0.1%     9.776    11.029    12.8%     9.776    11.029    12.8%    21.474    21.097    -1.8%
('AndHighHighDayTaxoFacets', None)    14.224    14.830     4.3%    34.631    23.908   -31.0%    38.449    38.246    -0.5%    38.449    38.246    -0.5%    46.464    71.825    54.6%
            ('AndHighLow', None)     0.493     0.600    21.7%     1.066     1.067     0.1%     1.478     2.293    55.1%     1.478     2.293    55.1%     1.874     3.460    84.6%
            ('AndHighMed', None)     1.459     1.228   -15.8%     3.492     4.569    30.9%     4.336     4.571     5.4%     4.336     4.571     5.4%     9.971    10.653     6.8%
('AndHighMedDayTaxoFacets', None)    13.330    13.104    -1.7%    22.952    18.119   -21.1%    31.998    47.343    48.0%    31.998    47.343    48.0%   206.679   179.121   -13.3%
     ('AndMissingHigh', 'Title')     0.295     0.321     8.7%     1.266     0.823   -35.0%     1.552     0.953   -38.6%     1.552     0.953   -38.6%    10.631     1.437   -86.5%
              ('BM25MSM2', None)    21.572    22.338     3.6%   117.991    37.125   -68.5%   156.870    67.549   -56.9%   156.870    67.549   -56.9%   224.785   196.971   -12.4%
  ('BrowseDateSSDVFacets', None)   389.139   327.899   -15.7%   472.085   371.458   -21.3%   489.368   378.358   -22.7%   489.368   378.358   -22.7%   648.793   520.083   -19.8%
  ('BrowseDateTaxoFacets', None)    65.460    74.303    13.5%    76.904    87.537    13.8%    93.296    95.930     2.8%    93.296    95.930     2.8%   132.401   108.854   -17.8%
('BrowseDayOfYearSSDVFacets', None)    48.558    50.046     3.1%    60.184    55.515    -7.8%    68.160    73.223     7.4%    68.160    73.223     7.4%   264.771   192.107   -27.4%
('BrowseDayOfYearTaxoFacets', None)    63.712    62.328    -2.2%    76.684    82.318     7.3%    77.220    88.519    14.6%    77.220    88.519    14.6%    94.946    98.031     3.2%
 ('BrowseMonthSSDVFacets', None)    76.519    74.897    -2.1%    88.004    92.854     5.5%    92.487    94.927     2.6%    92.487    94.927     2.6%   108.910   100.309    -7.9%
 ('BrowseMonthTaxoFacets', None)    24.831    28.666    15.4%    38.206    84.436   121.0%    76.279    87.938    15.3%    76.279    87.938    15.3%   155.066   158.070     1.9%
('BrowseRandomLabelSSDVFacets', None)   103.529   103.337    -0.2%   180.128   162.676    -9.7%   189.603   170.172   -10.2%   189.603   170.172   -10.2%   334.630   220.734   -34.0%
('BrowseRandomLabelTaxoFacets', None)    83.942    84.673     0.9%   104.374    99.176    -5.0%   105.553   125.373    18.8%   105.553   125.373    18.8%   205.069   195.933    -4.5%
             ('ConstMSM2', None)     0.714     0.878    22.8%     2.468     3.754    52.1%     4.697     4.494    -4.3%     4.697     4.494    -4.3%    20.882    10.588   -49.3%
                ('Fuzzy1', None)     9.583     8.455   -11.8%    14.925    19.027    27.5%    31.283    40.071    28.1%    31.283    40.071    28.1%   263.954   239.684    -9.2%
                ('Fuzzy2', None)    13.428    13.417    -0.1%    27.196    20.307   -25.3%    37.040    28.667   -22.6%    37.040    28.667   -22.6%    96.037    82.224   -14.4%
  ('HighIntervalsOrdered', None)    15.756    15.555    -1.3%    46.847    25.291   -46.0%    70.979    45.218   -36.3%    70.979    45.218   -36.3%   231.467   238.373     3.0%
            ('HighPhrase', None)     5.633     5.046   -10.4%    15.242     7.332   -51.9%    29.068    19.660   -32.4%    29.068    19.660   -32.4%    42.424    35.547   -16.2%
      ('HighSloppyPhrase', None)     6.508     7.274    11.8%    20.294    18.309    -9.8%    26.615    20.997   -21.1%    26.615    20.997   -21.1%    70.162    47.633   -32.1%
          ('HighSpanNear', None)     6.376     6.631     4.0%    20.858    16.116   -22.7%    24.637    23.780    -3.5%    24.637    23.780    -3.5%    31.950    35.813    12.1%
              ('HighTerm', None)     0.692     0.746     7.7%     1.676     3.281    95.8%     2.846     9.559   235.8%     2.846     9.559   235.8%    11.820    10.312   -12.8%
('HighTermDayOfYearSort', 'DayOfYear')     1.789     1.783    -0.3%     5.668     6.905    21.8%    15.533     7.511   -51.6%    15.533     7.511   -51.6%    40.176    55.744    38.7%
  ('HighTermMonthSort', 'Month')     0.743     0.700    -5.8%     2.728     2.825     3.5%     8.970     3.057   -65.9%     8.970     3.057   -65.9%    11.694     7.206   -38.4%
('HighTermTitleBDVSort', 'TitleBinary')    18.167    18.284     0.6%    29.937    38.682    29.2%    52.068    40.728   -21.8%    52.068    40.728   -21.8%   154.997   139.108   -10.3%
  ('HighTermTitleSort', 'Title')    10.472    11.473     9.6%    17.168    23.222    35.3%    39.132    45.822    17.1%    39.132    45.822    17.1%    82.713    81.376    -1.6%
                ('IntNRQ', None)     0.971     0.801   -17.5%     4.197     2.517   -40.0%    21.169     7.978   -62.3%    21.169     7.978   -62.3%    75.505    69.794    -7.6%
                ('IntSet', None)     2.018     1.749   -13.3%     9.254     7.825   -15.4%    17.463     9.689   -44.5%    17.463     9.689   -44.5%    59.656    57.188    -4.1%
   ('LowIntervalsOrdered', None)     8.256     7.036   -14.8%    23.356    12.809   -45.2%    24.298    30.849    27.0%    24.298    30.849    27.0%    30.911    57.577    86.3%
             ('LowPhrase', None)     1.781     2.158    21.2%     6.509     5.142   -21.0%    20.219     5.216   -74.2%    20.219     5.216   -74.2%    26.092    15.586   -40.3%
       ('LowSloppyPhrase', None)     4.132     3.732    -9.7%    12.004     8.303   -30.8%    16.244    21.649    33.3%    16.244    21.649    33.3%    48.010    44.209    -7.9%
           ('LowSpanNear', None)     4.557     4.608     1.1%    13.043    10.814   -17.1%    23.880    11.187   -53.2%    23.880    11.187   -53.2%    59.589    70.284    17.9%
               ('LowTerm', None)     0.520     0.516    -0.8%     2.210     1.248   -43.5%     4.434     2.108   -52.5%     4.434     2.108   -52.5%     5.974     2.363   -60.4%
   ('MedIntervalsOrdered', None)    15.394    13.638   -11.4%    35.324    24.801   -29.8%    40.755    31.788   -22.0%    40.755    31.788   -22.0%   130.356   111.833   -14.2%
             ('MedPhrase', None)     3.204     3.984    24.4%    10.134     6.981   -31.1%    12.123    11.514    -5.0%    12.123    11.514    -5.0%    52.786    71.216    34.9%
       ('MedSloppyPhrase', None)     1.987     2.199    10.6%     6.458     7.444    15.3%    12.484     7.691   -38.4%    12.484     7.691   -38.4%    58.786    45.104   -23.3%
           ('MedSpanNear', None)     5.125     5.769    12.6%    11.856    24.468   106.4%    30.163    32.513     7.8%    30.163    32.513     7.8%    43.512    38.562   -11.4%
               ('MedTerm', None)     0.697     0.796    14.2%     3.288     1.636   -50.2%     3.948     2.567   -35.0%     3.948     2.567   -35.0%     5.114     2.739   -46.4%
  ('MedTermDayTaxoFacets', None)    15.289    14.930    -2.3%    21.771    22.862     5.0%    43.290    59.441    37.3%    43.290    59.441    37.3%    72.710    77.276     6.3%
            ('OrHighHigh', None)     2.418     2.404    -0.6%     9.887     5.713   -42.2%    10.820     6.189   -42.8%    10.820     6.189   -42.8%   323.460   310.603    -4.0%
             ('OrHighLow', None)     0.883     0.909     2.9%     1.714     2.806    63.7%     3.016     3.144     4.3%     3.016     3.144     4.3%   186.405   191.020     2.5%
             ('OrHighMed', None)     1.183     1.322    11.8%     7.459     6.652   -10.8%     8.913    16.884    89.4%     8.913    16.884    89.4%    24.744    19.096   -22.8%
('OrHighMedDayTaxoFacets', None)    29.705    29.872     0.6%    44.299    50.572    14.2%   104.453   129.070    23.6%   104.453   129.070    23.6%   151.473   142.481    -5.9%
         ('OrHighNotHigh', None)     1.937     1.663   -14.1%     4.689     2.496   -46.8%     8.116     2.985   -63.2%     8.116     2.985   -63.2%    12.344    25.602   107.4%
          ('OrHighNotLow', None)     0.855     0.921     7.7%     3.215     2.271   -29.4%     7.114     2.863   -59.7%     7.114     2.863   -59.7%     7.893     9.564    21.2%
          ('OrHighNotMed', None)     1.027     1.279    24.5%     4.707     7.535    60.1%     5.315     8.967    68.7%     5.315     8.967    68.7%     8.815    10.467    18.7%
         ('OrNotHighHigh', None)     0.987     1.080     9.3%     2.203     2.096    -4.9%     2.560    10.632   315.3%     2.560    10.632   315.3%    17.821    24.666    38.4%
          ('OrNotHighLow', None)     0.767     0.773     0.8%     1.397     2.339    67.4%     3.835     3.558    -7.2%     3.835     3.558    -7.2%     5.562     7.188    29.2%
          ('OrNotHighMed', None)     1.107     1.259    13.7%     4.151    10.341   149.1%     5.988    11.484    91.8%     5.988    11.484    91.8%    10.609    14.394    35.7%
                   ('PKLookup',)     4.670     5.676    21.5%     9.531    14.101    47.9%    12.099    17.992    48.7%    12.099    17.992    48.7%    24.766    32.323    30.5%
               ('Prefix3', None)     0.945     0.953     0.8%     4.736     4.204   -11.2%     5.208    13.703   163.1%     5.208    13.703   163.1%     6.406    17.605   174.8%
                    ('Respell',)    14.368    15.166     5.6%    36.890    21.965   -40.5%    44.070    29.174   -33.8%    44.070    29.174   -33.8%    62.093    43.983   -29.2%
('TermDateTimeSort', 'DateTime')     2.408     2.295    -4.7%     4.908     7.012    42.9%     7.401     9.613    29.9%     7.401     9.613    29.9%    30.731    72.253   135.1%
              ('Wildcard', None)     5.265     5.593     6.2%    11.216     8.595   -23.4%    21.568    16.238   -24.7%    21.568    16.238   -24.7%    32.056    47.131    47.0%
                 ('range', None)     0.220     0.186   -15.4%     0.539     0.778    44.5%     0.602     1.046    73.9%     0.602     1.046    73.9%     6.100    11.985    96.5%
                            Task    QPS armA      StdDev    QPS armK      StdDev                Pct diff p-value
                      AndHighLow     2209.82      (6.6%)     1745.73      (3.3%)  -21.0% ( -28% -  -11%) 0.000
                         LowTerm     2432.50      (7.7%)     2125.98      (4.2%)  -12.6% ( -22% -    0%) 0.000
                       OrHighMed      924.57      (7.0%)      831.06      (8.2%)  -10.1% ( -23% -    5%) 0.000
                       OrHighLow     1251.09      (4.2%)     1126.13      (5.0%)  -10.0% ( -18% -    0%) 0.000
                   OrNotHighHigh      982.62      (6.7%)      898.82      (7.4%)   -8.5% ( -21% -    6%) 0.001
                    OrNotHighLow     1482.28      (7.3%)     1356.92      (7.5%)   -8.5% ( -21% -    6%) 0.002
                         MedTerm     1619.50      (8.9%)     1494.78      (5.8%)   -7.7% ( -20% -    7%) 0.005
                      AndHighMed      881.24      (6.3%)      816.68      (4.6%)   -7.3% ( -17% -    3%) 0.000
                  AndMissingHigh     3409.13      (6.8%)     3162.48      (8.0%)   -7.2% ( -20% -    8%) 0.007
                    OrHighNotLow     1097.58      (9.4%)     1022.42     (10.8%)   -6.8% ( -24% -   14%) 0.063
                     AndHighHigh      623.28     (11.9%)      582.39      (8.1%)   -6.6% ( -23% -   15%) 0.077
                 MedSloppyPhrase      460.65      (6.5%)      430.55      (9.0%)   -6.5% ( -20% -    9%) 0.023
                    OrNotHighMed      912.25      (6.2%)      853.01      (7.6%)   -6.5% ( -19% -    7%) 0.010
                        HighTerm     1486.01      (7.9%)     1399.89      (5.4%)   -5.8% ( -17% -    8%) 0.019
                       LowPhrase      567.13      (5.1%)      534.68      (9.4%)   -5.7% ( -19% -    9%) 0.038
                        PKLookup      218.44     (12.3%)      205.95      (9.8%)   -5.7% ( -24% -   18%) 0.159
                   OrHighNotHigh      823.77     (13.2%)      780.88     (11.3%)   -5.2% ( -26% -   22%) 0.245
                    OrHighNotMed      932.24     (10.2%)      889.97      (8.4%)   -4.5% ( -21% -   15%) 0.186
       BrowseDayOfYearSSDVFacets       16.31     (12.8%)       15.59     (10.5%)   -4.4% ( -24% -   21%) 0.298
               HighTermTitleSort      117.23      (7.1%)      112.21      (8.2%)   -4.3% ( -18% -   11%) 0.127
                       MedPhrase      323.71      (5.4%)      311.21      (4.5%)   -3.9% ( -13% -    6%) 0.032
                      HighPhrase      252.79      (7.4%)      243.40      (6.4%)   -3.7% ( -16% -   10%) 0.142
                HighSloppyPhrase      146.87      (5.4%)      141.46      (4.4%)   -3.7% ( -12% -    6%) 0.042
                 LowSloppyPhrase      280.18      (6.6%)      270.10      (4.7%)   -3.6% ( -14% -    8%) 0.086
                        BM25MSM2       47.23      (7.2%)       45.53      (6.2%)   -3.6% ( -15% -   10%) 0.144
                       ConstMSM2     1527.49      (9.3%)     1477.71      (7.9%)   -3.3% ( -18% -   15%) 0.301
                         Prefix3     1275.47      (8.9%)     1239.48      (5.2%)   -2.8% ( -15% -   12%) 0.291
                    HighSpanNear      165.27      (4.6%)      160.79      (4.2%)   -2.7% ( -11% -    6%) 0.094
            MedTermDayTaxoFacets       69.13      (5.3%)       67.42      (6.2%)   -2.5% ( -13% -    9%) 0.242
                     MedSpanNear      199.22      (5.7%)      194.45      (4.9%)   -2.4% ( -12% -    8%) 0.216
                          Fuzzy1      119.31      (7.5%)      116.69      (5.0%)   -2.2% ( -13% -   11%) 0.348
        AndHighHighDayTaxoFacets       69.38      (4.3%)       67.93      (5.6%)   -2.1% ( -11% -    8%) 0.252
                      OrHighHigh      462.86      (8.6%)      454.95      (5.4%)   -1.7% ( -14% -   13%) 0.514
                          Fuzzy2       79.24      (7.2%)       78.07      (5.8%)   -1.5% ( -13% -   12%) 0.536
                         Respell       71.54      (7.0%)       70.49      (6.3%)   -1.5% ( -13% -   12%) 0.546
               HighTermMonthSort     1506.57      (6.6%)     1488.56      (7.6%)   -1.2% ( -14% -   13%) 0.645
           HighTermDayOfYearSort      522.47      (7.7%)      516.50      (7.6%)   -1.1% ( -15% -   15%) 0.683
                      TermDTSort      442.38      (5.7%)      437.77      (4.3%)   -1.0% ( -10% -    9%) 0.569
           BrowseMonthSSDVFacets       16.67     (13.4%)       16.52     (14.5%)   -0.9% ( -25% -   31%) 0.865
                     LowSpanNear      224.79      (9.2%)      222.94      (5.0%)   -0.8% ( -13% -   14%) 0.761
             LowIntervalsOrdered      136.83      (8.0%)      135.90      (6.9%)   -0.7% ( -14% -   15%) 0.805
                          IntNRQ     1161.63      (7.0%)     1161.48     (11.9%)   -0.0% ( -17% -   20%) 0.997
         AndHighMedDayTaxoFacets       79.39      (2.7%)       79.51      (2.5%)    0.2% (  -4% -    5%) 0.874
     BrowseRandomLabelSSDVFacets       11.09      (5.9%)       11.17      (8.3%)    0.8% ( -12% -   15%) 0.770
            HighIntervalsOrdered       62.16      (6.4%)       62.65      (5.3%)    0.8% ( -10% -   13%) 0.719
                        Wildcard      195.20      (2.5%)      197.14      (2.7%)    1.0% (  -4% -    6%) 0.293
            HighTermTitleBDVSort       56.86      (5.3%)       57.49      (4.0%)    1.1% (  -7% -   10%) 0.511
            BrowseDateSSDVFacets        2.90      (6.1%)        2.94      (5.5%)    1.6% (  -9% -   14%) 0.437
             MedIntervalsOrdered       72.87      (6.8%)       74.18      (5.0%)    1.8% (  -9% -   14%) 0.410
                           range     5709.41     (12.0%)     5838.43      (9.8%)    2.3% ( -17% -   27%) 0.573
                          IntSet      666.47     (12.0%)      683.88      (5.0%)    2.6% ( -12% -   22%) 0.436
          OrHighMedDayTaxoFacets       38.61      (7.8%)       39.79     (11.2%)    3.1% ( -14% -   23%) 0.388
     BrowseRandomLabelTaxoFacets       12.62      (3.8%)       13.43     (34.0%)    6.5% ( -30% -   45%) 0.463
           BrowseMonthTaxoFacets       37.22     (27.4%)       40.00      (8.6%)    7.5% ( -22% -   59%) 0.312
            BrowseDateTaxoFacets       15.49      (3.4%)       16.68     (47.1%)    7.7% ( -41% -   60%) 0.530
       BrowseDayOfYearTaxoFacets       15.78      (3.2%)       17.66     (46.7%)   11.9% ( -36% -   63%) 0.324
  iter 15
    armA:
      NOTE: using experimental CPU time profiler (see https://mostlynerdless.de/blog/2025/06/11/java-25s-new-cpu-time-profiler-1)
      log: /home/goankur/vsearch/logs/FAK.armA.15 + stdout
      run: /usr/bin/perf stat -dd -e task-clock,cycles,instructions,cache-references,cache-misses,L1-dcache-loads,L1-dcache-load-misses,L1-icache-loads,L1-icache-load-misses,LLC-loads,LLC-load-misses,LLC-stores,LLC-store-misses,LLC-prefetches,LLC-prefetch-misses,faults,minor-faults,major-faults,branches,branch-misses,stalled-cycles-frontend,stalled-cycles-backend /home/goankur/jdk/corretto-25/bin/java -server -Xms2g -Xmx2g --add-modules jdk.incubator.vector -XX:+HeapDumpOnOutOfMemoryError -XX:+UseParallelGC -XX:StartFlightRecording=jdk.CPUTimeSample#enabled=true,dumponexit=true,maxsize=250M,settings=/home/goankur/vsearch/util/src/python/profiling.jfc,filename=/home/goankur/vsearch/logs/bench-search-FAK-armA-15.jfr -XX:+UnlockDiagnosticVMOptions -XX:+DebugNonSafepoints -classpath /home/goankur/vsearch/bo/lucene-A/lucene/core/build/libs/lucene-core-11.0.0-SNAPSHOT.jar:/home/goankur/vsearch/bo/lucene-A/lucene/sandbox/build/classes/java/main:/home/goankur/vsearch/bo/lucene-A/lucene/misc/build/classes/java/main:/home/goankur/vsearch/bo/lucene-A/lucene/facet/build/classes/java/main:/home/goankur/vsearch/bo/lucene-A/lucene/analysis/common/build/classes/java/main:/home/goankur/vsearch/bo/lucene-A/lucene/analysis/icu/build/classes/java/main:/home/goankur/vsearch/bo/lucene-A/lucene/queryparser/build/classes/java/main:/home/goankur/vsearch/bo/lucene-A/lucene/grouping/build/classes/java/main:/home/goankur/vsearch/bo/lucene-A/lucene/suggest/build/classes/java/main:/home/goankur/vsearch/bo/lucene-A/lucene/highlighter/build/classes/java/main:/home/goankur/vsearch/bo/lucene-A/lucene/codecs/build/classes/java/main:/home/goankur/vsearch/bo/lucene-A/lucene/queries/build/classes/java/main:/home/goankur/vsearch/bo/lucene-A/lucene/join/build/classes/java/main:/home/goankur/vsearch/bo/lucene-A/lucene/spatial3d/build/classes/java/main:/home/goankur/vsearch/util/lib/HdrHistogram.jar:/home/goankur/vsearch/util/src/main/build/classes/java/main:/home/goankur/vsearch/util/build perf.SearchPerfTest -dirImpl MMapDirectory -indexPath /home/goankur/vsearch/indices/wikimedium10m.lucene-A.facets.taxonomy:Date.taxonomy:Month.taxonomy:DayOfYear.sortedset:Date.sortedset:Month.sortedset:DayOfYear.taxonomy:RandomLabel.sortedset:RandomLabel.Lucene90.Lucene104.dvfields.nd10M -facets taxonomy:Date;Date -facets taxonomy:Month;Month -facets taxonomy:DayOfYear;DayOfYear -facets sortedset:Date;Date -facets sortedset:Month;Month -facets sortedset:DayOfYear;DayOfYear -facets taxonomy:RandomLabel;RandomLabel -facets sortedset:RandomLabel;RandomLabel -analyzer StandardAnalyzer -taskSource /home/goankur/vsearch/util/tasks/wikimedium.10M.nostopwords.tasks -numConcurrentQueries 5 -taskRepeatCount 20 -field body -tasksPerCat 1 -searchConcurrency -1 -staticSeed 7331 -seed -6785234 -similarity BM25Similarity -commit multi -hiliteImpl FastVectorHighlighter -log /home/goankur/vsearch/logs/FAK.armA.15 -topN 100 -context  -pk -pollute
      9.7 s
      249.3 actual sustained QPS; -1.0 CPU cores used
    armK:
      NOTE: using experimental CPU time profiler (see https://mostlynerdless.de/blog/2025/06/11/java-25s-new-cpu-time-profiler-1)
      log: /home/goankur/vsearch/logs/FAK.armK.15 + stdout
      run: /usr/bin/perf stat -dd -e task-clock,cycles,instructions,cache-references,cache-misses,L1-dcache-loads,L1-dcache-load-misses,L1-icache-loads,L1-icache-load-misses,LLC-loads,LLC-load-misses,LLC-stores,LLC-store-misses,LLC-prefetches,LLC-prefetch-misses,faults,minor-faults,major-faults,branches,branch-misses,stalled-cycles-frontend,stalled-cycles-backend /home/goankur/jdk/corretto-25/bin/java -server -Xms2g -Xmx2g --add-modules jdk.incubator.vector -XX:+HeapDumpOnOutOfMemoryError -XX:+UseParallelGC -XX:StartFlightRecording=jdk.CPUTimeSample#enabled=true,dumponexit=true,maxsize=250M,settings=/home/goankur/vsearch/util/src/python/profiling.jfc,filename=/home/goankur/vsearch/logs/bench-search-FAK-armK-15.jfr -XX:+UnlockDiagnosticVMOptions -XX:+DebugNonSafepoints -classpath /home/goankur/vsearch/bo/lucene-K/lucene/core/build/libs/lucene-core-11.0.0-SNAPSHOT.jar:/home/goankur/vsearch/bo/lucene-K/lucene/sandbox/build/classes/java/main:/home/goankur/vsearch/bo/lucene-K/lucene/misc/build/classes/java/main:/home/goankur/vsearch/bo/lucene-K/lucene/facet/build/classes/java/main:/home/goankur/vsearch/bo/lucene-K/lucene/analysis/common/build/classes/java/main:/home/goankur/vsearch/bo/lucene-K/lucene/analysis/icu/build/classes/java/main:/home/goankur/vsearch/bo/lucene-K/lucene/queryparser/build/classes/java/main:/home/goankur/vsearch/bo/lucene-K/lucene/grouping/build/classes/java/main:/home/goankur/vsearch/bo/lucene-K/lucene/suggest/build/classes/java/main:/home/goankur/vsearch/bo/lucene-K/lucene/highlighter/build/classes/java/main:/home/goankur/vsearch/bo/lucene-K/lucene/codecs/build/classes/java/main:/home/goankur/vsearch/bo/lucene-K/lucene/queries/build/classes/java/main:/home/goankur/vsearch/bo/lucene-K/lucene/join/build/classes/java/main:/home/goankur/vsearch/bo/lucene-K/lucene/spatial3d/build/classes/java/main:/home/goankur/vsearch/util/lib/HdrHistogram.jar:/home/goankur/vsearch/util/src/main/build/classes/java/main:/home/goankur/vsearch/util/build perf.SearchPerfTest -dirImpl MMapDirectory -indexPath /home/goankur/vsearch/indices/wikimedium10m.lucene-A.facets.taxonomy:Date.taxonomy:Month.taxonomy:DayOfYear.sortedset:Date.sortedset:Month.sortedset:DayOfYear.taxonomy:RandomLabel.sortedset:RandomLabel.Lucene90.Lucene104.dvfields.nd10M -facets taxonomy:Date;Date -facets taxonomy:Month;Month -facets taxonomy:DayOfYear;DayOfYear -facets sortedset:Date;Date -facets sortedset:Month;Month -facets sortedset:DayOfYear;DayOfYear -facets taxonomy:RandomLabel;RandomLabel -facets sortedset:RandomLabel;RandomLabel -analyzer StandardAnalyzer -taskSource /home/goankur/vsearch/util/tasks/wikimedium.10M.nostopwords.tasks -numConcurrentQueries 5 -taskRepeatCount 20 -field body -tasksPerCat 1 -searchConcurrency -1 -staticSeed 7331 -seed -6785234 -similarity BM25Similarity -commit multi -hiliteImpl FastVectorHighlighter -log /home/goankur/vsearch/logs/FAK.armK.15 -topN 100 -context  -pk -pollute
      9.3 s
      254.8 actual sustained QPS; -1.0 CPU cores used

Report after iter 15:
QPSChart.supported == False
                            Task     P50 B     P50 C     Diff     P90 B     P90 C     Diff     P99 B     P99 C     Diff    P999 B    P999 C     Diff    P100 B    P100 C     Diff
           ('AndHighHigh', None)     1.600     1.775    10.9%     4.748     5.204     9.6%     5.582     5.558    -0.4%     5.582     5.558    -0.4%   129.289   195.092    50.9%
('AndHighHighDayTaxoFacets', None)    15.449    14.509    -6.1%    25.513    22.228   -12.9%    34.331    28.651   -16.5%    34.331    28.651   -16.5%    64.516    51.863   -19.6%
            ('AndHighLow', None)     0.526     0.563     7.1%     1.233     2.075    68.3%     4.208     3.188   -24.3%     4.208     3.188   -24.3%     5.267     6.231    18.3%
            ('AndHighMed', None)     1.283     1.215    -5.3%     3.336     4.510    35.2%     4.081     4.617    13.1%     4.081     4.617    13.1%   107.449    83.093   -22.7%
('AndHighMedDayTaxoFacets', None)    12.717    13.059     2.7%    21.557    23.692     9.9%    22.241    43.188    94.2%    22.241    43.188    94.2%    38.140    62.715    64.4%
     ('AndMissingHigh', 'Title')     0.321     0.416    29.5%     0.670     0.726     8.3%     0.683     1.387   103.1%     0.683     1.387   103.1%    29.098     4.794   -83.5%
              ('BM25MSM2', None)    25.542    23.425    -8.3%    66.647    42.371   -36.4%   145.295    45.284   -68.8%   145.295    45.284   -68.8%   255.579   175.040   -31.5%
  ('BrowseDateSSDVFacets', None)   382.382   388.148     1.5%   439.450   463.189     5.4%   463.940   471.478     1.6%   463.940   471.478     1.6%   563.023   589.603     4.7%
  ('BrowseDateTaxoFacets', None)    80.814    64.787   -19.8%    95.995    75.319   -21.5%    98.944    81.908   -17.2%    98.944    81.908   -17.2%   344.998   127.026   -63.2%
('BrowseDayOfYearSSDVFacets', None)    49.852    50.484     1.3%    54.883    56.243     2.5%    76.801    56.583   -26.3%    76.801    56.583   -26.3%   183.931   197.208     7.2%
('BrowseDayOfYearTaxoFacets', None)    73.529    59.811   -18.7%    93.685    74.220   -20.8%   139.874    74.671   -46.6%   139.874    74.671   -46.6%   257.715    76.065   -70.5%
 ('BrowseMonthSSDVFacets', None)    70.879    72.277     2.0%    93.044    94.321     1.4%    94.682    94.565    -0.1%    94.682    94.565    -0.1%   100.900    95.169    -5.7%
 ('BrowseMonthTaxoFacets', None)    24.762    26.443     6.8%    36.348    82.241   126.3%    74.764    83.432    11.6%    74.764    83.432    11.6%   317.552   280.017   -11.8%
('BrowseRandomLabelSSDVFacets', None)   101.078   100.063    -1.0%   135.925   135.784    -0.1%   152.166   139.587    -8.3%   152.166   139.587    -8.3%   302.054   232.353   -23.1%
('BrowseRandomLabelTaxoFacets', None)    91.256    77.797   -14.7%   121.660    92.115   -24.3%   132.659    92.480   -30.3%   132.659    92.480   -30.3%   296.625   260.663   -12.1%
             ('ConstMSM2', None)     0.635     0.716    12.7%     2.032     1.867    -8.1%     5.664     2.388   -57.8%     5.664     2.388   -57.8%    47.788    33.711   -29.5%
                ('Fuzzy1', None)     8.485     8.819     3.9%    15.261    19.784    29.6%    20.405    20.928     2.6%    20.405    20.928     2.6%    57.923    85.484    47.6%
                ('Fuzzy2', None)    12.664    13.804     9.0%    36.370    24.822   -31.8%    68.190    46.875   -31.3%    68.190    46.875   -31.3%   282.696   225.201   -20.3%
  ('HighIntervalsOrdered', None)    15.169    15.006    -1.1%    25.319    24.650    -2.6%    25.754    25.712    -0.2%    25.754    25.712    -0.2%   328.127   153.982   -53.1%
            ('HighPhrase', None)     3.857     3.948     2.4%    10.824    11.362     5.0%    21.834    14.989   -31.4%    21.834    14.989   -31.4%    27.381    15.928   -41.8%
      ('HighSloppyPhrase', None)     6.546     6.839     4.5%    14.395    14.463     0.5%    16.229    16.368     0.9%    16.229    16.368     0.9%    19.338    20.464     5.8%
          ('HighSpanNear', None)     6.150     6.410     4.2%    19.609    12.940   -34.0%    21.224    14.444   -31.9%    21.224    14.444   -31.9%    36.784    36.850     0.2%
              ('HighTerm', None)     0.682     0.824    20.8%     1.814     1.715    -5.4%     2.793     2.635    -5.6%     2.793     2.635    -5.6%    12.349    47.172   282.0%
('HighTermDayOfYearSort', 'DayOfYear')     2.233     1.834   -17.8%     6.421     5.712   -11.0%     7.610    10.675    40.3%     7.610    10.675    40.3%    19.890    22.522    13.2%
  ('HighTermMonthSort', 'Month')     0.774     0.743    -3.9%     1.944     1.844    -5.2%     2.101     2.623    24.8%     2.101     2.623    24.8%     4.469     2.939   -34.2%
('HighTermTitleBDVSort', 'TitleBinary')    17.749    17.353    -2.2%    30.563    34.075    11.5%    63.206    41.616   -34.2%    63.206    41.616   -34.2%   186.596   124.256   -33.4%
  ('HighTermTitleSort', 'Title')     8.933     8.296    -7.1%    27.896    43.873    57.3%    45.014    51.007    13.3%    45.014    51.007    13.3%    78.738   107.310    36.3%
                ('IntNRQ', None)     0.822     1.023    24.5%     7.065     2.742   -61.2%     8.637     4.448   -48.5%     8.637     4.448   -48.5%   111.661   127.093    13.8%
                ('IntSet', None)     1.530     1.601     4.6%     8.209     4.948   -39.7%    13.246     7.174   -45.8%    13.246     7.174   -45.8%    47.844    33.732   -29.5%
   ('LowIntervalsOrdered', None)     7.754     6.878   -11.3%    16.724    16.186    -3.2%    17.140    16.752    -2.3%    17.140    16.752    -2.3%    17.336    18.844     8.7%
             ('LowPhrase', None)     1.836     1.790    -2.5%     7.394     5.367   -27.4%     7.446     5.666   -23.9%     7.446     5.666   -23.9%     8.612    21.550   150.2%
       ('LowSloppyPhrase', None)     3.270     3.471     6.1%     9.155     8.868    -3.1%     9.335    10.587    13.4%     9.335    10.587    13.4%    73.176   102.045    39.5%
           ('LowSpanNear', None)     4.777     4.622    -3.2%     8.116    12.600    55.2%    18.108    13.331   -26.4%    18.108    13.331   -26.4%    19.219    15.726   -18.2%
               ('LowTerm', None)     0.443     0.543    22.6%     1.482     1.053   -29.0%     1.521     2.428    59.7%     1.521     2.428    59.7%     1.920     5.580   190.6%
   ('MedIntervalsOrdered', None)    13.648    12.890    -5.6%    26.436    27.270     3.2%    34.882    28.813   -17.4%    34.882    28.813   -17.4%   172.950    50.711   -70.7%
             ('MedPhrase', None)     3.180     3.354     5.5%    14.394     6.667   -53.7%    23.148     7.577   -67.3%    23.148     7.577   -67.3%   195.116   222.211    13.9%
       ('MedSloppyPhrase', None)     3.144     2.587   -17.7%     9.071     6.629   -26.9%    10.727    18.095    68.7%    10.727    18.095    68.7%    24.741    18.988   -23.3%
           ('MedSpanNear', None)     5.408     5.319    -1.6%    11.510    11.928     3.6%    24.755    23.695    -4.3%    24.755    23.695    -4.3%   102.946   144.289    40.2%
               ('MedTerm', None)     0.606     0.810    33.8%     1.435     1.935    34.9%     1.490     2.260    51.7%     1.490     2.260    51.7%     3.298     4.661    41.3%
  ('MedTermDayTaxoFacets', None)    14.863    16.654    12.1%    23.118    21.583    -6.6%    32.300    22.344   -30.8%    32.300    22.344   -30.8%   410.664   427.363     4.1%
            ('OrHighHigh', None)     2.746     2.335   -15.0%     6.070    10.300    69.7%     6.711    11.707    74.4%     6.711    11.707    74.4%    12.324    12.088    -1.9%
             ('OrHighLow', None)     0.893     0.949     6.3%     2.295     1.921   -16.3%     2.748     3.357    22.2%     2.748     3.357    22.2%     3.157     6.291    99.3%
             ('OrHighMed', None)     1.175     1.141    -2.9%     2.614     4.437    69.7%     5.290     5.042    -4.7%     5.290     5.042    -4.7%     6.560    13.567   106.8%
('OrHighMedDayTaxoFacets', None)    26.373    25.217    -4.4%   114.733    61.762   -46.2%   116.765   106.419    -8.9%   116.765   106.419    -8.9%   284.327   178.643   -37.2%
         ('OrHighNotHigh', None)     1.097     1.245    13.4%     3.966     6.251    57.6%     4.089     8.184   100.2%     4.089     8.184   100.2%     9.545    12.248    28.3%
          ('OrHighNotLow', None)     0.953     1.142    19.8%     2.150     2.614    21.6%     2.187     3.976    81.8%     2.187     3.976    81.8%    35.864    12.226   -65.9%
          ('OrHighNotMed', None)     1.041     1.166    12.1%     2.605     4.000    53.6%     4.095     4.108     0.3%     4.095     4.108     0.3%    10.328    10.339     0.1%
         ('OrNotHighHigh', None)     1.163     1.256     8.0%     5.398     4.545   -15.8%     7.210     4.632   -35.7%     7.210     4.632   -35.7%     9.820    14.080    43.4%
          ('OrNotHighLow', None)     0.669     0.988    47.6%     2.393     2.570     7.4%     2.449     6.485   164.8%     2.449     6.485   164.8%   106.472   124.567    17.0%
          ('OrNotHighMed', None)     1.172     1.224     4.4%     4.174     5.516    32.1%     6.387     6.421     0.5%     6.387     6.421     0.5%    20.189     7.656   -62.1%
                   ('PKLookup',)     5.480     4.531   -17.3%     9.283     8.211   -11.5%    12.132    10.522   -13.3%    12.132    10.522   -13.3%    29.311    50.842    73.5%
               ('Prefix3', None)     1.006     1.002    -0.4%     2.723     2.421   -11.1%     3.709     5.310    43.2%     3.709     5.310    43.2%     6.470     5.399   -16.6%
                    ('Respell',)    15.170    14.353    -5.4%    25.855    28.966    12.0%    30.799    41.472    34.7%    30.799    41.472    34.7%    42.958    52.817    23.0%
('TermDateTimeSort', 'DateTime')     2.412     2.420     0.3%     6.590     5.482   -16.8%    12.058     7.688   -36.2%    12.058     7.688   -36.2%    44.167    55.487    25.6%
              ('Wildcard', None)     5.064     5.217     3.0%    11.864    10.825    -8.8%    17.138    16.529    -3.6%    17.138    16.529    -3.6%    50.947    67.563    32.6%
                 ('range', None)     0.199     0.185    -7.2%     1.072     0.505   -52.9%     1.368     0.659   -51.9%     1.368     0.659   -51.9%    11.371     1.171   -89.7%
                            Task    QPS armA      StdDev    QPS armK      StdDev                Pct diff p-value
                      AndHighLow     2199.28      (6.7%)     1756.04      (3.7%)  -20.2% ( -28% -  -10%) 0.000
                         LowTerm     2428.36      (7.5%)     2113.61      (4.5%)  -13.0% ( -23% -   -1%) 0.000
                       OrHighLow     1249.76      (4.1%)     1125.04      (4.9%)  -10.0% ( -18% -   -1%) 0.000
                    OrNotHighLow     1484.60      (7.1%)     1342.01      (8.3%)   -9.6% ( -23% -    6%) 0.000
                       OrHighMed      920.30      (7.0%)      835.02      (8.1%)   -9.3% ( -22% -    6%) 0.001
                   OrNotHighHigh      982.45      (6.5%)      894.82      (7.4%)   -8.9% ( -21% -    5%) 0.000
                         MedTerm     1625.04      (8.7%)     1492.21      (5.6%)   -8.2% ( -20% -    6%) 0.002
                  AndMissingHigh     3405.95      (6.6%)     3160.71      (7.7%)   -7.2% ( -20% -    7%) 0.004
                    OrHighNotLow     1097.47      (9.1%)     1019.47     (10.4%)   -7.1% ( -24% -   13%) 0.040
                      AndHighMed      879.46      (6.1%)      818.21      (4.5%)   -7.0% ( -16% -    3%) 0.000
                     AndHighHigh      626.98     (11.6%)      584.37      (7.9%)   -6.8% ( -23% -   14%) 0.053
                        HighTerm     1486.61      (7.6%)     1390.88      (5.7%)   -6.4% ( -18% -    7%) 0.007
                    OrNotHighMed      911.24      (6.0%)      857.09      (7.5%)   -5.9% ( -18% -    8%) 0.014
                   OrHighNotHigh      831.20     (13.1%)      783.26     (10.9%)   -5.8% ( -26% -   20%) 0.175
                 MedSloppyPhrase      456.97      (7.1%)      431.05      (8.8%)   -5.7% ( -20% -   11%) 0.045
                       LowPhrase      567.59      (4.9%)      538.31      (9.4%)   -5.2% ( -18% -    9%) 0.052
                    OrHighNotMed      935.12      (9.9%)      889.74      (8.1%)   -4.9% ( -20% -   14%) 0.130
                        PKLookup      216.97     (12.3%)      207.21      (9.8%)   -4.5% ( -23% -   20%) 0.252
               HighTermTitleSort      117.79      (7.1%)      112.95      (8.3%)   -4.1% ( -18% -   12%) 0.132
       BrowseDayOfYearSSDVFacets       16.58     (13.8%)       15.90     (12.5%)   -4.1% ( -26% -   25%) 0.376
                       MedPhrase      323.52      (5.2%)      310.90      (4.4%)   -3.9% ( -12% -    5%) 0.021
                       ConstMSM2     1534.26      (9.1%)     1475.47      (7.6%)   -3.8% ( -18% -   14%) 0.197
                HighSloppyPhrase      147.63      (5.6%)      141.98      (4.5%)   -3.8% ( -13% -    6%) 0.033
                 LowSloppyPhrase      282.28      (7.0%)      271.63      (5.0%)   -3.8% ( -14% -    8%) 0.080
                      HighPhrase      253.43      (7.2%)      244.47      (6.4%)   -3.5% ( -16% -   10%) 0.143
                         Prefix3     1269.52      (8.9%)     1229.56      (6.0%)   -3.1% ( -16% -   12%) 0.238
                    HighSpanNear      165.48      (4.5%)      160.56      (4.1%)   -3.0% ( -11% -    5%) 0.051
            MedTermDayTaxoFacets       69.07      (5.1%)       67.04      (6.4%)   -2.9% ( -13% -    9%) 0.154
                        BM25MSM2       46.81      (7.8%)       45.49      (6.1%)   -2.8% ( -15% -   12%) 0.255
                          Fuzzy1      119.51      (7.3%)      116.75      (4.8%)   -2.3% ( -13% -   10%) 0.292
                     MedSpanNear      198.60      (5.6%)      194.29      (4.8%)   -2.2% ( -11% -    8%) 0.240
        AndHighHighDayTaxoFacets       69.26      (4.2%)       68.02      (5.5%)   -1.8% ( -10% -    8%) 0.297
                      OrHighHigh      461.69      (8.4%)      453.86      (5.3%)   -1.7% ( -14% -   13%) 0.494
                          Fuzzy2       79.36      (7.0%)       78.15      (5.6%)   -1.5% ( -13% -   11%) 0.497
               HighTermMonthSort     1499.30      (6.7%)     1481.21      (7.6%)   -1.2% ( -14% -   14%) 0.634
                     LowSpanNear      225.09      (8.9%)      222.87      (4.8%)   -1.0% ( -13% -   13%) 0.697
                          IntNRQ     1168.89      (7.1%)     1158.79     (11.4%)   -0.9% ( -18% -   19%) 0.798
                         Respell       71.38      (6.8%)       70.77      (6.3%)   -0.9% ( -13% -   13%) 0.712
           BrowseMonthSSDVFacets       16.56     (13.4%)       16.42     (14.3%)   -0.8% ( -25% -   31%) 0.864
                      TermDTSort      441.01      (5.6%)      437.53      (4.2%)   -0.8% ( -10% -    9%) 0.652
           HighTermDayOfYearSort      521.18      (7.5%)      519.33      (7.7%)   -0.4% ( -14% -   16%) 0.895
             LowIntervalsOrdered      136.86      (7.7%)      136.57      (6.9%)   -0.2% ( -13% -   15%) 0.936
         AndHighMedDayTaxoFacets       79.44      (2.7%)       79.40      (2.5%)   -0.1% (  -5% -    5%) 0.950
            HighIntervalsOrdered       62.59      (6.7%)       62.97      (5.5%)    0.6% ( -10% -   13%) 0.776
                        Wildcard      195.35      (2.4%)      197.16      (2.6%)    0.9% (  -4% -    6%) 0.299
     BrowseRandomLabelSSDVFacets       11.03      (6.1%)       11.15      (8.1%)    1.0% ( -12% -   16%) 0.682
            HighTermTitleBDVSort       56.94      (5.1%)       57.53      (3.8%)    1.0% (  -7% -   10%) 0.515
            BrowseDateSSDVFacets        2.88      (6.3%)        2.93      (5.7%)    1.7% (  -9% -   14%) 0.429
                           range     5718.72     (11.6%)     5821.99      (9.6%)    1.8% ( -17% -   26%) 0.631
             MedIntervalsOrdered       73.00      (6.6%)       74.47      (5.1%)    2.0% (  -9% -   14%) 0.335
                          IntSet      669.34     (11.7%)      684.26      (4.8%)    2.2% ( -12% -   21%) 0.480
          OrHighMedDayTaxoFacets       38.62      (7.5%)       39.92     (10.9%)    3.4% ( -14% -   23%) 0.309
           BrowseMonthTaxoFacets       37.43     (26.4%)       39.93      (8.3%)    6.7% ( -22% -   56%) 0.333
     BrowseRandomLabelTaxoFacets       12.52      (4.8%)       13.41     (33.1%)    7.2% ( -29% -   47%) 0.392
            BrowseDateTaxoFacets       15.31      (5.9%)       16.60     (46.1%)    8.5% ( -41% -   64%) 0.466
       BrowseDayOfYearTaxoFacets       15.67      (4.1%)       17.58     (45.5%)   12.1% ( -35% -   64%) 0.288
  iter 16
    armK:
      NOTE: using experimental CPU time profiler (see https://mostlynerdless.de/blog/2025/06/11/java-25s-new-cpu-time-profiler-1)
      log: /home/goankur/vsearch/logs/FAK.armK.16 + stdout
      run: /usr/bin/perf stat -dd -e task-clock,cycles,instructions,cache-references,cache-misses,L1-dcache-loads,L1-dcache-load-misses,L1-icache-loads,L1-icache-load-misses,LLC-loads,LLC-load-misses,LLC-stores,LLC-store-misses,LLC-prefetches,LLC-prefetch-misses,faults,minor-faults,major-faults,branches,branch-misses,stalled-cycles-frontend,stalled-cycles-backend /home/goankur/jdk/corretto-25/bin/java -server -Xms2g -Xmx2g --add-modules jdk.incubator.vector -XX:+HeapDumpOnOutOfMemoryError -XX:+UseParallelGC -XX:StartFlightRecording=jdk.CPUTimeSample#enabled=true,dumponexit=true,maxsize=250M,settings=/home/goankur/vsearch/util/src/python/profiling.jfc,filename=/home/goankur/vsearch/logs/bench-search-FAK-armK-16.jfr -XX:+UnlockDiagnosticVMOptions -XX:+DebugNonSafepoints -classpath /home/goankur/vsearch/bo/lucene-K/lucene/core/build/libs/lucene-core-11.0.0-SNAPSHOT.jar:/home/goankur/vsearch/bo/lucene-K/lucene/sandbox/build/classes/java/main:/home/goankur/vsearch/bo/lucene-K/lucene/misc/build/classes/java/main:/home/goankur/vsearch/bo/lucene-K/lucene/facet/build/classes/java/main:/home/goankur/vsearch/bo/lucene-K/lucene/analysis/common/build/classes/java/main:/home/goankur/vsearch/bo/lucene-K/lucene/analysis/icu/build/classes/java/main:/home/goankur/vsearch/bo/lucene-K/lucene/queryparser/build/classes/java/main:/home/goankur/vsearch/bo/lucene-K/lucene/grouping/build/classes/java/main:/home/goankur/vsearch/bo/lucene-K/lucene/suggest/build/classes/java/main:/home/goankur/vsearch/bo/lucene-K/lucene/highlighter/build/classes/java/main:/home/goankur/vsearch/bo/lucene-K/lucene/codecs/build/classes/java/main:/home/goankur/vsearch/bo/lucene-K/lucene/queries/build/classes/java/main:/home/goankur/vsearch/bo/lucene-K/lucene/join/build/classes/java/main:/home/goankur/vsearch/bo/lucene-K/lucene/spatial3d/build/classes/java/main:/home/goankur/vsearch/util/lib/HdrHistogram.jar:/home/goankur/vsearch/util/src/main/build/classes/java/main:/home/goankur/vsearch/util/build perf.SearchPerfTest -dirImpl MMapDirectory -indexPath /home/goankur/vsearch/indices/wikimedium10m.lucene-A.facets.taxonomy:Date.taxonomy:Month.taxonomy:DayOfYear.sortedset:Date.sortedset:Month.sortedset:DayOfYear.taxonomy:RandomLabel.sortedset:RandomLabel.Lucene90.Lucene104.dvfields.nd10M -facets taxonomy:Date;Date -facets taxonomy:Month;Month -facets taxonomy:DayOfYear;DayOfYear -facets sortedset:Date;Date -facets sortedset:Month;Month -facets sortedset:DayOfYear;DayOfYear -facets taxonomy:RandomLabel;RandomLabel -facets sortedset:RandomLabel;RandomLabel -analyzer StandardAnalyzer -taskSource /home/goankur/vsearch/util/tasks/wikimedium.10M.nostopwords.tasks -numConcurrentQueries 5 -taskRepeatCount 20 -field body -tasksPerCat 1 -searchConcurrency -1 -staticSeed 7331 -seed -2431107 -similarity BM25Similarity -commit multi -hiliteImpl FastVectorHighlighter -log /home/goankur/vsearch/logs/FAK.armK.16 -topN 100 -context  -pk -pollute
      9.4 s
      267.3 actual sustained QPS; -1.0 CPU cores used
    armA:
      NOTE: using experimental CPU time profiler (see https://mostlynerdless.de/blog/2025/06/11/java-25s-new-cpu-time-profiler-1)
      log: /home/goankur/vsearch/logs/FAK.armA.16 + stdout
      run: /usr/bin/perf stat -dd -e task-clock,cycles,instructions,cache-references,cache-misses,L1-dcache-loads,L1-dcache-load-misses,L1-icache-loads,L1-icache-load-misses,LLC-loads,LLC-load-misses,LLC-stores,LLC-store-misses,LLC-prefetches,LLC-prefetch-misses,faults,minor-faults,major-faults,branches,branch-misses,stalled-cycles-frontend,stalled-cycles-backend /home/goankur/jdk/corretto-25/bin/java -server -Xms2g -Xmx2g --add-modules jdk.incubator.vector -XX:+HeapDumpOnOutOfMemoryError -XX:+UseParallelGC -XX:StartFlightRecording=jdk.CPUTimeSample#enabled=true,dumponexit=true,maxsize=250M,settings=/home/goankur/vsearch/util/src/python/profiling.jfc,filename=/home/goankur/vsearch/logs/bench-search-FAK-armA-16.jfr -XX:+UnlockDiagnosticVMOptions -XX:+DebugNonSafepoints -classpath /home/goankur/vsearch/bo/lucene-A/lucene/core/build/libs/lucene-core-11.0.0-SNAPSHOT.jar:/home/goankur/vsearch/bo/lucene-A/lucene/sandbox/build/classes/java/main:/home/goankur/vsearch/bo/lucene-A/lucene/misc/build/classes/java/main:/home/goankur/vsearch/bo/lucene-A/lucene/facet/build/classes/java/main:/home/goankur/vsearch/bo/lucene-A/lucene/analysis/common/build/classes/java/main:/home/goankur/vsearch/bo/lucene-A/lucene/analysis/icu/build/classes/java/main:/home/goankur/vsearch/bo/lucene-A/lucene/queryparser/build/classes/java/main:/home/goankur/vsearch/bo/lucene-A/lucene/grouping/build/classes/java/main:/home/goankur/vsearch/bo/lucene-A/lucene/suggest/build/classes/java/main:/home/goankur/vsearch/bo/lucene-A/lucene/highlighter/build/classes/java/main:/home/goankur/vsearch/bo/lucene-A/lucene/codecs/build/classes/java/main:/home/goankur/vsearch/bo/lucene-A/lucene/queries/build/classes/java/main:/home/goankur/vsearch/bo/lucene-A/lucene/join/build/classes/java/main:/home/goankur/vsearch/bo/lucene-A/lucene/spatial3d/build/classes/java/main:/home/goankur/vsearch/util/lib/HdrHistogram.jar:/home/goankur/vsearch/util/src/main/build/classes/java/main:/home/goankur/vsearch/util/build perf.SearchPerfTest -dirImpl MMapDirectory -indexPath /home/goankur/vsearch/indices/wikimedium10m.lucene-A.facets.taxonomy:Date.taxonomy:Month.taxonomy:DayOfYear.sortedset:Date.sortedset:Month.sortedset:DayOfYear.taxonomy:RandomLabel.sortedset:RandomLabel.Lucene90.Lucene104.dvfields.nd10M -facets taxonomy:Date;Date -facets taxonomy:Month;Month -facets taxonomy:DayOfYear;DayOfYear -facets sortedset:Date;Date -facets sortedset:Month;Month -facets sortedset:DayOfYear;DayOfYear -facets taxonomy:RandomLabel;RandomLabel -facets sortedset:RandomLabel;RandomLabel -analyzer StandardAnalyzer -taskSource /home/goankur/vsearch/util/tasks/wikimedium.10M.nostopwords.tasks -numConcurrentQueries 5 -taskRepeatCount 20 -field body -tasksPerCat 1 -searchConcurrency -1 -staticSeed 7331 -seed -2431107 -similarity BM25Similarity -commit multi -hiliteImpl FastVectorHighlighter -log /home/goankur/vsearch/logs/FAK.armA.16 -topN 100 -context  -pk -pollute
      9.5 s
      250.1 actual sustained QPS; -1.0 CPU cores used

Report after iter 16:
QPSChart.supported == False
                            Task     P50 B     P50 C     Diff     P90 B     P90 C     Diff     P99 B     P99 C     Diff    P999 B    P999 C     Diff    P100 B    P100 C     Diff
           ('AndHighHigh', None)     1.490     1.646    10.5%     4.760     8.493    78.4%    13.881     9.043   -34.9%    13.881     9.043   -34.9%   231.594   253.567     9.5%
('AndHighHighDayTaxoFacets', None)    14.250    15.374     7.9%    18.691    27.407    46.6%    23.758    53.196   123.9%    23.758    53.196   123.9%    24.202    54.344   124.5%
            ('AndHighLow', None)     0.431     0.578    34.0%     1.264     2.170    71.7%     1.299     2.763   112.7%     1.299     2.763   112.7%     1.404     4.572   225.7%
            ('AndHighMed', None)     1.160     1.332    14.8%     2.651     2.919    10.1%     4.238     7.028    65.8%     4.238     7.028    65.8%     5.062    25.952   412.7%
('AndHighMedDayTaxoFacets', None)    12.453    13.446     8.0%    17.113    18.398     7.5%    22.826    20.238   -11.3%    22.826    20.238   -11.3%    87.359    57.038   -34.7%
     ('AndMissingHigh', 'Title')     0.311     0.370    19.0%     0.583     0.758    30.0%     0.623     0.912    46.3%     0.623     0.912    46.3%    10.951     6.515   -40.5%
              ('BM25MSM2', None)    23.051    23.862     3.5%    42.891    49.750    16.0%    51.889    54.368     4.8%    51.889    54.368     4.8%   128.338   127.339    -0.8%
  ('BrowseDateSSDVFacets', None)   379.419   341.294   -10.0%   445.249   399.930   -10.2%   445.349   405.483    -9.0%   445.349   405.483    -9.0%   567.651   629.046    10.8%
  ('BrowseDateTaxoFacets', None)    74.594    76.028     1.9%    84.858    90.370     6.5%    92.056    93.384     1.4%    92.056    93.384     1.4%    95.662   219.471   129.4%
('BrowseDayOfYearSSDVFacets', None)    68.835    65.825    -4.4%    82.152    89.623     9.1%    95.874    92.490    -3.5%    95.874    92.490    -3.5%   175.410   143.333   -18.3%
('BrowseDayOfYearTaxoFacets', None)    67.040    78.273    16.8%    85.128    87.806     3.1%    85.179    91.189     7.1%    85.179    91.189     7.1%   200.241   284.259    42.0%
 ('BrowseMonthSSDVFacets', None)    73.114    58.746   -19.7%    88.043    75.053   -14.8%    92.525    75.785   -18.1%    92.525    75.785   -18.1%    92.882    77.928   -16.1%
 ('BrowseMonthTaxoFacets', None)    26.757    26.355    -1.5%    42.082    81.717    94.2%    82.764    83.161     0.5%    82.764    83.161     0.5%   119.269   136.203    14.2%
('BrowseRandomLabelSSDVFacets', None)    90.904    98.373     8.2%   135.753   150.586    10.9%   146.817   151.083     2.9%   146.817   151.083     2.9%   240.235   203.578   -15.3%
('BrowseRandomLabelTaxoFacets', None)    84.595    81.700    -3.4%   115.063   122.956     6.9%   122.803   145.288    18.3%   122.803   145.288    18.3%   224.860   291.406    29.6%
             ('ConstMSM2', None)     0.821     0.748    -8.9%     1.850     2.498    35.1%     8.540    10.424    22.1%     8.540    10.424    22.1%    29.691    42.984    44.8%
                ('Fuzzy1', None)     8.893     8.857    -0.4%    20.700    21.660     4.6%    34.677    31.522    -9.1%    34.677    31.522    -9.1%   200.091   216.543     8.2%
                ('Fuzzy2', None)    13.196    13.703     3.8%    29.080    24.421   -16.0%    72.743    43.054   -40.8%    72.743    43.054   -40.8%   130.281   105.722   -18.9%
  ('HighIntervalsOrdered', None)    15.495    15.393    -0.7%    24.670    27.120     9.9%    25.302    31.448    24.3%    25.302    31.448    24.3%   151.787    40.243   -73.5%
            ('HighPhrase', None)     4.568     4.104   -10.2%     7.993    10.369    29.7%     9.502    13.256    39.5%     9.502    13.256    39.5%    11.509    17.071    48.3%
      ('HighSloppyPhrase', None)     7.014     7.072     0.8%    13.691    16.146    17.9%    13.923    17.446    25.3%    13.923    17.446    25.3%    61.924    44.662   -27.9%
          ('HighSpanNear', None)     6.254     7.212    15.3%     9.384    13.980    49.0%     9.669    15.563    61.0%     9.669    15.563    61.0%    11.834    38.009   221.2%
              ('HighTerm', None)     0.717     0.729     1.7%     1.081     1.803    66.8%     1.236     2.301    86.2%     1.236     2.301    86.2%     4.180     5.345    27.9%
('HighTermDayOfYearSort', 'DayOfYear')     2.209     1.838   -16.8%    13.279     7.325   -44.8%    21.114    17.918   -15.1%    21.114    17.918   -15.1%    38.589    44.977    16.6%
  ('HighTermMonthSort', 'Month')     0.586     0.693    18.1%     1.694     2.437    43.8%     2.070     2.783    34.4%     2.070     2.783    34.4%     4.107     3.954    -3.7%
('HighTermTitleBDVSort', 'TitleBinary')    19.673    18.281    -7.1%    33.668    41.363    22.9%    52.709    45.140   -14.4%    52.709    45.140   -14.4%    96.061   105.976    10.3%
  ('HighTermTitleSort', 'Title')     8.359     9.221    10.3%    25.288    19.251   -23.9%    47.780    37.660   -21.2%    47.780    37.660   -21.2%    74.010    88.455    19.5%
                ('IntNRQ', None)     0.762     0.763     0.1%     8.642     3.986   -53.9%    16.296     4.616   -71.7%    16.296     4.616   -71.7%    82.979   106.299    28.1%
                ('IntSet', None)     1.944     1.758    -9.6%     3.442     3.869    12.4%     6.104     6.426     5.3%     6.104     6.426     5.3%    19.859    22.114    11.4%
   ('LowIntervalsOrdered', None)     8.044     8.305     3.2%    14.623    15.272     4.4%    16.890    16.417    -2.8%    16.890    16.417    -2.8%   107.544    21.345   -80.2%
             ('LowPhrase', None)     1.745     1.847     5.8%     5.735     4.343   -24.3%     6.982     5.765   -17.4%     6.982     5.765   -17.4%    40.970    26.134   -36.2%
       ('LowSloppyPhrase', None)     3.789     3.600    -5.0%     8.009     8.949    11.7%    11.612     9.312   -19.8%    11.612     9.312   -19.8%   250.207   223.095   -10.8%
           ('LowSpanNear', None)     4.315     4.445     3.0%     9.359     9.696     3.6%    10.294     9.700    -5.8%    10.294     9.700    -5.8%    12.533    14.576    16.3%
               ('LowTerm', None)     0.420     0.479    14.0%     1.162     1.592    37.0%     1.421     2.697    89.9%     1.421     2.697    89.9%     4.254     2.848   -33.1%
   ('MedIntervalsOrdered', None)    13.766    12.979    -5.7%    33.268    27.408   -17.6%    35.755    30.579   -14.5%    35.755    30.579   -14.5%   278.959   173.909   -37.7%
             ('MedPhrase', None)     3.225     3.248     0.7%     6.717     6.779     0.9%    12.460    10.644   -14.6%    12.460    10.644   -14.6%    19.611    14.546   -25.8%
       ('MedSloppyPhrase', None)     2.138     2.194     2.6%     5.356     6.310    17.8%     6.574     8.844    34.5%     6.574     8.844    34.5%     8.593    11.217    30.5%
           ('MedSpanNear', None)     4.835     5.143     6.4%    13.798    14.357     4.1%    19.039    15.208   -20.1%    19.039    15.208   -20.1%   236.088   212.937    -9.8%
               ('MedTerm', None)     0.649     0.726    11.8%     1.428     1.969    37.9%     1.541     2.368    53.7%     1.541     2.368    53.7%     3.035     6.728   121.7%
  ('MedTermDayTaxoFacets', None)    16.181    16.125    -0.3%    24.230    28.811    18.9%    28.398    40.064    41.1%    28.398    40.064    41.1%   323.929   277.705   -14.3%
            ('OrHighHigh', None)     2.009     2.512    25.0%     7.116     9.235    29.8%    10.590    14.277    34.8%    10.590    14.277    34.8%    53.862    72.636    34.9%
             ('OrHighLow', None)     0.812     0.949    17.0%     2.608     2.551    -2.2%     2.648     2.826     6.7%     2.648     2.826     6.7%     3.195     3.048    -4.6%
             ('OrHighMed', None)     1.274     1.294     1.6%     2.556     3.309    29.5%     4.047     4.441     9.7%     4.047     4.441     9.7%     4.449     5.161    16.0%
('OrHighMedDayTaxoFacets', None)    28.784    27.563    -4.2%    99.712    40.626   -59.3%   109.193    87.293   -20.1%   109.193    87.293   -20.1%   326.910   274.384   -16.1%
         ('OrHighNotHigh', None)     1.300     1.348     3.7%     2.951     4.288    45.3%     8.753     5.100   -41.7%     8.753     5.100   -41.7%     8.768    23.043   162.8%
          ('OrHighNotLow', None)     0.943     1.233    30.7%     2.447     4.953   102.4%     9.206     5.949   -35.4%     9.206     5.949   -35.4%    11.229     7.790   -30.6%
          ('OrHighNotMed', None)     1.283     1.312     2.2%     2.622     4.804    83.2%    10.061    10.799     7.3%    10.061    10.799     7.3%    24.832    35.739    43.9%
         ('OrNotHighHigh', None)     1.111     1.165     4.8%     3.730     2.632   -29.4%     8.220     3.022   -63.2%     8.220     3.022   -63.2%    12.789     3.124   -75.6%
          ('OrNotHighLow', None)     0.714     0.709    -0.7%     1.838     1.949     6.0%     2.973     2.448   -17.7%     2.973     2.448   -17.7%     4.365     4.139    -5.2%
          ('OrNotHighMed', None)     1.107     1.230    11.1%     3.497     3.088   -11.7%     4.245     4.579     7.9%     4.245     4.579     7.9%     6.794    18.405   170.9%
                   ('PKLookup',)     4.242     5.364    26.5%     9.216    12.165    32.0%    11.480    12.809    11.6%    11.480    12.809    11.6%    28.089    16.698   -40.6%
               ('Prefix3', None)     0.815     0.902    10.7%     4.127     3.767    -8.7%     8.153     4.573   -43.9%     8.153     4.573   -43.9%    18.996    21.688    14.2%
                    ('Respell',)    15.044    14.213    -5.5%    23.120    30.259    30.9%    47.252    41.005   -13.2%    47.252    41.005   -13.2%   121.706    67.270   -44.7%
('TermDateTimeSort', 'DateTime')     2.285     2.303     0.8%     8.416     8.821     4.8%    16.152     9.203   -43.0%    16.152     9.203   -43.0%   100.188   111.469    11.3%
              ('Wildcard', None)     5.115     5.273     3.1%     7.953    14.116    77.5%    17.548    50.815   189.6%    17.548    50.815   189.6%    35.703    54.882    53.7%
                 ('range', None)     0.162     0.160    -0.7%     0.419     0.477    13.8%     0.619     4.997   706.9%     0.619     4.997   706.9%     0.838     6.993   735.0%
                            Task    QPS armA      StdDev    QPS armK      StdDev                Pct diff p-value
                      AndHighLow     2214.63      (7.1%)     1762.91      (3.8%)  -20.4% ( -29% -  -10%) 0.000
                         LowTerm     2434.37      (7.3%)     2127.28      (5.0%)  -12.6% ( -23% -    0%) 0.000
                       OrHighLow     1250.28      (3.9%)     1126.14      (4.7%)   -9.9% ( -17% -   -1%) 0.000
                       OrHighMed      919.24      (6.8%)      834.12      (7.9%)   -9.3% ( -22% -    5%) 0.000
                    OrNotHighLow     1483.38      (6.8%)     1348.79      (8.3%)   -9.1% ( -22% -    6%) 0.000
                         MedTerm     1629.03      (8.5%)     1486.75      (5.6%)   -8.7% ( -21% -    5%) 0.000
                   OrNotHighHigh      981.39      (6.3%)      896.81      (7.2%)   -8.6% ( -20% -    5%) 0.000
                    OrHighNotLow     1097.43      (8.8%)     1017.29     (10.1%)   -7.3% ( -24% -   12%) 0.025
                      AndHighMed      878.91      (5.9%)      814.79      (4.6%)   -7.3% ( -16% -    3%) 0.000
                  AndMissingHigh     3412.70      (6.4%)     3163.75      (7.5%)   -7.3% ( -19% -    7%) 0.002
                     AndHighHigh      630.15     (11.4%)      586.04      (7.7%)   -7.0% ( -23% -   13%) 0.036
                        HighTerm     1482.70      (7.5%)     1394.43      (5.6%)   -6.0% ( -17% -    7%) 0.009
                   OrHighNotHigh      830.70     (12.7%)      781.85     (10.5%)   -5.9% ( -25% -   19%) 0.142
                    OrNotHighMed      911.77      (5.8%)      858.85      (7.3%)   -5.8% ( -17% -    7%) 0.010
                 MedSloppyPhrase      458.66      (7.1%)      432.74      (8.6%)   -5.7% ( -19% -   10%) 0.036
                        PKLookup      219.32     (12.6%)      207.90      (9.5%)   -5.2% ( -24% -   19%) 0.172
                       LowPhrase      568.85      (4.8%)      539.88      (9.2%)   -5.1% ( -18% -    9%) 0.042
               HighTermTitleSort      118.57      (7.4%)      113.18      (8.0%)   -4.5% ( -18% -   11%) 0.085
                    OrHighNotMed      927.01     (10.3%)      886.78      (8.1%)   -4.3% ( -20% -   15%) 0.172
                       ConstMSM2     1528.14      (9.0%)     1468.51      (7.7%)   -3.9% ( -18% -   14%) 0.173
                       MedPhrase      323.58      (5.0%)      311.11      (4.2%)   -3.9% ( -12% -    5%) 0.015
                HighSloppyPhrase      147.37      (5.5%)      142.05      (4.3%)   -3.6% ( -12% -    6%) 0.034
                         Prefix3     1272.58      (8.6%)     1226.73      (5.8%)   -3.6% ( -16% -   11%) 0.153
                 LowSloppyPhrase      281.93      (6.8%)      272.07      (4.9%)   -3.5% ( -14% -    8%) 0.085
       BrowseDayOfYearSSDVFacets       16.49     (13.7%)       15.93     (12.1%)   -3.4% ( -25% -   25%) 0.442
                      HighPhrase      253.04      (7.1%)      244.56      (6.2%)   -3.4% ( -15% -   10%) 0.141
                    HighSpanNear      165.24      (4.4%)      159.75      (4.5%)   -3.3% ( -11% -    5%) 0.029
                        BM25MSM2       46.62      (7.8%)       45.30      (6.1%)   -2.8% ( -15% -   12%) 0.239
            MedTermDayTaxoFacets       68.76      (5.3%)       66.97      (6.3%)   -2.6% ( -13% -    9%) 0.191
                      OrHighHigh      464.42      (8.4%)      452.57      (5.2%)   -2.6% ( -14% -   12%) 0.288
                     MedSpanNear      199.20      (5.6%)      194.36      (4.6%)   -2.4% ( -11% -    8%) 0.166
        AndHighHighDayTaxoFacets       69.36      (4.1%)       67.93      (5.3%)   -2.1% ( -10% -    7%) 0.207
                          Fuzzy1      119.24      (7.2%)      116.85      (4.7%)   -2.0% ( -12% -   10%) 0.335
               HighTermMonthSort     1512.04      (7.3%)     1482.43      (7.3%)   -2.0% ( -15% -   13%) 0.435
                          Fuzzy2       79.24      (6.8%)       78.07      (5.4%)   -1.5% ( -12% -   11%) 0.484
                         Respell       71.64      (6.8%)       70.87      (6.1%)   -1.1% ( -13% -   12%) 0.630
                     LowSpanNear      225.97      (8.7%)      223.68      (4.9%)   -1.0% ( -13% -   13%) 0.676
                          IntNRQ     1178.79      (7.7%)     1168.35     (11.5%)   -0.9% ( -18% -   19%) 0.791
                      TermDTSort      441.73      (5.5%)      438.57      (4.1%)   -0.7% (  -9% -    9%) 0.667
         AndHighMedDayTaxoFacets       79.58      (2.7%)       79.19      (2.6%)   -0.5% (  -5% -    4%) 0.591
             LowIntervalsOrdered      137.26      (7.6%)      136.67      (6.7%)   -0.4% ( -13% -   14%) 0.861
     BrowseRandomLabelSSDVFacets       11.07      (6.0%)       11.11      (7.9%)    0.4% ( -12% -   15%) 0.884
           HighTermDayOfYearSort      519.57      (7.4%)      521.60      (7.7%)    0.4% ( -13% -   16%) 0.880
           BrowseMonthSSDVFacets       16.40     (13.6%)       16.48     (14.1%)    0.5% ( -23% -   32%) 0.917
            HighIntervalsOrdered       62.73      (6.6%)       63.14      (5.5%)    0.7% ( -10% -   13%) 0.750
                        Wildcard      195.57      (2.4%)      196.98      (2.6%)    0.7% (  -4% -    5%) 0.396
            HighTermTitleBDVSort       56.62      (5.5%)       57.40      (3.9%)    1.4% (  -7% -   11%) 0.401
                           range     5767.03     (11.7%)     5851.49      (9.4%)    1.5% ( -17% -   25%) 0.687
             MedIntervalsOrdered       73.08      (6.4%)       74.68      (5.0%)    2.2% (  -8% -   14%) 0.267
            BrowseDateSSDVFacets        2.87      (6.4%)        2.93      (5.6%)    2.2% (  -9% -   15%) 0.275
                          IntSet      666.07     (11.5%)      681.38      (5.0%)    2.3% ( -12% -   21%) 0.451
          OrHighMedDayTaxoFacets       38.49      (7.5%)       39.77     (10.7%)    3.3% ( -13% -   23%) 0.293
           BrowseMonthTaxoFacets       37.44     (25.5%)       39.99      (8.0%)    6.8% ( -21% -   54%) 0.293
     BrowseRandomLabelTaxoFacets       12.49      (4.7%)       13.35     (32.2%)    6.8% ( -28% -   45%) 0.386
            BrowseDateTaxoFacets       15.20      (6.3%)       16.40     (45.3%)    7.9% ( -41% -   63%) 0.478
       BrowseDayOfYearTaxoFacets       15.65      (4.0%)       17.31     (44.6%)   10.6% ( -36% -   61%) 0.329
  iter 17
    armA:
      NOTE: using experimental CPU time profiler (see https://mostlynerdless.de/blog/2025/06/11/java-25s-new-cpu-time-profiler-1)
      log: /home/goankur/vsearch/logs/FAK.armA.17 + stdout
      run: /usr/bin/perf stat -dd -e task-clock,cycles,instructions,cache-references,cache-misses,L1-dcache-loads,L1-dcache-load-misses,L1-icache-loads,L1-icache-load-misses,LLC-loads,LLC-load-misses,LLC-stores,LLC-store-misses,LLC-prefetches,LLC-prefetch-misses,faults,minor-faults,major-faults,branches,branch-misses,stalled-cycles-frontend,stalled-cycles-backend /home/goankur/jdk/corretto-25/bin/java -server -Xms2g -Xmx2g --add-modules jdk.incubator.vector -XX:+HeapDumpOnOutOfMemoryError -XX:+UseParallelGC -XX:StartFlightRecording=jdk.CPUTimeSample#enabled=true,dumponexit=true,maxsize=250M,settings=/home/goankur/vsearch/util/src/python/profiling.jfc,filename=/home/goankur/vsearch/logs/bench-search-FAK-armA-17.jfr -XX:+UnlockDiagnosticVMOptions -XX:+DebugNonSafepoints -classpath /home/goankur/vsearch/bo/lucene-A/lucene/core/build/libs/lucene-core-11.0.0-SNAPSHOT.jar:/home/goankur/vsearch/bo/lucene-A/lucene/sandbox/build/classes/java/main:/home/goankur/vsearch/bo/lucene-A/lucene/misc/build/classes/java/main:/home/goankur/vsearch/bo/lucene-A/lucene/facet/build/classes/java/main:/home/goankur/vsearch/bo/lucene-A/lucene/analysis/common/build/classes/java/main:/home/goankur/vsearch/bo/lucene-A/lucene/analysis/icu/build/classes/java/main:/home/goankur/vsearch/bo/lucene-A/lucene/queryparser/build/classes/java/main:/home/goankur/vsearch/bo/lucene-A/lucene/grouping/build/classes/java/main:/home/goankur/vsearch/bo/lucene-A/lucene/suggest/build/classes/java/main:/home/goankur/vsearch/bo/lucene-A/lucene/highlighter/build/classes/java/main:/home/goankur/vsearch/bo/lucene-A/lucene/codecs/build/classes/java/main:/home/goankur/vsearch/bo/lucene-A/lucene/queries/build/classes/java/main:/home/goankur/vsearch/bo/lucene-A/lucene/join/build/classes/java/main:/home/goankur/vsearch/bo/lucene-A/lucene/spatial3d/build/classes/java/main:/home/goankur/vsearch/util/lib/HdrHistogram.jar:/home/goankur/vsearch/util/src/main/build/classes/java/main:/home/goankur/vsearch/util/build perf.SearchPerfTest -dirImpl MMapDirectory -indexPath /home/goankur/vsearch/indices/wikimedium10m.lucene-A.facets.taxonomy:Date.taxonomy:Month.taxonomy:DayOfYear.sortedset:Date.sortedset:Month.sortedset:DayOfYear.taxonomy:RandomLabel.sortedset:RandomLabel.Lucene90.Lucene104.dvfields.nd10M -facets taxonomy:Date;Date -facets taxonomy:Month;Month -facets taxonomy:DayOfYear;DayOfYear -facets sortedset:Date;Date -facets sortedset:Month;Month -facets sortedset:DayOfYear;DayOfYear -facets taxonomy:RandomLabel;RandomLabel -facets sortedset:RandomLabel;RandomLabel -analyzer StandardAnalyzer -taskSource /home/goankur/vsearch/util/tasks/wikimedium.10M.nostopwords.tasks -numConcurrentQueries 5 -taskRepeatCount 20 -field body -tasksPerCat 1 -searchConcurrency -1 -staticSeed 7331 -seed -3780006 -similarity BM25Similarity -commit multi -hiliteImpl FastVectorHighlighter -log /home/goankur/vsearch/logs/FAK.armA.17 -topN 100 -context  -pk -pollute
      9.1 s
      277.6 actual sustained QPS; -1.0 CPU cores used
    armK:
      NOTE: using experimental CPU time profiler (see https://mostlynerdless.de/blog/2025/06/11/java-25s-new-cpu-time-profiler-1)
      log: /home/goankur/vsearch/logs/FAK.armK.17 + stdout
      run: /usr/bin/perf stat -dd -e task-clock,cycles,instructions,cache-references,cache-misses,L1-dcache-loads,L1-dcache-load-misses,L1-icache-loads,L1-icache-load-misses,LLC-loads,LLC-load-misses,LLC-stores,LLC-store-misses,LLC-prefetches,LLC-prefetch-misses,faults,minor-faults,major-faults,branches,branch-misses,stalled-cycles-frontend,stalled-cycles-backend /home/goankur/jdk/corretto-25/bin/java -server -Xms2g -Xmx2g --add-modules jdk.incubator.vector -XX:+HeapDumpOnOutOfMemoryError -XX:+UseParallelGC -XX:StartFlightRecording=jdk.CPUTimeSample#enabled=true,dumponexit=true,maxsize=250M,settings=/home/goankur/vsearch/util/src/python/profiling.jfc,filename=/home/goankur/vsearch/logs/bench-search-FAK-armK-17.jfr -XX:+UnlockDiagnosticVMOptions -XX:+DebugNonSafepoints -classpath /home/goankur/vsearch/bo/lucene-K/lucene/core/build/libs/lucene-core-11.0.0-SNAPSHOT.jar:/home/goankur/vsearch/bo/lucene-K/lucene/sandbox/build/classes/java/main:/home/goankur/vsearch/bo/lucene-K/lucene/misc/build/classes/java/main:/home/goankur/vsearch/bo/lucene-K/lucene/facet/build/classes/java/main:/home/goankur/vsearch/bo/lucene-K/lucene/analysis/common/build/classes/java/main:/home/goankur/vsearch/bo/lucene-K/lucene/analysis/icu/build/classes/java/main:/home/goankur/vsearch/bo/lucene-K/lucene/queryparser/build/classes/java/main:/home/goankur/vsearch/bo/lucene-K/lucene/grouping/build/classes/java/main:/home/goankur/vsearch/bo/lucene-K/lucene/suggest/build/classes/java/main:/home/goankur/vsearch/bo/lucene-K/lucene/highlighter/build/classes/java/main:/home/goankur/vsearch/bo/lucene-K/lucene/codecs/build/classes/java/main:/home/goankur/vsearch/bo/lucene-K/lucene/queries/build/classes/java/main:/home/goankur/vsearch/bo/lucene-K/lucene/join/build/classes/java/main:/home/goankur/vsearch/bo/lucene-K/lucene/spatial3d/build/classes/java/main:/home/goankur/vsearch/util/lib/HdrHistogram.jar:/home/goankur/vsearch/util/src/main/build/classes/java/main:/home/goankur/vsearch/util/build perf.SearchPerfTest -dirImpl MMapDirectory -indexPath /home/goankur/vsearch/indices/wikimedium10m.lucene-A.facets.taxonomy:Date.taxonomy:Month.taxonomy:DayOfYear.sortedset:Date.sortedset:Month.sortedset:DayOfYear.taxonomy:RandomLabel.sortedset:RandomLabel.Lucene90.Lucene104.dvfields.nd10M -facets taxonomy:Date;Date -facets taxonomy:Month;Month -facets taxonomy:DayOfYear;DayOfYear -facets sortedset:Date;Date -facets sortedset:Month;Month -facets sortedset:DayOfYear;DayOfYear -facets taxonomy:RandomLabel;RandomLabel -facets sortedset:RandomLabel;RandomLabel -analyzer StandardAnalyzer -taskSource /home/goankur/vsearch/util/tasks/wikimedium.10M.nostopwords.tasks -numConcurrentQueries 5 -taskRepeatCount 20 -field body -tasksPerCat 1 -searchConcurrency -1 -staticSeed 7331 -seed -3780006 -similarity BM25Similarity -commit multi -hiliteImpl FastVectorHighlighter -log /home/goankur/vsearch/logs/FAK.armK.17 -topN 100 -context  -pk -pollute
      9.6 s
      252.9 actual sustained QPS; -1.0 CPU cores used

Report after iter 17:
QPSChart.supported == False
                            Task     P50 B     P50 C     Diff     P90 B     P90 C     Diff     P99 B     P99 C     Diff    P999 B    P999 C     Diff    P100 B    P100 C     Diff
           ('AndHighHigh', None)     1.604     1.665     3.8%     4.296     4.737    10.3%    11.020     6.085   -44.8%    11.020     6.085   -44.8%    66.212    44.073   -33.4%
('AndHighHighDayTaxoFacets', None)    15.421    14.630    -5.1%    18.403    18.508     0.6%    23.129    20.345   -12.0%    23.129    20.345   -12.0%    52.475    23.222   -55.7%
            ('AndHighLow', None)     0.559     0.609     8.9%     1.583     1.504    -5.0%     1.964     2.934    49.4%     1.964     2.934    49.4%     2.214     6.752   205.0%
            ('AndHighMed', None)     1.284     1.462    13.9%     2.438     5.400   121.5%    15.478     5.921   -61.7%    15.478     5.921   -61.7%   212.185   247.920    16.8%
('AndHighMedDayTaxoFacets', None)    12.851    12.701    -1.2%    17.574    18.276     4.0%    35.421    29.657   -16.3%    35.421    29.657   -16.3%    43.785    45.265     3.4%
     ('AndMissingHigh', 'Title')     0.304     0.330     8.7%     0.821     0.870     5.9%     0.980     0.883    -9.9%     0.980     0.883    -9.9%     1.327     4.359   228.6%
              ('BM25MSM2', None)    20.472    21.593     5.5%    52.485    37.026   -29.5%    69.694    38.856   -44.2%    69.694    38.856   -44.2%   205.155   110.205   -46.3%
  ('BrowseDateSSDVFacets', None)   328.528   327.024    -0.5%   377.344   394.811     4.6%   385.488   403.596     4.7%   385.488   403.596     4.7%   599.744  1031.348    72.0%
  ('BrowseDateTaxoFacets', None)    67.013    63.185    -5.7%    79.403    71.049   -10.5%    79.628    75.003    -5.8%    79.628    75.003    -5.8%    79.730    83.783     5.1%
('BrowseDayOfYearSSDVFacets', None)    66.833    70.827     6.0%    91.513    90.591    -1.0%    94.578   148.077    56.6%    94.578   148.077    56.6%   100.336   278.833   177.9%
('BrowseDayOfYearTaxoFacets', None)    63.428    63.868     0.7%    74.661    75.886     1.6%    77.005    76.341    -0.9%    77.005    76.341    -0.9%   277.425   276.068    -0.5%
 ('BrowseMonthSSDVFacets', None)    68.378    63.890    -6.6%    83.392    88.242     5.8%    86.579    88.484     2.2%    86.579    88.484     2.2%   183.355   443.702   142.0%
 ('BrowseMonthTaxoFacets', None)    24.438    83.204   240.5%    71.039   107.119    50.8%    73.038   109.053    49.3%    73.038   109.053    49.3%   220.049   182.488   -17.1%
('BrowseRandomLabelSSDVFacets', None)    91.510    89.080    -2.7%   124.241   113.224    -8.9%   126.246   116.177    -8.0%   126.246   116.177    -8.0%   444.899   678.999    52.6%
('BrowseRandomLabelTaxoFacets', None)    80.542    80.279    -0.3%    96.731   105.049     8.6%   103.397   106.864     3.4%   103.397   106.864     3.4%   157.483   123.950   -21.3%
             ('ConstMSM2', None)     0.758     0.665   -12.3%     1.538     1.363   -11.4%     2.210     1.487   -32.7%     2.210     1.487   -32.7%     6.058    10.979    81.2%
                ('Fuzzy1', None)     9.533     9.011    -5.5%    13.374    12.251    -8.4%    22.716    37.417    64.7%    22.716    37.417    64.7%   220.435   235.235     6.7%
                ('Fuzzy2', None)    13.384    13.091    -2.2%    22.464    28.734    27.9%    40.283    46.343    15.0%    40.283    46.343    15.0%    49.654    54.457     9.7%
  ('HighIntervalsOrdered', None)    14.875    15.519     4.3%    30.680    20.996   -31.6%    47.333    22.300   -52.9%    47.333    22.300   -52.9%    49.995    65.893    31.8%
            ('HighPhrase', None)     3.923     4.048     3.2%    11.788    11.030    -6.4%    12.087    12.108     0.2%    12.087    12.108     0.2%    42.477    68.418    61.1%
      ('HighSloppyPhrase', None)     7.163     7.249     1.2%    19.417    12.627   -35.0%    28.810    28.703    -0.4%    28.810    28.703    -0.4%   101.830    65.955   -35.2%
          ('HighSpanNear', None)     6.215     6.567     5.7%    14.831    13.129   -11.5%    15.549    13.713   -11.8%    15.549    13.713   -11.8%   120.024   104.508   -12.9%
              ('HighTerm', None)     0.649     0.728    12.1%     1.399     1.738    24.2%     2.777     5.759   107.3%     2.777     5.759   107.3%     8.167    13.776    68.7%
('HighTermDayOfYearSort', 'DayOfYear')     1.928     2.220    15.2%     7.070     5.980   -15.4%    30.462    36.796    20.8%    30.462    36.796    20.8%    48.343    44.265    -8.4%
  ('HighTermMonthSort', 'Month')     0.754     0.809     7.3%     4.825     2.023   -58.1%     4.903     2.719   -44.5%     4.903     2.719   -44.5%    26.111    18.442   -29.4%
('HighTermTitleBDVSort', 'TitleBinary')    17.898    18.527     3.5%    38.074    31.567   -17.1%    49.564    52.187     5.3%    49.564    52.187     5.3%   134.628   103.301   -23.3%
  ('HighTermTitleSort', 'Title')    10.761     9.466   -12.0%    24.854    21.250   -14.5%    65.182    23.775   -63.5%    65.182    23.775   -63.5%    70.077    81.993    17.0%
                ('IntNRQ', None)     0.815     0.784    -3.8%     1.953     3.370    72.6%     6.239     3.986   -36.1%     6.239     3.986   -36.1%    88.573    61.133   -31.0%
                ('IntSet', None)     1.823     1.657    -9.1%    10.877     5.960   -45.2%    11.649     7.073   -39.3%    11.649     7.073   -39.3%    58.455    29.767   -49.1%
   ('LowIntervalsOrdered', None)     6.841     7.119     4.1%    12.056    13.952    15.7%    12.133    17.504    44.3%    12.133    17.504    44.3%   217.267   159.930   -26.4%
             ('LowPhrase', None)     1.964     2.126     8.3%     4.114     4.800    16.7%    11.670    10.260   -12.1%    11.670    10.260   -12.1%    32.059    22.383   -30.2%
       ('LowSloppyPhrase', None)     3.662     3.978     8.6%     7.860     9.989    27.1%     8.136    11.396    40.1%     8.136    11.396    40.1%    16.828    19.087    13.4%
           ('LowSpanNear', None)     4.575     4.282    -6.4%     9.444     9.595     1.6%    10.536    20.219    91.9%    10.536    20.219    91.9%    44.736    28.973   -35.2%
               ('LowTerm', None)     0.546     0.580     6.1%     1.577     1.848    17.2%     1.703     3.807   123.5%     1.703     3.807   123.5%     2.878     4.424    53.7%
   ('MedIntervalsOrdered', None)    12.608    12.903     2.3%    24.415    24.051    -1.5%    30.504    32.759     7.4%    30.504    32.759     7.4%    54.008    35.152   -34.9%
             ('MedPhrase', None)     3.243     3.172    -2.2%     7.710     6.566   -14.8%     8.951     7.738   -13.6%     8.951     7.738   -13.6%    28.919    58.510   102.3%
       ('MedSloppyPhrase', None)     2.538     2.516    -0.9%     5.957     9.433    58.3%    10.924    10.845    -0.7%    10.924    10.845    -0.7%    10.976    16.825    53.3%
           ('MedSpanNear', None)     5.067     5.105     0.8%    10.188    10.230     0.4%    10.521    10.721     1.9%    10.521    10.721     1.9%    26.594    12.143   -54.3%
               ('MedTerm', None)     0.633     0.718    13.4%     1.396     1.865    33.6%     2.043     4.796   134.8%     2.043     4.796   134.8%     3.594     7.920   120.4%
  ('MedTermDayTaxoFacets', None)    14.681    15.295     4.2%    20.078    21.112     5.1%    26.940    22.405   -16.8%    26.940    22.405   -16.8%    96.737    78.307   -19.1%
            ('OrHighHigh', None)     2.151     2.430    13.0%    11.670     8.015   -31.3%    16.467     9.173   -44.3%    16.467     9.173   -44.3%    32.169    29.600    -8.0%
             ('OrHighLow', None)     0.814     0.920    13.0%     2.443     1.487   -39.1%     5.406     2.198   -59.3%     5.406     2.198   -59.3%     6.553     3.533   -46.1%
             ('OrHighMed', None)     1.161     1.203     3.6%     2.190     3.410    55.7%     3.594     4.619    28.5%     3.594     4.619    28.5%    51.888    22.944   -55.8%
('OrHighMedDayTaxoFacets', None)    27.267    23.413   -14.1%    68.653    99.996    45.7%   104.967   116.847    11.3%   104.967   116.847    11.3%   467.631   480.341     2.7%
         ('OrHighNotHigh', None)     1.402     1.234   -11.9%     6.738     2.926   -56.6%    18.977     7.609   -59.9%    18.977     7.609   -59.9%    22.941    12.647   -44.9%
          ('OrHighNotLow', None)     1.072     1.102     2.8%     2.927     4.718    61.2%    11.239     5.918   -47.3%    11.239     5.918   -47.3%    16.193    10.026   -38.1%
          ('OrHighNotMed', None)     1.174     1.175     0.2%     3.820     1.841   -51.8%    11.046     2.045   -81.5%    11.046     2.045   -81.5%    23.293     6.543   -71.9%
         ('OrNotHighHigh', None)     1.128     1.083    -4.0%     2.514     2.809    11.7%     5.092     4.071   -20.0%     5.092     4.071   -20.0%    14.369     5.482   -61.8%
          ('OrNotHighLow', None)     0.672     0.759    13.0%     2.122     2.885    36.0%     5.033     4.945    -1.7%     5.033     4.945    -1.7%     7.274     5.088   -30.1%
          ('OrNotHighMed', None)     1.110     1.114     0.4%     2.581     3.767    45.9%     8.163     7.966    -2.4%     8.163     7.966    -2.4%    58.274    40.845   -29.9%
                   ('PKLookup',)     4.917     5.444    10.7%    10.306     8.210   -20.3%    15.550    10.156   -34.7%    15.550    10.156   -34.7%    29.988    24.104   -19.6%
               ('Prefix3', None)     0.887     1.592    79.5%     3.188     4.744    48.8%     6.085     7.819    28.5%     6.085     7.819    28.5%    14.819    16.277     9.8%
                    ('Respell',)    15.389    14.935    -2.9%    27.181    22.403   -17.6%    35.852    40.970    14.3%    35.852    40.970    14.3%    73.055    76.867     5.2%
('TermDateTimeSort', 'DateTime')     2.335     2.296    -1.7%     6.059     7.035    16.1%     7.225     8.075    11.8%     7.225     8.075    11.8%    51.610    72.211    39.9%
              ('Wildcard', None)     5.283     5.080    -3.8%    16.648    15.072    -9.5%    27.000    33.799    25.2%    27.000    33.799    25.2%    41.328    55.846    35.1%
                 ('range', None)     0.215     0.188   -12.4%     0.598     0.698    16.6%     0.725     0.718    -1.1%     0.725     0.718    -1.1%     5.823     1.433   -75.4%
                            Task    QPS armA      StdDev    QPS armK      StdDev                Pct diff p-value
                      AndHighLow     2199.02      (7.5%)     1760.95      (3.7%)  -19.9% ( -28% -   -9%) 0.000
                         LowTerm     2410.12      (8.3%)     2114.34      (5.4%)  -12.3% ( -23% -    1%) 0.000
                       OrHighLow     1253.62      (4.0%)     1125.77      (4.6%)  -10.2% ( -18% -   -1%) 0.000
                       OrHighMed      920.51      (6.7%)      834.77      (7.6%)   -9.3% ( -22% -    5%) 0.000
                    OrNotHighLow     1486.74      (6.7%)     1351.59      (8.0%)   -9.1% ( -22% -    6%) 0.000
                         MedTerm     1627.14      (8.2%)     1483.26      (5.5%)   -8.8% ( -20% -    5%) 0.000
                   OrNotHighHigh      978.67      (6.2%)      901.49      (7.3%)   -7.9% ( -20% -    6%) 0.000
                      AndHighMed      876.92      (5.9%)      808.77      (5.3%)   -7.8% ( -17% -    3%) 0.000
                  AndMissingHigh     3421.75      (6.3%)     3159.09      (7.2%)   -7.7% ( -19% -    6%) 0.001
                     AndHighHigh      631.93     (11.1%)      587.25      (7.5%)   -7.1% ( -23% -   12%) 0.025
                    OrHighNotLow     1092.20      (8.8%)     1018.55      (9.9%)   -6.7% ( -23% -   13%) 0.031
                        HighTerm     1491.74      (7.7%)     1397.05      (5.5%)   -6.3% ( -18% -    7%) 0.004
                        PKLookup      220.27     (12.3%)      207.23      (9.2%)   -5.9% ( -24% -   17%) 0.102
                    OrNotHighMed      913.07      (5.6%)      863.59      (7.4%)   -5.4% ( -17% -    8%) 0.014
                   OrHighNotHigh      830.45     (12.3%)      786.42     (10.5%)   -5.3% ( -25% -   19%) 0.165
                 MedSloppyPhrase      455.54      (7.5%)      432.40      (8.4%)   -5.1% ( -19% -   11%) 0.056
                       LowPhrase      566.65      (5.0%)      538.86      (8.9%)   -4.9% ( -17% -    9%) 0.042
               HighTermTitleSort      118.18      (7.3%)      112.94      (7.8%)   -4.4% ( -18% -   11%) 0.078
                    OrHighNotMed      926.36     (10.0%)      890.85      (8.0%)   -3.8% ( -19% -   15%) 0.206
       BrowseDayOfYearSSDVFacets       16.47     (13.3%)       15.85     (12.0%)   -3.8% ( -25% -   24%) 0.369
                         Prefix3     1269.77      (8.4%)     1222.15      (5.9%)   -3.8% ( -16% -   11%) 0.121
                 LowSloppyPhrase      282.15      (6.6%)      271.63      (4.8%)   -3.7% ( -14% -    8%) 0.053
                       MedPhrase      323.16      (4.9%)      311.47      (4.1%)   -3.6% ( -12% -    5%) 0.017
                HighSloppyPhrase      147.17      (5.4%)      141.98      (4.2%)   -3.5% ( -12% -    6%) 0.029
                       ConstMSM2     1522.43      (8.9%)     1472.33      (7.5%)   -3.3% ( -18% -   14%) 0.231
                    HighSpanNear      165.09      (4.3%)      159.83      (4.4%)   -3.2% ( -11% -    5%) 0.027
                      HighPhrase      253.19      (6.8%)      245.29      (6.1%)   -3.1% ( -15% -   10%) 0.150
                        BM25MSM2       46.81      (7.7%)       45.40      (6.0%)   -3.0% ( -15% -   11%) 0.190
                      OrHighHigh      464.56      (8.2%)      451.11      (5.2%)   -2.9% ( -15% -   11%) 0.205
            MedTermDayTaxoFacets       68.85      (5.2%)       66.93      (6.1%)   -2.8% ( -13% -    8%) 0.140
               HighTermMonthSort     1506.46      (7.3%)     1473.00      (7.6%)   -2.2% ( -15% -   13%) 0.371
                     MedSpanNear      199.22      (5.4%)      194.86      (4.6%)   -2.2% ( -11% -    8%) 0.191
                          Fuzzy1      118.91      (7.1%)      116.67      (4.6%)   -1.9% ( -12% -   10%) 0.344
                          Fuzzy2       79.56      (6.8%)       78.34      (5.4%)   -1.5% ( -12% -   11%) 0.454
        AndHighHighDayTaxoFacets       69.12      (4.2%)       68.15      (5.3%)   -1.4% ( -10% -    8%) 0.383
                         Respell       71.40      (6.7%)       70.72      (6.0%)   -1.0% ( -12% -   12%) 0.651
                          IntNRQ     1184.88      (7.7%)     1175.74     (11.4%)   -0.8% ( -18% -   19%) 0.812
                     LowSpanNear      226.13      (8.5%)      224.51      (5.0%)   -0.7% ( -13% -   13%) 0.758
                      TermDTSort      441.67      (5.3%)      439.17      (4.1%)   -0.6% (  -9% -    9%) 0.719
             LowIntervalsOrdered      137.77      (7.5%)      137.09      (6.6%)   -0.5% ( -13% -   14%) 0.833
           HighTermDayOfYearSort      520.94      (7.3%)      518.93      (7.7%)   -0.4% ( -14% -   15%) 0.877
         AndHighMedDayTaxoFacets       79.53      (2.6%)       79.28      (2.6%)   -0.3% (  -5% -    5%) 0.714
     BrowseRandomLabelSSDVFacets       11.09      (5.9%)       11.12      (7.7%)    0.3% ( -12% -   14%) 0.888
            HighIntervalsOrdered       63.04      (6.7%)       63.27      (5.3%)    0.4% ( -10% -   13%) 0.851
           BrowseMonthSSDVFacets       16.38     (13.2%)       16.45     (13.8%)    0.5% ( -23% -   31%) 0.917
            HighTermTitleBDVSort       56.74      (5.4%)       57.24      (3.9%)    0.9% (  -8% -   10%) 0.571
                        Wildcard      195.45      (2.3%)      197.27      (2.6%)    0.9% (  -3% -    5%) 0.253
                           range     5736.56     (11.6%)     5843.42      (9.2%)    1.9% ( -16% -   25%) 0.594
             MedIntervalsOrdered       73.43      (6.5%)       74.84      (5.0%)    1.9% (  -8% -   14%) 0.320
            BrowseDateSSDVFacets        2.88      (6.5%)        2.94      (5.5%)    2.0% (  -9% -   14%) 0.309
           BrowseMonthTaxoFacets       37.67     (24.8%)       38.44     (19.1%)    2.0% ( -33% -   61%) 0.782
                          IntSet      660.06     (11.9%)      678.73      (5.2%)    2.8% ( -12% -   22%) 0.356
          OrHighMedDayTaxoFacets       38.43      (7.3%)       40.01     (10.8%)    4.1% ( -12% -   23%) 0.178
     BrowseRandomLabelTaxoFacets       12.51      (4.6%)       13.31     (31.2%)    6.4% ( -28% -   44%) 0.391
            BrowseDateTaxoFacets       15.16      (6.3%)       16.39     (44.0%)    8.1% ( -39% -   62%) 0.438
       BrowseDayOfYearTaxoFacets       15.68      (3.9%)       17.23     (43.3%)    9.9% ( -35% -   59%) 0.334
  iter 18
    armK:
      NOTE: using experimental CPU time profiler (see https://mostlynerdless.de/blog/2025/06/11/java-25s-new-cpu-time-profiler-1)
      log: /home/goankur/vsearch/logs/FAK.armK.18 + stdout
      run: /usr/bin/perf stat -dd -e task-clock,cycles,instructions,cache-references,cache-misses,L1-dcache-loads,L1-dcache-load-misses,L1-icache-loads,L1-icache-load-misses,LLC-loads,LLC-load-misses,LLC-stores,LLC-store-misses,LLC-prefetches,LLC-prefetch-misses,faults,minor-faults,major-faults,branches,branch-misses,stalled-cycles-frontend,stalled-cycles-backend /home/goankur/jdk/corretto-25/bin/java -server -Xms2g -Xmx2g --add-modules jdk.incubator.vector -XX:+HeapDumpOnOutOfMemoryError -XX:+UseParallelGC -XX:StartFlightRecording=jdk.CPUTimeSample#enabled=true,dumponexit=true,maxsize=250M,settings=/home/goankur/vsearch/util/src/python/profiling.jfc,filename=/home/goankur/vsearch/logs/bench-search-FAK-armK-18.jfr -XX:+UnlockDiagnosticVMOptions -XX:+DebugNonSafepoints -classpath /home/goankur/vsearch/bo/lucene-K/lucene/core/build/libs/lucene-core-11.0.0-SNAPSHOT.jar:/home/goankur/vsearch/bo/lucene-K/lucene/sandbox/build/classes/java/main:/home/goankur/vsearch/bo/lucene-K/lucene/misc/build/classes/java/main:/home/goankur/vsearch/bo/lucene-K/lucene/facet/build/classes/java/main:/home/goankur/vsearch/bo/lucene-K/lucene/analysis/common/build/classes/java/main:/home/goankur/vsearch/bo/lucene-K/lucene/analysis/icu/build/classes/java/main:/home/goankur/vsearch/bo/lucene-K/lucene/queryparser/build/classes/java/main:/home/goankur/vsearch/bo/lucene-K/lucene/grouping/build/classes/java/main:/home/goankur/vsearch/bo/lucene-K/lucene/suggest/build/classes/java/main:/home/goankur/vsearch/bo/lucene-K/lucene/highlighter/build/classes/java/main:/home/goankur/vsearch/bo/lucene-K/lucene/codecs/build/classes/java/main:/home/goankur/vsearch/bo/lucene-K/lucene/queries/build/classes/java/main:/home/goankur/vsearch/bo/lucene-K/lucene/join/build/classes/java/main:/home/goankur/vsearch/bo/lucene-K/lucene/spatial3d/build/classes/java/main:/home/goankur/vsearch/util/lib/HdrHistogram.jar:/home/goankur/vsearch/util/src/main/build/classes/java/main:/home/goankur/vsearch/util/build perf.SearchPerfTest -dirImpl MMapDirectory -indexPath /home/goankur/vsearch/indices/wikimedium10m.lucene-A.facets.taxonomy:Date.taxonomy:Month.taxonomy:DayOfYear.sortedset:Date.sortedset:Month.sortedset:DayOfYear.taxonomy:RandomLabel.sortedset:RandomLabel.Lucene90.Lucene104.dvfields.nd10M -facets taxonomy:Date;Date -facets taxonomy:Month;Month -facets taxonomy:DayOfYear;DayOfYear -facets sortedset:Date;Date -facets sortedset:Month;Month -facets sortedset:DayOfYear;DayOfYear -facets taxonomy:RandomLabel;RandomLabel -facets sortedset:RandomLabel;RandomLabel -analyzer StandardAnalyzer -taskSource /home/goankur/vsearch/util/tasks/wikimedium.10M.nostopwords.tasks -numConcurrentQueries 5 -taskRepeatCount 20 -field body -tasksPerCat 1 -searchConcurrency -1 -staticSeed 7331 -seed -9487334 -similarity BM25Similarity -commit multi -hiliteImpl FastVectorHighlighter -log /home/goankur/vsearch/logs/FAK.armK.18 -topN 100 -context  -pk -pollute
      9.3 s
      251.7 actual sustained QPS; -1.0 CPU cores used
    armA:
      NOTE: using experimental CPU time profiler (see https://mostlynerdless.de/blog/2025/06/11/java-25s-new-cpu-time-profiler-1)
      log: /home/goankur/vsearch/logs/FAK.armA.18 + stdout
      run: /usr/bin/perf stat -dd -e task-clock,cycles,instructions,cache-references,cache-misses,L1-dcache-loads,L1-dcache-load-misses,L1-icache-loads,L1-icache-load-misses,LLC-loads,LLC-load-misses,LLC-stores,LLC-store-misses,LLC-prefetches,LLC-prefetch-misses,faults,minor-faults,major-faults,branches,branch-misses,stalled-cycles-frontend,stalled-cycles-backend /home/goankur/jdk/corretto-25/bin/java -server -Xms2g -Xmx2g --add-modules jdk.incubator.vector -XX:+HeapDumpOnOutOfMemoryError -XX:+UseParallelGC -XX:StartFlightRecording=jdk.CPUTimeSample#enabled=true,dumponexit=true,maxsize=250M,settings=/home/goankur/vsearch/util/src/python/profiling.jfc,filename=/home/goankur/vsearch/logs/bench-search-FAK-armA-18.jfr -XX:+UnlockDiagnosticVMOptions -XX:+DebugNonSafepoints -classpath /home/goankur/vsearch/bo/lucene-A/lucene/core/build/libs/lucene-core-11.0.0-SNAPSHOT.jar:/home/goankur/vsearch/bo/lucene-A/lucene/sandbox/build/classes/java/main:/home/goankur/vsearch/bo/lucene-A/lucene/misc/build/classes/java/main:/home/goankur/vsearch/bo/lucene-A/lucene/facet/build/classes/java/main:/home/goankur/vsearch/bo/lucene-A/lucene/analysis/common/build/classes/java/main:/home/goankur/vsearch/bo/lucene-A/lucene/analysis/icu/build/classes/java/main:/home/goankur/vsearch/bo/lucene-A/lucene/queryparser/build/classes/java/main:/home/goankur/vsearch/bo/lucene-A/lucene/grouping/build/classes/java/main:/home/goankur/vsearch/bo/lucene-A/lucene/suggest/build/classes/java/main:/home/goankur/vsearch/bo/lucene-A/lucene/highlighter/build/classes/java/main:/home/goankur/vsearch/bo/lucene-A/lucene/codecs/build/classes/java/main:/home/goankur/vsearch/bo/lucene-A/lucene/queries/build/classes/java/main:/home/goankur/vsearch/bo/lucene-A/lucene/join/build/classes/java/main:/home/goankur/vsearch/bo/lucene-A/lucene/spatial3d/build/classes/java/main:/home/goankur/vsearch/util/lib/HdrHistogram.jar:/home/goankur/vsearch/util/src/main/build/classes/java/main:/home/goankur/vsearch/util/build perf.SearchPerfTest -dirImpl MMapDirectory -indexPath /home/goankur/vsearch/indices/wikimedium10m.lucene-A.facets.taxonomy:Date.taxonomy:Month.taxonomy:DayOfYear.sortedset:Date.sortedset:Month.sortedset:DayOfYear.taxonomy:RandomLabel.sortedset:RandomLabel.Lucene90.Lucene104.dvfields.nd10M -facets taxonomy:Date;Date -facets taxonomy:Month;Month -facets taxonomy:DayOfYear;DayOfYear -facets sortedset:Date;Date -facets sortedset:Month;Month -facets sortedset:DayOfYear;DayOfYear -facets taxonomy:RandomLabel;RandomLabel -facets sortedset:RandomLabel;RandomLabel -analyzer StandardAnalyzer -taskSource /home/goankur/vsearch/util/tasks/wikimedium.10M.nostopwords.tasks -numConcurrentQueries 5 -taskRepeatCount 20 -field body -tasksPerCat 1 -searchConcurrency -1 -staticSeed 7331 -seed -9487334 -similarity BM25Similarity -commit multi -hiliteImpl FastVectorHighlighter -log /home/goankur/vsearch/logs/FAK.armA.18 -topN 100 -context  -pk -pollute
      9.2 s
      241.4 actual sustained QPS; -1.0 CPU cores used

Report after iter 18:
QPSChart.supported == False
                            Task     P50 B     P50 C     Diff     P90 B     P90 C     Diff     P99 B     P99 C     Diff    P999 B    P999 C     Diff    P100 B    P100 C     Diff
           ('AndHighHigh', None)     1.897     1.698   -10.5%     5.153     4.068   -21.1%    13.760     8.124   -41.0%    13.760     8.124   -41.0%    29.030    12.685   -56.3%
('AndHighHighDayTaxoFacets', None)    14.329    14.751     2.9%    21.150    26.851    27.0%    23.586    31.041    31.6%    23.586    31.041    31.6%    25.311    32.234    27.4%
            ('AndHighLow', None)     0.512     0.665    29.9%     1.013     1.966    94.1%     1.166     3.199   174.3%     1.166     3.199   174.3%     1.886     6.111   224.0%
            ('AndHighMed', None)     1.263     1.359     7.6%     2.120     5.433   156.3%     7.395    11.170    51.0%     7.395    11.170    51.0%   235.328   211.734   -10.0%
('AndHighMedDayTaxoFacets', None)    13.142    12.930    -1.6%    17.365    19.198    10.6%    26.305    31.398    19.4%    26.305    31.398    19.4%    69.009   131.063    89.9%
     ('AndMissingHigh', 'Title')     0.318     0.320     0.5%     0.733     1.305    77.9%     0.901     5.713   534.2%     0.901     5.713   534.2%    20.744    21.754     4.9%
              ('BM25MSM2', None)    20.976    20.962    -0.1%    35.281    41.012    16.2%    63.187    49.375   -21.9%    63.187    49.375   -21.9%   190.901   152.023   -20.4%
  ('BrowseDateSSDVFacets', None)   380.230   365.809    -3.8%   419.568   436.449     4.0%   436.307   473.254     8.5%   436.307   473.254     8.5%   536.954   554.841     3.3%
  ('BrowseDateTaxoFacets', None)    72.909    61.744   -15.3%    87.926    77.622   -11.7%    89.326    81.366    -8.9%    89.326    81.366    -8.9%   268.848   127.144   -52.7%
('BrowseDayOfYearSSDVFacets', None)    78.257    50.203   -35.8%   101.265    56.041   -44.7%   122.339    60.830   -50.3%   122.339    60.830   -50.3%   246.413   267.278     8.5%
('BrowseDayOfYearTaxoFacets', None)    65.761    60.301    -8.3%    80.769    78.047    -3.4%    85.812    80.017    -6.8%    85.812    80.017    -6.8%   435.153   302.357   -30.5%
 ('BrowseMonthSSDVFacets', None)    51.617    75.076    45.4%    54.280    91.596    68.7%    57.188    98.468    72.2%    57.188    98.468    72.2%   108.592   134.521    23.9%
 ('BrowseMonthTaxoFacets', None)    24.565    28.615    16.5%    30.435    73.810   142.5%    76.303    78.518     2.9%    76.303    78.518     2.9%   106.403   224.878   111.3%
('BrowseRandomLabelSSDVFacets', None)    90.771   100.082    10.3%   123.347   143.008    15.9%   136.944   175.462    28.1%   136.944   175.462    28.1%   289.979   484.185    67.0%
('BrowseRandomLabelTaxoFacets', None)    89.651    89.043    -0.7%   114.961   101.060   -12.1%   142.840   108.648   -23.9%   142.840   108.648   -23.9%   317.334   169.729   -46.5%
             ('ConstMSM2', None)     0.644     0.622    -3.4%     1.828     1.927     5.4%     5.679     2.128   -62.5%     5.679     2.128   -62.5%    51.281    19.997   -61.0%
                ('Fuzzy1', None)     8.898     8.846    -0.6%    15.846    17.799    12.3%    18.239    29.788    63.3%    18.239    29.788    63.3%    33.399    51.007    52.7%
                ('Fuzzy2', None)    13.014    12.920    -0.7%    20.321    26.525    30.5%    29.363    27.804    -5.3%    29.363    27.804    -5.3%   160.606   146.738    -8.6%
  ('HighIntervalsOrdered', None)    16.395    15.505    -5.4%    27.637    26.192    -5.2%    34.898    29.930   -14.2%    34.898    29.930   -14.2%    39.619    39.165    -1.1%
            ('HighPhrase', None)     4.539     4.017   -11.5%    11.774     8.244   -30.0%    12.496     8.769   -29.8%    12.496     8.769   -29.8%    78.882    61.148   -22.5%
      ('HighSloppyPhrase', None)     6.916     6.883    -0.5%    13.345    15.467    15.9%    25.631    16.215   -36.7%    25.631    16.215   -36.7%   130.367    68.873   -47.2%
          ('HighSpanNear', None)     6.002     6.529     8.8%     8.382    14.783    76.4%    13.770    15.380    11.7%    13.770    15.380    11.7%    17.517    16.112    -8.0%
              ('HighTerm', None)     0.624     0.690    10.6%     1.172     1.672    42.7%     1.514     2.301    52.0%     1.514     2.301    52.0%     3.750     4.311    15.0%
('HighTermDayOfYearSort', 'DayOfYear')     2.301     1.853   -19.5%    10.127     8.672   -14.4%    10.860    11.118     2.4%    10.860    11.118     2.4%    29.497    48.263    63.6%
  ('HighTermMonthSort', 'Month')     0.629     0.680     8.1%     1.089     2.331   114.1%     6.378     2.447   -61.6%     6.378     2.447   -61.6%    41.673    37.570    -9.8%
('HighTermTitleBDVSort', 'TitleBinary')    19.089    18.033    -5.5%    27.792    31.745    14.2%    41.085    36.360   -11.5%    41.085    36.360   -11.5%    67.117    90.560    34.9%
  ('HighTermTitleSort', 'Title')     8.432     9.134     8.3%    20.214    21.987     8.8%    55.956    27.359   -51.1%    55.956    27.359   -51.1%    81.102    98.660    21.6%
                ('IntNRQ', None)     0.915     0.890    -2.8%     1.689     5.790   242.7%    15.144     9.532   -37.1%    15.144     9.532   -37.1%    55.773    69.899    25.3%
                ('IntSet', None)     1.599     1.696     6.1%     5.806     6.975    20.1%     6.186     8.372    35.3%     6.186     8.372    35.3%    32.963    28.536   -13.4%
   ('LowIntervalsOrdered', None)     7.495    10.140    35.3%    14.132    23.599    67.0%    33.263    25.936   -22.0%    33.263    25.936   -22.0%    79.076    98.086    24.0%
             ('LowPhrase', None)     2.175     2.611    20.1%     5.975     5.951    -0.4%     7.394     7.669     3.7%     7.394     7.669     3.7%    25.157     7.813   -68.9%
       ('LowSloppyPhrase', None)     3.460     4.197    21.3%     7.849     8.164     4.0%     7.971    14.156    77.6%     7.971    14.156    77.6%    62.459    24.477   -60.8%
           ('LowSpanNear', None)     4.021     5.263    30.9%     5.928     9.741    64.3%    12.187    19.163    57.2%    12.187    19.163    57.2%    27.594    19.559   -29.1%
               ('LowTerm', None)     0.400     0.515    28.6%     0.784     1.217    55.2%     1.335     1.392     4.3%     1.335     1.392     4.3%    23.045    35.880    55.7%
   ('MedIntervalsOrdered', None)    13.610    13.480    -1.0%    18.602    24.418    31.3%    20.216    32.131    58.9%    20.216    32.131    58.9%   311.177   287.363    -7.7%
             ('MedPhrase', None)     3.207     3.190    -0.5%     6.436     7.186    11.6%    13.921    16.093    15.6%    13.921    16.093    15.6%    28.671    70.280   145.1%
       ('MedSloppyPhrase', None)     2.326     2.493     7.2%     4.872     5.499    12.9%     5.608     9.825    75.2%     5.608     9.825    75.2%    48.404    38.337   -20.8%
           ('MedSpanNear', None)     5.133     5.161     0.6%    10.387    10.759     3.6%    10.523    12.168    15.6%    10.523    12.168    15.6%    91.774   108.738    18.5%
               ('MedTerm', None)     0.627     0.779    24.3%     1.357     1.330    -2.0%     4.036     1.483   -63.3%     4.036     1.483   -63.3%     6.424     4.203   -34.6%
  ('MedTermDayTaxoFacets', None)    16.087    14.651    -8.9%    20.086    19.155    -4.6%    54.982    58.345     6.1%    54.982    58.345     6.1%    85.659    72.282   -15.6%
            ('OrHighHigh', None)     2.218     2.184    -1.5%     3.493    10.615   203.9%     8.193    15.015    83.3%     8.193    15.015    83.3%    93.592   118.406    26.5%
             ('OrHighLow', None)     0.718     0.892    24.1%     1.603     1.753     9.3%     2.911     5.051    73.5%     2.911     5.051    73.5%     4.779     9.472    98.2%
             ('OrHighMed', None)     1.160     1.236     6.6%     1.665     3.680   121.0%     1.854     4.869   162.6%     1.854     4.869   162.6%     3.076    13.812   349.0%
('OrHighMedDayTaxoFacets', None)    24.643    26.054     5.7%    38.704    37.078    -4.2%   109.347   111.328     1.8%   109.347   111.328     1.8%   155.677   135.377   -13.0%
         ('OrHighNotHigh', None)     1.133     1.385    22.3%     2.136     5.516   158.2%    10.672     8.084   -24.2%    10.672     8.084   -24.2%    14.898    10.616   -28.7%
          ('OrHighNotLow', None)     1.062     1.047    -1.4%     3.213     4.164    29.6%     4.375     9.559   118.5%     4.375     9.559   118.5%    27.038    37.935    40.3%
          ('OrHighNotMed', None)     0.993     1.100    10.7%     2.979     3.651    22.5%     3.784    20.100   431.2%     3.784    20.100   431.2%   150.140   110.054   -26.7%
         ('OrNotHighHigh', None)     1.139     1.174     3.1%     2.169     5.394   148.7%     6.077     6.168     1.5%     6.077     6.168     1.5%     7.785     7.664    -1.6%
          ('OrNotHighLow', None)     0.743     0.865    16.5%     1.934     1.959     1.3%     2.113     2.410    14.1%     2.113     2.410    14.1%    23.588    17.673   -25.1%
          ('OrNotHighMed', None)     1.214     1.415    16.6%     2.927     2.667    -8.9%     3.516     2.774   -21.1%     3.516     2.774   -21.1%     8.896     5.537   -37.8%
                   ('PKLookup',)     4.876     5.073     4.0%     7.202     7.647     6.2%    10.238     7.813   -23.7%    10.238     7.813   -23.7%    14.335    15.545     8.4%
               ('Prefix3', None)     0.992     0.854   -13.9%     3.381     4.474    32.3%     7.818     6.584   -15.8%     7.818     6.584   -15.8%    17.260    29.032    68.2%
                    ('Respell',)    14.134    15.712    11.2%    23.497    27.051    15.1%    28.617    32.027    11.9%    28.617    32.027    11.9%    78.968   113.674    43.9%
('TermDateTimeSort', 'DateTime')     2.264     2.303     1.8%     6.022     7.043    17.0%    12.266     7.401   -39.7%    12.266     7.401   -39.7%   101.056    90.162   -10.8%
              ('Wildcard', None)     5.087     5.130     0.9%     9.571    18.467    92.9%    17.981    19.534     8.6%    17.981    19.534     8.6%   109.812   126.149    14.9%
                 ('range', None)     0.175     0.158   -10.0%     0.605     0.534   -11.7%     0.621     0.687    10.6%     0.621     0.687    10.6%     0.707     0.777     9.8%
                            Task    QPS armA      StdDev    QPS armK      StdDev                Pct diff p-value
                      AndHighLow     2189.70      (7.6%)     1755.46      (3.8%)  -19.8% ( -28% -   -9%) 0.000
                         LowTerm     2416.57      (8.1%)     2109.72      (5.3%)  -12.7% ( -24% -    0%) 0.000
                       OrHighLow     1262.27      (4.9%)     1127.27      (4.4%)  -10.7% ( -19% -   -1%) 0.000
                       OrHighMed      918.89      (6.5%)      833.96      (7.4%)   -9.2% ( -21% -    5%) 0.000
                         MedTerm     1630.58      (8.0%)     1483.70      (5.4%)   -9.0% ( -20% -    4%) 0.000
                    OrNotHighLow     1481.09      (6.7%)     1356.64      (8.0%)   -8.4% ( -21% -    6%) 0.000
                  AndMissingHigh     3439.70      (6.5%)     3171.86      (7.2%)   -7.8% ( -20% -    6%) 0.000
                   OrNotHighHigh      978.39      (6.1%)      902.75      (7.1%)   -7.7% ( -19% -    5%) 0.000
                      AndHighMed      875.97      (5.7%)      809.32      (5.2%)   -7.6% ( -17% -    3%) 0.000
                    OrHighNotLow     1090.78      (8.6%)     1018.42      (9.6%)   -6.6% ( -22% -   12%) 0.025
                        HighTerm     1500.37      (7.8%)     1401.15      (5.4%)   -6.6% ( -18% -    7%) 0.003
                     AndHighHigh      628.52     (11.1%)      588.17      (7.4%)   -6.4% ( -22% -   13%) 0.036
                        PKLookup      219.93     (12.0%)      207.28      (9.0%)   -5.8% ( -23% -   17%) 0.094
                    OrNotHighMed      909.99      (5.7%)      859.32      (7.5%)   -5.6% ( -17% -    8%) 0.010
                   OrHighNotHigh      834.97     (12.1%)      789.53     (10.3%)   -5.4% ( -24% -   19%) 0.136
                 MedSloppyPhrase      454.46      (7.4%)      430.98      (8.3%)   -5.2% ( -19% -   11%) 0.043
               HighTermTitleSort      118.69      (7.3%)      112.82      (7.6%)   -4.9% ( -18% -   10%) 0.041
                       LowPhrase      562.91      (5.7%)      536.71      (8.9%)   -4.7% ( -18% -   10%) 0.055
                 LowSloppyPhrase      282.87      (6.5%)      271.23      (4.7%)   -4.1% ( -14% -    7%) 0.025
                    OrHighNotMed      931.12     (10.0%)      895.61      (8.1%)   -3.8% ( -19% -   15%) 0.195
                         Prefix3     1267.14      (8.3%)     1221.65      (5.7%)   -3.6% ( -16% -   11%) 0.119
                       MedPhrase      322.77      (4.8%)      311.78      (4.0%)   -3.4% ( -11% -    5%) 0.018
                    HighSpanNear      165.26      (4.2%)      159.73      (4.2%)   -3.3% ( -11% -    5%) 0.014
                HighSloppyPhrase      147.25      (5.2%)      142.61      (4.5%)   -3.1% ( -12% -    6%) 0.047
                       ConstMSM2     1527.91      (8.8%)     1483.04      (7.9%)   -2.9% ( -18% -   15%) 0.278
                        BM25MSM2       46.88      (7.5%)       45.58      (6.1%)   -2.8% ( -15% -   11%) 0.210
                      HighPhrase      252.85      (6.7%)      245.89      (6.1%)   -2.8% ( -14% -   10%) 0.183
                      OrHighHigh      464.26      (7.9%)      451.72      (5.1%)   -2.7% ( -14% -   11%) 0.213
               HighTermMonthSort     1512.34      (7.3%)     1476.10      (7.4%)   -2.4% ( -15% -   13%) 0.314
            MedTermDayTaxoFacets       68.60      (5.3%)       67.03      (6.0%)   -2.3% ( -12% -    9%) 0.210
                     MedSpanNear      199.01      (5.3%)      194.97      (4.5%)   -2.0% ( -11% -    8%) 0.202
                          Fuzzy1      118.92      (6.9%)      116.53      (4.5%)   -2.0% ( -12% -   10%) 0.287
                     LowSpanNear      227.62      (8.7%)      223.87      (4.9%)   -1.6% ( -14% -   13%) 0.472
        AndHighHighDayTaxoFacets       69.20      (4.1%)       68.16      (5.2%)   -1.5% ( -10% -    8%) 0.325
           BrowseMonthSSDVFacets       16.55     (13.5%)       16.31     (13.8%)   -1.5% ( -25% -   29%) 0.739
                         Respell       71.71      (6.8%)       70.68      (5.8%)   -1.4% ( -13% -   11%) 0.480
                          Fuzzy2       79.65      (6.6%)       78.51      (5.4%)   -1.4% ( -12% -   11%) 0.467
       BrowseDayOfYearSSDVFacets       16.29     (13.9%)       16.09     (13.4%)   -1.2% ( -25% -   30%) 0.782
                          IntNRQ     1185.32      (7.5%)     1175.82     (11.1%)   -0.8% ( -18% -   19%) 0.794
                      TermDTSort      442.42      (5.2%)      439.14      (3.9%)   -0.7% (  -9% -    8%) 0.621
             LowIntervalsOrdered      137.72      (7.3%)      136.89      (6.4%)   -0.6% ( -13% -   14%) 0.786
     BrowseRandomLabelSSDVFacets       11.10      (5.7%)       11.07      (7.7%)   -0.3% ( -12% -   13%) 0.904
         AndHighMedDayTaxoFacets       79.39      (2.7%)       79.21      (2.5%)   -0.2% (  -5% -    5%) 0.791
           HighTermDayOfYearSort      519.06      (7.3%)      521.52      (7.8%)    0.5% ( -13% -   16%) 0.847
            HighIntervalsOrdered       62.95      (6.5%)       63.43      (5.3%)    0.8% ( -10% -   13%) 0.693
                        Wildcard      195.66      (2.3%)      197.29      (2.5%)    0.8% (  -3% -    5%) 0.284
            HighTermTitleBDVSort       56.63      (5.3%)       57.17      (3.8%)    1.0% (  -7% -   10%) 0.526
           BrowseMonthTaxoFacets       37.84     (24.0%)       38.41     (18.5%)    1.5% ( -33% -   58%) 0.827
             MedIntervalsOrdered       73.47      (6.3%)       74.86      (4.8%)    1.9% (  -8% -   13%) 0.302
            BrowseDateSSDVFacets        2.87      (6.5%)        2.93      (5.6%)    2.1% (  -9% -   15%) 0.296
                           range     5760.34     (11.4%)     5885.95      (9.5%)    2.2% ( -16% -   25%) 0.521
                          IntSet      663.30     (11.7%)      678.30      (5.0%)    2.3% ( -12% -   21%) 0.440
          OrHighMedDayTaxoFacets       38.58      (7.3%)       39.93     (10.5%)    3.5% ( -13% -   22%) 0.232
     BrowseRandomLabelTaxoFacets       12.45      (4.9%)       13.21     (30.6%)    6.1% ( -28% -   43%) 0.394
            BrowseDateTaxoFacets       15.09      (6.4%)       16.38     (43.0%)    8.5% ( -38% -   61%) 0.394
       BrowseDayOfYearTaxoFacets       15.68      (3.8%)       17.21     (42.1%)    9.7% ( -34% -   57%) 0.315
  iter 19
    armA:
      NOTE: using experimental CPU time profiler (see https://mostlynerdless.de/blog/2025/06/11/java-25s-new-cpu-time-profiler-1)
      log: /home/goankur/vsearch/logs/FAK.armA.19 + stdout
      run: /usr/bin/perf stat -dd -e task-clock,cycles,instructions,cache-references,cache-misses,L1-dcache-loads,L1-dcache-load-misses,L1-icache-loads,L1-icache-load-misses,LLC-loads,LLC-load-misses,LLC-stores,LLC-store-misses,LLC-prefetches,LLC-prefetch-misses,faults,minor-faults,major-faults,branches,branch-misses,stalled-cycles-frontend,stalled-cycles-backend /home/goankur/jdk/corretto-25/bin/java -server -Xms2g -Xmx2g --add-modules jdk.incubator.vector -XX:+HeapDumpOnOutOfMemoryError -XX:+UseParallelGC -XX:StartFlightRecording=jdk.CPUTimeSample#enabled=true,dumponexit=true,maxsize=250M,settings=/home/goankur/vsearch/util/src/python/profiling.jfc,filename=/home/goankur/vsearch/logs/bench-search-FAK-armA-19.jfr -XX:+UnlockDiagnosticVMOptions -XX:+DebugNonSafepoints -classpath /home/goankur/vsearch/bo/lucene-A/lucene/core/build/libs/lucene-core-11.0.0-SNAPSHOT.jar:/home/goankur/vsearch/bo/lucene-A/lucene/sandbox/build/classes/java/main:/home/goankur/vsearch/bo/lucene-A/lucene/misc/build/classes/java/main:/home/goankur/vsearch/bo/lucene-A/lucene/facet/build/classes/java/main:/home/goankur/vsearch/bo/lucene-A/lucene/analysis/common/build/classes/java/main:/home/goankur/vsearch/bo/lucene-A/lucene/analysis/icu/build/classes/java/main:/home/goankur/vsearch/bo/lucene-A/lucene/queryparser/build/classes/java/main:/home/goankur/vsearch/bo/lucene-A/lucene/grouping/build/classes/java/main:/home/goankur/vsearch/bo/lucene-A/lucene/suggest/build/classes/java/main:/home/goankur/vsearch/bo/lucene-A/lucene/highlighter/build/classes/java/main:/home/goankur/vsearch/bo/lucene-A/lucene/codecs/build/classes/java/main:/home/goankur/vsearch/bo/lucene-A/lucene/queries/build/classes/java/main:/home/goankur/vsearch/bo/lucene-A/lucene/join/build/classes/java/main:/home/goankur/vsearch/bo/lucene-A/lucene/spatial3d/build/classes/java/main:/home/goankur/vsearch/util/lib/HdrHistogram.jar:/home/goankur/vsearch/util/src/main/build/classes/java/main:/home/goankur/vsearch/util/build perf.SearchPerfTest -dirImpl MMapDirectory -indexPath /home/goankur/vsearch/indices/wikimedium10m.lucene-A.facets.taxonomy:Date.taxonomy:Month.taxonomy:DayOfYear.sortedset:Date.sortedset:Month.sortedset:DayOfYear.taxonomy:RandomLabel.sortedset:RandomLabel.Lucene90.Lucene104.dvfields.nd10M -facets taxonomy:Date;Date -facets taxonomy:Month;Month -facets taxonomy:DayOfYear;DayOfYear -facets sortedset:Date;Date -facets sortedset:Month;Month -facets sortedset:DayOfYear;DayOfYear -facets taxonomy:RandomLabel;RandomLabel -facets sortedset:RandomLabel;RandomLabel -analyzer StandardAnalyzer -taskSource /home/goankur/vsearch/util/tasks/wikimedium.10M.nostopwords.tasks -numConcurrentQueries 5 -taskRepeatCount 20 -field body -tasksPerCat 1 -searchConcurrency -1 -staticSeed 7331 -seed -9484423 -similarity BM25Similarity -commit multi -hiliteImpl FastVectorHighlighter -log /home/goankur/vsearch/logs/FAK.armA.19 -topN 100 -context  -pk -pollute
      9.8 s
      246.0 actual sustained QPS; -1.0 CPU cores used
    armK:
      NOTE: using experimental CPU time profiler (see https://mostlynerdless.de/blog/2025/06/11/java-25s-new-cpu-time-profiler-1)
      log: /home/goankur/vsearch/logs/FAK.armK.19 + stdout
      run: /usr/bin/perf stat -dd -e task-clock,cycles,instructions,cache-references,cache-misses,L1-dcache-loads,L1-dcache-load-misses,L1-icache-loads,L1-icache-load-misses,LLC-loads,LLC-load-misses,LLC-stores,LLC-store-misses,LLC-prefetches,LLC-prefetch-misses,faults,minor-faults,major-faults,branches,branch-misses,stalled-cycles-frontend,stalled-cycles-backend /home/goankur/jdk/corretto-25/bin/java -server -Xms2g -Xmx2g --add-modules jdk.incubator.vector -XX:+HeapDumpOnOutOfMemoryError -XX:+UseParallelGC -XX:StartFlightRecording=jdk.CPUTimeSample#enabled=true,dumponexit=true,maxsize=250M,settings=/home/goankur/vsearch/util/src/python/profiling.jfc,filename=/home/goankur/vsearch/logs/bench-search-FAK-armK-19.jfr -XX:+UnlockDiagnosticVMOptions -XX:+DebugNonSafepoints -classpath /home/goankur/vsearch/bo/lucene-K/lucene/core/build/libs/lucene-core-11.0.0-SNAPSHOT.jar:/home/goankur/vsearch/bo/lucene-K/lucene/sandbox/build/classes/java/main:/home/goankur/vsearch/bo/lucene-K/lucene/misc/build/classes/java/main:/home/goankur/vsearch/bo/lucene-K/lucene/facet/build/classes/java/main:/home/goankur/vsearch/bo/lucene-K/lucene/analysis/common/build/classes/java/main:/home/goankur/vsearch/bo/lucene-K/lucene/analysis/icu/build/classes/java/main:/home/goankur/vsearch/bo/lucene-K/lucene/queryparser/build/classes/java/main:/home/goankur/vsearch/bo/lucene-K/lucene/grouping/build/classes/java/main:/home/goankur/vsearch/bo/lucene-K/lucene/suggest/build/classes/java/main:/home/goankur/vsearch/bo/lucene-K/lucene/highlighter/build/classes/java/main:/home/goankur/vsearch/bo/lucene-K/lucene/codecs/build/classes/java/main:/home/goankur/vsearch/bo/lucene-K/lucene/queries/build/classes/java/main:/home/goankur/vsearch/bo/lucene-K/lucene/join/build/classes/java/main:/home/goankur/vsearch/bo/lucene-K/lucene/spatial3d/build/classes/java/main:/home/goankur/vsearch/util/lib/HdrHistogram.jar:/home/goankur/vsearch/util/src/main/build/classes/java/main:/home/goankur/vsearch/util/build perf.SearchPerfTest -dirImpl MMapDirectory -indexPath /home/goankur/vsearch/indices/wikimedium10m.lucene-A.facets.taxonomy:Date.taxonomy:Month.taxonomy:DayOfYear.sortedset:Date.sortedset:Month.sortedset:DayOfYear.taxonomy:RandomLabel.sortedset:RandomLabel.Lucene90.Lucene104.dvfields.nd10M -facets taxonomy:Date;Date -facets taxonomy:Month;Month -facets taxonomy:DayOfYear;DayOfYear -facets sortedset:Date;Date -facets sortedset:Month;Month -facets sortedset:DayOfYear;DayOfYear -facets taxonomy:RandomLabel;RandomLabel -facets sortedset:RandomLabel;RandomLabel -analyzer StandardAnalyzer -taskSource /home/goankur/vsearch/util/tasks/wikimedium.10M.nostopwords.tasks -numConcurrentQueries 5 -taskRepeatCount 20 -field body -tasksPerCat 1 -searchConcurrency -1 -staticSeed 7331 -seed -9484423 -similarity BM25Similarity -commit multi -hiliteImpl FastVectorHighlighter -log /home/goankur/vsearch/logs/FAK.armK.19 -topN 100 -context  -pk -pollute
      9.5 s
      242.2 actual sustained QPS; -1.0 CPU cores used

Report after iter 19:
QPSChart.supported == False
                            Task     P50 B     P50 C     Diff     P90 B     P90 C     Diff     P99 B     P99 C     Diff    P999 B    P999 C     Diff    P100 B    P100 C     Diff
           ('AndHighHigh', None)     1.440     1.603    11.3%    10.273     3.959   -61.5%    11.908     5.671   -52.4%    11.908     5.671   -52.4%    36.179    40.430    11.8%
('AndHighHighDayTaxoFacets', None)    14.946    15.273     2.2%    19.451    25.190    29.5%    24.314    33.938    39.6%    24.314    33.938    39.6%   463.377   496.198     7.1%
            ('AndHighLow', None)     0.514     0.532     3.4%     1.574     1.255   -20.2%     1.912     1.260   -34.1%     1.912     1.260   -34.1%     2.421     1.996   -17.6%
            ('AndHighMed', None)     1.158     1.300    12.3%     3.258     4.058    24.6%     4.553     4.328    -4.9%     4.553     4.328    -4.9%    11.436    20.695    81.0%
('AndHighMedDayTaxoFacets', None)    12.459    12.645     1.5%    17.913    20.452    14.2%    32.438    31.578    -2.7%    32.438    31.578    -2.7%    36.474    32.208   -11.7%
     ('AndMissingHigh', 'Title')     0.286     0.328    14.5%     0.781     0.822     5.3%     0.819     1.294    58.0%     0.819     1.294    58.0%     1.666     1.441   -13.5%
              ('BM25MSM2', None)    23.849    20.913   -12.3%    44.981    40.274   -10.5%    51.110    56.096     9.8%    51.110    56.096     9.8%   235.116   285.979    21.6%
  ('BrowseDateSSDVFacets', None)   360.487   375.773     4.2%   467.738   431.710    -7.7%   474.587   459.677    -3.1%   474.587   459.677    -3.1%   590.256   549.602    -6.9%
  ('BrowseDateTaxoFacets', None)    66.155    65.557    -0.9%    75.476    72.198    -4.3%    76.703    73.796    -3.8%    76.703    73.796    -3.8%    79.406    75.124    -5.4%
('BrowseDayOfYearSSDVFacets', None)    65.497    64.770    -1.1%    86.230    88.094     2.2%    90.222    90.580     0.4%    90.222    90.580     0.4%   207.308   248.303    19.8%
('BrowseDayOfYearTaxoFacets', None)    64.601    59.412    -8.0%    80.396    71.729   -10.8%    83.559    73.966   -11.5%    83.559    73.966   -11.5%   258.904   204.847   -20.9%
 ('BrowseMonthSSDVFacets', None)    62.174    63.991     2.9%    81.177    86.878     7.0%    82.502    93.612    13.5%    82.502    93.612    13.5%   100.372   102.873     2.5%
 ('BrowseMonthTaxoFacets', None)    71.745    23.132   -67.8%    78.547    74.476    -5.2%    80.424    81.284     1.1%    80.424    81.284     1.1%   271.812   172.102   -36.7%
('BrowseRandomLabelSSDVFacets', None)    90.045    90.512     0.5%   125.688   147.609    17.4%   136.437   156.687    14.8%   136.437   156.687    14.8%   188.916   179.914    -4.8%
('BrowseRandomLabelTaxoFacets', None)    81.303    74.758    -8.1%    94.875    99.526     4.9%   101.230    99.992    -1.2%   101.230    99.992    -1.2%   378.509   366.040    -3.3%
             ('ConstMSM2', None)     0.716     0.725     1.3%     1.794     2.013    12.2%     2.315    19.336   735.4%     2.315    19.336   735.4%    38.985    48.719    25.0%
                ('Fuzzy1', None)     9.232     8.944    -3.1%    14.149    16.630    17.5%    15.038    24.130    60.5%    15.038    24.130    60.5%    45.603    83.146    82.3%
                ('Fuzzy2', None)    13.861    13.424    -3.1%    33.323    37.990    14.0%    51.875    56.226     8.4%    51.875    56.226     8.4%   117.784   142.903    21.3%
  ('HighIntervalsOrdered', None)    15.768    15.314    -2.9%    27.804    26.521    -4.6%    27.917    39.503    41.5%    27.917    39.503    41.5%   211.605   324.339    53.3%
            ('HighPhrase', None)     4.682     3.928   -16.1%    11.703     9.639   -17.6%    18.234    11.847   -35.0%    18.234    11.847   -35.0%    36.819    57.188    55.3%
      ('HighSloppyPhrase', None)     6.459     6.528     1.1%    15.417    26.259    70.3%    16.545    27.031    63.4%    16.545    27.031    63.4%   125.875   144.048    14.4%
          ('HighSpanNear', None)     6.114     6.718     9.9%    12.010    14.014    16.7%    29.023    14.670   -49.5%    29.023    14.670   -49.5%    34.074    39.022    14.5%
              ('HighTerm', None)     0.625     0.640     2.4%     1.502     1.124   -25.2%     2.964     1.547   -47.8%     2.964     1.547   -47.8%    13.359     6.094   -54.4%
('HighTermDayOfYearSort', 'DayOfYear')     2.026     2.119     4.5%    15.604     8.868   -43.2%    21.144    10.091   -52.3%    21.144    10.091   -52.3%   159.486   166.302     4.3%
  ('HighTermMonthSort', 'Month')     0.725     0.729     0.5%     1.741     2.152    23.6%     2.111     4.708   123.0%     2.111     4.708   123.0%     5.210     6.738    29.3%
('HighTermTitleBDVSort', 'TitleBinary')    18.177    18.624     2.5%    31.943    36.569    14.5%    34.808    40.212    15.5%    34.808    40.212    15.5%   170.604   141.482   -17.1%
  ('HighTermTitleSort', 'Title')     9.166    10.585    15.5%    25.976    19.054   -26.6%    34.018    35.293     3.7%    34.018    35.293     3.7%    88.703    89.851     1.3%
                ('IntNRQ', None)     0.919     0.880    -4.2%     3.398     2.566   -24.5%     4.017    21.046   423.9%     4.017    21.046   423.9%    87.306    86.719    -0.7%
                ('IntSet', None)     1.588     1.700     7.1%     6.178     4.417   -28.5%    12.450     9.592   -22.9%    12.450     9.592   -22.9%    56.141    41.434   -26.2%
   ('LowIntervalsOrdered', None)     9.715     9.721     0.1%    18.091    12.517   -30.8%    19.092    18.080    -5.3%    19.092    18.080    -5.3%    72.646   105.209    44.8%
             ('LowPhrase', None)     1.656     1.856    12.1%     5.523     5.293    -4.2%     7.352     7.067    -3.9%     7.352     7.067    -3.9%    27.539    30.287    10.0%
       ('LowSloppyPhrase', None)     3.621     3.555    -1.8%     9.921     8.487   -14.4%    12.656     8.726   -31.1%    12.656     8.726   -31.1%    16.213    12.188   -24.8%
           ('LowSpanNear', None)     4.399     4.744     7.8%     7.804     9.512    21.9%    10.006    14.793    47.8%    10.006    14.793    47.8%    65.662    68.561     4.4%
               ('LowTerm', None)     0.397     0.484    22.1%     1.203     1.412    17.4%     1.436     1.436    -0.0%     1.436     1.436    -0.0%     8.090     2.423   -70.0%
   ('MedIntervalsOrdered', None)    14.028    14.201     1.2%    24.959    24.962     0.0%    26.739    25.278    -5.5%    26.739    25.278    -5.5%    59.921    97.147    62.1%
             ('MedPhrase', None)     3.067     3.896    27.0%     8.655     9.694    12.0%    11.849    13.857    16.9%    11.849    13.857    16.9%    13.204    26.968   104.2%
       ('MedSloppyPhrase', None)     2.207     2.463    11.6%     6.369     6.952     9.2%     8.983    10.287    14.5%     8.983    10.287    14.5%     9.372    13.269    41.6%
           ('MedSpanNear', None)     5.086     5.122     0.7%    12.238    12.005    -1.9%    17.509    25.414    45.1%    17.509    25.414    45.1%    47.155    50.524     7.1%
               ('MedTerm', None)     0.696     0.841    20.8%     1.331     1.458     9.5%     4.902     1.844   -62.4%     4.902     1.844   -62.4%     6.132     2.443   -60.2%
  ('MedTermDayTaxoFacets', None)    14.869    14.564    -2.1%    20.900    19.281    -7.7%    23.328    22.618    -3.0%    23.328    22.618    -3.0%   278.321   294.849     5.9%
            ('OrHighHigh', None)     2.109     2.426    15.0%     4.085     4.786    17.2%     5.885    14.595   148.0%     5.885    14.595   148.0%   154.664   179.554    16.1%
             ('OrHighLow', None)     0.820     0.870     6.1%     2.258     2.569    13.8%     8.606     3.257   -62.2%     8.606     3.257   -62.2%    11.897     5.979   -49.7%
             ('OrHighMed', None)     1.142     1.134    -0.7%     3.195     2.551   -20.2%     6.257     2.889   -53.8%     6.257     2.889   -53.8%    22.212    16.532   -25.6%
('OrHighMedDayTaxoFacets', None)    24.676    24.324    -1.4%    45.999    46.940     2.0%    95.979   152.816    59.2%    95.979   152.816    59.2%   161.223   232.312    44.1%
         ('OrHighNotHigh', None)     1.437     1.288   -10.4%     5.498     4.026   -26.8%    12.550     7.502   -40.2%    12.550     7.502   -40.2%   175.967   162.882    -7.4%
          ('OrHighNotLow', None)     1.036     0.971    -6.3%     4.608     3.494   -24.2%     7.335     3.973   -45.8%     7.335     3.973   -45.8%    11.305     6.023   -46.7%
          ('OrHighNotMed', None)     1.179     1.474    25.0%     2.140     3.633    69.8%     3.679     5.939    61.4%     3.679     5.939    61.4%     7.071     6.337   -10.4%
         ('OrNotHighHigh', None)     0.982     1.046     6.5%     3.591     3.050   -15.1%     6.137     3.256   -46.9%     6.137     3.256   -46.9%     8.121     9.957    22.6%
          ('OrNotHighLow', None)     0.590     0.778    31.8%     2.011     2.661    32.3%     2.147     3.207    49.4%     2.147     3.207    49.4%   153.416   151.824    -1.0%
          ('OrNotHighMed', None)     1.172     1.319    12.6%     3.260     2.736   -16.1%     4.237     5.245    23.8%     4.237     5.245    23.8%    12.002     8.380   -30.2%
                   ('PKLookup',)     5.291     5.387     1.8%     9.122     8.346    -8.5%    18.731    14.374   -23.3%    18.731    14.374   -23.3%    45.694    40.065   -12.3%
               ('Prefix3', None)     0.842     0.822    -2.4%     3.707     3.688    -0.5%    12.801     5.751   -55.1%    12.801     5.751   -55.1%    50.996    29.953   -41.3%
                    ('Respell',)    14.027    14.011    -0.1%    28.401    23.087   -18.7%    40.856    43.556     6.6%    40.856    43.556     6.6%    82.870   121.456    46.6%
('TermDateTimeSort', 'DateTime')     2.466     2.586     4.9%     7.081     9.274    31.0%     7.607    10.455    37.4%     7.607    10.455    37.4%    46.627    46.403    -0.5%
              ('Wildcard', None)     5.138     5.156     0.3%    13.884    15.945    14.8%    17.629    22.282    26.4%    17.629    22.282    26.4%    41.199    60.927    47.9%
                 ('range', None)     0.191     0.211    10.5%     0.419     0.441     5.3%     1.017     0.890   -12.5%     1.017     0.890   -12.5%     4.110     1.393   -66.1%
                            Task    QPS armA      StdDev    QPS armK      StdDev                Pct diff p-value
                      AndHighLow     2194.82      (7.4%)     1765.41      (4.2%)  -19.6% ( -29% -   -8%) 0.000
                         LowTerm     2431.07      (8.3%)     2111.65      (5.1%)  -13.1% ( -24% -    0%) 0.000
                       OrHighLow     1262.50      (4.7%)     1129.11      (4.4%)  -10.6% ( -18% -   -1%) 0.000
                         MedTerm     1634.70      (7.9%)     1479.02      (5.4%)   -9.5% ( -21% -    4%) 0.000
                       OrHighMed      919.30      (6.4%)      838.06      (7.5%)   -8.8% ( -21% -    5%) 0.000
                    OrNotHighLow     1492.54      (7.4%)     1367.75      (8.4%)   -8.4% ( -22% -    7%) 0.001
                  AndMissingHigh     3468.74      (7.3%)     3180.51      (7.0%)   -8.3% ( -21% -    6%) 0.000
                      AndHighMed      877.13      (5.6%)      809.13      (5.1%)   -7.8% ( -17% -    3%) 0.000
                   OrNotHighHigh      980.93      (6.0%)      906.62      (7.1%)   -7.6% ( -19% -    5%) 0.000
                     AndHighHigh      632.98     (11.2%)      591.32      (7.5%)   -6.6% ( -22% -   13%) 0.028
                        HighTerm     1506.56      (7.8%)     1409.61      (5.8%)   -6.4% ( -18% -    7%) 0.003
                    OrHighNotLow     1088.92      (8.4%)     1021.37      (9.5%)   -6.2% ( -22% -   12%) 0.028
                    OrNotHighMed      910.31      (5.5%)      855.36      (7.6%)   -6.0% ( -18% -    7%) 0.004
                        PKLookup      219.33     (11.7%)      206.57      (8.9%)   -5.8% ( -23% -   16%) 0.078
                   OrHighNotHigh      835.36     (11.8%)      789.39     (10.0%)   -5.5% ( -24% -   18%) 0.112
               HighTermTitleSort      118.47      (7.2%)      112.06      (7.9%)   -5.4% ( -19% -   10%) 0.024
                 MedSloppyPhrase      454.65      (7.2%)      430.82      (8.1%)   -5.2% ( -19% -   10%) 0.030
                       LowPhrase      565.12      (5.8%)      537.75      (8.7%)   -4.8% ( -18% -   10%) 0.038
                    OrHighNotMed      929.25      (9.8%)      888.02      (8.7%)   -4.4% ( -20% -   15%) 0.129
                       MedPhrase      323.44      (4.8%)      311.12      (4.0%)   -3.8% ( -12% -    5%) 0.006
                 LowSloppyPhrase      282.69      (6.3%)      272.11      (4.8%)   -3.7% ( -13% -    7%) 0.035
                         Prefix3     1276.48      (8.6%)     1228.92      (6.1%)   -3.7% ( -16% -   12%) 0.114
                    HighSpanNear      165.54      (4.1%)      159.77      (4.1%)   -3.5% ( -11% -    4%) 0.008
                HighSloppyPhrase      148.12      (5.7%)      143.19      (4.7%)   -3.3% ( -12% -    7%) 0.044
                       ConstMSM2     1527.12      (8.5%)     1478.71      (7.8%)   -3.2% ( -17% -   14%) 0.220
                      OrHighHigh      465.66      (7.8%)      452.12      (5.0%)   -2.9% ( -14% -   10%) 0.161
            MedTermDayTaxoFacets       68.64      (5.1%)       67.13      (5.8%)   -2.2% ( -12% -    9%) 0.208
                        BM25MSM2       46.75      (7.5%)       45.73      (6.1%)   -2.2% ( -14% -   12%) 0.311
               HighTermMonthSort     1509.08      (7.2%)     1477.09      (7.2%)   -2.1% ( -15% -   13%) 0.352
                      HighPhrase      251.74      (6.8%)      246.45      (6.0%)   -2.1% ( -13% -   11%) 0.301
                     LowSpanNear      227.96      (8.5%)      223.45      (4.9%)   -2.0% ( -14% -   12%) 0.364
                     MedSpanNear      199.06      (5.1%)      195.18      (4.4%)   -2.0% ( -10% -    7%) 0.197
                          Fuzzy1      118.65      (6.8%)      116.36      (4.5%)   -1.9% ( -12% -    9%) 0.285
             LowIntervalsOrdered      138.00      (7.1%)      135.62      (7.5%)   -1.7% ( -15% -   13%) 0.454
        AndHighHighDayTaxoFacets       69.18      (4.0%)       68.07      (5.1%)   -1.6% ( -10% -    7%) 0.271
           BrowseMonthSSDVFacets       16.54     (13.2%)       16.32     (13.4%)   -1.3% ( -24% -   29%) 0.751
       BrowseDayOfYearSSDVFacets       16.26     (13.6%)       16.07     (13.1%)   -1.2% ( -24% -   29%) 0.783
                          Fuzzy2       79.35      (6.7%)       78.46      (5.3%)   -1.1% ( -12% -   11%) 0.554
                         Respell       71.87      (6.6%)       71.07      (6.2%)   -1.1% ( -13% -   12%) 0.581
                          IntNRQ     1183.61      (7.4%)     1174.79     (10.8%)   -0.7% ( -17% -   18%) 0.798
                      TermDTSort      441.18      (5.2%)      438.91      (3.8%)   -0.5% (  -9% -    9%) 0.724
         AndHighMedDayTaxoFacets       79.44      (2.6%)       79.24      (2.5%)   -0.2% (  -5% -    4%) 0.757
     BrowseRandomLabelSSDVFacets       11.12      (5.6%)       11.11      (7.7%)   -0.1% ( -12% -   13%) 0.949
           HighTermDayOfYearSort      518.89      (7.1%)      520.16      (7.7%)    0.2% ( -13% -   16%) 0.917
                        Wildcard      195.77      (2.2%)      197.13      (2.5%)    0.7% (  -3% -    5%) 0.350
            HighTermTitleBDVSort       56.61      (5.2%)       57.06      (3.8%)    0.8% (  -7% -   10%) 0.582
            HighIntervalsOrdered       63.06      (6.4%)       63.57      (5.3%)    0.8% ( -10% -   13%) 0.660
            BrowseDateSSDVFacets        2.87      (6.4%)        2.92      (5.7%)    1.8% (  -9% -   14%) 0.343
             MedIntervalsOrdered       73.53      (6.2%)       74.89      (4.7%)    1.8% (  -8% -   13%) 0.289
                          IntSet      661.77     (11.5%)      675.78      (5.2%)    2.1% ( -13% -   21%) 0.453
                           range     5741.84     (11.2%)     5871.99      (9.3%)    2.3% ( -16% -   25%) 0.487
          OrHighMedDayTaxoFacets       38.74      (7.3%)       40.00     (10.2%)    3.2% ( -13% -   22%) 0.247
           BrowseMonthTaxoFacets       36.65     (28.2%)       38.68     (18.9%)    5.5% ( -32% -   73%) 0.465
     BrowseRandomLabelTaxoFacets       12.46      (4.8%)       13.22     (29.8%)    6.1% ( -27% -   42%) 0.363
            BrowseDateTaxoFacets       15.11      (6.3%)       16.32     (41.8%)    8.1% ( -37% -   59%) 0.395
       BrowseDayOfYearTaxoFacets       15.71      (3.8%)       17.20     (40.9%)    9.4% ( -33% -   56%) 0.303

CPU merged search profile for armK:
JFR aggregation command: /home/goankur/jdk/corretto-25/bin/java -server -Xms2g -Xmx2g --add-modules jdk.incubator.vector -XX:+HeapDumpOnOutOfMemoryError -XX:+UseParallelGC -cp /home/goankur/vsearch/bo/lucene-K/build-tools/build-infra/build/classes/java/main -Dtests.profile.mode=cpu -Dtests.profile.stacksize=12 -Dtests.profile.count=30 -Dtests.profile.linenumbers=true org.apache.lucene.gradle.plugins.java.ProfileResults /home/goankur/vsearch/logs/bench-search-FAK-armK-13.jfr /home/goankur/vsearch/logs/bench-search-FAK-armK-14.jfr /home/goankur/vsearch/logs/bench-search-FAK-armK-15.jfr /home/goankur/vsearch/logs/bench-search-FAK-armK-16.jfr /home/goankur/vsearch/logs/bench-search-FAK-armK-17.jfr /home/goankur/vsearch/logs/bench-search-FAK-armK-18.jfr /home/goankur/vsearch/logs/bench-search-FAK-armK-19.jfr /home/goankur/vsearch/logs/bench-search-FAK-armK-8.jfr /home/goankur/vsearch/logs/bench-search-FAK-armK-9.jfr /home/goankur/vsearch/logs/bench-search-FAK-armK-10.jfr /home/goankur/vsearch/logs/bench-search-FAK-armK-11.jfr /home/goankur/vsearch/logs/bench-search-FAK-armK-12.jfr /home/goankur/vsearch/logs/bench-search-FAK-armK-2.jfr /home/goankur/vsearch/logs/bench-search-FAK-armK-3.jfr /home/goankur/vsearch/logs/bench-search-FAK-armK-4.jfr /home/goankur/vsearch/logs/bench-search-FAK-armK-5.jfr /home/goankur/vsearch/logs/bench-search-FAK-armK-6.jfr /home/goankur/vsearch/logs/bench-search-FAK-armK-7.jfr /home/goankur/vsearch/logs/bench-search-FAK-armK-1.jfr /home/goankur/vsearch/logs/bench-search-FAK-armK-0.jfr
Took 1.96 seconds
WARNING: Using incubator modules: jdk.incubator.vector
PROFILE SUMMARY from 98664 events (total: 98664)
  tests.profile.mode=cpu
  tests.profile.count=30
  tests.profile.stacksize=12
  tests.profile.linenumbers=true
PERCENT       CPU SAMPLES   STACK
2.08%         2048          org.apache.lucene.facet.sortedset.SortedSetDocValuesFacetCounts#countOneSegmentNHLD():129 [JIT compiled code]
                              at org.apache.lucene.facet.sortedset.SortedSetDocValuesFacetCounts#countAll():322 [Interpreted code]
                              at org.apache.lucene.facet.sortedset.SortedSetDocValuesFacetCounts#<init>():73 [Inlined code]
                              at org.apache.lucene.facet.sortedset.SortedSetDocValuesFacetCounts#<init>():63 [Inlined code]
                              at perf.SearchTask#go():290 [JIT compiled code]
                              at perf.UnparsedTask#go():57 [JIT compiled code]
                              at perf.TaskThreads$RunTask#call():81 [JIT compiled code]
                              at perf.TaskThreads$RunTask#call():64 [JIT compiled code]
                              at java.util.concurrent.FutureTask#run():328 [JIT compiled code]
                              at java.util.concurrent.ThreadPoolExecutor#runWorker():1090 [Interpreted code]
                              at java.util.concurrent.ThreadPoolExecutor$Worker#run():614 [Interpreted code]
                              at java.lang.Thread#runWith():1487 [Interpreted code]
1.93%         1902          org.apache.lucene.facet.taxonomy.FastTaxonomyFacetCounts#countAll():125 [JIT compiled code]
                              at org.apache.lucene.facet.taxonomy.FastTaxonomyFacetCounts#<init>():69 [Interpreted code]
                              at perf.SearchTask#go():282 [JIT compiled code]
                              at perf.UnparsedTask#go():57 [JIT compiled code]
                              at perf.TaskThreads$RunTask#call():81 [JIT compiled code]
                              at perf.TaskThreads$RunTask#call():64 [JIT compiled code]
                              at java.util.concurrent.FutureTask#run():328 [JIT compiled code]
                              at java.util.concurrent.ThreadPoolExecutor#runWorker():1090 [Interpreted code]
                              at java.util.concurrent.ThreadPoolExecutor$Worker#run():614 [Interpreted code]
                              at java.lang.Thread#runWith():1487 [Interpreted code]
                              at java.lang.Thread#run():1474 [Interpreted code]
0.99%         976           jdk.incubator.vector.Int256Vector$Int256Mask#trueCount():736 [Inlined code]
                              at org.apache.lucene.internal.vectorization.PanamaVectorUtilSupport#findNextGEQ():1190 [Inlined code]
                              at org.apache.lucene.util.VectorUtil#findNextGEQ():556 [Inlined code]
                              at org.apache.lucene.codecs.lucene104.Lucene104PostingsReader$BlockPostingsEnum#advance():936 [Inlined code]
                              at org.apache.lucene.search.WANDScorer#advanceTail():419 [Inlined code]
                              at org.apache.lucene.search.WANDScorer#advanceTail():433 [Inlined code]
                              at org.apache.lucene.search.WANDScorer$2#matches():349 [JIT compiled code]
                              at org.apache.lucene.search.Weight$DefaultBulkScorer#scoreTwoPhaseIterator():311 [JIT compiled code]
                              at org.apache.lucene.search.Weight$DefaultBulkScorer#score():282 [JIT compiled code]
                              at org.apache.lucene.search.IndexSearcher#searchLeaf():852 [Inlined code]
                              at org.apache.lucene.search.IndexSearcher#search():814 [Inlined code]
                              at org.apache.lucene.search.IndexSearcher#lambda$search$0():784 [Inlined code]
0.95%         940           org.apache.lucene.codecs.lucene90.Lucene90DocValuesProducer$20#ordValue():1501 [Inlined code]
                              at org.apache.lucene.facet.sortedset.SortedSetDocValuesFacetCounts#countOneSegmentNHLD():130 [JIT compiled code]
                              at org.apache.lucene.facet.sortedset.SortedSetDocValuesFacetCounts#countAll():322 [Interpreted code]
                              at org.apache.lucene.facet.sortedset.SortedSetDocValuesFacetCounts#<init>():73 [Inlined code]
                              at org.apache.lucene.facet.sortedset.SortedSetDocValuesFacetCounts#<init>():63 [Inlined code]
                              at perf.SearchTask#go():290 [JIT compiled code]
                              at perf.UnparsedTask#go():57 [JIT compiled code]
                              at perf.TaskThreads$RunTask#call():81 [JIT compiled code]
                              at perf.TaskThreads$RunTask#call():64 [JIT compiled code]
                              at java.util.concurrent.FutureTask#run():328 [JIT compiled code]
                              at java.util.concurrent.ThreadPoolExecutor#runWorker():1090 [Interpreted code]
                              at java.util.concurrent.ThreadPoolExecutor$Worker#run():614 [Interpreted code]
0.85%         837           org.apache.lucene.util.packed.DirectReader$DirectPackedReader12#get():282 [Inlined code]
                              at org.apache.lucene.codecs.lucene90.Lucene90DocValuesProducer$25#nextOrd():2324 [Inlined code]
                              at org.apache.lucene.facet.sortedset.SortedSetDocValuesFacetCounts#countOneSegmentNHLD():137 [JIT compiled code]
                              at org.apache.lucene.facet.sortedset.SortedSetDocValuesFacetCounts#countAll():322 [Interpreted code]
                              at org.apache.lucene.facet.sortedset.SortedSetDocValuesFacetCounts#<init>():73 [Inlined code]
                              at org.apache.lucene.facet.sortedset.SortedSetDocValuesFacetCounts#<init>():63 [Inlined code]
                              at perf.SearchTask#go():290 [JIT compiled code]
                              at perf.UnparsedTask#go():57 [JIT compiled code]
                              at perf.TaskThreads$RunTask#call():81 [JIT compiled code]
                              at perf.TaskThreads$RunTask#call():64 [JIT compiled code]
                              at java.util.concurrent.FutureTask#run():328 [JIT compiled code]
                              at java.util.concurrent.ThreadPoolExecutor#runWorker():1090 [Interpreted code]
0.84%         824           jdk.incubator.vector.Int256Vector$Int256Mask#trueCount():736 [Inlined code]
                              at org.apache.lucene.internal.vectorization.PanamaVectorUtilSupport#findNextGEQ():1190 [Inlined code]
                              at org.apache.lucene.util.VectorUtil#findNextGEQ():556 [Inlined code]
                              at org.apache.lucene.codecs.lucene104.Lucene104PostingsReader$BlockPostingsEnum#advance():936 [Inlined code]
                              at org.apache.lucene.search.WANDScorer#advanceTail():419 [Inlined code]
                              at org.apache.lucene.search.WANDScorer#advanceTail():433 [Inlined code]
                              at org.apache.lucene.search.WANDScorer$2#matches():349 [JIT compiled code]
                              at org.apache.lucene.search.Weight$DefaultBulkScorer#scoreTwoPhaseIterator():311 [JIT compiled code]
                              at org.apache.lucene.search.Weight$DefaultBulkScorer#score():282 [JIT compiled code]
                              at org.apache.lucene.search.IndexSearcher#searchLeaf():852 [JIT compiled code]
                              at org.apache.lucene.search.IndexSearcher#search():814 [JIT compiled code]
                              at org.apache.lucene.search.IndexSearcher#lambda$search$0():784 [Inlined code]
0.77%         759           org.apache.lucene.facet.sortedset.SortedSetDocValuesFacetCounts#countOneSegmentNHLD():129 [JIT compiled code]
                              at org.apache.lucene.facet.sortedset.SortedSetDocValuesFacetCounts#countAll():322 [Interpreted code]
                              at org.apache.lucene.facet.sortedset.SortedSetDocValuesFacetCounts#<init>():73 [Interpreted code]
                              at org.apache.lucene.facet.sortedset.SortedSetDocValuesFacetCounts#<init>():63 [Interpreted code]
                              at perf.SearchTask#go():290 [Interpreted code]
                              at perf.UnparsedTask#go():57 [Interpreted code]
                              at perf.TaskThreads$RunTask#call():81 [Interpreted code]
                              at perf.TaskThreads$RunTask#call():64 [Interpreted code]
                              at java.util.concurrent.FutureTask#run():328 [JIT compiled code]
                              at java.util.concurrent.ThreadPoolExecutor#runWorker():1090 [Interpreted code]
                              at java.util.concurrent.ThreadPoolExecutor$Worker#run():614 [Interpreted code]
                              at java.lang.Thread#runWith():1487 [Interpreted code]
0.76%         751           jdk.internal.foreign.MemorySessionImpl#checkValidStateRaw():200 [Inlined code]
                              at jdk.internal.misc.ScopedMemoryAccess#getShortUnalignedInternal():1789 [Inlined code]
                              at jdk.internal.misc.ScopedMemoryAccess#getShortUnaligned():1779 [Inlined code]
                              at java.lang.invoke.VarHandleSegmentAsShorts#get():60 [Inlined code]
                              at java.lang.invoke.VarHandleSegmentAsShorts#get():53 [Inlined code]
                              at java.lang.invoke.VarHandleGuards#guard_LJ_I():251 [Inlined code]
                              at jdk.internal.foreign.AbstractMemorySegmentImpl#get():730 [Inlined code]
                              at org.apache.lucene.store.MemorySegmentIndexInput$SingleSegmentImpl#readShort():783 [Inlined code]
                              at org.apache.lucene.util.packed.DirectReader$DirectPackedReader12#get():282 [Inlined code]
                              at org.apache.lucene.codecs.lucene90.Lucene90DocValuesProducer$25#nextOrd():2324 [Inlined code]
                              at org.apache.lucene.facet.sortedset.SortedSetDocValuesFacetCounts#countOneSegmentNHLD():137 [JIT compiled code]
                              at org.apache.lucene.facet.sortedset.SortedSetDocValuesFacetCounts#countAll():322 [Interpreted code]
0.58%         573           jdk.internal.foreign.MemorySessionImpl#checkValidStateRaw():200 [Inlined code]
                              at jdk.internal.misc.ScopedMemoryAccess#getIntUnalignedInternal():3169 [Inlined code]
                              at jdk.internal.misc.ScopedMemoryAccess#getIntUnaligned():3159 [Inlined code]
                              at java.lang.invoke.VarHandleSegmentAsInts#get():60 [Inlined code]
                              at java.lang.invoke.VarHandleSegmentAsInts#get():53 [Inlined code]
                              at java.lang.invoke.VarHandleGuards#guard_LJ_I():251 [Inlined code]
                              at jdk.internal.foreign.AbstractMemorySegmentImpl#get():742 [Inlined code]
                              at org.apache.lucene.store.MemorySegmentIndexInput$SingleSegmentImpl#readInt():794 [Inlined code]
                              at org.apache.lucene.util.packed.DirectReader$DirectPackedReader20#get():322 [Inlined code]
                              at org.apache.lucene.codecs.lucene90.Lucene90DocValuesProducer$4#longValue():994 [Inlined code]
                              at org.apache.lucene.facet.taxonomy.FastTaxonomyFacetCounts#countAll():138 [JIT compiled code]
                              at org.apache.lucene.facet.taxonomy.FastTaxonomyFacetCounts#<init>():69 [Interpreted code]
0.58%         568           jdk.internal.foreign.MemorySessionImpl#checkValidStateRaw():200 [Inlined code]
                              at jdk.internal.misc.ScopedMemoryAccess#getByteInternal():1098 [Inlined code]
                              at jdk.internal.misc.ScopedMemoryAccess#getByte():1088 [Inlined code]
                              at java.lang.invoke.VarHandleSegmentAsBytes#get():56 [Inlined code]
                              at java.lang.invoke.VarHandleSegmentAsBytes#get():49 [Inlined code]
                              at java.lang.invoke.VarHandleGuards#guard_LJ_I():251 [Inlined code]
                              at jdk.internal.foreign.AbstractMemorySegmentImpl#get():694 [Inlined code]
                              at org.apache.lucene.store.MemorySegmentIndexInput$SingleSegmentImpl#readByte():761 [Inlined code]
                              at org.apache.lucene.util.packed.DirectReader$DirectPackedReader4#get():242 [Inlined code]
                              at org.apache.lucene.codecs.lucene90.Lucene90DocValuesProducer$20#ordValue():1501 [Inlined code]
                              at org.apache.lucene.facet.sortedset.SortedSetDocValuesFacetCounts#countOneSegmentNHLD():130 [JIT compiled code]
                              at org.apache.lucene.facet.sortedset.SortedSetDocValuesFacetCounts#countAll():322 [Interpreted code]
0.53%         526           jdk.internal.foreign.MemorySessionImpl#checkValidStateRaw():200 [Inlined code]
                              at jdk.internal.misc.ScopedMemoryAccess#getShortUnalignedInternal():1789 [Inlined code]
                              at jdk.internal.misc.ScopedMemoryAccess#getShortUnaligned():1779 [Inlined code]
                              at java.lang.invoke.VarHandleSegmentAsShorts#get():60 [Inlined code]
                              at java.lang.invoke.VarHandleSegmentAsShorts#get():53 [Inlined code]
                              at java.lang.invoke.VarHandleGuards#guard_LJ_I():251 [Inlined code]
                              at jdk.internal.foreign.AbstractMemorySegmentImpl#get():730 [Inlined code]
                              at org.apache.lucene.store.MemorySegmentIndexInput$SingleSegmentImpl#readShort():783 [Inlined code]
                              at org.apache.lucene.util.packed.DirectReader$DirectPackedReader12#get():282 [Inlined code]
                              at org.apache.lucene.codecs.lucene90.Lucene90DocValuesProducer$20#ordValue():1501 [Inlined code]
                              at org.apache.lucene.facet.sortedset.SortedSetDocValuesFacetCounts#countOneSegmentNHLD():130 [JIT compiled code]
                              at org.apache.lucene.facet.sortedset.SortedSetDocValuesFacetCounts#countAll():322 [Interpreted code]
0.53%         523           org.apache.lucene.codecs.lucene90.Lucene90DocValuesProducer$4#longValue():994 [Inlined code]
                              at org.apache.lucene.facet.taxonomy.FastTaxonomyFacetCounts#countAll():138 [JIT compiled code]
                              at org.apache.lucene.facet.taxonomy.FastTaxonomyFacetCounts#<init>():69 [Interpreted code]
                              at perf.SearchTask#go():282 [JIT compiled code]
                              at perf.UnparsedTask#go():57 [JIT compiled code]
                              at perf.TaskThreads$RunTask#call():81 [JIT compiled code]
                              at perf.TaskThreads$RunTask#call():64 [JIT compiled code]
                              at java.util.concurrent.FutureTask#run():328 [JIT compiled code]
                              at java.util.concurrent.ThreadPoolExecutor#runWorker():1090 [Interpreted code]
                              at java.util.concurrent.ThreadPoolExecutor$Worker#run():614 [Interpreted code]
                              at java.lang.Thread#runWith():1487 [Interpreted code]
                              at java.lang.Thread#run():1474 [Interpreted code]
0.52%         517           org.apache.lucene.codecs.lucene90.Lucene90DocValuesProducer$25#nextOrd():2324 [Inlined code]
                              at org.apache.lucene.facet.sortedset.SortedSetDocValuesFacetCounts#countOneSegmentNHLD():137 [JIT compiled code]
                              at org.apache.lucene.facet.sortedset.SortedSetDocValuesFacetCounts#countAll():322 [Interpreted code]
                              at org.apache.lucene.facet.sortedset.SortedSetDocValuesFacetCounts#<init>():73 [Inlined code]
                              at org.apache.lucene.facet.sortedset.SortedSetDocValuesFacetCounts#<init>():63 [Inlined code]
                              at perf.SearchTask#go():290 [JIT compiled code]
                              at perf.UnparsedTask#go():57 [JIT compiled code]
                              at perf.TaskThreads$RunTask#call():81 [JIT compiled code]
                              at perf.TaskThreads$RunTask#call():64 [JIT compiled code]
                              at java.util.concurrent.FutureTask#run():328 [JIT compiled code]
                              at java.util.concurrent.ThreadPoolExecutor#runWorker():1090 [Interpreted code]
                              at java.util.concurrent.ThreadPoolExecutor$Worker#run():614 [Interpreted code]
0.49%         480           org.apache.lucene.codecs.lucene90.Lucene90DocValuesProducer$25#advance():2358 [Inlined code]
                              at org.apache.lucene.codecs.lucene90.Lucene90DocValuesProducer$25#nextDoc():2348 [Inlined code]
                              at org.apache.lucene.facet.sortedset.SortedSetDocValuesFacetCounts#countOneSegmentNHLD():135 [JIT compiled code]
                              at org.apache.lucene.facet.sortedset.SortedSetDocValuesFacetCounts#countAll():322 [Interpreted code]
                              at org.apache.lucene.facet.sortedset.SortedSetDocValuesFacetCounts#<init>():73 [Inlined code]
                              at org.apache.lucene.facet.sortedset.SortedSetDocValuesFacetCounts#<init>():63 [Inlined code]
                              at perf.SearchTask#go():290 [JIT compiled code]
                              at perf.UnparsedTask#go():57 [JIT compiled code]
                              at perf.TaskThreads$RunTask#call():81 [JIT compiled code]
                              at perf.TaskThreads$RunTask#call():64 [JIT compiled code]
                              at java.util.concurrent.FutureTask#run():328 [JIT compiled code]
                              at java.util.concurrent.ThreadPoolExecutor#runWorker():1090 [Interpreted code]
0.48%         475           java.io.FileOutputStream#writeBytes() [Native code]
                              at java.io.FileOutputStream#traceWriteBytes():311 [Inlined code]
                              at java.io.FileOutputStream#write():349 [Inlined code]
                              at java.io.PrintStream#write():539 [Inlined code]
                              at sun.nio.cs.StreamEncoder#writeBytes():220 [Inlined code]
                              at sun.nio.cs.StreamEncoder#implFlushBuffer():315 [Inlined code]
                              at sun.nio.cs.StreamEncoder#flushBuffer():101 [Inlined code]
                              at java.io.OutputStreamWriter#flushBuffer():179 [Inlined code]
                              at java.io.PrintStream#writeln():690 [Inlined code]
                              at java.io.PrintStream#println():1004 [JIT compiled code]
                              at perf.SearchTask#printResults():776 [JIT compiled code]
                              at perf.UnparsedTask#printResults():85 [JIT compiled code]
0.43%         424           org.apache.lucene.codecs.lucene90.Lucene90DocValuesProducer$25#advance():2356 [Inlined code]
                              at org.apache.lucene.codecs.lucene90.Lucene90DocValuesProducer$25#nextDoc():2348 [Inlined code]
                              at org.apache.lucene.facet.sortedset.SortedSetDocValuesFacetCounts#countOneSegmentNHLD():135 [JIT compiled code]
                              at org.apache.lucene.facet.sortedset.SortedSetDocValuesFacetCounts#countAll():322 [Interpreted code]
                              at org.apache.lucene.facet.sortedset.SortedSetDocValuesFacetCounts#<init>():73 [Inlined code]
                              at org.apache.lucene.facet.sortedset.SortedSetDocValuesFacetCounts#<init>():63 [Inlined code]
                              at perf.SearchTask#go():290 [JIT compiled code]
                              at perf.UnparsedTask#go():57 [JIT compiled code]
                              at perf.TaskThreads$RunTask#call():81 [JIT compiled code]
                              at perf.TaskThreads$RunTask#call():64 [JIT compiled code]
                              at java.util.concurrent.FutureTask#run():328 [JIT compiled code]
                              at java.util.concurrent.ThreadPoolExecutor#runWorker():1090 [Interpreted code]
0.43%         423           org.apache.lucene.util.packed.DirectReader$DirectPackedReader20#get():322 [Inlined code]
                              at org.apache.lucene.codecs.lucene90.Lucene90DocValuesProducer$4#longValue():994 [Inlined code]
                              at org.apache.lucene.facet.taxonomy.FastTaxonomyFacetCounts#countAll():138 [JIT compiled code]
                              at org.apache.lucene.facet.taxonomy.FastTaxonomyFacetCounts#<init>():69 [Interpreted code]
                              at perf.SearchTask#go():282 [JIT compiled code]
                              at perf.UnparsedTask#go():57 [JIT compiled code]
                              at perf.TaskThreads$RunTask#call():81 [JIT compiled code]
                              at perf.TaskThreads$RunTask#call():64 [JIT compiled code]
                              at java.util.concurrent.FutureTask#run():328 [JIT compiled code]
                              at java.util.concurrent.ThreadPoolExecutor#runWorker():1090 [Interpreted code]
                              at java.util.concurrent.ThreadPoolExecutor$Worker#run():614 [Interpreted code]
                              at java.lang.Thread#runWith():1487 [Interpreted code]
0.41%         409           org.apache.lucene.util.packed.DirectReader$DirectPackedReader12#get():282 [JIT compiled code]
                              at org.apache.lucene.codecs.lucene90.Lucene90DocValuesProducer$25#nextOrd():2324 [Inlined code]
                              at org.apache.lucene.facet.sortedset.SortedSetDocValuesFacetCounts#countOneSegmentNHLD():137 [JIT compiled code]
                              at org.apache.lucene.facet.sortedset.SortedSetDocValuesFacetCounts#countAll():322 [Interpreted code]
                              at org.apache.lucene.facet.sortedset.SortedSetDocValuesFacetCounts#<init>():73 [Inlined code]
                              at org.apache.lucene.facet.sortedset.SortedSetDocValuesFacetCounts#<init>():63 [Inlined code]
                              at perf.SearchTask#go():290 [JIT compiled code]
                              at perf.UnparsedTask#go():57 [JIT compiled code]
                              at perf.TaskThreads$RunTask#call():81 [JIT compiled code]
                              at perf.TaskThreads$RunTask#call():64 [JIT compiled code]
                              at java.util.concurrent.FutureTask#run():328 [JIT compiled code]
                              at java.util.concurrent.ThreadPoolExecutor#runWorker():1090 [Interpreted code]
0.40%         393           org.apache.lucene.codecs.lucene90.Lucene90DocValuesProducer$20#ordValue():1501 [Inlined code]
                              at org.apache.lucene.facet.sortedset.SortedSetDocValuesFacetCounts#countOneSegmentNHLD():130 [JIT compiled code]
                              at org.apache.lucene.facet.sortedset.SortedSetDocValuesFacetCounts#countAll():322 [Interpreted code]
                              at org.apache.lucene.facet.sortedset.SortedSetDocValuesFacetCounts#<init>():73 [Interpreted code]
                              at org.apache.lucene.facet.sortedset.SortedSetDocValuesFacetCounts#<init>():63 [Interpreted code]
                              at perf.SearchTask#go():290 [Interpreted code]
                              at perf.UnparsedTask#go():57 [Interpreted code]
                              at perf.TaskThreads$RunTask#call():81 [Interpreted code]
                              at perf.TaskThreads$RunTask#call():64 [Interpreted code]
                              at java.util.concurrent.FutureTask#run():328 [JIT compiled code]
                              at java.util.concurrent.ThreadPoolExecutor#runWorker():1090 [Interpreted code]
                              at java.util.concurrent.ThreadPoolExecutor$Worker#run():614 [Interpreted code]
0.39%         384           org.apache.lucene.facet.taxonomy.FastTaxonomyFacetCounts#countAll():125 [JIT compiled code]
                              at org.apache.lucene.facet.taxonomy.FastTaxonomyFacetCounts#<init>():69 [Interpreted code]
                              at perf.SearchTask#go():282 [Interpreted code]
                              at perf.UnparsedTask#go():57 [Interpreted code]
                              at perf.TaskThreads$RunTask#call():81 [Interpreted code]
                              at perf.TaskThreads$RunTask#call():64 [Interpreted code]
                              at java.util.concurrent.FutureTask#run():328 [JIT compiled code]
                              at java.util.concurrent.ThreadPoolExecutor#runWorker():1090 [Interpreted code]
                              at java.util.concurrent.ThreadPoolExecutor$Worker#run():614 [Interpreted code]
                              at java.lang.Thread#runWith():1487 [Interpreted code]
                              at java.lang.Thread#run():1474 [Interpreted code]
0.39%         382           org.apache.lucene.facet.sortedset.SortedSetDocValuesFacetCounts#countOneSegmentNHLD():136 [JIT compiled code]
                              at org.apache.lucene.facet.sortedset.SortedSetDocValuesFacetCounts#countAll():322 [Interpreted code]
                              at org.apache.lucene.facet.sortedset.SortedSetDocValuesFacetCounts#<init>():73 [Inlined code]
                              at org.apache.lucene.facet.sortedset.SortedSetDocValuesFacetCounts#<init>():63 [Inlined code]
                              at perf.SearchTask#go():290 [JIT compiled code]
                              at perf.UnparsedTask#go():57 [JIT compiled code]
                              at perf.TaskThreads$RunTask#call():81 [JIT compiled code]
                              at perf.TaskThreads$RunTask#call():64 [JIT compiled code]
                              at java.util.concurrent.FutureTask#run():328 [JIT compiled code]
                              at java.util.concurrent.ThreadPoolExecutor#runWorker():1090 [Interpreted code]
                              at java.util.concurrent.ThreadPoolExecutor$Worker#run():614 [Interpreted code]
                              at java.lang.Thread#runWith():1487 [Interpreted code]
0.38%         376           org.apache.lucene.facet.sortedset.SortedSetDocValuesFacetCounts#countOneSegmentNHLD():129 [JIT compiled code]
                              at org.apache.lucene.facet.sortedset.SortedSetDocValuesFacetCounts#countAll():322 [Interpreted code]
                              at org.apache.lucene.facet.sortedset.SortedSetDocValuesFacetCounts#<init>():73 [Interpreted code]
                              at org.apache.lucene.facet.sortedset.SortedSetDocValuesFacetCounts#<init>():63 [Interpreted code]
                              at perf.SearchTask#go():290 [Interpreted code]
                              at perf.UnparsedTask#go():57 [JIT compiled code]
                              at perf.TaskThreads$RunTask#call():81 [JIT compiled code]
                              at perf.TaskThreads$RunTask#call():64 [JIT compiled code]
                              at java.util.concurrent.FutureTask#run():328 [JIT compiled code]
                              at java.util.concurrent.ThreadPoolExecutor#runWorker():1090 [Interpreted code]
                              at java.util.concurrent.ThreadPoolExecutor$Worker#run():614 [Interpreted code]
                              at java.lang.Thread#runWith():1487 [Interpreted code]
0.38%         374           org.apache.lucene.codecs.lucene90.Lucene90DocValuesProducer$25#advance():2357 [Inlined code]
                              at org.apache.lucene.codecs.lucene90.Lucene90DocValuesProducer$25#nextDoc():2348 [Inlined code]
                              at org.apache.lucene.facet.sortedset.SortedSetDocValuesFacetCounts#countOneSegmentNHLD():135 [JIT compiled code]
                              at org.apache.lucene.facet.sortedset.SortedSetDocValuesFacetCounts#countAll():322 [Interpreted code]
                              at org.apache.lucene.facet.sortedset.SortedSetDocValuesFacetCounts#<init>():73 [Inlined code]
                              at org.apache.lucene.facet.sortedset.SortedSetDocValuesFacetCounts#<init>():63 [Inlined code]
                              at perf.SearchTask#go():290 [JIT compiled code]
                              at perf.UnparsedTask#go():57 [JIT compiled code]
                              at perf.TaskThreads$RunTask#call():81 [JIT compiled code]
                              at perf.TaskThreads$RunTask#call():64 [JIT compiled code]
                              at java.util.concurrent.FutureTask#run():328 [JIT compiled code]
                              at java.util.concurrent.ThreadPoolExecutor#runWorker():1090 [Interpreted code]
0.37%         362           jdk.internal.foreign.MemorySessionImpl#checkValidStateRaw():203 [Inlined code]
                              at jdk.internal.misc.ScopedMemoryAccess#getShortUnalignedInternal():1789 [Inlined code]
                              at jdk.internal.misc.ScopedMemoryAccess#getShortUnaligned():1779 [Inlined code]
                              at java.lang.invoke.VarHandleSegmentAsShorts#get():60 [Inlined code]
                              at java.lang.invoke.VarHandleSegmentAsShorts#get():53 [Inlined code]
                              at java.lang.invoke.VarHandleGuards#guard_LJ_I():251 [Inlined code]
                              at jdk.internal.foreign.AbstractMemorySegmentImpl#get():730 [Inlined code]
                              at org.apache.lucene.store.MemorySegmentIndexInput$SingleSegmentImpl#readShort():783 [Inlined code]
                              at org.apache.lucene.util.packed.DirectReader$DirectPackedReader12#get():282 [Inlined code]
                              at org.apache.lucene.codecs.lucene90.Lucene90DocValuesProducer$25#nextOrd():2324 [Inlined code]
                              at org.apache.lucene.facet.sortedset.SortedSetDocValuesFacetCounts#countOneSegmentNHLD():137 [JIT compiled code]
                              at org.apache.lucene.facet.sortedset.SortedSetDocValuesFacetCounts#countAll():322 [Interpreted code]
0.36%         354           org.apache.lucene.facet.taxonomy.FastTaxonomyFacetCounts#countAll():125 [JIT compiled code]
                              at org.apache.lucene.facet.taxonomy.FastTaxonomyFacetCounts#<init>():69 [Interpreted code]
                              at perf.SearchTask#go():282 [Interpreted code]
                              at perf.UnparsedTask#go():57 [JIT compiled code]
                              at perf.TaskThreads$RunTask#call():81 [JIT compiled code]
                              at perf.TaskThreads$RunTask#call():64 [JIT compiled code]
                              at java.util.concurrent.FutureTask#run():328 [JIT compiled code]
                              at java.util.concurrent.ThreadPoolExecutor#runWorker():1090 [Interpreted code]
                              at java.util.concurrent.ThreadPoolExecutor$Worker#run():614 [Interpreted code]
                              at java.lang.Thread#runWith():1487 [Interpreted code]
                              at java.lang.Thread#run():1474 [Interpreted code]
0.36%         351           org.apache.lucene.util.packed.DirectReader$DirectPackedReader20#get():322 [JIT compiled code]
                              at org.apache.lucene.codecs.lucene90.Lucene90DocValuesProducer$4#longValue():994 [Inlined code]
                              at org.apache.lucene.facet.taxonomy.FastTaxonomyFacetCounts#countAll():138 [JIT compiled code]
                              at org.apache.lucene.facet.taxonomy.FastTaxonomyFacetCounts#<init>():69 [Interpreted code]
                              at perf.SearchTask#go():282 [JIT compiled code]
                              at perf.UnparsedTask#go():57 [JIT compiled code]
                              at perf.TaskThreads$RunTask#call():81 [JIT compiled code]
                              at perf.TaskThreads$RunTask#call():64 [JIT compiled code]
                              at java.util.concurrent.FutureTask#run():328 [JIT compiled code]
                              at java.util.concurrent.ThreadPoolExecutor#runWorker():1090 [Interpreted code]
                              at java.util.concurrent.ThreadPoolExecutor$Worker#run():614 [Interpreted code]
                              at java.lang.Thread#runWith():1487 [Interpreted code]
0.34%         339           jdk.internal.foreign.AbstractMemorySegmentImpl#checkBounds():403 [Inlined code]
                              at jdk.internal.foreign.AbstractMemorySegmentImpl#checkAccess():357 [Inlined code]
                              at jdk.internal.foreign.AbstractMemorySegmentImpl#checkEnclosingLayout():362 [Inlined code]
                              at java.lang.invoke.SegmentVarHandle#checkSegment():92 [Inlined code]
                              at java.lang.invoke.VarHandleSegmentAsShorts#get():59 [Inlined code]
                              at java.lang.invoke.VarHandleSegmentAsShorts#get():53 [Inlined code]
                              at java.lang.invoke.VarHandleGuards#guard_LJ_I():251 [Inlined code]
                              at jdk.internal.foreign.AbstractMemorySegmentImpl#get():730 [Inlined code]
                              at org.apache.lucene.store.MemorySegmentIndexInput$SingleSegmentImpl#readShort():783 [Inlined code]
                              at org.apache.lucene.util.packed.DirectReader$DirectPackedReader12#get():282 [Inlined code]
                              at org.apache.lucene.codecs.lucene90.Lucene90DocValuesProducer$25#nextOrd():2324 [Inlined code]
                              at org.apache.lucene.facet.sortedset.SortedSetDocValuesFacetCounts#countOneSegmentNHLD():137 [JIT compiled code]
0.32%         319           org.apache.lucene.store.MemorySegmentIndexInput$SingleSegmentImpl#readInt():794 [Inlined code]
                              at org.apache.lucene.util.packed.DirectReader$DirectPackedReader20#get():322 [Inlined code]
                              at org.apache.lucene.codecs.lucene90.Lucene90DocValuesProducer$4#longValue():994 [Inlined code]
                              at org.apache.lucene.facet.taxonomy.FastTaxonomyFacetCounts#countAll():138 [JIT compiled code]
                              at org.apache.lucene.facet.taxonomy.FastTaxonomyFacetCounts#<init>():69 [Interpreted code]
                              at perf.SearchTask#go():282 [JIT compiled code]
                              at perf.UnparsedTask#go():57 [JIT compiled code]
                              at perf.TaskThreads$RunTask#call():81 [JIT compiled code]
                              at perf.TaskThreads$RunTask#call():64 [JIT compiled code]
                              at java.util.concurrent.FutureTask#run():328 [JIT compiled code]
                              at java.util.concurrent.ThreadPoolExecutor#runWorker():1090 [Interpreted code]
                              at java.util.concurrent.ThreadPoolExecutor$Worker#run():614 [Interpreted code]
0.32%         319           org.apache.lucene.util.packed.DirectReader$DirectPackedReader4#get():242 [JIT compiled code]
                              at org.apache.lucene.codecs.lucene90.Lucene90DocValuesProducer$20#ordValue():1501 [Inlined code]
                              at org.apache.lucene.facet.sortedset.SortedSetDocValuesFacetCounts#countOneSegmentNHLD():130 [JIT compiled code]
                              at org.apache.lucene.facet.sortedset.SortedSetDocValuesFacetCounts#countAll():322 [Interpreted code]
                              at org.apache.lucene.facet.sortedset.SortedSetDocValuesFacetCounts#<init>():73 [Inlined code]
                              at org.apache.lucene.facet.sortedset.SortedSetDocValuesFacetCounts#<init>():63 [Inlined code]
                              at perf.SearchTask#go():290 [JIT compiled code]
                              at perf.UnparsedTask#go():57 [JIT compiled code]
                              at perf.TaskThreads$RunTask#call():81 [JIT compiled code]
                              at perf.TaskThreads$RunTask#call():64 [JIT compiled code]
                              at java.util.concurrent.FutureTask#run():328 [JIT compiled code]
                              at java.util.concurrent.ThreadPoolExecutor#runWorker():1090 [Interpreted code]
0.32%         317           org.apache.lucene.util.packed.DirectMonotonicReader#get():138 [Inlined code]
                              at org.apache.lucene.codecs.lucene90.Lucene90DocValuesProducer$25#advance():2356 [Inlined code]
                              at org.apache.lucene.codecs.lucene90.Lucene90DocValuesProducer$25#nextDoc():2348 [Inlined code]
                              at org.apache.lucene.facet.sortedset.SortedSetDocValuesFacetCounts#countOneSegmentNHLD():135 [JIT compiled code]
                              at org.apache.lucene.facet.sortedset.SortedSetDocValuesFacetCounts#countAll():322 [Interpreted code]
                              at org.apache.lucene.facet.sortedset.SortedSetDocValuesFacetCounts#<init>():73 [Inlined code]
                              at org.apache.lucene.facet.sortedset.SortedSetDocValuesFacetCounts#<init>():63 [Inlined code]
                              at perf.SearchTask#go():290 [JIT compiled code]
                              at perf.UnparsedTask#go():57 [JIT compiled code]
                              at perf.TaskThreads$RunTask#call():81 [JIT compiled code]
                              at perf.TaskThreads$RunTask#call():64 [JIT compiled code]
                              at java.util.concurrent.FutureTask#run():328 [JIT compiled code]


CPU merged search profile for armA:
JFR aggregation command: /home/goankur/jdk/corretto-25/bin/java -server -Xms2g -Xmx2g --add-modules jdk.incubator.vector -XX:+HeapDumpOnOutOfMemoryError -XX:+UseParallelGC -cp /home/goankur/vsearch/bo/lucene-A/build-tools/build-infra/build/classes/java/main -Dtests.profile.mode=cpu -Dtests.profile.stacksize=12 -Dtests.profile.count=30 -Dtests.profile.linenumbers=true org.apache.lucene.gradle.plugins.java.ProfileResults /home/goankur/vsearch/logs/bench-search-FAK-armA-13.jfr /home/goankur/vsearch/logs/bench-search-FAK-armA-14.jfr /home/goankur/vsearch/logs/bench-search-FAK-armA-15.jfr /home/goankur/vsearch/logs/bench-search-FAK-armA-16.jfr /home/goankur/vsearch/logs/bench-search-FAK-armA-17.jfr /home/goankur/vsearch/logs/bench-search-FAK-armA-18.jfr /home/goankur/vsearch/logs/bench-search-FAK-armA-19.jfr /home/goankur/vsearch/logs/bench-search-FAK-armA-8.jfr /home/goankur/vsearch/logs/bench-search-FAK-armA-9.jfr /home/goankur/vsearch/logs/bench-search-FAK-armA-10.jfr /home/goankur/vsearch/logs/bench-search-FAK-armA-11.jfr /home/goankur/vsearch/logs/bench-search-FAK-armA-12.jfr /home/goankur/vsearch/logs/bench-search-FAK-armA-2.jfr /home/goankur/vsearch/logs/bench-search-FAK-armA-3.jfr /home/goankur/vsearch/logs/bench-search-FAK-armA-4.jfr /home/goankur/vsearch/logs/bench-search-FAK-armA-5.jfr /home/goankur/vsearch/logs/bench-search-FAK-armA-6.jfr /home/goankur/vsearch/logs/bench-search-FAK-armA-7.jfr /home/goankur/vsearch/logs/bench-search-FAK-armA-0.jfr /home/goankur/vsearch/logs/bench-search-FAK-armA-1.jfr
Took 1.98 seconds
WARNING: Using incubator modules: jdk.incubator.vector
PROFILE SUMMARY from 100247 events (total: 100247)
  tests.profile.mode=cpu
  tests.profile.count=30
  tests.profile.stacksize=12
  tests.profile.linenumbers=true
PERCENT       CPU SAMPLES   STACK
2.04%         2049          org.apache.lucene.facet.taxonomy.FastTaxonomyFacetCounts#countAll():125 [JIT compiled code]
                              at org.apache.lucene.facet.taxonomy.FastTaxonomyFacetCounts#<init>():69 [Interpreted code]
                              at perf.SearchTask#go():282 [JIT compiled code]
                              at perf.UnparsedTask#go():57 [JIT compiled code]
                              at perf.TaskThreads$RunTask#call():81 [JIT compiled code]
                              at perf.TaskThreads$RunTask#call():64 [JIT compiled code]
                              at java.util.concurrent.FutureTask#run():328 [JIT compiled code]
                              at java.util.concurrent.ThreadPoolExecutor#runWorker():1090 [Interpreted code]
                              at java.util.concurrent.ThreadPoolExecutor$Worker#run():614 [Interpreted code]
                              at java.lang.Thread#runWith():1487 [Interpreted code]
                              at java.lang.Thread#run():1474 [Interpreted code]
1.88%         1881          org.apache.lucene.facet.sortedset.SortedSetDocValuesFacetCounts#countOneSegmentNHLD():129 [JIT compiled code]
                              at org.apache.lucene.facet.sortedset.SortedSetDocValuesFacetCounts#countAll():322 [Interpreted code]
                              at org.apache.lucene.facet.sortedset.SortedSetDocValuesFacetCounts#<init>():73 [Inlined code]
                              at org.apache.lucene.facet.sortedset.SortedSetDocValuesFacetCounts#<init>():63 [Inlined code]
                              at perf.SearchTask#go():290 [JIT compiled code]
                              at perf.UnparsedTask#go():57 [JIT compiled code]
                              at perf.TaskThreads$RunTask#call():81 [JIT compiled code]
                              at perf.TaskThreads$RunTask#call():64 [JIT compiled code]
                              at java.util.concurrent.FutureTask#run():328 [JIT compiled code]
                              at java.util.concurrent.ThreadPoolExecutor#runWorker():1090 [Interpreted code]
                              at java.util.concurrent.ThreadPoolExecutor$Worker#run():614 [Interpreted code]
                              at java.lang.Thread#runWith():1487 [Interpreted code]
0.88%         887           org.apache.lucene.codecs.lucene90.Lucene90DocValuesProducer$20#ordValue():1501 [Inlined code]
                              at org.apache.lucene.facet.sortedset.SortedSetDocValuesFacetCounts#countOneSegmentNHLD():130 [JIT compiled code]
                              at org.apache.lucene.facet.sortedset.SortedSetDocValuesFacetCounts#countAll():322 [Interpreted code]
                              at org.apache.lucene.facet.sortedset.SortedSetDocValuesFacetCounts#<init>():73 [Inlined code]
                              at org.apache.lucene.facet.sortedset.SortedSetDocValuesFacetCounts#<init>():63 [Inlined code]
                              at perf.SearchTask#go():290 [JIT compiled code]
                              at perf.UnparsedTask#go():57 [JIT compiled code]
                              at perf.TaskThreads$RunTask#call():81 [JIT compiled code]
                              at perf.TaskThreads$RunTask#call():64 [JIT compiled code]
                              at java.util.concurrent.FutureTask#run():328 [JIT compiled code]
                              at java.util.concurrent.ThreadPoolExecutor#runWorker():1090 [Interpreted code]
                              at java.util.concurrent.ThreadPoolExecutor$Worker#run():614 [Interpreted code]
0.81%         817           jdk.internal.foreign.MemorySessionImpl#checkValidStateRaw():200 [Inlined code]
                              at jdk.internal.misc.ScopedMemoryAccess#getByteInternal():1098 [Inlined code]
                              at jdk.internal.misc.ScopedMemoryAccess#getByte():1088 [Inlined code]
                              at java.lang.invoke.VarHandleSegmentAsBytes#get():56 [Inlined code]
                              at java.lang.invoke.VarHandleSegmentAsBytes#get():49 [Inlined code]
                              at java.lang.invoke.VarHandleGuards#guard_LJ_I():251 [Inlined code]
                              at jdk.internal.foreign.AbstractMemorySegmentImpl#get():694 [Inlined code]
                              at org.apache.lucene.store.MemorySegmentIndexInput$SingleSegmentImpl#readByte():775 [Inlined code]
                              at org.apache.lucene.util.packed.DirectReader$DirectPackedReader4#get():242 [Inlined code]
                              at org.apache.lucene.codecs.lucene90.Lucene90DocValuesProducer$20#ordValue():1501 [Inlined code]
                              at org.apache.lucene.facet.sortedset.SortedSetDocValuesFacetCounts#countOneSegmentNHLD():130 [JIT compiled code]
                              at org.apache.lucene.facet.sortedset.SortedSetDocValuesFacetCounts#countAll():322 [Interpreted code]
0.75%         756           jdk.incubator.vector.Int256Vector$Int256Mask#trueCount():736 [Inlined code]
                              at org.apache.lucene.internal.vectorization.PanamaVectorUtilSupport#findNextGEQ():1190 [Inlined code]
                              at org.apache.lucene.util.VectorUtil#findNextGEQ():556 [Inlined code]
                              at org.apache.lucene.codecs.lucene104.Lucene104PostingsReader$BlockPostingsEnum#advance():936 [Inlined code]
                              at org.apache.lucene.search.WANDScorer#advanceTail():419 [Inlined code]
                              at org.apache.lucene.search.WANDScorer#advanceTail():433 [Inlined code]
                              at org.apache.lucene.search.WANDScorer$2#matches():349 [JIT compiled code]
                              at org.apache.lucene.search.Weight$DefaultBulkScorer#scoreTwoPhaseIterator():311 [JIT compiled code]
                              at org.apache.lucene.search.Weight$DefaultBulkScorer#score():282 [JIT compiled code]
                              at org.apache.lucene.search.IndexSearcher#searchLeaf():852 [Inlined code]
                              at org.apache.lucene.search.IndexSearcher#search():814 [Inlined code]
                              at org.apache.lucene.search.IndexSearcher#lambda$search$0():784 [Inlined code]
0.75%         756           org.apache.lucene.util.packed.DirectReader$DirectPackedReader12#get():282 [JIT compiled code]
                              at org.apache.lucene.codecs.lucene90.Lucene90DocValuesProducer$25#nextOrd():2324 [Inlined code]
                              at org.apache.lucene.facet.sortedset.SortedSetDocValuesFacetCounts#countOneSegmentNHLD():137 [JIT compiled code]
                              at org.apache.lucene.facet.sortedset.SortedSetDocValuesFacetCounts#countAll():322 [Interpreted code]
                              at org.apache.lucene.facet.sortedset.SortedSetDocValuesFacetCounts#<init>():73 [Inlined code]
                              at org.apache.lucene.facet.sortedset.SortedSetDocValuesFacetCounts#<init>():63 [Inlined code]
                              at perf.SearchTask#go():290 [JIT compiled code]
                              at perf.UnparsedTask#go():57 [JIT compiled code]
                              at perf.TaskThreads$RunTask#call():81 [JIT compiled code]
                              at perf.TaskThreads$RunTask#call():64 [JIT compiled code]
                              at java.util.concurrent.FutureTask#run():328 [JIT compiled code]
                              at java.util.concurrent.ThreadPoolExecutor#runWorker():1090 [Interpreted code]
0.75%         753           org.apache.lucene.facet.sortedset.SortedSetDocValuesFacetCounts#countOneSegmentNHLD():129 [JIT compiled code]
                              at org.apache.lucene.facet.sortedset.SortedSetDocValuesFacetCounts#countAll():322 [Interpreted code]
                              at org.apache.lucene.facet.sortedset.SortedSetDocValuesFacetCounts#<init>():73 [Interpreted code]
                              at org.apache.lucene.facet.sortedset.SortedSetDocValuesFacetCounts#<init>():63 [Interpreted code]
                              at perf.SearchTask#go():290 [Interpreted code]
                              at perf.UnparsedTask#go():57 [Interpreted code]
                              at perf.TaskThreads$RunTask#call():81 [Interpreted code]
                              at perf.TaskThreads$RunTask#call():64 [Interpreted code]
                              at java.util.concurrent.FutureTask#run():328 [JIT compiled code]
                              at java.util.concurrent.ThreadPoolExecutor#runWorker():1090 [Interpreted code]
                              at java.util.concurrent.ThreadPoolExecutor$Worker#run():614 [Interpreted code]
                              at java.lang.Thread#runWith():1487 [Interpreted code]
0.72%         723           jdk.incubator.vector.Int256Vector$Int256Mask#trueCount():736 [Inlined code]
                              at org.apache.lucene.internal.vectorization.PanamaVectorUtilSupport#findNextGEQ():1190 [Inlined code]
                              at org.apache.lucene.util.VectorUtil#findNextGEQ():556 [Inlined code]
                              at org.apache.lucene.codecs.lucene104.Lucene104PostingsReader$BlockPostingsEnum#advance():936 [Inlined code]
                              at org.apache.lucene.search.WANDScorer#advanceTail():419 [Inlined code]
                              at org.apache.lucene.search.WANDScorer#advanceTail():433 [Inlined code]
                              at org.apache.lucene.search.WANDScorer$2#matches():349 [JIT compiled code]
                              at org.apache.lucene.search.Weight$DefaultBulkScorer#scoreTwoPhaseIterator():311 [JIT compiled code]
                              at org.apache.lucene.search.Weight$DefaultBulkScorer#score():282 [JIT compiled code]
                              at org.apache.lucene.search.IndexSearcher#searchLeaf():852 [JIT compiled code]
                              at org.apache.lucene.search.IndexSearcher#search():814 [JIT compiled code]
                              at org.apache.lucene.search.IndexSearcher#lambda$search$0():784 [Inlined code]
0.70%         700           jdk.internal.foreign.MemorySessionImpl#checkValidStateRaw():200 [Inlined code]
                              at jdk.internal.misc.ScopedMemoryAccess#getShortUnalignedInternal():1789 [Inlined code]
                              at jdk.internal.misc.ScopedMemoryAccess#getShortUnaligned():1779 [Inlined code]
                              at java.lang.invoke.VarHandleSegmentAsShorts#get():60 [Inlined code]
                              at java.lang.invoke.VarHandleSegmentAsShorts#get():53 [Inlined code]
                              at java.lang.invoke.VarHandleGuards#guard_LJ_I():251 [Inlined code]
                              at jdk.internal.foreign.AbstractMemorySegmentImpl#get():730 [Inlined code]
                              at org.apache.lucene.store.MemorySegmentIndexInput$SingleSegmentImpl#readShort():797 [Inlined code]
                              at org.apache.lucene.util.packed.DirectReader$DirectPackedReader12#get():282 [Inlined code]
                              at org.apache.lucene.codecs.lucene90.Lucene90DocValuesProducer$20#ordValue():1501 [Inlined code]
                              at org.apache.lucene.facet.sortedset.SortedSetDocValuesFacetCounts#countOneSegmentNHLD():130 [JIT compiled code]
                              at org.apache.lucene.facet.sortedset.SortedSetDocValuesFacetCounts#countAll():322 [Interpreted code]
0.65%         651           jdk.internal.foreign.MemorySessionImpl#checkValidStateRaw():200 [Inlined code]
                              at jdk.internal.misc.ScopedMemoryAccess#getIntUnalignedInternal():3169 [Inlined code]
                              at jdk.internal.misc.ScopedMemoryAccess#getIntUnaligned():3159 [Inlined code]
                              at java.lang.invoke.VarHandleSegmentAsInts#get():60 [Inlined code]
                              at java.lang.invoke.VarHandleSegmentAsInts#get():53 [Inlined code]
                              at java.lang.invoke.VarHandleGuards#guard_LJ_I():251 [Inlined code]
                              at jdk.internal.foreign.AbstractMemorySegmentImpl#get():742 [Inlined code]
                              at org.apache.lucene.store.MemorySegmentIndexInput$SingleSegmentImpl#readInt():808 [Inlined code]
                              at org.apache.lucene.util.packed.DirectReader$DirectPackedReader20#get():322 [Inlined code]
                              at org.apache.lucene.codecs.lucene90.Lucene90DocValuesProducer$4#longValue():994 [Inlined code]
                              at org.apache.lucene.facet.taxonomy.FastTaxonomyFacetCounts#countAll():138 [JIT compiled code]
                              at org.apache.lucene.facet.taxonomy.FastTaxonomyFacetCounts#<init>():69 [Interpreted code]
0.62%         626           org.apache.lucene.codecs.lucene90.Lucene90DocValuesProducer$25#nextOrd():2324 [Inlined code]
                              at org.apache.lucene.facet.sortedset.SortedSetDocValuesFacetCounts#countOneSegmentNHLD():137 [JIT compiled code]
                              at org.apache.lucene.facet.sortedset.SortedSetDocValuesFacetCounts#countAll():322 [Interpreted code]
                              at org.apache.lucene.facet.sortedset.SortedSetDocValuesFacetCounts#<init>():73 [Inlined code]
                              at org.apache.lucene.facet.sortedset.SortedSetDocValuesFacetCounts#<init>():63 [Inlined code]
                              at perf.SearchTask#go():290 [JIT compiled code]
                              at perf.UnparsedTask#go():57 [JIT compiled code]
                              at perf.TaskThreads$RunTask#call():81 [JIT compiled code]
                              at perf.TaskThreads$RunTask#call():64 [JIT compiled code]
                              at java.util.concurrent.FutureTask#run():328 [JIT compiled code]
                              at java.util.concurrent.ThreadPoolExecutor#runWorker():1090 [Interpreted code]
                              at java.util.concurrent.ThreadPoolExecutor$Worker#run():614 [Interpreted code]
0.60%         603           org.apache.lucene.util.packed.DirectReader$DirectPackedReader20#get():322 [Inlined code]
                              at org.apache.lucene.codecs.lucene90.Lucene90DocValuesProducer$4#longValue():994 [Inlined code]
                              at org.apache.lucene.facet.taxonomy.FastTaxonomyFacetCounts#countAll():138 [JIT compiled code]
                              at org.apache.lucene.facet.taxonomy.FastTaxonomyFacetCounts#<init>():69 [Interpreted code]
                              at perf.SearchTask#go():282 [JIT compiled code]
                              at perf.UnparsedTask#go():57 [JIT compiled code]
                              at perf.TaskThreads$RunTask#call():81 [JIT compiled code]
                              at perf.TaskThreads$RunTask#call():64 [JIT compiled code]
                              at java.util.concurrent.FutureTask#run():328 [JIT compiled code]
                              at java.util.concurrent.ThreadPoolExecutor#runWorker():1090 [Interpreted code]
                              at java.util.concurrent.ThreadPoolExecutor$Worker#run():614 [Interpreted code]
                              at java.lang.Thread#runWith():1487 [Interpreted code]
0.58%         586           org.apache.lucene.codecs.lucene90.Lucene90DocValuesProducer$4#longValue():994 [Inlined code]
                              at org.apache.lucene.facet.taxonomy.FastTaxonomyFacetCounts#countAll():138 [JIT compiled code]
                              at org.apache.lucene.facet.taxonomy.FastTaxonomyFacetCounts#<init>():69 [Interpreted code]
                              at perf.SearchTask#go():282 [JIT compiled code]
                              at perf.UnparsedTask#go():57 [JIT compiled code]
                              at perf.TaskThreads$RunTask#call():81 [JIT compiled code]
                              at perf.TaskThreads$RunTask#call():64 [JIT compiled code]
                              at java.util.concurrent.FutureTask#run():328 [JIT compiled code]
                              at java.util.concurrent.ThreadPoolExecutor#runWorker():1090 [Interpreted code]
                              at java.util.concurrent.ThreadPoolExecutor$Worker#run():614 [Interpreted code]
                              at java.lang.Thread#runWith():1487 [Interpreted code]
                              at java.lang.Thread#run():1474 [Interpreted code]
0.56%         559           org.apache.lucene.codecs.lucene90.Lucene90DocValuesProducer$25#advance():2358 [Inlined code]
                              at org.apache.lucene.codecs.lucene90.Lucene90DocValuesProducer$25#nextDoc():2348 [Inlined code]
                              at org.apache.lucene.facet.sortedset.SortedSetDocValuesFacetCounts#countOneSegmentNHLD():135 [JIT compiled code]
                              at org.apache.lucene.facet.sortedset.SortedSetDocValuesFacetCounts#countAll():322 [Interpreted code]
                              at org.apache.lucene.facet.sortedset.SortedSetDocValuesFacetCounts#<init>():73 [Inlined code]
                              at org.apache.lucene.facet.sortedset.SortedSetDocValuesFacetCounts#<init>():63 [Inlined code]
                              at perf.SearchTask#go():290 [JIT compiled code]
                              at perf.UnparsedTask#go():57 [JIT compiled code]
                              at perf.TaskThreads$RunTask#call():81 [JIT compiled code]
                              at perf.TaskThreads$RunTask#call():64 [JIT compiled code]
                              at java.util.concurrent.FutureTask#run():328 [JIT compiled code]
                              at java.util.concurrent.ThreadPoolExecutor#runWorker():1090 [Interpreted code]
0.55%         547           org.apache.lucene.util.packed.DirectReader$DirectPackedReader12#get():282 [Inlined code]
                              at org.apache.lucene.codecs.lucene90.Lucene90DocValuesProducer$25#nextOrd():2324 [Inlined code]
                              at org.apache.lucene.facet.sortedset.SortedSetDocValuesFacetCounts#countOneSegmentNHLD():137 [JIT compiled code]
                              at org.apache.lucene.facet.sortedset.SortedSetDocValuesFacetCounts#countAll():322 [Interpreted code]
                              at org.apache.lucene.facet.sortedset.SortedSetDocValuesFacetCounts#<init>():73 [Inlined code]
                              at org.apache.lucene.facet.sortedset.SortedSetDocValuesFacetCounts#<init>():63 [Inlined code]
                              at perf.SearchTask#go():290 [JIT compiled code]
                              at perf.UnparsedTask#go():57 [JIT compiled code]
                              at perf.TaskThreads$RunTask#call():81 [JIT compiled code]
                              at perf.TaskThreads$RunTask#call():64 [JIT compiled code]
                              at java.util.concurrent.FutureTask#run():328 [JIT compiled code]
                              at java.util.concurrent.ThreadPoolExecutor#runWorker():1090 [Interpreted code]
0.51%         511           jdk.internal.foreign.MemorySessionImpl#checkValidStateRaw():200 [Inlined code]
                              at jdk.internal.misc.ScopedMemoryAccess#getShortUnalignedInternal():1789 [Inlined code]
                              at jdk.internal.misc.ScopedMemoryAccess#getShortUnaligned():1779 [Inlined code]
                              at java.lang.invoke.VarHandleSegmentAsShorts#get():60 [Inlined code]
                              at java.lang.invoke.VarHandleSegmentAsShorts#get():53 [Inlined code]
                              at java.lang.invoke.VarHandleGuards#guard_LJ_I():251 [Inlined code]
                              at jdk.internal.foreign.AbstractMemorySegmentImpl#get():730 [Inlined code]
                              at org.apache.lucene.store.MemorySegmentIndexInput$SingleSegmentImpl#readShort():797 [Inlined code]
                              at org.apache.lucene.util.packed.DirectReader$DirectPackedReader12#get():282 [Inlined code]
                              at org.apache.lucene.codecs.lucene90.Lucene90DocValuesProducer$25#nextOrd():2324 [Inlined code]
                              at org.apache.lucene.facet.sortedset.SortedSetDocValuesFacetCounts#countOneSegmentNHLD():137 [JIT compiled code]
                              at org.apache.lucene.facet.sortedset.SortedSetDocValuesFacetCounts#countAll():322 [Interpreted code]
0.49%         490           org.apache.lucene.facet.taxonomy.FastTaxonomyFacetCounts#countAll():125 [JIT compiled code]
                              at org.apache.lucene.facet.taxonomy.FastTaxonomyFacetCounts#<init>():69 [Interpreted code]
                              at perf.SearchTask#go():282 [Interpreted code]
                              at perf.UnparsedTask#go():57 [Interpreted code]
                              at perf.TaskThreads$RunTask#call():81 [Interpreted code]
                              at perf.TaskThreads$RunTask#call():64 [Interpreted code]
                              at java.util.concurrent.FutureTask#run():328 [JIT compiled code]
                              at java.util.concurrent.ThreadPoolExecutor#runWorker():1090 [Interpreted code]
                              at java.util.concurrent.ThreadPoolExecutor$Worker#run():614 [Interpreted code]
                              at java.lang.Thread#runWith():1487 [Interpreted code]
                              at java.lang.Thread#run():1474 [Interpreted code]
0.47%         469           java.io.FileOutputStream#writeBytes() [Native code]
                              at java.io.FileOutputStream#traceWriteBytes():311 [Inlined code]
                              at java.io.FileOutputStream#write():349 [Inlined code]
                              at java.io.PrintStream#write():539 [Inlined code]
                              at sun.nio.cs.StreamEncoder#writeBytes():220 [Inlined code]
                              at sun.nio.cs.StreamEncoder#implFlushBuffer():315 [Inlined code]
                              at sun.nio.cs.StreamEncoder#flushBuffer():101 [Inlined code]
                              at java.io.OutputStreamWriter#flushBuffer():179 [Inlined code]
                              at java.io.PrintStream#writeln():690 [Inlined code]
                              at java.io.PrintStream#println():1004 [JIT compiled code]
                              at perf.SearchTask#printResults():776 [JIT compiled code]
                              at perf.UnparsedTask#printResults():85 [JIT compiled code]
0.44%         446           org.apache.lucene.codecs.lucene90.Lucene90DocValuesProducer$25#advance():2356 [Inlined code]
                              at org.apache.lucene.codecs.lucene90.Lucene90DocValuesProducer$25#nextDoc():2348 [Inlined code]
                              at org.apache.lucene.facet.sortedset.SortedSetDocValuesFacetCounts#countOneSegmentNHLD():135 [JIT compiled code]
                              at org.apache.lucene.facet.sortedset.SortedSetDocValuesFacetCounts#countAll():322 [Interpreted code]
                              at org.apache.lucene.facet.sortedset.SortedSetDocValuesFacetCounts#<init>():73 [Inlined code]
                              at org.apache.lucene.facet.sortedset.SortedSetDocValuesFacetCounts#<init>():63 [Inlined code]
                              at perf.SearchTask#go():290 [JIT compiled code]
                              at perf.UnparsedTask#go():57 [JIT compiled code]
                              at perf.TaskThreads$RunTask#call():81 [JIT compiled code]
                              at perf.TaskThreads$RunTask#call():64 [JIT compiled code]
                              at java.util.concurrent.FutureTask#run():328 [JIT compiled code]
                              at java.util.concurrent.ThreadPoolExecutor#runWorker():1090 [Interpreted code]
0.43%         427           jdk.internal.foreign.MemorySessionImpl#checkValidStateRaw():200 [Inlined code]
                              at jdk.internal.misc.ScopedMemoryAccess#getShortUnalignedInternal():1789 [Inlined code]
                              at jdk.internal.misc.ScopedMemoryAccess#getShortUnaligned():1779 [Inlined code]
                              at java.lang.invoke.VarHandleSegmentAsShorts#get():60 [Inlined code]
                              at java.lang.invoke.VarHandleSegmentAsShorts#get():53 [Inlined code]
                              at java.lang.invoke.VarHandleGuards#guard_LJ_I():251 [Inlined code]
                              at jdk.internal.foreign.AbstractMemorySegmentImpl#get():730 [Inlined code]
                              at org.apache.lucene.store.MemorySegmentIndexInput$SingleSegmentImpl#readShort():797 [Inlined code]
                              at org.apache.lucene.util.packed.DirectReader$DirectPackedReader12#get():282 [JIT compiled code]
                              at org.apache.lucene.codecs.lucene90.Lucene90DocValuesProducer$25#nextOrd():2324 [Inlined code]
                              at org.apache.lucene.facet.sortedset.SortedSetDocValuesFacetCounts#countOneSegmentNHLD():137 [JIT compiled code]
                              at org.apache.lucene.facet.sortedset.SortedSetDocValuesFacetCounts#countAll():322 [Interpreted code]
0.39%         389           org.apache.lucene.util.packed.DirectReader$DirectPackedReader12#get():280 [JIT compiled code]
                              at org.apache.lucene.codecs.lucene90.Lucene90DocValuesProducer$25#nextOrd():2324 [Inlined code]
                              at org.apache.lucene.facet.sortedset.SortedSetDocValuesFacetCounts#countOneSegmentNHLD():137 [JIT compiled code]
                              at org.apache.lucene.facet.sortedset.SortedSetDocValuesFacetCounts#countAll():322 [Interpreted code]
                              at org.apache.lucene.facet.sortedset.SortedSetDocValuesFacetCounts#<init>():73 [Inlined code]
                              at org.apache.lucene.facet.sortedset.SortedSetDocValuesFacetCounts#<init>():63 [Inlined code]
                              at perf.SearchTask#go():290 [JIT compiled code]
                              at perf.UnparsedTask#go():57 [JIT compiled code]
                              at perf.TaskThreads$RunTask#call():81 [JIT compiled code]
                              at perf.TaskThreads$RunTask#call():64 [JIT compiled code]
                              at java.util.concurrent.FutureTask#run():328 [JIT compiled code]
                              at java.util.concurrent.ThreadPoolExecutor#runWorker():1090 [Interpreted code]
0.36%         364           org.apache.lucene.store.MemorySegmentIndexInput$SingleSegmentImpl#readInt():808 [Inlined code]
                              at org.apache.lucene.util.packed.DirectReader$DirectPackedReader20#get():322 [Inlined code]
                              at org.apache.lucene.codecs.lucene90.Lucene90DocValuesProducer$4#longValue():994 [Inlined code]
                              at org.apache.lucene.facet.taxonomy.FastTaxonomyFacetCounts#countAll():138 [JIT compiled code]
                              at org.apache.lucene.facet.taxonomy.FastTaxonomyFacetCounts#<init>():69 [Interpreted code]
                              at perf.SearchTask#go():282 [JIT compiled code]
                              at perf.UnparsedTask#go():57 [JIT compiled code]
                              at perf.TaskThreads$RunTask#call():81 [JIT compiled code]
                              at perf.TaskThreads$RunTask#call():64 [JIT compiled code]
                              at java.util.concurrent.FutureTask#run():328 [JIT compiled code]
                              at java.util.concurrent.ThreadPoolExecutor#runWorker():1090 [Interpreted code]
                              at java.util.concurrent.ThreadPoolExecutor$Worker#run():614 [Interpreted code]
0.36%         362           org.apache.lucene.codecs.lucene90.Lucene90DocValuesProducer$20#ordValue():1501 [Inlined code]
                              at org.apache.lucene.facet.sortedset.SortedSetDocValuesFacetCounts#countOneSegmentNHLD():130 [JIT compiled code]
                              at org.apache.lucene.facet.sortedset.SortedSetDocValuesFacetCounts#countAll():322 [Interpreted code]
                              at org.apache.lucene.facet.sortedset.SortedSetDocValuesFacetCounts#<init>():73 [Interpreted code]
                              at org.apache.lucene.facet.sortedset.SortedSetDocValuesFacetCounts#<init>():63 [Interpreted code]
                              at perf.SearchTask#go():290 [Interpreted code]
                              at perf.UnparsedTask#go():57 [Interpreted code]
                              at perf.TaskThreads$RunTask#call():81 [Interpreted code]
                              at perf.TaskThreads$RunTask#call():64 [Interpreted code]
                              at java.util.concurrent.FutureTask#run():328 [JIT compiled code]
                              at java.util.concurrent.ThreadPoolExecutor#runWorker():1090 [Interpreted code]
                              at java.util.concurrent.ThreadPoolExecutor$Worker#run():614 [Interpreted code]
0.35%         353           org.apache.lucene.codecs.lucene90.Lucene90DocValuesProducer$25#advance():2357 [Inlined code]
                              at org.apache.lucene.codecs.lucene90.Lucene90DocValuesProducer$25#nextDoc():2348 [Inlined code]
                              at org.apache.lucene.facet.sortedset.SortedSetDocValuesFacetCounts#countOneSegmentNHLD():135 [JIT compiled code]
                              at org.apache.lucene.facet.sortedset.SortedSetDocValuesFacetCounts#countAll():322 [Interpreted code]
                              at org.apache.lucene.facet.sortedset.SortedSetDocValuesFacetCounts#<init>():73 [Inlined code]
                              at org.apache.lucene.facet.sortedset.SortedSetDocValuesFacetCounts#<init>():63 [Inlined code]
                              at perf.SearchTask#go():290 [JIT compiled code]
                              at perf.UnparsedTask#go():57 [JIT compiled code]
                              at perf.TaskThreads$RunTask#call():81 [JIT compiled code]
                              at perf.TaskThreads$RunTask#call():64 [JIT compiled code]
                              at java.util.concurrent.FutureTask#run():328 [JIT compiled code]
                              at java.util.concurrent.ThreadPoolExecutor#runWorker():1090 [Interpreted code]
0.35%         351           jdk.internal.foreign.AbstractMemorySegmentImpl#checkBounds():403 [Inlined code]
                              at jdk.internal.foreign.AbstractMemorySegmentImpl#checkAccess():357 [Inlined code]
                              at jdk.internal.foreign.AbstractMemorySegmentImpl#checkEnclosingLayout():362 [Inlined code]
                              at java.lang.invoke.SegmentVarHandle#checkSegment():92 [Inlined code]
                              at java.lang.invoke.VarHandleSegmentAsInts#get():59 [Inlined code]
                              at java.lang.invoke.VarHandleSegmentAsInts#get():53 [Inlined code]
                              at java.lang.invoke.VarHandleGuards#guard_LJ_I():251 [Inlined code]
                              at jdk.internal.foreign.AbstractMemorySegmentImpl#get():742 [Inlined code]
                              at org.apache.lucene.store.MemorySegmentIndexInput$SingleSegmentImpl#readInt():808 [Inlined code]
                              at org.apache.lucene.util.packed.DirectReader$DirectPackedReader20#get():322 [Inlined code]
                              at org.apache.lucene.codecs.lucene90.Lucene90DocValuesProducer$4#longValue():994 [Inlined code]
                              at org.apache.lucene.facet.taxonomy.FastTaxonomyFacetCounts#countAll():138 [JIT compiled code]
0.35%         350           org.apache.lucene.store.MemorySegmentIndexInput$SingleSegmentImpl#readShort():797 [Inlined code]
                              at org.apache.lucene.util.packed.DirectReader$DirectPackedReader12#get():282 [JIT compiled code]
                              at org.apache.lucene.codecs.lucene90.Lucene90DocValuesProducer$25#nextOrd():2324 [Inlined code]
                              at org.apache.lucene.facet.sortedset.SortedSetDocValuesFacetCounts#countOneSegmentNHLD():137 [JIT compiled code]
                              at org.apache.lucene.facet.sortedset.SortedSetDocValuesFacetCounts#countAll():322 [Interpreted code]
                              at org.apache.lucene.facet.sortedset.SortedSetDocValuesFacetCounts#<init>():73 [Inlined code]
                              at org.apache.lucene.facet.sortedset.SortedSetDocValuesFacetCounts#<init>():63 [Inlined code]
                              at perf.SearchTask#go():290 [JIT compiled code]
                              at perf.UnparsedTask#go():57 [JIT compiled code]
                              at perf.TaskThreads$RunTask#call():81 [JIT compiled code]
                              at perf.TaskThreads$RunTask#call():64 [JIT compiled code]
                              at java.util.concurrent.FutureTask#run():328 [JIT compiled code]
0.34%         343           org.apache.lucene.facet.taxonomy.FastTaxonomyFacetCounts#countAll():125 [JIT compiled code]
                              at org.apache.lucene.facet.taxonomy.FastTaxonomyFacetCounts#<init>():69 [Interpreted code]
                              at perf.SearchTask#go():282 [Interpreted code]
                              at perf.UnparsedTask#go():57 [JIT compiled code]
                              at perf.TaskThreads$RunTask#call():81 [JIT compiled code]
                              at perf.TaskThreads$RunTask#call():64 [JIT compiled code]
                              at java.util.concurrent.FutureTask#run():328 [JIT compiled code]
                              at java.util.concurrent.ThreadPoolExecutor#runWorker():1090 [Interpreted code]
                              at java.util.concurrent.ThreadPoolExecutor$Worker#run():614 [Interpreted code]
                              at java.lang.Thread#runWith():1487 [Interpreted code]
                              at java.lang.Thread#run():1474 [Interpreted code]
0.34%         341           org.apache.lucene.util.packed.DirectMonotonicReader#get():138 [Inlined code]
                              at org.apache.lucene.codecs.lucene90.Lucene90DocValuesProducer$25#advance():2356 [Inlined code]
                              at org.apache.lucene.codecs.lucene90.Lucene90DocValuesProducer$25#nextDoc():2348 [Inlined code]
                              at org.apache.lucene.facet.sortedset.SortedSetDocValuesFacetCounts#countOneSegmentNHLD():135 [JIT compiled code]
                              at org.apache.lucene.facet.sortedset.SortedSetDocValuesFacetCounts#countAll():322 [Interpreted code]
                              at org.apache.lucene.facet.sortedset.SortedSetDocValuesFacetCounts#<init>():73 [Inlined code]
                              at org.apache.lucene.facet.sortedset.SortedSetDocValuesFacetCounts#<init>():63 [Inlined code]
                              at perf.SearchTask#go():290 [JIT compiled code]
                              at perf.UnparsedTask#go():57 [JIT compiled code]
                              at perf.TaskThreads$RunTask#call():81 [JIT compiled code]
                              at perf.TaskThreads$RunTask#call():64 [JIT compiled code]
                              at java.util.concurrent.FutureTask#run():328 [JIT compiled code]
0.33%         335           org.apache.lucene.facet.sortedset.SortedSetDocValuesFacetCounts#countOneSegmentNHLD():129 [JIT compiled code]
                              at org.apache.lucene.facet.sortedset.SortedSetDocValuesFacetCounts#countAll():322 [Interpreted code]
                              at org.apache.lucene.facet.sortedset.SortedSetDocValuesFacetCounts#<init>():73 [Interpreted code]
                              at org.apache.lucene.facet.sortedset.SortedSetDocValuesFacetCounts#<init>():63 [Interpreted code]
                              at perf.SearchTask#go():290 [Interpreted code]
                              at perf.UnparsedTask#go():57 [JIT compiled code]
                              at perf.TaskThreads$RunTask#call():81 [JIT compiled code]
                              at perf.TaskThreads$RunTask#call():64 [JIT compiled code]
                              at java.util.concurrent.FutureTask#run():328 [JIT compiled code]
                              at java.util.concurrent.ThreadPoolExecutor#runWorker():1090 [Interpreted code]
                              at java.util.concurrent.ThreadPoolExecutor$Worker#run():614 [Interpreted code]
                              at java.lang.Thread#runWith():1487 [Interpreted code]
0.33%         332           org.apache.lucene.facet.sortedset.SortedSetDocValuesFacetCounts#countOneSegmentNHLD():136 [JIT compiled code]
                              at org.apache.lucene.facet.sortedset.SortedSetDocValuesFacetCounts#countAll():322 [Interpreted code]
                              at org.apache.lucene.facet.sortedset.SortedSetDocValuesFacetCounts#<init>():73 [Inlined code]
                              at org.apache.lucene.facet.sortedset.SortedSetDocValuesFacetCounts#<init>():63 [Inlined code]
                              at perf.SearchTask#go():290 [JIT compiled code]
                              at perf.UnparsedTask#go():57 [JIT compiled code]
                              at perf.TaskThreads$RunTask#call():81 [JIT compiled code]
                              at perf.TaskThreads$RunTask#call():64 [JIT compiled code]
                              at java.util.concurrent.FutureTask#run():328 [JIT compiled code]
                              at java.util.concurrent.ThreadPoolExecutor#runWorker():1090 [Interpreted code]
                              at java.util.concurrent.ThreadPoolExecutor$Worker#run():614 [Interpreted code]
                              at java.lang.Thread#runWith():1487 [Interpreted code]


HEAP merged search profile for armK:
JFR aggregation command: /home/goankur/jdk/corretto-25/bin/java -server -Xms2g -Xmx2g --add-modules jdk.incubator.vector -XX:+HeapDumpOnOutOfMemoryError -XX:+UseParallelGC -cp /home/goankur/vsearch/bo/lucene-K/build-tools/build-infra/build/classes/java/main -Dtests.profile.mode=heap -Dtests.profile.stacksize=12 -Dtests.profile.count=30 -Dtests.profile.linenumbers=true org.apache.lucene.gradle.plugins.java.ProfileResults /home/goankur/vsearch/logs/bench-search-FAK-armK-13.jfr /home/goankur/vsearch/logs/bench-search-FAK-armK-14.jfr /home/goankur/vsearch/logs/bench-search-FAK-armK-15.jfr /home/goankur/vsearch/logs/bench-search-FAK-armK-16.jfr /home/goankur/vsearch/logs/bench-search-FAK-armK-17.jfr /home/goankur/vsearch/logs/bench-search-FAK-armK-18.jfr /home/goankur/vsearch/logs/bench-search-FAK-armK-19.jfr /home/goankur/vsearch/logs/bench-search-FAK-armK-8.jfr /home/goankur/vsearch/logs/bench-search-FAK-armK-9.jfr /home/goankur/vsearch/logs/bench-search-FAK-armK-10.jfr /home/goankur/vsearch/logs/bench-search-FAK-armK-11.jfr /home/goankur/vsearch/logs/bench-search-FAK-armK-12.jfr /home/goankur/vsearch/logs/bench-search-FAK-armK-2.jfr /home/goankur/vsearch/logs/bench-search-FAK-armK-3.jfr /home/goankur/vsearch/logs/bench-search-FAK-armK-4.jfr /home/goankur/vsearch/logs/bench-search-FAK-armK-5.jfr /home/goankur/vsearch/logs/bench-search-FAK-armK-6.jfr /home/goankur/vsearch/logs/bench-search-FAK-armK-7.jfr /home/goankur/vsearch/logs/bench-search-FAK-armK-1.jfr /home/goankur/vsearch/logs/bench-search-FAK-armK-0.jfr
Took 1.59 seconds
WARNING: Using incubator modules: jdk.incubator.vector
PROFILE SUMMARY from 58399 events (total: 72941M)
  tests.profile.mode=heap
  tests.profile.count=30
  tests.profile.stacksize=12
  tests.profile.linenumbers=true
PERCENT       HEAP SAMPLES  STACK
3.53%         2577M         org.apache.lucene.facet.taxonomy.TaxonomyFacets#initializeValueCounters():134 [Inlined code]
                              at org.apache.lucene.facet.taxonomy.FastTaxonomyFacetCounts#countAll():127 [JIT compiled code]
                              at org.apache.lucene.facet.taxonomy.FastTaxonomyFacetCounts#<init>():69 [Interpreted code]
                              at perf.SearchTask#go():282 [JIT compiled code]
                              at perf.UnparsedTask#go():57 [JIT compiled code]
                              at perf.TaskThreads$RunTask#call():81 [JIT compiled code]
                              at perf.TaskThreads$RunTask#call():64 [JIT compiled code]
                              at java.util.concurrent.FutureTask#run():328 [JIT compiled code]
                              at java.util.concurrent.ThreadPoolExecutor#runWorker():1090 [Interpreted code]
                              at java.util.concurrent.ThreadPoolExecutor$Worker#run():614 [Interpreted code]
                              at java.lang.Thread#runWith():1487 [Interpreted code]
                              at java.lang.Thread#run():1474 [Interpreted code]
3.36%         2450M         org.apache.lucene.util.ArrayUtil#growExact():436 [Inlined code]
                              at org.apache.lucene.util.ArrayUtil#grow():448 [Inlined code]
                              at org.apache.lucene.codecs.lucene90.LZ4WithPresetDictCompressionMode$LZ4WithPresetDictDecompressor#decompress():132 [JIT compiled code]
                              at org.apache.lucene.codecs.lucene90.compressing.Lucene90CompressingStoredFieldsReader$BlockState#document():641 [JIT compiled code]
                              at org.apache.lucene.codecs.lucene90.compressing.Lucene90CompressingStoredFieldsReader#serializedDocument():673 [Inlined code]
                              at org.apache.lucene.codecs.lucene90.compressing.Lucene90CompressingStoredFieldsReader#document():691 [JIT compiled code]
                              at org.apache.lucene.index.CodecReader$1#document():101 [Inlined code]
                              at org.apache.lucene.index.BaseCompositeReader$2#document():190 [JIT compiled code]
                              at org.apache.lucene.index.StoredFields#document():68 [Inlined code]
                              at perf.SearchTask#printResults():776 [JIT compiled code]
                              at perf.UnparsedTask#printResults():85 [JIT compiled code]
                              at perf.SearchPerfTest#_main():770 [Interpreted code]
1.79%         1309M         org.apache.lucene.facet.sortedset.SortedSetDocValuesFacetCounts#countOneSegmentNHLD():125 [JIT compiled code]
                              at org.apache.lucene.facet.sortedset.SortedSetDocValuesFacetCounts#countAll():322 [Interpreted code]
                              at org.apache.lucene.facet.sortedset.SortedSetDocValuesFacetCounts#<init>():73 [Inlined code]
                              at org.apache.lucene.facet.sortedset.SortedSetDocValuesFacetCounts#<init>():63 [Inlined code]
                              at perf.SearchTask#go():290 [JIT compiled code]
                              at perf.UnparsedTask#go():57 [JIT compiled code]
                              at perf.TaskThreads$RunTask#call():81 [JIT compiled code]
                              at perf.TaskThreads$RunTask#call():64 [JIT compiled code]
                              at java.util.concurrent.FutureTask#run():328 [JIT compiled code]
                              at java.util.concurrent.ThreadPoolExecutor#runWorker():1090 [Interpreted code]
                              at java.util.concurrent.ThreadPoolExecutor$Worker#run():614 [Interpreted code]
                              at java.lang.Thread#runWith():1487 [Interpreted code]
1.28%         932M          org.apache.lucene.util.ArrayUtil#growNoCopy():459 [Inlined code]
                              at org.apache.lucene.codecs.lucene90.LZ4WithPresetDictCompressionMode$LZ4WithPresetDictDecompressor#decompress():102 [JIT compiled code]
                              at org.apache.lucene.codecs.lucene90.compressing.Lucene90CompressingStoredFieldsReader$BlockState#document():641 [JIT compiled code]
                              at org.apache.lucene.codecs.lucene90.compressing.Lucene90CompressingStoredFieldsReader#serializedDocument():673 [Inlined code]
                              at org.apache.lucene.codecs.lucene90.compressing.Lucene90CompressingStoredFieldsReader#document():691 [JIT compiled code]
                              at org.apache.lucene.index.CodecReader$1#document():101 [Inlined code]
                              at org.apache.lucene.index.BaseCompositeReader$2#document():190 [JIT compiled code]
                              at org.apache.lucene.index.StoredFields#document():68 [Inlined code]
                              at perf.SearchTask#printResults():776 [JIT compiled code]
                              at perf.UnparsedTask#printResults():85 [JIT compiled code]
                              at perf.SearchPerfTest#_main():770 [Interpreted code]
                              at perf.SearchPerfTest#main():145 [Interpreted code]
1.19%         870M          org.apache.lucene.util.ArrayUtil#growNoCopy():423 [Inlined code]
                              at org.apache.lucene.codecs.lucene90.compressing.Lucene90CompressingStoredFieldsReader$BlockState#doReset():503 [JIT compiled code]
                              at org.apache.lucene.codecs.lucene90.compressing.Lucene90CompressingStoredFieldsReader$BlockState#reset():472 [Inlined code]
                              at org.apache.lucene.codecs.lucene90.compressing.Lucene90CompressingStoredFieldsReader#serializedDocument():670 [Inlined code]
                              at org.apache.lucene.codecs.lucene90.compressing.Lucene90CompressingStoredFieldsReader#document():691 [JIT compiled code]
                              at org.apache.lucene.index.CodecReader$1#document():101 [Inlined code]
                              at org.apache.lucene.index.BaseCompositeReader$2#document():190 [JIT compiled code]
                              at org.apache.lucene.index.StoredFields#document():68 [Inlined code]
                              at perf.SearchTask#printResults():776 [JIT compiled code]
                              at perf.UnparsedTask#printResults():85 [JIT compiled code]
                              at perf.SearchPerfTest#_main():770 [Interpreted code]
                              at perf.SearchPerfTest#main():145 [Interpreted code]
1.15%         837M          org.apache.lucene.util.ArrayUtil#growNoCopy():423 [Inlined code]
                              at org.apache.lucene.codecs.lucene90.compressing.Lucene90CompressingStoredFieldsReader$BlockState#doReset():504 [JIT compiled code]
                              at org.apache.lucene.codecs.lucene90.compressing.Lucene90CompressingStoredFieldsReader$BlockState#reset():472 [Inlined code]
                              at org.apache.lucene.codecs.lucene90.compressing.Lucene90CompressingStoredFieldsReader#serializedDocument():670 [Inlined code]
                              at org.apache.lucene.codecs.lucene90.compressing.Lucene90CompressingStoredFieldsReader#document():691 [JIT compiled code]
                              at org.apache.lucene.index.CodecReader$1#document():101 [Inlined code]
                              at org.apache.lucene.index.BaseCompositeReader$2#document():190 [JIT compiled code]
                              at org.apache.lucene.index.StoredFields#document():68 [Inlined code]
                              at perf.SearchTask#printResults():776 [JIT compiled code]
                              at perf.UnparsedTask#printResults():85 [JIT compiled code]
                              at perf.SearchPerfTest#_main():770 [Interpreted code]
                              at perf.SearchPerfTest#main():145 [Interpreted code]
0.89%         647M          org.apache.lucene.util.ArrayUtil#growExact():436 [Inlined code]
                              at org.apache.lucene.util.ArrayUtil#grow():448 [Inlined code]
                              at org.apache.lucene.codecs.lucene90.LZ4WithPresetDictCompressionMode$LZ4WithPresetDictDecompressor#decompress():132 [JIT compiled code]
                              at org.apache.lucene.codecs.lucene90.compressing.Lucene90CompressingStoredFieldsReader$BlockState#document():641 [JIT compiled code]
                              at org.apache.lucene.codecs.lucene90.compressing.Lucene90CompressingStoredFieldsReader#serializedDocument():673 [Inlined code]
                              at org.apache.lucene.codecs.lucene90.compressing.Lucene90CompressingStoredFieldsReader#document():691 [JIT compiled code]
                              at org.apache.lucene.index.CodecReader$1#document():101 [Inlined code]
                              at org.apache.lucene.index.BaseCompositeReader$2#document():190 [Inlined code]
                              at org.apache.lucene.index.StoredFields#document():68 [Inlined code]
                              at perf.SearchTask#printResults():776 [JIT compiled code]
                              at perf.UnparsedTask#printResults():85 [JIT compiled code]
                              at perf.SearchPerfTest#_main():770 [Interpreted code]
0.89%         645M          org.apache.lucene.facet.taxonomy.TaxonomyFacets#initializeValueCounters():134 [Inlined code]
                              at org.apache.lucene.facet.taxonomy.FastTaxonomyFacetCounts#count():82 [JIT compiled code]
                              at org.apache.lucene.facet.taxonomy.FastTaxonomyFacetCounts#<init>():57 [Interpreted code]
                              at perf.SearchTask#go():310 [JIT compiled code]
                              at perf.UnparsedTask#go():57 [JIT compiled code]
                              at perf.TaskThreads$RunTask#call():81 [JIT compiled code]
                              at perf.TaskThreads$RunTask#call():64 [JIT compiled code]
                              at java.util.concurrent.FutureTask#run():328 [JIT compiled code]
                              at java.util.concurrent.ThreadPoolExecutor#runWorker():1090 [Interpreted code]
                              at java.util.concurrent.ThreadPoolExecutor$Worker#run():614 [Interpreted code]
                              at java.lang.Thread#runWith():1487 [Interpreted code]
                              at java.lang.Thread#run():1474 [Interpreted code]
0.88%         640M          org.apache.lucene.facet.sortedset.SortedSetDocValuesFacetCounts#initializeCounts():81 [Inlined code]
                              at org.apache.lucene.facet.sortedset.SortedSetDocValuesFacetCounts#countOneSegmentNHLD():105 [JIT compiled code]
                              at org.apache.lucene.facet.sortedset.SortedSetDocValuesFacetCounts#countAll():322 [Interpreted code]
                              at org.apache.lucene.facet.sortedset.SortedSetDocValuesFacetCounts#<init>():73 [Inlined code]
                              at org.apache.lucene.facet.sortedset.SortedSetDocValuesFacetCounts#<init>():63 [Inlined code]
                              at perf.SearchTask#go():290 [JIT compiled code]
                              at perf.UnparsedTask#go():57 [JIT compiled code]
                              at perf.TaskThreads$RunTask#call():81 [JIT compiled code]
                              at perf.TaskThreads$RunTask#call():64 [JIT compiled code]
                              at java.util.concurrent.FutureTask#run():328 [JIT compiled code]
                              at java.util.concurrent.ThreadPoolExecutor#runWorker():1090 [Interpreted code]
                              at java.util.concurrent.ThreadPoolExecutor$Worker#run():614 [Interpreted code]
0.87%         631M          org.apache.lucene.facet.taxonomy.TaxonomyFacets#initializeValueCounters():134 [Inlined code]
                              at org.apache.lucene.facet.taxonomy.FastTaxonomyFacetCounts#countAll():127 [JIT compiled code]
                              at org.apache.lucene.facet.taxonomy.FastTaxonomyFacetCounts#<init>():69 [Interpreted code]
                              at perf.SearchTask#go():282 [Interpreted code]
                              at perf.UnparsedTask#go():57 [Interpreted code]
                              at perf.TaskThreads$RunTask#call():81 [Interpreted code]
                              at perf.TaskThreads$RunTask#call():64 [Interpreted code]
                              at java.util.concurrent.FutureTask#run():328 [JIT compiled code]
                              at java.util.concurrent.ThreadPoolExecutor#runWorker():1090 [Interpreted code]
                              at java.util.concurrent.ThreadPoolExecutor$Worker#run():614 [Interpreted code]
                              at java.lang.Thread#runWith():1487 [Interpreted code]
                              at java.lang.Thread#run():1474 [Interpreted code]
0.79%         576M          org.apache.lucene.util.ArrayUtil#growExact():436 [Inlined code]
                              at org.apache.lucene.util.ArrayUtil#grow():448 [Inlined code]
                              at org.apache.lucene.codecs.lucene90.LZ4WithPresetDictCompressionMode$LZ4WithPresetDictDecompressor#decompress():132 [JIT compiled code]
                              at org.apache.lucene.codecs.lucene90.compressing.Lucene90CompressingStoredFieldsReader$BlockState#document():641 [JIT compiled code]
                              at org.apache.lucene.codecs.lucene90.compressing.Lucene90CompressingStoredFieldsReader#serializedDocument():673 [Inlined code]
                              at org.apache.lucene.codecs.lucene90.compressing.Lucene90CompressingStoredFieldsReader#document():691 [JIT compiled code]
                              at org.apache.lucene.index.CodecReader$1#document():101 [Inlined code]
                              at org.apache.lucene.index.BaseCompositeReader$2#document():190 [JIT compiled code]
                              at org.apache.lucene.index.StoredFields#document():68 [Inlined code]
                              at perf.SearchTask#printResults():776 [JIT compiled code]
                              at perf.UnparsedTask#printResults():85 [Interpreted code]
                              at perf.SearchPerfTest#_main():770 [Interpreted code]
0.68%         498M          org.apache.lucene.facet.taxonomy.TaxonomyFacets#initializeValueCounters():134 [Inlined code]
                              at org.apache.lucene.facet.taxonomy.FastTaxonomyFacetCounts#countAll():127 [JIT compiled code]
                              at org.apache.lucene.facet.taxonomy.FastTaxonomyFacetCounts#<init>():69 [Interpreted code]
                              at perf.SearchTask#go():282 [Interpreted code]
                              at perf.UnparsedTask#go():57 [JIT compiled code]
                              at perf.TaskThreads$RunTask#call():81 [JIT compiled code]
                              at perf.TaskThreads$RunTask#call():64 [JIT compiled code]
                              at java.util.concurrent.FutureTask#run():328 [JIT compiled code]
                              at java.util.concurrent.ThreadPoolExecutor#runWorker():1090 [Interpreted code]
                              at java.util.concurrent.ThreadPoolExecutor$Worker#run():614 [Interpreted code]
                              at java.lang.Thread#runWith():1487 [Interpreted code]
                              at java.lang.Thread#run():1474 [Interpreted code]
0.61%         445M          perf.TaskThreads$TaskThread#run():156 [Interpreted code]
0.58%         421M          org.apache.lucene.facet.sortedset.SortedSetDocValuesFacetCounts#countOneSegmentNHLD():125 [JIT compiled code]
                              at org.apache.lucene.facet.sortedset.SortedSetDocValuesFacetCounts#countAll():322 [Interpreted code]
                              at org.apache.lucene.facet.sortedset.SortedSetDocValuesFacetCounts#<init>():73 [Interpreted code]
                              at org.apache.lucene.facet.sortedset.SortedSetDocValuesFacetCounts#<init>():63 [Interpreted code]
                              at perf.SearchTask#go():290 [Interpreted code]
                              at perf.UnparsedTask#go():57 [Interpreted code]
                              at perf.TaskThreads$RunTask#call():81 [Interpreted code]
                              at perf.TaskThreads$RunTask#call():64 [Interpreted code]
                              at java.util.concurrent.FutureTask#run():328 [JIT compiled code]
                              at java.util.concurrent.ThreadPoolExecutor#runWorker():1090 [Interpreted code]
                              at java.util.concurrent.ThreadPoolExecutor$Worker#run():614 [Interpreted code]
                              at java.lang.Thread#runWith():1487 [Interpreted code]
0.53%         389M          org.apache.lucene.util.ArrayUtil#growExact():436 [Inlined code]
                              at org.apache.lucene.util.ArrayUtil#grow():448 [Inlined code]
                              at org.apache.lucene.codecs.lucene90.LZ4WithPresetDictCompressionMode$LZ4WithPresetDictDecompressor#decompress():132 [JIT compiled code]
                              at org.apache.lucene.codecs.lucene90.compressing.Lucene90CompressingStoredFieldsReader$BlockState#document():641 [JIT compiled code]
                              at org.apache.lucene.codecs.lucene90.compressing.Lucene90CompressingStoredFieldsReader#serializedDocument():673 [Inlined code]
                              at org.apache.lucene.codecs.lucene90.compressing.Lucene90CompressingStoredFieldsReader#document():691 [JIT compiled code]
                              at org.apache.lucene.index.CodecReader$1#document():101 [Inlined code]
                              at org.apache.lucene.index.BaseCompositeReader$2#document():190 [JIT compiled code]
                              at org.apache.lucene.index.StoredFields#document():68 [Inlined code]
                              at perf.SearchTask#printResults():771 [JIT compiled code]
                              at perf.UnparsedTask#printResults():85 [JIT compiled code]
                              at perf.SearchPerfTest#_main():770 [Interpreted code]
0.53%         386M          org.apache.lucene.util.FixedBitSet#<init>():148 [Inlined code]
                              at org.apache.lucene.codecs.lucene104.Lucene104PostingsReader$BlockPostingsEnum#<init>():307 [JIT compiled code]
                              at org.apache.lucene.codecs.lucene104.Lucene104PostingsReader#postings():260 [Inlined code]
                              at org.apache.lucene.codecs.lucene103.blocktree.SegmentTermsEnum#postings():1010 [JIT compiled code]
                              at org.apache.lucene.search.comparators.TermOrdValComparator$PostingsBasedCompetitiveState#init():660 [JIT compiled code]
                              at org.apache.lucene.search.comparators.TermOrdValComparator$PostingsBasedCompetitiveState#update():615 [Inlined code]
                              at org.apache.lucene.search.comparators.TermOrdValComparator$TermOrdValLeafComparator#updateCompetitiveIterator():500 [JIT compiled code]
                              at org.apache.lucene.search.comparators.TermOrdValComparator$TermOrdValLeafComparator#setBottom():391 [JIT compiled code]
                              at org.apache.lucene.search.TopFieldCollector$TopFieldLeafCollector#collectCompetitiveHit():118 [JIT compiled code]
                              at org.apache.lucene.search.TopFieldCollector$SimpleFieldCollector$1#collect():209 [Inlined code]
                              at org.apache.lucene.search.LeafCollector$$Lambda.0x00000000201c3570#accept() [Inlined code]
                              at org.apache.lucene.util.FixedBitSet#forEach():944 [Inlined code]
0.52%         381M          org.apache.lucene.codecs.lucene104.Lucene104PostingsReader$BlockPostingsEnum#<init>():302 [JIT compiled code]
                              at org.apache.lucene.codecs.lucene104.Lucene104PostingsReader#postings():260 [Inlined code]
                              at org.apache.lucene.codecs.lucene103.blocktree.SegmentTermsEnum#postings():1010 [JIT compiled code]
                              at org.apache.lucene.search.comparators.TermOrdValComparator$PostingsBasedCompetitiveState#init():660 [JIT compiled code]
                              at org.apache.lucene.search.comparators.TermOrdValComparator$PostingsBasedCompetitiveState#update():615 [Inlined code]
                              at org.apache.lucene.search.comparators.TermOrdValComparator$TermOrdValLeafComparator#updateCompetitiveIterator():500 [JIT compiled code]
                              at org.apache.lucene.search.comparators.TermOrdValComparator$TermOrdValLeafComparator#setBottom():391 [JIT compiled code]
                              at org.apache.lucene.search.TopFieldCollector$TopFieldLeafCollector#collectCompetitiveHit():118 [JIT compiled code]
                              at org.apache.lucene.search.TopFieldCollector$SimpleFieldCollector$1#collect():209 [Inlined code]
                              at org.apache.lucene.search.LeafCollector$$Lambda.0x00000000201c3570#accept() [Inlined code]
                              at org.apache.lucene.util.FixedBitSet#forEach():944 [Inlined code]
                              at org.apache.lucene.util.FixedBitSet#forEach():931 [JIT compiled code]
0.52%         375M          org.apache.lucene.codecs.lucene104.Lucene104PostingsReader$BlockPostingsEnum#<init>():335 [JIT compiled code]
                              at org.apache.lucene.codecs.lucene104.Lucene104PostingsReader#postings():260 [Inlined code]
                              at org.apache.lucene.codecs.lucene103.blocktree.SegmentTermsEnum#postings():1010 [JIT compiled code]
                              at org.apache.lucene.search.comparators.TermOrdValComparator$PostingsBasedCompetitiveState#init():660 [JIT compiled code]
                              at org.apache.lucene.search.comparators.TermOrdValComparator$PostingsBasedCompetitiveState#update():615 [Inlined code]
                              at org.apache.lucene.search.comparators.TermOrdValComparator$TermOrdValLeafComparator#updateCompetitiveIterator():500 [JIT compiled code]
                              at org.apache.lucene.search.comparators.TermOrdValComparator$TermOrdValLeafComparator#setBottom():391 [JIT compiled code]
                              at org.apache.lucene.search.TopFieldCollector$TopFieldLeafCollector#collectCompetitiveHit():118 [JIT compiled code]
                              at org.apache.lucene.search.TopFieldCollector$SimpleFieldCollector$1#collect():209 [Inlined code]
                              at org.apache.lucene.search.LeafCollector$$Lambda.0x00000000021c3570#accept() [Inlined code]
                              at org.apache.lucene.util.FixedBitSet#forEach():944 [Inlined code]
                              at org.apache.lucene.util.FixedBitSet#forEach():931 [JIT compiled code]
0.52%         375M          org.apache.lucene.codecs.lucene104.Lucene104PostingsReader$BlockPostingsEnum#<init>():302 [JIT compiled code]
                              at org.apache.lucene.codecs.lucene104.Lucene104PostingsReader#postings():260 [Inlined code]
                              at org.apache.lucene.codecs.lucene103.blocktree.SegmentTermsEnum#postings():1010 [JIT compiled code]
                              at org.apache.lucene.search.comparators.TermOrdValComparator$PostingsBasedCompetitiveState#init():660 [JIT compiled code]
                              at org.apache.lucene.search.comparators.TermOrdValComparator$PostingsBasedCompetitiveState#update():615 [Inlined code]
                              at org.apache.lucene.search.comparators.TermOrdValComparator$TermOrdValLeafComparator#updateCompetitiveIterator():500 [JIT compiled code]
                              at org.apache.lucene.search.comparators.TermOrdValComparator$TermOrdValLeafComparator#setBottom():391 [JIT compiled code]
                              at org.apache.lucene.search.TopFieldCollector$TopFieldLeafCollector#collectCompetitiveHit():118 [JIT compiled code]
                              at org.apache.lucene.search.TopFieldCollector$SimpleFieldCollector$1#collect():209 [Inlined code]
                              at org.apache.lucene.search.LeafCollector$$Lambda.0x000000003b1c3570#accept() [Inlined code]
                              at org.apache.lucene.util.FixedBitSet#forEach():944 [Inlined code]
                              at org.apache.lucene.util.FixedBitSet#forEach():931 [JIT compiled code]
0.51%         372M          org.apache.lucene.codecs.lucene104.Lucene104PostingsReader$BlockPostingsEnum#<init>():302 [JIT compiled code]
                              at org.apache.lucene.codecs.lucene104.Lucene104PostingsReader#postings():260 [Inlined code]
                              at org.apache.lucene.codecs.lucene103.blocktree.SegmentTermsEnum#postings():1010 [JIT compiled code]
                              at org.apache.lucene.search.comparators.TermOrdValComparator$PostingsBasedCompetitiveState#init():660 [JIT compiled code]
                              at org.apache.lucene.search.comparators.TermOrdValComparator$PostingsBasedCompetitiveState#update():615 [Inlined code]
                              at org.apache.lucene.search.comparators.TermOrdValComparator$TermOrdValLeafComparator#updateCompetitiveIterator():500 [JIT compiled code]
                              at org.apache.lucene.search.comparators.TermOrdValComparator$TermOrdValLeafComparator#setBottom():391 [JIT compiled code]
                              at org.apache.lucene.search.TopFieldCollector$TopFieldLeafCollector#collectCompetitiveHit():118 [JIT compiled code]
                              at org.apache.lucene.search.TopFieldCollector$SimpleFieldCollector$1#collect():209 [Inlined code]
                              at org.apache.lucene.search.LeafCollector$$Lambda.0x00000000021c3570#accept() [Inlined code]
                              at org.apache.lucene.util.FixedBitSet#forEach():944 [Inlined code]
                              at org.apache.lucene.util.FixedBitSet#forEach():931 [JIT compiled code]
0.51%         370M          org.apache.lucene.util.FixedBitSet#<init>():148 [Inlined code]
                              at org.apache.lucene.codecs.lucene104.Lucene104PostingsReader$BlockPostingsEnum#<init>():307 [JIT compiled code]
                              at org.apache.lucene.codecs.lucene104.Lucene104PostingsReader#postings():260 [Inlined code]
                              at org.apache.lucene.codecs.lucene103.blocktree.SegmentTermsEnum#postings():1010 [JIT compiled code]
                              at org.apache.lucene.search.comparators.TermOrdValComparator$PostingsBasedCompetitiveState#init():660 [JIT compiled code]
                              at org.apache.lucene.search.comparators.TermOrdValComparator$PostingsBasedCompetitiveState#update():615 [Inlined code]
                              at org.apache.lucene.search.comparators.TermOrdValComparator$TermOrdValLeafComparator#updateCompetitiveIterator():500 [JIT compiled code]
                              at org.apache.lucene.search.comparators.TermOrdValComparator$TermOrdValLeafComparator#setBottom():391 [JIT compiled code]
                              at org.apache.lucene.search.TopFieldCollector$TopFieldLeafCollector#collectCompetitiveHit():118 [JIT compiled code]
                              at org.apache.lucene.search.TopFieldCollector$SimpleFieldCollector$1#collect():209 [Inlined code]
                              at org.apache.lucene.search.LeafCollector$$Lambda.0x00000000031c3570#accept() [Inlined code]
                              at org.apache.lucene.util.FixedBitSet#forEach():944 [Inlined code]
0.51%         370M          org.apache.lucene.util.FixedBitSet#<init>():148 [Inlined code]
                              at org.apache.lucene.codecs.lucene104.Lucene104PostingsReader$BlockPostingsEnum#<init>():307 [JIT compiled code]
                              at org.apache.lucene.codecs.lucene104.Lucene104PostingsReader#postings():260 [Inlined code]
                              at org.apache.lucene.codecs.lucene103.blocktree.SegmentTermsEnum#postings():1010 [JIT compiled code]
                              at org.apache.lucene.search.comparators.TermOrdValComparator$PostingsBasedCompetitiveState#init():660 [JIT compiled code]
                              at org.apache.lucene.search.comparators.TermOrdValComparator$PostingsBasedCompetitiveState#update():615 [Inlined code]
                              at org.apache.lucene.search.comparators.TermOrdValComparator$TermOrdValLeafComparator#updateCompetitiveIterator():500 [JIT compiled code]
                              at org.apache.lucene.search.comparators.TermOrdValComparator$TermOrdValLeafComparator#setBottom():391 [JIT compiled code]
                              at org.apache.lucene.search.TopFieldCollector$TopFieldLeafCollector#collectCompetitiveHit():118 [JIT compiled code]
                              at org.apache.lucene.search.TopFieldCollector$SimpleFieldCollector$1#collect():209 [Inlined code]
                              at org.apache.lucene.search.LeafCollector$$Lambda.0x000000003b1c3570#accept() [Inlined code]
                              at org.apache.lucene.util.FixedBitSet#forEach():944 [Inlined code]
0.50%         366M          org.apache.lucene.util.FixedBitSet#<init>():148 [Inlined code]
                              at org.apache.lucene.codecs.lucene104.Lucene104PostingsReader$BlockPostingsEnum#<init>():307 [JIT compiled code]
                              at org.apache.lucene.codecs.lucene104.Lucene104PostingsReader#postings():260 [Inlined code]
                              at org.apache.lucene.codecs.lucene103.blocktree.SegmentTermsEnum#postings():1010 [JIT compiled code]
                              at org.apache.lucene.search.comparators.TermOrdValComparator$PostingsBasedCompetitiveState#init():660 [JIT compiled code]
                              at org.apache.lucene.search.comparators.TermOrdValComparator$PostingsBasedCompetitiveState#update():615 [Inlined code]
                              at org.apache.lucene.search.comparators.TermOrdValComparator$TermOrdValLeafComparator#updateCompetitiveIterator():500 [JIT compiled code]
                              at org.apache.lucene.search.comparators.TermOrdValComparator$TermOrdValLeafComparator#setBottom():391 [JIT compiled code]
                              at org.apache.lucene.search.TopFieldCollector$TopFieldLeafCollector#collectCompetitiveHit():118 [JIT compiled code]
                              at org.apache.lucene.search.TopFieldCollector$SimpleFieldCollector$1#collect():209 [Inlined code]
                              at org.apache.lucene.search.LeafCollector$$Lambda.0x00000000021c3570#accept() [Inlined code]
                              at org.apache.lucene.util.FixedBitSet#forEach():944 [Inlined code]
0.50%         362M          org.apache.lucene.codecs.lucene104.Lucene104PostingsReader$BlockPostingsEnum#<init>():302 [JIT compiled code]
                              at org.apache.lucene.codecs.lucene104.Lucene104PostingsReader#postings():260 [Inlined code]
                              at org.apache.lucene.codecs.lucene103.blocktree.SegmentTermsEnum#postings():1010 [JIT compiled code]
                              at org.apache.lucene.search.comparators.TermOrdValComparator$PostingsBasedCompetitiveState#init():660 [JIT compiled code]
                              at org.apache.lucene.search.comparators.TermOrdValComparator$PostingsBasedCompetitiveState#update():615 [Inlined code]
                              at org.apache.lucene.search.comparators.TermOrdValComparator$TermOrdValLeafComparator#updateCompetitiveIterator():500 [JIT compiled code]
                              at org.apache.lucene.search.comparators.TermOrdValComparator$TermOrdValLeafComparator#setBottom():391 [JIT compiled code]
                              at org.apache.lucene.search.TopFieldCollector$TopFieldLeafCollector#collectCompetitiveHit():118 [JIT compiled code]
                              at org.apache.lucene.search.TopFieldCollector$SimpleFieldCollector$1#collect():209 [Inlined code]
                              at org.apache.lucene.search.LeafCollector$$Lambda.0x00000000261c3570#accept() [Inlined code]
                              at org.apache.lucene.util.FixedBitSet#forEach():944 [Inlined code]
                              at org.apache.lucene.util.FixedBitSet#forEach():931 [JIT compiled code]
0.50%         361M          org.apache.lucene.codecs.lucene104.Lucene104PostingsReader$BlockPostingsEnum#<init>():335 [JIT compiled code]
                              at org.apache.lucene.codecs.lucene104.Lucene104PostingsReader#postings():260 [Inlined code]
                              at org.apache.lucene.codecs.lucene103.blocktree.SegmentTermsEnum#postings():1010 [JIT compiled code]
                              at org.apache.lucene.search.comparators.TermOrdValComparator$PostingsBasedCompetitiveState#init():660 [JIT compiled code]
                              at org.apache.lucene.search.comparators.TermOrdValComparator$PostingsBasedCompetitiveState#update():615 [Inlined code]
                              at org.apache.lucene.search.comparators.TermOrdValComparator$TermOrdValLeafComparator#updateCompetitiveIterator():500 [JIT compiled code]
                              at org.apache.lucene.search.comparators.TermOrdValComparator$TermOrdValLeafComparator#setBottom():391 [JIT compiled code]
                              at org.apache.lucene.search.TopFieldCollector$TopFieldLeafCollector#collectCompetitiveHit():118 [JIT compiled code]
                              at org.apache.lucene.search.TopFieldCollector$SimpleFieldCollector$1#collect():209 [Inlined code]
                              at org.apache.lucene.search.LeafCollector$$Lambda.0x00000000261c3570#accept() [Inlined code]
                              at org.apache.lucene.util.FixedBitSet#forEach():944 [Inlined code]
                              at org.apache.lucene.util.FixedBitSet#forEach():931 [JIT compiled code]
0.49%         356M          org.apache.lucene.codecs.lucene104.Lucene104PostingsReader$BlockPostingsEnum#<init>():335 [JIT compiled code]
                              at org.apache.lucene.codecs.lucene104.Lucene104PostingsReader#postings():260 [Inlined code]
                              at org.apache.lucene.codecs.lucene103.blocktree.SegmentTermsEnum#postings():1010 [JIT compiled code]
                              at org.apache.lucene.search.comparators.TermOrdValComparator$PostingsBasedCompetitiveState#init():660 [JIT compiled code]
                              at org.apache.lucene.search.comparators.TermOrdValComparator$PostingsBasedCompetitiveState#update():615 [Inlined code]
                              at org.apache.lucene.search.comparators.TermOrdValComparator$TermOrdValLeafComparator#updateCompetitiveIterator():500 [JIT compiled code]
                              at org.apache.lucene.search.comparators.TermOrdValComparator$TermOrdValLeafComparator#setBottom():391 [JIT compiled code]
                              at org.apache.lucene.search.TopFieldCollector$TopFieldLeafCollector#collectCompetitiveHit():118 [JIT compiled code]
                              at org.apache.lucene.search.TopFieldCollector$SimpleFieldCollector$1#collect():209 [Inlined code]
                              at org.apache.lucene.search.LeafCollector$$Lambda.0x000000003b1c3570#accept() [Inlined code]
                              at org.apache.lucene.util.FixedBitSet#forEach():944 [Inlined code]
                              at org.apache.lucene.util.FixedBitSet#forEach():931 [JIT compiled code]
0.47%         343M          org.apache.lucene.util.FixedBitSet#<init>():148 [Inlined code]
                              at org.apache.lucene.codecs.lucene104.Lucene104PostingsReader$BlockPostingsEnum#<init>():307 [JIT compiled code]
                              at org.apache.lucene.codecs.lucene104.Lucene104PostingsReader#postings():260 [Inlined code]
                              at org.apache.lucene.codecs.lucene103.blocktree.SegmentTermsEnum#postings():1010 [JIT compiled code]
                              at org.apache.lucene.search.comparators.TermOrdValComparator$PostingsBasedCompetitiveState#init():660 [JIT compiled code]
                              at org.apache.lucene.search.comparators.TermOrdValComparator$PostingsBasedCompetitiveState#update():615 [Inlined code]
                              at org.apache.lucene.search.comparators.TermOrdValComparator$TermOrdValLeafComparator#updateCompetitiveIterator():500 [JIT compiled code]
                              at org.apache.lucene.search.comparators.TermOrdValComparator$TermOrdValLeafComparator#setBottom():391 [JIT compiled code]
                              at org.apache.lucene.search.TopFieldCollector$TopFieldLeafCollector#collectCompetitiveHit():118 [JIT compiled code]
                              at org.apache.lucene.search.TopFieldCollector$SimpleFieldCollector$1#collect():209 [Inlined code]
                              at org.apache.lucene.search.LeafCollector$$Lambda.0x00000000261c3570#accept() [Inlined code]
                              at org.apache.lucene.util.FixedBitSet#forEach():944 [Inlined code]
0.46%         335M          org.apache.lucene.codecs.lucene104.Lucene104PostingsReader$BlockPostingsEnum#<init>():335 [JIT compiled code]
                              at org.apache.lucene.codecs.lucene104.Lucene104PostingsReader#postings():260 [Inlined code]
                              at org.apache.lucene.codecs.lucene103.blocktree.SegmentTermsEnum#postings():1010 [JIT compiled code]
                              at org.apache.lucene.search.comparators.TermOrdValComparator$PostingsBasedCompetitiveState#init():660 [JIT compiled code]
                              at org.apache.lucene.search.comparators.TermOrdValComparator$PostingsBasedCompetitiveState#update():615 [Inlined code]
                              at org.apache.lucene.search.comparators.TermOrdValComparator$TermOrdValLeafComparator#updateCompetitiveIterator():500 [JIT compiled code]
                              at org.apache.lucene.search.comparators.TermOrdValComparator$TermOrdValLeafComparator#setBottom():391 [JIT compiled code]
                              at org.apache.lucene.search.TopFieldCollector$TopFieldLeafCollector#collectCompetitiveHit():118 [JIT compiled code]
                              at org.apache.lucene.search.TopFieldCollector$SimpleFieldCollector$1#collect():209 [Inlined code]
                              at org.apache.lucene.search.LeafCollector$$Lambda.0x00000000201c3570#accept() [Inlined code]
                              at org.apache.lucene.util.FixedBitSet#forEach():944 [Inlined code]
                              at org.apache.lucene.util.FixedBitSet#forEach():931 [JIT compiled code]
0.46%         335M          org.apache.lucene.codecs.lucene104.Lucene104PostingsReader$BlockPostingsEnum#<init>():335 [JIT compiled code]
                              at org.apache.lucene.codecs.lucene104.Lucene104PostingsReader#postings():260 [Inlined code]
                              at org.apache.lucene.codecs.lucene103.blocktree.SegmentTermsEnum#postings():1010 [JIT compiled code]
                              at org.apache.lucene.search.comparators.TermOrdValComparator$PostingsBasedCompetitiveState#init():660 [JIT compiled code]
                              at org.apache.lucene.search.comparators.TermOrdValComparator$PostingsBasedCompetitiveState#update():615 [Inlined code]
                              at org.apache.lucene.search.comparators.TermOrdValComparator$TermOrdValLeafComparator#updateCompetitiveIterator():500 [JIT compiled code]
                              at org.apache.lucene.search.comparators.TermOrdValComparator$TermOrdValLeafComparator#<init>():293 [JIT compiled code]
                              at org.apache.lucene.search.comparators.TermOrdValComparator#getLeafComparator():171 [JIT compiled code]
                              at org.apache.lucene.search.FieldValueHitQueue#getComparators():172 [JIT compiled code]
                              at org.apache.lucene.search.TopFieldCollector$TopFieldLeafCollector#<init>():60 [JIT compiled code]
                              at org.apache.lucene.search.TopFieldCollector$SimpleFieldCollector$1#<init>():200 [JIT compiled code]
                              at org.apache.lucene.search.TopFieldCollector$SimpleFieldCollector#getLeafCollector():199 [JIT compiled code]
0.41%         301M          perf.TaskParser#secondPassParse():208 [Interpreted code]
                              at perf.UnparsedTask#go():53 [Interpreted code]
                              at perf.TaskThreads$RunTask#call():81 [Interpreted code]
                              at perf.TaskThreads$RunTask#call():64 [Interpreted code]
                              at java.util.concurrent.FutureTask#run():328 [JIT compiled code]
                              at java.util.concurrent.ThreadPoolExecutor#runWorker():1090 [Interpreted code]
                              at java.util.concurrent.ThreadPoolExecutor$Worker#run():614 [Interpreted code]
                              at java.lang.Thread#runWith():1487 [Interpreted code]
                              at java.lang.Thread#run():1474 [Interpreted code]


HEAP merged search profile for armA:
JFR aggregation command: /home/goankur/jdk/corretto-25/bin/java -server -Xms2g -Xmx2g --add-modules jdk.incubator.vector -XX:+HeapDumpOnOutOfMemoryError -XX:+UseParallelGC -cp /home/goankur/vsearch/bo/lucene-A/build-tools/build-infra/build/classes/java/main -Dtests.profile.mode=heap -Dtests.profile.stacksize=12 -Dtests.profile.count=30 -Dtests.profile.linenumbers=true org.apache.lucene.gradle.plugins.java.ProfileResults /home/goankur/vsearch/logs/bench-search-FAK-armA-13.jfr /home/goankur/vsearch/logs/bench-search-FAK-armA-14.jfr /home/goankur/vsearch/logs/bench-search-FAK-armA-15.jfr /home/goankur/vsearch/logs/bench-search-FAK-armA-16.jfr /home/goankur/vsearch/logs/bench-search-FAK-armA-17.jfr /home/goankur/vsearch/logs/bench-search-FAK-armA-18.jfr /home/goankur/vsearch/logs/bench-search-FAK-armA-19.jfr /home/goankur/vsearch/logs/bench-search-FAK-armA-8.jfr /home/goankur/vsearch/logs/bench-search-FAK-armA-9.jfr /home/goankur/vsearch/logs/bench-search-FAK-armA-10.jfr /home/goankur/vsearch/logs/bench-search-FAK-armA-11.jfr /home/goankur/vsearch/logs/bench-search-FAK-armA-12.jfr /home/goankur/vsearch/logs/bench-search-FAK-armA-2.jfr /home/goankur/vsearch/logs/bench-search-FAK-armA-3.jfr /home/goankur/vsearch/logs/bench-search-FAK-armA-4.jfr /home/goankur/vsearch/logs/bench-search-FAK-armA-5.jfr /home/goankur/vsearch/logs/bench-search-FAK-armA-6.jfr /home/goankur/vsearch/logs/bench-search-FAK-armA-7.jfr /home/goankur/vsearch/logs/bench-search-FAK-armA-0.jfr /home/goankur/vsearch/logs/bench-search-FAK-armA-1.jfr
Took 1.64 seconds
WARNING: Using incubator modules: jdk.incubator.vector
PROFILE SUMMARY from 58936 events (total: 73033M)
  tests.profile.mode=heap
  tests.profile.count=30
  tests.profile.stacksize=12
  tests.profile.linenumbers=true
PERCENT       HEAP SAMPLES  STACK
3.61%         2634M         org.apache.lucene.facet.taxonomy.TaxonomyFacets#initializeValueCounters():134 [Inlined code]
                              at org.apache.lucene.facet.taxonomy.FastTaxonomyFacetCounts#countAll():127 [JIT compiled code]
                              at org.apache.lucene.facet.taxonomy.FastTaxonomyFacetCounts#<init>():69 [Interpreted code]
                              at perf.SearchTask#go():282 [JIT compiled code]
                              at perf.UnparsedTask#go():57 [JIT compiled code]
                              at perf.TaskThreads$RunTask#call():81 [JIT compiled code]
                              at perf.TaskThreads$RunTask#call():64 [JIT compiled code]
                              at java.util.concurrent.FutureTask#run():328 [JIT compiled code]
                              at java.util.concurrent.ThreadPoolExecutor#runWorker():1090 [Interpreted code]
                              at java.util.concurrent.ThreadPoolExecutor$Worker#run():614 [Interpreted code]
                              at java.lang.Thread#runWith():1487 [Interpreted code]
                              at java.lang.Thread#run():1474 [Interpreted code]
3.37%         2458M         org.apache.lucene.util.ArrayUtil#growExact():436 [Inlined code]
                              at org.apache.lucene.util.ArrayUtil#grow():448 [Inlined code]
                              at org.apache.lucene.codecs.lucene90.LZ4WithPresetDictCompressionMode$LZ4WithPresetDictDecompressor#decompress():132 [JIT compiled code]
                              at org.apache.lucene.codecs.lucene90.compressing.Lucene90CompressingStoredFieldsReader$BlockState#document():641 [JIT compiled code]
                              at org.apache.lucene.codecs.lucene90.compressing.Lucene90CompressingStoredFieldsReader#serializedDocument():673 [Inlined code]
                              at org.apache.lucene.codecs.lucene90.compressing.Lucene90CompressingStoredFieldsReader#document():691 [JIT compiled code]
                              at org.apache.lucene.index.CodecReader$1#document():101 [Inlined code]
                              at org.apache.lucene.index.BaseCompositeReader$2#document():190 [JIT compiled code]
                              at org.apache.lucene.index.StoredFields#document():68 [Inlined code]
                              at perf.SearchTask#printResults():776 [JIT compiled code]
                              at perf.UnparsedTask#printResults():85 [JIT compiled code]
                              at perf.SearchPerfTest#_main():770 [Interpreted code]
1.84%         1343M         org.apache.lucene.facet.sortedset.SortedSetDocValuesFacetCounts#countOneSegmentNHLD():125 [JIT compiled code]
                              at org.apache.lucene.facet.sortedset.SortedSetDocValuesFacetCounts#countAll():322 [Interpreted code]
                              at org.apache.lucene.facet.sortedset.SortedSetDocValuesFacetCounts#<init>():73 [Inlined code]
                              at org.apache.lucene.facet.sortedset.SortedSetDocValuesFacetCounts#<init>():63 [Inlined code]
                              at perf.SearchTask#go():290 [JIT compiled code]
                              at perf.UnparsedTask#go():57 [JIT compiled code]
                              at perf.TaskThreads$RunTask#call():81 [JIT compiled code]
                              at perf.TaskThreads$RunTask#call():64 [JIT compiled code]
                              at java.util.concurrent.FutureTask#run():328 [JIT compiled code]
                              at java.util.concurrent.ThreadPoolExecutor#runWorker():1090 [Interpreted code]
                              at java.util.concurrent.ThreadPoolExecutor$Worker#run():614 [Interpreted code]
                              at java.lang.Thread#runWith():1487 [Interpreted code]
1.20%         873M          org.apache.lucene.util.ArrayUtil#growNoCopy():423 [Inlined code]
                              at org.apache.lucene.codecs.lucene90.compressing.Lucene90CompressingStoredFieldsReader$BlockState#doReset():503 [JIT compiled code]
                              at org.apache.lucene.codecs.lucene90.compressing.Lucene90CompressingStoredFieldsReader$BlockState#reset():472 [Inlined code]
                              at org.apache.lucene.codecs.lucene90.compressing.Lucene90CompressingStoredFieldsReader#serializedDocument():670 [Inlined code]
                              at org.apache.lucene.codecs.lucene90.compressing.Lucene90CompressingStoredFieldsReader#document():691 [JIT compiled code]
                              at org.apache.lucene.index.CodecReader$1#document():101 [Inlined code]
                              at org.apache.lucene.index.BaseCompositeReader$2#document():190 [JIT compiled code]
                              at org.apache.lucene.index.StoredFields#document():68 [Inlined code]
                              at perf.SearchTask#printResults():776 [JIT compiled code]
                              at perf.UnparsedTask#printResults():85 [JIT compiled code]
                              at perf.SearchPerfTest#_main():770 [Interpreted code]
                              at perf.SearchPerfTest#main():145 [Interpreted code]
1.12%         814M          org.apache.lucene.util.ArrayUtil#growNoCopy():423 [Inlined code]
                              at org.apache.lucene.codecs.lucene90.compressing.Lucene90CompressingStoredFieldsReader$BlockState#doReset():504 [JIT compiled code]
                              at org.apache.lucene.codecs.lucene90.compressing.Lucene90CompressingStoredFieldsReader$BlockState#reset():472 [Inlined code]
                              at org.apache.lucene.codecs.lucene90.compressing.Lucene90CompressingStoredFieldsReader#serializedDocument():670 [Inlined code]
                              at org.apache.lucene.codecs.lucene90.compressing.Lucene90CompressingStoredFieldsReader#document():691 [JIT compiled code]
                              at org.apache.lucene.index.CodecReader$1#document():101 [Inlined code]
                              at org.apache.lucene.index.BaseCompositeReader$2#document():190 [JIT compiled code]
                              at org.apache.lucene.index.StoredFields#document():68 [Inlined code]
                              at perf.SearchTask#printResults():776 [JIT compiled code]
                              at perf.UnparsedTask#printResults():85 [JIT compiled code]
                              at perf.SearchPerfTest#_main():770 [Interpreted code]
                              at perf.SearchPerfTest#main():145 [Interpreted code]
1.11%         812M          org.apache.lucene.util.ArrayUtil#growNoCopy():459 [Inlined code]
                              at org.apache.lucene.codecs.lucene90.LZ4WithPresetDictCompressionMode$LZ4WithPresetDictDecompressor#decompress():102 [JIT compiled code]
                              at org.apache.lucene.codecs.lucene90.compressing.Lucene90CompressingStoredFieldsReader$BlockState#document():641 [JIT compiled code]
                              at org.apache.lucene.codecs.lucene90.compressing.Lucene90CompressingStoredFieldsReader#serializedDocument():673 [Inlined code]
                              at org.apache.lucene.codecs.lucene90.compressing.Lucene90CompressingStoredFieldsReader#document():691 [JIT compiled code]
                              at org.apache.lucene.index.CodecReader$1#document():101 [Inlined code]
                              at org.apache.lucene.index.BaseCompositeReader$2#document():190 [JIT compiled code]
                              at org.apache.lucene.index.StoredFields#document():68 [Inlined code]
                              at perf.SearchTask#printResults():776 [JIT compiled code]
                              at perf.UnparsedTask#printResults():85 [JIT compiled code]
                              at perf.SearchPerfTest#_main():770 [Interpreted code]
                              at perf.SearchPerfTest#main():145 [Interpreted code]
0.97%         706M          org.apache.lucene.facet.taxonomy.TaxonomyFacets#initializeValueCounters():134 [Inlined code]
                              at org.apache.lucene.facet.taxonomy.FastTaxonomyFacetCounts#countAll():127 [JIT compiled code]
                              at org.apache.lucene.facet.taxonomy.FastTaxonomyFacetCounts#<init>():69 [Interpreted code]
                              at perf.SearchTask#go():282 [Interpreted code]
                              at perf.UnparsedTask#go():57 [Interpreted code]
                              at perf.TaskThreads$RunTask#call():81 [Interpreted code]
                              at perf.TaskThreads$RunTask#call():64 [Interpreted code]
                              at java.util.concurrent.FutureTask#run():328 [JIT compiled code]
                              at java.util.concurrent.ThreadPoolExecutor#runWorker():1090 [Interpreted code]
                              at java.util.concurrent.ThreadPoolExecutor$Worker#run():614 [Interpreted code]
                              at java.lang.Thread#runWith():1487 [Interpreted code]
                              at java.lang.Thread#run():1474 [Interpreted code]
0.92%         674M          org.apache.lucene.util.ArrayUtil#growExact():436 [Inlined code]
                              at org.apache.lucene.util.ArrayUtil#grow():448 [Inlined code]
                              at org.apache.lucene.codecs.lucene90.LZ4WithPresetDictCompressionMode$LZ4WithPresetDictDecompressor#decompress():132 [JIT compiled code]
                              at org.apache.lucene.codecs.lucene90.compressing.Lucene90CompressingStoredFieldsReader$BlockState#document():641 [JIT compiled code]
                              at org.apache.lucene.codecs.lucene90.compressing.Lucene90CompressingStoredFieldsReader#serializedDocument():673 [Inlined code]
                              at org.apache.lucene.codecs.lucene90.compressing.Lucene90CompressingStoredFieldsReader#document():691 [JIT compiled code]
                              at org.apache.lucene.index.CodecReader$1#document():101 [Inlined code]
                              at org.apache.lucene.index.BaseCompositeReader$2#document():190 [Inlined code]
                              at org.apache.lucene.index.StoredFields#document():68 [Inlined code]
                              at perf.SearchTask#printResults():776 [JIT compiled code]
                              at perf.UnparsedTask#printResults():85 [JIT compiled code]
                              at perf.SearchPerfTest#_main():770 [Interpreted code]
0.90%         658M          org.apache.lucene.facet.sortedset.SortedSetDocValuesFacetCounts#initializeCounts():81 [Inlined code]
                              at org.apache.lucene.facet.sortedset.SortedSetDocValuesFacetCounts#countOneSegmentNHLD():105 [JIT compiled code]
                              at org.apache.lucene.facet.sortedset.SortedSetDocValuesFacetCounts#countAll():322 [Interpreted code]
                              at org.apache.lucene.facet.sortedset.SortedSetDocValuesFacetCounts#<init>():73 [Inlined code]
                              at org.apache.lucene.facet.sortedset.SortedSetDocValuesFacetCounts#<init>():63 [Inlined code]
                              at perf.SearchTask#go():290 [JIT compiled code]
                              at perf.UnparsedTask#go():57 [JIT compiled code]
                              at perf.TaskThreads$RunTask#call():81 [JIT compiled code]
                              at perf.TaskThreads$RunTask#call():64 [JIT compiled code]
                              at java.util.concurrent.FutureTask#run():328 [JIT compiled code]
                              at java.util.concurrent.ThreadPoolExecutor#runWorker():1090 [Interpreted code]
                              at java.util.concurrent.ThreadPoolExecutor$Worker#run():614 [Interpreted code]
0.90%         653M          org.apache.lucene.facet.taxonomy.TaxonomyFacets#initializeValueCounters():134 [Inlined code]
                              at org.apache.lucene.facet.taxonomy.FastTaxonomyFacetCounts#count():82 [JIT compiled code]
                              at org.apache.lucene.facet.taxonomy.FastTaxonomyFacetCounts#<init>():57 [Interpreted code]
                              at perf.SearchTask#go():310 [JIT compiled code]
                              at perf.UnparsedTask#go():57 [JIT compiled code]
                              at perf.TaskThreads$RunTask#call():81 [JIT compiled code]
                              at perf.TaskThreads$RunTask#call():64 [JIT compiled code]
                              at java.util.concurrent.FutureTask#run():328 [JIT compiled code]
                              at java.util.concurrent.ThreadPoolExecutor#runWorker():1090 [Interpreted code]
                              at java.util.concurrent.ThreadPoolExecutor$Worker#run():614 [Interpreted code]
                              at java.lang.Thread#runWith():1487 [Interpreted code]
                              at java.lang.Thread#run():1474 [Interpreted code]
0.82%         596M          org.apache.lucene.util.ArrayUtil#growExact():436 [Inlined code]
                              at org.apache.lucene.util.ArrayUtil#grow():448 [Inlined code]
                              at org.apache.lucene.codecs.lucene90.LZ4WithPresetDictCompressionMode$LZ4WithPresetDictDecompressor#decompress():132 [JIT compiled code]
                              at org.apache.lucene.codecs.lucene90.compressing.Lucene90CompressingStoredFieldsReader$BlockState#document():641 [JIT compiled code]
                              at org.apache.lucene.codecs.lucene90.compressing.Lucene90CompressingStoredFieldsReader#serializedDocument():673 [Inlined code]
                              at org.apache.lucene.codecs.lucene90.compressing.Lucene90CompressingStoredFieldsReader#document():691 [JIT compiled code]
                              at org.apache.lucene.index.CodecReader$1#document():101 [Inlined code]
                              at org.apache.lucene.index.BaseCompositeReader$2#document():190 [JIT compiled code]
                              at org.apache.lucene.index.StoredFields#document():68 [Inlined code]
                              at perf.SearchTask#printResults():776 [JIT compiled code]
                              at perf.UnparsedTask#printResults():85 [Interpreted code]
                              at perf.SearchPerfTest#_main():770 [Interpreted code]
0.63%         457M          org.apache.lucene.facet.taxonomy.TaxonomyFacets#initializeValueCounters():134 [Inlined code]
                              at org.apache.lucene.facet.taxonomy.FastTaxonomyFacetCounts#countAll():127 [JIT compiled code]
                              at org.apache.lucene.facet.taxonomy.FastTaxonomyFacetCounts#<init>():69 [Interpreted code]
                              at perf.SearchTask#go():282 [Interpreted code]
                              at perf.UnparsedTask#go():57 [JIT compiled code]
                              at perf.TaskThreads$RunTask#call():81 [JIT compiled code]
                              at perf.TaskThreads$RunTask#call():64 [JIT compiled code]
                              at java.util.concurrent.FutureTask#run():328 [JIT compiled code]
                              at java.util.concurrent.ThreadPoolExecutor#runWorker():1090 [Interpreted code]
                              at java.util.concurrent.ThreadPoolExecutor$Worker#run():614 [Interpreted code]
                              at java.lang.Thread#runWith():1487 [Interpreted code]
                              at java.lang.Thread#run():1474 [Interpreted code]
0.61%         447M          perf.TaskThreads$TaskThread#run():156 [Interpreted code]
0.60%         436M          org.apache.lucene.facet.sortedset.SortedSetDocValuesFacetCounts#countOneSegmentNHLD():125 [JIT compiled code]
                              at org.apache.lucene.facet.sortedset.SortedSetDocValuesFacetCounts#countAll():322 [Interpreted code]
                              at org.apache.lucene.facet.sortedset.SortedSetDocValuesFacetCounts#<init>():73 [Interpreted code]
                              at org.apache.lucene.facet.sortedset.SortedSetDocValuesFacetCounts#<init>():63 [Interpreted code]
                              at perf.SearchTask#go():290 [Interpreted code]
                              at perf.UnparsedTask#go():57 [Interpreted code]
                              at perf.TaskThreads$RunTask#call():81 [Interpreted code]
                              at perf.TaskThreads$RunTask#call():64 [Interpreted code]
                              at java.util.concurrent.FutureTask#run():328 [JIT compiled code]
                              at java.util.concurrent.ThreadPoolExecutor#runWorker():1090 [Interpreted code]
                              at java.util.concurrent.ThreadPoolExecutor$Worker#run():614 [Interpreted code]
                              at java.lang.Thread#runWith():1487 [Interpreted code]
0.53%         383M          org.apache.lucene.util.ArrayUtil#growExact():436 [Inlined code]
                              at org.apache.lucene.util.ArrayUtil#grow():448 [Inlined code]
                              at org.apache.lucene.codecs.lucene90.LZ4WithPresetDictCompressionMode$LZ4WithPresetDictDecompressor#decompress():132 [JIT compiled code]
                              at org.apache.lucene.codecs.lucene90.compressing.Lucene90CompressingStoredFieldsReader$BlockState#document():641 [JIT compiled code]
                              at org.apache.lucene.codecs.lucene90.compressing.Lucene90CompressingStoredFieldsReader#serializedDocument():673 [Inlined code]
                              at org.apache.lucene.codecs.lucene90.compressing.Lucene90CompressingStoredFieldsReader#document():691 [JIT compiled code]
                              at org.apache.lucene.index.CodecReader$1#document():101 [Inlined code]
                              at org.apache.lucene.index.BaseCompositeReader$2#document():190 [JIT compiled code]
                              at org.apache.lucene.index.StoredFields#document():68 [Inlined code]
                              at perf.SearchTask#printResults():771 [JIT compiled code]
                              at perf.UnparsedTask#printResults():85 [JIT compiled code]
                              at perf.SearchPerfTest#_main():770 [Interpreted code]
0.50%         364M          org.apache.lucene.util.FixedBitSet#<init>():148 [Inlined code]
                              at org.apache.lucene.codecs.lucene104.Lucene104PostingsReader$BlockPostingsEnum#<init>():307 [JIT compiled code]
                              at org.apache.lucene.codecs.lucene104.Lucene104PostingsReader#postings():260 [Inlined code]
                              at org.apache.lucene.codecs.lucene103.blocktree.SegmentTermsEnum#postings():1010 [JIT compiled code]
                              at org.apache.lucene.search.comparators.TermOrdValComparator$PostingsBasedCompetitiveState#init():660 [JIT compiled code]
                              at org.apache.lucene.search.comparators.TermOrdValComparator$PostingsBasedCompetitiveState#update():615 [Inlined code]
                              at org.apache.lucene.search.comparators.TermOrdValComparator$TermOrdValLeafComparator#updateCompetitiveIterator():500 [JIT compiled code]
                              at org.apache.lucene.search.comparators.TermOrdValComparator$TermOrdValLeafComparator#setBottom():391 [JIT compiled code]
                              at org.apache.lucene.search.TopFieldCollector$TopFieldLeafCollector#collectCompetitiveHit():118 [JIT compiled code]
                              at org.apache.lucene.search.TopFieldCollector$SimpleFieldCollector$1#collect():209 [Inlined code]
                              at org.apache.lucene.search.LeafCollector$$Lambda.0x00000000191c3570#accept() [Inlined code]
                              at org.apache.lucene.util.FixedBitSet#forEach():944 [Inlined code]
0.49%         357M          org.apache.lucene.codecs.lucene104.Lucene104PostingsReader$BlockPostingsEnum#<init>():302 [JIT compiled code]
                              at org.apache.lucene.codecs.lucene104.Lucene104PostingsReader#postings():260 [Inlined code]
                              at org.apache.lucene.codecs.lucene103.blocktree.SegmentTermsEnum#postings():1010 [JIT compiled code]
                              at org.apache.lucene.search.comparators.TermOrdValComparator$PostingsBasedCompetitiveState#init():660 [JIT compiled code]
                              at org.apache.lucene.search.comparators.TermOrdValComparator$PostingsBasedCompetitiveState#update():615 [Inlined code]
                              at org.apache.lucene.search.comparators.TermOrdValComparator$TermOrdValLeafComparator#updateCompetitiveIterator():500 [JIT compiled code]
                              at org.apache.lucene.search.comparators.TermOrdValComparator$TermOrdValLeafComparator#setBottom():391 [JIT compiled code]
                              at org.apache.lucene.search.TopFieldCollector$TopFieldLeafCollector#collectCompetitiveHit():118 [JIT compiled code]
                              at org.apache.lucene.search.TopFieldCollector$SimpleFieldCollector$1#collect():209 [Inlined code]
                              at org.apache.lucene.search.LeafCollector$$Lambda.0x00000000191c3570#accept() [Inlined code]
                              at org.apache.lucene.util.FixedBitSet#forEach():944 [Inlined code]
                              at org.apache.lucene.util.FixedBitSet#forEach():931 [JIT compiled code]
0.47%         346M          org.apache.lucene.codecs.lucene104.Lucene104PostingsReader$BlockPostingsEnum#<init>():335 [JIT compiled code]
                              at org.apache.lucene.codecs.lucene104.Lucene104PostingsReader#postings():260 [Inlined code]
                              at org.apache.lucene.codecs.lucene103.blocktree.SegmentTermsEnum#postings():1010 [JIT compiled code]
                              at org.apache.lucene.search.comparators.TermOrdValComparator$PostingsBasedCompetitiveState#init():660 [JIT compiled code]
                              at org.apache.lucene.search.comparators.TermOrdValComparator$PostingsBasedCompetitiveState#update():615 [Inlined code]
                              at org.apache.lucene.search.comparators.TermOrdValComparator$TermOrdValLeafComparator#updateCompetitiveIterator():500 [JIT compiled code]
                              at org.apache.lucene.search.comparators.TermOrdValComparator$TermOrdValLeafComparator#setBottom():391 [JIT compiled code]
                              at org.apache.lucene.search.TopFieldCollector$TopFieldLeafCollector#collectCompetitiveHit():118 [JIT compiled code]
                              at org.apache.lucene.search.TopFieldCollector$SimpleFieldCollector$1#collect():209 [Inlined code]
                              at org.apache.lucene.search.LeafCollector$$Lambda.0x00000000191c3570#accept() [Inlined code]
                              at org.apache.lucene.util.FixedBitSet#forEach():944 [Inlined code]
                              at org.apache.lucene.util.FixedBitSet#forEach():931 [JIT compiled code]
0.42%         308M          org.apache.lucene.codecs.lucene104.Lucene104PostingsReader$BlockPostingsEnum#<init>():302 [JIT compiled code]
                              at org.apache.lucene.codecs.lucene104.Lucene104PostingsReader#postings():260 [Inlined code]
                              at org.apache.lucene.codecs.lucene103.blocktree.SegmentTermsEnum#postings():1010 [JIT compiled code]
                              at org.apache.lucene.search.comparators.TermOrdValComparator$PostingsBasedCompetitiveState#init():660 [JIT compiled code]
                              at org.apache.lucene.search.comparators.TermOrdValComparator$PostingsBasedCompetitiveState#update():615 [Inlined code]
                              at org.apache.lucene.search.comparators.TermOrdValComparator$TermOrdValLeafComparator#updateCompetitiveIterator():500 [JIT compiled code]
                              at org.apache.lucene.search.comparators.TermOrdValComparator$TermOrdValLeafComparator#<init>():293 [JIT compiled code]
                              at org.apache.lucene.search.comparators.TermOrdValComparator#getLeafComparator():171 [JIT compiled code]
                              at org.apache.lucene.search.FieldValueHitQueue#getComparators():172 [JIT compiled code]
                              at org.apache.lucene.search.TopFieldCollector$TopFieldLeafCollector#<init>():60 [JIT compiled code]
                              at org.apache.lucene.search.TopFieldCollector$SimpleFieldCollector$1#<init>():200 [JIT compiled code]
                              at org.apache.lucene.search.TopFieldCollector$SimpleFieldCollector#getLeafCollector():199 [JIT compiled code]
0.41%         300M          org.apache.lucene.codecs.lucene104.Lucene104PostingsReader$BlockPostingsEnum#<init>():335 [JIT compiled code]
                              at org.apache.lucene.codecs.lucene104.Lucene104PostingsReader#postings():260 [Inlined code]
                              at org.apache.lucene.codecs.lucene103.blocktree.SegmentTermsEnum#postings():1010 [JIT compiled code]
                              at org.apache.lucene.search.comparators.TermOrdValComparator$PostingsBasedCompetitiveState#init():660 [JIT compiled code]
                              at org.apache.lucene.search.comparators.TermOrdValComparator$PostingsBasedCompetitiveState#update():615 [Inlined code]
                              at org.apache.lucene.search.comparators.TermOrdValComparator$TermOrdValLeafComparator#updateCompetitiveIterator():500 [JIT compiled code]
                              at org.apache.lucene.search.comparators.TermOrdValComparator$TermOrdValLeafComparator#<init>():293 [JIT compiled code]
                              at org.apache.lucene.search.comparators.TermOrdValComparator#getLeafComparator():171 [JIT compiled code]
                              at org.apache.lucene.search.FieldValueHitQueue#getComparators():172 [JIT compiled code]
                              at org.apache.lucene.search.TopFieldCollector$TopFieldLeafCollector#<init>():60 [JIT compiled code]
                              at org.apache.lucene.search.TopFieldCollector$SimpleFieldCollector$1#<init>():200 [JIT compiled code]
                              at org.apache.lucene.search.TopFieldCollector$SimpleFieldCollector#getLeafCollector():199 [JIT compiled code]
0.41%         299M          perf.TaskParser#secondPassParse():208 [Interpreted code]
                              at perf.UnparsedTask#go():53 [Interpreted code]
                              at perf.TaskThreads$RunTask#call():81 [Interpreted code]
                              at perf.TaskThreads$RunTask#call():64 [Interpreted code]
                              at java.util.concurrent.FutureTask#run():328 [JIT compiled code]
                              at java.util.concurrent.ThreadPoolExecutor#runWorker():1090 [Interpreted code]
                              at java.util.concurrent.ThreadPoolExecutor$Worker#run():614 [Interpreted code]
                              at java.lang.Thread#runWith():1487 [Interpreted code]
                              at java.lang.Thread#run():1474 [Interpreted code]
0.40%         290M          org.apache.lucene.util.FixedBitSet#<init>():148 [Inlined code]
                              at org.apache.lucene.codecs.lucene104.Lucene104PostingsReader$BlockPostingsEnum#<init>():307 [JIT compiled code]
                              at org.apache.lucene.codecs.lucene104.Lucene104PostingsReader#postings():260 [Inlined code]
                              at org.apache.lucene.codecs.lucene103.blocktree.SegmentTermsEnum#postings():1010 [JIT compiled code]
                              at org.apache.lucene.search.comparators.TermOrdValComparator$PostingsBasedCompetitiveState#init():660 [JIT compiled code]
                              at org.apache.lucene.search.comparators.TermOrdValComparator$PostingsBasedCompetitiveState#update():615 [Inlined code]
                              at org.apache.lucene.search.comparators.TermOrdValComparator$TermOrdValLeafComparator#updateCompetitiveIterator():500 [JIT compiled code]
                              at org.apache.lucene.search.comparators.TermOrdValComparator$TermOrdValLeafComparator#<init>():293 [JIT compiled code]
                              at org.apache.lucene.search.comparators.TermOrdValComparator#getLeafComparator():171 [JIT compiled code]
                              at org.apache.lucene.search.FieldValueHitQueue#getComparators():172 [JIT compiled code]
                              at org.apache.lucene.search.TopFieldCollector$TopFieldLeafCollector#<init>():60 [JIT compiled code]
                              at org.apache.lucene.search.TopFieldCollector$SimpleFieldCollector$1#<init>():200 [JIT compiled code]
0.39%         286M          java.lang.Integer#valueOf():1006 [Inlined code]
                              at java.util.PrimitiveIterator$OfInt#next():129 [JIT compiled code]
                              at org.apache.lucene.facet.sortedset.AbstractSortedSetDocValueFacetCounts#computeTopChildren():317 [JIT compiled code]
                              at org.apache.lucene.facet.sortedset.AbstractSortedSetDocValueFacetCounts#getTopChildrenForPath():300 [Interpreted code]
                              at org.apache.lucene.facet.sortedset.AbstractSortedSetDocValueFacetCounts#getTopChildren():61 [Interpreted code]
                              at org.apache.lucene.facet.sortedset.SortedSetDocValuesFacetCounts#getTopChildren():57 [Interpreted code]
                              at perf.SearchTask#go():291 [Interpreted code]
                              at perf.UnparsedTask#go():57 [Interpreted code]
                              at perf.TaskThreads$RunTask#call():81 [Interpreted code]
                              at perf.TaskThreads$RunTask#call():64 [Interpreted code]
                              at java.util.concurrent.FutureTask#run():328 [JIT compiled code]
                              at java.util.concurrent.ThreadPoolExecutor#runWorker():1090 [Interpreted code]
0.39%         283M          org.apache.lucene.util.ArrayUtil#growNoCopy():459 [Inlined code]
                              at org.apache.lucene.codecs.lucene90.LZ4WithPresetDictCompressionMode$LZ4WithPresetDictDecompressor#decompress():102 [JIT compiled code]
                              at org.apache.lucene.codecs.lucene90.compressing.Lucene90CompressingStoredFieldsReader$BlockState#document():641 [JIT compiled code]
                              at org.apache.lucene.codecs.lucene90.compressing.Lucene90CompressingStoredFieldsReader#serializedDocument():673 [Inlined code]
                              at org.apache.lucene.codecs.lucene90.compressing.Lucene90CompressingStoredFieldsReader#document():691 [JIT compiled code]
                              at org.apache.lucene.index.CodecReader$1#document():101 [Inlined code]
                              at org.apache.lucene.index.BaseCompositeReader$2#document():190 [Inlined code]
                              at org.apache.lucene.index.StoredFields#document():68 [Inlined code]
                              at perf.SearchTask#printResults():776 [JIT compiled code]
                              at perf.UnparsedTask#printResults():85 [JIT compiled code]
                              at perf.SearchPerfTest#_main():770 [Interpreted code]
                              at perf.SearchPerfTest#main():145 [Interpreted code]
0.33%         240M          org.apache.lucene.util.ArrayUtil#growNoCopy():423 [Inlined code]
                              at org.apache.lucene.codecs.lucene90.compressing.Lucene90CompressingStoredFieldsReader$BlockState#doReset():503 [JIT compiled code]
                              at org.apache.lucene.codecs.lucene90.compressing.Lucene90CompressingStoredFieldsReader$BlockState#reset():472 [Inlined code]
                              at org.apache.lucene.codecs.lucene90.compressing.Lucene90CompressingStoredFieldsReader#serializedDocument():670 [Inlined code]
                              at org.apache.lucene.codecs.lucene90.compressing.Lucene90CompressingStoredFieldsReader#document():691 [JIT compiled code]
                              at org.apache.lucene.index.CodecReader$1#document():101 [Inlined code]
                              at org.apache.lucene.index.BaseCompositeReader$2#document():190 [Inlined code]
                              at org.apache.lucene.index.StoredFields#document():68 [Inlined code]
                              at perf.SearchTask#printResults():776 [JIT compiled code]
                              at perf.UnparsedTask#printResults():85 [JIT compiled code]
                              at perf.SearchPerfTest#_main():770 [Interpreted code]
                              at perf.SearchPerfTest#main():145 [Interpreted code]
0.30%         218M          org.apache.lucene.facet.sortedset.SortedSetDocValuesFacetCounts#initializeCounts():81 [Inlined code]
                              at org.apache.lucene.facet.sortedset.SortedSetDocValuesFacetCounts#countOneSegmentNHLD():105 [JIT compiled code]
                              at org.apache.lucene.facet.sortedset.SortedSetDocValuesFacetCounts#countAll():322 [Interpreted code]
                              at org.apache.lucene.facet.sortedset.SortedSetDocValuesFacetCounts#<init>():73 [Interpreted code]
                              at org.apache.lucene.facet.sortedset.SortedSetDocValuesFacetCounts#<init>():63 [Interpreted code]
                              at perf.SearchTask#go():290 [Interpreted code]
                              at perf.UnparsedTask#go():57 [Interpreted code]
                              at perf.TaskThreads$RunTask#call():81 [Interpreted code]
                              at perf.TaskThreads$RunTask#call():64 [Interpreted code]
                              at java.util.concurrent.FutureTask#run():328 [JIT compiled code]
                              at java.util.concurrent.ThreadPoolExecutor#runWorker():1090 [Interpreted code]
                              at java.util.concurrent.ThreadPoolExecutor$Worker#run():614 [Interpreted code]
0.29%         215M          jdk.internal.classfile.impl.EntryMap#<init>():77 [Inlined code]
                              at jdk.internal.classfile.impl.SplitConstantPool#map():182 [Inlined code]
                              at jdk.internal.classfile.impl.SplitConstantPool#tryFindClassOrInterface():403 [Inlined code]
                              at jdk.internal.classfile.impl.SplitConstantPool#classEntryForClassOrInterface():438 [Inlined code]
                              at jdk.internal.classfile.impl.SplitConstantPool#classEntry():514 [JIT compiled code]
                              at java.lang.invoke.InnerClassLambdaMetafactory#<init>():155 [Interpreted code]
                              at java.lang.invoke.LambdaMetafactory#metafactory():349 [Interpreted code]
                              at java.lang.invoke.DirectMethodHandle$Holder#invokeStatic() [Interpreted code]
                              at java.lang.invoke.BootstrapMethodInvoker#invoke():134 [Interpreted code]
                              at java.lang.invoke.CallSite#makeSite():310 [Interpreted code]
                              at java.lang.invoke.MethodHandleNatives#linkCallSiteImpl():250 [Interpreted code]
                              at java.lang.invoke.MethodHandleNatives#linkCallSite():240 [Interpreted code]
0.29%         214M          org.apache.lucene.search.similarities.BM25Similarity#scorer():217 [Interpreted code]
                              at org.apache.lucene.search.TermQuery$TermWeight#<init>():81 [Interpreted code]
                              at org.apache.lucene.search.TermQuery#createWeight():304 [Interpreted code]
                              at org.apache.lucene.search.IndexSearcher#createWeight():978 [Interpreted code]
                              at org.apache.lucene.search.IndexSearcher#search():754 [Interpreted code]
                              at org.apache.lucene.search.IndexSearcher#searchAfter():601 [Interpreted code]
                              at org.apache.lucene.search.IndexSearcher#search():624 [Interpreted code]
                              at perf.TypePolluter#runQueries():179 [Interpreted code]
                              at perf.TypePolluter#pollute():97 [Interpreted code]
                              at perf.SearchPerfTest#_main():282 [Interpreted code]
                              at perf.SearchPerfTest#main():145 [Interpreted code]
0.29%         214M          java.util.concurrent.locks.AbstractQueuedSynchronizer#acquire():769 [Interpreted code]
                              at java.util.concurrent.locks.AbstractQueuedSynchronizer#acquireSharedInterruptibly():1140 [Interpreted code]
                              at java.util.concurrent.CountDownLatch#await():230 [Interpreted code]
                              at perf.TaskThreads$TaskThread#run():126 [Interpreted code]
0.29%         214M          perf.StatisticsHelper#startStatistics():165 [Interpreted code]
                              at perf.SearchPerfTest#main():143 [Interpreted code]

