Using java from: /home/goankur/jdk/corretto-25/bin/
use java command /home/goankur/jdk/corretto-25/bin/java -server -Xms2g -Xmx2g --add-modules jdk.incubator.vector -XX:+HeapDumpOnOutOfMemoryError -XX:+UseParallelGC
NOTE: perf executable is /usr/bin/perf; will collect aggregate CPU profiling data
NOTE: vmstat executable is /usr/bin/vmstat; will collect system-wide CPU/IO telemetry
WARNING: no gnuplot executable; will not generate system-wide CPU/IO graphs from vmstat
Using checkout:[/home/goankur/vsearch/bo/lucene-A] for competitor:[armA]
Using checkout:[/home/goankur/vsearch/bo/lucene-K] for competitor:[armK]
Removing old JFR /home/goankur/vsearch/logs/bench-search-FAJ-armJ-7.jfr...
Removing old JFR /home/goankur/vsearch/logs/bench-search-FAJ-armJ-8.jfr...
Removing old JFR /home/goankur/vsearch/logs/bench-search-FAJ-armA-8.jfr...
Removing old JFR /home/goankur/vsearch/logs/bench-search-FAJ-armA-9.jfr...
Removing old JFR /home/goankur/vsearch/logs/bench-search-FAJ-armJ-9.jfr...
Removing old JFR /home/goankur/vsearch/logs/bench-search-FAJ-armJ-10.jfr...
Removing old JFR /home/goankur/vsearch/logs/bench-search-FAJ-armA-10.jfr...
Removing old JFR /home/goankur/vsearch/logs/bench-search-FAJ-armA-11.jfr...
Removing old JFR /home/goankur/vsearch/logs/bench-search-FAJ-armJ-11.jfr...
Removing old JFR /home/goankur/vsearch/logs/bench-search-FAJ-armJ-12.jfr...
Removing old JFR /home/goankur/vsearch/logs/bench-search-FAJ-armA-12.jfr...
Removing old JFR /home/goankur/vsearch/logs/bench-search-FAJ-armA-13.jfr...
Removing old JFR /home/goankur/vsearch/logs/bench-search-FAJ-armJ-13.jfr...
Removing old JFR /home/goankur/vsearch/logs/bench-search-FAJ-armJ-14.jfr...
Removing old JFR /home/goankur/vsearch/logs/bench-search-FAJ-armA-14.jfr...
Removing old JFR /home/goankur/vsearch/logs/bench-search-FAJ-armA-15.jfr...
Removing old JFR /home/goankur/vsearch/logs/bench-search-FAJ-armJ-15.jfr...
Removing old JFR /home/goankur/vsearch/logs/bench-search-FAJ-armJ-16.jfr...
Removing old JFR /home/goankur/vsearch/logs/bench-search-FAJ-armA-16.jfr...
Removing old JFR /home/goankur/vsearch/logs/bench-search-FAJ-armA-17.jfr...
Removing old JFR /home/goankur/vsearch/logs/bench-search-FAJ-armJ-17.jfr...
Removing old JFR /home/goankur/vsearch/logs/bench-search-FAJ-armJ-18.jfr...
Removing old JFR /home/goankur/vsearch/logs/bench-search-FAJ-armA-18.jfr...
Removing old JFR /home/goankur/vsearch/logs/bench-search-FAJ-armA-19.jfr...
Removing old JFR /home/goankur/vsearch/logs/bench-search-FAJ-armJ-19.jfr...
Removing old JFR /home/goankur/vsearch/logs/bench-search-FAJ-armJ-1.jfr...
Removing old JFR /home/goankur/vsearch/logs/bench-search-FAJ-armJ-2.jfr...
Removing old JFR /home/goankur/vsearch/logs/bench-search-FAJ-armA-2.jfr...
Removing old JFR /home/goankur/vsearch/logs/bench-search-FAJ-armA-3.jfr...
Removing old JFR /home/goankur/vsearch/logs/bench-search-FAJ-armJ-3.jfr...
Removing old JFR /home/goankur/vsearch/logs/bench-search-FAJ-armJ-4.jfr...
Removing old JFR /home/goankur/vsearch/logs/bench-search-FAJ-armA-4.jfr...
Removing old JFR /home/goankur/vsearch/logs/bench-search-FAJ-armA-5.jfr...
Removing old JFR /home/goankur/vsearch/logs/bench-search-FAJ-armJ-5.jfr...
Removing old JFR /home/goankur/vsearch/logs/bench-search-FAJ-armJ-6.jfr...
Removing old JFR /home/goankur/vsearch/logs/bench-search-FAJ-armA-6.jfr...
Removing old JFR /home/goankur/vsearch/logs/bench-search-FAJ-armA-7.jfr...
Removing old JFR /home/goankur/vsearch/logs/bench-search-FAJ-armJ-0.jfr...
Removing old JFR /home/goankur/vsearch/logs/bench-search-FAJ-armA-0.jfr...
Removing old JFR /home/goankur/vsearch/logs/bench-search-FAJ-armA-1.jfr...

JAVA:
WARNING: Using incubator modules: jdk.incubator.vector
openjdk version "25.0.4.1" 2026-08-18 LTS
OpenJDK Runtime Environment Corretto-25.0.4.8.1 (build 25.0.4.1+8-LTS)
OpenJDK 64-Bit Server VM Corretto-25.0.4.8.1 (build 25.0.4.1+8-LTS, mixed mode, sharing)


OS:
Linux ip-10-0-2-83.us-east-2.compute.internal 6.18.51-120.163.amzn2023.x86_64 #2 SMP PREEMPT_DYNAMIC Fri Sep 25 01:45:40 UTC 2026 x86_64 x86_64 x86_64 GNU/Linux


LOGS:
/home/goankur/vsearch/logs

Compile:
compile lucene:core...
    run: ['./gradlew', 'lucene:core:jar'], cwd=/home/goankur/vsearch/bo/lucene-K vmstatLogFile=None topLogFile=None
  /home/goankur/vsearch/bo/lucene-K/lucene/benchmark
files ['/home/goankur/vsearch/util/src/main/perf/Args.java', '/home/goankur/vsearch/util/src/main/perf/BatchPKLookup.java', '/home/goankur/vsearch/util/src/main/perf/BenchRearranger.java', '/home/goankur/vsearch/util/src/main/perf/CreateQueries.java', '/home/goankur/vsearch/util/src/main/perf/DiskUsage.java', '/home/goankur/vsearch/util/src/main/perf/IndexAndSearchOpenStreetMaps.java', '/home/goankur/vsearch/util/src/main/perf/IndexState.java', '/home/goankur/vsearch/util/src/main/perf/IndexTaxis.java', '/home/goankur/vsearch/util/src/main/perf/IndexThreads.java', '/home/goankur/vsearch/util/src/main/perf/Indexer.java', '/home/goankur/vsearch/util/src/main/perf/KeepNoCommitsDeletionPolicy.java', '/home/goankur/vsearch/util/src/main/perf/LineFileDocs.java', '/home/goankur/vsearch/util/src/main/perf/LocalTaskSource.java', '/home/goankur/vsearch/util/src/main/perf/NRTPerfTest.java', '/home/goankur/vsearch/util/src/main/perf/OpenCloseIndexWriter.java', '/home/goankur/vsearch/util/src/main/perf/OpenDirectory.java', '/home/goankur/vsearch/util/src/main/perf/PKLookupWithTermStateTask.java', '/home/goankur/vsearch/util/src/main/perf/PerfUtils.java', '/home/goankur/vsearch/util/src/main/perf/PointsPKLookupTask.java', '/home/goankur/vsearch/util/src/main/perf/RandomQuery.java', '/home/goankur/vsearch/util/src/main/perf/RemoteTaskSource.java', '/home/goankur/vsearch/util/src/main/perf/RespellTask.java', '/home/goankur/vsearch/util/src/main/perf/SearchPerfTest.java', '/home/goankur/vsearch/util/src/main/perf/SearchTask.java', '/home/goankur/vsearch/util/src/main/perf/SearchTaxis.java', '/home/goankur/vsearch/util/src/main/perf/StatisticsHelper.java', '/home/goankur/vsearch/util/src/main/perf/StringFieldDocSelector.java', '/home/goankur/vsearch/util/src/main/perf/Task.java', '/home/goankur/vsearch/util/src/main/perf/TaskParser.java', '/home/goankur/vsearch/util/src/main/perf/TaskParserFactory.java', '/home/goankur/vsearch/util/src/main/perf/TaskSource.java', '/home/goankur/vsearch/util/src/main/perf/TaskThreads.java', '/home/goankur/vsearch/util/src/main/perf/TestContext.java', '/home/goankur/vsearch/util/src/main/perf/TypePolluter.java', '/home/goankur/vsearch/util/src/main/perf/UnparsedTask.java', '/home/goankur/vsearch/util/src/main/perf/VectorDictionary.java']
compile: /home/goankur/jdk/corretto-25/bin/javac -g -d /home/goankur/vsearch/util/build -classpath /home/goankur/vsearch/bo/lucene-K/lucene/core/build/libs/lucene-core-11.0.0-SNAPSHOT.jar:/home/goankur/vsearch/bo/lucene-K/lucene/sandbox/build/classes/java/main:/home/goankur/vsearch/bo/lucene-K/lucene/misc/build/classes/java/main:/home/goankur/vsearch/bo/lucene-K/lucene/facet/build/classes/java/main:/home/goankur/vsearch/bo/lucene-K/lucene/analysis/common/build/classes/java/main:/home/goankur/vsearch/bo/lucene-K/lucene/analysis/icu/build/classes/java/main:/home/goankur/vsearch/bo/lucene-K/lucene/queryparser/build/classes/java/main:/home/goankur/vsearch/bo/lucene-K/lucene/grouping/build/classes/java/main:/home/goankur/vsearch/bo/lucene-K/lucene/suggest/build/classes/java/main:/home/goankur/vsearch/bo/lucene-K/lucene/highlighter/build/classes/java/main:/home/goankur/vsearch/bo/lucene-K/lucene/codecs/build/classes/java/main:/home/goankur/vsearch/bo/lucene-K/lucene/queries/build/classes/java/main:/home/goankur/vsearch/bo/lucene-K/lucene/join/build/classes/java/main:/home/goankur/vsearch/bo/lucene-K/lucene/spatial3d/build/classes/java/main:/home/goankur/vsearch/util/lib/HdrHistogram.jar:/home/goankur/vsearch/util/src/main/build/classes/java/main:/home/goankur/vsearch/util/build /home/goankur/vsearch/util/src/main/perf/Args.java /home/goankur/vsearch/util/src/main/perf/BatchPKLookup.java /home/goankur/vsearch/util/src/main/perf/BenchRearranger.java /home/goankur/vsearch/util/src/main/perf/CreateQueries.java /home/goankur/vsearch/util/src/main/perf/DiskUsage.java /home/goankur/vsearch/util/src/main/perf/IndexAndSearchOpenStreetMaps.java /home/goankur/vsearch/util/src/main/perf/IndexState.java /home/goankur/vsearch/util/src/main/perf/IndexTaxis.java /home/goankur/vsearch/util/src/main/perf/IndexThreads.java /home/goankur/vsearch/util/src/main/perf/Indexer.java /home/goankur/vsearch/util/src/main/perf/KeepNoCommitsDeletionPolicy.java /home/goankur/vsearch/util/src/main/perf/LineFileDocs.java /home/goankur/vsearch/util/src/main/perf/LocalTaskSource.java /home/goankur/vsearch/util/src/main/perf/NRTPerfTest.java /home/goankur/vsearch/util/src/main/perf/OpenCloseIndexWriter.java /home/goankur/vsearch/util/src/main/perf/OpenDirectory.java /home/goankur/vsearch/util/src/main/perf/PKLookupWithTermStateTask.java /home/goankur/vsearch/util/src/main/perf/PerfUtils.java /home/goankur/vsearch/util/src/main/perf/PointsPKLookupTask.java /home/goankur/vsearch/util/src/main/perf/RandomQuery.java /home/goankur/vsearch/util/src/main/perf/RemoteTaskSource.java /home/goankur/vsearch/util/src/main/perf/RespellTask.java /home/goankur/vsearch/util/src/main/perf/SearchPerfTest.java /home/goankur/vsearch/util/src/main/perf/SearchTask.java /home/goankur/vsearch/util/src/main/perf/SearchTaxis.java /home/goankur/vsearch/util/src/main/perf/StatisticsHelper.java /home/goankur/vsearch/util/src/main/perf/StringFieldDocSelector.java /home/goankur/vsearch/util/src/main/perf/Task.java /home/goankur/vsearch/util/src/main/perf/TaskParser.java /home/goankur/vsearch/util/src/main/perf/TaskParserFactory.java /home/goankur/vsearch/util/src/main/perf/TaskSource.java /home/goankur/vsearch/util/src/main/perf/TaskThreads.java /home/goankur/vsearch/util/src/main/perf/TestContext.java /home/goankur/vsearch/util/src/main/perf/TypePolluter.java /home/goankur/vsearch/util/src/main/perf/UnparsedTask.java /home/goankur/vsearch/util/src/main/perf/VectorDictionary.java
    run: ['/home/goankur/jdk/corretto-25/bin/javac', '-g', '-d', '/home/goankur/vsearch/util/build', '-classpath', '/home/goankur/vsearch/bo/lucene-K/lucene/core/build/libs/lucene-core-11.0.0-SNAPSHOT.jar:/home/goankur/vsearch/bo/lucene-K/lucene/sandbox/build/classes/java/main:/home/goankur/vsearch/bo/lucene-K/lucene/misc/build/classes/java/main:/home/goankur/vsearch/bo/lucene-K/lucene/facet/build/classes/java/main:/home/goankur/vsearch/bo/lucene-K/lucene/analysis/common/build/classes/java/main:/home/goankur/vsearch/bo/lucene-K/lucene/analysis/icu/build/classes/java/main:/home/goankur/vsearch/bo/lucene-K/lucene/queryparser/build/classes/java/main:/home/goankur/vsearch/bo/lucene-K/lucene/grouping/build/classes/java/main:/home/goankur/vsearch/bo/lucene-K/lucene/suggest/build/classes/java/main:/home/goankur/vsearch/bo/lucene-K/lucene/highlighter/build/classes/java/main:/home/goankur/vsearch/bo/lucene-K/lucene/codecs/build/classes/java/main:/home/goankur/vsearch/bo/lucene-K/lucene/queries/build/classes/java/main:/home/goankur/vsearch/bo/lucene-K/lucene/join/build/classes/java/main:/home/goankur/vsearch/bo/lucene-K/lucene/spatial3d/build/classes/java/main:/home/goankur/vsearch/util/lib/HdrHistogram.jar:/home/goankur/vsearch/util/src/main/build/classes/java/main:/home/goankur/vsearch/util/build', '/home/goankur/vsearch/util/src/main/perf/Args.java', '/home/goankur/vsearch/util/src/main/perf/BatchPKLookup.java', '/home/goankur/vsearch/util/src/main/perf/BenchRearranger.java', '/home/goankur/vsearch/util/src/main/perf/CreateQueries.java', '/home/goankur/vsearch/util/src/main/perf/DiskUsage.java', '/home/goankur/vsearch/util/src/main/perf/IndexAndSearchOpenStreetMaps.java', '/home/goankur/vsearch/util/src/main/perf/IndexState.java', '/home/goankur/vsearch/util/src/main/perf/IndexTaxis.java', '/home/goankur/vsearch/util/src/main/perf/IndexThreads.java', '/home/goankur/vsearch/util/src/main/perf/Indexer.java', '/home/goankur/vsearch/util/src/main/perf/KeepNoCommitsDeletionPolicy.java', '/home/goankur/vsearch/util/src/main/perf/LineFileDocs.java', '/home/goankur/vsearch/util/src/main/perf/LocalTaskSource.java', '/home/goankur/vsearch/util/src/main/perf/NRTPerfTest.java', '/home/goankur/vsearch/util/src/main/perf/OpenCloseIndexWriter.java', '/home/goankur/vsearch/util/src/main/perf/OpenDirectory.java', '/home/goankur/vsearch/util/src/main/perf/PKLookupWithTermStateTask.java', '/home/goankur/vsearch/util/src/main/perf/PerfUtils.java', '/home/goankur/vsearch/util/src/main/perf/PointsPKLookupTask.java', '/home/goankur/vsearch/util/src/main/perf/RandomQuery.java', '/home/goankur/vsearch/util/src/main/perf/RemoteTaskSource.java', '/home/goankur/vsearch/util/src/main/perf/RespellTask.java', '/home/goankur/vsearch/util/src/main/perf/SearchPerfTest.java', '/home/goankur/vsearch/util/src/main/perf/SearchTask.java', '/home/goankur/vsearch/util/src/main/perf/SearchTaxis.java', '/home/goankur/vsearch/util/src/main/perf/StatisticsHelper.java', '/home/goankur/vsearch/util/src/main/perf/StringFieldDocSelector.java', '/home/goankur/vsearch/util/src/main/perf/Task.java', '/home/goankur/vsearch/util/src/main/perf/TaskParser.java', '/home/goankur/vsearch/util/src/main/perf/TaskParserFactory.java', '/home/goankur/vsearch/util/src/main/perf/TaskSource.java', '/home/goankur/vsearch/util/src/main/perf/TaskThreads.java', '/home/goankur/vsearch/util/src/main/perf/TestContext.java', '/home/goankur/vsearch/util/src/main/perf/TypePolluter.java', '/home/goankur/vsearch/util/src/main/perf/UnparsedTask.java', '/home/goankur/vsearch/util/src/main/perf/VectorDictionary.java'], cwd=/home/goankur/vsearch/bo/lucene-K/lucene/benchmark vmstatLogFile=None topLogFile=None
compile lucene:core...
    run: ['./gradlew', 'lucene:core:jar'], cwd=/home/goankur/vsearch/bo/lucene-A vmstatLogFile=None topLogFile=None
  /home/goankur/vsearch/bo/lucene-A/lucene/benchmark
files ['/home/goankur/vsearch/util/src/main/perf/Args.java', '/home/goankur/vsearch/util/src/main/perf/BatchPKLookup.java', '/home/goankur/vsearch/util/src/main/perf/BenchRearranger.java', '/home/goankur/vsearch/util/src/main/perf/CreateQueries.java', '/home/goankur/vsearch/util/src/main/perf/DiskUsage.java', '/home/goankur/vsearch/util/src/main/perf/IndexAndSearchOpenStreetMaps.java', '/home/goankur/vsearch/util/src/main/perf/IndexState.java', '/home/goankur/vsearch/util/src/main/perf/IndexTaxis.java', '/home/goankur/vsearch/util/src/main/perf/IndexThreads.java', '/home/goankur/vsearch/util/src/main/perf/Indexer.java', '/home/goankur/vsearch/util/src/main/perf/KeepNoCommitsDeletionPolicy.java', '/home/goankur/vsearch/util/src/main/perf/LineFileDocs.java', '/home/goankur/vsearch/util/src/main/perf/LocalTaskSource.java', '/home/goankur/vsearch/util/src/main/perf/NRTPerfTest.java', '/home/goankur/vsearch/util/src/main/perf/OpenCloseIndexWriter.java', '/home/goankur/vsearch/util/src/main/perf/OpenDirectory.java', '/home/goankur/vsearch/util/src/main/perf/PKLookupWithTermStateTask.java', '/home/goankur/vsearch/util/src/main/perf/PerfUtils.java', '/home/goankur/vsearch/util/src/main/perf/PointsPKLookupTask.java', '/home/goankur/vsearch/util/src/main/perf/RandomQuery.java', '/home/goankur/vsearch/util/src/main/perf/RemoteTaskSource.java', '/home/goankur/vsearch/util/src/main/perf/RespellTask.java', '/home/goankur/vsearch/util/src/main/perf/SearchPerfTest.java', '/home/goankur/vsearch/util/src/main/perf/SearchTask.java', '/home/goankur/vsearch/util/src/main/perf/SearchTaxis.java', '/home/goankur/vsearch/util/src/main/perf/StatisticsHelper.java', '/home/goankur/vsearch/util/src/main/perf/StringFieldDocSelector.java', '/home/goankur/vsearch/util/src/main/perf/Task.java', '/home/goankur/vsearch/util/src/main/perf/TaskParser.java', '/home/goankur/vsearch/util/src/main/perf/TaskParserFactory.java', '/home/goankur/vsearch/util/src/main/perf/TaskSource.java', '/home/goankur/vsearch/util/src/main/perf/TaskThreads.java', '/home/goankur/vsearch/util/src/main/perf/TestContext.java', '/home/goankur/vsearch/util/src/main/perf/TypePolluter.java', '/home/goankur/vsearch/util/src/main/perf/UnparsedTask.java', '/home/goankur/vsearch/util/src/main/perf/VectorDictionary.java']
compile: /home/goankur/jdk/corretto-25/bin/javac -g -d /home/goankur/vsearch/util/build -classpath /home/goankur/vsearch/bo/lucene-A/lucene/core/build/libs/lucene-core-11.0.0-SNAPSHOT.jar:/home/goankur/vsearch/bo/lucene-A/lucene/sandbox/build/classes/java/main:/home/goankur/vsearch/bo/lucene-A/lucene/misc/build/classes/java/main:/home/goankur/vsearch/bo/lucene-A/lucene/facet/build/classes/java/main:/home/goankur/vsearch/bo/lucene-A/lucene/analysis/common/build/classes/java/main:/home/goankur/vsearch/bo/lucene-A/lucene/analysis/icu/build/classes/java/main:/home/goankur/vsearch/bo/lucene-A/lucene/queryparser/build/classes/java/main:/home/goankur/vsearch/bo/lucene-A/lucene/grouping/build/classes/java/main:/home/goankur/vsearch/bo/lucene-A/lucene/suggest/build/classes/java/main:/home/goankur/vsearch/bo/lucene-A/lucene/highlighter/build/classes/java/main:/home/goankur/vsearch/bo/lucene-A/lucene/codecs/build/classes/java/main:/home/goankur/vsearch/bo/lucene-A/lucene/queries/build/classes/java/main:/home/goankur/vsearch/bo/lucene-A/lucene/join/build/classes/java/main:/home/goankur/vsearch/bo/lucene-A/lucene/spatial3d/build/classes/java/main:/home/goankur/vsearch/util/lib/HdrHistogram.jar:/home/goankur/vsearch/util/src/main/build/classes/java/main:/home/goankur/vsearch/util/build /home/goankur/vsearch/util/src/main/perf/Args.java /home/goankur/vsearch/util/src/main/perf/BatchPKLookup.java /home/goankur/vsearch/util/src/main/perf/BenchRearranger.java /home/goankur/vsearch/util/src/main/perf/CreateQueries.java /home/goankur/vsearch/util/src/main/perf/DiskUsage.java /home/goankur/vsearch/util/src/main/perf/IndexAndSearchOpenStreetMaps.java /home/goankur/vsearch/util/src/main/perf/IndexState.java /home/goankur/vsearch/util/src/main/perf/IndexTaxis.java /home/goankur/vsearch/util/src/main/perf/IndexThreads.java /home/goankur/vsearch/util/src/main/perf/Indexer.java /home/goankur/vsearch/util/src/main/perf/KeepNoCommitsDeletionPolicy.java /home/goankur/vsearch/util/src/main/perf/LineFileDocs.java /home/goankur/vsearch/util/src/main/perf/LocalTaskSource.java /home/goankur/vsearch/util/src/main/perf/NRTPerfTest.java /home/goankur/vsearch/util/src/main/perf/OpenCloseIndexWriter.java /home/goankur/vsearch/util/src/main/perf/OpenDirectory.java /home/goankur/vsearch/util/src/main/perf/PKLookupWithTermStateTask.java /home/goankur/vsearch/util/src/main/perf/PerfUtils.java /home/goankur/vsearch/util/src/main/perf/PointsPKLookupTask.java /home/goankur/vsearch/util/src/main/perf/RandomQuery.java /home/goankur/vsearch/util/src/main/perf/RemoteTaskSource.java /home/goankur/vsearch/util/src/main/perf/RespellTask.java /home/goankur/vsearch/util/src/main/perf/SearchPerfTest.java /home/goankur/vsearch/util/src/main/perf/SearchTask.java /home/goankur/vsearch/util/src/main/perf/SearchTaxis.java /home/goankur/vsearch/util/src/main/perf/StatisticsHelper.java /home/goankur/vsearch/util/src/main/perf/StringFieldDocSelector.java /home/goankur/vsearch/util/src/main/perf/Task.java /home/goankur/vsearch/util/src/main/perf/TaskParser.java /home/goankur/vsearch/util/src/main/perf/TaskParserFactory.java /home/goankur/vsearch/util/src/main/perf/TaskSource.java /home/goankur/vsearch/util/src/main/perf/TaskThreads.java /home/goankur/vsearch/util/src/main/perf/TestContext.java /home/goankur/vsearch/util/src/main/perf/TypePolluter.java /home/goankur/vsearch/util/src/main/perf/UnparsedTask.java /home/goankur/vsearch/util/src/main/perf/VectorDictionary.java
    run: ['/home/goankur/jdk/corretto-25/bin/javac', '-g', '-d', '/home/goankur/vsearch/util/build', '-classpath', '/home/goankur/vsearch/bo/lucene-A/lucene/core/build/libs/lucene-core-11.0.0-SNAPSHOT.jar:/home/goankur/vsearch/bo/lucene-A/lucene/sandbox/build/classes/java/main:/home/goankur/vsearch/bo/lucene-A/lucene/misc/build/classes/java/main:/home/goankur/vsearch/bo/lucene-A/lucene/facet/build/classes/java/main:/home/goankur/vsearch/bo/lucene-A/lucene/analysis/common/build/classes/java/main:/home/goankur/vsearch/bo/lucene-A/lucene/analysis/icu/build/classes/java/main:/home/goankur/vsearch/bo/lucene-A/lucene/queryparser/build/classes/java/main:/home/goankur/vsearch/bo/lucene-A/lucene/grouping/build/classes/java/main:/home/goankur/vsearch/bo/lucene-A/lucene/suggest/build/classes/java/main:/home/goankur/vsearch/bo/lucene-A/lucene/highlighter/build/classes/java/main:/home/goankur/vsearch/bo/lucene-A/lucene/codecs/build/classes/java/main:/home/goankur/vsearch/bo/lucene-A/lucene/queries/build/classes/java/main:/home/goankur/vsearch/bo/lucene-A/lucene/join/build/classes/java/main:/home/goankur/vsearch/bo/lucene-A/lucene/spatial3d/build/classes/java/main:/home/goankur/vsearch/util/lib/HdrHistogram.jar:/home/goankur/vsearch/util/src/main/build/classes/java/main:/home/goankur/vsearch/util/build', '/home/goankur/vsearch/util/src/main/perf/Args.java', '/home/goankur/vsearch/util/src/main/perf/BatchPKLookup.java', '/home/goankur/vsearch/util/src/main/perf/BenchRearranger.java', '/home/goankur/vsearch/util/src/main/perf/CreateQueries.java', '/home/goankur/vsearch/util/src/main/perf/DiskUsage.java', '/home/goankur/vsearch/util/src/main/perf/IndexAndSearchOpenStreetMaps.java', '/home/goankur/vsearch/util/src/main/perf/IndexState.java', '/home/goankur/vsearch/util/src/main/perf/IndexTaxis.java', '/home/goankur/vsearch/util/src/main/perf/IndexThreads.java', '/home/goankur/vsearch/util/src/main/perf/Indexer.java', '/home/goankur/vsearch/util/src/main/perf/KeepNoCommitsDeletionPolicy.java', '/home/goankur/vsearch/util/src/main/perf/LineFileDocs.java', '/home/goankur/vsearch/util/src/main/perf/LocalTaskSource.java', '/home/goankur/vsearch/util/src/main/perf/NRTPerfTest.java', '/home/goankur/vsearch/util/src/main/perf/OpenCloseIndexWriter.java', '/home/goankur/vsearch/util/src/main/perf/OpenDirectory.java', '/home/goankur/vsearch/util/src/main/perf/PKLookupWithTermStateTask.java', '/home/goankur/vsearch/util/src/main/perf/PerfUtils.java', '/home/goankur/vsearch/util/src/main/perf/PointsPKLookupTask.java', '/home/goankur/vsearch/util/src/main/perf/RandomQuery.java', '/home/goankur/vsearch/util/src/main/perf/RemoteTaskSource.java', '/home/goankur/vsearch/util/src/main/perf/RespellTask.java', '/home/goankur/vsearch/util/src/main/perf/SearchPerfTest.java', '/home/goankur/vsearch/util/src/main/perf/SearchTask.java', '/home/goankur/vsearch/util/src/main/perf/SearchTaxis.java', '/home/goankur/vsearch/util/src/main/perf/StatisticsHelper.java', '/home/goankur/vsearch/util/src/main/perf/StringFieldDocSelector.java', '/home/goankur/vsearch/util/src/main/perf/Task.java', '/home/goankur/vsearch/util/src/main/perf/TaskParser.java', '/home/goankur/vsearch/util/src/main/perf/TaskParserFactory.java', '/home/goankur/vsearch/util/src/main/perf/TaskSource.java', '/home/goankur/vsearch/util/src/main/perf/TaskThreads.java', '/home/goankur/vsearch/util/src/main/perf/TestContext.java', '/home/goankur/vsearch/util/src/main/perf/TypePolluter.java', '/home/goankur/vsearch/util/src/main/perf/UnparsedTask.java', '/home/goankur/vsearch/util/src/main/perf/VectorDictionary.java'], cwd=/home/goankur/vsearch/bo/lucene-A/lucene/benchmark vmstatLogFile=None topLogFile=None

Create indices:
  /home/goankur/vsearch/indices/wikimedium10m.lucene-A.facets.taxonomy:Date.taxonomy:Month.taxonomy:DayOfYear.sortedset:Date.sortedset:Month.sortedset:DayOfYear.taxonomy:RandomLabel.sortedset:RandomLabel.Lucene90.Lucene104.dvfields.nd10M: already exists
    tasks file: /home/goankur/vsearch/util/tasks/wikimedium.10M.nostopwords.tasks

Search:
  iter 0
    armK:
      NOTE: using experimental CPU time profiler (see https://mostlynerdless.de/blog/2025/06/11/java-25s-new-cpu-time-profiler-1)
      log: /home/goankur/vsearch/logs/FAKc.armK.0 + stdout
      run: /usr/bin/perf stat -dd -e task-clock,cycles,instructions,cache-references,cache-misses,L1-dcache-loads,L1-dcache-load-misses,L1-icache-loads,L1-icache-load-misses,LLC-loads,LLC-load-misses,LLC-stores,LLC-store-misses,LLC-prefetches,LLC-prefetch-misses,faults,minor-faults,major-faults,branches,branch-misses,stalled-cycles-frontend,stalled-cycles-backend /home/goankur/jdk/corretto-25/bin/java -server -Xms2g -Xmx2g --add-modules jdk.incubator.vector -XX:+HeapDumpOnOutOfMemoryError -XX:+UseParallelGC -XX:StartFlightRecording=jdk.CPUTimeSample#enabled=true,dumponexit=true,maxsize=250M,settings=/home/goankur/vsearch/util/src/python/profiling.jfc,filename=/home/goankur/vsearch/logs/bench-search-FAKc-armK-0.jfr -XX:+UnlockDiagnosticVMOptions -XX:+DebugNonSafepoints -classpath /home/goankur/vsearch/bo/lucene-K/lucene/core/build/libs/lucene-core-11.0.0-SNAPSHOT.jar:/home/goankur/vsearch/bo/lucene-K/lucene/sandbox/build/classes/java/main:/home/goankur/vsearch/bo/lucene-K/lucene/misc/build/classes/java/main:/home/goankur/vsearch/bo/lucene-K/lucene/facet/build/classes/java/main:/home/goankur/vsearch/bo/lucene-K/lucene/analysis/common/build/classes/java/main:/home/goankur/vsearch/bo/lucene-K/lucene/analysis/icu/build/classes/java/main:/home/goankur/vsearch/bo/lucene-K/lucene/queryparser/build/classes/java/main:/home/goankur/vsearch/bo/lucene-K/lucene/grouping/build/classes/java/main:/home/goankur/vsearch/bo/lucene-K/lucene/suggest/build/classes/java/main:/home/goankur/vsearch/bo/lucene-K/lucene/highlighter/build/classes/java/main:/home/goankur/vsearch/bo/lucene-K/lucene/codecs/build/classes/java/main:/home/goankur/vsearch/bo/lucene-K/lucene/queries/build/classes/java/main:/home/goankur/vsearch/bo/lucene-K/lucene/join/build/classes/java/main:/home/goankur/vsearch/bo/lucene-K/lucene/spatial3d/build/classes/java/main:/home/goankur/vsearch/util/lib/HdrHistogram.jar:/home/goankur/vsearch/util/src/main/build/classes/java/main:/home/goankur/vsearch/util/build perf.SearchPerfTest -dirImpl MMapDirectory -indexPath /home/goankur/vsearch/indices/wikimedium10m.lucene-A.facets.taxonomy:Date.taxonomy:Month.taxonomy:DayOfYear.sortedset:Date.sortedset:Month.sortedset:DayOfYear.taxonomy:RandomLabel.sortedset:RandomLabel.Lucene90.Lucene104.dvfields.nd10M -facets taxonomy:Date;Date -facets taxonomy:Month;Month -facets taxonomy:DayOfYear;DayOfYear -facets sortedset:Date;Date -facets sortedset:Month;Month -facets sortedset:DayOfYear;DayOfYear -facets taxonomy:RandomLabel;RandomLabel -facets sortedset:RandomLabel;RandomLabel -analyzer StandardAnalyzer -taskSource /home/goankur/vsearch/util/tasks/wikimedium.10M.nostopwords.tasks -numConcurrentQueries 5 -taskRepeatCount 20 -field body -tasksPerCat 1 -searchConcurrency -1 -staticSeed -6766631 -seed -3509410 -similarity BM25Similarity -commit multi -hiliteImpl FastVectorHighlighter -log /home/goankur/vsearch/logs/FAKc.armK.0 -topN 100 -context  -pk -pollute
      10.2 s
      237.8 actual sustained QPS; -1.0 CPU cores used
    armA:
      NOTE: using experimental CPU time profiler (see https://mostlynerdless.de/blog/2025/06/11/java-25s-new-cpu-time-profiler-1)
      log: /home/goankur/vsearch/logs/FAKc.armA.0 + stdout
      run: /usr/bin/perf stat -dd -e task-clock,cycles,instructions,cache-references,cache-misses,L1-dcache-loads,L1-dcache-load-misses,L1-icache-loads,L1-icache-load-misses,LLC-loads,LLC-load-misses,LLC-stores,LLC-store-misses,LLC-prefetches,LLC-prefetch-misses,faults,minor-faults,major-faults,branches,branch-misses,stalled-cycles-frontend,stalled-cycles-backend /home/goankur/jdk/corretto-25/bin/java -server -Xms2g -Xmx2g --add-modules jdk.incubator.vector -XX:+HeapDumpOnOutOfMemoryError -XX:+UseParallelGC -XX:StartFlightRecording=jdk.CPUTimeSample#enabled=true,dumponexit=true,maxsize=250M,settings=/home/goankur/vsearch/util/src/python/profiling.jfc,filename=/home/goankur/vsearch/logs/bench-search-FAKc-armA-0.jfr -XX:+UnlockDiagnosticVMOptions -XX:+DebugNonSafepoints -classpath /home/goankur/vsearch/bo/lucene-A/lucene/core/build/libs/lucene-core-11.0.0-SNAPSHOT.jar:/home/goankur/vsearch/bo/lucene-A/lucene/sandbox/build/classes/java/main:/home/goankur/vsearch/bo/lucene-A/lucene/misc/build/classes/java/main:/home/goankur/vsearch/bo/lucene-A/lucene/facet/build/classes/java/main:/home/goankur/vsearch/bo/lucene-A/lucene/analysis/common/build/classes/java/main:/home/goankur/vsearch/bo/lucene-A/lucene/analysis/icu/build/classes/java/main:/home/goankur/vsearch/bo/lucene-A/lucene/queryparser/build/classes/java/main:/home/goankur/vsearch/bo/lucene-A/lucene/grouping/build/classes/java/main:/home/goankur/vsearch/bo/lucene-A/lucene/suggest/build/classes/java/main:/home/goankur/vsearch/bo/lucene-A/lucene/highlighter/build/classes/java/main:/home/goankur/vsearch/bo/lucene-A/lucene/codecs/build/classes/java/main:/home/goankur/vsearch/bo/lucene-A/lucene/queries/build/classes/java/main:/home/goankur/vsearch/bo/lucene-A/lucene/join/build/classes/java/main:/home/goankur/vsearch/bo/lucene-A/lucene/spatial3d/build/classes/java/main:/home/goankur/vsearch/util/lib/HdrHistogram.jar:/home/goankur/vsearch/util/src/main/build/classes/java/main:/home/goankur/vsearch/util/build perf.SearchPerfTest -dirImpl MMapDirectory -indexPath /home/goankur/vsearch/indices/wikimedium10m.lucene-A.facets.taxonomy:Date.taxonomy:Month.taxonomy:DayOfYear.sortedset:Date.sortedset:Month.sortedset:DayOfYear.taxonomy:RandomLabel.sortedset:RandomLabel.Lucene90.Lucene104.dvfields.nd10M -facets taxonomy:Date;Date -facets taxonomy:Month;Month -facets taxonomy:DayOfYear;DayOfYear -facets sortedset:Date;Date -facets sortedset:Month;Month -facets sortedset:DayOfYear;DayOfYear -facets taxonomy:RandomLabel;RandomLabel -facets sortedset:RandomLabel;RandomLabel -analyzer StandardAnalyzer -taskSource /home/goankur/vsearch/util/tasks/wikimedium.10M.nostopwords.tasks -numConcurrentQueries 5 -taskRepeatCount 20 -field body -tasksPerCat 1 -searchConcurrency -1 -staticSeed -6766631 -seed -3509410 -similarity BM25Similarity -commit multi -hiliteImpl FastVectorHighlighter -log /home/goankur/vsearch/logs/FAKc.armA.0 -topN 100 -context  -pk -pollute
      9.5 s
      242.4 actual sustained QPS; -1.0 CPU cores used

Report after iter 0:
QPSChart.supported == False
                            Task     P50 B     P50 C     Diff     P90 B     P90 C     Diff     P99 B     P99 C     Diff    P999 B    P999 C     Diff    P100 B    P100 C     Diff
           ('AndHighHigh', None)     1.577     1.608     2.0%     5.192     4.079   -21.4%    15.256     6.471   -57.6%    15.256     6.471   -57.6%    76.114   132.394    73.9%
('AndHighHighDayTaxoFacets', None)    13.614    14.051     3.2%    23.836    23.560    -1.2%    43.833    47.573     8.5%    43.833    47.573     8.5%   142.400    84.244   -40.8%
            ('AndHighLow', None)     0.425     0.536    26.2%     0.992     2.025   104.1%     1.039     3.558   242.5%     1.039     3.558   242.5%    13.023    12.543    -3.7%
            ('AndHighMed', None)     0.815     1.008    23.7%     3.866     2.044   -47.1%     4.761     2.356   -50.5%     4.761     2.356   -50.5%     5.448    15.038   176.0%
('AndHighMedDayTaxoFacets', None)     3.727     3.785     1.5%     7.469     5.842   -21.8%    16.828    13.419   -20.3%    16.828    13.419   -20.3%   145.369   150.566     3.6%
     ('AndMissingHigh', 'Title')     0.307     0.330     7.7%     0.857     0.826    -3.7%     1.065     0.975    -8.5%     1.065     0.975    -8.5%     2.906     1.264   -56.5%
              ('BM25MSM2', None)    17.368    15.596   -10.2%    30.872    35.020    13.4%    34.999    44.525    27.2%    34.999    44.525    27.2%   260.037   146.675   -43.6%
  ('BrowseDateSSDVFacets', None)   337.995   322.163    -4.7%   395.602   378.388    -4.4%   409.930   388.772    -5.2%   409.930   388.772    -5.2%   619.153   502.036   -18.9%
  ('BrowseDateTaxoFacets', None)    70.703    66.988    -5.3%    93.576    86.455    -7.6%   114.312    90.675   -20.7%   114.312    90.675   -20.7%   126.992   161.403    27.1%
('BrowseDayOfYearSSDVFacets', None)    50.052    63.545    27.0%    58.318    86.475    48.3%    61.277    93.900    53.2%    61.277    93.900    53.2%   227.391   151.645   -33.3%
('BrowseDayOfYearTaxoFacets', None)    70.634    70.493    -0.2%    88.600    84.333    -4.8%    88.750    86.316    -2.7%    88.750    86.316    -2.7%   136.175   122.787    -9.8%
 ('BrowseMonthSSDVFacets', None)    66.043    61.453    -7.0%   100.762    82.809   -17.8%   103.187    88.193   -14.5%   103.187    88.193   -14.5%   197.148    98.259   -50.2%
 ('BrowseMonthTaxoFacets', None)    85.969    86.700     0.9%    95.232    95.124    -0.1%   101.125    95.788    -5.3%   101.125    95.788    -5.3%   170.675   150.840   -11.6%
('BrowseRandomLabelSSDVFacets', None)    91.629    88.926    -2.9%   141.160   142.649     1.1%   148.079   147.685    -0.3%   148.079   147.685    -0.3%   264.988   182.117   -31.3%
('BrowseRandomLabelTaxoFacets', None)    77.490    82.758     6.8%   113.595   112.029    -1.4%   113.717   113.367    -0.3%   113.717   113.367    -0.3%   155.310   151.795    -2.3%
             ('ConstMSM2', None)     0.845     0.910     7.7%     3.131     1.083   -65.4%     7.140     6.886    -3.6%     7.140     6.886    -3.6%    21.655    41.341    90.9%
                ('Fuzzy1', None)    10.766    10.534    -2.1%    20.889    16.168   -22.6%    22.736    39.805    75.1%    22.736    39.805    75.1%   311.367   633.893   103.6%
                ('Fuzzy2', None)    11.122     9.250   -16.8%    16.388    21.201    29.4%    22.470    21.616    -3.8%    22.470    21.616    -3.8%    49.360    80.479    63.0%
  ('HighIntervalsOrdered', None)    17.179    14.740   -14.2%    28.464    28.923     1.6%    37.319    34.272    -8.2%    37.319    34.272    -8.2%    38.620    51.545    33.5%
            ('HighPhrase', None)     5.170     5.287     2.3%    10.138    10.798     6.5%    11.330    13.783    21.7%    11.330    13.783    21.7%    52.673    42.086   -20.1%
      ('HighSloppyPhrase', None)     8.553    10.174    19.0%    12.574    12.381    -1.5%    21.519    19.001   -11.7%    21.519    19.001   -11.7%    26.014    29.290    12.6%
          ('HighSpanNear', None)    16.568    15.833    -4.4%    26.221    23.256   -11.3%    34.229    24.231   -29.2%    34.229    24.231   -29.2%    72.660    38.410   -47.1%
              ('HighTerm', None)     0.852     0.830    -2.6%     3.154     2.424   -23.1%     3.389     4.372    29.0%     3.389     4.372    29.0%    32.145    15.352   -52.2%
('HighTermDayOfYearSort', 'DayOfYear')     2.582     2.409    -6.7%     9.044    14.427    59.5%    12.533    14.829    18.3%    12.533    14.829    18.3%    56.363    87.759    55.7%
  ('HighTermMonthSort', 'Month')     0.707     0.681    -3.7%     1.656     2.005    21.1%     2.525     8.848   250.4%     2.525     8.848   250.4%     2.852    13.625   377.7%
('HighTermTitleBDVSort', 'TitleBinary')    10.835    11.036     1.9%    20.237    17.860   -11.7%    25.731    30.762    19.6%    25.731    30.762    19.6%    91.147   101.874    11.8%
  ('HighTermTitleSort', 'Title')     8.084     8.289     2.5%    30.560    31.896     4.4%    38.400    32.881   -14.4%    38.400    32.881   -14.4%    92.696   157.085    69.5%
                ('IntNRQ', None)     0.611     0.631     3.3%     2.355     2.003   -15.0%    14.182     2.132   -85.0%    14.182     2.132   -85.0%    61.395    21.529   -64.9%
                ('IntSet', None)     1.478     1.382    -6.5%     6.164     5.924    -3.9%    11.639     8.916   -23.4%    11.639     8.916   -23.4%    51.330    28.500   -44.5%
   ('LowIntervalsOrdered', None)     1.734     1.475   -15.0%     4.061     7.573    86.5%     6.102     8.213    34.6%     6.102     8.213    34.6%    11.413     9.584   -16.0%
             ('LowPhrase', None)     2.153     2.357     9.5%     4.717    12.134   157.3%     6.276    14.037   123.7%     6.276    14.037   123.7%    17.028    39.341   131.0%
       ('LowSloppyPhrase', None)     4.291     4.650     8.4%     7.978     8.964    12.4%     9.556    14.086    47.4%     9.556    14.086    47.4%    22.276    76.129   241.8%
           ('LowSpanNear', None)     5.164     5.115    -1.0%     9.476     6.760   -28.7%     9.551     7.915   -17.1%     9.551     7.915   -17.1%    96.175   100.433     4.4%
               ('LowTerm', None)     0.465     0.490     5.4%     0.829     0.909     9.6%     1.488     1.047   -29.6%     1.488     1.047   -29.6%    10.823    20.618    90.5%
   ('MedIntervalsOrdered', None)     8.791     8.266    -6.0%    14.553    17.270    18.7%    14.592    17.430    19.4%    14.592    17.430    19.4%   289.403   242.973   -16.0%
             ('MedPhrase', None)     2.046     2.223     8.7%     4.983     6.224    24.9%     6.285     6.573     4.6%     6.285     6.573     4.6%   203.152   182.087   -10.4%
       ('MedSloppyPhrase', None)    14.397    14.012    -2.7%    16.980    20.612    21.4%    18.300    26.975    47.4%    18.300    26.975    47.4%   216.958   235.028     8.3%
           ('MedSpanNear', None)    12.449    11.683    -6.2%    30.420    25.409   -16.5%    33.336    27.923   -16.2%    33.336    27.923   -16.2%    73.011    74.467     2.0%
               ('MedTerm', None)     0.674     0.690     2.5%     1.209     2.050    69.6%     1.641     3.601   119.4%     1.641     3.601   119.4%     6.124     5.871    -4.1%
  ('MedTermDayTaxoFacets', None)    11.206    10.265    -8.4%    14.566    15.808     8.5%    16.103    16.771     4.2%    16.103    16.771     4.2%    45.182    33.303   -26.3%
            ('OrHighHigh', None)     2.152     2.293     6.6%     5.807     4.527   -22.0%    10.887     6.799   -37.5%    10.887     6.799   -37.5%    25.705    27.214     5.9%
             ('OrHighLow', None)     0.827     0.921    11.3%     2.055     2.402    16.9%     3.910     2.993   -23.4%     3.910     2.993   -23.4%    22.388    14.716   -34.3%
             ('OrHighMed', None)     0.820     0.858     4.7%     2.407     2.156   -10.4%     3.930     3.369   -14.3%     3.930     3.369   -14.3%   118.942   100.698   -15.3%
('OrHighMedDayTaxoFacets', None)    53.538    56.134     4.8%    72.855    67.992    -6.7%    78.090    78.332     0.3%    78.090    78.332     0.3%   280.497   220.066   -21.5%
         ('OrHighNotHigh', None)     1.144     1.484    29.7%     3.647     2.907   -20.3%     4.073     9.959   144.5%     4.073     9.959   144.5%     5.781    12.282   112.5%
          ('OrHighNotLow', None)     1.002     1.168    16.6%     2.911     1.837   -36.9%     3.452     3.553     2.9%     3.452     3.553     2.9%     4.952    28.359   472.6%
          ('OrHighNotMed', None)     1.109     1.382    24.6%     2.790     2.834     1.6%     5.197     3.843   -26.1%     5.197     3.843   -26.1%     7.830     9.929    26.8%
         ('OrNotHighHigh', None)     1.121     1.322    18.0%     2.970     2.800    -5.7%     3.458    10.055   190.8%     3.458    10.055   190.8%     5.212    10.526   102.0%
          ('OrNotHighLow', None)     0.601     0.733    22.0%     1.589     1.218   -23.3%     2.031     1.803   -11.2%     2.031     1.803   -11.2%     2.747     4.748    72.9%
          ('OrNotHighMed', None)     0.930     1.023    10.0%     4.706     3.241   -31.1%     9.982    15.082    51.1%     9.982    15.082    51.1%    93.822    86.197    -8.1%
                   ('PKLookup',)     5.530     4.173   -24.5%     7.720     6.112   -20.8%     9.969    11.363    14.0%     9.969    11.363    14.0%    49.366   184.207   273.1%
               ('Prefix3', None)     1.970     1.545   -21.6%     5.644     4.753   -15.8%    16.041    26.748    66.8%    16.041    26.748    66.8%    60.598    28.584   -52.8%
                    ('Respell',)    18.606    18.935     1.8%    28.494    23.428   -17.8%    30.428    34.016    11.8%    30.428    34.016    11.8%   118.879    99.501   -16.3%
('TermDateTimeSort', 'DateTime')     2.061     2.124     3.1%     6.876     4.256   -38.1%    10.042     6.159   -38.7%    10.042     6.159   -38.7%    52.463    39.823   -24.1%
              ('Wildcard', None)     2.485     2.566     3.2%     8.895     7.553   -15.1%    12.091    15.640    29.4%    12.091    15.640    29.4%    33.258    26.297   -20.9%
                 ('range', None)     0.156     0.199    27.6%     0.462     0.434    -6.1%     0.485     0.532     9.7%     0.485     0.532     9.7%     0.827     0.883     6.8%
                            Task    QPS armA      StdDev    QPS armK      StdDev                Pct diff p-value
                   OrHighNotHigh      878.88      (0.0%)      684.72      (0.0%)  -22.1% ( -22% -  -22%) 1.000
                    OrHighNotMed      933.45      (0.0%)      732.16      (0.0%)  -21.6% ( -21% -  -21%) 1.000
                      AndHighMed     1258.66      (0.0%)     1005.19      (0.0%)  -20.1% ( -20% -  -20%) 1.000
       BrowseDayOfYearSSDVFacets       20.30      (0.0%)       16.28      (0.0%)  -19.8% ( -19% -  -19%) 1.000
                      AndHighLow     2470.41      (0.0%)     2009.76      (0.0%)  -18.6% ( -18% -  -18%) 1.000
                    OrNotHighLow     1717.09      (0.0%)     1440.38      (0.0%)  -16.1% ( -16% -  -16%) 1.000
                   OrNotHighHigh      898.39      (0.0%)      783.60      (0.0%)  -12.8% ( -12% -  -12%) 1.000
                  AndMissingHigh     3700.74      (0.0%)     3287.16      (0.0%)  -11.2% ( -11% -  -11%) 1.000
                HighSloppyPhrase      118.88      (0.0%)      105.75      (0.0%)  -11.1% ( -11% -  -11%) 1.000
                    OrHighNotLow     1010.48      (0.0%)      899.20      (0.0%)  -11.0% ( -11% -  -11%) 1.000
                    OrNotHighMed     1164.05      (0.0%)     1043.77      (0.0%)  -10.3% ( -10% -  -10%) 1.000
                       LowPhrase      483.86      (0.0%)      435.40      (0.0%)  -10.0% ( -10% -  -10%) 1.000
                      OrHighHigh      500.22      (0.0%)      459.02      (0.0%)   -8.2% (  -8% -   -8%) 1.000
                           range     6666.36      (0.0%)     6137.13      (0.0%)   -7.9% (  -7% -   -7%) 1.000
               HighTermTitleSort      132.61      (0.0%)      122.73      (0.0%)   -7.4% (  -7% -   -7%) 1.000
                       OrHighMed     1271.32      (0.0%)     1181.24      (0.0%)   -7.1% (  -7% -   -7%) 1.000
                       MedPhrase      492.42      (0.0%)      457.57      (0.0%)   -7.1% (  -7% -   -7%) 1.000
                     LowSpanNear      210.78      (0.0%)      196.86      (0.0%)   -6.6% (  -6% -   -6%) 1.000
     BrowseRandomLabelTaxoFacets       13.04      (0.0%)       12.19      (0.0%)   -6.5% (  -6% -   -6%) 1.000
                      HighPhrase      202.82      (0.0%)      191.04      (0.0%)   -5.8% (  -5% -   -5%) 1.000
                         LowTerm     2264.68      (0.0%)     2144.21      (0.0%)   -5.3% (  -5% -   -5%) 1.000
                       OrHighLow     1213.49      (0.0%)     1160.43      (0.0%)   -4.4% (  -4% -   -4%) 1.000
            HighTermTitleBDVSort       94.68      (0.0%)       91.13      (0.0%)   -3.8% (  -3% -   -3%) 1.000
                 LowSloppyPhrase      237.92      (0.0%)      229.58      (0.0%)   -3.5% (  -3% -   -3%) 1.000
         AndHighMedDayTaxoFacets      276.54      (0.0%)      268.15      (0.0%)   -3.0% (  -3% -   -3%) 1.000
                      TermDTSort      494.50      (0.0%)      480.19      (0.0%)   -2.9% (  -2% -   -2%) 1.000
        AndHighHighDayTaxoFacets       79.47      (0.0%)       77.30      (0.0%)   -2.7% (  -2% -   -2%) 1.000
                       ConstMSM2     1267.67      (0.0%)     1235.11      (0.0%)   -2.6% (  -2% -   -2%) 1.000
           HighTermDayOfYearSort      448.99      (0.0%)      443.34      (0.0%)   -1.3% (  -1% -   -1%) 1.000
                         Prefix3      681.11      (0.0%)      672.83      (0.0%)   -1.2% (  -1% -   -1%) 1.000
       BrowseDayOfYearTaxoFacets       14.64      (0.0%)       14.48      (0.0%)   -1.1% (  -1% -   -1%) 1.000
           BrowseMonthTaxoFacets       11.72      (0.0%)       11.62      (0.0%)   -0.8% (   0% -    0%) 1.000
                     AndHighHigh      657.03      (0.0%)      652.61      (0.0%)   -0.7% (   0% -    0%) 1.000
                        HighTerm     1211.09      (0.0%)     1212.51      (0.0%)    0.1% (   0% -    0%) 1.000
          OrHighMedDayTaxoFacets       20.18      (0.0%)       20.24      (0.0%)    0.3% (   0% -    0%) 1.000
                     MedSpanNear       85.13      (0.0%)       85.92      (0.0%)    0.9% (   0% -    0%) 1.000
                        Wildcard      410.87      (0.0%)      419.17      (0.0%)    2.0% (   2% -    2%) 1.000
                         Respell       55.92      (0.0%)       57.08      (0.0%)    2.1% (   2% -    2%) 1.000
                         MedTerm     1521.23      (0.0%)     1555.86      (0.0%)    2.3% (   2% -    2%) 1.000
                          IntSet      728.11      (0.0%)      745.32      (0.0%)    2.4% (   2% -    2%) 1.000
            BrowseDateTaxoFacets       15.02      (0.0%)       15.44      (0.0%)    2.8% (   2% -    2%) 1.000
                    HighSpanNear       61.71      (0.0%)       63.62      (0.0%)    3.1% (   3% -    3%) 1.000
                          Fuzzy1       97.74      (0.0%)      100.84      (0.0%)    3.2% (   3% -    3%) 1.000
               HighTermMonthSort     1446.68      (0.0%)     1504.54      (0.0%)    4.0% (   3% -    3%) 1.000
             MedIntervalsOrdered      117.39      (0.0%)      122.19      (0.0%)    4.1% (   4% -    4%) 1.000
            BrowseDateSSDVFacets        3.01      (0.0%)        3.14      (0.0%)    4.3% (   4% -    4%) 1.000
                 MedSloppyPhrase       71.26      (0.0%)       74.75      (0.0%)    4.9% (   4% -    4%) 1.000
           BrowseMonthSSDVFacets       15.64      (0.0%)       16.46      (0.0%)    5.2% (   5% -    5%) 1.000
     BrowseRandomLabelSSDVFacets       10.97      (0.0%)       11.71      (0.0%)    6.7% (   6% -    6%) 1.000
            MedTermDayTaxoFacets       93.51      (0.0%)      100.88      (0.0%)    7.9% (   7% -    7%) 1.000
                        BM25MSM2       59.62      (0.0%)       64.62      (0.0%)    8.4% (   8% -    8%) 1.000
                          IntNRQ     1889.09      (0.0%)     2056.46      (0.0%)    8.9% (   8% -    8%) 1.000
                          Fuzzy2      100.52      (0.0%)      110.68      (0.0%)   10.1% (  10% -   10%) 1.000
             LowIntervalsOrdered      606.58      (0.0%)      699.83      (0.0%)   15.4% (  15% -   15%) 1.000
            HighIntervalsOrdered       58.56      (0.0%)       68.18      (0.0%)   16.4% (  16% -   16%) 1.000
                        PKLookup      183.84      (0.0%)      260.81      (0.0%)   41.9% (  41% -   41%) 1.000
  iter 1
    armA:
      NOTE: using experimental CPU time profiler (see https://mostlynerdless.de/blog/2025/06/11/java-25s-new-cpu-time-profiler-1)
      log: /home/goankur/vsearch/logs/FAKc.armA.1 + stdout
      run: /usr/bin/perf stat -dd -e task-clock,cycles,instructions,cache-references,cache-misses,L1-dcache-loads,L1-dcache-load-misses,L1-icache-loads,L1-icache-load-misses,LLC-loads,LLC-load-misses,LLC-stores,LLC-store-misses,LLC-prefetches,LLC-prefetch-misses,faults,minor-faults,major-faults,branches,branch-misses,stalled-cycles-frontend,stalled-cycles-backend /home/goankur/jdk/corretto-25/bin/java -server -Xms2g -Xmx2g --add-modules jdk.incubator.vector -XX:+HeapDumpOnOutOfMemoryError -XX:+UseParallelGC -XX:StartFlightRecording=jdk.CPUTimeSample#enabled=true,dumponexit=true,maxsize=250M,settings=/home/goankur/vsearch/util/src/python/profiling.jfc,filename=/home/goankur/vsearch/logs/bench-search-FAKc-armA-1.jfr -XX:+UnlockDiagnosticVMOptions -XX:+DebugNonSafepoints -classpath /home/goankur/vsearch/bo/lucene-A/lucene/core/build/libs/lucene-core-11.0.0-SNAPSHOT.jar:/home/goankur/vsearch/bo/lucene-A/lucene/sandbox/build/classes/java/main:/home/goankur/vsearch/bo/lucene-A/lucene/misc/build/classes/java/main:/home/goankur/vsearch/bo/lucene-A/lucene/facet/build/classes/java/main:/home/goankur/vsearch/bo/lucene-A/lucene/analysis/common/build/classes/java/main:/home/goankur/vsearch/bo/lucene-A/lucene/analysis/icu/build/classes/java/main:/home/goankur/vsearch/bo/lucene-A/lucene/queryparser/build/classes/java/main:/home/goankur/vsearch/bo/lucene-A/lucene/grouping/build/classes/java/main:/home/goankur/vsearch/bo/lucene-A/lucene/suggest/build/classes/java/main:/home/goankur/vsearch/bo/lucene-A/lucene/highlighter/build/classes/java/main:/home/goankur/vsearch/bo/lucene-A/lucene/codecs/build/classes/java/main:/home/goankur/vsearch/bo/lucene-A/lucene/queries/build/classes/java/main:/home/goankur/vsearch/bo/lucene-A/lucene/join/build/classes/java/main:/home/goankur/vsearch/bo/lucene-A/lucene/spatial3d/build/classes/java/main:/home/goankur/vsearch/util/lib/HdrHistogram.jar:/home/goankur/vsearch/util/src/main/build/classes/java/main:/home/goankur/vsearch/util/build perf.SearchPerfTest -dirImpl MMapDirectory -indexPath /home/goankur/vsearch/indices/wikimedium10m.lucene-A.facets.taxonomy:Date.taxonomy:Month.taxonomy:DayOfYear.sortedset:Date.sortedset:Month.sortedset:DayOfYear.taxonomy:RandomLabel.sortedset:RandomLabel.Lucene90.Lucene104.dvfields.nd10M -facets taxonomy:Date;Date -facets taxonomy:Month;Month -facets taxonomy:DayOfYear;DayOfYear -facets sortedset:Date;Date -facets sortedset:Month;Month -facets sortedset:DayOfYear;DayOfYear -facets taxonomy:RandomLabel;RandomLabel -facets sortedset:RandomLabel;RandomLabel -analyzer StandardAnalyzer -taskSource /home/goankur/vsearch/util/tasks/wikimedium.10M.nostopwords.tasks -numConcurrentQueries 5 -taskRepeatCount 20 -field body -tasksPerCat 1 -searchConcurrency -1 -staticSeed -6766631 -seed -3365055 -similarity BM25Similarity -commit multi -hiliteImpl FastVectorHighlighter -log /home/goankur/vsearch/logs/FAKc.armA.1 -topN 100 -context  -pk -pollute
      9.2 s
      274.9 actual sustained QPS; -1.0 CPU cores used
    armK:
      NOTE: using experimental CPU time profiler (see https://mostlynerdless.de/blog/2025/06/11/java-25s-new-cpu-time-profiler-1)
      log: /home/goankur/vsearch/logs/FAKc.armK.1 + stdout
      run: /usr/bin/perf stat -dd -e task-clock,cycles,instructions,cache-references,cache-misses,L1-dcache-loads,L1-dcache-load-misses,L1-icache-loads,L1-icache-load-misses,LLC-loads,LLC-load-misses,LLC-stores,LLC-store-misses,LLC-prefetches,LLC-prefetch-misses,faults,minor-faults,major-faults,branches,branch-misses,stalled-cycles-frontend,stalled-cycles-backend /home/goankur/jdk/corretto-25/bin/java -server -Xms2g -Xmx2g --add-modules jdk.incubator.vector -XX:+HeapDumpOnOutOfMemoryError -XX:+UseParallelGC -XX:StartFlightRecording=jdk.CPUTimeSample#enabled=true,dumponexit=true,maxsize=250M,settings=/home/goankur/vsearch/util/src/python/profiling.jfc,filename=/home/goankur/vsearch/logs/bench-search-FAKc-armK-1.jfr -XX:+UnlockDiagnosticVMOptions -XX:+DebugNonSafepoints -classpath /home/goankur/vsearch/bo/lucene-K/lucene/core/build/libs/lucene-core-11.0.0-SNAPSHOT.jar:/home/goankur/vsearch/bo/lucene-K/lucene/sandbox/build/classes/java/main:/home/goankur/vsearch/bo/lucene-K/lucene/misc/build/classes/java/main:/home/goankur/vsearch/bo/lucene-K/lucene/facet/build/classes/java/main:/home/goankur/vsearch/bo/lucene-K/lucene/analysis/common/build/classes/java/main:/home/goankur/vsearch/bo/lucene-K/lucene/analysis/icu/build/classes/java/main:/home/goankur/vsearch/bo/lucene-K/lucene/queryparser/build/classes/java/main:/home/goankur/vsearch/bo/lucene-K/lucene/grouping/build/classes/java/main:/home/goankur/vsearch/bo/lucene-K/lucene/suggest/build/classes/java/main:/home/goankur/vsearch/bo/lucene-K/lucene/highlighter/build/classes/java/main:/home/goankur/vsearch/bo/lucene-K/lucene/codecs/build/classes/java/main:/home/goankur/vsearch/bo/lucene-K/lucene/queries/build/classes/java/main:/home/goankur/vsearch/bo/lucene-K/lucene/join/build/classes/java/main:/home/goankur/vsearch/bo/lucene-K/lucene/spatial3d/build/classes/java/main:/home/goankur/vsearch/util/lib/HdrHistogram.jar:/home/goankur/vsearch/util/src/main/build/classes/java/main:/home/goankur/vsearch/util/build perf.SearchPerfTest -dirImpl MMapDirectory -indexPath /home/goankur/vsearch/indices/wikimedium10m.lucene-A.facets.taxonomy:Date.taxonomy:Month.taxonomy:DayOfYear.sortedset:Date.sortedset:Month.sortedset:DayOfYear.taxonomy:RandomLabel.sortedset:RandomLabel.Lucene90.Lucene104.dvfields.nd10M -facets taxonomy:Date;Date -facets taxonomy:Month;Month -facets taxonomy:DayOfYear;DayOfYear -facets sortedset:Date;Date -facets sortedset:Month;Month -facets sortedset:DayOfYear;DayOfYear -facets taxonomy:RandomLabel;RandomLabel -facets sortedset:RandomLabel;RandomLabel -analyzer StandardAnalyzer -taskSource /home/goankur/vsearch/util/tasks/wikimedium.10M.nostopwords.tasks -numConcurrentQueries 5 -taskRepeatCount 20 -field body -tasksPerCat 1 -searchConcurrency -1 -staticSeed -6766631 -seed -3365055 -similarity BM25Similarity -commit multi -hiliteImpl FastVectorHighlighter -log /home/goankur/vsearch/logs/FAKc.armK.1 -topN 100 -context  -pk -pollute
      9.6 s
      242.7 actual sustained QPS; -1.0 CPU cores used

Report after iter 1:
QPSChart.supported == False
                            Task     P50 B     P50 C     Diff     P90 B     P90 C     Diff     P99 B     P99 C     Diff    P999 B    P999 C     Diff    P100 B    P100 C     Diff
           ('AndHighHigh', None)     1.511     1.637     8.4%     6.651     5.139   -22.7%     7.908     6.836   -13.6%     7.908     6.836   -13.6%    62.608    48.205   -23.0%
('AndHighHighDayTaxoFacets', None)    13.678    12.556    -8.2%    29.523    24.063   -18.5%    55.434    53.149    -4.1%    55.434    53.149    -4.1%   260.729   267.834     2.7%
            ('AndHighLow', None)     0.517     0.660    27.7%     1.144     1.364    19.2%     1.435     1.465     2.1%     1.435     1.465     2.1%     2.759     2.297   -16.7%
            ('AndHighMed', None)     0.833     1.158    39.1%     2.968     4.026    35.7%     3.550     4.374    23.2%     3.550     4.374    23.2%    28.066    21.974   -21.7%
('AndHighMedDayTaxoFacets', None)     3.610     3.873     7.3%    10.900    11.368     4.3%    17.387    11.593   -33.3%    17.387    11.593   -33.3%    36.683    17.371   -52.6%
     ('AndMissingHigh', 'Title')     0.270     0.334    23.5%     0.724     0.936    29.3%     1.127     4.508   300.0%     1.127     4.508   300.0%     1.661    10.398   526.2%
              ('BM25MSM2', None)    16.462    16.194    -1.6%    40.344    30.853   -23.5%    56.315    38.023   -32.5%    56.315    38.023   -32.5%   206.159   249.001    20.8%
  ('BrowseDateSSDVFacets', None)   344.271   373.100     8.4%   391.979   447.666    14.2%   411.739   458.097    11.3%   411.739   458.097    11.3%   504.876   477.337    -5.5%
  ('BrowseDateTaxoFacets', None)    23.288    69.098   196.7%    42.454    87.483   106.1%    64.090    90.365    41.0%    64.090    90.365    41.0%   195.014   257.941    32.3%
('BrowseDayOfYearSSDVFacets', None)    66.268    60.015    -9.4%    90.242    73.429   -18.6%   104.322    89.643   -14.1%   104.322    89.643   -14.1%   194.272   239.901    23.5%
('BrowseDayOfYearTaxoFacets', None)    23.790    64.230   170.0%    32.550    85.023   161.2%    67.387    89.250    32.4%    67.387    89.250    32.4%    77.856   125.285    60.9%
 ('BrowseMonthSSDVFacets', None)    68.757    63.483    -7.7%    88.196    78.713   -10.8%    94.450    81.353   -13.9%    94.450    81.353   -13.9%   141.344   159.735    13.0%
 ('BrowseMonthTaxoFacets', None)    87.978    28.977   -67.1%   102.088    73.381   -28.1%   106.447    81.813   -23.1%   106.447    81.813   -23.1%   121.168   133.808    10.4%
('BrowseRandomLabelSSDVFacets', None)    96.682    86.095   -11.0%   142.122   116.641   -17.9%   209.712   123.405   -41.2%   209.712   123.405   -41.2%   391.312   411.075     5.1%
('BrowseRandomLabelTaxoFacets', None)    39.875    88.552   122.1%    48.134   102.629   113.2%    74.395   118.494    59.3%    74.395   118.494    59.3%   144.732   223.305    54.3%
             ('ConstMSM2', None)     0.808     0.938    16.1%     2.146     1.736   -19.1%     2.385     3.942    65.3%     2.385     3.942    65.3%     5.495    11.217   104.1%
                ('Fuzzy1', None)    11.146    11.948     7.2%    35.751    18.316   -48.8%    42.324    28.665   -32.3%    42.324    28.665   -32.3%    50.395    49.405    -2.0%
                ('Fuzzy2', None)    11.197    11.720     4.7%    20.298    25.639    26.3%    28.508    26.933    -5.5%    28.508    26.933    -5.5%   106.320   119.576    12.5%
  ('HighIntervalsOrdered', None)    14.438    15.243     5.6%    30.615    18.849   -38.4%    35.854    24.634   -31.3%    35.854    24.634   -31.3%   208.562   242.053    16.1%
            ('HighPhrase', None)     5.251     5.411     3.1%    11.595    14.508    25.1%    16.132    20.808    29.0%    16.132    20.808    29.0%    62.369    79.384    27.3%
      ('HighSloppyPhrase', None)    11.765    10.359   -12.0%    16.942    11.744   -30.7%    18.456    13.024   -29.4%    18.456    13.024   -29.4%    29.996    29.157    -2.8%
          ('HighSpanNear', None)    15.862    16.031     1.1%    33.102    25.686   -22.4%    50.803    41.239   -18.8%    50.803    41.239   -18.8%   176.789   212.160    20.0%
              ('HighTerm', None)     0.931     0.844    -9.4%     2.870     1.836   -36.0%     3.083     2.515   -18.4%     3.083     2.515   -18.4%    20.109    50.260   149.9%
('HighTermDayOfYearSort', 'DayOfYear')     2.319     2.247    -3.1%     8.791     7.523   -14.4%     8.864     9.016     1.7%     8.864     9.016     1.7%    85.048    67.823   -20.3%
  ('HighTermMonthSort', 'Month')     0.728     0.688    -5.6%     2.207     2.191    -0.7%     2.854     2.243   -21.4%     2.854     2.243   -21.4%     7.883     4.197   -46.8%
('HighTermTitleBDVSort', 'TitleBinary')    11.143    12.114     8.7%    38.650    23.779   -38.5%    41.111    28.819   -29.9%    41.111    28.819   -29.9%   104.566   126.695    21.2%
  ('HighTermTitleSort', 'Title')     8.589     9.858    14.8%    35.645    23.950   -32.8%    53.154    26.504   -50.1%    53.154    26.504   -50.1%   102.002   166.743    63.5%
                ('IntNRQ', None)     0.582     0.518   -11.0%    14.014     1.838   -86.9%    24.862     4.201   -83.1%    24.862     4.201   -83.1%    38.014    35.991    -5.3%
                ('IntSet', None)     1.647     1.631    -1.0%     6.371     4.662   -26.8%    10.664    11.231     5.3%    10.664    11.231     5.3%    53.352    48.824    -8.5%
   ('LowIntervalsOrdered', None)     1.677     1.522    -9.3%     7.769     5.143   -33.8%    10.667     7.595   -28.8%    10.667     7.595   -28.8%    21.911    24.380    11.3%
             ('LowPhrase', None)     2.480     2.496     0.6%    14.156     6.880   -51.4%    32.123     8.757   -72.7%    32.123     8.757   -72.7%   213.996   184.495   -13.8%
       ('LowSloppyPhrase', None)     6.488     6.060    -6.6%    17.886     9.860   -44.9%    23.804    13.582   -42.9%    23.804    13.582   -42.9%    67.460    55.151   -18.2%
           ('LowSpanNear', None)     5.096     5.117     0.4%     9.876     6.543   -33.7%    16.244    10.246   -36.9%    16.244    10.246   -36.9%    23.537    10.763   -54.3%
               ('LowTerm', None)     0.466     0.468     0.6%     1.602     0.965   -39.8%     1.771     1.742    -1.7%     1.771     1.742    -1.7%     8.012     1.957   -75.6%
   ('MedIntervalsOrdered', None)     8.368     8.661     3.5%    18.899    17.898    -5.3%    20.308    20.346     0.2%    20.308    20.346     0.2%    32.234    51.136    58.6%
             ('MedPhrase', None)     2.608     3.084    18.3%     7.196     5.817   -19.2%     9.011     9.489     5.3%     9.011     9.489     5.3%    16.994    26.292    54.7%
       ('MedSloppyPhrase', None)    14.939    14.175    -5.1%    21.034    19.382    -7.9%    21.876    20.099    -8.1%    21.876    20.099    -8.1%    26.869    20.929   -22.1%
           ('MedSpanNear', None)    11.697    11.750     0.5%    25.296    20.243   -20.0%    34.095    23.259   -31.8%    34.095    23.259   -31.8%    34.421    28.463   -17.3%
               ('MedTerm', None)     0.936     0.798   -14.7%     2.280     2.060    -9.7%     2.391     2.271    -5.0%     2.391     2.271    -5.0%     5.285     4.111   -22.2%
  ('MedTermDayTaxoFacets', None)    12.018    12.228     1.7%    16.722    17.091     2.2%    17.247    18.539     7.5%    17.247    18.539     7.5%   165.906   240.419    44.9%
            ('OrHighHigh', None)     1.876     2.359    25.7%     9.463     7.978   -15.7%    14.197     8.251   -41.9%    14.197     8.251   -41.9%   192.542   112.761   -41.4%
             ('OrHighLow', None)     0.913     0.964     5.6%     1.842     2.174    18.0%    17.113     2.326   -86.4%    17.113     2.326   -86.4%   168.494   162.774    -3.4%
             ('OrHighMed', None)     0.906     0.986     8.8%     2.233     2.515    12.6%     2.570     2.881    12.1%     2.570     2.881    12.1%    35.168    20.888   -40.6%
('OrHighMedDayTaxoFacets', None)    46.095    52.610    14.1%   199.214    69.007   -65.4%   199.372    79.412   -60.2%   199.372    79.412   -60.2%   359.389   349.819    -2.7%
         ('OrHighNotHigh', None)     1.236     1.190    -3.7%     3.094     3.687    19.2%     5.080     8.213    61.7%     5.080     8.213    61.7%    34.919    35.309     1.1%
          ('OrHighNotLow', None)     1.013     1.032     1.9%     3.977     3.821    -3.9%     4.897     6.093    24.4%     4.897     6.093    24.4%     5.312     8.453    59.1%
          ('OrHighNotMed', None)     1.022     1.112     8.8%     3.961    11.656   194.3%     8.042    13.311    65.5%     8.042    13.311    65.5%     9.167    14.650    59.8%
         ('OrNotHighHigh', None)     1.116     1.175     5.3%     4.181     2.938   -29.7%     5.281     4.249   -19.6%     5.281     4.249   -19.6%     9.805    10.835    10.5%
          ('OrNotHighLow', None)     0.783     0.788     0.6%     2.126     3.053    43.6%     3.431     3.350    -2.4%     3.431     3.350    -2.4%    17.907     4.942   -72.4%
          ('OrNotHighMed', None)     0.948     1.028     8.4%     3.746     4.740    26.5%     7.677     6.630   -13.6%     7.677     6.630   -13.6%    11.845     6.724   -43.2%
                   ('PKLookup',)     5.500     4.669   -15.1%     8.116     8.573     5.6%    11.378     8.742   -23.2%    11.378     8.742   -23.2%    16.980    20.670    21.7%
               ('Prefix3', None)     1.504     1.631     8.5%     5.351     6.905    29.0%    23.890    24.427     2.2%    23.890    24.427     2.2%    46.745    90.054    92.7%
                    ('Respell',)    19.609    21.191     8.1%    28.974    36.634    26.4%    54.425    41.061   -24.6%    54.425    41.061   -24.6%   219.182   244.563    11.6%
('TermDateTimeSort', 'DateTime')     2.402     2.967    23.5%     7.860     6.915   -12.0%    16.361     8.471   -48.2%    16.361     8.471   -48.2%    29.817    14.545   -51.2%
              ('Wildcard', None)     2.574     2.574     0.0%     8.175     8.864     8.4%    10.118    19.699    94.7%    10.118    19.699    94.7%    16.446    21.431    30.3%
                 ('range', None)     0.195     0.210     8.0%     0.431     1.206   179.8%     0.466     1.508   223.5%     0.466     1.508   223.5%     2.985     4.531    51.8%
                            Task    QPS armA      StdDev    QPS armK      StdDev                Pct diff p-value
            BrowseDateTaxoFacets       30.05     (70.7%)       15.14      (1.4%)  -49.6% ( -71% -   76%) 0.321
       BrowseDayOfYearTaxoFacets       29.69     (71.7%)       15.27      (3.8%)  -48.6% ( -72% -   95%) 0.339
     BrowseRandomLabelTaxoFacets       19.46     (46.7%)       11.89      (2.2%)  -38.9% ( -59% -   18%) 0.239
                      AndHighMed     1283.36      (2.7%)      953.64      (5.7%)  -25.7% ( -33% -  -17%) 0.000
                      AndHighLow     2312.29      (9.7%)     1842.72     (10.2%)  -20.3% ( -36% -    0%) 0.041
                    OrNotHighLow     1621.53      (8.3%)     1381.35      (5.1%)  -14.8% ( -26% -   -1%) 0.032
                  AndMissingHigh     3806.02      (3.9%)     3284.57      (0.1%)  -13.7% ( -17% -  -10%) 0.000
                    OrHighNotMed      969.99      (5.3%)      838.91     (15.6%)  -13.5% ( -32% -    7%) 0.245
                   OrHighNotHigh      870.82      (1.3%)      770.61     (13.9%)  -11.5% ( -26% -    3%) 0.245
               HighTermTitleSort      129.10      (3.8%)      115.53      (7.9%)  -10.5% ( -21% -    1%) 0.090
                       LowPhrase      473.04      (3.2%)      424.10      (3.4%)  -10.3% ( -16% -   -3%) 0.002
                      OrHighHigh      521.54      (5.8%)      467.72      (2.4%)  -10.3% ( -17% -   -2%) 0.019
                           range     6134.86     (12.3%)     5531.25     (14.0%)   -9.8% ( -32% -   18%) 0.454
       BrowseDayOfYearSSDVFacets       18.11     (17.1%)       16.57      (2.3%)   -8.5% ( -23% -   13%) 0.486
                    OrHighNotLow     1034.56      (3.3%)      948.10      (6.7%)   -8.4% ( -17% -    1%) 0.113
           HighTermDayOfYearSort      493.56     (12.8%)      452.98      (2.8%)   -8.2% ( -21% -    8%) 0.374
                   OrNotHighHigh      905.16      (1.1%)      835.17      (8.1%)   -7.7% ( -16% -    1%) 0.178
                       OrHighMed     1210.37      (7.1%)     1118.92      (7.3%)   -7.6% ( -20% -    7%) 0.294
                       OrHighLow     1181.52      (3.8%)     1099.38      (7.3%)   -7.0% ( -17% -    4%) 0.233
          OrHighMedDayTaxoFacets       21.15      (6.5%)       19.76      (3.2%)   -6.6% ( -15% -    3%) 0.198
                         Respell       56.13      (0.5%)       52.73     (11.0%)   -6.1% ( -17% -    5%) 0.434
                     AndHighHigh      681.77      (5.1%)      641.98      (2.2%)   -5.8% ( -12% -    1%) 0.139
                         Prefix3      701.03      (4.0%)      660.14      (2.6%)   -5.8% ( -11% -    0%) 0.083
                          Fuzzy1       99.46      (2.4%)       94.20      (9.4%)   -5.3% ( -16% -    6%) 0.443
         AndHighMedDayTaxoFacets      280.13      (1.8%)      266.30      (0.9%)   -4.9% (  -7% -   -2%) 0.001
            HighTermTitleBDVSort       93.68      (1.5%)       89.39      (2.6%)   -4.6% (  -8% -    0%) 0.033
                         LowTerm     2306.59      (2.6%)     2223.57      (4.9%)   -3.6% ( -10% -    3%) 0.355
                      TermDTSort      458.87     (11.0%)      443.93     (11.2%)   -3.3% ( -22% -   21%) 0.769
                     LowSpanNear      204.45      (4.4%)      198.25      (1.0%)   -3.0% (  -8% -    2%) 0.339
                      HighPhrase      197.00      (4.2%)      191.65      (0.4%)   -2.7% (  -7% -    1%) 0.361
                    OrNotHighMed     1120.46      (5.5%)     1091.82      (6.1%)   -2.6% ( -13% -    9%) 0.659
                 LowSloppyPhrase      202.37     (24.8%)      197.78     (22.2%)   -2.3% ( -39% -   59%) 0.923
                HighSloppyPhrase      104.61     (19.3%)      102.59      (4.3%)   -1.9% ( -21% -   26%) 0.890
            BrowseDateSSDVFacets        3.00      (0.6%)        2.95      (8.7%)   -1.4% ( -10% -    7%) 0.815
                       MedPhrase      447.38     (14.2%)      442.49      (4.8%)   -1.1% ( -17% -   20%) 0.918
                        Wildcard      409.14      (0.6%)      406.48      (4.4%)   -0.7% (  -5% -    4%) 0.835
             MedIntervalsOrdered      119.10      (2.0%)      119.44      (3.3%)    0.3% (  -4% -    5%) 0.915
                     MedSpanNear       85.94      (1.3%)       86.88      (1.6%)    1.1% (  -1% -    4%) 0.451
                    HighSpanNear       62.49      (1.8%)       63.34      (0.6%)    1.4% (  -1% -    3%) 0.305
            MedTermDayTaxoFacets       92.27      (1.9%)       93.79     (10.9%)    1.6% ( -10% -   14%) 0.833
                       ConstMSM2     1265.18      (0.3%)     1287.23      (5.8%)    1.7% (  -4% -    7%) 0.673
               HighTermMonthSort     1474.82      (2.7%)     1502.64      (0.2%)    1.9% (   0% -    4%) 0.324
        AndHighHighDayTaxoFacets       78.10      (2.5%)       79.84      (4.6%)    2.2% (  -4% -    9%) 0.547
                        BM25MSM2       61.66      (4.7%)       63.74      (2.0%)    3.4% (  -3% -   10%) 0.350
                          Fuzzy2       95.57      (7.3%)       99.59     (16.4%)    4.2% ( -18% -   30%) 0.741
                        HighTerm     1151.96      (7.3%)     1202.61      (1.2%)    4.4% (  -3% -   13%) 0.398
                 MedSloppyPhrase       69.92      (2.7%)       73.11      (3.3%)    4.6% (  -1% -   10%) 0.131
            HighIntervalsOrdered       64.88     (13.8%)       67.84      (0.7%)    4.6% (  -8% -   22%) 0.640
                          IntSet      688.23      (8.2%)      719.90      (5.2%)    4.6% (  -8% -   19%) 0.503
           BrowseMonthSSDVFacets       15.34      (2.7%)       16.15      (2.9%)    5.3% (   0% -   11%) 0.061
                          IntNRQ     1914.86      (1.9%)     2018.35      (2.8%)    5.4% (   0% -   10%) 0.024
     BrowseRandomLabelSSDVFacets       11.12      (1.9%)       11.76      (0.6%)    5.8% (   3% -    8%) 0.000
                         MedTerm     1338.22     (19.3%)     1417.65     (14.6%)    5.9% ( -23% -   49%) 0.729
             LowIntervalsOrdered      613.82      (1.7%)      690.67      (2.1%)   12.5% (   8% -   16%) 0.000
                        PKLookup      208.64     (16.8%)      246.22      (9.9%)   18.0% (  -7% -   53%) 0.192
           BrowseMonthTaxoFacets       11.56      (1.8%)       24.46    (157.0%)  111.5% ( -46% -  275%) 0.315
  iter 2
    armK:
      NOTE: using experimental CPU time profiler (see https://mostlynerdless.de/blog/2025/06/11/java-25s-new-cpu-time-profiler-1)
      log: /home/goankur/vsearch/logs/FAKc.armK.2 + stdout
      run: /usr/bin/perf stat -dd -e task-clock,cycles,instructions,cache-references,cache-misses,L1-dcache-loads,L1-dcache-load-misses,L1-icache-loads,L1-icache-load-misses,LLC-loads,LLC-load-misses,LLC-stores,LLC-store-misses,LLC-prefetches,LLC-prefetch-misses,faults,minor-faults,major-faults,branches,branch-misses,stalled-cycles-frontend,stalled-cycles-backend /home/goankur/jdk/corretto-25/bin/java -server -Xms2g -Xmx2g --add-modules jdk.incubator.vector -XX:+HeapDumpOnOutOfMemoryError -XX:+UseParallelGC -XX:StartFlightRecording=jdk.CPUTimeSample#enabled=true,dumponexit=true,maxsize=250M,settings=/home/goankur/vsearch/util/src/python/profiling.jfc,filename=/home/goankur/vsearch/logs/bench-search-FAKc-armK-2.jfr -XX:+UnlockDiagnosticVMOptions -XX:+DebugNonSafepoints -classpath /home/goankur/vsearch/bo/lucene-K/lucene/core/build/libs/lucene-core-11.0.0-SNAPSHOT.jar:/home/goankur/vsearch/bo/lucene-K/lucene/sandbox/build/classes/java/main:/home/goankur/vsearch/bo/lucene-K/lucene/misc/build/classes/java/main:/home/goankur/vsearch/bo/lucene-K/lucene/facet/build/classes/java/main:/home/goankur/vsearch/bo/lucene-K/lucene/analysis/common/build/classes/java/main:/home/goankur/vsearch/bo/lucene-K/lucene/analysis/icu/build/classes/java/main:/home/goankur/vsearch/bo/lucene-K/lucene/queryparser/build/classes/java/main:/home/goankur/vsearch/bo/lucene-K/lucene/grouping/build/classes/java/main:/home/goankur/vsearch/bo/lucene-K/lucene/suggest/build/classes/java/main:/home/goankur/vsearch/bo/lucene-K/lucene/highlighter/build/classes/java/main:/home/goankur/vsearch/bo/lucene-K/lucene/codecs/build/classes/java/main:/home/goankur/vsearch/bo/lucene-K/lucene/queries/build/classes/java/main:/home/goankur/vsearch/bo/lucene-K/lucene/join/build/classes/java/main:/home/goankur/vsearch/bo/lucene-K/lucene/spatial3d/build/classes/java/main:/home/goankur/vsearch/util/lib/HdrHistogram.jar:/home/goankur/vsearch/util/src/main/build/classes/java/main:/home/goankur/vsearch/util/build perf.SearchPerfTest -dirImpl MMapDirectory -indexPath /home/goankur/vsearch/indices/wikimedium10m.lucene-A.facets.taxonomy:Date.taxonomy:Month.taxonomy:DayOfYear.sortedset:Date.sortedset:Month.sortedset:DayOfYear.taxonomy:RandomLabel.sortedset:RandomLabel.Lucene90.Lucene104.dvfields.nd10M -facets taxonomy:Date;Date -facets taxonomy:Month;Month -facets taxonomy:DayOfYear;DayOfYear -facets sortedset:Date;Date -facets sortedset:Month;Month -facets sortedset:DayOfYear;DayOfYear -facets taxonomy:RandomLabel;RandomLabel -facets sortedset:RandomLabel;RandomLabel -analyzer StandardAnalyzer -taskSource /home/goankur/vsearch/util/tasks/wikimedium.10M.nostopwords.tasks -numConcurrentQueries 5 -taskRepeatCount 20 -field body -tasksPerCat 1 -searchConcurrency -1 -staticSeed -6766631 -seed -454703 -similarity BM25Similarity -commit multi -hiliteImpl FastVectorHighlighter -log /home/goankur/vsearch/logs/FAKc.armK.2 -topN 100 -context  -pk -pollute
      9.3 s
      254.9 actual sustained QPS; -1.0 CPU cores used
    armA:
      NOTE: using experimental CPU time profiler (see https://mostlynerdless.de/blog/2025/06/11/java-25s-new-cpu-time-profiler-1)
      log: /home/goankur/vsearch/logs/FAKc.armA.2 + stdout
      run: /usr/bin/perf stat -dd -e task-clock,cycles,instructions,cache-references,cache-misses,L1-dcache-loads,L1-dcache-load-misses,L1-icache-loads,L1-icache-load-misses,LLC-loads,LLC-load-misses,LLC-stores,LLC-store-misses,LLC-prefetches,LLC-prefetch-misses,faults,minor-faults,major-faults,branches,branch-misses,stalled-cycles-frontend,stalled-cycles-backend /home/goankur/jdk/corretto-25/bin/java -server -Xms2g -Xmx2g --add-modules jdk.incubator.vector -XX:+HeapDumpOnOutOfMemoryError -XX:+UseParallelGC -XX:StartFlightRecording=jdk.CPUTimeSample#enabled=true,dumponexit=true,maxsize=250M,settings=/home/goankur/vsearch/util/src/python/profiling.jfc,filename=/home/goankur/vsearch/logs/bench-search-FAKc-armA-2.jfr -XX:+UnlockDiagnosticVMOptions -XX:+DebugNonSafepoints -classpath /home/goankur/vsearch/bo/lucene-A/lucene/core/build/libs/lucene-core-11.0.0-SNAPSHOT.jar:/home/goankur/vsearch/bo/lucene-A/lucene/sandbox/build/classes/java/main:/home/goankur/vsearch/bo/lucene-A/lucene/misc/build/classes/java/main:/home/goankur/vsearch/bo/lucene-A/lucene/facet/build/classes/java/main:/home/goankur/vsearch/bo/lucene-A/lucene/analysis/common/build/classes/java/main:/home/goankur/vsearch/bo/lucene-A/lucene/analysis/icu/build/classes/java/main:/home/goankur/vsearch/bo/lucene-A/lucene/queryparser/build/classes/java/main:/home/goankur/vsearch/bo/lucene-A/lucene/grouping/build/classes/java/main:/home/goankur/vsearch/bo/lucene-A/lucene/suggest/build/classes/java/main:/home/goankur/vsearch/bo/lucene-A/lucene/highlighter/build/classes/java/main:/home/goankur/vsearch/bo/lucene-A/lucene/codecs/build/classes/java/main:/home/goankur/vsearch/bo/lucene-A/lucene/queries/build/classes/java/main:/home/goankur/vsearch/bo/lucene-A/lucene/join/build/classes/java/main:/home/goankur/vsearch/bo/lucene-A/lucene/spatial3d/build/classes/java/main:/home/goankur/vsearch/util/lib/HdrHistogram.jar:/home/goankur/vsearch/util/src/main/build/classes/java/main:/home/goankur/vsearch/util/build perf.SearchPerfTest -dirImpl MMapDirectory -indexPath /home/goankur/vsearch/indices/wikimedium10m.lucene-A.facets.taxonomy:Date.taxonomy:Month.taxonomy:DayOfYear.sortedset:Date.sortedset:Month.sortedset:DayOfYear.taxonomy:RandomLabel.sortedset:RandomLabel.Lucene90.Lucene104.dvfields.nd10M -facets taxonomy:Date;Date -facets taxonomy:Month;Month -facets taxonomy:DayOfYear;DayOfYear -facets sortedset:Date;Date -facets sortedset:Month;Month -facets sortedset:DayOfYear;DayOfYear -facets taxonomy:RandomLabel;RandomLabel -facets sortedset:RandomLabel;RandomLabel -analyzer StandardAnalyzer -taskSource /home/goankur/vsearch/util/tasks/wikimedium.10M.nostopwords.tasks -numConcurrentQueries 5 -taskRepeatCount 20 -field body -tasksPerCat 1 -searchConcurrency -1 -staticSeed -6766631 -seed -454703 -similarity BM25Similarity -commit multi -hiliteImpl FastVectorHighlighter -log /home/goankur/vsearch/logs/FAKc.armA.2 -topN 100 -context  -pk -pollute
      9.3 s
      252.8 actual sustained QPS; -1.0 CPU cores used

Report after iter 2:
QPSChart.supported == False
                            Task     P50 B     P50 C     Diff     P90 B     P90 C     Diff     P99 B     P99 C     Diff    P999 B    P999 C     Diff    P100 B    P100 C     Diff
           ('AndHighHigh', None)     1.848     1.902     2.9%     7.811     3.239   -58.5%    10.595    10.986     3.7%    10.595    10.986     3.7%   211.694   222.399     5.1%
('AndHighHighDayTaxoFacets', None)    13.736    13.722    -0.1%    19.637    20.929     6.6%    35.459    25.743   -27.4%    35.459    25.743   -27.4%    55.548    69.795    25.6%
            ('AndHighLow', None)     0.474     0.631    33.1%     1.362     1.040   -23.7%     1.373     1.151   -16.1%     1.373     1.151   -16.1%    10.636     4.896   -54.0%
            ('AndHighMed', None)     0.779     0.931    19.5%     8.318     2.468   -70.3%     8.695     3.797   -56.3%     8.695     3.797   -56.3%    23.228    15.651   -32.6%
('AndHighMedDayTaxoFacets', None)     3.765     3.922     4.2%     6.726    11.567    72.0%    16.948    19.062    12.5%    16.948    19.062    12.5%   252.343   371.247    47.1%
     ('AndMissingHigh', 'Title')     0.261     0.318    22.1%     0.600     1.304   117.5%     0.910     1.671    83.6%     0.910     1.671    83.6%     1.698     1.809     6.5%
              ('BM25MSM2', None)    16.623    18.459    11.0%    30.288    26.579   -12.2%    33.060    34.768     5.2%    33.060    34.768     5.2%   295.365   262.848   -11.0%
  ('BrowseDateSSDVFacets', None)   364.771   338.908    -7.1%   458.595   371.546   -19.0%   478.077   400.430   -16.2%   478.077   400.430   -16.2%   536.003   490.346    -8.5%
  ('BrowseDateTaxoFacets', None)    67.222    65.234    -3.0%    79.238    78.278    -1.2%    81.787    81.800     0.0%    81.787    81.800     0.0%   191.354   288.078    50.5%
('BrowseDayOfYearSSDVFacets', None)    68.076    72.594     6.6%   100.501   100.750     0.2%   100.555   108.372     7.8%   100.555   108.372     7.8%   331.227   322.085    -2.8%
('BrowseDayOfYearTaxoFacets', None)    65.788    66.729     1.4%    73.717    74.325     0.8%    77.945    77.668    -0.4%    77.945    77.668    -0.4%    78.345    86.485    10.4%
 ('BrowseMonthSSDVFacets', None)    71.560    82.153    14.8%    96.728    99.067     2.4%    97.847   103.283     5.6%    97.847   103.283     5.6%   192.519   151.325   -21.4%
 ('BrowseMonthTaxoFacets', None)    25.595    25.271    -1.3%    29.963    30.274     1.0%    30.562    33.036     8.1%    30.562    33.036     8.1%   403.868   444.378    10.0%
('BrowseRandomLabelSSDVFacets', None)    77.410    84.017     8.5%    94.713    94.588    -0.1%    95.827   103.863     8.4%    95.827   103.863     8.4%   559.423   721.527    29.0%
('BrowseRandomLabelTaxoFacets', None)    77.226    78.378     1.5%    94.911   105.139    10.8%   112.876   117.752     4.3%   112.876   117.752     4.3%   129.919   118.788    -8.6%
             ('ConstMSM2', None)     0.854     0.761   -10.9%     2.847     1.784   -37.4%     4.402     2.191   -50.2%     4.402     2.191   -50.2%     4.861    16.239   234.1%
                ('Fuzzy1', None)    11.339    10.242    -9.7%    19.348    25.744    33.1%    42.164    33.782   -19.9%    42.164    33.782   -19.9%   118.709   106.956    -9.9%
                ('Fuzzy2', None)    11.893    11.105    -6.6%    17.639    19.046     8.0%    19.705    22.019    11.7%    19.705    22.019    11.7%    41.715    40.112    -3.8%
  ('HighIntervalsOrdered', None)    15.806    14.708    -6.9%    23.389    23.310    -0.3%    44.584    31.817   -28.6%    44.584    31.817   -28.6%   180.601   105.807   -41.4%
            ('HighPhrase', None)     5.480     5.311    -3.1%    12.110    10.817   -10.7%    22.242    13.706   -38.4%    22.242    13.706   -38.4%    71.396    52.471   -26.5%
      ('HighSloppyPhrase', None)     9.043     9.082     0.4%    12.544    17.481    39.4%    32.203    20.122   -37.5%    32.203    20.122   -37.5%    39.634    25.038   -36.8%
          ('HighSpanNear', None)    15.919    16.714     5.0%    24.907    27.838    11.8%    25.529    29.908    17.2%    25.529    29.908    17.2%    31.811    38.071    19.7%
              ('HighTerm', None)     0.770     0.842     9.4%     1.602     3.869   141.5%     2.445     9.871   303.7%     2.445     9.871   303.7%   120.880   107.652   -10.9%
('HighTermDayOfYearSort', 'DayOfYear')     2.537     3.167    24.8%     5.170     7.364    42.4%     6.779     9.727    43.5%     6.779     9.727    43.5%    22.470    17.982   -20.0%
  ('HighTermMonthSort', 'Month')     0.623     0.692    11.2%     2.061     2.238     8.6%     3.105     3.206     3.3%     3.105     3.206     3.3%     3.257     7.707   136.6%
('HighTermTitleBDVSort', 'TitleBinary')    11.276    12.784    13.4%    21.087    22.251     5.5%    22.026    27.810    26.3%    22.026    27.810    26.3%   108.215    87.121   -19.5%
  ('HighTermTitleSort', 'Title')     9.111     8.477    -7.0%    15.993    17.006     6.3%    42.145    34.371   -18.4%    42.145    34.371   -18.4%    53.759    85.619    59.3%
                ('IntNRQ', None)     0.533     0.622    16.6%     4.074     5.769    41.6%    13.672    16.119    17.9%    13.672    16.119    17.9%    39.916    24.149   -39.5%
                ('IntSet', None)     1.310     1.408     7.5%     8.557     7.737    -9.6%    10.357    36.053   248.1%    10.357    36.053   248.1%   110.570    87.083   -21.2%
   ('LowIntervalsOrdered', None)     1.528     1.498    -2.0%     4.358     3.639   -16.5%     6.144     4.005   -34.8%     6.144     4.005   -34.8%     8.860     4.397   -50.4%
             ('LowPhrase', None)     2.244     2.358     5.1%     6.854     7.661    11.8%     8.284     9.335    12.7%     8.284     9.335    12.7%   105.026   104.677    -0.3%
       ('LowSloppyPhrase', None)     5.964     5.156   -13.6%     7.800    12.724    63.1%    13.512    15.742    16.5%    13.512    15.742    16.5%    55.910    77.573    38.7%
           ('LowSpanNear', None)     4.445     5.096    14.6%     9.287     8.072   -13.1%     9.729     8.166   -16.1%     9.729     8.166   -16.1%   108.703   104.790    -3.6%
               ('LowTerm', None)     0.427     0.546    27.9%     1.193     1.559    30.7%     1.354     2.145    58.5%     1.354     2.145    58.5%     2.139     3.405    59.2%
   ('MedIntervalsOrdered', None)     8.724     8.706    -0.2%    17.678    13.992   -20.9%    21.790    14.528   -33.3%    21.790    14.528   -33.3%    97.301    24.041   -75.3%
             ('MedPhrase', None)     2.147     2.193     2.2%     5.409     5.320    -1.6%    16.025     9.355   -41.6%    16.025     9.355   -41.6%    16.583    13.294   -19.8%
       ('MedSloppyPhrase', None)    13.529    13.478    -0.4%    19.271    19.886     3.2%    39.946    21.013   -47.4%    39.946    21.013   -47.4%    64.074    52.094   -18.7%
           ('MedSpanNear', None)    11.662    11.776     1.0%    20.806    21.918     5.3%    22.064    22.779     3.2%    22.064    22.779     3.2%    64.844    64.839    -0.0%
               ('MedTerm', None)     0.722     0.768     6.5%     2.064     3.500    69.6%     2.126     3.843    80.8%     2.126     3.843    80.8%     3.109     6.590   112.0%
  ('MedTermDayTaxoFacets', None)    11.703    12.414     6.1%    16.339    16.977     3.9%    31.184    23.597   -24.3%    31.184    23.597   -24.3%    62.685    44.778   -28.6%
            ('OrHighHigh', None)     1.953     2.252    15.3%     6.086     9.491    55.9%     7.570    10.642    40.6%     7.570    10.642    40.6%    13.876    94.713   582.6%
             ('OrHighLow', None)     0.841     0.965    14.8%     2.641     2.885     9.3%     3.382     3.273    -3.2%     3.382     3.273    -3.2%    13.976     8.676   -37.9%
             ('OrHighMed', None)     1.009     1.089     7.9%     2.831     2.932     3.6%     9.130     3.560   -61.0%     9.130     3.560   -61.0%    16.368    19.805    21.0%
('OrHighMedDayTaxoFacets', None)    45.260    50.276    11.1%    80.283    75.439    -6.0%    95.690   174.557    82.4%    95.690   174.557    82.4%   370.265   333.155   -10.0%
         ('OrHighNotHigh', None)     1.174     1.253     6.8%     1.969     3.106    57.8%     3.583     6.507    81.6%     3.583     6.507    81.6%     7.987     6.833   -14.4%
          ('OrHighNotLow', None)     0.913     1.009    10.5%     2.469     2.584     4.7%     2.518     4.523    79.7%     2.518     4.523    79.7%     2.875     5.874   104.4%
          ('OrHighNotMed', None)     1.053     1.051    -0.2%     3.874     4.905    26.6%    11.326    12.512    10.5%    11.326    12.512    10.5%   103.939   111.886     7.6%
         ('OrNotHighHigh', None)     1.029     1.097     6.6%     2.806     6.813   142.8%     3.536    10.160   187.3%     3.536    10.160   187.3%     8.393    10.404    24.0%
          ('OrNotHighLow', None)     0.736     0.747     1.4%     1.405     1.397    -0.5%     1.751     7.560   331.8%     1.751     7.560   331.8%   104.108   114.196     9.7%
          ('OrNotHighMed', None)     0.921     0.999     8.5%     2.334     3.911    67.6%     2.457     5.727   133.1%     2.457     5.727   133.1%    26.974    20.730   -23.1%
                   ('PKLookup',)     4.756     5.559    16.9%     8.681    10.729    23.6%    14.442    10.796   -25.3%    14.442    10.796   -25.3%    30.251    61.851   104.5%
               ('Prefix3', None)     1.420     1.748    23.1%     7.091     7.902    11.4%     8.301    10.480    26.3%     8.301    10.480    26.3%    20.297    78.950   289.0%
                    ('Respell',)    17.100    17.572     2.8%    37.112    27.370   -26.3%    46.569    57.592    23.7%    46.569    57.592    23.7%    76.721    80.043     4.3%
('TermDateTimeSort', 'DateTime')     2.193     2.149    -2.0%     6.266     5.419   -13.5%     7.190     9.034    25.6%     7.190     9.034    25.6%    76.083    91.141    19.8%
              ('Wildcard', None)     2.403     2.463     2.5%     3.768     9.007   139.0%    15.525    11.992   -22.8%    15.525    11.992   -22.8%   112.824   138.812    23.0%
                 ('range', None)     0.151     0.178    17.5%     0.406     0.400    -1.5%     0.604     0.616     1.9%     0.604     0.616     1.9%     0.666     0.827    24.3%
                            Task    QPS armA      StdDev    QPS armK      StdDev                Pct diff p-value
            BrowseDateTaxoFacets       25.08     (69.0%)       15.35      (1.8%)  -38.8% ( -64% -  103%) 0.330
       BrowseDayOfYearTaxoFacets       24.94     (68.8%)       15.54      (3.7%)  -37.7% ( -65% -  111%) 0.343
     BrowseRandomLabelTaxoFacets       17.41     (42.1%)       12.31      (4.5%)  -29.3% ( -53% -   29%) 0.231
                      AndHighLow     2318.47      (6.8%)     1798.92      (7.9%)  -22.4% ( -34% -   -8%) 0.000
                      AndHighMed     1288.92      (2.1%)     1001.54      (7.6%)  -22.3% ( -31% -  -12%) 0.000
                  AndMissingHigh     3831.75      (3.0%)     3330.69      (2.1%)  -13.1% ( -17% -   -8%) 0.000
           HighTermDayOfYearSort      475.13     (11.5%)      419.97     (12.2%)  -11.6% ( -31% -   13%) 0.231
                   OrHighNotHigh      881.13      (2.2%)      784.95     (10.1%)  -10.9% ( -22% -    1%) 0.069
                      OrHighHigh      526.39      (4.4%)      473.73      (2.6%)  -10.0% ( -16% -   -3%) 0.001
                     AndHighHigh      686.37      (3.8%)      618.60      (6.1%)   -9.9% ( -19% -    0%) 0.017
                       OrHighLow     1198.63      (3.6%)     1081.06      (5.7%)   -9.8% ( -18% -    0%) 0.012
                    OrNotHighLow     1553.30      (9.8%)     1404.05      (4.6%)   -9.6% ( -21% -    5%) 0.123
                         LowTerm     2329.50      (2.5%)     2109.01      (9.2%)   -9.5% ( -20% -    2%) 0.085
                    OrHighNotMed      970.70      (3.8%)      880.17     (13.2%)   -9.3% ( -25% -    7%) 0.240
                         Prefix3      706.91      (3.2%)      642.47      (4.7%)   -9.1% ( -16% -   -1%) 0.005
                           range     6316.11      (9.8%)     5747.11     (11.3%)   -9.0% ( -27% -   13%) 0.296
                       OrHighMed     1172.89      (7.6%)     1074.12      (8.5%)   -8.4% ( -22% -    8%) 0.200
          OrHighMedDayTaxoFacets       21.57      (5.6%)       19.81      (2.3%)   -8.1% ( -15% -    0%) 0.019
                       LowPhrase      466.13      (3.5%)      430.33      (3.4%)   -7.7% ( -14% -    0%) 0.006
                    OrNotHighMed     1150.34      (5.9%)     1066.60      (5.6%)   -7.3% ( -17% -    4%) 0.122
                   OrNotHighHigh      935.06      (5.6%)      869.83      (8.5%)   -7.0% ( -19% -    7%) 0.234
                    OrHighNotLow     1062.53      (5.1%)      989.90      (8.2%)   -6.8% ( -19% -    6%) 0.221
       BrowseDayOfYearSSDVFacets       17.05     (16.8%)       15.93      (6.7%)   -6.6% ( -25% -   20%) 0.529
               HighTermTitleSort      124.89      (6.5%)      117.40      (6.3%)   -6.0% ( -17% -    7%) 0.251
                     LowSpanNear      211.56      (6.5%)      199.76      (1.4%)   -5.6% ( -12% -    2%) 0.149
         AndHighMedDayTaxoFacets      277.61      (2.0%)      263.25      (2.0%)   -5.2% (  -9% -   -1%) 0.002
            HighTermTitleBDVSort       92.13      (3.1%)       87.58      (3.9%)   -4.9% ( -11% -    2%) 0.085
                         Respell       57.18      (3.2%)       54.84     (10.0%)   -4.1% ( -16% -    9%) 0.499
                      HighPhrase      198.04      (3.1%)      191.29      (0.4%)   -3.4% (  -6% -    0%) 0.058
                      TermDTSort      461.58      (7.8%)      452.92      (8.5%)   -1.9% ( -16% -   15%) 0.779
               HighTermMonthSort     1519.66      (5.4%)     1492.56      (1.2%)   -1.8% (  -7% -    5%) 0.578
                         MedTerm     1420.17     (16.3%)     1394.92     (10.1%)   -1.8% ( -24% -   29%) 0.873
                HighSloppyPhrase      109.25     (15.0%)      107.63      (8.5%)   -1.5% ( -21% -   25%) 0.882
                          Fuzzy1       98.76      (2.1%)       97.49      (8.9%)   -1.3% ( -12% -    9%) 0.807
                       MedPhrase      455.62     (10.4%)      450.85      (4.6%)   -1.0% ( -14% -   15%) 0.873
                        HighTerm     1210.45      (9.7%)     1201.27      (0.8%)   -0.8% ( -10% -   10%) 0.893
            MedTermDayTaxoFacets       91.21      (2.4%)       90.69      (9.8%)   -0.6% ( -12% -   11%) 0.921
                        BM25MSM2       61.46      (3.4%)       61.14      (7.5%)   -0.5% ( -10% -   10%) 0.913
        AndHighHighDayTaxoFacets       78.24      (1.8%)       77.89      (5.4%)   -0.5% (  -7% -    6%) 0.890
           BrowseMonthSSDVFacets       15.01      (4.3%)       14.99     (13.6%)   -0.1% ( -17% -   18%) 0.986
                        Wildcard      414.25      (2.2%)      415.00      (4.7%)    0.2% (  -6% -    7%) 0.952
             MedIntervalsOrdered      118.04      (2.1%)      118.26      (2.9%)    0.2% (  -4% -    5%) 0.930
                          IntNRQ     1963.12      (4.5%)     1968.12      (4.8%)    0.3% (  -8% -    9%) 0.947
                     MedSpanNear       86.05      (1.0%)       86.44      (1.4%)    0.5% (  -1% -    2%) 0.651
                    HighSpanNear       62.73      (1.4%)       63.43      (0.5%)    1.1% (   0% -    3%) 0.195
            BrowseDateSSDVFacets        2.92      (4.3%)        2.96      (6.3%)    1.3% (  -8% -   12%) 0.760
     BrowseRandomLabelSSDVFacets       11.76      (9.5%)       11.94      (2.8%)    1.6% (  -9% -   15%) 0.782
                          IntSet      717.52      (9.0%)      734.93      (5.1%)    2.4% ( -10% -   18%) 0.684
                 MedSloppyPhrase       72.37      (6.1%)       75.10      (5.3%)    3.8% (  -7% -   16%) 0.420
                 LowSloppyPhrase      191.93     (20.8%)      199.31     (16.6%)    3.8% ( -27% -   52%) 0.803
                       ConstMSM2     1254.13      (1.5%)     1309.99      (5.2%)    4.5% (  -2% -   11%) 0.156
                        PKLookup      214.71     (12.5%)      225.48     (18.1%)    5.0% ( -22% -   40%) 0.693
            HighIntervalsOrdered       64.50      (9.8%)       67.95      (0.6%)    5.3% (  -4% -   17%) 0.348
                          Fuzzy2       92.03      (8.6%)       97.23     (12.8%)    5.7% ( -14% -   29%) 0.526
             LowIntervalsOrdered      630.42      (4.7%)      689.19      (1.5%)    9.3% (   2% -   16%) 0.001
           BrowseMonthTaxoFacets       20.81     (76.9%)       29.70     (75.6%)   42.7% ( -62% -  846%) 0.493
  iter 3
    armA:
      NOTE: using experimental CPU time profiler (see https://mostlynerdless.de/blog/2025/06/11/java-25s-new-cpu-time-profiler-1)
      log: /home/goankur/vsearch/logs/FAKc.armA.3 + stdout
      run: /usr/bin/perf stat -dd -e task-clock,cycles,instructions,cache-references,cache-misses,L1-dcache-loads,L1-dcache-load-misses,L1-icache-loads,L1-icache-load-misses,LLC-loads,LLC-load-misses,LLC-stores,LLC-store-misses,LLC-prefetches,LLC-prefetch-misses,faults,minor-faults,major-faults,branches,branch-misses,stalled-cycles-frontend,stalled-cycles-backend /home/goankur/jdk/corretto-25/bin/java -server -Xms2g -Xmx2g --add-modules jdk.incubator.vector -XX:+HeapDumpOnOutOfMemoryError -XX:+UseParallelGC -XX:StartFlightRecording=jdk.CPUTimeSample#enabled=true,dumponexit=true,maxsize=250M,settings=/home/goankur/vsearch/util/src/python/profiling.jfc,filename=/home/goankur/vsearch/logs/bench-search-FAKc-armA-3.jfr -XX:+UnlockDiagnosticVMOptions -XX:+DebugNonSafepoints -classpath /home/goankur/vsearch/bo/lucene-A/lucene/core/build/libs/lucene-core-11.0.0-SNAPSHOT.jar:/home/goankur/vsearch/bo/lucene-A/lucene/sandbox/build/classes/java/main:/home/goankur/vsearch/bo/lucene-A/lucene/misc/build/classes/java/main:/home/goankur/vsearch/bo/lucene-A/lucene/facet/build/classes/java/main:/home/goankur/vsearch/bo/lucene-A/lucene/analysis/common/build/classes/java/main:/home/goankur/vsearch/bo/lucene-A/lucene/analysis/icu/build/classes/java/main:/home/goankur/vsearch/bo/lucene-A/lucene/queryparser/build/classes/java/main:/home/goankur/vsearch/bo/lucene-A/lucene/grouping/build/classes/java/main:/home/goankur/vsearch/bo/lucene-A/lucene/suggest/build/classes/java/main:/home/goankur/vsearch/bo/lucene-A/lucene/highlighter/build/classes/java/main:/home/goankur/vsearch/bo/lucene-A/lucene/codecs/build/classes/java/main:/home/goankur/vsearch/bo/lucene-A/lucene/queries/build/classes/java/main:/home/goankur/vsearch/bo/lucene-A/lucene/join/build/classes/java/main:/home/goankur/vsearch/bo/lucene-A/lucene/spatial3d/build/classes/java/main:/home/goankur/vsearch/util/lib/HdrHistogram.jar:/home/goankur/vsearch/util/src/main/build/classes/java/main:/home/goankur/vsearch/util/build perf.SearchPerfTest -dirImpl MMapDirectory -indexPath /home/goankur/vsearch/indices/wikimedium10m.lucene-A.facets.taxonomy:Date.taxonomy:Month.taxonomy:DayOfYear.sortedset:Date.sortedset:Month.sortedset:DayOfYear.taxonomy:RandomLabel.sortedset:RandomLabel.Lucene90.Lucene104.dvfields.nd10M -facets taxonomy:Date;Date -facets taxonomy:Month;Month -facets taxonomy:DayOfYear;DayOfYear -facets sortedset:Date;Date -facets sortedset:Month;Month -facets sortedset:DayOfYear;DayOfYear -facets taxonomy:RandomLabel;RandomLabel -facets sortedset:RandomLabel;RandomLabel -analyzer StandardAnalyzer -taskSource /home/goankur/vsearch/util/tasks/wikimedium.10M.nostopwords.tasks -numConcurrentQueries 5 -taskRepeatCount 20 -field body -tasksPerCat 1 -searchConcurrency -1 -staticSeed -6766631 -seed -6923347 -similarity BM25Similarity -commit multi -hiliteImpl FastVectorHighlighter -log /home/goankur/vsearch/logs/FAKc.armA.3 -topN 100 -context  -pk -pollute
      9.6 s
      255.2 actual sustained QPS; -1.0 CPU cores used
    armK:
      NOTE: using experimental CPU time profiler (see https://mostlynerdless.de/blog/2025/06/11/java-25s-new-cpu-time-profiler-1)
      log: /home/goankur/vsearch/logs/FAKc.armK.3 + stdout
      run: /usr/bin/perf stat -dd -e task-clock,cycles,instructions,cache-references,cache-misses,L1-dcache-loads,L1-dcache-load-misses,L1-icache-loads,L1-icache-load-misses,LLC-loads,LLC-load-misses,LLC-stores,LLC-store-misses,LLC-prefetches,LLC-prefetch-misses,faults,minor-faults,major-faults,branches,branch-misses,stalled-cycles-frontend,stalled-cycles-backend /home/goankur/jdk/corretto-25/bin/java -server -Xms2g -Xmx2g --add-modules jdk.incubator.vector -XX:+HeapDumpOnOutOfMemoryError -XX:+UseParallelGC -XX:StartFlightRecording=jdk.CPUTimeSample#enabled=true,dumponexit=true,maxsize=250M,settings=/home/goankur/vsearch/util/src/python/profiling.jfc,filename=/home/goankur/vsearch/logs/bench-search-FAKc-armK-3.jfr -XX:+UnlockDiagnosticVMOptions -XX:+DebugNonSafepoints -classpath /home/goankur/vsearch/bo/lucene-K/lucene/core/build/libs/lucene-core-11.0.0-SNAPSHOT.jar:/home/goankur/vsearch/bo/lucene-K/lucene/sandbox/build/classes/java/main:/home/goankur/vsearch/bo/lucene-K/lucene/misc/build/classes/java/main:/home/goankur/vsearch/bo/lucene-K/lucene/facet/build/classes/java/main:/home/goankur/vsearch/bo/lucene-K/lucene/analysis/common/build/classes/java/main:/home/goankur/vsearch/bo/lucene-K/lucene/analysis/icu/build/classes/java/main:/home/goankur/vsearch/bo/lucene-K/lucene/queryparser/build/classes/java/main:/home/goankur/vsearch/bo/lucene-K/lucene/grouping/build/classes/java/main:/home/goankur/vsearch/bo/lucene-K/lucene/suggest/build/classes/java/main:/home/goankur/vsearch/bo/lucene-K/lucene/highlighter/build/classes/java/main:/home/goankur/vsearch/bo/lucene-K/lucene/codecs/build/classes/java/main:/home/goankur/vsearch/bo/lucene-K/lucene/queries/build/classes/java/main:/home/goankur/vsearch/bo/lucene-K/lucene/join/build/classes/java/main:/home/goankur/vsearch/bo/lucene-K/lucene/spatial3d/build/classes/java/main:/home/goankur/vsearch/util/lib/HdrHistogram.jar:/home/goankur/vsearch/util/src/main/build/classes/java/main:/home/goankur/vsearch/util/build perf.SearchPerfTest -dirImpl MMapDirectory -indexPath /home/goankur/vsearch/indices/wikimedium10m.lucene-A.facets.taxonomy:Date.taxonomy:Month.taxonomy:DayOfYear.sortedset:Date.sortedset:Month.sortedset:DayOfYear.taxonomy:RandomLabel.sortedset:RandomLabel.Lucene90.Lucene104.dvfields.nd10M -facets taxonomy:Date;Date -facets taxonomy:Month;Month -facets taxonomy:DayOfYear;DayOfYear -facets sortedset:Date;Date -facets sortedset:Month;Month -facets sortedset:DayOfYear;DayOfYear -facets taxonomy:RandomLabel;RandomLabel -facets sortedset:RandomLabel;RandomLabel -analyzer StandardAnalyzer -taskSource /home/goankur/vsearch/util/tasks/wikimedium.10M.nostopwords.tasks -numConcurrentQueries 5 -taskRepeatCount 20 -field body -tasksPerCat 1 -searchConcurrency -1 -staticSeed -6766631 -seed -6923347 -similarity BM25Similarity -commit multi -hiliteImpl FastVectorHighlighter -log /home/goankur/vsearch/logs/FAKc.armK.3 -topN 100 -context  -pk -pollute
      9.5 s
      260.8 actual sustained QPS; -1.0 CPU cores used

Report after iter 3:
QPSChart.supported == False
                            Task     P50 B     P50 C     Diff     P90 B     P90 C     Diff     P99 B     P99 C     Diff    P999 B    P999 C     Diff    P100 B    P100 C     Diff
           ('AndHighHigh', None)     1.457     1.552     6.6%     4.308     5.324    23.6%     6.911     6.844    -1.0%     6.911     6.844    -1.0%    64.397    56.292   -12.6%
('AndHighHighDayTaxoFacets', None)    13.203    13.048    -1.2%    32.595    24.003   -26.4%    60.784    50.701   -16.6%    60.784    50.701   -16.6%    75.103    71.308    -5.1%
            ('AndHighLow', None)     0.440     0.540    22.6%     0.824     1.217    47.6%     3.069     1.503   -51.0%     3.069     1.503   -51.0%    83.186    40.853   -50.9%
            ('AndHighMed', None)     0.879     0.977    11.1%     3.622     4.992    37.8%     3.735     6.610    77.0%     3.735     6.610    77.0%     4.355     7.964    82.9%
('AndHighMedDayTaxoFacets', None)     3.608     4.001    10.9%     6.169     5.945    -3.6%    10.530    10.812     2.7%    10.530    10.812     2.7%    49.238    67.567    37.2%
     ('AndMissingHigh', 'Title')     0.283     0.363    28.3%     0.571     0.704    23.4%     0.712     1.221    71.5%     0.712     1.221    71.5%     0.916     1.289    40.7%
              ('BM25MSM2', None)    16.943    16.265    -4.0%    30.556    25.851   -15.4%    32.055    33.078     3.2%    32.055    33.078     3.2%   178.997   228.903    27.9%
  ('BrowseDateSSDVFacets', None)   378.031   360.465    -4.6%   438.875   390.139   -11.1%   444.456   418.602    -5.8%   444.456   418.602    -5.8%   593.317   723.038    21.9%
  ('BrowseDateTaxoFacets', None)    62.181    72.736    17.0%    79.642    84.888     6.6%    81.847    86.293     5.4%    81.847    86.293     5.4%   220.722   186.984   -15.3%
('BrowseDayOfYearSSDVFacets', None)    72.249    67.217    -7.0%    87.186    98.319    12.8%    99.948    99.442    -0.5%    99.948    99.442    -0.5%   190.800   157.479   -17.5%
('BrowseDayOfYearTaxoFacets', None)    60.184    63.394     5.3%    76.747    84.400    10.0%    78.121    91.800    17.5%    78.121    91.800    17.5%   156.654    92.425   -41.0%
 ('BrowseMonthSSDVFacets', None)    68.612    49.802   -27.4%    86.122    52.736   -38.8%    92.745    53.235   -42.6%    92.745    53.235   -42.6%   154.083   144.521    -6.2%
 ('BrowseMonthTaxoFacets', None)    22.802    29.109    27.7%    28.302    74.977   164.9%    75.092    90.514    20.5%    75.092    90.514    20.5%   315.055   360.849    14.5%
('BrowseRandomLabelSSDVFacets', None)    87.510    96.131     9.9%   112.787   140.395    24.5%   132.410   147.713    11.6%   132.410   147.713    11.6%   386.086   345.728   -10.5%
('BrowseRandomLabelTaxoFacets', None)    78.285    84.800     8.3%    97.532   102.660     5.3%    99.080   124.600    25.8%    99.080   124.600    25.8%   175.567   141.056   -19.7%
             ('ConstMSM2', None)     0.749     0.816     8.9%     1.116     2.301   106.2%     3.838     9.915   158.3%     3.838     9.915   158.3%     6.383    25.702   302.7%
                ('Fuzzy1', None)    11.520    11.845     2.8%    18.182    23.527    29.4%    22.397    32.261    44.0%    22.397    32.261    44.0%   204.424   322.798    57.9%
                ('Fuzzy2', None)    11.011    11.186     1.6%    17.180    19.520    13.6%    21.311    34.304    61.0%    21.311    34.304    61.0%    59.397    61.196     3.0%
  ('HighIntervalsOrdered', None)    16.938    15.398    -9.1%    34.089    29.738   -12.8%    34.671    30.212   -12.9%    34.671    30.212   -12.9%    46.920   186.916   298.4%
            ('HighPhrase', None)     5.123     5.373     4.9%     8.400    12.905    53.6%     9.065    15.579    71.9%     9.065    15.579    71.9%   135.300   120.625   -10.8%
      ('HighSloppyPhrase', None)    11.150    10.415    -6.6%    13.581    11.810   -13.0%    21.003    16.721   -20.4%    21.003    16.721   -20.4%    80.354    80.931     0.7%
          ('HighSpanNear', None)    15.232    15.888     4.3%    24.701    24.038    -2.7%    32.315    29.747    -7.9%    32.315    29.747    -7.9%   351.535   267.501   -23.9%
              ('HighTerm', None)     0.856     0.878     2.6%     5.378     2.575   -52.1%     5.603     4.558   -18.6%     5.603     4.558   -18.6%    12.160     9.184   -24.5%
('HighTermDayOfYearSort', 'DayOfYear')     2.244     1.890   -15.8%     4.686     8.825    88.3%    16.287     8.900   -45.4%    16.287     8.900   -45.4%    89.952   102.783    14.3%
  ('HighTermMonthSort', 'Month')     0.870     0.798    -8.2%     1.653     1.456   -11.9%     2.107     1.825   -13.4%     2.107     1.825   -13.4%     2.417     3.841    59.0%
('HighTermTitleBDVSort', 'TitleBinary')    11.343    11.184    -1.4%    21.565    19.236   -10.8%    47.447    25.270   -46.7%    47.447    25.270   -46.7%   157.863   135.531   -14.1%
  ('HighTermTitleSort', 'Title')     8.309     7.801    -6.1%    25.005    20.513   -18.0%    34.304    30.759   -10.3%    34.304    30.759   -10.3%    62.699    88.782    41.6%
                ('IntNRQ', None)     0.545     0.552     1.4%     8.044     2.082   -74.1%    11.930    12.075     1.2%    11.930    12.075     1.2%    26.882    14.298   -46.8%
                ('IntSet', None)     1.292     1.466    13.5%     6.050     7.091    17.2%     6.060    10.423    72.0%     6.060    10.423    72.0%   118.150   152.051    28.7%
   ('LowIntervalsOrdered', None)     1.651     1.583    -4.1%     6.574     6.581     0.1%     9.672     8.911    -7.9%     9.672     8.911    -7.9%    55.881   120.668   115.9%
             ('LowPhrase', None)     2.203     2.404     9.1%     6.334     4.750   -25.0%     6.763     6.953     2.8%     6.763     6.953     2.8%     6.953    18.028   159.3%
       ('LowSloppyPhrase', None)     5.241     6.229    18.8%     8.959    14.286    59.5%     9.475    15.635    65.0%     9.475    15.635    65.0%    14.985    17.303    15.5%
           ('LowSpanNear', None)     4.996     4.892    -2.1%    12.376     8.726   -29.5%    16.753     9.773   -41.7%    16.753     9.773   -41.7%    21.081    13.934   -33.9%
               ('LowTerm', None)     0.408     0.498    21.9%     1.138     1.297    14.0%     1.247     2.158    73.1%     1.247     2.158    73.1%   110.433    98.207   -11.1%
   ('MedIntervalsOrdered', None)     8.721     8.571    -1.7%    14.813    14.979     1.1%    18.182    16.789    -7.7%    18.182    16.789    -7.7%    23.708    86.102   263.2%
             ('MedPhrase', None)     2.965     2.644   -10.8%     7.877     8.101     2.8%    15.921    15.786    -0.8%    15.921    15.786    -0.8%    20.757    43.834   111.2%
       ('MedSloppyPhrase', None)    15.151    13.696    -9.6%    21.750    19.001   -12.6%    23.163    30.523    31.8%    23.163    30.523    31.8%    43.381    47.259     8.9%
           ('MedSpanNear', None)    11.402    11.931     4.6%    20.942    20.134    -3.9%    21.007    26.876    27.9%    21.007    26.876    27.9%    51.589    47.644    -7.6%
               ('MedTerm', None)     0.712     0.804    12.9%     2.291     1.207   -47.3%     2.434     1.402   -42.4%     2.434     1.402   -42.4%   162.511   137.719   -15.3%
  ('MedTermDayTaxoFacets', None)    10.798    12.473    15.5%    15.473    23.216    50.0%    39.334    26.435   -32.8%    39.334    26.435   -32.8%    67.305    82.954    23.3%
            ('OrHighHigh', None)     1.986     2.275    14.6%     3.905     7.357    88.4%    15.564    12.228   -21.4%    15.564    12.228   -21.4%    16.867    26.353    56.2%
             ('OrHighLow', None)     0.859     0.933     8.7%     1.334     1.625    21.8%     3.464     2.787   -19.5%     3.464     2.787   -19.5%    23.511    44.688    90.1%
             ('OrHighMed', None)     0.899     1.010    12.3%     2.643     2.219   -16.0%     6.436     4.891   -24.0%     6.436     4.891   -24.0%    20.144    22.738    12.9%
('OrHighMedDayTaxoFacets', None)    46.840    52.705    12.5%   101.384   102.468     1.1%   142.609   122.125   -14.4%   142.609   122.125   -14.4%   261.890   225.718   -13.8%
         ('OrHighNotHigh', None)     1.163     1.257     8.0%     1.924     2.500    29.9%     2.850     5.134    80.2%     2.850     5.134    80.2%    13.420     8.280   -38.3%
          ('OrHighNotLow', None)     1.039     1.219    17.3%     3.313     2.226   -32.8%     7.577     2.616   -65.5%     7.577     2.616   -65.5%     8.422     5.270   -37.4%
          ('OrHighNotMed', None)     1.109     1.229    10.8%     2.611     2.457    -5.9%     2.770     3.018     8.9%     2.770     3.018     8.9%     9.701     6.984   -28.0%
         ('OrNotHighHigh', None)     1.021     1.283    25.7%     3.119     2.077   -33.4%     4.035     5.174    28.2%     4.035     5.174    28.2%    10.274     6.761   -34.2%
          ('OrNotHighLow', None)     0.768     0.788     2.6%     2.319     1.427   -38.5%     3.765     1.946   -48.3%     3.765     1.946   -48.3%     5.765     3.711   -35.6%
          ('OrNotHighMed', None)     0.900     1.036    15.1%     3.156     3.865    22.5%    10.559     4.629   -56.2%    10.559     4.629   -56.2%   199.559   144.816   -27.4%
                   ('PKLookup',)     4.048     4.479    10.7%     9.698     8.425   -13.1%    16.457    13.647   -17.1%    16.457    13.647   -17.1%    69.650    65.639    -5.8%
               ('Prefix3', None)     2.323     2.511     8.1%    11.092     8.885   -19.9%    11.673    11.594    -0.7%    11.673    11.594    -0.7%    23.991    33.921    41.4%
                    ('Respell',)    17.642    20.330    15.2%    28.512    28.625     0.4%    34.504    49.598    43.7%    34.504    49.598    43.7%    52.157    91.202    74.9%
('TermDateTimeSort', 'DateTime')     2.406     2.492     3.6%     9.606     7.470   -22.2%    16.679     9.278   -44.4%    16.679     9.278   -44.4%    54.693    68.813    25.8%
              ('Wildcard', None)     2.513     2.589     3.0%     6.416     6.086    -5.1%    10.069    29.716   195.1%    10.069    29.716   195.1%    25.733    49.098    90.8%
                 ('range', None)     0.204     0.187    -8.2%     0.662     0.495   -25.3%     0.686     0.893    30.2%     0.686     0.893    30.2%     0.938     1.355    44.5%
                            Task    QPS armA      StdDev    QPS armK      StdDev                Pct diff p-value
            BrowseDateTaxoFacets       22.88     (64.7%)       15.11      (2.6%)  -34.0% ( -61% -   94%) 0.294
       BrowseDayOfYearTaxoFacets       22.91     (63.6%)       15.66      (3.5%)  -31.6% ( -60% -   97%) 0.321
     BrowseRandomLabelTaxoFacets       16.30     (39.2%)       12.18      (4.2%)  -25.2% ( -49% -   29%) 0.201
                      AndHighLow     2356.51      (6.4%)     1855.24      (8.0%)  -21.3% ( -33% -   -7%) 0.000
                      AndHighMed     1313.67      (4.1%)     1045.55      (9.0%)  -20.4% ( -32% -   -7%) 0.000
                  AndMissingHigh     3825.95      (2.5%)     3207.10      (6.7%)  -16.2% ( -24% -   -7%) 0.000
                         Prefix3      665.16     (12.8%)      587.64     (17.0%)  -11.7% ( -36% -   20%) 0.274
                         LowTerm     2376.30      (4.4%)     2124.85      (7.5%)  -10.6% ( -21% -    1%) 0.015
                     AndHighHigh      701.64      (5.3%)      627.73      (5.5%)  -10.5% ( -20% -    0%) 0.006
                      OrHighHigh      524.00      (3.7%)      469.03      (2.8%)  -10.5% ( -16% -   -4%) 0.000
                    OrHighNotLow     1060.51      (4.2%)      956.84      (9.2%)   -9.8% ( -22% -    3%) 0.052
                   OrHighNotHigh      880.25      (1.8%)      794.46      (8.6%)   -9.7% ( -19% -    0%) 0.026
                   OrNotHighHigh      950.02      (5.5%)      859.38      (7.1%)   -9.5% ( -21% -    3%) 0.034
                    OrNotHighMed     1151.25      (4.8%)     1047.83      (5.6%)   -9.0% ( -18% -    1%) 0.015
                       OrHighMed     1163.18      (6.5%)     1059.59      (7.4%)   -8.9% ( -21% -    5%) 0.070
                    OrHighNotMed      959.54      (3.9%)      874.27     (11.0%)   -8.9% ( -22% -    6%) 0.128
          OrHighMedDayTaxoFacets       21.69      (4.7%)       19.77      (1.9%)   -8.9% ( -14% -   -2%) 0.000
                    OrNotHighLow     1502.22     (10.7%)     1379.02      (5.1%)   -8.2% ( -21% -    8%) 0.166
                       OrHighLow     1192.11      (3.2%)     1094.56      (5.2%)   -8.2% ( -16% -    0%) 0.007
                       LowPhrase      465.08      (2.9%)      431.33      (2.8%)   -7.3% ( -12% -   -1%) 0.000
                           range     6062.36     (11.8%)     5653.77     (10.1%)   -6.7% ( -25% -   17%) 0.385
               HighTermTitleSort      127.27      (6.4%)      120.51      (7.0%)   -5.3% ( -17% -    8%) 0.264
         AndHighMedDayTaxoFacets      278.38      (1.7%)      264.01      (1.7%)   -5.2% (  -8% -   -1%) 0.000
                         Respell       57.33      (2.7%)       54.76      (8.1%)   -4.5% ( -14% -    6%) 0.294
       BrowseDayOfYearSSDVFacets       16.42     (16.1%)       15.73      (6.2%)   -4.2% ( -22% -   21%) 0.624
                         MedTerm     1445.22     (13.5%)     1385.20      (8.2%)   -4.2% ( -22% -   20%) 0.600
                      HighPhrase      198.18      (2.5%)      190.14      (1.2%)   -4.1% (  -7% -    0%) 0.004
               HighTermMonthSort     1497.56      (5.4%)     1439.57      (7.1%)   -3.9% ( -15% -    9%) 0.387
           HighTermDayOfYearSort      471.08      (9.7%)      452.87     (17.2%)   -3.9% ( -28% -   25%) 0.695
            HighTermTitleBDVSort       92.41      (2.6%)       89.10      (4.6%)   -3.6% ( -10% -    3%) 0.173
                      TermDTSort      459.81      (6.4%)      444.12      (8.0%)   -3.4% ( -16% -   11%) 0.506
                     LowSpanNear      209.28      (5.8%)      202.88      (3.2%)   -3.1% ( -11% -    6%) 0.358
                          IntNRQ     1973.72      (3.8%)     1940.28      (4.8%)   -1.7% (  -9% -    7%) 0.581
                        HighTerm     1207.35      (7.9%)     1187.18      (2.4%)   -1.7% ( -11% -    9%) 0.688
            MedTermDayTaxoFacets       92.08      (2.7%)       91.05      (7.9%)   -1.1% ( -11% -    9%) 0.789
     BrowseRandomLabelSSDVFacets       11.83      (7.8%)       11.70      (4.7%)   -1.1% ( -12% -   12%) 0.810
                        Wildcard      418.73      (2.8%)      414.24      (3.8%)   -1.1% (  -7% -    5%) 0.649
                 LowSloppyPhrase      192.91     (16.9%)      191.03     (16.0%)   -1.0% ( -28% -   38%) 0.933
                          Fuzzy1       95.86      (6.3%)       95.20      (8.9%)   -0.7% ( -14% -   15%) 0.899
                       MedPhrase      442.99     (10.4%)      440.61      (6.0%)   -0.5% ( -15% -   17%) 0.929
                     MedSpanNear       86.52      (1.3%)       86.15      (1.3%)   -0.4% (  -3% -    2%) 0.655
        AndHighHighDayTaxoFacets       78.08      (1.5%)       77.80      (4.4%)   -0.4% (  -6% -    5%) 0.876
                    HighSpanNear       63.62      (3.0%)       63.47      (0.4%)   -0.2% (  -3% -    3%) 0.878
                        BM25MSM2       61.66      (2.8%)       61.56      (6.2%)   -0.2% (  -8% -    9%) 0.960
                          IntSet      733.11      (8.4%)      733.63      (4.1%)    0.1% ( -11% -   13%) 0.988
                        PKLookup      226.35     (14.2%)      226.52     (14.0%)    0.1% ( -24% -   32%) 0.994
                HighSloppyPhrase      105.35     (14.7%)      105.76      (8.0%)    0.4% ( -19% -   27%) 0.963
             MedIntervalsOrdered      117.28      (2.2%)      117.95      (2.4%)    0.6% (  -3% -    5%) 0.727
                       ConstMSM2     1284.97      (5.0%)     1299.54      (4.5%)    1.1% (  -7% -   11%) 0.734
            BrowseDateSSDVFacets        2.87      (5.1%)        2.93      (5.8%)    2.0% (  -8% -   13%) 0.609
                          Fuzzy2       93.57      (7.6%)       95.83     (10.7%)    2.4% ( -14% -   22%) 0.714
            HighIntervalsOrdered       63.23      (9.1%)       67.59      (1.3%)    6.9% (  -3% -   19%) 0.135
                 MedSloppyPhrase       71.03      (6.4%)       76.46      (5.8%)    7.6% (  -4% -   21%) 0.076
             LowIntervalsOrdered      627.37      (4.0%)      678.62      (3.6%)    8.2% (   0% -   16%) 0.002
           BrowseMonthSSDVFacets       15.08      (3.7%)       16.40     (21.8%)    8.8% ( -16% -   35%) 0.428
           BrowseMonthTaxoFacets       26.86     (66.3%)       31.07     (48.9%)   15.6% ( -59% -  388%) 0.704
  iter 4
    armK:
      NOTE: using experimental CPU time profiler (see https://mostlynerdless.de/blog/2025/06/11/java-25s-new-cpu-time-profiler-1)
      log: /home/goankur/vsearch/logs/FAKc.armK.4 + stdout
      run: /usr/bin/perf stat -dd -e task-clock,cycles,instructions,cache-references,cache-misses,L1-dcache-loads,L1-dcache-load-misses,L1-icache-loads,L1-icache-load-misses,LLC-loads,LLC-load-misses,LLC-stores,LLC-store-misses,LLC-prefetches,LLC-prefetch-misses,faults,minor-faults,major-faults,branches,branch-misses,stalled-cycles-frontend,stalled-cycles-backend /home/goankur/jdk/corretto-25/bin/java -server -Xms2g -Xmx2g --add-modules jdk.incubator.vector -XX:+HeapDumpOnOutOfMemoryError -XX:+UseParallelGC -XX:StartFlightRecording=jdk.CPUTimeSample#enabled=true,dumponexit=true,maxsize=250M,settings=/home/goankur/vsearch/util/src/python/profiling.jfc,filename=/home/goankur/vsearch/logs/bench-search-FAKc-armK-4.jfr -XX:+UnlockDiagnosticVMOptions -XX:+DebugNonSafepoints -classpath /home/goankur/vsearch/bo/lucene-K/lucene/core/build/libs/lucene-core-11.0.0-SNAPSHOT.jar:/home/goankur/vsearch/bo/lucene-K/lucene/sandbox/build/classes/java/main:/home/goankur/vsearch/bo/lucene-K/lucene/misc/build/classes/java/main:/home/goankur/vsearch/bo/lucene-K/lucene/facet/build/classes/java/main:/home/goankur/vsearch/bo/lucene-K/lucene/analysis/common/build/classes/java/main:/home/goankur/vsearch/bo/lucene-K/lucene/analysis/icu/build/classes/java/main:/home/goankur/vsearch/bo/lucene-K/lucene/queryparser/build/classes/java/main:/home/goankur/vsearch/bo/lucene-K/lucene/grouping/build/classes/java/main:/home/goankur/vsearch/bo/lucene-K/lucene/suggest/build/classes/java/main:/home/goankur/vsearch/bo/lucene-K/lucene/highlighter/build/classes/java/main:/home/goankur/vsearch/bo/lucene-K/lucene/codecs/build/classes/java/main:/home/goankur/vsearch/bo/lucene-K/lucene/queries/build/classes/java/main:/home/goankur/vsearch/bo/lucene-K/lucene/join/build/classes/java/main:/home/goankur/vsearch/bo/lucene-K/lucene/spatial3d/build/classes/java/main:/home/goankur/vsearch/util/lib/HdrHistogram.jar:/home/goankur/vsearch/util/src/main/build/classes/java/main:/home/goankur/vsearch/util/build perf.SearchPerfTest -dirImpl MMapDirectory -indexPath /home/goankur/vsearch/indices/wikimedium10m.lucene-A.facets.taxonomy:Date.taxonomy:Month.taxonomy:DayOfYear.sortedset:Date.sortedset:Month.sortedset:DayOfYear.taxonomy:RandomLabel.sortedset:RandomLabel.Lucene90.Lucene104.dvfields.nd10M -facets taxonomy:Date;Date -facets taxonomy:Month;Month -facets taxonomy:DayOfYear;DayOfYear -facets sortedset:Date;Date -facets sortedset:Month;Month -facets sortedset:DayOfYear;DayOfYear -facets taxonomy:RandomLabel;RandomLabel -facets sortedset:RandomLabel;RandomLabel -analyzer StandardAnalyzer -taskSource /home/goankur/vsearch/util/tasks/wikimedium.10M.nostopwords.tasks -numConcurrentQueries 5 -taskRepeatCount 20 -field body -tasksPerCat 1 -searchConcurrency -1 -staticSeed -6766631 -seed -7243635 -similarity BM25Similarity -commit multi -hiliteImpl FastVectorHighlighter -log /home/goankur/vsearch/logs/FAKc.armK.4 -topN 100 -context  -pk -pollute
      9.3 s
      249.9 actual sustained QPS; -1.0 CPU cores used
    armA:
      NOTE: using experimental CPU time profiler (see https://mostlynerdless.de/blog/2025/06/11/java-25s-new-cpu-time-profiler-1)
      log: /home/goankur/vsearch/logs/FAKc.armA.4 + stdout
      run: /usr/bin/perf stat -dd -e task-clock,cycles,instructions,cache-references,cache-misses,L1-dcache-loads,L1-dcache-load-misses,L1-icache-loads,L1-icache-load-misses,LLC-loads,LLC-load-misses,LLC-stores,LLC-store-misses,LLC-prefetches,LLC-prefetch-misses,faults,minor-faults,major-faults,branches,branch-misses,stalled-cycles-frontend,stalled-cycles-backend /home/goankur/jdk/corretto-25/bin/java -server -Xms2g -Xmx2g --add-modules jdk.incubator.vector -XX:+HeapDumpOnOutOfMemoryError -XX:+UseParallelGC -XX:StartFlightRecording=jdk.CPUTimeSample#enabled=true,dumponexit=true,maxsize=250M,settings=/home/goankur/vsearch/util/src/python/profiling.jfc,filename=/home/goankur/vsearch/logs/bench-search-FAKc-armA-4.jfr -XX:+UnlockDiagnosticVMOptions -XX:+DebugNonSafepoints -classpath /home/goankur/vsearch/bo/lucene-A/lucene/core/build/libs/lucene-core-11.0.0-SNAPSHOT.jar:/home/goankur/vsearch/bo/lucene-A/lucene/sandbox/build/classes/java/main:/home/goankur/vsearch/bo/lucene-A/lucene/misc/build/classes/java/main:/home/goankur/vsearch/bo/lucene-A/lucene/facet/build/classes/java/main:/home/goankur/vsearch/bo/lucene-A/lucene/analysis/common/build/classes/java/main:/home/goankur/vsearch/bo/lucene-A/lucene/analysis/icu/build/classes/java/main:/home/goankur/vsearch/bo/lucene-A/lucene/queryparser/build/classes/java/main:/home/goankur/vsearch/bo/lucene-A/lucene/grouping/build/classes/java/main:/home/goankur/vsearch/bo/lucene-A/lucene/suggest/build/classes/java/main:/home/goankur/vsearch/bo/lucene-A/lucene/highlighter/build/classes/java/main:/home/goankur/vsearch/bo/lucene-A/lucene/codecs/build/classes/java/main:/home/goankur/vsearch/bo/lucene-A/lucene/queries/build/classes/java/main:/home/goankur/vsearch/bo/lucene-A/lucene/join/build/classes/java/main:/home/goankur/vsearch/bo/lucene-A/lucene/spatial3d/build/classes/java/main:/home/goankur/vsearch/util/lib/HdrHistogram.jar:/home/goankur/vsearch/util/src/main/build/classes/java/main:/home/goankur/vsearch/util/build perf.SearchPerfTest -dirImpl MMapDirectory -indexPath /home/goankur/vsearch/indices/wikimedium10m.lucene-A.facets.taxonomy:Date.taxonomy:Month.taxonomy:DayOfYear.sortedset:Date.sortedset:Month.sortedset:DayOfYear.taxonomy:RandomLabel.sortedset:RandomLabel.Lucene90.Lucene104.dvfields.nd10M -facets taxonomy:Date;Date -facets taxonomy:Month;Month -facets taxonomy:DayOfYear;DayOfYear -facets sortedset:Date;Date -facets sortedset:Month;Month -facets sortedset:DayOfYear;DayOfYear -facets taxonomy:RandomLabel;RandomLabel -facets sortedset:RandomLabel;RandomLabel -analyzer StandardAnalyzer -taskSource /home/goankur/vsearch/util/tasks/wikimedium.10M.nostopwords.tasks -numConcurrentQueries 5 -taskRepeatCount 20 -field body -tasksPerCat 1 -searchConcurrency -1 -staticSeed -6766631 -seed -7243635 -similarity BM25Similarity -commit multi -hiliteImpl FastVectorHighlighter -log /home/goankur/vsearch/logs/FAKc.armA.4 -topN 100 -context  -pk -pollute
      8.8 s
      307.2 actual sustained QPS; -1.0 CPU cores used

Report after iter 4:
QPSChart.supported == False
                            Task     P50 B     P50 C     Diff     P90 B     P90 C     Diff     P99 B     P99 C     Diff    P999 B    P999 C     Diff    P100 B    P100 C     Diff
           ('AndHighHigh', None)     1.598     1.561    -2.3%     8.099     4.431   -45.3%    13.566     6.173   -54.5%    13.566     6.173   -54.5%   114.337    98.707   -13.7%
('AndHighHighDayTaxoFacets', None)    14.367    13.389    -6.8%    17.617    17.235    -2.2%    22.523    24.150     7.2%    22.523    24.150     7.2%   130.227   145.371    11.6%
            ('AndHighLow', None)     0.399     0.582    46.0%     1.659     1.479   -10.8%     1.756     2.365    34.7%     1.756     2.365    34.7%     3.445     7.573   119.8%
            ('AndHighMed', None)     0.767     0.852    11.1%     3.878     3.796    -2.1%     4.059     5.136    26.5%     4.059     5.136    26.5%    20.866    50.674   142.9%
('AndHighMedDayTaxoFacets', None)     3.734     3.858     3.3%    10.658     7.956   -25.3%    16.675     8.743   -47.6%    16.675     8.743   -47.6%    18.774    16.980    -9.6%
     ('AndMissingHigh', 'Title')     0.295     0.331    12.2%     1.309     0.856   -34.6%     1.834    13.409   631.0%     1.834    13.409   631.0%     9.641    16.245    68.5%
              ('BM25MSM2', None)    17.228    16.834    -2.3%    33.319    30.006    -9.9%    83.070    40.133   -51.7%    83.070    40.133   -51.7%   155.920   196.910    26.3%
  ('BrowseDateSSDVFacets', None)   331.138   342.446     3.4%   368.236   380.780     3.4%   400.624   385.663    -3.7%   400.624   385.663    -3.7%  1243.930   543.342   -56.3%
  ('BrowseDateTaxoFacets', None)    23.068    62.523   171.0%    32.112    79.760   148.4%    61.762    82.126    33.0%    61.762    82.126    33.0%    65.599    83.599    27.4%
('BrowseDayOfYearSSDVFacets', None)    67.556    67.862     0.5%    86.141    88.037     2.2%    91.820    92.645     0.9%    91.820    92.645     0.9%   623.388   116.321   -81.3%
('BrowseDayOfYearTaxoFacets', None)    22.276    61.113   174.3%    29.321    69.603   137.4%    32.872    76.120   131.6%    32.872    76.120   131.6%   312.645   830.842   165.7%
 ('BrowseMonthSSDVFacets', None)    65.636    60.755    -7.4%    85.004    86.723     2.0%    87.995    86.829    -1.3%    87.995    86.829    -1.3%   350.049    87.014   -75.1%
 ('BrowseMonthTaxoFacets', None)    23.388    22.528    -3.7%    30.146    41.914    39.0%    42.177    84.123    99.5%    42.177    84.123    99.5%   190.201   554.571   191.6%
('BrowseRandomLabelSSDVFacets', None)    95.729    92.648    -3.2%   118.655   113.497    -4.3%   146.611   128.293   -12.5%   146.611   128.293   -12.5%   357.859   231.678   -35.3%
('BrowseRandomLabelTaxoFacets', None)    40.807    83.130   103.7%    53.339    93.106    74.6%    88.512   134.950    52.5%    88.512   134.950    52.5%   141.299   218.796    54.8%
             ('ConstMSM2', None)     0.796     0.819     3.0%     2.670     2.312   -13.4%     8.375     2.332   -72.2%     8.375     2.332   -72.2%    13.799     7.974   -42.2%
                ('Fuzzy1', None)    10.853    10.429    -3.9%    18.131    19.654     8.4%    22.338    24.116     8.0%    22.338    24.116     8.0%    99.205    46.542   -53.1%
                ('Fuzzy2', None)    11.120    11.500     3.4%    21.551    17.258   -19.9%    22.326    24.300     8.8%    22.326    24.300     8.8%   110.671   110.394    -0.3%
  ('HighIntervalsOrdered', None)    17.532    18.205     3.8%    26.494    27.570     4.1%    28.830    33.730    17.0%    28.830    33.730    17.0%    88.305    33.956   -61.5%
            ('HighPhrase', None)     5.296     5.228    -1.3%     9.051    10.594    17.0%    11.163    11.298     1.2%    11.163    11.298     1.2%    27.985    46.522    66.2%
      ('HighSloppyPhrase', None)    10.193    10.275     0.8%    11.941    19.387    62.4%    12.581    20.637    64.0%    12.581    20.637    64.0%    81.181    64.496   -20.6%
          ('HighSpanNear', None)    15.410    16.368     6.2%    23.523    26.843    14.1%    28.333    38.809    37.0%    28.333    38.809    37.0%    32.587    39.861    22.3%
              ('HighTerm', None)     0.816     0.956    17.1%     2.874     3.280    14.1%     4.110     5.097    24.0%     4.110     5.097    24.0%     4.711    11.042   134.4%
('HighTermDayOfYearSort', 'DayOfYear')     2.025     2.125     4.9%     3.565     7.244   103.2%     5.840     7.652    31.0%     5.840     7.652    31.0%    47.014   100.243   113.2%
  ('HighTermMonthSort', 'Month')     0.765     0.684   -10.6%     3.982     2.365   -40.6%     5.836     2.660   -54.4%     5.836     2.660   -54.4%     6.927     6.568    -5.2%
('HighTermTitleBDVSort', 'TitleBinary')    10.724    11.098     3.5%    23.661    19.294   -18.5%    53.747    32.454   -39.6%    53.747    32.454   -39.6%   161.045    81.240   -49.6%
  ('HighTermTitleSort', 'Title')     7.006     9.251    32.1%    16.062    20.745    29.2%    42.777    44.991     5.2%    42.777    44.991     5.2%    65.022    68.891     5.9%
                ('IntNRQ', None)     0.722     0.675    -6.5%     4.803     5.792    20.6%    12.807     9.908   -22.6%    12.807     9.908   -22.6%    52.502    98.412    87.4%
                ('IntSet', None)     1.332     1.607    20.6%     8.744     6.162   -29.5%     9.484     7.113   -25.0%     9.484     7.113   -25.0%    31.713    35.291    11.3%
   ('LowIntervalsOrdered', None)     1.728     1.715    -0.7%     4.146     3.967    -4.3%     5.133     3.984   -22.4%     5.133     3.984   -22.4%    19.495    13.042   -33.1%
             ('LowPhrase', None)     2.298     2.370     3.1%     7.941    14.443    81.9%    10.993    18.983    72.7%    10.993    18.983    72.7%    36.144    71.152    96.9%
       ('LowSloppyPhrase', None)     5.976     5.976    -0.0%     7.681    10.330    34.5%     7.754    30.645   295.2%     7.754    30.645   295.2%    27.406    42.194    54.0%
           ('LowSpanNear', None)     5.603     5.234    -6.6%     7.651     9.723    27.1%     7.918    10.379    31.1%     7.918    10.379    31.1%    14.193    30.004   111.4%
               ('LowTerm', None)     0.553     0.455   -17.8%     1.231     0.815   -33.8%     1.625     1.786     9.9%     1.625     1.786     9.9%    34.874    32.597    -6.5%
   ('MedIntervalsOrdered', None)     9.272     9.065    -2.2%    15.621    20.375    30.4%    16.428    21.066    28.2%    16.428    21.066    28.2%   199.929   208.141     4.1%
             ('MedPhrase', None)     2.249     2.363     5.1%    10.247     4.732   -53.8%    11.788    15.920    35.1%    11.788    15.920    35.1%    18.839    39.864   111.6%
       ('MedSloppyPhrase', None)    12.427    14.532    16.9%    18.388    21.564    17.3%    19.631    29.773    51.7%    19.631    29.773    51.7%    56.457    74.455    31.9%
           ('MedSpanNear', None)    11.381    11.510     1.1%    26.665    22.308   -16.3%    26.781    27.954     4.4%    26.781    27.954     4.4%   168.196   129.446   -23.0%
               ('MedTerm', None)     0.701     0.770     9.9%     1.395     1.384    -0.8%     4.206     1.481   -64.8%     4.206     1.481   -64.8%     5.508     4.704   -14.6%
  ('MedTermDayTaxoFacets', None)    12.345    11.853    -4.0%    15.810    21.468    35.8%    20.886    28.967    38.7%    20.886    28.967    38.7%    77.410    32.553   -57.9%
            ('OrHighHigh', None)     2.310     2.009   -13.0%     6.850     8.703    27.1%     7.295    14.484    98.5%     7.295    14.484    98.5%   117.463    43.904   -62.6%
             ('OrHighLow', None)     0.919     0.946     2.9%     2.037     2.082     2.2%    18.077     8.217   -54.5%    18.077     8.217   -54.5%   117.414   109.907    -6.4%
             ('OrHighMed', None)     0.838     0.928    10.8%     1.700     2.545    49.7%     2.110     3.324    57.5%     2.110     3.324    57.5%     3.119     9.175   194.2%
('OrHighMedDayTaxoFacets', None)    46.819    45.270    -3.3%    67.888    80.751    18.9%   201.925    81.669   -59.6%   201.925    81.669   -59.6%   262.545   239.954    -8.6%
         ('OrHighNotHigh', None)     1.216     1.224     0.7%     3.102     4.964    60.0%     8.006     8.726     9.0%     8.006     8.726     9.0%    21.381    44.446   107.9%
          ('OrHighNotLow', None)     1.034     1.041     0.7%     2.488     1.954   -21.5%     2.650     6.147   132.0%     2.650     6.147   132.0%    11.333    37.706   232.7%
          ('OrHighNotMed', None)     1.154     1.136    -1.6%     3.624     2.198   -39.3%    10.712     8.980   -16.2%    10.712     8.980   -16.2%    15.365    15.542     1.1%
         ('OrNotHighHigh', None)     1.236     1.152    -6.8%     4.339     2.921   -32.7%     7.012    13.428    91.5%     7.012    13.428    91.5%    25.914    22.505   -13.2%
          ('OrNotHighLow', None)     0.840     0.797    -5.1%     2.320     2.524     8.8%     5.214     2.597   -50.2%     5.214     2.597   -50.2%    20.158    13.126   -34.9%
          ('OrNotHighMed', None)     0.865     1.078    24.7%     2.227     2.254     1.2%     3.583     2.421   -32.4%     3.583     2.421   -32.4%     3.949    23.920   505.8%
                   ('PKLookup',)     5.040     5.080     0.8%     9.746    11.895    22.0%    12.079    14.117    16.9%    12.079    14.117    16.9%    21.945    23.530     7.2%
               ('Prefix3', None)     1.666     1.977    18.7%     8.632     4.312   -50.0%    11.605     6.638   -42.8%    11.605     6.638   -42.8%    90.431   109.827    21.4%
                    ('Respell',)    17.566    17.930     2.1%    29.165    27.857    -4.5%    39.800    28.991   -27.2%    39.800    28.991   -27.2%   106.410    47.065   -55.8%
('TermDateTimeSort', 'DateTime')     2.209     2.112    -4.4%     6.268     5.700    -9.1%     7.754    19.118   146.6%     7.754    19.118   146.6%   129.924   107.064   -17.6%
              ('Wildcard', None)     2.369     2.455     3.7%     8.416     6.858   -18.5%    13.916     7.358   -47.1%    13.916     7.358   -47.1%    14.151    21.720    53.5%
                 ('range', None)     0.183     0.196     7.2%     0.445     0.458     3.0%     0.667     0.943    41.5%     0.667     0.943    41.5%    11.970    11.398    -4.8%
                            Task    QPS armA      StdDev    QPS armK      StdDev                Pct diff p-value
            BrowseDateTaxoFacets       27.15     (58.9%)       15.35      (2.7%)  -43.5% ( -66% -   44%) 0.099
       BrowseDayOfYearTaxoFacets       27.43     (58.9%)       15.89      (3.1%)  -42.1% ( -65% -   48%) 0.111
     BrowseRandomLabelTaxoFacets       18.09     (37.8%)       12.18      (3.3%)  -32.6% ( -53% -   13%) 0.054
                      AndHighLow     2401.70      (6.9%)     1839.18      (6.9%)  -23.4% ( -34% -  -10%) 0.000
                      AndHighMed     1327.21      (4.2%)     1073.49      (9.1%)  -19.1% ( -31% -   -6%) 0.000
                  AndMissingHigh     3766.00      (4.2%)     3232.95      (6.1%)  -14.2% ( -23% -   -4%) 0.000
                         Prefix3      679.40     (11.9%)      585.16     (14.4%)  -13.9% ( -35% -   14%) 0.097
                    OrNotHighMed     1161.28      (4.6%)     1041.15      (5.0%)  -10.3% ( -19% -    0%) 0.001
               HighTermTitleSort      130.93      (8.2%)      118.43      (6.9%)   -9.5% ( -22% -    6%) 0.047
                       OrHighMed     1175.98      (6.1%)     1065.18      (6.4%)   -9.4% ( -20% -    3%) 0.017
                    OrHighNotLow     1056.98      (3.7%)      965.08      (8.2%)   -8.7% ( -19% -    3%) 0.030
                     AndHighHigh      689.21      (6.2%)      630.79      (5.0%)   -8.5% ( -18% -    2%) 0.017
                         LowTerm     2340.11      (5.2%)     2153.55      (7.1%)   -8.0% ( -19% -    4%) 0.043
                           range     6096.09     (10.2%)     5632.72      (8.7%)   -7.6% ( -24% -   12%) 0.206
                   OrHighNotHigh      875.01      (2.1%)      808.92      (8.3%)   -7.6% ( -17% -    2%) 0.049
                   OrNotHighHigh      936.87      (5.7%)      868.63      (6.7%)   -7.3% ( -18% -    5%) 0.064
                      OrHighHigh      514.53      (5.2%)      477.18      (4.3%)   -7.3% ( -15% -    2%) 0.017
                       OrHighLow     1173.33      (4.5%)     1095.32      (4.6%)   -6.6% ( -15% -    2%) 0.022
                    OrHighNotMed      945.72      (4.7%)      883.40      (9.9%)   -6.6% ( -20% -    8%) 0.179
          OrHighMedDayTaxoFacets       21.69      (4.1%)       20.29      (5.6%)   -6.5% ( -15% -    3%) 0.037
                    OrNotHighLow     1456.51     (11.9%)     1365.67      (5.0%)   -6.2% ( -20% -   12%) 0.278
                         MedTerm     1467.63     (12.0%)     1384.46      (7.0%)   -5.7% ( -22% -   15%) 0.363
                       LowPhrase      460.59      (3.3%)      435.03      (3.0%)   -5.5% ( -11% -    0%) 0.006
         AndHighMedDayTaxoFacets      277.70      (1.6%)      264.38      (1.5%)   -4.8% (  -7% -   -1%) 0.000
                        HighTerm     1221.27      (7.3%)     1170.18      (3.7%)   -4.2% ( -14% -    7%) 0.253
           HighTermDayOfYearSort      480.70      (9.3%)      461.20     (15.1%)   -4.1% ( -26% -   22%) 0.610
            HighTermTitleBDVSort       92.63      (2.3%)       89.36      (4.0%)   -3.5% (  -9% -    2%) 0.086
                          IntSet      739.50      (7.4%)      714.17      (6.8%)   -3.4% ( -16% -   11%) 0.448
                         Respell       57.56      (2.5%)       55.63      (7.8%)   -3.3% ( -13% -    7%) 0.358
       BrowseDayOfYearSSDVFacets       16.15     (14.7%)       15.67      (5.5%)   -2.9% ( -20% -   20%) 0.678
                          Fuzzy1       98.54      (8.1%)       95.74      (7.6%)   -2.8% ( -17% -   13%) 0.566
                          IntNRQ     1902.01      (9.1%)     1860.42     (10.3%)   -2.2% ( -19% -   18%) 0.723
               HighTermMonthSort     1479.86      (5.4%)     1448.82      (6.4%)   -2.1% ( -13% -   10%) 0.577
                      TermDTSort      459.88      (5.6%)      450.48      (7.6%)   -2.0% ( -14% -   11%) 0.627
                 LowSloppyPhrase      190.22     (15.2%)      186.36     (15.1%)   -2.0% ( -28% -   33%) 0.832
                      HighPhrase      196.91      (2.6%)      193.13      (3.6%)   -1.9% (  -7% -    4%) 0.332
                     LowSpanNear      205.18      (6.8%)      201.56      (3.2%)   -1.8% ( -11% -    8%) 0.600
                    HighSpanNear       63.95      (2.8%)       63.05      (1.5%)   -1.4% (  -5% -    3%) 0.331
                        Wildcard      421.57      (2.8%)      416.64      (3.5%)   -1.2% (  -7% -    5%) 0.562
                HighSloppyPhrase      106.02     (12.7%)      104.88      (7.1%)   -1.1% ( -18% -   21%) 0.869
                       ConstMSM2     1295.50      (4.6%)     1284.62      (4.6%)   -0.8% (  -9% -    8%) 0.774
                     MedSpanNear       86.85      (1.4%)       86.35      (1.3%)   -0.6% (  -3% -    2%) 0.499
            MedTermDayTaxoFacets       90.54      (4.5%)       90.13      (7.3%)   -0.5% ( -11% -   11%) 0.904
                       MedPhrase      448.36      (9.3%)      446.54      (5.9%)   -0.4% ( -14% -   16%) 0.934
                        BM25MSM2       61.49      (2.5%)       61.30      (5.5%)   -0.3% (  -8% -    7%) 0.909
     BrowseRandomLabelSSDVFacets       11.57      (8.6%)       11.54      (5.3%)   -0.3% ( -13% -   14%) 0.951
             MedIntervalsOrdered      116.52      (2.4%)      116.90      (2.9%)    0.3% (  -4% -    5%) 0.847
            BrowseDateSSDVFacets        2.91      (5.1%)        2.93      (5.0%)    1.0% (  -8% -   11%) 0.765
        AndHighHighDayTaxoFacets       76.92      (3.6%)       77.92      (3.9%)    1.3% (  -6% -    9%) 0.588
                          Fuzzy2       92.94      (6.8%)       94.29     (10.1%)    1.5% ( -14% -   19%) 0.790
                 MedSloppyPhrase       74.11     (10.7%)       75.53      (5.6%)    1.9% ( -12% -   20%) 0.722
                        PKLookup      224.73     (12.4%)      229.30     (12.5%)    2.0% ( -20% -   30%) 0.797
            HighIntervalsOrdered       62.07      (9.1%)       65.72      (6.8%)    5.9% (  -9% -   23%) 0.248
             LowIntervalsOrdered      620.82      (4.2%)      665.20      (5.8%)    7.1% (  -2% -   17%) 0.025
           BrowseMonthSSDVFacets       15.19      (3.5%)       16.46     (18.8%)    8.4% ( -13% -   31%) 0.325
           BrowseMonthTaxoFacets       30.11     (56.6%)       33.79     (42.8%)   12.2% ( -55% -  257%) 0.701
  iter 5
    armA:
      NOTE: using experimental CPU time profiler (see https://mostlynerdless.de/blog/2025/06/11/java-25s-new-cpu-time-profiler-1)
      log: /home/goankur/vsearch/logs/FAKc.armA.5 + stdout
      run: /usr/bin/perf stat -dd -e task-clock,cycles,instructions,cache-references,cache-misses,L1-dcache-loads,L1-dcache-load-misses,L1-icache-loads,L1-icache-load-misses,LLC-loads,LLC-load-misses,LLC-stores,LLC-store-misses,LLC-prefetches,LLC-prefetch-misses,faults,minor-faults,major-faults,branches,branch-misses,stalled-cycles-frontend,stalled-cycles-backend /home/goankur/jdk/corretto-25/bin/java -server -Xms2g -Xmx2g --add-modules jdk.incubator.vector -XX:+HeapDumpOnOutOfMemoryError -XX:+UseParallelGC -XX:StartFlightRecording=jdk.CPUTimeSample#enabled=true,dumponexit=true,maxsize=250M,settings=/home/goankur/vsearch/util/src/python/profiling.jfc,filename=/home/goankur/vsearch/logs/bench-search-FAKc-armA-5.jfr -XX:+UnlockDiagnosticVMOptions -XX:+DebugNonSafepoints -classpath /home/goankur/vsearch/bo/lucene-A/lucene/core/build/libs/lucene-core-11.0.0-SNAPSHOT.jar:/home/goankur/vsearch/bo/lucene-A/lucene/sandbox/build/classes/java/main:/home/goankur/vsearch/bo/lucene-A/lucene/misc/build/classes/java/main:/home/goankur/vsearch/bo/lucene-A/lucene/facet/build/classes/java/main:/home/goankur/vsearch/bo/lucene-A/lucene/analysis/common/build/classes/java/main:/home/goankur/vsearch/bo/lucene-A/lucene/analysis/icu/build/classes/java/main:/home/goankur/vsearch/bo/lucene-A/lucene/queryparser/build/classes/java/main:/home/goankur/vsearch/bo/lucene-A/lucene/grouping/build/classes/java/main:/home/goankur/vsearch/bo/lucene-A/lucene/suggest/build/classes/java/main:/home/goankur/vsearch/bo/lucene-A/lucene/highlighter/build/classes/java/main:/home/goankur/vsearch/bo/lucene-A/lucene/codecs/build/classes/java/main:/home/goankur/vsearch/bo/lucene-A/lucene/queries/build/classes/java/main:/home/goankur/vsearch/bo/lucene-A/lucene/join/build/classes/java/main:/home/goankur/vsearch/bo/lucene-A/lucene/spatial3d/build/classes/java/main:/home/goankur/vsearch/util/lib/HdrHistogram.jar:/home/goankur/vsearch/util/src/main/build/classes/java/main:/home/goankur/vsearch/util/build perf.SearchPerfTest -dirImpl MMapDirectory -indexPath /home/goankur/vsearch/indices/wikimedium10m.lucene-A.facets.taxonomy:Date.taxonomy:Month.taxonomy:DayOfYear.sortedset:Date.sortedset:Month.sortedset:DayOfYear.taxonomy:RandomLabel.sortedset:RandomLabel.Lucene90.Lucene104.dvfields.nd10M -facets taxonomy:Date;Date -facets taxonomy:Month;Month -facets taxonomy:DayOfYear;DayOfYear -facets sortedset:Date;Date -facets sortedset:Month;Month -facets sortedset:DayOfYear;DayOfYear -facets taxonomy:RandomLabel;RandomLabel -facets sortedset:RandomLabel;RandomLabel -analyzer StandardAnalyzer -taskSource /home/goankur/vsearch/util/tasks/wikimedium.10M.nostopwords.tasks -numConcurrentQueries 5 -taskRepeatCount 20 -field body -tasksPerCat 1 -searchConcurrency -1 -staticSeed -6766631 -seed -5809657 -similarity BM25Similarity -commit multi -hiliteImpl FastVectorHighlighter -log /home/goankur/vsearch/logs/FAKc.armA.5 -topN 100 -context  -pk -pollute
      9.4 s
      248.5 actual sustained QPS; -1.0 CPU cores used
    armK:
      NOTE: using experimental CPU time profiler (see https://mostlynerdless.de/blog/2025/06/11/java-25s-new-cpu-time-profiler-1)
      log: /home/goankur/vsearch/logs/FAKc.armK.5 + stdout
      run: /usr/bin/perf stat -dd -e task-clock,cycles,instructions,cache-references,cache-misses,L1-dcache-loads,L1-dcache-load-misses,L1-icache-loads,L1-icache-load-misses,LLC-loads,LLC-load-misses,LLC-stores,LLC-store-misses,LLC-prefetches,LLC-prefetch-misses,faults,minor-faults,major-faults,branches,branch-misses,stalled-cycles-frontend,stalled-cycles-backend /home/goankur/jdk/corretto-25/bin/java -server -Xms2g -Xmx2g --add-modules jdk.incubator.vector -XX:+HeapDumpOnOutOfMemoryError -XX:+UseParallelGC -XX:StartFlightRecording=jdk.CPUTimeSample#enabled=true,dumponexit=true,maxsize=250M,settings=/home/goankur/vsearch/util/src/python/profiling.jfc,filename=/home/goankur/vsearch/logs/bench-search-FAKc-armK-5.jfr -XX:+UnlockDiagnosticVMOptions -XX:+DebugNonSafepoints -classpath /home/goankur/vsearch/bo/lucene-K/lucene/core/build/libs/lucene-core-11.0.0-SNAPSHOT.jar:/home/goankur/vsearch/bo/lucene-K/lucene/sandbox/build/classes/java/main:/home/goankur/vsearch/bo/lucene-K/lucene/misc/build/classes/java/main:/home/goankur/vsearch/bo/lucene-K/lucene/facet/build/classes/java/main:/home/goankur/vsearch/bo/lucene-K/lucene/analysis/common/build/classes/java/main:/home/goankur/vsearch/bo/lucene-K/lucene/analysis/icu/build/classes/java/main:/home/goankur/vsearch/bo/lucene-K/lucene/queryparser/build/classes/java/main:/home/goankur/vsearch/bo/lucene-K/lucene/grouping/build/classes/java/main:/home/goankur/vsearch/bo/lucene-K/lucene/suggest/build/classes/java/main:/home/goankur/vsearch/bo/lucene-K/lucene/highlighter/build/classes/java/main:/home/goankur/vsearch/bo/lucene-K/lucene/codecs/build/classes/java/main:/home/goankur/vsearch/bo/lucene-K/lucene/queries/build/classes/java/main:/home/goankur/vsearch/bo/lucene-K/lucene/join/build/classes/java/main:/home/goankur/vsearch/bo/lucene-K/lucene/spatial3d/build/classes/java/main:/home/goankur/vsearch/util/lib/HdrHistogram.jar:/home/goankur/vsearch/util/src/main/build/classes/java/main:/home/goankur/vsearch/util/build perf.SearchPerfTest -dirImpl MMapDirectory -indexPath /home/goankur/vsearch/indices/wikimedium10m.lucene-A.facets.taxonomy:Date.taxonomy:Month.taxonomy:DayOfYear.sortedset:Date.sortedset:Month.sortedset:DayOfYear.taxonomy:RandomLabel.sortedset:RandomLabel.Lucene90.Lucene104.dvfields.nd10M -facets taxonomy:Date;Date -facets taxonomy:Month;Month -facets taxonomy:DayOfYear;DayOfYear -facets sortedset:Date;Date -facets sortedset:Month;Month -facets sortedset:DayOfYear;DayOfYear -facets taxonomy:RandomLabel;RandomLabel -facets sortedset:RandomLabel;RandomLabel -analyzer StandardAnalyzer -taskSource /home/goankur/vsearch/util/tasks/wikimedium.10M.nostopwords.tasks -numConcurrentQueries 5 -taskRepeatCount 20 -field body -tasksPerCat 1 -searchConcurrency -1 -staticSeed -6766631 -seed -5809657 -similarity BM25Similarity -commit multi -hiliteImpl FastVectorHighlighter -log /home/goankur/vsearch/logs/FAKc.armK.5 -topN 100 -context  -pk -pollute
      9.2 s
      254.2 actual sustained QPS; -1.0 CPU cores used

Report after iter 5:
QPSChart.supported == False
                            Task     P50 B     P50 C     Diff     P90 B     P90 C     Diff     P99 B     P99 C     Diff    P999 B    P999 C     Diff    P100 B    P100 C     Diff
           ('AndHighHigh', None)     2.051     2.013    -1.9%     5.930     4.701   -20.7%     9.520     5.246   -44.9%     9.520     5.246   -44.9%    42.894    46.782     9.1%
('AndHighHighDayTaxoFacets', None)    12.780    13.770     7.8%    33.111    36.107     9.0%    52.123    49.511    -5.0%    52.123    49.511    -5.0%    66.798    54.276   -18.7%
            ('AndHighLow', None)     0.428     0.584    36.5%     1.122     1.853    65.1%     1.257     4.515   259.1%     1.257     4.515   259.1%    57.940    46.565   -19.6%
            ('AndHighMed', None)     0.795     0.940    18.3%     2.903     6.270   116.0%     3.210     6.650   107.2%     3.210     6.650   107.2%    12.240     7.149   -41.6%
('AndHighMedDayTaxoFacets', None)     4.135     4.047    -2.1%    11.328    13.999    23.6%    12.085    14.152    17.1%    12.085    14.152    17.1%    14.845    24.311    63.8%
     ('AndMissingHigh', 'Title')     0.287     0.292     1.9%     0.907     0.891    -1.8%     1.276     1.541    20.8%     1.276     1.541    20.8%    14.844    15.246     2.7%
              ('BM25MSM2', None)    17.311    16.416    -5.2%    40.071    33.953   -15.3%    54.278    63.287    16.6%    54.278    63.287    16.6%   205.379   209.742     2.1%
  ('BrowseDateSSDVFacets', None)   330.086   324.399    -1.7%   396.877   372.286    -6.2%   430.220   402.620    -6.4%   430.220   402.620    -6.4%  1148.796   625.077   -45.6%
  ('BrowseDateTaxoFacets', None)    66.026    71.759     8.7%    84.251    83.661    -0.7%    85.118    84.752    -0.4%    85.118    84.752    -0.4%   127.374    89.174   -30.0%
('BrowseDayOfYearSSDVFacets', None)    64.317    66.707     3.7%    86.134    82.303    -4.4%    91.586    83.560    -8.8%    91.586    83.560    -8.8%   115.507    88.756   -23.2%
('BrowseDayOfYearTaxoFacets', None)    67.355    67.162    -0.3%    79.766    82.690     3.7%    79.793    86.725     8.7%    79.793    86.725     8.7%    94.034    89.274    -5.1%
 ('BrowseMonthSSDVFacets', None)    62.529    62.796     0.4%    85.342    80.925    -5.2%    85.440    81.299    -4.8%    85.440    81.299    -4.8%   289.962   190.730   -34.2%
 ('BrowseMonthTaxoFacets', None)    23.598    25.847     9.5%    33.402    31.656    -5.2%    79.426    74.409    -6.3%    79.426    74.409    -6.3%   135.380   143.413     5.9%
('BrowseRandomLabelSSDVFacets', None)    96.750    82.522   -14.7%   123.581   137.981    11.7%   139.308   185.472    33.1%   139.308   185.472    33.1%   850.666   260.231   -69.4%
('BrowseRandomLabelTaxoFacets', None)    82.359    82.370     0.0%   106.620   124.826    17.1%   117.170   135.736    15.8%   117.170   135.736    15.8%   203.951   226.991    11.3%
             ('ConstMSM2', None)     0.769     0.779     1.3%     2.451     3.003    22.5%    11.131    14.839    33.3%    11.131    14.839    33.3%    13.085    21.313    62.9%
                ('Fuzzy1', None)     9.353    11.722    25.3%    17.233    18.017     4.5%    43.645    41.687    -4.5%    43.645    41.687    -4.5%    44.416    48.289     8.7%
                ('Fuzzy2', None)    10.834    11.078     2.2%    23.921    20.380   -14.8%    34.771    48.569    39.7%    34.771    48.569    39.7%    69.287   101.071    45.9%
  ('HighIntervalsOrdered', None)    16.078    18.250    13.5%    28.028    33.261    18.7%    37.004    38.913     5.2%    37.004    38.913     5.2%    38.724    41.895     8.2%
            ('HighPhrase', None)     5.347     5.883    10.0%    12.006    22.193    84.8%    13.996    26.758    91.2%    13.996    26.758    91.2%    19.118    33.999    77.8%
      ('HighSloppyPhrase', None)     9.811    11.030    12.4%    11.798    13.165    11.6%    21.014    13.634   -35.1%    21.014    13.634   -35.1%    44.971    16.006   -64.4%
          ('HighSpanNear', None)    16.257    16.304     0.3%    34.340    24.555   -28.5%    34.514    32.820    -4.9%    34.514    32.820    -4.9%   136.958   184.960    35.0%
              ('HighTerm', None)     1.126     1.100    -2.3%     3.503     4.108    17.3%     4.584     4.453    -2.8%     4.584     4.453    -2.8%     8.219    14.133    72.0%
('HighTermDayOfYearSort', 'DayOfYear')     1.810     1.928     6.5%    10.140     9.499    -6.3%    13.016    18.216    40.0%    13.016    18.216    40.0%    16.626    35.624   114.3%
  ('HighTermMonthSort', 'Month')     0.734     0.746     1.6%     1.691     2.534    49.9%     1.838     5.238   185.0%     1.838     5.238   185.0%    36.966    35.482    -4.0%
('HighTermTitleBDVSort', 'TitleBinary')    11.145    10.834    -2.8%    32.298    14.391   -55.4%    45.024    20.586   -54.3%    45.024    20.586   -54.3%    50.421    65.550    30.0%
  ('HighTermTitleSort', 'Title')     8.925     9.767     9.4%    26.205    16.471   -37.1%    32.922    33.892     2.9%    32.922    33.892     2.9%    54.547    85.762    57.2%
                ('IntNRQ', None)     0.539     0.525    -2.6%     3.454     6.778    96.3%     8.389    17.027   103.0%     8.389    17.027   103.0%    75.426    41.736   -44.7%
                ('IntSet', None)     1.455     1.261   -13.3%     7.387     5.870   -20.5%    14.195     8.514   -40.0%    14.195     8.514   -40.0%    24.649    31.195    26.6%
   ('LowIntervalsOrdered', None)     2.343     2.064   -11.9%     5.370     5.031    -6.3%     6.093     6.841    12.3%     6.093     6.841    12.3%     9.266    10.363    11.8%
             ('LowPhrase', None)     2.803     2.254   -19.6%     5.245     6.130    16.9%     5.398     6.219    15.2%     5.398     6.219    15.2%    23.837    28.674    20.3%
       ('LowSloppyPhrase', None)     5.318     5.984    12.5%    12.391    10.143   -18.1%    12.595    11.527    -8.5%    12.595    11.527    -8.5%    13.073    13.145     0.5%
           ('LowSpanNear', None)     5.210     5.011    -3.8%     8.491     7.942    -6.5%     9.861     9.464    -4.0%     9.861     9.464    -4.0%    12.627     9.847   -22.0%
               ('LowTerm', None)     0.642     0.668     4.1%     2.183     1.921   -12.0%     2.438     3.352    37.5%     2.438     3.352    37.5%     5.016     3.551   -29.2%
   ('MedIntervalsOrdered', None)    12.561    10.477   -16.6%    17.523    21.188    20.9%    33.366    26.234   -21.4%    33.366    26.234   -21.4%    83.506    81.977    -1.8%
             ('MedPhrase', None)     2.272     2.192    -3.5%     5.287     5.181    -2.0%     5.942     5.275   -11.2%     5.942     5.275   -11.2%    47.251    50.746     7.4%
       ('MedSloppyPhrase', None)    15.321    15.061    -1.7%    23.812    24.145     1.4%    51.532    38.823   -24.7%    51.532    38.823   -24.7%   160.869   219.944    36.7%
           ('MedSpanNear', None)    11.558    11.398    -1.4%    20.544    21.224     3.3%    25.561    23.753    -7.1%    25.561    23.753    -7.1%   131.785   174.203    32.2%
               ('MedTerm', None)     1.001     1.073     7.2%     2.405     4.619    92.0%     2.582     5.245   103.1%     2.582     5.245   103.1%     3.988     5.764    44.5%
  ('MedTermDayTaxoFacets', None)    12.186    12.540     2.9%    21.809    31.675    45.2%    25.786    34.198    32.6%    25.786    34.198    32.6%   190.071   195.137     2.7%
            ('OrHighHigh', None)     2.463     2.692     9.3%     7.736     5.634   -27.2%     8.405    11.104    32.1%     8.405    11.104    32.1%   128.772   211.663    64.4%
             ('OrHighLow', None)     0.976     0.997     2.1%     1.962     2.541    29.5%    12.360    12.074    -2.3%    12.360    12.074    -2.3%   141.159   156.065    10.6%
             ('OrHighMed', None)     1.015     1.262    24.3%     4.767     2.278   -52.2%     4.771     3.125   -34.5%     4.771     3.125   -34.5%     5.751     4.791   -16.7%
('OrHighMedDayTaxoFacets', None)    47.706    51.548     8.1%    80.921    84.798     4.8%   113.655    86.309   -24.1%   113.655    86.309   -24.1%   286.555   356.591    24.4%
         ('OrHighNotHigh', None)     1.343     1.454     8.3%     9.663     3.982   -58.8%     9.952     4.960   -50.2%     9.952     4.960   -50.2%    14.586     6.969   -52.2%
          ('OrHighNotLow', None)     1.254     1.214    -3.2%     7.789     8.111     4.1%     8.283     8.385     1.2%     8.283     8.385     1.2%    21.789     9.939   -54.4%
          ('OrHighNotMed', None)     1.193     1.362    14.2%     9.515     4.764   -49.9%    13.098     4.770   -63.6%    13.098     4.770   -63.6%    40.926    50.682    23.8%
         ('OrNotHighHigh', None)     1.224     1.601    30.9%     8.108     6.277   -22.6%     8.944     7.048   -21.2%     8.944     7.048   -21.2%     9.101    10.059    10.5%
          ('OrNotHighLow', None)     0.691     0.807    16.8%     1.862     1.982     6.4%    10.046     2.912   -71.0%    10.046     2.912   -71.0%    23.708     3.369   -85.8%
          ('OrNotHighMed', None)     0.914     1.020    11.6%     2.506     5.034   100.9%     3.759     8.119   116.0%     3.759     8.119   116.0%    14.809    13.589    -8.2%
                   ('PKLookup',)     5.394     5.678     5.3%    10.614    10.025    -5.5%    12.549    16.704    33.1%    12.549    16.704    33.1%    15.015    20.546    36.8%
               ('Prefix3', None)     1.481     1.932    30.5%    10.778     9.049   -16.0%    11.832    12.039     1.8%    11.832    12.039     1.8%    92.129    88.255    -4.2%
                    ('Respell',)    20.349    19.415    -4.6%    45.582    26.815   -41.2%    61.725    67.362     9.1%    61.725    67.362     9.1%   183.048   238.134    30.1%
('TermDateTimeSort', 'DateTime')     2.927     2.568   -12.3%     9.063     6.697   -26.1%    23.166    12.809   -44.7%    23.166    12.809   -44.7%    74.448    57.285   -23.1%
              ('Wildcard', None)     2.272     2.459     8.2%     7.359     6.828    -7.2%    18.618    12.360   -33.6%    18.618    12.360   -33.6%    26.878    13.036   -51.5%
                 ('range', None)     0.168     0.190    13.2%     0.541     0.457   -15.6%     0.639     0.547   -14.3%     0.639     0.547   -14.3%     0.652     1.155    77.1%
                            Task    QPS armA      StdDev    QPS armK      StdDev                Pct diff p-value
            BrowseDateTaxoFacets       25.24     (59.6%)       15.16      (3.2%)  -39.9% ( -64% -   56%) 0.101
       BrowseDayOfYearTaxoFacets       25.48     (59.7%)       15.89      (3.0%)  -37.6% ( -62% -   62%) 0.123
     BrowseRandomLabelTaxoFacets       17.18     (37.8%)       12.20      (3.1%)  -29.0% ( -50% -   19%) 0.062
                      AndHighLow     2423.02      (6.4%)     1841.75      (6.1%)  -24.0% ( -34% -  -12%) 0.000
                      AndHighMed     1343.22      (4.7%)     1092.92      (8.8%)  -18.6% ( -30% -   -5%) 0.000
                         Prefix3      685.74     (10.8%)      584.99     (12.8%)  -14.7% ( -34% -    9%) 0.031
                  AndMissingHigh     3789.95      (4.0%)     3278.06      (6.1%)  -13.5% ( -22% -   -3%) 0.000
                    OrNotHighMed     1160.66      (4.1%)     1046.12      (4.6%)   -9.9% ( -17% -   -1%) 0.000
               HighTermTitleSort      130.41      (7.5%)      117.60      (6.4%)   -9.8% ( -22% -    4%) 0.014
                       OrHighMed     1145.31      (8.6%)     1041.32      (7.8%)   -9.1% ( -23% -    8%) 0.056
                     AndHighHigh      674.33      (7.8%)      615.50      (7.2%)   -8.7% ( -21% -    6%) 0.044
                    OrNotHighLow     1464.96     (10.6%)     1348.87      (5.3%)   -7.9% ( -21% -    8%) 0.102
                   OrNotHighHigh      924.76      (6.1%)      852.55      (7.4%)   -7.8% ( -20% -    6%) 0.046
                         LowTerm     2244.73     (11.5%)     2074.62     (10.9%)   -7.6% ( -26% -   16%) 0.240
                   OrHighNotHigh      854.02      (6.3%)      789.86      (9.4%)   -7.5% ( -21% -    8%) 0.104
                         MedTerm     1418.74     (14.0%)     1315.29     (13.6%)   -7.3% ( -30% -   23%) 0.360
                    OrHighNotMed      932.86      (5.5%)      866.78     (10.0%)   -7.1% ( -21% -    8%) 0.127
                      OrHighHigh      496.90     (10.0%)      463.18      (8.0%)   -6.8% ( -22% -   12%) 0.192
                       OrHighLow     1162.23      (4.7%)     1085.20      (4.7%)   -6.6% ( -15% -    2%) 0.015
                    OrHighNotLow     1016.59     (10.3%)      950.63      (8.3%)   -6.5% ( -22% -   13%) 0.231
          OrHighMedDayTaxoFacets       21.68      (3.6%)       20.28      (5.0%)   -6.5% ( -14% -    2%) 0.011
                          Fuzzy1      100.77      (8.9%)       94.40      (7.4%)   -6.3% ( -20% -   10%) 0.180
                           range     6077.94      (9.2%)     5742.93      (9.0%)   -5.5% ( -21% -   13%) 0.294
                       LowPhrase      460.61      (3.0%)      437.80      (3.1%)   -5.0% ( -10% -    1%) 0.005
                        HighTerm     1181.24     (10.7%)     1127.36      (9.5%)   -4.6% ( -22% -   17%) 0.435
         AndHighMedDayTaxoFacets      274.67      (3.1%)      263.93      (1.4%)   -3.9% (  -8% -    0%) 0.005
           HighTermDayOfYearSort      497.54     (11.6%)      479.81     (16.0%)   -3.6% ( -27% -   27%) 0.658
       BrowseDayOfYearSSDVFacets       16.16     (13.2%)       15.64      (5.0%)   -3.2% ( -18% -   17%) 0.575
                 LowSloppyPhrase      191.78     (13.6%)      186.69     (13.4%)   -2.7% ( -26% -   28%) 0.733
                HighSloppyPhrase      105.35     (11.6%)      102.65      (8.3%)   -2.6% ( -20% -   19%) 0.659
                      HighPhrase      195.84      (2.7%)      191.15      (4.0%)   -2.4% (  -8% -    4%) 0.229
               HighTermMonthSort     1507.24      (6.5%)     1471.50      (6.7%)   -2.4% ( -14% -   11%) 0.535
            HighTermTitleBDVSort       92.16      (2.4%)       90.25      (4.3%)   -2.1% (  -8% -    4%) 0.305
                      TermDTSort      453.56      (6.1%)      444.37      (7.6%)   -2.0% ( -14% -   12%) 0.611
                          IntNRQ     1917.66      (8.3%)     1884.77      (9.7%)   -1.7% ( -18% -   17%) 0.742
                        Wildcard      427.42      (4.2%)      420.64      (3.9%)   -1.6% (  -9% -    6%) 0.494
                          IntSet      740.63      (6.6%)      729.93      (8.0%)   -1.4% ( -15% -   14%) 0.734
                    HighSpanNear       63.56      (3.0%)       62.85      (1.6%)   -1.1% (  -5% -    3%) 0.412
                       ConstMSM2     1299.93      (4.2%)     1286.09      (4.1%)   -1.1% (  -9% -    7%) 0.658
            MedTermDayTaxoFacets       89.74      (4.6%)       88.92      (7.4%)   -0.9% ( -12% -   11%) 0.799
                     LowSpanNear      203.46      (6.5%)      201.69      (2.9%)   -0.9% (  -9% -    9%) 0.764
        AndHighHighDayTaxoFacets       78.39      (5.6%)       77.96      (3.4%)   -0.5% (  -9% -    8%) 0.838
                     MedSpanNear       86.92      (1.3%)       86.64      (1.4%)   -0.3% (  -2% -    2%) 0.676
                       MedPhrase      449.25      (8.3%)      449.18      (5.5%)   -0.0% ( -12% -   15%) 0.997
                         Respell       56.43      (5.4%)       56.46      (7.9%)    0.1% ( -12% -   14%) 0.988
                        BM25MSM2       61.11      (2.7%)       61.33      (4.9%)    0.4% (  -7% -    8%) 0.874
                        PKLookup      219.78     (12.7%)      221.67     (14.3%)    0.9% ( -23% -   31%) 0.912
            BrowseDateSSDVFacets        2.93      (4.9%)        2.96      (5.0%)    1.1% (  -8% -   11%) 0.695
             MedIntervalsOrdered      113.38      (7.1%)      115.22      (4.5%)    1.6% (  -9% -   14%) 0.638
                          Fuzzy2       92.96      (6.1%)       94.76      (9.1%)    1.9% ( -12% -   18%) 0.663
                 MedSloppyPhrase       72.81     (10.7%)       74.55      (6.1%)    2.4% ( -12% -   21%) 0.635
     BrowseRandomLabelSSDVFacets       11.39      (8.8%)       11.67      (5.6%)    2.5% ( -10% -   18%) 0.550
            HighIntervalsOrdered       62.21      (8.1%)       64.04      (9.0%)    2.9% ( -13% -   21%) 0.553
           BrowseMonthTaxoFacets       32.37     (50.1%)       34.64     (36.2%)    7.0% ( -52% -  187%) 0.782
           BrowseMonthSSDVFacets       15.34      (4.0%)       16.45     (16.6%)    7.2% ( -12% -   28%) 0.300
             LowIntervalsOrdered      589.58     (13.6%)      651.81      (7.8%)   10.6% (  -9% -   36%) 0.098
  iter 6
    armK:
      NOTE: using experimental CPU time profiler (see https://mostlynerdless.de/blog/2025/06/11/java-25s-new-cpu-time-profiler-1)
      log: /home/goankur/vsearch/logs/FAKc.armK.6 + stdout
      run: /usr/bin/perf stat -dd -e task-clock,cycles,instructions,cache-references,cache-misses,L1-dcache-loads,L1-dcache-load-misses,L1-icache-loads,L1-icache-load-misses,LLC-loads,LLC-load-misses,LLC-stores,LLC-store-misses,LLC-prefetches,LLC-prefetch-misses,faults,minor-faults,major-faults,branches,branch-misses,stalled-cycles-frontend,stalled-cycles-backend /home/goankur/jdk/corretto-25/bin/java -server -Xms2g -Xmx2g --add-modules jdk.incubator.vector -XX:+HeapDumpOnOutOfMemoryError -XX:+UseParallelGC -XX:StartFlightRecording=jdk.CPUTimeSample#enabled=true,dumponexit=true,maxsize=250M,settings=/home/goankur/vsearch/util/src/python/profiling.jfc,filename=/home/goankur/vsearch/logs/bench-search-FAKc-armK-6.jfr -XX:+UnlockDiagnosticVMOptions -XX:+DebugNonSafepoints -classpath /home/goankur/vsearch/bo/lucene-K/lucene/core/build/libs/lucene-core-11.0.0-SNAPSHOT.jar:/home/goankur/vsearch/bo/lucene-K/lucene/sandbox/build/classes/java/main:/home/goankur/vsearch/bo/lucene-K/lucene/misc/build/classes/java/main:/home/goankur/vsearch/bo/lucene-K/lucene/facet/build/classes/java/main:/home/goankur/vsearch/bo/lucene-K/lucene/analysis/common/build/classes/java/main:/home/goankur/vsearch/bo/lucene-K/lucene/analysis/icu/build/classes/java/main:/home/goankur/vsearch/bo/lucene-K/lucene/queryparser/build/classes/java/main:/home/goankur/vsearch/bo/lucene-K/lucene/grouping/build/classes/java/main:/home/goankur/vsearch/bo/lucene-K/lucene/suggest/build/classes/java/main:/home/goankur/vsearch/bo/lucene-K/lucene/highlighter/build/classes/java/main:/home/goankur/vsearch/bo/lucene-K/lucene/codecs/build/classes/java/main:/home/goankur/vsearch/bo/lucene-K/lucene/queries/build/classes/java/main:/home/goankur/vsearch/bo/lucene-K/lucene/join/build/classes/java/main:/home/goankur/vsearch/bo/lucene-K/lucene/spatial3d/build/classes/java/main:/home/goankur/vsearch/util/lib/HdrHistogram.jar:/home/goankur/vsearch/util/src/main/build/classes/java/main:/home/goankur/vsearch/util/build perf.SearchPerfTest -dirImpl MMapDirectory -indexPath /home/goankur/vsearch/indices/wikimedium10m.lucene-A.facets.taxonomy:Date.taxonomy:Month.taxonomy:DayOfYear.sortedset:Date.sortedset:Month.sortedset:DayOfYear.taxonomy:RandomLabel.sortedset:RandomLabel.Lucene90.Lucene104.dvfields.nd10M -facets taxonomy:Date;Date -facets taxonomy:Month;Month -facets taxonomy:DayOfYear;DayOfYear -facets sortedset:Date;Date -facets sortedset:Month;Month -facets sortedset:DayOfYear;DayOfYear -facets taxonomy:RandomLabel;RandomLabel -facets sortedset:RandomLabel;RandomLabel -analyzer StandardAnalyzer -taskSource /home/goankur/vsearch/util/tasks/wikimedium.10M.nostopwords.tasks -numConcurrentQueries 5 -taskRepeatCount 20 -field body -tasksPerCat 1 -searchConcurrency -1 -staticSeed -6766631 -seed -520708 -similarity BM25Similarity -commit multi -hiliteImpl FastVectorHighlighter -log /home/goankur/vsearch/logs/FAKc.armK.6 -topN 100 -context  -pk -pollute
      9.3 s
      270.8 actual sustained QPS; -1.0 CPU cores used
    armA:
      NOTE: using experimental CPU time profiler (see https://mostlynerdless.de/blog/2025/06/11/java-25s-new-cpu-time-profiler-1)
      log: /home/goankur/vsearch/logs/FAKc.armA.6 + stdout
      run: /usr/bin/perf stat -dd -e task-clock,cycles,instructions,cache-references,cache-misses,L1-dcache-loads,L1-dcache-load-misses,L1-icache-loads,L1-icache-load-misses,LLC-loads,LLC-load-misses,LLC-stores,LLC-store-misses,LLC-prefetches,LLC-prefetch-misses,faults,minor-faults,major-faults,branches,branch-misses,stalled-cycles-frontend,stalled-cycles-backend /home/goankur/jdk/corretto-25/bin/java -server -Xms2g -Xmx2g --add-modules jdk.incubator.vector -XX:+HeapDumpOnOutOfMemoryError -XX:+UseParallelGC -XX:StartFlightRecording=jdk.CPUTimeSample#enabled=true,dumponexit=true,maxsize=250M,settings=/home/goankur/vsearch/util/src/python/profiling.jfc,filename=/home/goankur/vsearch/logs/bench-search-FAKc-armA-6.jfr -XX:+UnlockDiagnosticVMOptions -XX:+DebugNonSafepoints -classpath /home/goankur/vsearch/bo/lucene-A/lucene/core/build/libs/lucene-core-11.0.0-SNAPSHOT.jar:/home/goankur/vsearch/bo/lucene-A/lucene/sandbox/build/classes/java/main:/home/goankur/vsearch/bo/lucene-A/lucene/misc/build/classes/java/main:/home/goankur/vsearch/bo/lucene-A/lucene/facet/build/classes/java/main:/home/goankur/vsearch/bo/lucene-A/lucene/analysis/common/build/classes/java/main:/home/goankur/vsearch/bo/lucene-A/lucene/analysis/icu/build/classes/java/main:/home/goankur/vsearch/bo/lucene-A/lucene/queryparser/build/classes/java/main:/home/goankur/vsearch/bo/lucene-A/lucene/grouping/build/classes/java/main:/home/goankur/vsearch/bo/lucene-A/lucene/suggest/build/classes/java/main:/home/goankur/vsearch/bo/lucene-A/lucene/highlighter/build/classes/java/main:/home/goankur/vsearch/bo/lucene-A/lucene/codecs/build/classes/java/main:/home/goankur/vsearch/bo/lucene-A/lucene/queries/build/classes/java/main:/home/goankur/vsearch/bo/lucene-A/lucene/join/build/classes/java/main:/home/goankur/vsearch/bo/lucene-A/lucene/spatial3d/build/classes/java/main:/home/goankur/vsearch/util/lib/HdrHistogram.jar:/home/goankur/vsearch/util/src/main/build/classes/java/main:/home/goankur/vsearch/util/build perf.SearchPerfTest -dirImpl MMapDirectory -indexPath /home/goankur/vsearch/indices/wikimedium10m.lucene-A.facets.taxonomy:Date.taxonomy:Month.taxonomy:DayOfYear.sortedset:Date.sortedset:Month.sortedset:DayOfYear.taxonomy:RandomLabel.sortedset:RandomLabel.Lucene90.Lucene104.dvfields.nd10M -facets taxonomy:Date;Date -facets taxonomy:Month;Month -facets taxonomy:DayOfYear;DayOfYear -facets sortedset:Date;Date -facets sortedset:Month;Month -facets sortedset:DayOfYear;DayOfYear -facets taxonomy:RandomLabel;RandomLabel -facets sortedset:RandomLabel;RandomLabel -analyzer StandardAnalyzer -taskSource /home/goankur/vsearch/util/tasks/wikimedium.10M.nostopwords.tasks -numConcurrentQueries 5 -taskRepeatCount 20 -field body -tasksPerCat 1 -searchConcurrency -1 -staticSeed -6766631 -seed -520708 -similarity BM25Similarity -commit multi -hiliteImpl FastVectorHighlighter -log /home/goankur/vsearch/logs/FAKc.armA.6 -topN 100 -context  -pk -pollute
      9.3 s
      245.9 actual sustained QPS; -1.0 CPU cores used

Report after iter 6:
QPSChart.supported == False
                            Task     P50 B     P50 C     Diff     P90 B     P90 C     Diff     P99 B     P99 C     Diff    P999 B    P999 C     Diff    P100 B    P100 C     Diff
           ('AndHighHigh', None)     1.656     1.627    -1.7%     4.720     4.296    -9.0%     8.010     5.726   -28.5%     8.010     5.726   -28.5%    84.532    22.933   -72.9%
('AndHighHighDayTaxoFacets', None)    13.468    15.023    11.5%    21.091    32.807    55.6%    66.957    67.770     1.2%    66.957    67.770     1.2%   134.637   135.301     0.5%
            ('AndHighLow', None)     0.453     0.593    30.9%     1.026     1.321    28.8%     3.119     1.511   -51.6%     3.119     1.511   -51.6%     9.284     3.094   -66.7%
            ('AndHighMed', None)     0.851     0.922     8.3%     3.143     4.515    43.6%     4.217    14.221   237.2%     4.217    14.221   237.2%     8.439    16.394    94.3%
('AndHighMedDayTaxoFacets', None)     3.765     4.065     8.0%     6.502    10.418    60.2%    10.816    14.787    36.7%    10.816    14.787    36.7%    36.422    35.292    -3.1%
     ('AndMissingHigh', 'Title')     0.278     0.311    12.0%     1.255     1.123   -10.5%     1.718     1.566    -8.8%     1.718     1.566    -8.8%    10.953     4.008   -63.4%
              ('BM25MSM2', None)    18.879    17.933    -5.0%    28.538    40.420    41.6%    60.835    49.261   -19.0%    60.835    49.261   -19.0%   161.596   152.083    -5.9%
  ('BrowseDateSSDVFacets', None)   343.181   334.420    -2.6%   404.250   388.472    -3.9%   414.125   394.523    -4.7%   414.125   394.523    -4.7%   614.409   616.061     0.3%
  ('BrowseDateTaxoFacets', None)    62.888    64.593     2.7%    79.057    81.618     3.2%    94.697    83.095   -12.3%    94.697    83.095   -12.3%   247.147   316.152    27.9%
('BrowseDayOfYearSSDVFacets', None)    62.572    59.786    -4.5%    88.181    93.857     6.4%   129.620    94.595   -27.0%   129.620    94.595   -27.0%   272.800   307.747    12.8%
('BrowseDayOfYearTaxoFacets', None)    61.432    63.070     2.7%    71.184    71.493     0.4%    79.737    74.419    -6.7%    79.737    74.419    -6.7%    80.763    79.200    -1.9%
 ('BrowseMonthSSDVFacets', None)    66.793    67.380     0.9%    85.414    80.468    -5.8%    86.336    85.462    -1.0%    86.336    85.462    -1.0%    87.714    96.590    10.1%
 ('BrowseMonthTaxoFacets', None)    22.697    23.412     3.1%    27.882    27.954     0.3%    28.087    29.113     3.7%    28.087    29.113     3.7%   106.057   124.100    17.0%
('BrowseRandomLabelSSDVFacets', None)    85.837    80.850    -5.8%   148.596   169.229    13.9%   149.017   224.005    50.3%   149.017   224.005    50.3%   393.938   404.025     2.6%
('BrowseRandomLabelTaxoFacets', None)    78.796    78.816     0.0%    98.601   100.291     1.7%    98.801   118.551    20.0%    98.801   118.551    20.0%   131.529   121.839    -7.4%
             ('ConstMSM2', None)     0.885     0.859    -2.9%     1.989     1.437   -27.7%     3.153     4.583    45.4%     3.153     4.583    45.4%    19.973    12.137   -39.2%
                ('Fuzzy1', None)    11.397    11.629     2.0%    29.155    16.418   -43.7%    30.180    28.918    -4.2%    30.180    28.918    -4.2%    65.495    93.680    43.0%
                ('Fuzzy2', None)     9.827    11.121    13.2%    20.133    23.131    14.9%    45.887    35.937   -21.7%    45.887    35.937   -21.7%   136.314   131.640    -3.4%
  ('HighIntervalsOrdered', None)    16.551    14.822   -10.4%    27.943    27.566    -1.3%    33.196    29.993    -9.6%    33.196    29.993    -9.6%    33.251    44.564    34.0%
            ('HighPhrase', None)     5.560     5.640     1.4%    14.176    11.663   -17.7%    28.459    21.710   -23.7%    28.459    21.710   -23.7%    66.094    69.931     5.8%
      ('HighSloppyPhrase', None)     8.986    10.801    20.2%    17.013    14.093   -17.2%    25.358    16.734   -34.0%    25.358    16.734   -34.0%   114.787    44.500   -61.2%
          ('HighSpanNear', None)    17.498    16.402    -6.3%    28.918    32.300    11.7%    31.485    32.974     4.7%    31.485    32.974     4.7%    40.060    39.526    -1.3%
              ('HighTerm', None)     0.843     0.883     4.8%     2.536     4.049    59.7%    21.936     7.295   -66.7%    21.936     7.295   -66.7%    77.272    74.834    -3.2%
('HighTermDayOfYearSort', 'DayOfYear')     1.912     1.882    -1.6%     9.219     5.569   -39.6%     9.508     6.140   -35.4%     9.508     6.140   -35.4%    99.275    67.953   -31.6%
  ('HighTermMonthSort', 'Month')     0.677     0.779    15.1%     2.607     2.046   -21.5%     5.939     4.098   -31.0%     5.939     4.098   -31.0%    17.673    12.626   -28.6%
('HighTermTitleBDVSort', 'TitleBinary')    12.806    11.332   -11.5%    21.287    26.423    24.1%    27.874    31.841    14.2%    27.874    31.841    14.2%   119.220   101.327   -15.0%
  ('HighTermTitleSort', 'Title')     8.784     8.993     2.4%    22.962    23.397     1.9%    37.961    45.600    20.1%    37.961    45.600    20.1%   117.103   112.954    -3.5%
                ('IntNRQ', None)     0.548     0.658    20.2%     9.926     1.898   -80.9%    17.977    21.437    19.2%    17.977    21.437    19.2%    25.556    24.013    -6.0%
                ('IntSet', None)     1.401     1.674    19.5%     5.188     5.973    15.1%     6.712     6.299    -6.1%     6.712     6.299    -6.1%    30.897    31.499     1.9%
   ('LowIntervalsOrdered', None)     1.627     1.605    -1.4%     4.574     6.281    37.3%     9.822     6.660   -32.2%     9.822     6.660   -32.2%    22.339    18.958   -15.1%
             ('LowPhrase', None)     2.278     2.512    10.3%     6.285     9.165    45.8%    17.434    12.435   -28.7%    17.434    12.435   -28.7%    27.790    37.637    35.4%
       ('LowSloppyPhrase', None)     5.796     6.417    10.7%     7.687    14.943    94.4%    16.650    18.049     8.4%    16.650    18.049     8.4%   123.319    72.935   -40.9%
           ('LowSpanNear', None)     4.367     5.009    14.7%    15.552     7.573   -51.3%    18.604     8.768   -52.9%    18.604     8.768   -52.9%    36.329    33.161    -8.7%
               ('LowTerm', None)     0.497     0.574    15.4%     1.956     1.034   -47.1%     2.706     1.608   -40.6%     2.706     1.608   -40.6%    14.213     2.115   -85.1%
   ('MedIntervalsOrdered', None)     8.830     8.391    -5.0%    24.349    20.713   -14.9%    24.853    22.130   -11.0%    24.853    22.130   -11.0%   146.410   146.184    -0.2%
             ('MedPhrase', None)     2.198     2.269     3.2%     5.454     9.912    81.8%    15.170    12.021   -20.8%    15.170    12.021   -20.8%    28.017    14.323   -48.9%
       ('MedSloppyPhrase', None)    14.172    14.897     5.1%    21.754    20.747    -4.6%    31.982    35.027     9.5%    31.982    35.027     9.5%   199.408    99.225   -50.2%
           ('MedSpanNear', None)    12.201    13.123     7.6%    28.494    31.200     9.5%    47.283    41.694   -11.8%    47.283    41.694   -11.8%   121.199   155.776    28.5%
               ('MedTerm', None)     0.681     0.758    11.3%     7.978     3.977   -50.1%     8.653     4.269   -50.7%     8.653     4.269   -50.7%    14.811     6.775   -54.3%
  ('MedTermDayTaxoFacets', None)    12.570    12.638     0.5%    37.501    16.598   -55.7%    39.227    31.596   -19.5%    39.227    31.596   -19.5%    60.824    51.086   -16.0%
            ('OrHighHigh', None)     2.150     2.149    -0.0%     5.721     7.333    28.2%    10.377     8.905   -14.2%    10.377     8.905   -14.2%   129.401    94.282   -27.1%
             ('OrHighLow', None)     0.869     1.083    24.7%     2.321     3.300    42.2%     8.985     4.522   -49.7%     8.985     4.522   -49.7%   128.641   126.355    -1.8%
             ('OrHighMed', None)     1.083     1.670    54.2%     3.202     2.927    -8.6%     4.709     4.799     1.9%     4.709     4.799     1.9%    12.933    17.995    39.1%
('OrHighMedDayTaxoFacets', None)    46.152    54.900    19.0%   170.973    68.861   -59.7%   213.246    79.603   -62.7%   213.246    79.603   -62.7%   283.329   239.431   -15.5%
         ('OrHighNotHigh', None)     1.095     1.252    14.4%    10.854     2.524   -76.7%    11.145     3.408   -69.4%    11.145     3.408   -69.4%    29.606    20.249   -31.6%
          ('OrHighNotLow', None)     0.961     0.931    -3.1%    10.555     3.553   -66.3%    18.720     4.618   -75.3%    18.720     4.618   -75.3%    24.174     7.945   -67.1%
          ('OrHighNotMed', None)     1.122     1.261    12.4%    10.180    13.628    33.9%    14.048    15.307     9.0%    14.048    15.307     9.0%    14.339    17.039    18.8%
         ('OrNotHighHigh', None)     1.291     1.131   -12.4%     9.670     9.518    -1.6%    10.026    14.947    49.1%    10.026    14.947    49.1%    32.571    28.769   -11.7%
          ('OrNotHighLow', None)     0.823     0.874     6.1%     2.444     2.501     2.3%     2.720     3.952    45.3%     2.720     3.952    45.3%     4.144     4.380     5.7%
          ('OrNotHighMed', None)     0.911     0.899    -1.4%     3.112     1.868   -40.0%     4.235     1.931   -54.4%     4.235     1.931   -54.4%     6.501    13.034   100.5%
                   ('PKLookup',)     5.291     5.572     5.3%     9.428     8.931    -5.3%    12.939    11.594   -10.4%    12.939    11.594   -10.4%    26.000    27.584     6.1%
               ('Prefix3', None)     1.780     2.926    64.4%     5.783     9.786    69.2%    13.522    18.994    40.5%    13.522    18.994    40.5%    30.345    72.696   139.6%
                    ('Respell',)    16.916    20.009    18.3%    31.505    30.573    -3.0%    56.861    61.006     7.3%    56.861    61.006     7.3%   105.250   124.323    18.1%
('TermDateTimeSort', 'DateTime')     2.447     3.375    38.0%    14.691     6.505   -55.7%    23.096     8.023   -65.3%    23.096     8.023   -65.3%    26.474    39.313    48.5%
              ('Wildcard', None)     2.402     2.640     9.9%     4.610    10.385   125.3%     6.770    23.353   245.0%     6.770    23.353   245.0%    45.346    50.045    10.4%
                 ('range', None)     0.175     0.209    19.5%     0.289     0.387    33.9%     0.464     2.870   518.8%     0.464     2.870   518.8%     0.678     3.178   368.5%
                            Task    QPS armA      StdDev    QPS armK      StdDev                Pct diff p-value
            BrowseDateTaxoFacets       23.97     (58.9%)       15.28      (3.4%)  -36.2% ( -62% -   63%) 0.104
       BrowseDayOfYearTaxoFacets       24.18     (59.2%)       16.01      (3.2%)  -33.8% ( -60% -   70%) 0.132
     BrowseRandomLabelTaxoFacets       16.54     (37.3%)       12.29      (3.3%)  -25.7% ( -48% -   23%) 0.069
                      AndHighLow     2409.79      (6.1%)     1850.41      (5.7%)  -23.2% ( -33% -  -12%) 0.000
                      AndHighMed     1334.41      (4.7%)     1098.37      (8.1%)  -17.7% ( -29% -   -5%) 0.000
                         Prefix3      679.17     (10.2%)      571.64     (12.9%)  -15.8% ( -35% -    8%) 0.011
                  AndMissingHigh     3824.93      (4.4%)     3302.60      (5.8%)  -13.7% ( -22% -   -3%) 0.000
                       OrHighMed     1121.76      (9.8%)     1010.41     (10.3%)   -9.9% ( -27% -   11%) 0.064
               HighTermTitleSort      129.76      (7.0%)      117.65      (5.9%)   -9.3% ( -20% -    3%) 0.007
                    OrNotHighMed     1166.14      (3.9%)     1062.61      (5.6%)   -8.9% ( -17% -    0%) 0.001
                         LowTerm     2233.59     (10.6%)     2038.77     (10.8%)   -8.7% ( -27% -   14%) 0.128
                     AndHighHigh      676.23      (7.2%)      618.06      (6.6%)   -8.6% ( -20% -    5%) 0.019
                   OrHighNotHigh      869.24      (7.3%)      799.48      (8.9%)   -8.0% ( -22% -    8%) 0.066
                    OrHighNotMed      933.95      (5.0%)      861.97      (9.2%)   -7.7% ( -20% -    6%) 0.051
                       OrHighLow     1164.84      (4.3%)     1077.48      (4.6%)   -7.5% ( -15% -    1%) 0.002
                    OrNotHighLow     1461.81      (9.7%)     1352.25      (4.8%)   -7.5% ( -20% -    7%) 0.069
                         MedTerm     1428.99     (12.8%)     1326.52     (12.5%)   -7.2% ( -28% -   20%) 0.289
          OrHighMedDayTaxoFacets       21.78      (3.5%)       20.25      (4.6%)   -7.0% ( -14% -    1%) 0.001
                           range     6034.15      (8.7%)     5643.06      (9.4%)   -6.5% ( -22% -   12%) 0.179
                    OrHighNotLow     1038.35     (10.8%)      972.36      (9.3%)   -6.4% ( -23% -   15%) 0.237
                   OrNotHighHigh      916.95      (6.1%)      860.28      (7.2%)   -6.2% ( -18% -    7%) 0.081
                          Fuzzy1       99.66      (8.7%)       93.68      (7.1%)   -6.0% ( -20% -   10%) 0.157
                      OrHighHigh      493.17      (9.4%)      463.92      (7.3%)   -5.9% ( -20% -   11%) 0.187
         AndHighMedDayTaxoFacets      275.83      (3.0%)      261.70      (2.5%)   -5.1% ( -10% -    0%) 0.001
                HighSloppyPhrase      106.97     (11.1%)      101.55      (7.9%)   -5.1% ( -21% -   15%) 0.326
                        HighTerm     1190.94      (9.9%)     1132.32      (8.7%)   -4.9% ( -21% -   15%) 0.323
                 LowSloppyPhrase      191.97     (12.4%)      182.93     (13.3%)   -4.7% ( -27% -   23%) 0.493
                       LowPhrase      460.67      (2.7%)      441.31      (3.5%)   -4.2% ( -10% -    2%) 0.011
               HighTermMonthSort     1506.35      (6.0%)     1448.47      (7.4%)   -3.8% ( -16% -   10%) 0.283
                          IntNRQ     1923.03      (7.6%)     1850.99     (10.0%)   -3.7% ( -19% -   14%) 0.429
           HighTermDayOfYearSort      503.23     (10.9%)      489.34     (15.2%)   -2.8% ( -26% -   26%) 0.696
       BrowseDayOfYearSSDVFacets       16.19     (12.0%)       15.81      (5.3%)   -2.4% ( -17% -   16%) 0.631
                          IntSet      743.46      (6.1%)      725.86      (7.4%)   -2.4% ( -15% -   11%) 0.516
                        Wildcard      427.65      (3.8%)      418.09      (3.9%)   -2.2% (  -9% -    5%) 0.276
                      HighPhrase      195.05      (2.7%)      190.69      (3.8%)   -2.2% (  -8% -    4%) 0.202
                      TermDTSort      450.12      (6.0%)      442.89      (7.1%)   -1.6% ( -13% -   12%) 0.646
        AndHighHighDayTaxoFacets       78.03      (5.2%)       76.79      (5.1%)   -1.6% ( -11% -    9%) 0.562
                         Respell       56.98      (5.5%)       56.14      (7.3%)   -1.5% ( -13% -   12%) 0.674
            HighTermTitleBDVSort       91.97      (2.3%)       90.64      (4.1%)   -1.4% (  -7% -    5%) 0.414
                     LowSpanNear      207.37      (7.7%)      205.09      (5.0%)   -1.1% ( -12% -   12%) 0.751
                     MedSpanNear       86.75      (1.3%)       86.09      (2.1%)   -0.8% (  -4% -    2%) 0.414
                       ConstMSM2     1280.93      (5.5%)     1271.90      (4.8%)   -0.7% ( -10% -   10%) 0.799
                       MedPhrase      451.89      (7.7%)      449.35      (5.0%)   -0.6% ( -12% -   13%) 0.871
            MedTermDayTaxoFacets       88.46      (5.7%)       88.03      (7.3%)   -0.5% ( -12% -   13%) 0.891
                          Fuzzy2       94.54      (7.1%)       94.25      (8.3%)   -0.3% ( -14% -   16%) 0.940
                    HighSpanNear       62.82      (4.2%)       62.74      (1.5%)   -0.1% (  -5% -    5%) 0.942
                        BM25MSM2       60.46      (3.8%)       60.80      (5.1%)    0.6% (  -8% -    9%) 0.816
                        PKLookup      216.29     (12.5%)      217.71     (14.1%)    0.7% ( -23% -   31%) 0.927
            BrowseDateSSDVFacets        2.93      (4.5%)        2.98      (4.8%)    1.5% (  -7% -   11%) 0.535
                 MedSloppyPhrase       72.66      (9.8%)       74.13      (5.8%)    2.0% ( -12% -   19%) 0.635
             MedIntervalsOrdered      113.76      (6.6%)      116.24      (4.8%)    2.2% (  -8% -   14%) 0.476
     BrowseRandomLabelSSDVFacets       11.49      (8.3%)       11.80      (5.8%)    2.7% ( -10% -   18%) 0.486
           BrowseMonthTaxoFacets       34.64     (46.1%)       35.97     (32.5%)    3.8% ( -51% -  153%) 0.857
            HighIntervalsOrdered       61.97      (7.5%)       64.56      (8.5%)    4.2% ( -11% -   21%) 0.331
           BrowseMonthSSDVFacets       15.54      (4.9%)       16.48     (15.0%)    6.1% ( -13% -   27%) 0.309
             LowIntervalsOrdered      593.26     (12.4%)      651.30      (7.1%)    9.8% (  -8% -   33%) 0.070
  iter 7
    armA:
      NOTE: using experimental CPU time profiler (see https://mostlynerdless.de/blog/2025/06/11/java-25s-new-cpu-time-profiler-1)
      log: /home/goankur/vsearch/logs/FAKc.armA.7 + stdout
      run: /usr/bin/perf stat -dd -e task-clock,cycles,instructions,cache-references,cache-misses,L1-dcache-loads,L1-dcache-load-misses,L1-icache-loads,L1-icache-load-misses,LLC-loads,LLC-load-misses,LLC-stores,LLC-store-misses,LLC-prefetches,LLC-prefetch-misses,faults,minor-faults,major-faults,branches,branch-misses,stalled-cycles-frontend,stalled-cycles-backend /home/goankur/jdk/corretto-25/bin/java -server -Xms2g -Xmx2g --add-modules jdk.incubator.vector -XX:+HeapDumpOnOutOfMemoryError -XX:+UseParallelGC -XX:StartFlightRecording=jdk.CPUTimeSample#enabled=true,dumponexit=true,maxsize=250M,settings=/home/goankur/vsearch/util/src/python/profiling.jfc,filename=/home/goankur/vsearch/logs/bench-search-FAKc-armA-7.jfr -XX:+UnlockDiagnosticVMOptions -XX:+DebugNonSafepoints -classpath /home/goankur/vsearch/bo/lucene-A/lucene/core/build/libs/lucene-core-11.0.0-SNAPSHOT.jar:/home/goankur/vsearch/bo/lucene-A/lucene/sandbox/build/classes/java/main:/home/goankur/vsearch/bo/lucene-A/lucene/misc/build/classes/java/main:/home/goankur/vsearch/bo/lucene-A/lucene/facet/build/classes/java/main:/home/goankur/vsearch/bo/lucene-A/lucene/analysis/common/build/classes/java/main:/home/goankur/vsearch/bo/lucene-A/lucene/analysis/icu/build/classes/java/main:/home/goankur/vsearch/bo/lucene-A/lucene/queryparser/build/classes/java/main:/home/goankur/vsearch/bo/lucene-A/lucene/grouping/build/classes/java/main:/home/goankur/vsearch/bo/lucene-A/lucene/suggest/build/classes/java/main:/home/goankur/vsearch/bo/lucene-A/lucene/highlighter/build/classes/java/main:/home/goankur/vsearch/bo/lucene-A/lucene/codecs/build/classes/java/main:/home/goankur/vsearch/bo/lucene-A/lucene/queries/build/classes/java/main:/home/goankur/vsearch/bo/lucene-A/lucene/join/build/classes/java/main:/home/goankur/vsearch/bo/lucene-A/lucene/spatial3d/build/classes/java/main:/home/goankur/vsearch/util/lib/HdrHistogram.jar:/home/goankur/vsearch/util/src/main/build/classes/java/main:/home/goankur/vsearch/util/build perf.SearchPerfTest -dirImpl MMapDirectory -indexPath /home/goankur/vsearch/indices/wikimedium10m.lucene-A.facets.taxonomy:Date.taxonomy:Month.taxonomy:DayOfYear.sortedset:Date.sortedset:Month.sortedset:DayOfYear.taxonomy:RandomLabel.sortedset:RandomLabel.Lucene90.Lucene104.dvfields.nd10M -facets taxonomy:Date;Date -facets taxonomy:Month;Month -facets taxonomy:DayOfYear;DayOfYear -facets sortedset:Date;Date -facets sortedset:Month;Month -facets sortedset:DayOfYear;DayOfYear -facets taxonomy:RandomLabel;RandomLabel -facets sortedset:RandomLabel;RandomLabel -analyzer StandardAnalyzer -taskSource /home/goankur/vsearch/util/tasks/wikimedium.10M.nostopwords.tasks -numConcurrentQueries 5 -taskRepeatCount 20 -field body -tasksPerCat 1 -searchConcurrency -1 -staticSeed -6766631 -seed -2690821 -similarity BM25Similarity -commit multi -hiliteImpl FastVectorHighlighter -log /home/goankur/vsearch/logs/FAKc.armA.7 -topN 100 -context  -pk -pollute
      9.2 s
      277.9 actual sustained QPS; -1.0 CPU cores used
    armK:
      NOTE: using experimental CPU time profiler (see https://mostlynerdless.de/blog/2025/06/11/java-25s-new-cpu-time-profiler-1)
      log: /home/goankur/vsearch/logs/FAKc.armK.7 + stdout
      run: /usr/bin/perf stat -dd -e task-clock,cycles,instructions,cache-references,cache-misses,L1-dcache-loads,L1-dcache-load-misses,L1-icache-loads,L1-icache-load-misses,LLC-loads,LLC-load-misses,LLC-stores,LLC-store-misses,LLC-prefetches,LLC-prefetch-misses,faults,minor-faults,major-faults,branches,branch-misses,stalled-cycles-frontend,stalled-cycles-backend /home/goankur/jdk/corretto-25/bin/java -server -Xms2g -Xmx2g --add-modules jdk.incubator.vector -XX:+HeapDumpOnOutOfMemoryError -XX:+UseParallelGC -XX:StartFlightRecording=jdk.CPUTimeSample#enabled=true,dumponexit=true,maxsize=250M,settings=/home/goankur/vsearch/util/src/python/profiling.jfc,filename=/home/goankur/vsearch/logs/bench-search-FAKc-armK-7.jfr -XX:+UnlockDiagnosticVMOptions -XX:+DebugNonSafepoints -classpath /home/goankur/vsearch/bo/lucene-K/lucene/core/build/libs/lucene-core-11.0.0-SNAPSHOT.jar:/home/goankur/vsearch/bo/lucene-K/lucene/sandbox/build/classes/java/main:/home/goankur/vsearch/bo/lucene-K/lucene/misc/build/classes/java/main:/home/goankur/vsearch/bo/lucene-K/lucene/facet/build/classes/java/main:/home/goankur/vsearch/bo/lucene-K/lucene/analysis/common/build/classes/java/main:/home/goankur/vsearch/bo/lucene-K/lucene/analysis/icu/build/classes/java/main:/home/goankur/vsearch/bo/lucene-K/lucene/queryparser/build/classes/java/main:/home/goankur/vsearch/bo/lucene-K/lucene/grouping/build/classes/java/main:/home/goankur/vsearch/bo/lucene-K/lucene/suggest/build/classes/java/main:/home/goankur/vsearch/bo/lucene-K/lucene/highlighter/build/classes/java/main:/home/goankur/vsearch/bo/lucene-K/lucene/codecs/build/classes/java/main:/home/goankur/vsearch/bo/lucene-K/lucene/queries/build/classes/java/main:/home/goankur/vsearch/bo/lucene-K/lucene/join/build/classes/java/main:/home/goankur/vsearch/bo/lucene-K/lucene/spatial3d/build/classes/java/main:/home/goankur/vsearch/util/lib/HdrHistogram.jar:/home/goankur/vsearch/util/src/main/build/classes/java/main:/home/goankur/vsearch/util/build perf.SearchPerfTest -dirImpl MMapDirectory -indexPath /home/goankur/vsearch/indices/wikimedium10m.lucene-A.facets.taxonomy:Date.taxonomy:Month.taxonomy:DayOfYear.sortedset:Date.sortedset:Month.sortedset:DayOfYear.taxonomy:RandomLabel.sortedset:RandomLabel.Lucene90.Lucene104.dvfields.nd10M -facets taxonomy:Date;Date -facets taxonomy:Month;Month -facets taxonomy:DayOfYear;DayOfYear -facets sortedset:Date;Date -facets sortedset:Month;Month -facets sortedset:DayOfYear;DayOfYear -facets taxonomy:RandomLabel;RandomLabel -facets sortedset:RandomLabel;RandomLabel -analyzer StandardAnalyzer -taskSource /home/goankur/vsearch/util/tasks/wikimedium.10M.nostopwords.tasks -numConcurrentQueries 5 -taskRepeatCount 20 -field body -tasksPerCat 1 -searchConcurrency -1 -staticSeed -6766631 -seed -2690821 -similarity BM25Similarity -commit multi -hiliteImpl FastVectorHighlighter -log /home/goankur/vsearch/logs/FAKc.armK.7 -topN 100 -context  -pk -pollute
      9.3 s
      261.5 actual sustained QPS; -1.0 CPU cores used

Report after iter 7:
QPSChart.supported == False
                            Task     P50 B     P50 C     Diff     P90 B     P90 C     Diff     P99 B     P99 C     Diff    P999 B    P999 C     Diff    P100 B    P100 C     Diff
           ('AndHighHigh', None)     1.604     1.462    -8.9%     5.505     7.152    29.9%     7.223     9.783    35.4%     7.223     9.783    35.4%   313.949   260.161   -17.1%
('AndHighHighDayTaxoFacets', None)    14.037    13.188    -6.1%    18.495    16.710    -9.6%    27.696    25.039    -9.6%    27.696    25.039    -9.6%    92.554    99.237     7.2%
            ('AndHighLow', None)     0.458     0.560    22.3%     1.233     2.634   113.6%     2.250     4.504   100.1%     2.250     4.504   100.1%     2.456    19.352   688.1%
            ('AndHighMed', None)     0.806     0.931    15.5%     2.965     3.678    24.0%     3.028     3.943    30.2%     3.028     3.943    30.2%     4.591    10.611   131.1%
('AndHighMedDayTaxoFacets', None)     3.930     3.606    -8.2%     7.133     9.272    30.0%    11.706    12.536     7.1%    11.706    12.536     7.1%    24.777    37.737    52.3%
     ('AndMissingHigh', 'Title')     0.333     0.347     4.1%     0.946     0.787   -16.9%     1.676     1.232   -26.5%     1.676     1.232   -26.5%     2.318     2.775    19.7%
              ('BM25MSM2', None)    17.419    15.894    -8.8%    38.337    31.516   -17.8%    38.919    35.597    -8.5%    38.919    35.597    -8.5%   147.646   114.968   -22.1%
  ('BrowseDateSSDVFacets', None)   336.419   370.540    10.1%   385.604   416.674     8.1%   405.058   486.187    20.0%   405.058   486.187    20.0%   453.314   492.575     8.7%
  ('BrowseDateTaxoFacets', None)    67.551    76.892    13.8%    82.166    89.254     8.6%    82.664   111.614    35.0%    82.664   111.614    35.0%    92.164   155.128    68.3%
('BrowseDayOfYearSSDVFacets', None)    65.769    62.197    -5.4%   104.869    99.853    -4.8%   104.944   100.741    -4.0%   104.944   100.741    -4.0%   326.367   329.589     1.0%
('BrowseDayOfYearTaxoFacets', None)    64.590    74.027    14.6%    77.181    86.238    11.7%    81.601    88.689     8.7%    81.601    88.689     8.7%   249.582   386.586    54.9%
 ('BrowseMonthSSDVFacets', None)    49.824    50.132     0.6%    58.319    54.926    -5.8%    59.051    59.371     0.5%    59.051    59.371     0.5%    80.450    74.927    -6.9%
 ('BrowseMonthTaxoFacets', None)    28.434    24.837   -12.7%    77.115    74.409    -3.5%    77.334    75.888    -1.9%    77.334    75.888    -1.9%   146.133   115.732   -20.8%
('BrowseRandomLabelSSDVFacets', None)    93.755    90.967    -3.0%   131.467   119.113    -9.4%   140.334   125.126   -10.8%   140.334   125.126   -10.8%   468.340   448.114    -4.3%
('BrowseRandomLabelTaxoFacets', None)    79.910    83.771     4.8%    98.641   105.020     6.5%   105.257   129.256    22.8%   105.257   129.256    22.8%   151.248   159.043     5.2%
             ('ConstMSM2', None)     0.797     0.899    12.8%     1.482     2.026    36.7%     4.505     2.737   -39.3%     4.505     2.737   -39.3%     8.009    39.863   397.7%
                ('Fuzzy1', None)    11.750    10.936    -6.9%    18.382    22.029    19.8%    20.500    26.574    29.6%    20.500    26.574    29.6%    89.028    61.835   -30.5%
                ('Fuzzy2', None)    10.888    11.781     8.2%    13.977    18.764    34.2%    21.842    25.806    18.2%    21.842    25.806    18.2%    25.936    30.600    18.0%
  ('HighIntervalsOrdered', None)    14.323    14.611     2.0%    24.768    22.194   -10.4%    24.829    24.575    -1.0%    24.829    24.575    -1.0%    72.430   134.903    86.3%
            ('HighPhrase', None)     5.126     5.246     2.4%    10.006     8.247   -17.6%    12.867     8.979   -30.2%    12.867     8.979   -30.2%    23.952    60.709   153.5%
      ('HighSloppyPhrase', None)    11.646     8.584   -26.3%    18.833    12.479   -33.7%    19.335    15.125   -21.8%    19.335    15.125   -21.8%    37.338    21.725   -41.8%
          ('HighSpanNear', None)    15.993    15.927    -0.4%    32.275    27.510   -14.8%    32.822    32.312    -1.6%    32.822    32.312    -1.6%   234.733   183.059   -22.0%
              ('HighTerm', None)     0.791     0.847     7.1%     2.712     2.446    -9.8%    13.495     2.662   -80.3%    13.495     2.662   -80.3%    19.162    35.392    84.7%
('HighTermDayOfYearSort', 'DayOfYear')     2.460     2.672     8.6%     7.378    11.623    57.5%    11.658    11.880     1.9%    11.658    11.880     1.9%    78.662    74.732    -5.0%
  ('HighTermMonthSort', 'Month')     0.685     0.692     1.1%     1.014     1.760    73.6%     2.627     1.824   -30.6%     2.627     1.824   -30.6%    19.043    37.185    95.3%
('HighTermTitleBDVSort', 'TitleBinary')    10.973    11.849     8.0%    18.900    24.902    31.8%    20.093    27.682    37.8%    20.093    27.682    37.8%    70.020    79.069    12.9%
  ('HighTermTitleSort', 'Title')     8.907     9.743     9.4%    23.043    23.160     0.5%    34.172    39.647    16.0%    34.172    39.647    16.0%    91.707    68.293   -25.5%
                ('IntNRQ', None)     0.557     0.631    13.2%     2.016     1.357   -32.7%    14.817     3.851   -74.0%    14.817     3.851   -74.0%    63.100   104.206    65.1%
                ('IntSet', None)     1.456     1.298   -10.9%     9.299     7.229   -22.3%    15.519    12.517   -19.3%    15.519    12.517   -19.3%    44.500    29.385   -34.0%
   ('LowIntervalsOrdered', None)     1.391     1.500     7.8%     2.956     2.855    -3.4%     3.138     3.192     1.7%     3.138     3.192     1.7%   118.076    71.492   -39.5%
             ('LowPhrase', None)     2.203     2.273     3.2%     6.290     4.309   -31.5%     8.362     7.627    -8.8%     8.362     7.627    -8.8%    13.637     8.688   -36.3%
       ('LowSloppyPhrase', None)     6.365     5.975    -6.1%     8.258     7.701    -6.7%    16.803     9.435   -43.8%    16.803     9.435   -43.8%    64.446    50.645   -21.4%
           ('LowSpanNear', None)     5.004     5.223     4.4%    11.362     9.762   -14.1%    17.050    10.574   -38.0%    17.050    10.574   -38.0%    44.861    30.418   -32.2%
               ('LowTerm', None)     0.407     0.497    22.0%     0.895     1.324    48.0%     1.276     1.606    25.8%     1.276     1.606    25.8%     2.785     2.101   -24.6%
   ('MedIntervalsOrdered', None)     8.602     8.708     1.2%    21.114    24.001    13.7%    25.761    36.268    40.8%    25.761    36.268    40.8%    40.847    47.906    17.3%
             ('MedPhrase', None)     2.423     2.276    -6.1%     4.209     4.610     9.5%     6.958     5.240   -24.7%     6.958     5.240   -24.7%   255.449   226.635   -11.3%
       ('MedSloppyPhrase', None)    15.247    12.753   -16.4%    20.767    20.184    -2.8%    21.158    20.605    -2.6%    21.158    20.605    -2.6%    22.302    22.165    -0.6%
           ('MedSpanNear', None)    12.329    13.361     8.4%    23.075    22.981    -0.4%    26.833    24.615    -8.3%    26.833    24.615    -8.3%    99.659    59.306   -40.5%
               ('MedTerm', None)     0.701     0.697    -0.6%     2.239     2.768    23.6%     2.687     8.929   232.3%     2.687     8.929   232.3%    11.960    34.417   187.8%
  ('MedTermDayTaxoFacets', None)    12.666    11.733    -7.4%    14.207    23.979    68.8%    26.646    40.336    51.4%    26.646    40.336    51.4%    41.377    59.735    44.4%
            ('OrHighHigh', None)     1.873     2.043     9.0%    10.352     6.885   -33.5%    14.432    10.519   -27.1%    14.432    10.519   -27.1%    80.671   106.245    31.7%
             ('OrHighLow', None)     0.907     0.875    -3.6%     2.403     2.202    -8.4%     4.371     4.647     6.3%     4.371     4.647     6.3%    58.538    34.462   -41.1%
             ('OrHighMed', None)     0.845     0.999    18.2%     4.366     3.043   -30.3%     5.287     5.153    -2.5%     5.287     5.153    -2.5%    11.827     7.294   -38.3%
('OrHighMedDayTaxoFacets', None)    52.844    56.663     7.2%    73.403    79.782     8.7%    79.312    98.509    24.2%    79.312    98.509    24.2%   364.272   309.586   -15.0%
         ('OrHighNotHigh', None)     1.301     1.312     0.9%     2.612     2.849     9.1%     2.796     3.632    29.9%     2.796     3.632    29.9%     7.523     9.134    21.4%
          ('OrHighNotLow', None)     1.000     0.960    -4.0%     8.653     2.053   -76.3%    14.764     2.314   -84.3%    14.764     2.314   -84.3%    18.715    36.919    97.3%
          ('OrHighNotMed', None)     1.163     1.156    -0.6%     5.965     4.177   -30.0%     9.535     7.217   -24.3%     9.535     7.217   -24.3%    21.403    38.880    81.7%
         ('OrNotHighHigh', None)     1.095     1.095    -0.0%     4.409     2.628   -40.4%     7.181     2.830   -60.6%     7.181     2.830   -60.6%     9.387     5.972   -36.4%
          ('OrNotHighLow', None)     0.724     0.739     2.1%     1.865     3.161    69.5%     2.035     3.543    74.1%     2.035     3.543    74.1%   186.624   164.347   -11.9%
          ('OrNotHighMed', None)     0.794     0.861     8.4%     2.456     2.411    -1.9%     2.465     3.857    56.5%     2.465     3.857    56.5%     5.764     4.816   -16.4%
                   ('PKLookup',)     4.073     5.173    27.0%     9.416     8.004   -15.0%    11.422     9.484   -17.0%    11.422     9.484   -17.0%    21.397    17.769   -17.0%
               ('Prefix3', None)     2.352     2.456     4.4%     3.948    12.816   224.7%     3.992    13.571   240.0%     3.992    13.571   240.0%    46.965    37.539   -20.1%
                    ('Respell',)    20.059    20.005    -0.3%    28.707    33.893    18.1%    31.983    44.750    39.9%    31.983    44.750    39.9%   164.148   159.108    -3.1%
('TermDateTimeSort', 'DateTime')     3.508     3.406    -2.9%     5.003     9.547    90.8%     7.726     9.681    25.3%     7.726     9.681    25.3%    30.189    54.890    81.8%
              ('Wildcard', None)     2.498     2.417    -3.2%     6.517     8.898    36.5%    19.042    11.107   -41.7%    19.042    11.107   -41.7%    49.222    38.913   -20.9%
                 ('range', None)     0.185     0.153   -17.3%     0.557     0.622    11.7%     0.779     0.661   -15.2%     0.779     0.661   -15.2%     2.604     1.055   -59.5%
                            Task    QPS armA      StdDev    QPS armK      StdDev                Pct diff p-value
            BrowseDateTaxoFacets       22.94     (58.4%)       15.05      (4.4%)  -34.4% ( -61% -   68%) 0.097
       BrowseDayOfYearTaxoFacets       23.15     (58.6%)       15.77      (4.3%)  -31.9% ( -59% -   74%) 0.125
     BrowseRandomLabelTaxoFacets       16.09     (36.3%)       12.28      (3.1%)  -23.7% ( -46% -   24%) 0.066
                      AndHighLow     2401.33      (5.7%)     1862.73      (5.5%)  -22.4% ( -31% -  -11%) 0.000
                         Prefix3      674.69      (9.7%)      561.93     (12.7%)  -16.7% ( -35% -    6%) 0.003
                      AndHighMed     1329.38      (4.5%)     1112.38      (8.1%)  -16.3% ( -27% -   -3%) 0.000
                  AndMissingHigh     3730.16      (8.3%)     3270.55      (6.0%)  -12.3% ( -24% -    2%) 0.001
                       OrHighMed     1131.42      (9.3%)     1010.25      (9.5%)  -10.7% ( -26% -    8%) 0.022
                         LowTerm     2269.10     (10.6%)     2039.90      (9.9%)  -10.1% ( -27% -   11%) 0.049
               HighTermTitleSort      128.22      (7.4%)      117.26      (5.6%)   -8.6% ( -20% -    4%) 0.009
                    OrNotHighMed     1178.58      (4.7%)     1080.29      (6.7%)   -8.3% ( -18% -    3%) 0.004
                   OrHighNotHigh      866.38      (6.9%)      798.01      (8.3%)   -7.9% ( -21% -    7%) 0.038
                    OrNotHighLow     1455.93      (9.1%)     1353.53      (4.5%)   -7.0% ( -18% -    7%) 0.051
                     AndHighHigh      673.76      (6.7%)      626.46      (7.1%)   -7.0% ( -19% -    7%) 0.042
          OrHighMedDayTaxoFacets       21.46      (5.4%)       19.98      (5.6%)   -6.9% ( -16% -    4%) 0.012
                       OrHighLow     1167.13      (4.1%)     1089.58      (5.2%)   -6.6% ( -15% -    2%) 0.004
                         MedTerm     1434.67     (11.9%)     1340.98     (11.9%)   -6.5% ( -27% -   19%) 0.271
                    OrHighNotMed      928.30      (5.0%)      868.72      (8.8%)   -6.4% ( -19% -    7%) 0.073
                      OrHighHigh      499.48      (9.3%)      469.89      (7.5%)   -5.9% ( -20% -   11%) 0.161
                        HighTerm     1214.97     (10.6%)     1150.09      (8.9%)   -5.3% ( -22% -   15%) 0.275
                   OrNotHighHigh      918.66      (5.6%)      869.75      (7.2%)   -5.3% ( -17% -    7%) 0.100
                    OrHighNotLow     1042.81     (10.0%)      987.97      (9.6%)   -5.3% ( -22% -   15%) 0.282
                          Fuzzy1       98.43      (8.9%)       93.55      (6.6%)   -5.0% ( -18% -   11%) 0.208
                          IntNRQ     1915.85      (7.1%)     1830.51      (9.7%)   -4.5% ( -19% -   13%) 0.297
                       LowPhrase      461.76      (2.6%)      442.47      (3.3%)   -4.2% (  -9% -    1%) 0.005
           HighTermDayOfYearSort      503.40     (10.1%)      482.55     (14.6%)   -4.1% ( -26% -   22%) 0.509
         AndHighMedDayTaxoFacets      274.30      (3.2%)      263.87      (3.2%)   -3.8% (  -9% -    2%) 0.018
               HighTermMonthSort     1502.68      (5.6%)     1451.70      (6.9%)   -3.4% ( -14% -    9%) 0.277
                 LowSloppyPhrase      189.15     (12.4%)      182.92     (12.5%)   -3.3% ( -25% -   24%) 0.597
                           range     5995.75      (8.3%)     5822.82     (12.2%)   -2.9% ( -21% -   19%) 0.579
                      HighPhrase      195.76      (2.7%)      191.43      (3.6%)   -2.2% (  -8% -    4%) 0.167
                     LowSpanNear      208.00      (7.1%)      203.92      (4.9%)   -2.0% ( -13% -   10%) 0.521
                      TermDTSort      442.76      (7.3%)      434.34      (8.6%)   -1.9% ( -16% -   15%) 0.634
                         Respell       56.60      (5.5%)       55.63      (7.3%)   -1.7% ( -13% -   11%) 0.594
            HighTermTitleBDVSort       91.93      (2.1%)       90.44      (3.8%)   -1.6% (  -7% -    4%) 0.298
                       ConstMSM2     1282.80      (5.1%)     1262.65      (4.9%)   -1.6% ( -11% -    8%) 0.531
                     MedSpanNear       86.25      (2.0%)       85.08      (3.8%)   -1.4% (  -7% -    4%) 0.380
       BrowseDayOfYearSSDVFacets       16.07     (11.4%)       15.90      (5.2%)   -1.1% ( -15% -   17%) 0.808
                        Wildcard      424.78      (4.0%)      420.52      (3.9%)   -1.0% (  -8% -    7%) 0.615
                        PKLookup      220.59     (12.6%)      218.56     (12.8%)   -0.9% ( -23% -   28%) 0.885
                          IntSet      738.40      (6.0%)      732.61      (7.4%)   -0.8% ( -13% -   13%) 0.816
                       MedPhrase      453.07      (7.2%)      449.52      (4.6%)   -0.8% ( -11% -   11%) 0.795
                          Fuzzy2       94.75      (6.5%)       94.22      (7.7%)   -0.6% ( -13% -   14%) 0.875
                    HighSpanNear       63.06      (4.0%)       62.79      (1.4%)   -0.4% (  -5% -    5%) 0.779
                HighSloppyPhrase      104.52     (12.5%)      104.25     (10.5%)   -0.3% ( -20% -   25%) 0.965
            BrowseDateSSDVFacets        2.94      (4.3%)        2.95      (5.0%)    0.3% (  -8% -   10%) 0.903
        AndHighHighDayTaxoFacets       77.42      (5.4%)       77.70      (5.8%)    0.4% ( -10% -   12%) 0.900
                        BM25MSM2       60.65      (3.6%)       61.19      (5.1%)    0.9% (  -7% -    9%) 0.686
            MedTermDayTaxoFacets       87.32      (6.5%)       88.26      (6.9%)    1.1% ( -11% -   15%) 0.750
                 MedSloppyPhrase       73.83     (10.0%)       74.72      (5.7%)    1.2% ( -13% -   18%) 0.767
             MedIntervalsOrdered      114.44      (6.3%)      116.42      (4.4%)    1.7% (  -8% -   13%) 0.523
     BrowseRandomLabelSSDVFacets       11.42      (7.9%)       11.70      (5.9%)    2.4% ( -10% -   17%) 0.484
            HighIntervalsOrdered       63.01      (8.3%)       65.08      (8.1%)    3.3% ( -12% -   21%) 0.422
           BrowseMonthSSDVFacets       16.23     (12.8%)       16.98     (15.9%)    4.6% ( -21% -   38%) 0.523
           BrowseMonthTaxoFacets       34.79     (42.6%)       36.56     (30.4%)    5.1% ( -47% -  135%) 0.783
             LowIntervalsOrdered      610.21     (13.7%)      655.85      (6.7%)    7.5% ( -11% -   32%) 0.164
  iter 8
    armK:
      NOTE: using experimental CPU time profiler (see https://mostlynerdless.de/blog/2025/06/11/java-25s-new-cpu-time-profiler-1)
      log: /home/goankur/vsearch/logs/FAKc.armK.8 + stdout
      run: /usr/bin/perf stat -dd -e task-clock,cycles,instructions,cache-references,cache-misses,L1-dcache-loads,L1-dcache-load-misses,L1-icache-loads,L1-icache-load-misses,LLC-loads,LLC-load-misses,LLC-stores,LLC-store-misses,LLC-prefetches,LLC-prefetch-misses,faults,minor-faults,major-faults,branches,branch-misses,stalled-cycles-frontend,stalled-cycles-backend /home/goankur/jdk/corretto-25/bin/java -server -Xms2g -Xmx2g --add-modules jdk.incubator.vector -XX:+HeapDumpOnOutOfMemoryError -XX:+UseParallelGC -XX:StartFlightRecording=jdk.CPUTimeSample#enabled=true,dumponexit=true,maxsize=250M,settings=/home/goankur/vsearch/util/src/python/profiling.jfc,filename=/home/goankur/vsearch/logs/bench-search-FAKc-armK-8.jfr -XX:+UnlockDiagnosticVMOptions -XX:+DebugNonSafepoints -classpath /home/goankur/vsearch/bo/lucene-K/lucene/core/build/libs/lucene-core-11.0.0-SNAPSHOT.jar:/home/goankur/vsearch/bo/lucene-K/lucene/sandbox/build/classes/java/main:/home/goankur/vsearch/bo/lucene-K/lucene/misc/build/classes/java/main:/home/goankur/vsearch/bo/lucene-K/lucene/facet/build/classes/java/main:/home/goankur/vsearch/bo/lucene-K/lucene/analysis/common/build/classes/java/main:/home/goankur/vsearch/bo/lucene-K/lucene/analysis/icu/build/classes/java/main:/home/goankur/vsearch/bo/lucene-K/lucene/queryparser/build/classes/java/main:/home/goankur/vsearch/bo/lucene-K/lucene/grouping/build/classes/java/main:/home/goankur/vsearch/bo/lucene-K/lucene/suggest/build/classes/java/main:/home/goankur/vsearch/bo/lucene-K/lucene/highlighter/build/classes/java/main:/home/goankur/vsearch/bo/lucene-K/lucene/codecs/build/classes/java/main:/home/goankur/vsearch/bo/lucene-K/lucene/queries/build/classes/java/main:/home/goankur/vsearch/bo/lucene-K/lucene/join/build/classes/java/main:/home/goankur/vsearch/bo/lucene-K/lucene/spatial3d/build/classes/java/main:/home/goankur/vsearch/util/lib/HdrHistogram.jar:/home/goankur/vsearch/util/src/main/build/classes/java/main:/home/goankur/vsearch/util/build perf.SearchPerfTest -dirImpl MMapDirectory -indexPath /home/goankur/vsearch/indices/wikimedium10m.lucene-A.facets.taxonomy:Date.taxonomy:Month.taxonomy:DayOfYear.sortedset:Date.sortedset:Month.sortedset:DayOfYear.taxonomy:RandomLabel.sortedset:RandomLabel.Lucene90.Lucene104.dvfields.nd10M -facets taxonomy:Date;Date -facets taxonomy:Month;Month -facets taxonomy:DayOfYear;DayOfYear -facets sortedset:Date;Date -facets sortedset:Month;Month -facets sortedset:DayOfYear;DayOfYear -facets taxonomy:RandomLabel;RandomLabel -facets sortedset:RandomLabel;RandomLabel -analyzer StandardAnalyzer -taskSource /home/goankur/vsearch/util/tasks/wikimedium.10M.nostopwords.tasks -numConcurrentQueries 5 -taskRepeatCount 20 -field body -tasksPerCat 1 -searchConcurrency -1 -staticSeed -6766631 -seed -5743241 -similarity BM25Similarity -commit multi -hiliteImpl FastVectorHighlighter -log /home/goankur/vsearch/logs/FAKc.armK.8 -topN 100 -context  -pk -pollute
      9.3 s
      263.3 actual sustained QPS; -1.0 CPU cores used
    armA:
      NOTE: using experimental CPU time profiler (see https://mostlynerdless.de/blog/2025/06/11/java-25s-new-cpu-time-profiler-1)
      log: /home/goankur/vsearch/logs/FAKc.armA.8 + stdout
      run: /usr/bin/perf stat -dd -e task-clock,cycles,instructions,cache-references,cache-misses,L1-dcache-loads,L1-dcache-load-misses,L1-icache-loads,L1-icache-load-misses,LLC-loads,LLC-load-misses,LLC-stores,LLC-store-misses,LLC-prefetches,LLC-prefetch-misses,faults,minor-faults,major-faults,branches,branch-misses,stalled-cycles-frontend,stalled-cycles-backend /home/goankur/jdk/corretto-25/bin/java -server -Xms2g -Xmx2g --add-modules jdk.incubator.vector -XX:+HeapDumpOnOutOfMemoryError -XX:+UseParallelGC -XX:StartFlightRecording=jdk.CPUTimeSample#enabled=true,dumponexit=true,maxsize=250M,settings=/home/goankur/vsearch/util/src/python/profiling.jfc,filename=/home/goankur/vsearch/logs/bench-search-FAKc-armA-8.jfr -XX:+UnlockDiagnosticVMOptions -XX:+DebugNonSafepoints -classpath /home/goankur/vsearch/bo/lucene-A/lucene/core/build/libs/lucene-core-11.0.0-SNAPSHOT.jar:/home/goankur/vsearch/bo/lucene-A/lucene/sandbox/build/classes/java/main:/home/goankur/vsearch/bo/lucene-A/lucene/misc/build/classes/java/main:/home/goankur/vsearch/bo/lucene-A/lucene/facet/build/classes/java/main:/home/goankur/vsearch/bo/lucene-A/lucene/analysis/common/build/classes/java/main:/home/goankur/vsearch/bo/lucene-A/lucene/analysis/icu/build/classes/java/main:/home/goankur/vsearch/bo/lucene-A/lucene/queryparser/build/classes/java/main:/home/goankur/vsearch/bo/lucene-A/lucene/grouping/build/classes/java/main:/home/goankur/vsearch/bo/lucene-A/lucene/suggest/build/classes/java/main:/home/goankur/vsearch/bo/lucene-A/lucene/highlighter/build/classes/java/main:/home/goankur/vsearch/bo/lucene-A/lucene/codecs/build/classes/java/main:/home/goankur/vsearch/bo/lucene-A/lucene/queries/build/classes/java/main:/home/goankur/vsearch/bo/lucene-A/lucene/join/build/classes/java/main:/home/goankur/vsearch/bo/lucene-A/lucene/spatial3d/build/classes/java/main:/home/goankur/vsearch/util/lib/HdrHistogram.jar:/home/goankur/vsearch/util/src/main/build/classes/java/main:/home/goankur/vsearch/util/build perf.SearchPerfTest -dirImpl MMapDirectory -indexPath /home/goankur/vsearch/indices/wikimedium10m.lucene-A.facets.taxonomy:Date.taxonomy:Month.taxonomy:DayOfYear.sortedset:Date.sortedset:Month.sortedset:DayOfYear.taxonomy:RandomLabel.sortedset:RandomLabel.Lucene90.Lucene104.dvfields.nd10M -facets taxonomy:Date;Date -facets taxonomy:Month;Month -facets taxonomy:DayOfYear;DayOfYear -facets sortedset:Date;Date -facets sortedset:Month;Month -facets sortedset:DayOfYear;DayOfYear -facets taxonomy:RandomLabel;RandomLabel -facets sortedset:RandomLabel;RandomLabel -analyzer StandardAnalyzer -taskSource /home/goankur/vsearch/util/tasks/wikimedium.10M.nostopwords.tasks -numConcurrentQueries 5 -taskRepeatCount 20 -field body -tasksPerCat 1 -searchConcurrency -1 -staticSeed -6766631 -seed -5743241 -similarity BM25Similarity -commit multi -hiliteImpl FastVectorHighlighter -log /home/goankur/vsearch/logs/FAKc.armA.8 -topN 100 -context  -pk -pollute
      9.1 s
      277.9 actual sustained QPS; -1.0 CPU cores used

Report after iter 8:
QPSChart.supported == False
                            Task     P50 B     P50 C     Diff     P90 B     P90 C     Diff     P99 B     P99 C     Diff    P999 B    P999 C     Diff    P100 B    P100 C     Diff
           ('AndHighHigh', None)     1.878     1.969     4.8%     6.071     6.978    14.9%     7.343     7.306    -0.5%     7.343     7.306    -0.5%   142.390   170.020    19.4%
('AndHighHighDayTaxoFacets', None)    13.444    12.349    -8.1%    19.885    32.849    65.2%    66.181    85.141    28.6%    66.181    85.141    28.6%   158.641   154.221    -2.8%
            ('AndHighLow', None)     0.507     0.533     5.1%     1.254     1.108   -11.6%     1.370     1.458     6.4%     1.370     1.458     6.4%     2.287     9.370   309.7%
            ('AndHighMed', None)     0.822     0.865     5.2%     2.313     4.075    76.2%     2.522     4.218    67.3%     2.522     4.218    67.3%     4.033    21.953   444.4%
('AndHighMedDayTaxoFacets', None)     3.607     4.042    12.0%    10.068    13.739    36.5%    19.125    17.147   -10.3%    19.125    17.147   -10.3%    20.880    30.411    45.6%
     ('AndMissingHigh', 'Title')     0.256     0.317    23.9%     0.648     0.808    24.6%     0.869    16.022  1742.9%     0.869    16.022  1742.9%    15.497    16.521     6.6%
              ('BM25MSM2', None)    15.672    17.795    13.5%    25.467    26.994     6.0%    29.631    70.079   136.5%    29.631    70.079   136.5%   151.134   255.535    69.1%
  ('BrowseDateSSDVFacets', None)   334.434   329.658    -1.4%   378.524   368.897    -2.5%   410.443   371.955    -9.4%   410.443   371.955    -9.4%   479.499   616.681    28.6%
  ('BrowseDateTaxoFacets', None)    66.058    64.150    -2.9%    81.221    78.354    -3.5%   136.219    80.959   -40.6%   136.219    80.959   -40.6%   604.610   153.257   -74.7%
('BrowseDayOfYearSSDVFacets', None)    61.873    67.566     9.2%    83.725    93.867    12.1%    89.127    97.028     8.9%    89.127    97.028     8.9%   210.954   340.258    61.3%
('BrowseDayOfYearTaxoFacets', None)    65.853    63.359    -3.8%    78.980    80.331     1.7%    79.757    80.752     1.2%    79.757    80.752     1.2%   676.595   234.957   -65.3%
 ('BrowseMonthSSDVFacets', None)    61.059    67.743    10.9%    75.999    94.729    24.6%    83.465    99.497    19.2%    83.465    99.497    19.2%    92.704   149.886    61.7%
 ('BrowseMonthTaxoFacets', None)    24.181    26.509     9.6%    29.831    29.845     0.0%   184.069    92.207   -49.9%   184.069    92.207   -49.9%   388.607   235.243   -39.5%
('BrowseRandomLabelSSDVFacets', None)    99.613    77.574   -22.1%   113.588    95.239   -16.2%   118.296   130.159    10.0%   118.296   130.159    10.0%   359.008   528.938    47.3%
('BrowseRandomLabelTaxoFacets', None)    85.248    79.215    -7.1%    98.679   100.192     1.5%   112.809   124.514    10.4%   112.809   124.514    10.4%   766.502   274.692   -64.2%
             ('ConstMSM2', None)     0.785     0.864    10.1%     1.253     4.949   294.9%     1.534     5.291   245.0%     1.534     5.291   245.0%     5.364    10.046    87.3%
                ('Fuzzy1', None)    11.601    11.258    -3.0%    14.885    19.817    33.1%    15.269    26.372    72.7%    15.269    26.372    72.7%    24.778    43.688    76.3%
                ('Fuzzy2', None)    10.121    11.025     8.9%    23.573    22.397    -5.0%    34.412    39.606    15.1%    34.412    39.606    15.1%    60.431    99.647    64.9%
  ('HighIntervalsOrdered', None)    14.966    16.210     8.3%    32.991    25.519   -22.7%    44.461    40.893    -8.0%    44.461    40.893    -8.0%   133.287   193.230    45.0%
            ('HighPhrase', None)     5.252     5.428     3.4%    10.752    10.144    -5.7%    14.027    16.816    19.9%    14.027    16.816    19.9%    18.158    24.996    37.7%
      ('HighSloppyPhrase', None)     8.093    11.177    38.1%    13.398    13.748     2.6%    14.330    16.101    12.4%    14.330    16.101    12.4%    21.944    23.335     6.3%
          ('HighSpanNear', None)    15.956    16.289     2.1%    29.098    25.874   -11.1%    33.148    26.510   -20.0%    33.148    26.510   -20.0%    35.717    35.691    -0.1%
              ('HighTerm', None)     0.863     0.920     6.6%     2.207     2.790    26.4%     4.272     9.352   118.9%     4.272     9.352   118.9%    88.441    86.419    -2.3%
('HighTermDayOfYearSort', 'DayOfYear')     1.974     1.856    -6.0%     7.442     5.263   -29.3%     9.196     8.104   -11.9%     9.196     8.104   -11.9%    41.288    20.372   -50.7%
  ('HighTermMonthSort', 'Month')     0.662     0.771    16.6%     1.555     2.389    53.7%     1.978     2.392    20.9%     1.978     2.392    20.9%     4.182     2.567   -38.6%
('HighTermTitleBDVSort', 'TitleBinary')    10.570    10.543    -0.2%    24.341    28.689    17.9%    44.981    37.591   -16.4%    44.981    37.591   -16.4%    96.746   124.864    29.1%
  ('HighTermTitleSort', 'Title')     6.996     9.315    33.1%    14.769    17.343    17.4%    30.430    39.621    30.2%    30.430    39.621    30.2%    68.157    83.773    22.9%
                ('IntNRQ', None)     0.729     0.661    -9.3%     2.721     2.454    -9.8%     9.168    15.472    68.8%     9.168    15.472    68.8%    15.480    20.168    30.3%
                ('IntSet', None)     1.264     1.345     6.4%    10.858    14.284    31.5%    18.826    21.406    13.7%    18.826    21.406    13.7%    27.849    27.619    -0.8%
   ('LowIntervalsOrdered', None)     1.479     1.581     6.9%     3.910     4.014     2.7%     4.175     5.755    37.9%     4.175     5.755    37.9%    18.697     8.820   -52.8%
             ('LowPhrase', None)     2.326     2.318    -0.3%     7.376     7.316    -0.8%     8.479    14.533    71.4%     8.479    14.533    71.4%    39.132    70.872    81.1%
       ('LowSloppyPhrase', None)     5.655     6.488    14.7%     7.078    10.662    50.6%    10.814    15.024    38.9%    10.814    15.024    38.9%    41.103    73.592    79.0%
           ('LowSpanNear', None)     4.937     5.292     7.2%     7.784    11.805    51.6%    16.609    24.272    46.1%    16.609    24.272    46.1%    43.243    54.764    26.6%
               ('LowTerm', None)     0.482     0.508     5.5%     1.225     1.171    -4.5%     1.565     1.428    -8.8%     1.565     1.428    -8.8%     1.583     4.523   185.7%
   ('MedIntervalsOrdered', None)     8.729     8.920     2.2%    19.324    15.590   -19.3%    19.497    17.804    -8.7%    19.497    17.804    -8.7%    89.813   144.451    60.8%
             ('MedPhrase', None)     2.141     2.186     2.1%     3.376     5.974    77.0%     3.847    12.719   230.6%     3.847    12.719   230.6%     7.068    33.039   367.5%
       ('MedSloppyPhrase', None)    12.684    15.902    25.4%    19.462    21.602    11.0%    20.555    27.689    34.7%    20.555    27.689    34.7%    22.017    31.477    43.0%
           ('MedSpanNear', None)    12.335    12.223    -0.9%    24.639    24.093    -2.2%    41.691    40.450    -3.0%    41.691    40.450    -3.0%    54.791    60.868    11.1%
               ('MedTerm', None)     0.672     0.717     6.7%     1.681     1.536    -8.6%     1.717     2.628    53.1%     1.717     2.628    53.1%     6.539     7.741    18.4%
  ('MedTermDayTaxoFacets', None)    11.820    10.814    -8.5%    31.349    15.198   -51.5%    37.055    34.720    -6.3%    37.055    34.720    -6.3%    65.510    35.090   -46.4%
            ('OrHighHigh', None)     2.109     2.032    -3.6%     3.391     5.430    60.1%     6.203     7.901    27.4%     6.203     7.901    27.4%    61.564   114.071    85.3%
             ('OrHighLow', None)     0.999     0.998    -0.1%     1.729     2.822    63.2%     2.662     7.055   165.0%     2.662     7.055   165.0%    11.909    26.276   120.6%
             ('OrHighMed', None)     0.815     0.917    12.5%     1.384     2.642    90.9%     2.356     3.592    52.5%     2.356     3.592    52.5%     5.515     4.211   -23.6%
('OrHighMedDayTaxoFacets', None)    48.918    49.268     0.7%    56.116   111.479    98.7%    62.759   234.971   274.4%    62.759   234.971   274.4%   343.293   261.735   -23.8%
         ('OrHighNotHigh', None)     1.164     1.159    -0.4%     2.084     3.222    54.6%     4.011     6.238    55.5%     4.011     6.238    55.5%     8.261    12.408    50.2%
          ('OrHighNotLow', None)     1.025     1.116     8.8%     2.123     2.726    28.4%     2.637    11.418   332.9%     2.637    11.418   332.9%     5.851    15.083   157.8%
          ('OrHighNotMed', None)     1.052     1.216    15.6%     4.092     3.996    -2.3%    18.815     4.375   -76.7%    18.815     4.375   -76.7%    31.158    17.990   -42.3%
         ('OrNotHighHigh', None)     1.153     1.166     1.2%     2.460     7.557   207.2%     2.817    11.161   296.2%     2.817    11.161   296.2%    14.049    33.922   141.5%
          ('OrNotHighLow', None)     0.730     0.830    13.7%     1.920     2.144    11.6%     2.608     4.229    62.2%     2.608     4.229    62.2%     2.632     4.391    66.8%
          ('OrNotHighMed', None)     1.088     0.964   -11.4%     3.280     2.280   -30.5%     3.483     7.077   103.2%     3.483     7.077   103.2%     4.354     7.463    71.4%
                   ('PKLookup',)     4.430     5.050    14.0%     8.558     7.252   -15.3%    14.109    15.782    11.9%    14.109    15.782    11.9%    26.723    17.622   -34.1%
               ('Prefix3', None)     1.553     1.641     5.7%     9.676     5.601   -42.1%    10.791     7.265   -32.7%    10.791     7.265   -32.7%    47.831   123.895   159.0%
                    ('Respell',)    18.006    18.995     5.5%    23.341    25.030     7.2%    25.097    27.071     7.9%    25.097    27.071     7.9%   157.507   184.611    17.2%
('TermDateTimeSort', 'DateTime')     2.481     2.305    -7.1%     6.992     8.345    19.3%    39.772    10.717   -73.1%    39.772    10.717   -73.1%    69.361    46.024   -33.6%
              ('Wildcard', None)     2.366     2.622    10.8%     3.902     6.737    72.7%    12.773    12.698    -0.6%    12.773    12.698    -0.6%    14.674    20.517    39.8%
                 ('range', None)     0.173     0.159    -8.2%     0.519     0.570     9.8%     0.606     0.735    21.3%     0.606     0.735    21.3%     0.711     1.269    78.4%
                            Task    QPS armA      StdDev    QPS armK      StdDev                Pct diff p-value
            BrowseDateTaxoFacets       22.11     (57.8%)       15.13      (4.4%)  -31.5% ( -59% -   72%) 0.103
       BrowseDayOfYearTaxoFacets       22.27     (58.2%)       15.77      (4.2%)  -29.2% ( -57% -   79%) 0.134
                      AndHighLow     2383.41      (5.9%)     1870.76      (5.3%)  -21.5% ( -30% -  -10%) 0.000
     BrowseRandomLabelTaxoFacets       15.66     (35.9%)       12.34      (3.2%)  -21.2% ( -44% -   27%) 0.077
                         Prefix3      677.13      (9.1%)      571.24     (12.5%)  -15.6% ( -34% -    6%) 0.002
                      AndHighMed     1326.23      (4.3%)     1126.36      (8.2%)  -15.1% ( -26% -   -2%) 0.000
                  AndMissingHigh     3760.69      (8.1%)     3284.75      (5.7%)  -12.7% ( -24% -    1%) 0.000
                       OrHighMed     1143.24      (9.1%)     1023.73      (9.4%)  -10.5% ( -26% -    8%) 0.017
                         LowTerm     2262.01     (10.0%)     2037.92      (9.3%)   -9.9% ( -26% -   10%) 0.030
               HighTermTitleSort      130.11      (8.1%)      117.26      (5.1%)   -9.9% ( -21% -    3%) 0.002
                    OrNotHighLow     1463.08      (8.6%)     1347.67      (4.4%)   -7.9% ( -19% -    5%) 0.014
                    OrNotHighMed     1168.14      (5.1%)     1077.13      (6.3%)   -7.8% ( -18% -    3%) 0.004
                         MedTerm     1452.84     (11.6%)     1349.51     (11.1%)   -7.1% ( -26% -   17%) 0.184
                    OrHighNotMed      932.43      (4.8%)      866.11      (8.3%)   -7.1% ( -19% -    6%) 0.025
                   OrHighNotHigh      872.63      (6.7%)      811.70      (9.0%)   -7.0% ( -21% -    9%) 0.063
                       OrHighLow     1167.21      (3.8%)     1094.24      (5.0%)   -6.3% ( -14% -    2%) 0.003
          OrHighMedDayTaxoFacets       21.37      (5.3%)       20.04      (5.3%)   -6.2% ( -15% -    4%) 0.013
                    OrHighNotLow     1042.84      (9.4%)      984.80      (9.0%)   -5.6% ( -21% -   14%) 0.198
               HighTermMonthSort     1522.56      (6.5%)     1441.27      (6.7%)   -5.3% ( -17% -    8%) 0.084
                   OrNotHighHigh      919.49      (5.3%)      871.35      (6.8%)   -5.2% ( -16% -    7%) 0.067
                        HighTerm     1211.78     (10.0%)     1148.53      (8.4%)   -5.2% ( -21% -   14%) 0.229
                      OrHighHigh      500.09      (8.7%)      474.11      (7.5%)   -5.2% ( -19% -   11%) 0.173
                     AndHighHigh      664.42      (7.6%)      632.64      (7.3%)   -4.8% ( -18% -   10%) 0.174
         AndHighMedDayTaxoFacets      276.02      (3.5%)      263.42      (3.0%)   -4.6% ( -10% -    2%) 0.003
                 LowSloppyPhrase      188.95     (11.6%)      181.04     (12.1%)   -4.2% ( -24% -   22%) 0.453
                          IntNRQ     1893.27      (7.6%)     1817.10      (9.5%)   -4.0% ( -19% -   14%) 0.321
                       LowPhrase      460.35      (2.6%)      442.45      (3.1%)   -3.9% (  -9% -    1%) 0.004
           HighTermDayOfYearSort      509.35      (9.9%)      490.66     (14.3%)   -3.7% ( -25% -   22%) 0.528
                HighSloppyPhrase      106.96     (13.3%)      103.13     (10.1%)   -3.6% ( -23% -   22%) 0.519
                     LowSpanNear      207.78      (6.7%)      202.39      (5.1%)   -2.6% ( -13% -    9%) 0.354
                          Fuzzy1       97.39      (9.0%)       94.97      (7.6%)   -2.5% ( -17% -   15%) 0.528
                       ConstMSM2     1286.52      (4.9%)     1254.62      (4.9%)   -2.5% ( -11% -    7%) 0.283
                      HighPhrase      195.53      (2.6%)      191.45      (3.4%)   -2.1% (  -7% -    3%) 0.140
                        Wildcard      425.08      (3.8%)      416.50      (4.7%)   -2.0% ( -10% -    6%) 0.313
                        PKLookup      223.14     (12.1%)      218.68     (11.9%)   -2.0% ( -23% -   25%) 0.724
                         Respell       56.65      (5.1%)       55.56      (6.8%)   -1.9% ( -13% -   10%) 0.498
                           range     6033.85      (7.9%)     5918.33     (12.3%)   -1.9% ( -20% -   19%) 0.694
                      TermDTSort      443.33      (6.8%)      434.96      (8.0%)   -1.9% ( -15% -   13%) 0.592
                 MedSloppyPhrase       74.71      (9.9%)       73.43      (7.4%)   -1.7% ( -17% -   17%) 0.676
                          IntSet      746.46      (6.5%)      735.89      (7.0%)   -1.4% ( -13% -   12%) 0.655
            HighTermTitleBDVSort       92.34      (2.4%)       91.07      (4.1%)   -1.4% (  -7% -    5%) 0.385
       BrowseDayOfYearSSDVFacets       16.14     (10.7%)       15.95      (4.9%)   -1.2% ( -15% -   16%) 0.761
                       MedPhrase      457.29      (7.2%)      452.20      (4.6%)   -1.1% ( -12% -   11%) 0.696
                     MedSpanNear       85.89      (2.3%)       84.95      (3.6%)   -1.1% (  -6% -    4%) 0.444
                          Fuzzy2       95.63      (6.7%)       94.60      (7.2%)   -1.1% ( -14% -   13%) 0.743
                    HighSpanNear       63.05      (3.7%)       62.73      (1.4%)   -0.5% (  -5% -    4%) 0.699
                        BM25MSM2       61.01      (3.8%)       60.75      (5.2%)   -0.4% (  -9% -    8%) 0.842
            BrowseDateSSDVFacets        2.95      (4.0%)        2.96      (4.9%)    0.5% (  -8% -    9%) 0.828
        AndHighHighDayTaxoFacets       77.24      (5.1%)       78.11      (5.7%)    1.1% (  -9% -   12%) 0.656
             MedIntervalsOrdered      114.74      (5.9%)      116.22      (4.1%)    1.3% (  -8% -   12%) 0.591
            MedTermDayTaxoFacets       87.97      (6.4%)       89.40      (7.5%)    1.6% ( -11% -   16%) 0.623
            HighIntervalsOrdered       63.52      (8.1%)       64.76      (7.7%)    1.9% ( -12% -   19%) 0.600
           BrowseMonthSSDVFacets       16.28     (12.0%)       16.79     (15.2%)    3.1% ( -21% -   34%) 0.625
           BrowseMonthTaxoFacets       35.59     (39.5%)       36.89     (27.9%)    3.7% ( -45% -  117%) 0.820
     BrowseRandomLabelSSDVFacets       11.30      (8.2%)       11.87      (7.2%)    5.1% (  -9% -   22%) 0.162
             LowIntervalsOrdered      619.79     (13.4%)      654.29      (6.2%)    5.6% ( -12% -   29%) 0.259
  iter 9
    armA:
      NOTE: using experimental CPU time profiler (see https://mostlynerdless.de/blog/2025/06/11/java-25s-new-cpu-time-profiler-1)
      log: /home/goankur/vsearch/logs/FAKc.armA.9 + stdout
      run: /usr/bin/perf stat -dd -e task-clock,cycles,instructions,cache-references,cache-misses,L1-dcache-loads,L1-dcache-load-misses,L1-icache-loads,L1-icache-load-misses,LLC-loads,LLC-load-misses,LLC-stores,LLC-store-misses,LLC-prefetches,LLC-prefetch-misses,faults,minor-faults,major-faults,branches,branch-misses,stalled-cycles-frontend,stalled-cycles-backend /home/goankur/jdk/corretto-25/bin/java -server -Xms2g -Xmx2g --add-modules jdk.incubator.vector -XX:+HeapDumpOnOutOfMemoryError -XX:+UseParallelGC -XX:StartFlightRecording=jdk.CPUTimeSample#enabled=true,dumponexit=true,maxsize=250M,settings=/home/goankur/vsearch/util/src/python/profiling.jfc,filename=/home/goankur/vsearch/logs/bench-search-FAKc-armA-9.jfr -XX:+UnlockDiagnosticVMOptions -XX:+DebugNonSafepoints -classpath /home/goankur/vsearch/bo/lucene-A/lucene/core/build/libs/lucene-core-11.0.0-SNAPSHOT.jar:/home/goankur/vsearch/bo/lucene-A/lucene/sandbox/build/classes/java/main:/home/goankur/vsearch/bo/lucene-A/lucene/misc/build/classes/java/main:/home/goankur/vsearch/bo/lucene-A/lucene/facet/build/classes/java/main:/home/goankur/vsearch/bo/lucene-A/lucene/analysis/common/build/classes/java/main:/home/goankur/vsearch/bo/lucene-A/lucene/analysis/icu/build/classes/java/main:/home/goankur/vsearch/bo/lucene-A/lucene/queryparser/build/classes/java/main:/home/goankur/vsearch/bo/lucene-A/lucene/grouping/build/classes/java/main:/home/goankur/vsearch/bo/lucene-A/lucene/suggest/build/classes/java/main:/home/goankur/vsearch/bo/lucene-A/lucene/highlighter/build/classes/java/main:/home/goankur/vsearch/bo/lucene-A/lucene/codecs/build/classes/java/main:/home/goankur/vsearch/bo/lucene-A/lucene/queries/build/classes/java/main:/home/goankur/vsearch/bo/lucene-A/lucene/join/build/classes/java/main:/home/goankur/vsearch/bo/lucene-A/lucene/spatial3d/build/classes/java/main:/home/goankur/vsearch/util/lib/HdrHistogram.jar:/home/goankur/vsearch/util/src/main/build/classes/java/main:/home/goankur/vsearch/util/build perf.SearchPerfTest -dirImpl MMapDirectory -indexPath /home/goankur/vsearch/indices/wikimedium10m.lucene-A.facets.taxonomy:Date.taxonomy:Month.taxonomy:DayOfYear.sortedset:Date.sortedset:Month.sortedset:DayOfYear.taxonomy:RandomLabel.sortedset:RandomLabel.Lucene90.Lucene104.dvfields.nd10M -facets taxonomy:Date;Date -facets taxonomy:Month;Month -facets taxonomy:DayOfYear;DayOfYear -facets sortedset:Date;Date -facets sortedset:Month;Month -facets sortedset:DayOfYear;DayOfYear -facets taxonomy:RandomLabel;RandomLabel -facets sortedset:RandomLabel;RandomLabel -analyzer StandardAnalyzer -taskSource /home/goankur/vsearch/util/tasks/wikimedium.10M.nostopwords.tasks -numConcurrentQueries 5 -taskRepeatCount 20 -field body -tasksPerCat 1 -searchConcurrency -1 -staticSeed -6766631 -seed -5548425 -similarity BM25Similarity -commit multi -hiliteImpl FastVectorHighlighter -log /home/goankur/vsearch/logs/FAKc.armA.9 -topN 100 -context  -pk -pollute
      9.3 s
      273.5 actual sustained QPS; -1.0 CPU cores used
    armK:
      NOTE: using experimental CPU time profiler (see https://mostlynerdless.de/blog/2025/06/11/java-25s-new-cpu-time-profiler-1)
      log: /home/goankur/vsearch/logs/FAKc.armK.9 + stdout
      run: /usr/bin/perf stat -dd -e task-clock,cycles,instructions,cache-references,cache-misses,L1-dcache-loads,L1-dcache-load-misses,L1-icache-loads,L1-icache-load-misses,LLC-loads,LLC-load-misses,LLC-stores,LLC-store-misses,LLC-prefetches,LLC-prefetch-misses,faults,minor-faults,major-faults,branches,branch-misses,stalled-cycles-frontend,stalled-cycles-backend /home/goankur/jdk/corretto-25/bin/java -server -Xms2g -Xmx2g --add-modules jdk.incubator.vector -XX:+HeapDumpOnOutOfMemoryError -XX:+UseParallelGC -XX:StartFlightRecording=jdk.CPUTimeSample#enabled=true,dumponexit=true,maxsize=250M,settings=/home/goankur/vsearch/util/src/python/profiling.jfc,filename=/home/goankur/vsearch/logs/bench-search-FAKc-armK-9.jfr -XX:+UnlockDiagnosticVMOptions -XX:+DebugNonSafepoints -classpath /home/goankur/vsearch/bo/lucene-K/lucene/core/build/libs/lucene-core-11.0.0-SNAPSHOT.jar:/home/goankur/vsearch/bo/lucene-K/lucene/sandbox/build/classes/java/main:/home/goankur/vsearch/bo/lucene-K/lucene/misc/build/classes/java/main:/home/goankur/vsearch/bo/lucene-K/lucene/facet/build/classes/java/main:/home/goankur/vsearch/bo/lucene-K/lucene/analysis/common/build/classes/java/main:/home/goankur/vsearch/bo/lucene-K/lucene/analysis/icu/build/classes/java/main:/home/goankur/vsearch/bo/lucene-K/lucene/queryparser/build/classes/java/main:/home/goankur/vsearch/bo/lucene-K/lucene/grouping/build/classes/java/main:/home/goankur/vsearch/bo/lucene-K/lucene/suggest/build/classes/java/main:/home/goankur/vsearch/bo/lucene-K/lucene/highlighter/build/classes/java/main:/home/goankur/vsearch/bo/lucene-K/lucene/codecs/build/classes/java/main:/home/goankur/vsearch/bo/lucene-K/lucene/queries/build/classes/java/main:/home/goankur/vsearch/bo/lucene-K/lucene/join/build/classes/java/main:/home/goankur/vsearch/bo/lucene-K/lucene/spatial3d/build/classes/java/main:/home/goankur/vsearch/util/lib/HdrHistogram.jar:/home/goankur/vsearch/util/src/main/build/classes/java/main:/home/goankur/vsearch/util/build perf.SearchPerfTest -dirImpl MMapDirectory -indexPath /home/goankur/vsearch/indices/wikimedium10m.lucene-A.facets.taxonomy:Date.taxonomy:Month.taxonomy:DayOfYear.sortedset:Date.sortedset:Month.sortedset:DayOfYear.taxonomy:RandomLabel.sortedset:RandomLabel.Lucene90.Lucene104.dvfields.nd10M -facets taxonomy:Date;Date -facets taxonomy:Month;Month -facets taxonomy:DayOfYear;DayOfYear -facets sortedset:Date;Date -facets sortedset:Month;Month -facets sortedset:DayOfYear;DayOfYear -facets taxonomy:RandomLabel;RandomLabel -facets sortedset:RandomLabel;RandomLabel -analyzer StandardAnalyzer -taskSource /home/goankur/vsearch/util/tasks/wikimedium.10M.nostopwords.tasks -numConcurrentQueries 5 -taskRepeatCount 20 -field body -tasksPerCat 1 -searchConcurrency -1 -staticSeed -6766631 -seed -5548425 -similarity BM25Similarity -commit multi -hiliteImpl FastVectorHighlighter -log /home/goankur/vsearch/logs/FAKc.armK.9 -topN 100 -context  -pk -pollute
      9.2 s
      273.2 actual sustained QPS; -1.0 CPU cores used

Report after iter 9:
QPSChart.supported == False
                            Task     P50 B     P50 C     Diff     P90 B     P90 C     Diff     P99 B     P99 C     Diff    P999 B    P999 C     Diff    P100 B    P100 C     Diff
           ('AndHighHigh', None)     1.525     1.528     0.2%     6.061     4.247   -29.9%     7.202     6.127   -14.9%     7.202     6.127   -14.9%   140.782   167.886    19.3%
('AndHighHighDayTaxoFacets', None)    12.982    12.823    -1.2%    27.965    19.178   -31.4%    55.617    57.603     3.6%    55.617    57.603     3.6%    63.294    59.161    -6.5%
            ('AndHighLow', None)     0.402     0.566    40.9%     1.665     2.618    57.3%     3.788     3.019   -20.3%     3.788     3.019   -20.3%     3.990     5.162    29.4%
            ('AndHighMed', None)     0.746     0.915    22.6%     2.967     3.995    34.6%     3.097     4.146    33.9%     3.097     4.146    33.9%     4.653    12.913   177.5%
('AndHighMedDayTaxoFacets', None)     3.797     4.155     9.4%     8.994     7.542   -16.2%    12.374    11.968    -3.3%    12.374    11.968    -3.3%    17.077    13.338   -21.9%
     ('AndMissingHigh', 'Title')     0.284     0.342    20.3%     0.739     1.221    65.3%     3.891     4.508    15.9%     3.891     4.508    15.9%     6.536    12.478    90.9%
              ('BM25MSM2', None)    16.117    15.788    -2.0%    49.758    27.914   -43.9%    77.223    42.734   -44.7%    77.223    42.734   -44.7%   265.169   243.152    -8.3%
  ('BrowseDateSSDVFacets', None)   325.853   383.018    17.5%   374.281   446.470    19.3%   382.968   455.317    18.9%   382.968   455.317    18.9%   550.844   558.840     1.5%
  ('BrowseDateTaxoFacets', None)    64.181    65.736     2.4%    80.236    76.635    -4.5%    84.304    77.023    -8.6%    84.304    77.023    -8.6%   155.891   219.344    40.7%
('BrowseDayOfYearSSDVFacets', None)    72.230    76.632     6.1%    90.210    90.945     0.8%    93.042    92.012    -1.1%    93.042    92.012    -1.1%   141.892   125.488   -11.6%
('BrowseDayOfYearTaxoFacets', None)    64.132    63.223    -1.4%    75.655    75.124    -0.7%    83.897    75.636    -9.8%    83.897    75.636    -9.8%    94.940    81.291   -14.4%
 ('BrowseMonthSSDVFacets', None)    65.287    67.180     2.9%    81.774    80.974    -1.0%    95.359    86.180    -9.6%    95.359    86.180    -9.6%   145.483   114.383   -21.4%
 ('BrowseMonthTaxoFacets', None)    26.755    27.426     2.5%    30.604    35.621    16.4%   106.958    76.948   -28.1%   106.958    76.948   -28.1%   245.709   247.925     0.9%
('BrowseRandomLabelSSDVFacets', None)    92.492    89.869    -2.8%   142.870   134.120    -6.1%   197.394   171.074   -13.3%   197.394   171.074   -13.3%   199.814   190.577    -4.6%
('BrowseRandomLabelTaxoFacets', None)    77.907    80.434     3.2%    92.631    95.115     2.7%   118.461   105.957   -10.6%   118.461   105.957   -10.6%   254.405   285.538    12.2%
             ('ConstMSM2', None)     0.811     0.848     4.6%     3.484     1.633   -53.1%     4.724     4.974     5.3%     4.724     4.974     5.3%    13.807    26.689    93.3%
                ('Fuzzy1', None)    10.510    11.303     7.5%    16.443    17.202     4.6%    32.486    32.848     1.1%    32.486    32.848     1.1%    57.223    68.572    19.8%
                ('Fuzzy2', None)    10.896    10.457    -4.0%    22.967    28.363    23.5%    41.306    52.450    27.0%    41.306    52.450    27.0%    51.752    62.787    21.3%
  ('HighIntervalsOrdered', None)    14.169    19.060    34.5%    30.024    27.833    -7.3%    31.985    37.458    17.1%    31.985    37.458    17.1%   246.200   160.858   -34.7%
            ('HighPhrase', None)     5.539     5.279    -4.7%     9.094    12.076    32.8%    24.688    15.053   -39.0%    24.688    15.053   -39.0%    55.045    49.863    -9.4%
      ('HighSloppyPhrase', None)    11.120    10.524    -5.4%    14.077    11.764   -16.4%    17.161    11.897   -30.7%    17.161    11.897   -30.7%    70.401    67.929    -3.5%
          ('HighSpanNear', None)    15.070    16.213     7.6%    26.048    25.624    -1.6%    28.259    27.386    -3.1%    28.259    27.386    -3.1%    46.237    69.478    50.3%
              ('HighTerm', None)     0.801     0.879     9.7%     2.081     3.375    62.2%     2.311     3.562    54.1%     2.311     3.562    54.1%   186.668   162.555   -12.9%
('HighTermDayOfYearSort', 'DayOfYear')     2.091     1.913    -8.5%     6.798     5.298   -22.1%    11.952     5.546   -53.6%    11.952     5.546   -53.6%    67.050    94.620    41.1%
  ('HighTermMonthSort', 'Month')     0.670     0.710     6.0%     2.567     2.046   -20.3%     4.734     2.410   -49.1%     4.734     2.410   -49.1%    22.657     5.681   -74.9%
('HighTermTitleBDVSort', 'TitleBinary')    10.806    11.136     3.1%    38.296    27.129   -29.2%    48.137    27.244   -43.4%    48.137    27.244   -43.4%   168.025   122.975   -26.8%
  ('HighTermTitleSort', 'Title')     8.395     8.955     6.7%    19.312    17.054   -11.7%    36.659    34.968    -4.6%    36.659    34.968    -4.6%    75.111   106.428    41.7%
                ('IntNRQ', None)     0.566     0.570     0.8%     3.836     1.535   -60.0%     9.479    11.135    17.5%     9.479    11.135    17.5%    27.006    19.428   -28.1%
                ('IntSet', None)     1.609     1.549    -3.8%     7.900     6.363   -19.5%     8.704     7.614   -12.5%     8.704     7.614   -12.5%    32.467    24.858   -23.4%
   ('LowIntervalsOrdered', None)     1.453     1.689    16.2%     5.338     4.144   -22.4%     6.025    10.519    74.6%     6.025    10.519    74.6%    14.096    13.175    -6.5%
             ('LowPhrase', None)     2.790     2.622    -6.0%     5.461     4.977    -8.9%    18.108     5.845   -67.7%    18.108     5.845   -67.7%    61.752    25.719   -58.4%
       ('LowSloppyPhrase', None)     6.862     5.711   -16.8%    15.458    10.608   -31.4%    18.455    16.372   -11.3%    18.455    16.372   -11.3%    19.889    19.209    -3.4%
           ('LowSpanNear', None)     4.960     5.057     1.9%     9.421     7.086   -24.8%    10.055     7.616   -24.3%    10.055     7.616   -24.3%    57.277    74.744    30.5%
               ('LowTerm', None)     0.383     0.490    27.7%     1.628     1.222   -24.9%     2.980     1.828   -38.7%     2.980     1.828   -38.7%   100.036   101.319     1.3%
   ('MedIntervalsOrdered', None)     8.470     8.735     3.1%    15.508    15.433    -0.5%    16.110    17.519     8.7%    16.110    17.519     8.7%    26.349    24.904    -5.5%
             ('MedPhrase', None)     2.175     2.132    -2.0%    13.664     7.956   -41.8%    15.750    15.130    -3.9%    15.750    15.130    -3.9%    19.858    19.951     0.5%
       ('MedSloppyPhrase', None)    13.467    14.471     7.5%    25.611    20.307   -20.7%    37.600    23.224   -38.2%    37.600    23.224   -38.2%    72.120    97.201    34.8%
           ('MedSpanNear', None)    11.289    11.647     3.2%    17.827    23.171    30.0%    26.202    36.347    38.7%    26.202    36.347    38.7%    50.603    43.927   -13.2%
               ('MedTerm', None)     0.627     0.685     9.3%     2.341     1.482   -36.7%     2.808     2.061   -26.6%     2.808     2.061   -26.6%     9.746     8.534   -12.4%
  ('MedTermDayTaxoFacets', None)    11.422    11.062    -3.1%    20.394    15.276   -25.1%    22.649    18.643   -17.7%    22.649    18.643   -17.7%   104.716   119.398    14.0%
            ('OrHighHigh', None)     1.932     2.116     9.5%    16.250     5.413   -66.7%    18.400     5.659   -69.2%    18.400     5.659   -69.2%    43.986    29.961   -31.9%
             ('OrHighLow', None)     0.789     0.910    15.4%     2.976     1.653   -44.4%     3.252     2.447   -24.7%     3.252     2.447   -24.7%    47.042    78.295    66.4%
             ('OrHighMed', None)     0.885     0.960     8.4%     2.185     2.551    16.7%     2.380     4.099    72.2%     2.380     4.099    72.2%     7.236     7.502     3.7%
('OrHighMedDayTaxoFacets', None)    51.231    49.191    -4.0%    66.389    63.862    -3.8%   145.110    65.881   -54.6%   145.110    65.881   -54.6%   332.900   203.903   -38.7%
         ('OrHighNotHigh', None)     1.127     1.352    19.9%     3.349     4.897    46.2%     4.017    15.471   285.2%     4.017    15.471   285.2%     8.661    22.589   160.8%
          ('OrHighNotLow', None)     1.029     1.139    10.7%     4.829     2.879   -40.4%    12.999     5.930   -54.4%    12.999     5.930   -54.4%    19.953    10.104   -49.4%
          ('OrHighNotMed', None)     1.113     1.255    12.7%     2.787     3.007     7.9%     6.040     3.601   -40.4%     6.040     3.601   -40.4%   180.185   136.380   -24.3%
         ('OrNotHighHigh', None)     0.999     1.112    11.3%     2.289     2.126    -7.1%     8.117     2.876   -64.6%     8.117     2.876   -64.6%    10.322    14.173    37.3%
          ('OrNotHighLow', None)     0.770     0.824     6.9%     2.481     2.274    -8.4%     7.104     3.480   -51.0%     7.104     3.480   -51.0%    20.897    18.737   -10.3%
          ('OrNotHighMed', None)     0.788     0.954    21.1%     3.347     3.451     3.1%     3.488     3.573     2.4%     3.488     3.573     2.4%     4.212     3.708   -12.0%
                   ('PKLookup',)     4.261     4.935    15.8%     9.029     8.210    -9.1%    29.684    15.304   -48.4%    29.684    15.304   -48.4%    29.852    35.644    19.4%
               ('Prefix3', None)     1.712     2.450    43.1%     7.047     8.005    13.6%     9.710     9.127    -6.0%     9.710     9.127    -6.0%    37.252    56.327    51.2%
                    ('Respell',)    17.514    19.711    12.5%    31.364    26.095   -16.8%    41.369    30.039   -27.4%    41.369    30.039   -27.4%   180.192   157.702   -12.5%
('TermDateTimeSort', 'DateTime')     2.203     2.352     6.8%     8.443     6.806   -19.4%    10.413     6.865   -34.1%    10.413     6.865   -34.1%    66.939    97.356    45.4%
              ('Wildcard', None)     2.552     2.448    -4.1%     5.331     4.429   -16.9%     7.694     5.161   -32.9%     7.694     5.161   -32.9%    49.123    62.918    28.1%
                 ('range', None)     0.168     0.187    11.4%     0.493     0.474    -3.9%     0.512     1.065   107.9%     0.512     1.065   107.9%     0.958    10.310   976.6%
                            Task    QPS armA      StdDev    QPS armK      StdDev                Pct diff p-value
            BrowseDateTaxoFacets       21.46     (57.0%)       15.16      (4.3%)  -29.3% ( -57% -   74%) 0.105
       BrowseDayOfYearTaxoFacets       21.68     (57.0%)       15.84      (4.2%)  -26.9% ( -56% -   79%) 0.137
                      AndHighLow     2401.28      (6.0%)     1873.01      (5.0%)  -22.0% ( -31% -  -11%) 0.000
     BrowseRandomLabelTaxoFacets       15.40     (34.8%)       12.38      (3.2%)  -19.6% ( -42% -   28%) 0.077
                         Prefix3      678.39      (8.6%)      562.58     (12.4%)  -17.1% ( -35% -    4%) 0.000
                      AndHighMed     1335.52      (4.6%)     1128.05      (7.7%)  -15.5% ( -26% -   -3%) 0.000
                  AndMissingHigh     3752.15      (7.7%)     3258.92      (5.8%)  -13.1% ( -24% -    0%) 0.000
                         LowTerm     2305.55     (11.0%)     2055.71      (8.9%)  -10.8% ( -27% -   10%) 0.016
                       OrHighMed     1145.72      (8.6%)     1027.36      (8.9%)  -10.3% ( -25% -    7%) 0.009
               HighTermTitleSort      129.35      (7.9%)      116.87      (5.0%)   -9.6% ( -20% -    3%) 0.001
                    OrNotHighMed     1183.49      (6.3%)     1081.19      (6.0%)   -8.6% ( -19% -    3%) 0.002
                   OrHighNotHigh      879.57      (6.8%)      810.01      (8.5%)   -7.9% ( -21% -    7%) 0.021
                    OrNotHighLow     1452.04      (8.5%)     1343.66      (4.2%)   -7.5% ( -18% -    5%) 0.013
                         MedTerm     1472.06     (11.5%)     1363.75     (10.8%)   -7.4% ( -26% -   16%) 0.141
                    OrHighNotMed      929.96      (4.6%)      861.88      (7.9%)   -7.3% ( -18% -    5%) 0.012
                       OrHighLow     1180.66      (5.0%)     1102.49      (5.1%)   -6.6% ( -15% -    3%) 0.004
                    OrHighNotLow     1042.65      (8.8%)      977.60      (8.7%)   -6.2% ( -21% -   12%) 0.112
                   OrNotHighHigh      929.92      (6.1%)      875.14      (6.4%)   -5.9% ( -17% -    7%) 0.035
                        HighTerm     1220.77      (9.6%)     1149.88      (7.8%)   -5.8% ( -21% -   12%) 0.139
               HighTermMonthSort     1529.85      (6.2%)     1442.39      (6.2%)   -5.7% ( -17% -    7%) 0.041
          OrHighMedDayTaxoFacets       21.30      (5.1%)       20.09      (5.0%)   -5.7% ( -15% -    4%) 0.012
                      OrHighHigh      502.38      (8.3%)      475.65      (7.1%)   -5.3% ( -19% -   10%) 0.122
                     AndHighHigh      670.31      (7.7%)      635.65      (6.9%)   -5.2% ( -18% -   10%) 0.114
         AndHighMedDayTaxoFacets      275.47      (3.4%)      262.32      (3.1%)   -4.8% ( -10% -    1%) 0.001
                       LowPhrase      457.32      (3.2%)      440.27      (3.3%)   -3.7% (  -9% -    2%) 0.010
                          Fuzzy1       98.16      (8.8%)       94.52      (7.3%)   -3.7% ( -18% -   13%) 0.305
                          IntNRQ     1888.19      (7.3%)     1821.99      (9.0%)   -3.5% ( -18% -   13%) 0.338
                        PKLookup      224.98     (11.6%)      218.18     (11.1%)   -3.0% ( -23% -   22%) 0.553
                 MedSloppyPhrase       75.53      (9.8%)       73.43      (6.9%)   -2.8% ( -17% -   15%) 0.464
                 LowSloppyPhrase      185.75     (12.4%)      180.83     (11.6%)   -2.6% ( -23% -   24%) 0.622
                HighSloppyPhrase      105.55     (13.4%)      102.87      (9.7%)   -2.5% ( -22% -   23%) 0.627
                     LowSpanNear      207.80      (6.3%)      202.55      (4.8%)   -2.5% ( -12% -    9%) 0.314
           HighTermDayOfYearSort      508.12      (9.4%)      495.30     (13.8%)   -2.5% ( -23% -   22%) 0.634
                         Respell       56.73      (4.8%)       55.43      (6.5%)   -2.3% ( -12% -    9%) 0.371
                           range     6042.58      (7.5%)     5906.70     (11.6%)   -2.2% ( -19% -   18%) 0.606
                       ConstMSM2     1288.20      (4.6%)     1260.12      (4.8%)   -2.2% ( -11% -    7%) 0.302
                      TermDTSort      445.68      (6.6%)      436.95      (7.7%)   -2.0% ( -15% -   13%) 0.542
       BrowseDayOfYearSSDVFacets       15.97     (10.7%)       15.66      (7.3%)   -1.9% ( -18% -   18%) 0.642
                          IntSet      744.77      (6.1%)      731.39      (6.9%)   -1.8% ( -13% -   11%) 0.537
                        Wildcard      424.13      (3.6%)      416.52      (4.4%)   -1.8% (  -9% -    6%) 0.320
            HighTermTitleBDVSort       92.58      (2.4%)       91.12      (3.9%)   -1.6% (  -7% -    4%) 0.270
                      HighPhrase      194.54      (2.9%)      191.83      (3.3%)   -1.4% (  -7% -    4%) 0.314
                     MedSpanNear       86.23      (2.5%)       85.26      (3.6%)   -1.1% (  -7% -    5%) 0.416
                    HighSpanNear       63.51      (4.2%)       62.81      (1.3%)   -1.1% (  -6% -    4%) 0.429
                          Fuzzy2       95.95      (6.4%)       94.92      (6.8%)   -1.1% ( -13% -   12%) 0.716
            BrowseDateSSDVFacets        2.96      (4.0%)        2.93      (5.6%)   -1.0% ( -10% -    8%) 0.652
            HighIntervalsOrdered       64.34      (8.5%)       63.76      (8.7%)   -0.9% ( -16% -   17%) 0.816
                       MedPhrase      457.92      (6.8%)      454.19      (4.6%)   -0.8% ( -11% -   11%) 0.753
                        BM25MSM2       61.27      (3.8%)       61.08      (5.2%)   -0.3% (  -8% -    9%) 0.879
             MedIntervalsOrdered      115.29      (5.7%)      116.16      (3.9%)    0.8% (  -8% -   11%) 0.731
        AndHighHighDayTaxoFacets       77.38      (4.8%)       78.13      (5.3%)    1.0% (  -8% -   11%) 0.669
            MedTermDayTaxoFacets       88.52      (6.4%)       89.93      (7.3%)    1.6% ( -11% -   16%) 0.602
           BrowseMonthSSDVFacets       16.23     (11.4%)       16.62     (14.8%)    2.4% ( -21% -   32%) 0.687
           BrowseMonthTaxoFacets       35.87     (37.0%)       36.89     (26.1%)    2.8% ( -43% -  104%) 0.844
             LowIntervalsOrdered      627.43     (13.1%)      649.68      (6.2%)    3.5% ( -13% -   26%) 0.439
     BrowseRandomLabelSSDVFacets       11.26      (7.8%)       11.81      (7.0%)    4.9% (  -9% -   21%) 0.142
  iter 10
    armK:
      NOTE: using experimental CPU time profiler (see https://mostlynerdless.de/blog/2025/06/11/java-25s-new-cpu-time-profiler-1)
      log: /home/goankur/vsearch/logs/FAKc.armK.10 + stdout
      run: /usr/bin/perf stat -dd -e task-clock,cycles,instructions,cache-references,cache-misses,L1-dcache-loads,L1-dcache-load-misses,L1-icache-loads,L1-icache-load-misses,LLC-loads,LLC-load-misses,LLC-stores,LLC-store-misses,LLC-prefetches,LLC-prefetch-misses,faults,minor-faults,major-faults,branches,branch-misses,stalled-cycles-frontend,stalled-cycles-backend /home/goankur/jdk/corretto-25/bin/java -server -Xms2g -Xmx2g --add-modules jdk.incubator.vector -XX:+HeapDumpOnOutOfMemoryError -XX:+UseParallelGC -XX:StartFlightRecording=jdk.CPUTimeSample#enabled=true,dumponexit=true,maxsize=250M,settings=/home/goankur/vsearch/util/src/python/profiling.jfc,filename=/home/goankur/vsearch/logs/bench-search-FAKc-armK-10.jfr -XX:+UnlockDiagnosticVMOptions -XX:+DebugNonSafepoints -classpath /home/goankur/vsearch/bo/lucene-K/lucene/core/build/libs/lucene-core-11.0.0-SNAPSHOT.jar:/home/goankur/vsearch/bo/lucene-K/lucene/sandbox/build/classes/java/main:/home/goankur/vsearch/bo/lucene-K/lucene/misc/build/classes/java/main:/home/goankur/vsearch/bo/lucene-K/lucene/facet/build/classes/java/main:/home/goankur/vsearch/bo/lucene-K/lucene/analysis/common/build/classes/java/main:/home/goankur/vsearch/bo/lucene-K/lucene/analysis/icu/build/classes/java/main:/home/goankur/vsearch/bo/lucene-K/lucene/queryparser/build/classes/java/main:/home/goankur/vsearch/bo/lucene-K/lucene/grouping/build/classes/java/main:/home/goankur/vsearch/bo/lucene-K/lucene/suggest/build/classes/java/main:/home/goankur/vsearch/bo/lucene-K/lucene/highlighter/build/classes/java/main:/home/goankur/vsearch/bo/lucene-K/lucene/codecs/build/classes/java/main:/home/goankur/vsearch/bo/lucene-K/lucene/queries/build/classes/java/main:/home/goankur/vsearch/bo/lucene-K/lucene/join/build/classes/java/main:/home/goankur/vsearch/bo/lucene-K/lucene/spatial3d/build/classes/java/main:/home/goankur/vsearch/util/lib/HdrHistogram.jar:/home/goankur/vsearch/util/src/main/build/classes/java/main:/home/goankur/vsearch/util/build perf.SearchPerfTest -dirImpl MMapDirectory -indexPath /home/goankur/vsearch/indices/wikimedium10m.lucene-A.facets.taxonomy:Date.taxonomy:Month.taxonomy:DayOfYear.sortedset:Date.sortedset:Month.sortedset:DayOfYear.taxonomy:RandomLabel.sortedset:RandomLabel.Lucene90.Lucene104.dvfields.nd10M -facets taxonomy:Date;Date -facets taxonomy:Month;Month -facets taxonomy:DayOfYear;DayOfYear -facets sortedset:Date;Date -facets sortedset:Month;Month -facets sortedset:DayOfYear;DayOfYear -facets taxonomy:RandomLabel;RandomLabel -facets sortedset:RandomLabel;RandomLabel -analyzer StandardAnalyzer -taskSource /home/goankur/vsearch/util/tasks/wikimedium.10M.nostopwords.tasks -numConcurrentQueries 5 -taskRepeatCount 20 -field body -tasksPerCat 1 -searchConcurrency -1 -staticSeed -6766631 -seed -1383528 -similarity BM25Similarity -commit multi -hiliteImpl FastVectorHighlighter -log /home/goankur/vsearch/logs/FAKc.armK.10 -topN 100 -context  -pk -pollute
      9.7 s
      252.3 actual sustained QPS; -1.0 CPU cores used
    armA:
      NOTE: using experimental CPU time profiler (see https://mostlynerdless.de/blog/2025/06/11/java-25s-new-cpu-time-profiler-1)
      log: /home/goankur/vsearch/logs/FAKc.armA.10 + stdout
      run: /usr/bin/perf stat -dd -e task-clock,cycles,instructions,cache-references,cache-misses,L1-dcache-loads,L1-dcache-load-misses,L1-icache-loads,L1-icache-load-misses,LLC-loads,LLC-load-misses,LLC-stores,LLC-store-misses,LLC-prefetches,LLC-prefetch-misses,faults,minor-faults,major-faults,branches,branch-misses,stalled-cycles-frontend,stalled-cycles-backend /home/goankur/jdk/corretto-25/bin/java -server -Xms2g -Xmx2g --add-modules jdk.incubator.vector -XX:+HeapDumpOnOutOfMemoryError -XX:+UseParallelGC -XX:StartFlightRecording=jdk.CPUTimeSample#enabled=true,dumponexit=true,maxsize=250M,settings=/home/goankur/vsearch/util/src/python/profiling.jfc,filename=/home/goankur/vsearch/logs/bench-search-FAKc-armA-10.jfr -XX:+UnlockDiagnosticVMOptions -XX:+DebugNonSafepoints -classpath /home/goankur/vsearch/bo/lucene-A/lucene/core/build/libs/lucene-core-11.0.0-SNAPSHOT.jar:/home/goankur/vsearch/bo/lucene-A/lucene/sandbox/build/classes/java/main:/home/goankur/vsearch/bo/lucene-A/lucene/misc/build/classes/java/main:/home/goankur/vsearch/bo/lucene-A/lucene/facet/build/classes/java/main:/home/goankur/vsearch/bo/lucene-A/lucene/analysis/common/build/classes/java/main:/home/goankur/vsearch/bo/lucene-A/lucene/analysis/icu/build/classes/java/main:/home/goankur/vsearch/bo/lucene-A/lucene/queryparser/build/classes/java/main:/home/goankur/vsearch/bo/lucene-A/lucene/grouping/build/classes/java/main:/home/goankur/vsearch/bo/lucene-A/lucene/suggest/build/classes/java/main:/home/goankur/vsearch/bo/lucene-A/lucene/highlighter/build/classes/java/main:/home/goankur/vsearch/bo/lucene-A/lucene/codecs/build/classes/java/main:/home/goankur/vsearch/bo/lucene-A/lucene/queries/build/classes/java/main:/home/goankur/vsearch/bo/lucene-A/lucene/join/build/classes/java/main:/home/goankur/vsearch/bo/lucene-A/lucene/spatial3d/build/classes/java/main:/home/goankur/vsearch/util/lib/HdrHistogram.jar:/home/goankur/vsearch/util/src/main/build/classes/java/main:/home/goankur/vsearch/util/build perf.SearchPerfTest -dirImpl MMapDirectory -indexPath /home/goankur/vsearch/indices/wikimedium10m.lucene-A.facets.taxonomy:Date.taxonomy:Month.taxonomy:DayOfYear.sortedset:Date.sortedset:Month.sortedset:DayOfYear.taxonomy:RandomLabel.sortedset:RandomLabel.Lucene90.Lucene104.dvfields.nd10M -facets taxonomy:Date;Date -facets taxonomy:Month;Month -facets taxonomy:DayOfYear;DayOfYear -facets sortedset:Date;Date -facets sortedset:Month;Month -facets sortedset:DayOfYear;DayOfYear -facets taxonomy:RandomLabel;RandomLabel -facets sortedset:RandomLabel;RandomLabel -analyzer StandardAnalyzer -taskSource /home/goankur/vsearch/util/tasks/wikimedium.10M.nostopwords.tasks -numConcurrentQueries 5 -taskRepeatCount 20 -field body -tasksPerCat 1 -searchConcurrency -1 -staticSeed -6766631 -seed -1383528 -similarity BM25Similarity -commit multi -hiliteImpl FastVectorHighlighter -log /home/goankur/vsearch/logs/FAKc.armA.10 -topN 100 -context  -pk -pollute
      9.4 s
      249.3 actual sustained QPS; -1.0 CPU cores used

Report after iter 10:
QPSChart.supported == False
                            Task     P50 B     P50 C     Diff     P90 B     P90 C     Diff     P99 B     P99 C     Diff    P999 B    P999 C     Diff    P100 B    P100 C     Diff
           ('AndHighHigh', None)     1.618     1.800    11.2%     4.612     3.155   -31.6%     9.458     4.334   -54.2%     9.458     4.334   -54.2%    15.339    10.396   -32.2%
('AndHighHighDayTaxoFacets', None)    12.441    13.494     8.5%    24.540    41.171    67.8%    77.218    64.752   -16.1%    77.218    64.752   -16.1%   155.730   101.923   -34.6%
            ('AndHighLow', None)     0.459     0.565    23.1%     1.003     1.108    10.4%     1.086     1.399    28.9%     1.086     1.399    28.9%     1.952     2.146     9.9%
            ('AndHighMed', None)     0.819     1.039    26.8%     3.820     2.147   -43.8%     4.187     4.256     1.6%     4.187     4.256     1.6%     5.222    10.514   101.3%
('AndHighMedDayTaxoFacets', None)     3.891     3.840    -1.3%     9.196     6.715   -27.0%    14.303    15.421     7.8%    14.303    15.421     7.8%    28.779    18.968   -34.1%
     ('AndMissingHigh', 'Title')     0.261     0.345    32.0%     1.180     0.893   -24.3%     1.447     1.128   -22.0%     1.447     1.128   -22.0%     6.844     1.788   -73.9%
              ('BM25MSM2', None)    17.911    17.290    -3.5%    37.810    30.742   -18.7%   105.027    64.641   -38.5%   105.027    64.641   -38.5%   170.066   162.699    -4.3%
  ('BrowseDateSSDVFacets', None)   340.698   339.989    -0.2%   362.073   391.789     8.2%   420.152   414.264    -1.4%   420.152   414.264    -1.4%   560.346   611.794     9.2%
  ('BrowseDateTaxoFacets', None)    62.887    72.893    15.9%    87.777    92.520     5.4%   155.667    99.945   -35.8%   155.667    99.945   -35.8%   256.077   213.933   -16.5%
('BrowseDayOfYearSSDVFacets', None)    85.112    69.923   -17.8%   110.391    86.602   -21.5%   112.467   108.106    -3.9%   112.467   108.106    -3.9%   263.772   293.018    11.1%
('BrowseDayOfYearTaxoFacets', None)    61.163    65.664     7.4%    73.297    88.948    21.4%    74.116    90.723    22.4%    74.116    90.723    22.4%    75.471   118.084    56.5%
 ('BrowseMonthSSDVFacets', None)    49.400    63.265    28.1%    89.223    87.211    -2.3%   101.718   114.643    12.7%   101.718   114.643    12.7%   164.652   230.650    40.1%
 ('BrowseMonthTaxoFacets', None)    25.252    26.942     6.7%    80.503    74.947    -6.9%    84.593    77.164    -8.8%    84.593    77.164    -8.8%   177.714   200.330    12.7%
('BrowseRandomLabelSSDVFacets', None)    99.649    90.090    -9.6%   132.673   116.613   -12.1%   145.829   121.543   -16.7%   145.829   121.543   -16.7%   353.919   407.372    15.1%
('BrowseRandomLabelTaxoFacets', None)    77.021    85.919    11.6%    99.389   113.132    13.8%   148.885   142.161    -4.5%   148.885   142.161    -4.5%   179.940   181.863     1.1%
             ('ConstMSM2', None)     0.827     0.779    -5.8%     1.438     3.320   130.8%     6.444     4.434   -31.2%     6.444     4.434   -31.2%    18.122    16.595    -8.4%
                ('Fuzzy1', None)    11.639    11.264    -3.2%    13.872    14.553     4.9%    36.825    44.348    20.4%    36.825    44.348    20.4%    45.410    50.514    11.2%
                ('Fuzzy2', None)     9.916    11.046    11.4%    16.451    15.245    -7.3%    34.479    28.803   -16.5%    34.479    28.803   -16.5%    74.063    72.977    -1.5%
  ('HighIntervalsOrdered', None)    18.255    15.727   -13.9%    24.763    23.962    -3.2%    33.571    30.893    -8.0%    33.571    30.893    -8.0%    51.175    44.686   -12.7%
            ('HighPhrase', None)     5.491     5.132    -6.5%     8.751    11.177    27.7%    15.005    12.428   -17.2%    15.005    12.428   -17.2%    44.234    35.902   -18.8%
      ('HighSloppyPhrase', None)    10.197     9.378    -8.0%    15.995    11.459   -28.4%    24.386    34.566    41.7%    24.386    34.566    41.7%    63.272    46.956   -25.8%
          ('HighSpanNear', None)    15.726    15.707    -0.1%    25.090    25.123     0.1%    32.968    32.926    -0.1%    32.968    32.926    -0.1%   164.892   209.187    26.9%
              ('HighTerm', None)     0.885     0.907     2.5%    10.332     5.465   -47.1%    12.108     7.638   -36.9%    12.108     7.638   -36.9%    12.228    31.667   159.0%
('HighTermDayOfYearSort', 'DayOfYear')     2.333     2.074   -11.1%     5.838     5.141   -11.9%    11.165    37.436   235.3%    11.165    37.436   235.3%    59.715    49.968   -16.3%
  ('HighTermMonthSort', 'Month')     0.683     0.694     1.6%     1.630     1.275   -21.8%     1.634     2.677    63.8%     1.634     2.677    63.8%    25.647    27.272     6.3%
('HighTermTitleBDVSort', 'TitleBinary')    11.492    11.083    -3.6%    23.892    28.384    18.8%    27.578    32.091    16.4%    27.578    32.091    16.4%    90.184    97.483     8.1%
  ('HighTermTitleSort', 'Title')     7.523     9.005    19.7%    19.988    18.110    -9.4%    40.993    36.608   -10.7%    40.993    36.608   -10.7%    74.308   177.050   138.3%
                ('IntNRQ', None)     0.498     0.485    -2.6%     1.315     1.751    33.2%    10.499     3.081   -70.7%    10.499     3.081   -70.7%    31.750    43.320    36.4%
                ('IntSet', None)     1.624     1.914    17.9%     6.000     4.831   -19.5%    11.445     9.168   -19.9%    11.445     9.168   -19.9%    26.923    35.179    30.7%
   ('LowIntervalsOrdered', None)     1.668     1.705     2.2%     5.157     4.804    -6.8%     6.063     5.125   -15.5%     6.063     5.125   -15.5%    17.945     7.620   -57.5%
             ('LowPhrase', None)     2.563     3.259    27.2%     6.830     6.404    -6.2%     7.458     6.544   -12.2%     7.458     6.544   -12.2%    63.192    61.424    -2.8%
       ('LowSloppyPhrase', None)     5.329     6.132    15.1%    13.385     8.505   -36.5%    20.145    31.396    55.8%    20.145    31.396    55.8%    64.104    67.425     5.2%
           ('LowSpanNear', None)     4.931     5.116     3.8%    14.494    10.743   -25.9%    23.533    13.335   -43.3%    23.533    13.335   -43.3%    36.931    67.432    82.6%
               ('LowTerm', None)     0.465     0.566    21.7%     1.060     1.240    17.0%     1.413     2.919   106.6%     1.413     2.919   106.6%     4.993    34.799   597.0%
   ('MedIntervalsOrdered', None)     8.648     9.046     4.6%    18.434    17.985    -2.4%    29.073    26.324    -9.5%    29.073    26.324    -9.5%   131.966   107.437   -18.6%
             ('MedPhrase', None)     2.240     2.243     0.1%    11.411     3.071   -73.1%    11.588    23.735   104.8%    11.588    23.735   104.8%    19.444    26.286    35.2%
       ('MedSloppyPhrase', None)    13.265    13.090    -1.3%    31.238    19.880   -36.4%    51.633    21.592   -58.2%    51.633    21.592   -58.2%    61.383    38.135   -37.9%
           ('MedSpanNear', None)    12.590    12.883     2.3%    20.543    22.433     9.2%    21.409    29.572    38.1%    21.409    29.572    38.1%    37.691    62.472    65.7%
               ('MedTerm', None)     0.781     0.807     3.3%     5.749     1.630   -71.6%     6.131     2.347   -61.7%     6.131     2.347   -61.7%    13.826     4.127   -70.2%
  ('MedTermDayTaxoFacets', None)    13.726    12.252   -10.7%    39.119    15.905   -59.3%    42.150    19.468   -53.8%    42.150    19.468   -53.8%   238.621   204.838   -14.2%
            ('OrHighHigh', None)     2.444     2.058   -15.8%     8.771     6.543   -25.4%    11.810     8.191   -30.6%    11.810     8.191   -30.6%   196.804   139.185   -29.3%
             ('OrHighLow', None)     1.024     1.010    -1.4%     4.726     2.447   -48.2%     5.432     7.085    30.4%     5.432     7.085    30.4%   178.666   136.678   -23.5%
             ('OrHighMed', None)     0.880     0.964     9.5%     2.314     2.195    -5.2%     2.954     3.257    10.2%     2.954     3.257    10.2%    14.048    24.983    77.8%
('OrHighMedDayTaxoFacets', None)    51.348    50.916    -0.8%   152.606   104.733   -31.4%   229.753   208.978    -9.0%   229.753   208.978    -9.0%   293.376   539.589    83.9%
         ('OrHighNotHigh', None)     1.213     1.187    -2.2%     3.317     1.810   -45.4%    10.183     4.947   -51.4%    10.183     4.947   -51.4%    17.524    32.574    85.9%
          ('OrHighNotLow', None)     0.954     0.981     2.9%     4.035     1.721   -57.4%     4.334     2.381   -45.1%     4.334     2.381   -45.1%    11.232     6.844   -39.1%
          ('OrHighNotMed', None)     1.357     1.187   -12.5%     2.396     2.582     7.7%     2.896     3.533    22.0%     2.896     3.533    22.0%    15.396    13.175   -14.4%
         ('OrNotHighHigh', None)     1.175     1.177     0.2%     5.702     2.591   -54.6%     8.081     3.092   -61.7%     8.081     3.092   -61.7%   108.926   104.532    -4.0%
          ('OrNotHighLow', None)     0.782     0.824     5.4%     2.705     1.816   -32.9%     4.315     2.435   -43.6%     4.315     2.435   -43.6%   106.242   103.309    -2.8%
          ('OrNotHighMed', None)     0.850     1.024    20.4%     3.510     8.120   131.3%     5.469    10.858    98.5%     5.469    10.858    98.5%    10.286    12.680    23.3%
                   ('PKLookup',)     5.094     4.212   -17.3%    11.120     8.156   -26.7%    29.276    17.505   -40.2%    29.276    17.505   -40.2%    49.185    88.441    79.8%
               ('Prefix3', None)     1.866     2.005     7.5%     5.650     4.993   -11.6%    11.383    16.509    45.0%    11.383    16.509    45.0%    28.282    32.695    15.6%
                    ('Respell',)    20.010    19.042    -4.8%    26.758    24.832    -7.2%    41.864    30.536   -27.1%    41.864    30.536   -27.1%   218.694   239.916     9.7%
('TermDateTimeSort', 'DateTime')     2.157     2.181     1.1%    17.254    10.340   -40.1%    19.091    25.175    31.9%    19.091    25.175    31.9%    77.971    61.605   -21.0%
              ('Wildcard', None)     2.474     2.581     4.3%    16.642    14.595   -12.3%    17.211    27.301    58.6%    17.211    27.301    58.6%    17.563    40.189   128.8%
                 ('range', None)     0.208     0.196    -5.6%     0.574     0.584     1.8%     0.778     0.694   -10.7%     0.778     0.694   -10.7%     0.832     0.744   -10.7%
                            Task    QPS armA      StdDev    QPS armK      StdDev                Pct diff p-value
            BrowseDateTaxoFacets       20.98     (55.8%)       15.06      (4.5%)  -28.2% ( -56% -   72%) 0.095
       BrowseDayOfYearTaxoFacets       21.21     (55.8%)       15.79      (4.1%)  -25.5% ( -54% -   77%) 0.130
                      AndHighLow     2409.96      (5.8%)     1870.99      (4.7%)  -22.4% ( -31% -  -12%) 0.000
     BrowseRandomLabelTaxoFacets       15.18     (33.9%)       12.32      (3.4%)  -18.8% ( -41% -   27%) 0.066
                         Prefix3      674.29      (8.5%)      557.84     (12.1%)  -17.3% ( -34% -    3%) 0.000
                      AndHighMed     1326.10      (4.9%)     1120.77      (7.6%)  -15.5% ( -26% -   -3%) 0.000
                  AndMissingHigh     3764.82      (7.3%)     3246.60      (5.6%)  -13.8% ( -24% -    0%) 0.000
                         LowTerm     2299.41     (10.5%)     2036.28      (8.9%)  -11.4% ( -27% -    8%) 0.006
               HighTermTitleSort      130.19      (7.7%)      116.44      (4.8%)  -10.6% ( -21% -    2%) 0.000
                       OrHighMed     1146.85      (8.2%)     1031.65      (8.6%)  -10.0% ( -24% -    7%) 0.005
                    OrNotHighMed     1188.09      (6.1%)     1091.16      (6.3%)   -8.2% ( -19% -    4%) 0.002
                   OrHighNotHigh      879.13      (6.4%)      813.87      (8.2%)   -7.4% ( -20% -    7%) 0.018
                         MedTerm     1463.06     (11.2%)     1358.28     (10.4%)   -7.2% ( -25% -   16%) 0.120
                    OrNotHighLow     1438.21      (8.8%)     1337.85      (4.3%)   -7.0% ( -18% -    6%) 0.018
                       OrHighLow     1170.84      (5.6%)     1093.47      (5.5%)   -6.6% ( -16% -    4%) 0.005
                    OrHighNotLow     1052.58      (8.9%)      983.89      (8.5%)   -6.5% ( -21% -   11%) 0.077
                    OrHighNotMed      920.35      (5.6%)      862.52      (7.6%)   -6.3% ( -18% -    7%) 0.028
                     AndHighHigh      672.20      (7.3%)      632.28      (6.8%)   -5.9% ( -18% -    8%) 0.048
                        HighTerm     1216.14      (9.2%)     1148.68      (7.5%)   -5.5% ( -20% -   12%) 0.122
          OrHighMedDayTaxoFacets       21.26      (4.9%)       20.08      (4.8%)   -5.5% ( -14% -    4%) 0.007
                   OrNotHighHigh      924.24      (6.1%)      874.29      (6.2%)   -5.4% ( -16% -    7%) 0.039
               HighTermMonthSort     1534.74      (6.0%)     1452.60      (6.3%)   -5.4% ( -16% -    7%) 0.042
         AndHighMedDayTaxoFacets      274.99      (3.3%)      262.79      (3.0%)   -4.4% ( -10% -    1%) 0.001
                       LowPhrase      455.68      (3.3%)      435.71      (4.6%)   -4.4% ( -11% -    3%) 0.010
                      OrHighHigh      494.52      (9.6%)      477.24      (6.9%)   -3.5% ( -18% -   14%) 0.325
                          Fuzzy1       97.26      (8.9%)       94.13      (7.1%)   -3.2% ( -17% -   14%) 0.351
                 LowSloppyPhrase      186.30     (11.8%)      180.54     (11.0%)   -3.1% ( -23% -   22%) 0.524
                     LowSpanNear      207.77      (6.0%)      202.01      (4.6%)   -2.8% ( -12% -    8%) 0.225
                          IntNRQ     1903.22      (7.3%)     1850.54      (9.8%)   -2.8% ( -18% -   15%) 0.454
                 MedSloppyPhrase       75.98      (9.5%)       74.05      (7.0%)   -2.5% ( -17% -   15%) 0.474
                          IntSet      737.37      (6.8%)      720.38      (8.2%)   -2.3% ( -16% -   13%) 0.473
                       ConstMSM2     1298.29      (5.0%)     1268.81      (5.1%)   -2.3% ( -11% -    8%) 0.292
           HighTermDayOfYearSort      510.24      (9.0%)      499.14     (13.3%)   -2.2% ( -22% -   22%) 0.653
                        Wildcard      422.89      (3.6%)      414.40      (4.5%)   -2.0% (  -9% -    6%) 0.248
                      TermDTSort      447.89      (6.5%)      439.82      (7.6%)   -1.8% ( -14% -   13%) 0.548
                         Respell       56.31      (5.2%)       55.37      (6.2%)   -1.7% ( -12% -   10%) 0.497
            HighTermTitleBDVSort       92.53      (2.3%)       91.05      (3.7%)   -1.6% (  -7% -    4%) 0.219
                        PKLookup      223.54     (11.3%)      220.14     (11.0%)   -1.5% ( -21% -   23%) 0.749
                     MedSpanNear       85.91      (2.7%)       84.92      (3.7%)   -1.1% (  -7% -    5%) 0.400
                    HighSpanNear       63.63      (4.0%)       63.02      (1.7%)   -1.0% (  -6% -    4%) 0.459
                      HighPhrase      194.25      (2.8%)      192.41      (3.3%)   -0.9% (  -6% -    5%) 0.464
                HighSloppyPhrase      105.60     (12.7%)      104.63     (10.7%)   -0.9% ( -21% -   25%) 0.854
            BrowseDateSSDVFacets        2.96      (3.8%)        2.94      (5.3%)   -0.8% (  -9% -    8%) 0.687
                          Fuzzy2       96.45      (6.2%)       95.71      (7.0%)   -0.8% ( -13% -   13%) 0.785
                       MedPhrase      457.84      (6.4%)      454.91      (4.4%)   -0.6% ( -10% -   10%) 0.784
       BrowseDayOfYearSSDVFacets       15.66     (12.3%)       15.60      (7.2%)   -0.4% ( -17% -   21%) 0.926
           BrowseMonthSSDVFacets       16.60     (12.9%)       16.58     (13.7%)   -0.1% ( -23% -   30%) 0.983
                           range     5961.45      (8.5%)     5957.69     (11.5%)   -0.1% ( -18% -   21%) 0.988
            HighIntervalsOrdered       63.85      (8.5%)       63.83      (8.3%)   -0.0% ( -15% -   18%) 0.994
                        BM25MSM2       60.81      (4.4%)       60.84      (5.1%)    0.0% (  -9% -   10%) 0.982
        AndHighHighDayTaxoFacets       77.78      (4.9%)       77.84      (5.2%)    0.1% (  -9% -   10%) 0.972
             MedIntervalsOrdered      115.54      (5.5%)      115.97      (3.7%)    0.4% (  -8% -   10%) 0.852
            MedTermDayTaxoFacets       87.95      (6.4%)       89.37      (7.3%)    1.6% ( -11% -   16%) 0.582
           BrowseMonthTaxoFacets       36.31     (34.9%)       37.01     (24.5%)    1.9% ( -42% -   94%) 0.881
             LowIntervalsOrdered      631.32     (12.5%)      646.92      (6.1%)    2.5% ( -14% -   24%) 0.555
     BrowseRandomLabelSSDVFacets       11.18      (7.8%)       11.78      (6.7%)    5.4% (  -8% -   21%) 0.084
  iter 11
    armA:
      NOTE: using experimental CPU time profiler (see https://mostlynerdless.de/blog/2025/06/11/java-25s-new-cpu-time-profiler-1)
      log: /home/goankur/vsearch/logs/FAKc.armA.11 + stdout
      run: /usr/bin/perf stat -dd -e task-clock,cycles,instructions,cache-references,cache-misses,L1-dcache-loads,L1-dcache-load-misses,L1-icache-loads,L1-icache-load-misses,LLC-loads,LLC-load-misses,LLC-stores,LLC-store-misses,LLC-prefetches,LLC-prefetch-misses,faults,minor-faults,major-faults,branches,branch-misses,stalled-cycles-frontend,stalled-cycles-backend /home/goankur/jdk/corretto-25/bin/java -server -Xms2g -Xmx2g --add-modules jdk.incubator.vector -XX:+HeapDumpOnOutOfMemoryError -XX:+UseParallelGC -XX:StartFlightRecording=jdk.CPUTimeSample#enabled=true,dumponexit=true,maxsize=250M,settings=/home/goankur/vsearch/util/src/python/profiling.jfc,filename=/home/goankur/vsearch/logs/bench-search-FAKc-armA-11.jfr -XX:+UnlockDiagnosticVMOptions -XX:+DebugNonSafepoints -classpath /home/goankur/vsearch/bo/lucene-A/lucene/core/build/libs/lucene-core-11.0.0-SNAPSHOT.jar:/home/goankur/vsearch/bo/lucene-A/lucene/sandbox/build/classes/java/main:/home/goankur/vsearch/bo/lucene-A/lucene/misc/build/classes/java/main:/home/goankur/vsearch/bo/lucene-A/lucene/facet/build/classes/java/main:/home/goankur/vsearch/bo/lucene-A/lucene/analysis/common/build/classes/java/main:/home/goankur/vsearch/bo/lucene-A/lucene/analysis/icu/build/classes/java/main:/home/goankur/vsearch/bo/lucene-A/lucene/queryparser/build/classes/java/main:/home/goankur/vsearch/bo/lucene-A/lucene/grouping/build/classes/java/main:/home/goankur/vsearch/bo/lucene-A/lucene/suggest/build/classes/java/main:/home/goankur/vsearch/bo/lucene-A/lucene/highlighter/build/classes/java/main:/home/goankur/vsearch/bo/lucene-A/lucene/codecs/build/classes/java/main:/home/goankur/vsearch/bo/lucene-A/lucene/queries/build/classes/java/main:/home/goankur/vsearch/bo/lucene-A/lucene/join/build/classes/java/main:/home/goankur/vsearch/bo/lucene-A/lucene/spatial3d/build/classes/java/main:/home/goankur/vsearch/util/lib/HdrHistogram.jar:/home/goankur/vsearch/util/src/main/build/classes/java/main:/home/goankur/vsearch/util/build perf.SearchPerfTest -dirImpl MMapDirectory -indexPath /home/goankur/vsearch/indices/wikimedium10m.lucene-A.facets.taxonomy:Date.taxonomy:Month.taxonomy:DayOfYear.sortedset:Date.sortedset:Month.sortedset:DayOfYear.taxonomy:RandomLabel.sortedset:RandomLabel.Lucene90.Lucene104.dvfields.nd10M -facets taxonomy:Date;Date -facets taxonomy:Month;Month -facets taxonomy:DayOfYear;DayOfYear -facets sortedset:Date;Date -facets sortedset:Month;Month -facets sortedset:DayOfYear;DayOfYear -facets taxonomy:RandomLabel;RandomLabel -facets sortedset:RandomLabel;RandomLabel -analyzer StandardAnalyzer -taskSource /home/goankur/vsearch/util/tasks/wikimedium.10M.nostopwords.tasks -numConcurrentQueries 5 -taskRepeatCount 20 -field body -tasksPerCat 1 -searchConcurrency -1 -staticSeed -6766631 -seed -542276 -similarity BM25Similarity -commit multi -hiliteImpl FastVectorHighlighter -log /home/goankur/vsearch/logs/FAKc.armA.11 -topN 100 -context  -pk -pollute
      9.9 s
      252.3 actual sustained QPS; -1.0 CPU cores used
    armK:
      NOTE: using experimental CPU time profiler (see https://mostlynerdless.de/blog/2025/06/11/java-25s-new-cpu-time-profiler-1)
      log: /home/goankur/vsearch/logs/FAKc.armK.11 + stdout
      run: /usr/bin/perf stat -dd -e task-clock,cycles,instructions,cache-references,cache-misses,L1-dcache-loads,L1-dcache-load-misses,L1-icache-loads,L1-icache-load-misses,LLC-loads,LLC-load-misses,LLC-stores,LLC-store-misses,LLC-prefetches,LLC-prefetch-misses,faults,minor-faults,major-faults,branches,branch-misses,stalled-cycles-frontend,stalled-cycles-backend /home/goankur/jdk/corretto-25/bin/java -server -Xms2g -Xmx2g --add-modules jdk.incubator.vector -XX:+HeapDumpOnOutOfMemoryError -XX:+UseParallelGC -XX:StartFlightRecording=jdk.CPUTimeSample#enabled=true,dumponexit=true,maxsize=250M,settings=/home/goankur/vsearch/util/src/python/profiling.jfc,filename=/home/goankur/vsearch/logs/bench-search-FAKc-armK-11.jfr -XX:+UnlockDiagnosticVMOptions -XX:+DebugNonSafepoints -classpath /home/goankur/vsearch/bo/lucene-K/lucene/core/build/libs/lucene-core-11.0.0-SNAPSHOT.jar:/home/goankur/vsearch/bo/lucene-K/lucene/sandbox/build/classes/java/main:/home/goankur/vsearch/bo/lucene-K/lucene/misc/build/classes/java/main:/home/goankur/vsearch/bo/lucene-K/lucene/facet/build/classes/java/main:/home/goankur/vsearch/bo/lucene-K/lucene/analysis/common/build/classes/java/main:/home/goankur/vsearch/bo/lucene-K/lucene/analysis/icu/build/classes/java/main:/home/goankur/vsearch/bo/lucene-K/lucene/queryparser/build/classes/java/main:/home/goankur/vsearch/bo/lucene-K/lucene/grouping/build/classes/java/main:/home/goankur/vsearch/bo/lucene-K/lucene/suggest/build/classes/java/main:/home/goankur/vsearch/bo/lucene-K/lucene/highlighter/build/classes/java/main:/home/goankur/vsearch/bo/lucene-K/lucene/codecs/build/classes/java/main:/home/goankur/vsearch/bo/lucene-K/lucene/queries/build/classes/java/main:/home/goankur/vsearch/bo/lucene-K/lucene/join/build/classes/java/main:/home/goankur/vsearch/bo/lucene-K/lucene/spatial3d/build/classes/java/main:/home/goankur/vsearch/util/lib/HdrHistogram.jar:/home/goankur/vsearch/util/src/main/build/classes/java/main:/home/goankur/vsearch/util/build perf.SearchPerfTest -dirImpl MMapDirectory -indexPath /home/goankur/vsearch/indices/wikimedium10m.lucene-A.facets.taxonomy:Date.taxonomy:Month.taxonomy:DayOfYear.sortedset:Date.sortedset:Month.sortedset:DayOfYear.taxonomy:RandomLabel.sortedset:RandomLabel.Lucene90.Lucene104.dvfields.nd10M -facets taxonomy:Date;Date -facets taxonomy:Month;Month -facets taxonomy:DayOfYear;DayOfYear -facets sortedset:Date;Date -facets sortedset:Month;Month -facets sortedset:DayOfYear;DayOfYear -facets taxonomy:RandomLabel;RandomLabel -facets sortedset:RandomLabel;RandomLabel -analyzer StandardAnalyzer -taskSource /home/goankur/vsearch/util/tasks/wikimedium.10M.nostopwords.tasks -numConcurrentQueries 5 -taskRepeatCount 20 -field body -tasksPerCat 1 -searchConcurrency -1 -staticSeed -6766631 -seed -542276 -similarity BM25Similarity -commit multi -hiliteImpl FastVectorHighlighter -log /home/goankur/vsearch/logs/FAKc.armK.11 -topN 100 -context  -pk -pollute
      9.7 s
      239.0 actual sustained QPS; -1.0 CPU cores used

Report after iter 11:
QPSChart.supported == False
                            Task     P50 B     P50 C     Diff     P90 B     P90 C     Diff     P99 B     P99 C     Diff    P999 B    P999 C     Diff    P100 B    P100 C     Diff
           ('AndHighHigh', None)     1.678     1.917    14.3%     3.678     4.056    10.3%     5.702     5.600    -1.8%     5.702     5.600    -1.8%   149.214   106.035   -28.9%
('AndHighHighDayTaxoFacets', None)    13.491    13.540     0.4%    21.581    25.262    17.1%    23.874    27.428    14.9%    23.874    27.428    14.9%   281.248   308.249     9.6%
            ('AndHighLow', None)     0.399     0.515    29.3%     2.202     1.175   -46.6%     2.755     1.789   -35.1%     2.755     1.789   -35.1%     4.180     3.958    -5.3%
            ('AndHighMed', None)     0.844     0.940    11.3%     4.350     3.819   -12.2%     5.554     3.885   -30.1%     5.554     3.885   -30.1%     6.061     7.861    29.7%
('AndHighMedDayTaxoFacets', None)     3.732     3.831     2.6%    11.329     8.550   -24.5%    13.739    15.141    10.2%    13.739    15.141    10.2%    19.607    18.092    -7.7%
     ('AndMissingHigh', 'Title')     0.332     0.361     9.0%     1.016     1.829    80.1%     1.182     3.279   177.4%     1.182     3.279   177.4%    35.329     6.031   -82.9%
              ('BM25MSM2', None)    18.031    17.685    -1.9%    43.892    30.667   -30.1%    48.851    78.756    61.2%    48.851    78.756    61.2%   274.210   176.423   -35.7%
  ('BrowseDateSSDVFacets', None)   378.456   386.795     2.2%   477.873   455.049    -4.8%   479.515   461.090    -3.8%   479.515   461.090    -3.8%   769.512   826.669     7.4%
  ('BrowseDateTaxoFacets', None)    65.275    63.352    -2.9%    79.615    72.140    -9.4%    80.185    75.225    -6.2%    80.185    75.225    -6.2%   101.866    79.139   -22.3%
('BrowseDayOfYearSSDVFacets', None)    65.417    77.903    19.1%    82.798   103.366    24.8%    83.858   106.979    27.6%    83.858   106.979    27.6%    94.159   116.699    23.9%
('BrowseDayOfYearTaxoFacets', None)    60.121    58.629    -2.5%    78.525    75.543    -3.8%    80.410    80.785     0.5%    80.410    80.785     0.5%   380.444   534.153    40.4%
 ('BrowseMonthSSDVFacets', None)    63.236    46.534   -26.4%    84.605    58.901   -30.4%    86.127    61.575   -28.5%    86.127    61.575   -28.5%   140.222   200.587    43.0%
 ('BrowseMonthTaxoFacets', None)    82.385    82.158    -0.3%    94.233    92.069    -2.3%   126.284    96.575   -23.5%   126.284    96.575   -23.5%   219.685   282.482    28.6%
('BrowseRandomLabelSSDVFacets', None)    84.019    94.971    13.0%   124.358   140.173    12.7%   143.435   160.673    12.0%   143.435   160.673    12.0%   180.402   376.981   109.0%
('BrowseRandomLabelTaxoFacets', None)    85.255    77.773    -8.8%    99.671    98.340    -1.3%   128.863   117.008    -9.2%   128.863   117.008    -9.2%   142.817   134.934    -5.5%
             ('ConstMSM2', None)     0.943     0.842   -10.8%     2.101     1.948    -7.3%     4.268     2.530   -40.7%     4.268     2.530   -40.7%    17.927    17.400    -2.9%
                ('Fuzzy1', None)    11.296    11.180    -1.0%    23.325    19.581   -16.0%    24.507    24.448    -0.2%    24.507    24.448    -0.2%   153.465   149.557    -2.5%
                ('Fuzzy2', None)     9.279    11.817    27.3%    29.413    29.958     1.9%    31.175    36.247    16.3%    31.175    36.247    16.3%    39.845    38.187    -4.2%
  ('HighIntervalsOrdered', None)    15.915    18.224    14.5%    33.151    25.587   -22.8%    34.919    30.822   -11.7%    34.919    30.822   -11.7%   249.697   250.872     0.5%
            ('HighPhrase', None)     5.313     5.342     0.5%    10.848    10.080    -7.1%    13.173    11.565   -12.2%    13.173    11.565   -12.2%    13.258    20.830    57.1%
      ('HighSloppyPhrase', None)    11.071    12.571    13.6%    15.020    15.854     5.6%    16.118    16.247     0.8%    16.118    16.247     0.8%    78.164    72.670    -7.0%
          ('HighSpanNear', None)    16.518    16.439    -0.5%    28.908    27.861    -3.6%    30.294    28.065    -7.4%    30.294    28.065    -7.4%    49.147    35.757   -27.2%
              ('HighTerm', None)     0.854     0.907     6.2%     1.933     1.649   -14.7%     4.111     4.556    10.8%     4.111     4.556    10.8%    16.677     7.182   -56.9%
('HighTermDayOfYearSort', 'DayOfYear')     2.852     2.070   -27.4%     5.787     8.232    42.3%    10.567    10.549    -0.2%    10.567    10.549    -0.2%   142.827   115.547   -19.1%
  ('HighTermMonthSort', 'Month')     0.650     0.688     5.8%     1.976     2.228    12.8%     2.085     3.306    58.6%     2.085     3.306    58.6%    13.136    15.096    14.9%
('HighTermTitleBDVSort', 'TitleBinary')    11.184    10.722    -4.1%    26.206    22.343   -14.7%    26.774    23.830   -11.0%    26.774    23.830   -11.0%    67.399    50.891   -24.5%
  ('HighTermTitleSort', 'Title')     7.127     7.820     9.7%    19.667    21.242     8.0%    34.797    64.594    85.6%    34.797    64.594    85.6%    45.262    64.749    43.1%
                ('IntNRQ', None)     0.513     0.492    -4.1%     4.968     6.562    32.1%    14.618     9.434   -35.5%    14.618     9.434   -35.5%    83.416    46.108   -44.7%
                ('IntSet', None)     1.467     1.629    11.1%     5.708     6.151     7.8%    10.457     7.886   -24.6%    10.457     7.886   -24.6%    43.929    54.370    23.8%
   ('LowIntervalsOrdered', None)     1.698     1.764     3.9%     4.965     4.587    -7.6%    12.239     5.471   -55.3%    12.239     5.471   -55.3%    15.398    12.662   -17.8%
             ('LowPhrase', None)     2.957     3.472    17.4%     7.117     7.867    10.5%    12.791    11.561    -9.6%    12.791    11.561    -9.6%   194.008   179.400    -7.5%
       ('LowSloppyPhrase', None)     6.489     7.808    20.3%     9.865    10.326     4.7%    10.346    14.443    39.6%    10.346    14.443    39.6%    10.560    16.864    59.7%
           ('LowSpanNear', None)     5.694     5.737     0.8%     9.020     9.292     3.0%    10.801    11.186     3.6%    10.801    11.186     3.6%    12.958    20.431    57.7%
               ('LowTerm', None)     0.476     0.471    -1.1%     1.400     1.178   -15.9%     1.659     1.375   -17.1%     1.659     1.375   -17.1%     1.968     1.942    -1.3%
   ('MedIntervalsOrdered', None)     8.855     9.805    10.7%    17.721    23.693    33.7%    20.351    27.768    36.4%    20.351    27.768    36.4%    28.953    43.563    50.5%
             ('MedPhrase', None)     3.122     3.161     1.2%     6.458     6.812     5.5%     6.874     6.952     1.1%     6.874     6.952     1.1%   207.887   203.106    -2.3%
       ('MedSloppyPhrase', None)    13.984    18.717    33.8%    25.196    25.668     1.9%    35.484    41.662    17.4%    35.484    41.662    17.4%   267.277   240.960    -9.8%
           ('MedSpanNear', None)    11.900    12.783     7.4%    23.501    21.581    -8.2%    24.792    21.736   -12.3%    24.792    21.736   -12.3%   250.723   258.511     3.1%
               ('MedTerm', None)     0.715     0.769     7.4%     2.274     2.135    -6.1%     8.823     4.308   -51.2%     8.823     4.308   -51.2%    20.245    38.899    92.1%
  ('MedTermDayTaxoFacets', None)    11.985    11.490    -4.1%    30.405    24.776   -18.5%    40.716    34.884   -14.3%    40.716    34.884   -14.3%    41.456    43.717     5.5%
            ('OrHighHigh', None)     2.440     2.983    22.3%     8.824     6.070   -31.2%    14.162     7.619   -46.2%    14.162     7.619   -46.2%    14.850    29.041    95.6%
             ('OrHighLow', None)     0.848     1.076    26.8%     2.332     2.755    18.1%     2.413     5.009   107.6%     2.413     5.009   107.6%     3.020    13.553   348.7%
             ('OrHighMed', None)     0.815     1.003    23.1%     2.755     2.147   -22.1%     5.917     2.676   -54.8%     5.917     2.676   -54.8%     8.080    13.992    73.2%
('OrHighMedDayTaxoFacets', None)    50.301    49.550    -1.5%    72.700    75.812     4.3%   162.158   119.409   -26.4%   162.158   119.409   -26.4%   570.802   573.568     0.5%
         ('OrHighNotHigh', None)     1.215     1.271     4.6%    12.749     5.897   -53.7%    13.288     8.421   -36.6%    13.288     8.421   -36.6%    18.079    10.239   -43.4%
          ('OrHighNotLow', None)     0.955     1.128    18.2%     4.923     3.079   -37.5%     6.819     4.620   -32.2%     6.819     4.620   -32.2%   127.616   140.509    10.1%
          ('OrHighNotMed', None)     1.085     1.091     0.5%     2.978     3.551    19.2%     5.324     3.938   -26.0%     5.324     3.938   -26.0%     8.902     8.567    -3.8%
         ('OrNotHighHigh', None)     1.089     1.198    10.0%     2.874     7.702   168.0%     9.730     8.895    -8.6%     9.730     8.895    -8.6%    14.059    11.140   -20.8%
          ('OrNotHighLow', None)     0.636     0.775    21.9%     1.793     1.766    -1.5%     2.001     2.342    17.1%     2.001     2.342    17.1%     4.124     4.428     7.4%
          ('OrNotHighMed', None)     0.803     1.026    27.9%     3.617     2.487   -31.2%     4.711     5.069     7.6%     4.711     5.069     7.6%     5.178     7.848    51.6%
                   ('PKLookup',)     5.376     5.446     1.3%     8.502     8.399    -1.2%    13.881    10.516   -24.2%    13.881    10.516   -24.2%    27.359    22.808   -16.6%
               ('Prefix3', None)     1.937     1.540   -20.5%     6.833    10.360    51.6%    25.849    14.249   -44.9%    25.849    14.249   -44.9%    37.211   135.552   264.3%
                    ('Respell',)    20.140    17.148   -14.9%    39.593    26.220   -33.8%    41.976    44.831     6.8%    41.976    44.831     6.8%   135.009    84.478   -37.4%
('TermDateTimeSort', 'DateTime')     2.436     2.578     5.8%     7.229     5.189   -28.2%    18.296     6.646   -63.7%    18.296     6.646   -63.7%   117.482    45.309   -61.4%
              ('Wildcard', None)     2.459     2.698     9.7%     6.162     7.600    23.3%    11.364     9.175   -19.3%    11.364     9.175   -19.3%   118.391   170.888    44.3%
                 ('range', None)     0.191     0.199     4.5%     0.541     0.435   -19.5%     0.687     0.965    40.5%     0.687     0.965    40.5%     0.934     0.977     4.6%
                            Task    QPS armA      StdDev    QPS armK      StdDev                Pct diff p-value
            BrowseDateTaxoFacets       20.52     (54.9%)       15.19      (4.9%)  -26.0% ( -55% -   75%) 0.103
       BrowseDayOfYearTaxoFacets       20.83     (54.5%)       15.91      (4.5%)  -23.6% ( -53% -   77%) 0.134
                      AndHighLow     2424.70      (5.9%)     1885.40      (4.9%)  -22.2% ( -31% -  -12%) 0.000
     BrowseRandomLabelTaxoFacets       14.94     (33.3%)       12.42      (3.9%)  -16.9% ( -40% -   30%) 0.081
                         Prefix3      672.70      (8.1%)      569.25     (13.0%)  -15.4% ( -33% -    6%) 0.001
                      AndHighMed     1320.64      (4.9%)     1123.21      (7.3%)  -14.9% ( -25% -   -2%) 0.000
                  AndMissingHigh     3724.58      (8.0%)     3241.39      (5.4%)  -13.0% ( -24% -    0%) 0.000
                       OrHighMed     1159.57      (8.6%)     1031.74      (8.1%)  -11.0% ( -25% -    6%) 0.001
                         LowTerm     2300.77     (10.0%)     2053.23      (8.9%)  -10.8% ( -26% -    9%) 0.005
               HighTermTitleSort      131.43      (8.0%)      117.71      (5.6%)  -10.4% ( -22% -    3%) 0.000
                    OrNotHighMed     1200.36      (6.8%)     1092.92      (6.0%)   -9.0% ( -20% -    4%) 0.001
                     AndHighHigh      679.32      (7.8%)      624.36      (7.6%)   -8.1% ( -21% -    7%) 0.010
                    OrNotHighLow     1451.36      (8.9%)     1339.51      (4.1%)   -7.7% ( -18% -    5%) 0.006
                   OrHighNotHigh      883.17      (6.3%)      816.48      (7.8%)   -7.6% ( -20% -    7%) 0.009
                       OrHighLow     1173.57      (5.4%)     1087.05      (5.6%)   -7.4% ( -17% -    3%) 0.001
                    OrHighNotLow     1055.83      (8.5%)      982.21      (8.1%)   -7.0% ( -21% -   10%) 0.039
                         MedTerm     1462.55     (10.7%)     1361.89      (9.9%)   -6.9% ( -24% -   15%) 0.102
                    OrHighNotMed      924.27      (5.5%)      868.52      (7.6%)   -6.0% ( -18% -    7%) 0.026
               HighTermMonthSort     1541.96      (5.9%)     1459.37      (6.2%)   -5.4% ( -16% -    7%) 0.030
                   OrNotHighHigh      924.62      (5.8%)      875.24      (5.9%)   -5.3% ( -16% -    6%) 0.026
                        HighTerm     1217.74      (8.8%)     1152.81      (7.2%)   -5.3% ( -19% -   11%) 0.105
          OrHighMedDayTaxoFacets       21.15      (5.0%)       20.11      (4.6%)   -4.9% ( -13% -    4%) 0.013
                 LowSloppyPhrase      185.18     (11.5%)      176.39     (13.1%)   -4.7% ( -26% -   22%) 0.344
                       LowPhrase      449.77      (5.6%)      428.99      (6.8%)   -4.6% ( -16% -    8%) 0.068
                      OrHighHigh      489.17     (10.0%)      466.86      (9.9%)   -4.6% ( -22% -   17%) 0.261
                 MedSloppyPhrase       75.75      (9.1%)       72.49      (9.8%)   -4.3% ( -21% -   16%) 0.266
         AndHighMedDayTaxoFacets      274.79      (3.1%)      263.03      (2.9%)   -4.3% ( -10% -    1%) 0.001
                          Fuzzy1       97.64      (8.6%)       93.94      (6.8%)   -3.8% ( -17% -   12%) 0.230
                          IntSet      739.42      (6.5%)      716.52      (8.0%)   -3.1% ( -16% -   12%) 0.299
                     LowSpanNear      206.91      (5.9%)      200.86      (4.8%)   -2.9% ( -12% -    8%) 0.185
                          Fuzzy2       97.75      (7.5%)       95.18      (6.8%)   -2.6% ( -15% -   12%) 0.369
                          IntNRQ     1909.93      (7.1%)     1867.28      (9.8%)   -2.2% ( -17% -   15%) 0.522
                        Wildcard      422.27      (3.5%)      414.12      (4.3%)   -1.9% (  -9% -    6%) 0.226
           HighTermDayOfYearSort      508.92      (8.7%)      499.56     (12.7%)   -1.8% ( -21% -   21%) 0.679
                      TermDTSort      445.68      (6.4%)      438.26      (7.3%)   -1.7% ( -14% -   12%) 0.554
                HighSloppyPhrase      104.68     (12.6%)      103.12     (11.4%)   -1.5% ( -22% -   25%) 0.762
       BrowseDayOfYearSSDVFacets       15.73     (11.7%)       15.50      (7.2%)   -1.5% ( -18% -   19%) 0.710
                       ConstMSM2     1283.43      (6.3%)     1264.80      (5.0%)   -1.5% ( -12% -   10%) 0.532
                     MedSpanNear       85.87      (2.5%)       84.62      (3.7%)   -1.4% (  -7% -    4%) 0.263
                        PKLookup      220.73     (11.8%)      217.88     (11.2%)   -1.3% ( -21% -   24%) 0.784
                       MedPhrase      452.55      (7.4%)      446.81      (7.5%)   -1.3% ( -15% -   14%) 0.677
            HighTermTitleBDVSort       92.39      (2.2%)       91.26      (3.6%)   -1.2% (  -6% -    4%) 0.317
                           range     5980.49      (8.2%)     5909.14     (11.3%)   -1.2% ( -19% -   19%) 0.766
                      HighPhrase      194.18      (2.7%)      192.06      (3.2%)   -1.1% (  -6% -    4%) 0.363
            HighIntervalsOrdered       63.77      (8.1%)       63.12      (8.8%)   -1.0% ( -16% -   17%) 0.767
                    HighSpanNear       63.46      (3.9%)       62.92      (1.7%)   -0.8% (  -6% -    4%) 0.494
            BrowseDateSSDVFacets        2.94      (4.8%)        2.91      (6.0%)   -0.8% ( -11% -   10%) 0.708
             MedIntervalsOrdered      115.41      (5.2%)      114.87      (4.9%)   -0.5% ( -10% -   10%) 0.820
                         Respell       55.86      (5.7%)       55.72      (6.3%)   -0.3% ( -11% -   12%) 0.919
        AndHighHighDayTaxoFacets       77.76      (4.6%)       77.83      (4.9%)    0.1% (  -9% -   10%) 0.964
                        BM25MSM2       60.38      (4.9%)       60.53      (5.2%)    0.2% (  -9% -   10%) 0.904
             LowIntervalsOrdered      630.81     (11.9%)      642.66      (6.2%)    1.9% ( -14% -   22%) 0.629
           BrowseMonthTaxoFacets       34.30     (40.7%)       34.95     (32.3%)    1.9% ( -50% -  126%) 0.900
            MedTermDayTaxoFacets       87.66      (6.3%)       89.46      (7.0%)    2.0% ( -10% -   16%) 0.450
           BrowseMonthSSDVFacets       16.59     (12.3%)       17.00     (15.7%)    2.5% ( -22% -   34%) 0.670
     BrowseRandomLabelSSDVFacets       11.26      (7.8%)       11.70      (6.8%)    3.9% (  -9% -   20%) 0.194
  iter 12
    armK:
      NOTE: using experimental CPU time profiler (see https://mostlynerdless.de/blog/2025/06/11/java-25s-new-cpu-time-profiler-1)
      log: /home/goankur/vsearch/logs/FAKc.armK.12 + stdout
      run: /usr/bin/perf stat -dd -e task-clock,cycles,instructions,cache-references,cache-misses,L1-dcache-loads,L1-dcache-load-misses,L1-icache-loads,L1-icache-load-misses,LLC-loads,LLC-load-misses,LLC-stores,LLC-store-misses,LLC-prefetches,LLC-prefetch-misses,faults,minor-faults,major-faults,branches,branch-misses,stalled-cycles-frontend,stalled-cycles-backend /home/goankur/jdk/corretto-25/bin/java -server -Xms2g -Xmx2g --add-modules jdk.incubator.vector -XX:+HeapDumpOnOutOfMemoryError -XX:+UseParallelGC -XX:StartFlightRecording=jdk.CPUTimeSample#enabled=true,dumponexit=true,maxsize=250M,settings=/home/goankur/vsearch/util/src/python/profiling.jfc,filename=/home/goankur/vsearch/logs/bench-search-FAKc-armK-12.jfr -XX:+UnlockDiagnosticVMOptions -XX:+DebugNonSafepoints -classpath /home/goankur/vsearch/bo/lucene-K/lucene/core/build/libs/lucene-core-11.0.0-SNAPSHOT.jar:/home/goankur/vsearch/bo/lucene-K/lucene/sandbox/build/classes/java/main:/home/goankur/vsearch/bo/lucene-K/lucene/misc/build/classes/java/main:/home/goankur/vsearch/bo/lucene-K/lucene/facet/build/classes/java/main:/home/goankur/vsearch/bo/lucene-K/lucene/analysis/common/build/classes/java/main:/home/goankur/vsearch/bo/lucene-K/lucene/analysis/icu/build/classes/java/main:/home/goankur/vsearch/bo/lucene-K/lucene/queryparser/build/classes/java/main:/home/goankur/vsearch/bo/lucene-K/lucene/grouping/build/classes/java/main:/home/goankur/vsearch/bo/lucene-K/lucene/suggest/build/classes/java/main:/home/goankur/vsearch/bo/lucene-K/lucene/highlighter/build/classes/java/main:/home/goankur/vsearch/bo/lucene-K/lucene/codecs/build/classes/java/main:/home/goankur/vsearch/bo/lucene-K/lucene/queries/build/classes/java/main:/home/goankur/vsearch/bo/lucene-K/lucene/join/build/classes/java/main:/home/goankur/vsearch/bo/lucene-K/lucene/spatial3d/build/classes/java/main:/home/goankur/vsearch/util/lib/HdrHistogram.jar:/home/goankur/vsearch/util/src/main/build/classes/java/main:/home/goankur/vsearch/util/build perf.SearchPerfTest -dirImpl MMapDirectory -indexPath /home/goankur/vsearch/indices/wikimedium10m.lucene-A.facets.taxonomy:Date.taxonomy:Month.taxonomy:DayOfYear.sortedset:Date.sortedset:Month.sortedset:DayOfYear.taxonomy:RandomLabel.sortedset:RandomLabel.Lucene90.Lucene104.dvfields.nd10M -facets taxonomy:Date;Date -facets taxonomy:Month;Month -facets taxonomy:DayOfYear;DayOfYear -facets sortedset:Date;Date -facets sortedset:Month;Month -facets sortedset:DayOfYear;DayOfYear -facets taxonomy:RandomLabel;RandomLabel -facets sortedset:RandomLabel;RandomLabel -analyzer StandardAnalyzer -taskSource /home/goankur/vsearch/util/tasks/wikimedium.10M.nostopwords.tasks -numConcurrentQueries 5 -taskRepeatCount 20 -field body -tasksPerCat 1 -searchConcurrency -1 -staticSeed -6766631 -seed -9147772 -similarity BM25Similarity -commit multi -hiliteImpl FastVectorHighlighter -log /home/goankur/vsearch/logs/FAKc.armK.12 -topN 100 -context  -pk -pollute
      9.6 s
      243.2 actual sustained QPS; -1.0 CPU cores used
    armA:
      NOTE: using experimental CPU time profiler (see https://mostlynerdless.de/blog/2025/06/11/java-25s-new-cpu-time-profiler-1)
      log: /home/goankur/vsearch/logs/FAKc.armA.12 + stdout
      run: /usr/bin/perf stat -dd -e task-clock,cycles,instructions,cache-references,cache-misses,L1-dcache-loads,L1-dcache-load-misses,L1-icache-loads,L1-icache-load-misses,LLC-loads,LLC-load-misses,LLC-stores,LLC-store-misses,LLC-prefetches,LLC-prefetch-misses,faults,minor-faults,major-faults,branches,branch-misses,stalled-cycles-frontend,stalled-cycles-backend /home/goankur/jdk/corretto-25/bin/java -server -Xms2g -Xmx2g --add-modules jdk.incubator.vector -XX:+HeapDumpOnOutOfMemoryError -XX:+UseParallelGC -XX:StartFlightRecording=jdk.CPUTimeSample#enabled=true,dumponexit=true,maxsize=250M,settings=/home/goankur/vsearch/util/src/python/profiling.jfc,filename=/home/goankur/vsearch/logs/bench-search-FAKc-armA-12.jfr -XX:+UnlockDiagnosticVMOptions -XX:+DebugNonSafepoints -classpath /home/goankur/vsearch/bo/lucene-A/lucene/core/build/libs/lucene-core-11.0.0-SNAPSHOT.jar:/home/goankur/vsearch/bo/lucene-A/lucene/sandbox/build/classes/java/main:/home/goankur/vsearch/bo/lucene-A/lucene/misc/build/classes/java/main:/home/goankur/vsearch/bo/lucene-A/lucene/facet/build/classes/java/main:/home/goankur/vsearch/bo/lucene-A/lucene/analysis/common/build/classes/java/main:/home/goankur/vsearch/bo/lucene-A/lucene/analysis/icu/build/classes/java/main:/home/goankur/vsearch/bo/lucene-A/lucene/queryparser/build/classes/java/main:/home/goankur/vsearch/bo/lucene-A/lucene/grouping/build/classes/java/main:/home/goankur/vsearch/bo/lucene-A/lucene/suggest/build/classes/java/main:/home/goankur/vsearch/bo/lucene-A/lucene/highlighter/build/classes/java/main:/home/goankur/vsearch/bo/lucene-A/lucene/codecs/build/classes/java/main:/home/goankur/vsearch/bo/lucene-A/lucene/queries/build/classes/java/main:/home/goankur/vsearch/bo/lucene-A/lucene/join/build/classes/java/main:/home/goankur/vsearch/bo/lucene-A/lucene/spatial3d/build/classes/java/main:/home/goankur/vsearch/util/lib/HdrHistogram.jar:/home/goankur/vsearch/util/src/main/build/classes/java/main:/home/goankur/vsearch/util/build perf.SearchPerfTest -dirImpl MMapDirectory -indexPath /home/goankur/vsearch/indices/wikimedium10m.lucene-A.facets.taxonomy:Date.taxonomy:Month.taxonomy:DayOfYear.sortedset:Date.sortedset:Month.sortedset:DayOfYear.taxonomy:RandomLabel.sortedset:RandomLabel.Lucene90.Lucene104.dvfields.nd10M -facets taxonomy:Date;Date -facets taxonomy:Month;Month -facets taxonomy:DayOfYear;DayOfYear -facets sortedset:Date;Date -facets sortedset:Month;Month -facets sortedset:DayOfYear;DayOfYear -facets taxonomy:RandomLabel;RandomLabel -facets sortedset:RandomLabel;RandomLabel -analyzer StandardAnalyzer -taskSource /home/goankur/vsearch/util/tasks/wikimedium.10M.nostopwords.tasks -numConcurrentQueries 5 -taskRepeatCount 20 -field body -tasksPerCat 1 -searchConcurrency -1 -staticSeed -6766631 -seed -9147772 -similarity BM25Similarity -commit multi -hiliteImpl FastVectorHighlighter -log /home/goankur/vsearch/logs/FAKc.armA.12 -topN 100 -context  -pk -pollute
      9.7 s
      240.5 actual sustained QPS; -1.0 CPU cores used

Report after iter 12:
QPSChart.supported == False
                            Task     P50 B     P50 C     Diff     P90 B     P90 C     Diff     P99 B     P99 C     Diff    P999 B    P999 C     Diff    P100 B    P100 C     Diff
           ('AndHighHigh', None)     1.454     1.583     8.8%     5.378     4.618   -14.1%     9.716    16.219    66.9%     9.716    16.219    66.9%   142.127    50.272   -64.6%
('AndHighHighDayTaxoFacets', None)    13.169    11.970    -9.1%    20.463    21.417     4.7%    25.270    23.714    -6.2%    25.270    23.714    -6.2%    62.312    61.660    -1.0%
            ('AndHighLow', None)     0.493     0.512     3.8%     0.870     1.442    65.6%     1.788     1.570   -12.2%     1.788     1.570   -12.2%     8.904    29.335   229.5%
            ('AndHighMed', None)     0.701     0.795    13.4%     2.647     2.998    13.2%     3.537     4.499    27.2%     3.537     4.499    27.2%     6.383    15.632   144.9%
('AndHighMedDayTaxoFacets', None)     4.000     3.859    -3.5%     8.108     7.888    -2.7%    10.213     9.379    -8.2%    10.213     9.379    -8.2%   271.545   258.409    -4.8%
     ('AndMissingHigh', 'Title')     0.282     0.346    22.7%     0.839     0.606   -27.8%     1.017     1.734    70.5%     1.017     1.734    70.5%    10.919    15.807    44.8%
              ('BM25MSM2', None)    17.940    15.609   -13.0%    33.371    28.183   -15.5%    72.646    52.780   -27.3%    72.646    52.780   -27.3%   223.744   193.603   -13.5%
  ('BrowseDateSSDVFacets', None)   391.785   389.986    -0.5%   427.547   449.151     5.1%   438.425   453.510     3.4%   438.425   453.510     3.4%   501.343   793.312    58.2%
  ('BrowseDateTaxoFacets', None)    72.485    74.047     2.2%    88.793    83.397    -6.1%    90.350    94.381     4.5%    90.350    94.381     4.5%   169.418   117.865   -30.4%
('BrowseDayOfYearSSDVFacets', None)    64.570    59.649    -7.6%    85.488    85.042    -0.5%   115.235    85.046   -26.2%   115.235    85.046   -26.2%   261.698   287.691     9.9%
('BrowseDayOfYearTaxoFacets', None)    69.805    62.579   -10.4%    88.173    86.473    -1.9%    93.548    94.635     1.2%    93.548    94.635     1.2%   136.685   138.684     1.5%
 ('BrowseMonthSSDVFacets', None)    59.876    68.393    14.2%    81.037    81.398     0.4%   118.223    82.679   -30.1%   118.223    82.679   -30.1%   247.064   274.192    11.0%
 ('BrowseMonthTaxoFacets', None)    25.529    24.402    -4.4%    66.298    68.732     3.7%    73.788    76.019     3.0%    73.788    76.019     3.0%   152.875   138.465    -9.4%
('BrowseRandomLabelSSDVFacets', None)    88.186    92.912     5.4%   113.488   113.880     0.3%   145.727   132.635    -9.0%   145.727   132.635    -9.0%   393.967   445.063    13.0%
('BrowseRandomLabelTaxoFacets', None)    98.244    85.472   -13.0%   111.165   104.391    -6.1%   138.200   120.038   -13.1%   138.200   120.038   -13.1%   144.468   136.775    -5.3%
             ('ConstMSM2', None)     0.791     0.902    14.0%     2.681     1.880   -29.9%     4.908     3.868   -21.2%     4.908     3.868   -21.2%    23.866     7.087   -70.3%
                ('Fuzzy1', None)    10.535    12.447    18.2%    19.319    16.058   -16.9%    22.723    17.663   -22.3%    22.723    17.663   -22.3%   127.198   184.438    45.0%
                ('Fuzzy2', None)    11.243    10.082   -10.3%    19.530    14.053   -28.0%    27.211    15.666   -42.4%    27.211    15.666   -42.4%    38.330    35.613    -7.1%
  ('HighIntervalsOrdered', None)    16.552    18.011     8.8%    24.143    25.356     5.0%    50.050    51.593     3.1%    50.050    51.593     3.1%   335.275   170.543   -49.1%
            ('HighPhrase', None)     5.168     5.330     3.1%    11.521     9.237   -19.8%    12.110    11.151    -7.9%    12.110    11.151    -7.9%    99.043    89.193    -9.9%
      ('HighSloppyPhrase', None)     8.877    10.244    15.4%    13.409    12.588    -6.1%    16.993    17.920     5.5%    16.993    17.920     5.5%    99.441   103.713     4.3%
          ('HighSpanNear', None)    16.825    16.632    -1.1%    21.535    21.407    -0.6%    27.075    26.693    -1.4%    27.075    26.693    -1.4%    78.547    75.830    -3.5%
              ('HighTerm', None)     0.831     0.953    14.7%     4.262     3.836   -10.0%     4.903     4.984     1.7%     4.903     4.984     1.7%     9.784     8.960    -8.4%
('HighTermDayOfYearSort', 'DayOfYear')     1.785     1.983    11.0%    10.726     6.887   -35.8%    16.845    10.784   -36.0%    16.845    10.784   -36.0%    80.469    46.134   -42.7%
  ('HighTermMonthSort', 'Month')     0.695     0.630    -9.3%     1.481     1.242   -16.1%     1.999     1.707   -14.6%     1.999     1.707   -14.6%    19.616    22.092    12.6%
('HighTermTitleBDVSort', 'TitleBinary')    11.438    11.156    -2.5%    17.015    17.177     1.0%    19.432    19.227    -1.1%    19.432    19.227    -1.1%   122.576   160.596    31.0%
  ('HighTermTitleSort', 'Title')     7.679     8.497    10.7%    19.712    20.094     1.9%    36.499    30.585   -16.2%    36.499    30.585   -16.2%    54.894    40.427   -26.4%
                ('IntNRQ', None)     0.575     0.523    -9.1%     1.404     3.683   162.2%     3.218     5.831    81.2%     3.218     5.831    81.2%    38.294    30.001   -21.7%
                ('IntSet', None)     1.298     1.376     6.0%     7.886     5.815   -26.3%     7.960    11.189    40.6%     7.960    11.189    40.6%    20.275    13.023   -35.8%
   ('LowIntervalsOrdered', None)     1.618     1.614    -0.3%     3.490     3.374    -3.3%     5.033     9.658    91.9%     5.033     9.658    91.9%     9.970    28.174   182.6%
             ('LowPhrase', None)     2.233     2.068    -7.4%     3.993     6.515    63.2%     6.431     7.525    17.0%     6.431     7.525    17.0%    18.515    22.067    19.2%
       ('LowSloppyPhrase', None)     5.590     5.797     3.7%     7.881     7.451    -5.5%     8.056     8.233     2.2%     8.056     8.233     2.2%    23.513    28.458    21.0%
           ('LowSpanNear', None)     5.115     5.036    -1.5%     7.913     7.371    -6.9%    10.013     7.687   -23.2%    10.013     7.687   -23.2%    32.149    10.829   -66.3%
               ('LowTerm', None)     0.473     0.526    11.3%     1.365     0.883   -35.3%     6.551     1.118   -82.9%     6.551     1.118   -82.9%    25.026    24.045    -3.9%
   ('MedIntervalsOrdered', None)     8.731     8.733     0.0%    17.570    15.834    -9.9%    30.415    22.266   -26.8%    30.415    22.266   -26.8%    53.710    37.207   -30.7%
             ('MedPhrase', None)     2.166     2.086    -3.7%     4.940     6.957    40.8%     6.507     7.671    17.9%     6.507     7.671    17.9%     8.141    28.053   244.6%
       ('MedSloppyPhrase', None)    13.556    13.863     2.3%    19.670    21.003     6.8%    19.856    21.697     9.3%    19.856    21.697     9.3%    39.596    21.914   -44.7%
           ('MedSpanNear', None)    11.872    11.864    -0.1%    23.276    23.798     2.2%    31.295    25.665   -18.0%    31.295    25.665   -18.0%   238.041   174.734   -26.6%
               ('MedTerm', None)     0.734     0.727    -1.0%     2.036     1.518   -25.4%     5.256     2.467   -53.1%     5.256     2.467   -53.1%     6.391    13.328   108.5%
  ('MedTermDayTaxoFacets', None)    12.757    13.028     2.1%    19.089    19.095     0.0%    30.318    21.004   -30.7%    30.318    21.004   -30.7%    51.335    53.790     4.8%
            ('OrHighHigh', None)     2.005     1.988    -0.9%     6.697     7.195     7.4%    12.945     7.508   -42.0%    12.945     7.508   -42.0%    82.522   104.195    26.3%
             ('OrHighLow', None)     0.970     1.047     7.9%     2.234     1.679   -24.9%     2.706     3.432    26.8%     2.706     3.432    26.8%   170.832   216.334    26.6%
             ('OrHighMed', None)     0.956     1.086    13.7%     2.107     2.077    -1.5%     4.355     4.486     3.0%     4.355     4.486     3.0%    12.185     6.075   -50.1%
('OrHighMedDayTaxoFacets', None)    48.731    53.393     9.6%    63.477    63.134    -0.5%   119.385   157.291    31.8%   119.385   157.291    31.8%   417.295   341.868   -18.1%
         ('OrHighNotHigh', None)     1.246     1.255     0.8%     3.564     3.226    -9.5%    16.840     8.042   -52.2%    16.840     8.042   -52.2%    26.404     8.501   -67.8%
          ('OrHighNotLow', None)     0.963     0.969     0.7%     2.594     2.753     6.1%     3.297     9.472   187.2%     3.297     9.472   187.2%    17.560    25.475    45.1%
          ('OrHighNotMed', None)     0.978     1.101    12.6%     2.753     3.019     9.7%    10.313     9.091   -11.8%    10.313     9.091   -11.8%    11.154     9.230   -17.2%
         ('OrNotHighHigh', None)     1.028     1.148    11.7%     2.262     4.479    98.0%     2.641     9.558   262.0%     2.641     9.558   262.0%   124.985   163.706    31.0%
          ('OrNotHighLow', None)     0.630     0.708    12.4%     1.349     1.483     9.9%     1.669     3.966   137.6%     1.669     3.966   137.6%    14.257    22.783    59.8%
          ('OrNotHighMed', None)     0.857     0.909     6.1%     1.470     1.648    12.1%     1.483     2.674    80.4%     1.483     2.674    80.4%     5.044     4.908    -2.7%
                   ('PKLookup',)     4.584     4.832     5.4%     6.917    10.605    53.3%    12.149    10.999    -9.5%    12.149    10.999    -9.5%    39.136    21.428   -45.2%
               ('Prefix3', None)     1.908     1.744    -8.6%     4.903     6.244    27.3%    12.447    12.814     3.0%    12.447    12.814     3.0%    17.403    20.325    16.8%
                    ('Respell',)    16.610    17.226     3.7%    23.441    23.134    -1.3%    63.615    47.682   -25.0%    63.615    47.682   -25.0%   152.165   148.818    -2.2%
('TermDateTimeSort', 'DateTime')     2.410     2.299    -4.6%     7.663     5.832   -23.9%     8.837    20.764   135.0%     8.837    20.764   135.0%    96.008    84.734   -11.7%
              ('Wildcard', None)     2.530     2.296    -9.3%     9.323     5.777   -38.0%     9.779     6.317   -35.4%     9.779     6.317   -35.4%   150.295   181.631    20.8%
                 ('range', None)     0.174     0.159    -8.7%     0.622     0.617    -0.8%     0.772     0.839     8.6%     0.772     0.839     8.6%     0.868     1.602    84.4%
                            Task    QPS armA      StdDev    QPS armK      StdDev                Pct diff p-value
            BrowseDateTaxoFacets       20.03     (54.6%)       15.11      (5.0%)  -24.5% ( -54% -   77%) 0.107
       BrowseDayOfYearTaxoFacets       20.36     (54.1%)       15.94      (4.4%)  -21.7% ( -52% -   79%) 0.149
                      AndHighLow     2400.15      (6.8%)     1893.62      (4.9%)  -21.1% ( -30% -  -10%) 0.000
     BrowseRandomLabelTaxoFacets       14.64     (33.4%)       12.37      (4.0%)  -15.5% ( -39% -   32%) 0.097
                      AndHighMed     1331.36      (5.5%)     1134.82      (7.6%)  -14.8% ( -26% -   -1%) 0.000
                         Prefix3      668.68      (8.1%)      576.08     (13.0%)  -13.8% ( -32% -    7%) 0.001
                  AndMissingHigh     3726.51      (7.7%)     3229.11      (5.3%)  -13.3% ( -24% -    0%) 0.000
                       OrHighMed     1151.87      (8.6%)     1029.78      (7.8%)  -10.6% ( -24% -    6%) 0.001
                         LowTerm     2301.99      (9.6%)     2058.59      (8.5%)  -10.6% ( -26% -    8%) 0.003
               HighTermTitleSort      131.71      (7.7%)      119.40      (7.1%)   -9.3% ( -22% -    5%) 0.001
                    OrNotHighMed     1198.97      (6.5%)     1097.24      (5.9%)   -8.5% ( -19% -    4%) 0.000
                     AndHighHigh      681.98      (7.6%)      626.01      (7.3%)   -8.2% ( -21% -    7%) 0.005
                    OrNotHighLow     1463.64      (8.9%)     1350.64      (4.7%)   -7.7% ( -19% -    6%) 0.006
                   OrHighNotHigh      881.11      (6.1%)      816.19      (7.5%)   -7.4% ( -19% -    6%) 0.006
                       OrHighLow     1174.39      (5.1%)     1089.01      (5.4%)   -7.3% ( -16% -    3%) 0.000
                         MedTerm     1466.73     (10.3%)     1365.87      (9.5%)   -6.9% ( -24% -   14%) 0.076
                    OrHighNotMed      935.46      (6.8%)      873.07      (7.4%)   -6.7% ( -19% -    8%) 0.016
                    OrHighNotLow     1057.47      (8.1%)      990.42      (8.2%)   -6.3% ( -20% -   10%) 0.048
                   OrNotHighHigh      930.27      (6.0%)      875.69      (5.6%)   -5.9% ( -16% -    6%) 0.010
                        HighTerm     1220.15      (8.4%)     1149.94      (6.9%)   -5.8% ( -19% -   10%) 0.058
          OrHighMedDayTaxoFacets       21.14      (4.8%)       20.01      (4.8%)   -5.3% ( -14% -    4%) 0.004
                 LowSloppyPhrase      186.81     (11.3%)      176.89     (12.4%)   -5.3% ( -26% -   20%) 0.255
                      OrHighHigh      492.19      (9.7%)      469.85      (9.7%)   -4.5% ( -21% -   16%) 0.233
                 MedSloppyPhrase       76.04      (8.8%)       72.72      (9.4%)   -4.4% ( -20% -   15%) 0.222
                          Fuzzy1       97.64      (8.2%)       93.41      (6.8%)   -4.3% ( -17% -   11%) 0.143
               HighTermMonthSort     1541.19      (5.7%)     1477.11      (7.2%)   -4.2% ( -16% -    9%) 0.103
                       LowPhrase      451.03      (5.4%)      433.52      (7.4%)   -3.9% ( -15% -    9%) 0.127
         AndHighMedDayTaxoFacets      273.81      (3.3%)      263.51      (2.9%)   -3.8% (  -9% -    2%) 0.002
           HighTermDayOfYearSort      514.25      (9.0%)      500.27     (12.1%)   -2.7% ( -21% -   20%) 0.516
                          IntSet      742.51      (6.4%)      722.99      (8.3%)   -2.6% ( -16% -   12%) 0.364
                HighSloppyPhrase      105.46     (12.3%)      102.90     (10.9%)   -2.4% ( -22% -   23%) 0.594
                     LowSpanNear      206.22      (5.8%)      201.45      (4.8%)   -2.3% ( -12% -    8%) 0.266
                       ConstMSM2     1284.08      (6.0%)     1258.08      (5.1%)   -2.0% ( -12% -    9%) 0.357
                          Fuzzy2       97.42      (7.3%)       95.64      (6.8%)   -1.8% ( -14% -   13%) 0.508
            HighIntervalsOrdered       63.64      (7.9%)       62.68      (8.8%)   -1.5% ( -16% -   16%) 0.646
                          IntNRQ     1900.72      (7.0%)     1872.59      (9.5%)   -1.5% ( -16% -   16%) 0.651
                     MedSpanNear       85.78      (2.5%)       84.64      (3.5%)   -1.3% (  -7% -    4%) 0.264
                      TermDTSort      444.40      (6.3%)      438.64      (7.1%)   -1.3% ( -13% -   12%) 0.620
                        Wildcard      422.06      (3.3%)      416.61      (4.6%)   -1.3% (  -8% -    6%) 0.415
                      HighPhrase      194.55      (2.7%)      192.06      (3.0%)   -1.3% (  -6% -    4%) 0.251
            HighTermTitleBDVSort       92.38      (2.1%)       91.40      (3.5%)   -1.1% (  -6% -    4%) 0.355
                       MedPhrase      453.82      (7.1%)      449.34      (7.4%)   -1.0% ( -14% -   14%) 0.730
                        PKLookup      221.82     (11.4%)      220.02     (11.2%)   -0.8% ( -21% -   24%) 0.854
       BrowseDayOfYearSSDVFacets       15.74     (11.2%)       15.62      (7.5%)   -0.7% ( -17% -   20%) 0.845
            BrowseDateSSDVFacets        2.91      (5.8%)        2.89      (6.5%)   -0.7% ( -12% -   12%) 0.772
                    HighSpanNear       63.17      (4.1%)       62.74      (1.9%)   -0.7% (  -6% -    5%) 0.584
             MedIntervalsOrdered      115.56      (5.0%)      114.89      (4.6%)   -0.6% (  -9% -    9%) 0.759
                         Respell       56.32      (6.2%)       56.03      (6.3%)   -0.5% ( -12% -   12%) 0.831
                           range     5977.64      (7.8%)     5968.74     (11.4%)   -0.1% ( -17% -   20%) 0.969
        AndHighHighDayTaxoFacets       77.79      (4.4%)       78.30      (5.2%)    0.7% (  -8% -   10%) 0.728
                        BM25MSM2       60.18      (4.9%)       60.82      (5.3%)    1.1% (  -8% -   11%) 0.597
           BrowseMonthSSDVFacets       16.69     (11.9%)       16.89     (15.1%)    1.2% ( -23% -   32%) 0.818
             LowIntervalsOrdered      631.35     (11.4%)      641.61      (6.0%)    1.6% ( -14% -   21%) 0.649
            MedTermDayTaxoFacets       87.24      (6.3%)       88.90      (7.1%)    1.9% ( -10% -   16%) 0.468
           BrowseMonthTaxoFacets       34.74     (38.7%)       35.47     (31.0%)    2.1% ( -48% -  117%) 0.878
     BrowseRandomLabelSSDVFacets       11.29      (7.5%)       11.67      (6.6%)    3.3% ( -10% -   18%) 0.233
  iter 13
    armA:
      NOTE: using experimental CPU time profiler (see https://mostlynerdless.de/blog/2025/06/11/java-25s-new-cpu-time-profiler-1)
      log: /home/goankur/vsearch/logs/FAKc.armA.13 + stdout
      run: /usr/bin/perf stat -dd -e task-clock,cycles,instructions,cache-references,cache-misses,L1-dcache-loads,L1-dcache-load-misses,L1-icache-loads,L1-icache-load-misses,LLC-loads,LLC-load-misses,LLC-stores,LLC-store-misses,LLC-prefetches,LLC-prefetch-misses,faults,minor-faults,major-faults,branches,branch-misses,stalled-cycles-frontend,stalled-cycles-backend /home/goankur/jdk/corretto-25/bin/java -server -Xms2g -Xmx2g --add-modules jdk.incubator.vector -XX:+HeapDumpOnOutOfMemoryError -XX:+UseParallelGC -XX:StartFlightRecording=jdk.CPUTimeSample#enabled=true,dumponexit=true,maxsize=250M,settings=/home/goankur/vsearch/util/src/python/profiling.jfc,filename=/home/goankur/vsearch/logs/bench-search-FAKc-armA-13.jfr -XX:+UnlockDiagnosticVMOptions -XX:+DebugNonSafepoints -classpath /home/goankur/vsearch/bo/lucene-A/lucene/core/build/libs/lucene-core-11.0.0-SNAPSHOT.jar:/home/goankur/vsearch/bo/lucene-A/lucene/sandbox/build/classes/java/main:/home/goankur/vsearch/bo/lucene-A/lucene/misc/build/classes/java/main:/home/goankur/vsearch/bo/lucene-A/lucene/facet/build/classes/java/main:/home/goankur/vsearch/bo/lucene-A/lucene/analysis/common/build/classes/java/main:/home/goankur/vsearch/bo/lucene-A/lucene/analysis/icu/build/classes/java/main:/home/goankur/vsearch/bo/lucene-A/lucene/queryparser/build/classes/java/main:/home/goankur/vsearch/bo/lucene-A/lucene/grouping/build/classes/java/main:/home/goankur/vsearch/bo/lucene-A/lucene/suggest/build/classes/java/main:/home/goankur/vsearch/bo/lucene-A/lucene/highlighter/build/classes/java/main:/home/goankur/vsearch/bo/lucene-A/lucene/codecs/build/classes/java/main:/home/goankur/vsearch/bo/lucene-A/lucene/queries/build/classes/java/main:/home/goankur/vsearch/bo/lucene-A/lucene/join/build/classes/java/main:/home/goankur/vsearch/bo/lucene-A/lucene/spatial3d/build/classes/java/main:/home/goankur/vsearch/util/lib/HdrHistogram.jar:/home/goankur/vsearch/util/src/main/build/classes/java/main:/home/goankur/vsearch/util/build perf.SearchPerfTest -dirImpl MMapDirectory -indexPath /home/goankur/vsearch/indices/wikimedium10m.lucene-A.facets.taxonomy:Date.taxonomy:Month.taxonomy:DayOfYear.sortedset:Date.sortedset:Month.sortedset:DayOfYear.taxonomy:RandomLabel.sortedset:RandomLabel.Lucene90.Lucene104.dvfields.nd10M -facets taxonomy:Date;Date -facets taxonomy:Month;Month -facets taxonomy:DayOfYear;DayOfYear -facets sortedset:Date;Date -facets sortedset:Month;Month -facets sortedset:DayOfYear;DayOfYear -facets taxonomy:RandomLabel;RandomLabel -facets sortedset:RandomLabel;RandomLabel -analyzer StandardAnalyzer -taskSource /home/goankur/vsearch/util/tasks/wikimedium.10M.nostopwords.tasks -numConcurrentQueries 5 -taskRepeatCount 20 -field body -tasksPerCat 1 -searchConcurrency -1 -staticSeed -6766631 -seed 635743 -similarity BM25Similarity -commit multi -hiliteImpl FastVectorHighlighter -log /home/goankur/vsearch/logs/FAKc.armA.13 -topN 100 -context  -pk -pollute
      9.2 s
      287.8 actual sustained QPS; -1.0 CPU cores used
    armK:
      NOTE: using experimental CPU time profiler (see https://mostlynerdless.de/blog/2025/06/11/java-25s-new-cpu-time-profiler-1)
      log: /home/goankur/vsearch/logs/FAKc.armK.13 + stdout
      run: /usr/bin/perf stat -dd -e task-clock,cycles,instructions,cache-references,cache-misses,L1-dcache-loads,L1-dcache-load-misses,L1-icache-loads,L1-icache-load-misses,LLC-loads,LLC-load-misses,LLC-stores,LLC-store-misses,LLC-prefetches,LLC-prefetch-misses,faults,minor-faults,major-faults,branches,branch-misses,stalled-cycles-frontend,stalled-cycles-backend /home/goankur/jdk/corretto-25/bin/java -server -Xms2g -Xmx2g --add-modules jdk.incubator.vector -XX:+HeapDumpOnOutOfMemoryError -XX:+UseParallelGC -XX:StartFlightRecording=jdk.CPUTimeSample#enabled=true,dumponexit=true,maxsize=250M,settings=/home/goankur/vsearch/util/src/python/profiling.jfc,filename=/home/goankur/vsearch/logs/bench-search-FAKc-armK-13.jfr -XX:+UnlockDiagnosticVMOptions -XX:+DebugNonSafepoints -classpath /home/goankur/vsearch/bo/lucene-K/lucene/core/build/libs/lucene-core-11.0.0-SNAPSHOT.jar:/home/goankur/vsearch/bo/lucene-K/lucene/sandbox/build/classes/java/main:/home/goankur/vsearch/bo/lucene-K/lucene/misc/build/classes/java/main:/home/goankur/vsearch/bo/lucene-K/lucene/facet/build/classes/java/main:/home/goankur/vsearch/bo/lucene-K/lucene/analysis/common/build/classes/java/main:/home/goankur/vsearch/bo/lucene-K/lucene/analysis/icu/build/classes/java/main:/home/goankur/vsearch/bo/lucene-K/lucene/queryparser/build/classes/java/main:/home/goankur/vsearch/bo/lucene-K/lucene/grouping/build/classes/java/main:/home/goankur/vsearch/bo/lucene-K/lucene/suggest/build/classes/java/main:/home/goankur/vsearch/bo/lucene-K/lucene/highlighter/build/classes/java/main:/home/goankur/vsearch/bo/lucene-K/lucene/codecs/build/classes/java/main:/home/goankur/vsearch/bo/lucene-K/lucene/queries/build/classes/java/main:/home/goankur/vsearch/bo/lucene-K/lucene/join/build/classes/java/main:/home/goankur/vsearch/bo/lucene-K/lucene/spatial3d/build/classes/java/main:/home/goankur/vsearch/util/lib/HdrHistogram.jar:/home/goankur/vsearch/util/src/main/build/classes/java/main:/home/goankur/vsearch/util/build perf.SearchPerfTest -dirImpl MMapDirectory -indexPath /home/goankur/vsearch/indices/wikimedium10m.lucene-A.facets.taxonomy:Date.taxonomy:Month.taxonomy:DayOfYear.sortedset:Date.sortedset:Month.sortedset:DayOfYear.taxonomy:RandomLabel.sortedset:RandomLabel.Lucene90.Lucene104.dvfields.nd10M -facets taxonomy:Date;Date -facets taxonomy:Month;Month -facets taxonomy:DayOfYear;DayOfYear -facets sortedset:Date;Date -facets sortedset:Month;Month -facets sortedset:DayOfYear;DayOfYear -facets taxonomy:RandomLabel;RandomLabel -facets sortedset:RandomLabel;RandomLabel -analyzer StandardAnalyzer -taskSource /home/goankur/vsearch/util/tasks/wikimedium.10M.nostopwords.tasks -numConcurrentQueries 5 -taskRepeatCount 20 -field body -tasksPerCat 1 -searchConcurrency -1 -staticSeed -6766631 -seed 635743 -similarity BM25Similarity -commit multi -hiliteImpl FastVectorHighlighter -log /home/goankur/vsearch/logs/FAKc.armK.13 -topN 100 -context  -pk -pollute
      9.4 s
      249.3 actual sustained QPS; -1.0 CPU cores used

Report after iter 13:
QPSChart.supported == False
                            Task     P50 B     P50 C     Diff     P90 B     P90 C     Diff     P99 B     P99 C     Diff    P999 B    P999 C     Diff    P100 B    P100 C     Diff
           ('AndHighHigh', None)     1.374     1.498     9.0%     3.095     4.146    34.0%     7.499     6.714   -10.5%     7.499     6.714   -10.5%   145.173   202.401    39.4%
('AndHighHighDayTaxoFacets', None)    13.713    13.374    -2.5%    26.899    22.948   -14.7%    51.198    26.759   -47.7%    51.198    26.759   -47.7%    75.884    62.638   -17.5%
            ('AndHighLow', None)     0.454     0.537    18.4%     1.378     1.368    -0.8%     1.416     1.388    -2.0%     1.416     1.388    -2.0%     6.302     2.128   -66.2%
            ('AndHighMed', None)     0.803     0.865     7.8%     2.037     1.816   -10.8%     2.464     3.697    50.1%     2.464     3.697    50.1%    21.997     5.727   -74.0%
('AndHighMedDayTaxoFacets', None)     3.594     3.884     8.1%    17.937    10.415   -41.9%    37.021    22.393   -39.5%    37.021    22.393   -39.5%    44.009    28.445   -35.4%
     ('AndMissingHigh', 'Title')     0.301     0.330     9.5%     0.895     0.670   -25.2%     1.001     0.726   -27.4%     1.001     0.726   -27.4%     1.676     1.733     3.4%
              ('BM25MSM2', None)    18.685    14.920   -20.1%    26.070    22.211   -14.8%    29.787    33.277    11.7%    29.787    33.277    11.7%   189.065   245.284    29.7%
  ('BrowseDateSSDVFacets', None)   322.942   375.618    16.3%   371.257   457.247    23.2%   373.702   506.874    35.6%   373.702   506.874    35.6%   449.068   585.649    30.4%
  ('BrowseDateTaxoFacets', None)    62.561    65.571     4.8%    74.788    72.304    -3.3%    76.287    74.119    -2.8%    76.287    74.119    -2.8%    78.103   101.692    30.2%
('BrowseDayOfYearSSDVFacets', None)    68.071    63.068    -7.4%   103.406    81.801   -20.9%   109.874    82.546   -24.9%   109.874    82.546   -24.9%   355.038   355.093     0.0%
('BrowseDayOfYearTaxoFacets', None)    59.949    61.299     2.3%    73.548    82.217    11.8%    73.624    82.452    12.0%    73.624    82.452    12.0%   279.204   421.957    51.1%
 ('BrowseMonthSSDVFacets', None)    47.691    60.498    26.9%    55.105    73.601    33.6%    55.770    80.926    45.1%    55.770    80.926    45.1%    57.541    81.361    41.4%
 ('BrowseMonthTaxoFacets', None)    27.849    26.228    -5.8%    40.099    35.573   -11.3%    73.534    69.379    -5.7%    73.534    69.379    -5.7%   111.194   109.590    -1.4%
('BrowseRandomLabelSSDVFacets', None)   105.176    90.813   -13.7%   158.351   168.161     6.2%   172.403   180.072     4.4%   172.403   180.072     4.4%   277.924   246.028   -11.5%
('BrowseRandomLabelTaxoFacets', None)    76.591    81.749     6.7%    94.972    94.836    -0.1%    98.791   102.805     4.1%    98.791   102.805     4.1%   147.134   136.319    -7.4%
             ('ConstMSM2', None)     0.809     0.848     4.8%     1.911     2.903    51.9%     3.096    11.136   259.7%     3.096    11.136   259.7%     5.231    24.580   369.9%
                ('Fuzzy1', None)     9.624    11.857    23.2%    14.007    20.551    46.7%    22.777    30.284    33.0%    22.777    30.284    33.0%    36.214    34.472    -4.8%
                ('Fuzzy2', None)    10.627    11.774    10.8%    22.585    19.333   -14.4%    33.809    22.955   -32.1%    33.809    22.955   -32.1%   126.547   106.719   -15.7%
  ('HighIntervalsOrdered', None)    18.034    17.381    -3.6%    29.082    24.683   -15.1%    31.328    28.052   -10.5%    31.328    28.052   -10.5%    56.497    88.669    56.9%
            ('HighPhrase', None)     5.250     4.948    -5.7%    10.275    13.670    33.0%    10.528    18.067    71.6%    10.528    18.067    71.6%   110.927   138.091    24.5%
      ('HighSloppyPhrase', None)    10.515     9.994    -5.0%    18.390    11.637   -36.7%    27.538    11.955   -56.6%    27.538    11.955   -56.6%    45.015   110.444   145.3%
          ('HighSpanNear', None)    16.264    15.812    -2.8%    24.298    33.884    39.5%    31.952    36.073    12.9%    31.952    36.073    12.9%    52.284    42.112   -19.5%
              ('HighTerm', None)     0.838     0.937    11.8%     1.494     2.537    69.8%    15.280    17.818    16.6%    15.280    17.818    16.6%    30.127    28.075    -6.8%
('HighTermDayOfYearSort', 'DayOfYear')     1.976     1.894    -4.1%     8.479     6.910   -18.5%     9.555    16.113    68.6%     9.555    16.113    68.6%    77.039   103.857    34.8%
  ('HighTermMonthSort', 'Month')     0.569     0.713    25.5%     1.437     1.745    21.5%     2.080     1.794   -13.7%     2.080     1.794   -13.7%    26.453    19.067   -27.9%
('HighTermTitleBDVSort', 'TitleBinary')    10.881    11.038     1.4%    22.109    34.391    55.6%    23.589    35.905    52.2%    23.589    35.905    52.2%   122.197   115.465    -5.5%
  ('HighTermTitleSort', 'Title')     7.961     9.332    17.2%    16.739    25.547    52.6%    34.529    27.721   -19.7%    34.529    27.721   -19.7%    53.979    74.984    38.9%
                ('IntNRQ', None)     0.571     0.570    -0.0%     1.998     1.506   -24.6%     3.276     1.558   -52.4%     3.276     1.558   -52.4%    30.424    43.673    43.5%
                ('IntSet', None)     1.636     1.408   -13.9%     9.303     6.823   -26.7%     9.544     9.066    -5.0%     9.544     9.066    -5.0%    34.831    39.832    14.4%
   ('LowIntervalsOrdered', None)     1.911     1.706   -10.8%     3.556     4.313    21.3%     6.360     6.381     0.3%     6.360     6.381     0.3%    12.199     8.482   -30.5%
             ('LowPhrase', None)     2.277     2.362     3.8%     4.469     6.414    43.5%     6.089     6.795    11.6%     6.089     6.795    11.6%    17.858    17.236    -3.5%
       ('LowSloppyPhrase', None)     5.743     5.832     1.6%     9.683     7.861   -18.8%    16.198     8.705   -46.3%    16.198     8.705   -46.3%   105.578    94.100   -10.9%
           ('LowSpanNear', None)     4.836     5.059     4.6%     8.051     8.356     3.8%     9.271    10.825    16.8%     9.271    10.825    16.8%    74.556   123.774    66.0%
               ('LowTerm', None)     0.393     0.509    29.7%     0.996     1.546    55.3%     1.380     1.751    26.9%     1.380     1.751    26.9%    10.745    25.430   136.7%
   ('MedIntervalsOrdered', None)     8.899     8.829    -0.8%    16.921    12.961   -23.4%    18.812    17.364    -7.7%    18.812    17.364    -7.7%   123.420   172.403    39.7%
             ('MedPhrase', None)     2.213     2.421     9.4%     3.797     5.011    32.0%     4.624    14.050   203.9%     4.624    14.050   203.9%    36.356    47.290    30.1%
       ('MedSloppyPhrase', None)    10.947    13.855    26.6%    19.902    17.307   -13.0%    20.395    23.016    12.8%    20.395    23.016    12.8%    26.232    31.460    19.9%
           ('MedSpanNear', None)    11.543    11.329    -1.9%    21.922    24.992    14.0%    27.725    25.393    -8.4%    27.725    25.393    -8.4%    30.969    29.054    -6.2%
               ('MedTerm', None)     0.663     0.674     1.6%     1.267     1.506    18.9%     2.975     2.639   -11.3%     2.975     2.639   -11.3%    17.583     5.426   -69.1%
  ('MedTermDayTaxoFacets', None)    11.107    11.844     6.6%    18.395    14.040   -23.7%    43.467    14.746   -66.1%    43.467    14.746   -66.1%    73.497    52.173   -29.0%
            ('OrHighHigh', None)     2.086     2.117     1.5%     4.317     4.080    -5.5%     6.071     5.781    -4.8%     6.071     5.781    -4.8%    43.666    20.722   -52.5%
             ('OrHighLow', None)     0.866     0.963    11.3%     1.423     1.603    12.7%     3.293     2.169   -34.1%     3.293     2.169   -34.1%     8.906    14.333    60.9%
             ('OrHighMed', None)     0.940     1.038    10.4%     1.965     1.917    -2.4%     2.727     4.317    58.3%     2.727     4.317    58.3%     3.574     6.171    72.7%
('OrHighMedDayTaxoFacets', None)    45.695    47.112     3.1%    68.511    65.919    -3.8%   114.342   136.535    19.4%   114.342   136.535    19.4%   359.431   295.437   -17.8%
         ('OrHighNotHigh', None)     1.223     1.220    -0.3%     2.828     3.841    35.9%     5.547     4.717   -15.0%     5.547     4.717   -15.0%    23.919    16.741   -30.0%
          ('OrHighNotLow', None)     0.959     1.053     9.8%     3.102     4.324    39.4%     7.383     5.071   -31.3%     7.383     5.071   -31.3%    15.592    11.441   -26.6%
          ('OrHighNotMed', None)     1.201     1.105    -7.9%     2.080     3.043    46.3%     2.142     6.810   217.9%     2.142     6.810   217.9%    24.935    33.959    36.2%
         ('OrNotHighHigh', None)     1.124     1.160     3.2%     1.970     2.550    29.4%    11.330     3.139   -72.3%    11.330     3.139   -72.3%   118.798   110.100    -7.3%
          ('OrNotHighLow', None)     0.787     0.785    -0.2%     3.130     2.984    -4.7%     4.604     3.154   -31.5%     4.604     3.154   -31.5%    14.927     4.072   -72.7%
          ('OrNotHighMed', None)     0.889     0.940     5.8%     2.186     2.413    10.4%     3.421     3.779    10.5%     3.421     3.779    10.5%   122.382   104.399   -14.7%
                   ('PKLookup',)     5.086     4.255   -16.3%     8.440     9.951    17.9%    16.963    11.070   -34.7%    16.963    11.070   -34.7%    22.331    18.710   -16.2%
               ('Prefix3', None)     1.930     1.833    -5.0%     3.750     7.482    99.6%    10.920    11.830     8.3%    10.920    11.830     8.3%    24.971    68.291   173.5%
                    ('Respell',)    16.911    16.807    -0.6%    28.482    26.322    -7.6%    48.550    27.092   -44.2%    48.550    27.092   -44.2%   227.584   211.722    -7.0%
('TermDateTimeSort', 'DateTime')     2.211     2.336     5.6%     6.107     5.312   -13.0%     6.582     6.787     3.1%     6.582     6.787     3.1%    71.672    19.042   -73.4%
              ('Wildcard', None)     2.555     2.509    -1.8%    11.872     5.398   -54.5%    14.899    12.883   -13.5%    14.899    12.883   -13.5%    35.059    33.024    -5.8%
                 ('range', None)     0.192     0.181    -5.8%     0.389     0.395     1.4%     0.416     0.405    -2.6%     0.416     0.405    -2.6%     9.084     0.977   -89.2%
                            Task    QPS armA      StdDev    QPS armK      StdDev                Pct diff p-value
            BrowseDateTaxoFacets       19.76     (53.4%)       15.14      (4.9%)  -23.4% ( -53% -   75%) 0.103
       BrowseDayOfYearTaxoFacets       20.11     (52.8%)       15.97      (4.3%)  -20.6% ( -50% -   77%) 0.147
                      AndHighLow     2387.92      (6.8%)     1900.62      (4.9%)  -20.4% ( -30% -   -9%) 0.000
     BrowseRandomLabelTaxoFacets       14.55     (32.4%)       12.36      (3.9%)  -15.0% ( -38% -   31%) 0.085
                      AndHighMed     1329.14      (5.4%)     1140.82      (7.5%)  -14.2% ( -25% -   -1%) 0.000
                  AndMissingHigh     3717.42      (7.4%)     3225.10      (5.1%)  -13.2% ( -24% -    0%) 0.000
                         Prefix3      660.74      (9.1%)      577.82     (12.7%)  -12.6% ( -31% -   10%) 0.003
                         LowTerm     2323.52      (9.8%)     2061.37      (8.1%)  -11.3% ( -26% -    7%) 0.001
                       OrHighMed     1149.39      (8.3%)     1025.82      (7.6%)  -10.8% ( -24% -    5%) 0.000
                    OrNotHighMed     1200.33      (6.2%)     1096.11      (5.7%)   -8.7% ( -19% -    3%) 0.000
               HighTermTitleSort      131.73      (7.4%)      120.41      (7.4%)   -8.6% ( -21% -    6%) 0.002
                     AndHighHigh      685.84      (7.5%)      630.10      (7.3%)   -8.1% ( -21% -    7%) 0.004
                   OrHighNotHigh      880.06      (5.9%)      816.78      (7.2%)   -7.2% ( -19% -    6%) 0.004
                    OrNotHighLow     1456.70      (8.8%)     1352.11      (4.6%)   -7.2% ( -18% -    6%) 0.007
                       OrHighLow     1173.50      (4.9%)     1089.52      (5.2%)   -7.2% ( -16% -    3%) 0.000
                         MedTerm     1475.18     (10.0%)     1378.69      (9.7%)   -6.5% ( -23% -   14%) 0.079
                    OrHighNotLow     1057.93      (7.8%)      989.24      (7.9%)   -6.5% ( -20% -    9%) 0.029
                        HighTerm     1220.75      (8.1%)     1148.34      (6.7%)   -5.9% ( -19% -    9%) 0.035
                 MedSloppyPhrase       77.20     (10.1%)       72.69      (8.9%)   -5.8% ( -22% -   14%) 0.104
                   OrNotHighHigh      930.94      (5.7%)      876.63      (5.4%)   -5.8% ( -16% -    5%) 0.006
                    OrHighNotMed      929.57      (7.0%)      877.32      (7.3%)   -5.6% ( -18% -    9%) 0.038
               HighTermMonthSort     1566.41      (8.1%)     1479.30      (6.9%)   -5.6% ( -18% -   10%) 0.049
                 LowSloppyPhrase      186.95     (10.9%)      176.56     (11.9%)   -5.6% ( -25% -   19%) 0.198
                          Fuzzy1       98.15      (8.1%)       92.81      (6.9%)   -5.4% ( -18% -   10%) 0.056
          OrHighMedDayTaxoFacets       21.22      (4.8%)       20.12      (4.9%)   -5.2% ( -14% -    4%) 0.005
                      OrHighHigh      492.62      (9.3%)      470.33      (9.3%)   -4.5% ( -21% -   15%) 0.199
                       LowPhrase      451.11      (5.2%)      433.29      (7.1%)   -3.9% ( -15% -    8%) 0.094
         AndHighMedDayTaxoFacets      274.43      (3.3%)      264.79      (3.3%)   -3.5% (  -9% -    3%) 0.004
                          Fuzzy2       97.84      (7.1%)       95.45      (6.5%)   -2.4% ( -15% -   12%) 0.344
           HighTermDayOfYearSort      515.42      (8.7%)      503.65     (11.8%)   -2.3% ( -20% -   19%) 0.560
                     LowSpanNear      206.36      (5.6%)      201.92      (4.7%)   -2.2% ( -11% -    8%) 0.267
                       ConstMSM2     1285.26      (5.8%)     1258.78      (4.9%)   -2.1% ( -12% -    9%) 0.312
                          IntSet      734.86      (7.3%)      723.33      (8.0%)   -1.6% ( -15% -   14%) 0.589
            BrowseDateSSDVFacets        2.93      (5.8%)        2.88      (6.4%)   -1.6% ( -13% -   11%) 0.498
                      TermDTSort      445.92      (6.1%)      438.94      (6.8%)   -1.6% ( -13% -   12%) 0.521
                       MedPhrase      453.80      (6.9%)      447.32      (7.3%)   -1.4% ( -14% -   13%) 0.595
            HighIntervalsOrdered       63.12      (8.2%)       62.32      (8.8%)   -1.3% ( -16% -   17%) 0.693
            HighTermTitleBDVSort       92.48      (2.1%)       91.39      (3.4%)   -1.2% (  -6% -    4%) 0.264
                     MedSpanNear       85.89      (2.4%)       84.91      (3.6%)   -1.1% (  -6% -    4%) 0.323
                          IntNRQ     1901.65      (6.7%)     1881.41      (9.3%)   -1.1% ( -16% -   16%) 0.728
                        Wildcard      420.52      (3.5%)      416.55      (4.5%)   -0.9% (  -8% -    7%) 0.534
                      HighPhrase      194.60      (2.5%)      192.87      (3.3%)   -0.9% (  -6% -    5%) 0.425
           BrowseMonthSSDVFacets       17.03     (13.5%)       16.88     (14.3%)   -0.9% ( -25% -   31%) 0.868
                HighSloppyPhrase      104.81     (12.1%)      103.90     (11.1%)   -0.9% ( -21% -   25%) 0.842
                         Respell       56.74      (6.5%)       56.37      (6.5%)   -0.7% ( -12% -   13%) 0.789
             MedIntervalsOrdered      115.39      (4.9%)      114.82      (4.5%)   -0.5% (  -9% -    9%) 0.778
       BrowseDayOfYearSSDVFacets       15.71     (10.8%)       15.65      (7.2%)   -0.3% ( -16% -   19%) 0.923
                    HighSpanNear       63.07      (4.0%)       62.92      (2.1%)   -0.2% (  -6% -    6%) 0.849
        AndHighHighDayTaxoFacets       78.09      (4.5%)       78.22      (5.0%)    0.2% (  -8% -   10%) 0.930
                        PKLookup      221.05     (11.0%)      221.98     (11.3%)    0.4% ( -19% -   25%) 0.921
            MedTermDayTaxoFacets       87.74      (6.4%)       88.67      (6.9%)    1.1% ( -11% -   15%) 0.674
                           range     5949.71      (7.7%)     6033.37     (11.7%)    1.4% ( -16% -   22%) 0.708
             LowIntervalsOrdered      629.73     (11.0%)      639.21      (5.9%)    1.5% ( -13% -   20%) 0.653
                        BM25MSM2       60.29      (4.7%)       61.28      (5.8%)    1.6% (  -8% -   12%) 0.413
           BrowseMonthTaxoFacets       35.14     (37.0%)       35.78     (29.7%)    1.8% ( -47% -  108%) 0.886
     BrowseRandomLabelSSDVFacets       11.18      (8.2%)       11.65      (6.4%)    4.2% (  -9% -   20%) 0.132
  iter 14
    armK:
      NOTE: using experimental CPU time profiler (see https://mostlynerdless.de/blog/2025/06/11/java-25s-new-cpu-time-profiler-1)
      log: /home/goankur/vsearch/logs/FAKc.armK.14 + stdout
      run: /usr/bin/perf stat -dd -e task-clock,cycles,instructions,cache-references,cache-misses,L1-dcache-loads,L1-dcache-load-misses,L1-icache-loads,L1-icache-load-misses,LLC-loads,LLC-load-misses,LLC-stores,LLC-store-misses,LLC-prefetches,LLC-prefetch-misses,faults,minor-faults,major-faults,branches,branch-misses,stalled-cycles-frontend,stalled-cycles-backend /home/goankur/jdk/corretto-25/bin/java -server -Xms2g -Xmx2g --add-modules jdk.incubator.vector -XX:+HeapDumpOnOutOfMemoryError -XX:+UseParallelGC -XX:StartFlightRecording=jdk.CPUTimeSample#enabled=true,dumponexit=true,maxsize=250M,settings=/home/goankur/vsearch/util/src/python/profiling.jfc,filename=/home/goankur/vsearch/logs/bench-search-FAKc-armK-14.jfr -XX:+UnlockDiagnosticVMOptions -XX:+DebugNonSafepoints -classpath /home/goankur/vsearch/bo/lucene-K/lucene/core/build/libs/lucene-core-11.0.0-SNAPSHOT.jar:/home/goankur/vsearch/bo/lucene-K/lucene/sandbox/build/classes/java/main:/home/goankur/vsearch/bo/lucene-K/lucene/misc/build/classes/java/main:/home/goankur/vsearch/bo/lucene-K/lucene/facet/build/classes/java/main:/home/goankur/vsearch/bo/lucene-K/lucene/analysis/common/build/classes/java/main:/home/goankur/vsearch/bo/lucene-K/lucene/analysis/icu/build/classes/java/main:/home/goankur/vsearch/bo/lucene-K/lucene/queryparser/build/classes/java/main:/home/goankur/vsearch/bo/lucene-K/lucene/grouping/build/classes/java/main:/home/goankur/vsearch/bo/lucene-K/lucene/suggest/build/classes/java/main:/home/goankur/vsearch/bo/lucene-K/lucene/highlighter/build/classes/java/main:/home/goankur/vsearch/bo/lucene-K/lucene/codecs/build/classes/java/main:/home/goankur/vsearch/bo/lucene-K/lucene/queries/build/classes/java/main:/home/goankur/vsearch/bo/lucene-K/lucene/join/build/classes/java/main:/home/goankur/vsearch/bo/lucene-K/lucene/spatial3d/build/classes/java/main:/home/goankur/vsearch/util/lib/HdrHistogram.jar:/home/goankur/vsearch/util/src/main/build/classes/java/main:/home/goankur/vsearch/util/build perf.SearchPerfTest -dirImpl MMapDirectory -indexPath /home/goankur/vsearch/indices/wikimedium10m.lucene-A.facets.taxonomy:Date.taxonomy:Month.taxonomy:DayOfYear.sortedset:Date.sortedset:Month.sortedset:DayOfYear.taxonomy:RandomLabel.sortedset:RandomLabel.Lucene90.Lucene104.dvfields.nd10M -facets taxonomy:Date;Date -facets taxonomy:Month;Month -facets taxonomy:DayOfYear;DayOfYear -facets sortedset:Date;Date -facets sortedset:Month;Month -facets sortedset:DayOfYear;DayOfYear -facets taxonomy:RandomLabel;RandomLabel -facets sortedset:RandomLabel;RandomLabel -analyzer StandardAnalyzer -taskSource /home/goankur/vsearch/util/tasks/wikimedium.10M.nostopwords.tasks -numConcurrentQueries 5 -taskRepeatCount 20 -field body -tasksPerCat 1 -searchConcurrency -1 -staticSeed -6766631 -seed -1056988 -similarity BM25Similarity -commit multi -hiliteImpl FastVectorHighlighter -log /home/goankur/vsearch/logs/FAKc.armK.14 -topN 100 -context  -pk -pollute
      9.1 s
      287.4 actual sustained QPS; -1.0 CPU cores used
    armA:
      NOTE: using experimental CPU time profiler (see https://mostlynerdless.de/blog/2025/06/11/java-25s-new-cpu-time-profiler-1)
      log: /home/goankur/vsearch/logs/FAKc.armA.14 + stdout
      run: /usr/bin/perf stat -dd -e task-clock,cycles,instructions,cache-references,cache-misses,L1-dcache-loads,L1-dcache-load-misses,L1-icache-loads,L1-icache-load-misses,LLC-loads,LLC-load-misses,LLC-stores,LLC-store-misses,LLC-prefetches,LLC-prefetch-misses,faults,minor-faults,major-faults,branches,branch-misses,stalled-cycles-frontend,stalled-cycles-backend /home/goankur/jdk/corretto-25/bin/java -server -Xms2g -Xmx2g --add-modules jdk.incubator.vector -XX:+HeapDumpOnOutOfMemoryError -XX:+UseParallelGC -XX:StartFlightRecording=jdk.CPUTimeSample#enabled=true,dumponexit=true,maxsize=250M,settings=/home/goankur/vsearch/util/src/python/profiling.jfc,filename=/home/goankur/vsearch/logs/bench-search-FAKc-armA-14.jfr -XX:+UnlockDiagnosticVMOptions -XX:+DebugNonSafepoints -classpath /home/goankur/vsearch/bo/lucene-A/lucene/core/build/libs/lucene-core-11.0.0-SNAPSHOT.jar:/home/goankur/vsearch/bo/lucene-A/lucene/sandbox/build/classes/java/main:/home/goankur/vsearch/bo/lucene-A/lucene/misc/build/classes/java/main:/home/goankur/vsearch/bo/lucene-A/lucene/facet/build/classes/java/main:/home/goankur/vsearch/bo/lucene-A/lucene/analysis/common/build/classes/java/main:/home/goankur/vsearch/bo/lucene-A/lucene/analysis/icu/build/classes/java/main:/home/goankur/vsearch/bo/lucene-A/lucene/queryparser/build/classes/java/main:/home/goankur/vsearch/bo/lucene-A/lucene/grouping/build/classes/java/main:/home/goankur/vsearch/bo/lucene-A/lucene/suggest/build/classes/java/main:/home/goankur/vsearch/bo/lucene-A/lucene/highlighter/build/classes/java/main:/home/goankur/vsearch/bo/lucene-A/lucene/codecs/build/classes/java/main:/home/goankur/vsearch/bo/lucene-A/lucene/queries/build/classes/java/main:/home/goankur/vsearch/bo/lucene-A/lucene/join/build/classes/java/main:/home/goankur/vsearch/bo/lucene-A/lucene/spatial3d/build/classes/java/main:/home/goankur/vsearch/util/lib/HdrHistogram.jar:/home/goankur/vsearch/util/src/main/build/classes/java/main:/home/goankur/vsearch/util/build perf.SearchPerfTest -dirImpl MMapDirectory -indexPath /home/goankur/vsearch/indices/wikimedium10m.lucene-A.facets.taxonomy:Date.taxonomy:Month.taxonomy:DayOfYear.sortedset:Date.sortedset:Month.sortedset:DayOfYear.taxonomy:RandomLabel.sortedset:RandomLabel.Lucene90.Lucene104.dvfields.nd10M -facets taxonomy:Date;Date -facets taxonomy:Month;Month -facets taxonomy:DayOfYear;DayOfYear -facets sortedset:Date;Date -facets sortedset:Month;Month -facets sortedset:DayOfYear;DayOfYear -facets taxonomy:RandomLabel;RandomLabel -facets sortedset:RandomLabel;RandomLabel -analyzer StandardAnalyzer -taskSource /home/goankur/vsearch/util/tasks/wikimedium.10M.nostopwords.tasks -numConcurrentQueries 5 -taskRepeatCount 20 -field body -tasksPerCat 1 -searchConcurrency -1 -staticSeed -6766631 -seed -1056988 -similarity BM25Similarity -commit multi -hiliteImpl FastVectorHighlighter -log /home/goankur/vsearch/logs/FAKc.armA.14 -topN 100 -context  -pk -pollute
      9.5 s
      276.3 actual sustained QPS; -1.0 CPU cores used

Report after iter 14:
QPSChart.supported == False
                            Task     P50 B     P50 C     Diff     P90 B     P90 C     Diff     P99 B     P99 C     Diff    P999 B    P999 C     Diff    P100 B    P100 C     Diff
           ('AndHighHigh', None)     1.646     1.655     0.5%     3.902     4.142     6.1%     4.967     5.856    17.9%     4.967     5.856    17.9%     9.102    64.593   609.7%
('AndHighHighDayTaxoFacets', None)    13.659    12.796    -6.3%    26.415    30.829    16.7%    60.077    65.001     8.2%    60.077    65.001     8.2%   113.807   118.776     4.4%
            ('AndHighLow', None)     0.619     0.574    -7.2%     1.190     1.468    23.4%     1.248     1.817    45.6%     1.248     1.817    45.6%    12.527    14.821    18.3%
            ('AndHighMed', None)     0.759     0.850    11.9%     3.088     3.915    26.8%     3.325     4.439    33.5%     3.325     4.439    33.5%    20.795     6.086   -70.7%
('AndHighMedDayTaxoFacets', None)     4.106     4.272     4.1%     9.024    13.904    54.1%    17.259    18.974     9.9%    17.259    18.974     9.9%    73.081    77.980     6.7%
     ('AndMissingHigh', 'Title')     0.325     0.377    16.0%     0.616     0.790    28.3%     0.981     0.823   -16.1%     0.981     0.823   -16.1%     4.065     8.612   111.8%
              ('BM25MSM2', None)    15.147    16.078     6.1%    28.689    29.023     1.2%    38.716    29.529   -23.7%    38.716    29.529   -23.7%   239.993   190.598   -20.6%
  ('BrowseDateSSDVFacets', None)   340.262   387.165    13.8%   362.881   460.139    26.8%   422.090   509.950    20.8%   422.090   509.950    20.8%   593.631   634.088     6.8%
  ('BrowseDateTaxoFacets', None)    68.467    24.599   -64.1%    78.476    32.075   -59.1%    82.802    59.340   -28.3%    82.802    59.340   -28.3%   268.196   205.217   -23.5%
('BrowseDayOfYearSSDVFacets', None)    64.962    63.025    -3.0%    84.492    80.955    -4.2%    90.952    81.664   -10.2%    90.952    81.664   -10.2%   114.034   103.392    -9.3%
('BrowseDayOfYearTaxoFacets', None)    64.707    24.876   -61.6%    80.287    31.594   -60.6%    90.232    59.827   -33.7%    90.232    59.827   -33.7%   101.669   333.683   228.2%
 ('BrowseMonthSSDVFacets', None)    69.583    61.696   -11.3%    85.471    82.253    -3.8%    97.718    94.611    -3.2%    97.718    94.611    -3.2%   233.567   254.813     9.1%
 ('BrowseMonthTaxoFacets', None)    23.952    26.642    11.2%    32.436    30.311    -6.6%   107.886    84.940   -21.3%   107.886    84.940   -21.3%   178.823   406.889   127.5%
('BrowseRandomLabelSSDVFacets', None)    95.059    88.535    -6.9%   143.988   122.410   -15.0%   148.491   202.826    36.6%   148.491   202.826    36.6%   415.773   411.601    -1.0%
('BrowseRandomLabelTaxoFacets', None)    80.974    34.240   -57.7%   100.050    58.284   -41.7%   110.632    93.046   -15.9%   110.632    93.046   -15.9%   136.803   117.395   -14.2%
             ('ConstMSM2', None)     0.868     0.960    10.6%     5.052     3.414   -32.4%     6.076    10.749    76.9%     6.076    10.749    76.9%    19.144    12.293   -35.8%
                ('Fuzzy1', None)    12.019    11.730    -2.4%    20.478    16.587   -19.0%    42.057    28.017   -33.4%    42.057    28.017   -33.4%   264.529   179.782   -32.0%
                ('Fuzzy2', None)    11.592    11.272    -2.8%    23.607    22.447    -4.9%    26.879    32.805    22.0%    26.879    32.805    22.0%    85.424    39.823   -53.4%
  ('HighIntervalsOrdered', None)    15.419    15.868     2.9%    19.685    23.674    20.3%    22.616    24.103     6.6%    22.616    24.103     6.6%    76.875    63.248   -17.7%
            ('HighPhrase', None)     5.265     5.460     3.7%    12.666    23.738    87.4%    14.254    26.012    82.5%    14.254    26.012    82.5%    72.925    30.462   -58.2%
      ('HighSloppyPhrase', None)     8.193    11.567    41.2%    17.598    16.116    -8.4%    19.343    21.327    10.3%    19.343    21.327    10.3%    20.185    25.719    27.4%
          ('HighSpanNear', None)    16.059    15.872    -1.2%    23.949    24.996     4.4%    34.700    33.000    -4.9%    34.700    33.000    -4.9%   194.777   215.467    10.6%
              ('HighTerm', None)     0.813     0.902    11.0%     2.634     2.559    -2.9%     3.816     5.146    34.8%     3.816     5.146    34.8%    51.095    54.874     7.4%
('HighTermDayOfYearSort', 'DayOfYear')     2.383     2.296    -3.7%     7.651     6.856   -10.4%     9.979    10.192     2.1%     9.979    10.192     2.1%    81.365    54.162   -33.4%
  ('HighTermMonthSort', 'Month')     0.687     0.814    18.5%     2.748     1.689   -38.5%     8.427     2.142   -74.6%     8.427     2.142   -74.6%    40.375    23.469   -41.9%
('HighTermTitleBDVSort', 'TitleBinary')    11.785    10.891    -7.6%    18.819    24.906    32.3%    40.013    29.198   -27.0%    40.013    29.198   -27.0%   184.053    95.328   -48.2%
  ('HighTermTitleSort', 'Title')     8.565     9.984    16.6%    31.710    31.836     0.4%    32.407    44.628    37.7%    32.407    44.628    37.7%    61.120    87.546    43.2%
                ('IntNRQ', None)     0.739     0.597   -19.3%     5.993     2.768   -53.8%    27.780     9.247   -66.7%    27.780     9.247   -66.7%    58.236    33.674   -42.2%
                ('IntSet', None)     1.724     1.786     3.6%     9.818     7.533   -23.3%    29.281     8.891   -69.6%    29.281     8.891   -69.6%    57.537    70.436    22.4%
   ('LowIntervalsOrdered', None)     1.526     1.807    18.4%     3.724     4.069     9.3%     6.385     6.500     1.8%     6.385     6.500     1.8%   136.547   100.441   -26.4%
             ('LowPhrase', None)     2.558     2.299   -10.1%     6.551     6.322    -3.5%     8.870     6.542   -26.2%     8.870     6.542   -26.2%    63.889    68.194     6.7%
       ('LowSloppyPhrase', None)     4.562     5.425    18.9%     7.972     9.249    16.0%    11.099    15.174    36.7%    11.099    15.174    36.7%    24.870    20.366   -18.1%
           ('LowSpanNear', None)     5.176     5.214     0.7%    10.297     9.117   -11.5%    11.898    11.812    -0.7%    11.898    11.812    -0.7%    41.753    20.956   -49.8%
               ('LowTerm', None)     0.415     0.511    23.4%     1.197     1.227     2.6%     1.446     1.579     9.2%     1.446     1.579     9.2%     2.214     6.228   181.3%
   ('MedIntervalsOrdered', None)     8.938    10.107    13.1%    18.446    21.635    17.3%    27.115    22.119   -18.4%    27.115    22.119   -18.4%    44.703    29.216   -34.6%
             ('MedPhrase', None)     2.779     2.292   -17.5%     5.999     5.069   -15.5%     6.810     5.519   -19.0%     6.810     5.519   -19.0%     6.947    28.415   309.0%
       ('MedSloppyPhrase', None)    14.155    11.215   -20.8%    22.283    25.142    12.8%    35.518    27.748   -21.9%    35.518    27.748   -21.9%   147.108   120.086   -18.4%
           ('MedSpanNear', None)    12.333    11.958    -3.0%    23.815    22.748    -4.5%    43.728    28.745   -34.3%    43.728    28.745   -34.3%    91.061    94.187     3.4%
               ('MedTerm', None)     0.704     0.708     0.6%     1.619     2.020    24.8%     3.803     4.247    11.7%     3.803     4.247    11.7%     5.415     7.113    31.4%
  ('MedTermDayTaxoFacets', None)    12.511    12.311    -1.6%    16.165    18.445    14.1%    19.174    21.724    13.3%    19.174    21.724    13.3%    58.772    48.836   -16.9%
            ('OrHighHigh', None)     2.129     2.953    38.7%     5.816    10.173    74.9%    14.398    40.482   181.2%    14.398    40.482   181.2%    94.325   190.644   102.1%
             ('OrHighLow', None)     0.883     1.018    15.2%     2.167     3.099    43.0%    13.372     5.627   -57.9%    13.372     5.627   -57.9%   117.964    94.216   -20.1%
             ('OrHighMed', None)     0.854     1.008    18.0%     3.043     2.492   -18.1%     4.866     2.738   -43.7%     4.866     2.738   -43.7%     5.951    45.193   659.5%
('OrHighMedDayTaxoFacets', None)    49.590    49.975     0.8%    80.490    81.442     1.2%   230.771    89.963   -61.0%   230.771    89.963   -61.0%   311.641   334.565     7.4%
         ('OrHighNotHigh', None)     1.273     1.402    10.1%     9.298     4.707   -49.4%     9.535     6.367   -33.2%     9.535     6.367   -33.2%    12.930    12.584    -2.7%
          ('OrHighNotLow', None)     1.222     1.190    -2.6%    10.497     4.476   -57.4%    17.524    10.116   -42.3%    17.524    10.116   -42.3%    17.702    21.114    19.3%
          ('OrHighNotMed', None)     1.355     1.266    -6.6%     3.152     2.459   -22.0%     5.524    10.924    97.8%     5.524    10.924    97.8%    29.172    12.178   -58.3%
         ('OrNotHighHigh', None)     1.048     1.449    38.3%     2.164     2.195     1.4%     2.342     2.363     0.9%     2.342     2.363     0.9%     9.461     7.373   -22.1%
          ('OrNotHighLow', None)     0.907     0.784   -13.6%     1.970     2.506    27.2%     2.010     2.589    28.8%     2.010     2.589    28.8%    83.688    80.664    -3.6%
          ('OrNotHighMed', None)     0.934     0.953     2.1%     1.982     3.550    79.1%     2.891     6.066   109.8%     2.891     6.066   109.8%    15.023    10.596   -29.5%
                   ('PKLookup',)     4.737     5.563    17.4%     8.191     9.864    20.4%    10.295    14.533    41.2%    10.295    14.533    41.2%    38.630    27.004   -30.1%
               ('Prefix3', None)     2.127     2.042    -4.0%     6.191     4.818   -22.2%     7.740     5.478   -29.2%     7.740     5.478   -29.2%    21.284    29.433    38.3%
                    ('Respell',)    20.942    19.119    -8.7%    44.424    43.329    -2.5%    58.264    46.753   -19.8%    58.264    46.753   -19.8%   109.071   122.403    12.2%
('TermDateTimeSort', 'DateTime')     2.333     2.773    18.9%     6.244     8.245    32.0%    11.581    10.660    -8.0%    11.581    10.660    -8.0%   111.634    85.790   -23.2%
              ('Wildcard', None)     2.576     2.878    11.7%     5.436     5.653     4.0%    15.558    10.051   -35.4%    15.558    10.051   -35.4%    24.296    26.040     7.2%
                 ('range', None)     0.184     0.191     3.8%     0.515     0.505    -1.9%     0.643     0.572   -11.0%     0.643     0.572   -11.0%     1.934     0.635   -67.2%
                            Task    QPS armA      StdDev    QPS armK      StdDev                Pct diff p-value
                      AndHighLow     2349.20      (9.2%)     1893.99      (4.9%)  -19.4% ( -30% -   -5%) 0.000
                      AndHighMed     1337.77      (5.7%)     1144.57      (7.3%)  -14.4% ( -25% -   -1%) 0.000
                  AndMissingHigh     3684.22      (8.0%)     3202.06      (5.6%)  -13.1% ( -24% -    0%) 0.000
            BrowseDateTaxoFacets       19.43     (52.8%)       16.90     (35.4%)  -13.0% ( -66% -  158%) 0.427
                         LowTerm     2338.34      (9.7%)     2058.63      (7.8%)  -12.0% ( -26% -    6%) 0.000
                       OrHighMed     1159.62      (8.7%)     1028.02      (7.3%)  -11.3% ( -25% -    5%) 0.000
                         Prefix3      649.05     (11.3%)      576.00     (12.5%)  -11.3% ( -31% -   14%) 0.010
       BrowseDayOfYearTaxoFacets       19.87     (51.7%)       17.73     (34.5%)  -10.8% ( -63% -  156%) 0.503
               HighTermTitleSort      131.16      (7.3%)      119.23      (8.0%)   -9.1% ( -22% -    6%) 0.001
                    OrNotHighMed     1195.38      (6.2%)     1098.63      (5.5%)   -8.1% ( -18% -    3%) 0.000
                     AndHighHigh      684.99      (7.3%)      631.21      (7.1%)   -7.9% ( -20% -    7%) 0.003
                       OrHighLow     1174.01      (4.8%)     1082.97      (5.4%)   -7.8% ( -17% -    2%) 0.000
                   OrHighNotHigh      880.51      (5.7%)      814.08      (7.1%)   -7.5% ( -19% -    5%) 0.001
                   OrNotHighHigh      935.54      (5.8%)      867.94      (6.3%)   -7.2% ( -18% -    5%) 0.001
                    OrNotHighLow     1443.20      (9.3%)     1350.43      (4.5%)   -6.4% ( -18% -    8%) 0.016
     BrowseRandomLabelTaxoFacets       14.43     (31.6%)       13.54     (31.7%)   -6.2% ( -52% -   83%) 0.593
                    OrHighNotLow     1050.71      (8.0%)      985.99      (7.7%)   -6.2% ( -20% -   10%) 0.032
                         MedTerm     1473.83      (9.7%)     1383.28      (9.4%)   -6.1% ( -22% -   14%) 0.078
               HighTermMonthSort     1561.23      (7.9%)     1467.34      (7.3%)   -6.0% ( -19% -    9%) 0.030
                 LowSloppyPhrase      189.50     (11.6%)      178.15     (11.8%)   -6.0% ( -26% -   19%) 0.161
                      OrHighHigh      493.11      (9.0%)      464.08     (10.2%)   -5.9% ( -23% -   14%) 0.094
                        HighTerm     1221.75      (7.8%)     1151.92      (6.5%)   -5.7% ( -18% -    9%) 0.030
          OrHighMedDayTaxoFacets       21.25      (4.7%)       20.15      (4.8%)   -5.2% ( -13% -    4%) 0.003
                          Fuzzy1       97.36      (8.5%)       92.86      (6.7%)   -4.6% ( -18% -   11%) 0.098
                 MedSloppyPhrase       77.41      (9.7%)       73.95     (10.6%)   -4.5% ( -22% -   17%) 0.229
                    OrHighNotMed      920.59      (7.8%)      879.50      (7.2%)   -4.5% ( -18% -   11%) 0.102
         AndHighMedDayTaxoFacets      272.61      (4.1%)      262.96      (4.1%)   -3.5% ( -11% -    4%) 0.018
                HighSloppyPhrase      106.42     (12.9%)      102.77     (11.3%)   -3.4% ( -24% -   23%) 0.439
                       LowPhrase      449.88      (5.1%)      434.79      (7.0%)   -3.4% ( -14% -    9%) 0.135
                       ConstMSM2     1288.35      (5.7%)     1255.72      (4.8%)   -2.5% ( -12% -    8%) 0.188
            BrowseDateSSDVFacets        2.94      (5.7%)        2.86      (6.5%)   -2.5% ( -13% -   10%) 0.270
                      TermDTSort      446.17      (5.9%)      435.90      (7.0%)   -2.3% ( -14% -   11%) 0.331
                          Fuzzy2       97.22      (7.4%)       95.16      (6.4%)   -2.1% ( -14% -   12%) 0.401
                     LowSpanNear      205.58      (5.6%)      201.47      (4.6%)   -2.0% ( -11% -    8%) 0.284
           HighTermDayOfYearSort      511.94      (8.8%)      502.20     (11.5%)   -1.9% ( -20% -   20%) 0.612
                          IntSet      729.64      (7.6%)      718.60      (8.2%)   -1.5% ( -16% -   15%) 0.600
            HighIntervalsOrdered       63.36      (8.0%)       62.50      (8.5%)   -1.4% ( -16% -   16%) 0.651
                        PKLookup      222.26     (10.8%)      219.51     (11.7%)   -1.2% ( -21% -   23%) 0.764
                        Wildcard      419.33      (3.5%)      415.00      (4.6%)   -1.0% (  -8% -    7%) 0.489
                     MedSpanNear       85.69      (2.5%)       84.84      (3.5%)   -1.0% (  -6% -    5%) 0.366
                      HighPhrase      194.35      (2.5%)      192.64      (3.2%)   -0.9% (  -6% -    4%) 0.402
            HighTermTitleBDVSort       92.18      (2.4%)       91.48      (3.3%)   -0.8% (  -6% -    5%) 0.468
                       MedPhrase      450.16      (7.4%)      446.74      (7.1%)   -0.8% ( -14% -   14%) 0.775
                          IntNRQ     1877.64      (8.2%)     1871.69      (9.3%)   -0.3% ( -16% -   18%) 0.921
             MedIntervalsOrdered      115.20      (4.8%)      114.92      (4.3%)   -0.2% (  -8% -    9%) 0.885
                    HighSpanNear       63.08      (3.9%)       62.97      (2.1%)   -0.2% (  -5% -    6%) 0.884
                         Respell       56.30      (7.0%)       56.22      (6.4%)   -0.1% ( -12% -   14%) 0.954
           BrowseMonthSSDVFacets       16.87     (13.7%)       16.86     (13.9%)   -0.1% ( -24% -   31%) 0.989
       BrowseDayOfYearSSDVFacets       15.72     (10.4%)       15.73      (7.2%)    0.1% ( -15% -   19%) 0.982
        AndHighHighDayTaxoFacets       77.97      (4.4%)       78.31      (4.9%)    0.4% (  -8% -   10%) 0.796
            MedTermDayTaxoFacets       87.38      (6.4%)       88.25      (6.9%)    1.0% ( -11% -   15%) 0.680
                           range     5939.26      (7.5%)     6001.82     (11.5%)    1.1% ( -16% -   21%) 0.766
           BrowseMonthTaxoFacets       35.69     (35.6%)       36.13     (28.4%)    1.2% ( -46% -  101%) 0.916
                        BM25MSM2       60.67      (5.2%)       61.45      (5.7%)    1.3% (  -9% -   12%) 0.519
             LowIntervalsOrdered      633.51     (10.8%)      641.78      (5.9%)    1.3% ( -13% -   20%) 0.682
     BrowseRandomLabelSSDVFacets       11.14      (8.1%)       11.65      (6.2%)    4.6% (  -8% -   20%) 0.082
  iter 15
    armA:
      NOTE: using experimental CPU time profiler (see https://mostlynerdless.de/blog/2025/06/11/java-25s-new-cpu-time-profiler-1)
      log: /home/goankur/vsearch/logs/FAKc.armA.15 + stdout
      run: /usr/bin/perf stat -dd -e task-clock,cycles,instructions,cache-references,cache-misses,L1-dcache-loads,L1-dcache-load-misses,L1-icache-loads,L1-icache-load-misses,LLC-loads,LLC-load-misses,LLC-stores,LLC-store-misses,LLC-prefetches,LLC-prefetch-misses,faults,minor-faults,major-faults,branches,branch-misses,stalled-cycles-frontend,stalled-cycles-backend /home/goankur/jdk/corretto-25/bin/java -server -Xms2g -Xmx2g --add-modules jdk.incubator.vector -XX:+HeapDumpOnOutOfMemoryError -XX:+UseParallelGC -XX:StartFlightRecording=jdk.CPUTimeSample#enabled=true,dumponexit=true,maxsize=250M,settings=/home/goankur/vsearch/util/src/python/profiling.jfc,filename=/home/goankur/vsearch/logs/bench-search-FAKc-armA-15.jfr -XX:+UnlockDiagnosticVMOptions -XX:+DebugNonSafepoints -classpath /home/goankur/vsearch/bo/lucene-A/lucene/core/build/libs/lucene-core-11.0.0-SNAPSHOT.jar:/home/goankur/vsearch/bo/lucene-A/lucene/sandbox/build/classes/java/main:/home/goankur/vsearch/bo/lucene-A/lucene/misc/build/classes/java/main:/home/goankur/vsearch/bo/lucene-A/lucene/facet/build/classes/java/main:/home/goankur/vsearch/bo/lucene-A/lucene/analysis/common/build/classes/java/main:/home/goankur/vsearch/bo/lucene-A/lucene/analysis/icu/build/classes/java/main:/home/goankur/vsearch/bo/lucene-A/lucene/queryparser/build/classes/java/main:/home/goankur/vsearch/bo/lucene-A/lucene/grouping/build/classes/java/main:/home/goankur/vsearch/bo/lucene-A/lucene/suggest/build/classes/java/main:/home/goankur/vsearch/bo/lucene-A/lucene/highlighter/build/classes/java/main:/home/goankur/vsearch/bo/lucene-A/lucene/codecs/build/classes/java/main:/home/goankur/vsearch/bo/lucene-A/lucene/queries/build/classes/java/main:/home/goankur/vsearch/bo/lucene-A/lucene/join/build/classes/java/main:/home/goankur/vsearch/bo/lucene-A/lucene/spatial3d/build/classes/java/main:/home/goankur/vsearch/util/lib/HdrHistogram.jar:/home/goankur/vsearch/util/src/main/build/classes/java/main:/home/goankur/vsearch/util/build perf.SearchPerfTest -dirImpl MMapDirectory -indexPath /home/goankur/vsearch/indices/wikimedium10m.lucene-A.facets.taxonomy:Date.taxonomy:Month.taxonomy:DayOfYear.sortedset:Date.sortedset:Month.sortedset:DayOfYear.taxonomy:RandomLabel.sortedset:RandomLabel.Lucene90.Lucene104.dvfields.nd10M -facets taxonomy:Date;Date -facets taxonomy:Month;Month -facets taxonomy:DayOfYear;DayOfYear -facets sortedset:Date;Date -facets sortedset:Month;Month -facets sortedset:DayOfYear;DayOfYear -facets taxonomy:RandomLabel;RandomLabel -facets sortedset:RandomLabel;RandomLabel -analyzer StandardAnalyzer -taskSource /home/goankur/vsearch/util/tasks/wikimedium.10M.nostopwords.tasks -numConcurrentQueries 5 -taskRepeatCount 20 -field body -tasksPerCat 1 -searchConcurrency -1 -staticSeed -6766631 -seed -7023611 -similarity BM25Similarity -commit multi -hiliteImpl FastVectorHighlighter -log /home/goankur/vsearch/logs/FAKc.armA.15 -topN 100 -context  -pk -pollute
      9.5 s
      236.7 actual sustained QPS; -1.0 CPU cores used
    armK:
      NOTE: using experimental CPU time profiler (see https://mostlynerdless.de/blog/2025/06/11/java-25s-new-cpu-time-profiler-1)
      log: /home/goankur/vsearch/logs/FAKc.armK.15 + stdout
      run: /usr/bin/perf stat -dd -e task-clock,cycles,instructions,cache-references,cache-misses,L1-dcache-loads,L1-dcache-load-misses,L1-icache-loads,L1-icache-load-misses,LLC-loads,LLC-load-misses,LLC-stores,LLC-store-misses,LLC-prefetches,LLC-prefetch-misses,faults,minor-faults,major-faults,branches,branch-misses,stalled-cycles-frontend,stalled-cycles-backend /home/goankur/jdk/corretto-25/bin/java -server -Xms2g -Xmx2g --add-modules jdk.incubator.vector -XX:+HeapDumpOnOutOfMemoryError -XX:+UseParallelGC -XX:StartFlightRecording=jdk.CPUTimeSample#enabled=true,dumponexit=true,maxsize=250M,settings=/home/goankur/vsearch/util/src/python/profiling.jfc,filename=/home/goankur/vsearch/logs/bench-search-FAKc-armK-15.jfr -XX:+UnlockDiagnosticVMOptions -XX:+DebugNonSafepoints -classpath /home/goankur/vsearch/bo/lucene-K/lucene/core/build/libs/lucene-core-11.0.0-SNAPSHOT.jar:/home/goankur/vsearch/bo/lucene-K/lucene/sandbox/build/classes/java/main:/home/goankur/vsearch/bo/lucene-K/lucene/misc/build/classes/java/main:/home/goankur/vsearch/bo/lucene-K/lucene/facet/build/classes/java/main:/home/goankur/vsearch/bo/lucene-K/lucene/analysis/common/build/classes/java/main:/home/goankur/vsearch/bo/lucene-K/lucene/analysis/icu/build/classes/java/main:/home/goankur/vsearch/bo/lucene-K/lucene/queryparser/build/classes/java/main:/home/goankur/vsearch/bo/lucene-K/lucene/grouping/build/classes/java/main:/home/goankur/vsearch/bo/lucene-K/lucene/suggest/build/classes/java/main:/home/goankur/vsearch/bo/lucene-K/lucene/highlighter/build/classes/java/main:/home/goankur/vsearch/bo/lucene-K/lucene/codecs/build/classes/java/main:/home/goankur/vsearch/bo/lucene-K/lucene/queries/build/classes/java/main:/home/goankur/vsearch/bo/lucene-K/lucene/join/build/classes/java/main:/home/goankur/vsearch/bo/lucene-K/lucene/spatial3d/build/classes/java/main:/home/goankur/vsearch/util/lib/HdrHistogram.jar:/home/goankur/vsearch/util/src/main/build/classes/java/main:/home/goankur/vsearch/util/build perf.SearchPerfTest -dirImpl MMapDirectory -indexPath /home/goankur/vsearch/indices/wikimedium10m.lucene-A.facets.taxonomy:Date.taxonomy:Month.taxonomy:DayOfYear.sortedset:Date.sortedset:Month.sortedset:DayOfYear.taxonomy:RandomLabel.sortedset:RandomLabel.Lucene90.Lucene104.dvfields.nd10M -facets taxonomy:Date;Date -facets taxonomy:Month;Month -facets taxonomy:DayOfYear;DayOfYear -facets sortedset:Date;Date -facets sortedset:Month;Month -facets sortedset:DayOfYear;DayOfYear -facets taxonomy:RandomLabel;RandomLabel -facets sortedset:RandomLabel;RandomLabel -analyzer StandardAnalyzer -taskSource /home/goankur/vsearch/util/tasks/wikimedium.10M.nostopwords.tasks -numConcurrentQueries 5 -taskRepeatCount 20 -field body -tasksPerCat 1 -searchConcurrency -1 -staticSeed -6766631 -seed -7023611 -similarity BM25Similarity -commit multi -hiliteImpl FastVectorHighlighter -log /home/goankur/vsearch/logs/FAKc.armK.15 -topN 100 -context  -pk -pollute
      9.3 s
      238.2 actual sustained QPS; -1.0 CPU cores used

Report after iter 15:
QPSChart.supported == False
                            Task     P50 B     P50 C     Diff     P90 B     P90 C     Diff     P99 B     P99 C     Diff    P999 B    P999 C     Diff    P100 B    P100 C     Diff
           ('AndHighHigh', None)     1.467     1.743    18.8%     4.568     5.690    24.6%     6.172     8.652    40.2%     6.172     8.652    40.2%    55.256    56.708     2.6%
('AndHighHighDayTaxoFacets', None)    13.545    13.898     2.6%    20.704    22.501     8.7%    23.345    25.617     9.7%    23.345    25.617     9.7%    57.012    71.625    25.6%
            ('AndHighLow', None)     0.432     0.594    37.4%     1.029     0.894   -13.1%     1.138     1.164     2.3%     1.138     1.164     2.3%     1.477     4.821   226.5%
            ('AndHighMed', None)     0.860     0.999    16.1%     3.718     3.861     3.8%     5.099     5.684    11.5%     5.099     5.684    11.5%   206.806   235.642    13.9%
('AndHighMedDayTaxoFacets', None)     3.849     3.964     3.0%     9.637     6.076   -36.9%    12.195    14.245    16.8%    12.195    14.245    16.8%    14.518    17.422    20.0%
     ('AndMissingHigh', 'Title')     0.286     0.373    30.2%     1.043     0.687   -34.1%     1.593     0.940   -41.0%     1.593     0.940   -41.0%     1.840     1.151   -37.4%
              ('BM25MSM2', None)    20.056    17.336   -13.6%    40.275    39.298    -2.4%    89.012    41.804   -53.0%    89.012    41.804   -53.0%   168.590   155.133    -8.0%
  ('BrowseDateSSDVFacets', None)   331.392   337.780     1.9%   393.102   381.675    -2.9%   404.755   392.592    -3.0%   404.755   392.592    -3.0%   500.901   516.441     3.1%
  ('BrowseDateTaxoFacets', None)    63.795    66.232     3.8%    81.368    78.658    -3.3%    82.454    80.861    -1.9%    82.454    80.861    -1.9%    82.460    84.604     2.6%
('BrowseDayOfYearSSDVFacets', None)    67.273    73.115     8.7%    91.426    91.734     0.3%    98.274    93.412    -4.9%    98.274    93.412    -4.9%   152.739   129.526   -15.2%
('BrowseDayOfYearTaxoFacets', None)    62.526    65.594     4.9%    80.348    79.133    -1.5%    82.775    80.457    -2.8%    82.775    80.457    -2.8%    86.427    82.457    -4.6%
 ('BrowseMonthSSDVFacets', None)    63.881    73.435    15.0%    89.943    90.560     0.7%    91.269    91.208    -0.1%    91.269    91.208    -0.1%    98.341   124.704    26.8%
 ('BrowseMonthTaxoFacets', None)    84.494    24.575   -70.9%    95.433    69.199   -27.5%    98.722    73.435   -25.6%    98.722    73.435   -25.6%   147.248   176.553    19.9%
('BrowseRandomLabelSSDVFacets', None)    96.049    92.719    -3.5%   122.040   150.940    23.7%   126.529   155.143    22.6%   126.529   155.143    22.6%   194.291   258.434    33.0%
('BrowseRandomLabelTaxoFacets', None)    75.591    84.742    12.1%    97.414    95.042    -2.4%   109.594    95.799   -12.6%   109.594    95.799   -12.6%   233.595   312.159    33.6%
             ('ConstMSM2', None)     0.801     0.938    17.2%     4.267     2.895   -32.2%    10.365     3.086   -70.2%    10.365     3.086   -70.2%    23.468     4.907   -79.1%
                ('Fuzzy1', None)    11.012    11.280     2.4%    18.583    21.132    13.7%    20.292    47.781   135.5%    20.292    47.781   135.5%   162.763   128.673   -20.9%
                ('Fuzzy2', None)    10.270    10.908     6.2%    17.306    22.225    28.4%    17.368    42.882   146.9%    17.368    42.882   146.9%    77.379    69.047   -10.8%
  ('HighIntervalsOrdered', None)    18.734    17.832    -4.8%    38.983    31.530   -19.1%    40.411    43.326     7.2%    40.411    43.326     7.2%    65.638    72.685    10.7%
            ('HighPhrase', None)     5.132     6.068    18.2%    12.668    14.178    11.9%    15.936    16.248     2.0%    15.936    16.248     2.0%    72.677    72.764     0.1%
      ('HighSloppyPhrase', None)     9.385     9.661     2.9%    13.789    14.652     6.3%    17.567    16.867    -4.0%    17.567    16.867    -4.0%    47.633    62.010    30.2%
          ('HighSpanNear', None)    20.657    16.689   -19.2%    36.590    31.580   -13.7%    42.889    37.881   -11.7%    42.889    37.881   -11.7%    44.868    78.766    75.6%
              ('HighTerm', None)     0.783     0.877    12.0%     2.148     1.712   -20.3%     2.829     3.150    11.3%     2.829     3.150    11.3%    25.660     3.811   -85.1%
('HighTermDayOfYearSort', 'DayOfYear')     1.783     2.067    15.9%     7.439     3.901   -47.6%     8.957     6.059   -32.4%     8.957     6.059   -32.4%   113.220   143.925    27.1%
  ('HighTermMonthSort', 'Month')     0.709     0.660    -6.9%     1.870     3.566    90.7%     2.656     6.275   136.2%     2.656     6.275   136.2%     8.511    11.781    38.4%
('HighTermTitleBDVSort', 'TitleBinary')    12.512    11.583    -7.4%    28.169    19.552   -30.6%    33.535    24.135   -28.0%    33.535    24.135   -28.0%    77.768    67.038   -13.8%
  ('HighTermTitleSort', 'Title')     8.005     8.107     1.3%    35.853    32.532    -9.3%    55.355    34.607   -37.5%    55.355    34.607   -37.5%    62.161    79.122    27.3%
                ('IntNRQ', None)     0.540     0.547     1.3%     2.846     3.445    21.0%    11.253    16.745    48.8%    11.253    16.745    48.8%    35.822    41.336    15.4%
                ('IntSet', None)     1.338     1.542    15.2%     7.426     5.598   -24.6%     9.695     7.422   -23.4%     9.695     7.422   -23.4%    60.674    58.136    -4.2%
   ('LowIntervalsOrdered', None)     1.694     1.815     7.2%     4.971     4.176   -16.0%     5.730     7.448    30.0%     5.730     7.448    30.0%     9.867    10.771     9.2%
             ('LowPhrase', None)     2.111     2.351    11.3%     8.274     7.516    -9.2%    13.807    10.509   -23.9%    13.807    10.509   -23.9%    14.349    52.552   266.3%
       ('LowSloppyPhrase', None)     6.157     6.085    -1.2%     8.746    10.362    18.5%     9.805    14.866    51.6%     9.805    14.866    51.6%    10.654    28.872   171.0%
           ('LowSpanNear', None)     5.231     5.260     0.6%    13.817     7.746   -43.9%    24.616    18.636   -24.3%    24.616    18.636   -24.3%    30.358    27.702    -8.7%
               ('LowTerm', None)     0.384     0.461    20.1%     1.114     2.404   115.8%     1.666     2.513    50.8%     1.666     2.513    50.8%    16.687     2.877   -82.8%
   ('MedIntervalsOrdered', None)     9.054     9.315     2.9%    26.849    15.028   -44.0%    29.811    33.909    13.7%    29.811    33.909    13.7%    93.330   126.431    35.5%
             ('MedPhrase', None)     2.079     2.186     5.1%     4.879     4.565    -6.4%     5.412     7.811    44.3%     5.412     7.811    44.3%     5.776    26.557   359.8%
       ('MedSloppyPhrase', None)    14.849    13.708    -7.7%    23.413    17.280   -26.2%    50.196    24.600   -51.0%    50.196    24.600   -51.0%    80.486   129.814    61.3%
           ('MedSpanNear', None)    12.468    12.243    -1.8%    26.459    18.929   -28.5%    29.048    26.204    -9.8%    29.048    26.204    -9.8%   255.956   283.183    10.6%
               ('MedTerm', None)     0.791     0.855     8.2%     5.228     1.444   -72.4%     8.338     1.483   -82.2%     8.338     1.483   -82.2%    10.341     4.383   -57.6%
  ('MedTermDayTaxoFacets', None)    11.765    12.827     9.0%    17.174    18.096     5.4%    24.155    27.786    15.0%    24.155    27.786    15.0%   135.655   130.583    -3.7%
            ('OrHighHigh', None)     2.215     2.461    11.1%     7.337     5.448   -25.8%    11.099    10.224    -7.9%    11.099    10.224    -7.9%   338.433   349.167     3.2%
             ('OrHighLow', None)     0.931     1.000     7.4%     1.590     2.387    50.2%     3.601     2.584   -28.3%     3.601     2.584   -28.3%     7.203     7.198    -0.1%
             ('OrHighMed', None)     0.881     0.897     1.8%     2.729     2.322   -14.9%     2.741     2.591    -5.5%     2.741     2.591    -5.5%     3.709     3.893     5.0%
('OrHighMedDayTaxoFacets', None)    53.814    55.005     2.2%   134.250    99.151   -26.1%   358.194   343.217    -4.2%   358.194   343.217    -4.2%   408.754   458.254    12.1%
         ('OrHighNotHigh', None)     1.169     1.244     6.4%     3.948     3.060   -22.5%    10.107    12.310    21.8%    10.107    12.310    21.8%    61.460    60.375    -1.8%
          ('OrHighNotLow', None)     0.881     1.006    14.3%     5.604     4.073   -27.3%     6.006     7.581    26.2%     6.006     7.581    26.2%     8.675     8.138    -6.2%
          ('OrHighNotMed', None)     1.315     1.178   -10.4%     2.560     2.454    -4.1%    11.473     2.857   -75.1%    11.473     2.857   -75.1%    26.923    12.205   -54.7%
         ('OrNotHighHigh', None)     1.009     1.184    17.4%     4.487     2.801   -37.6%     5.673     6.062     6.9%     5.673     6.062     6.9%    70.172    33.692   -52.0%
          ('OrNotHighLow', None)     0.673     0.728     8.3%     2.101     2.050    -2.4%     2.110     3.420    62.1%     2.110     3.420    62.1%     3.154     9.308   195.1%
          ('OrNotHighMed', None)     0.791     1.217    53.9%     4.245     3.722   -12.3%     8.262     4.083   -50.6%     8.262     4.083   -50.6%    10.223     4.385   -57.1%
                   ('PKLookup',)     4.288     4.739    10.5%     8.694     8.513    -2.1%    12.364     9.710   -21.5%    12.364     9.710   -21.5%    19.692    20.108     2.1%
               ('Prefix3', None)     1.810     2.186    20.8%    12.255     4.409   -64.0%    13.870     5.089   -63.3%    13.870     5.089   -63.3%    16.409    23.765    44.8%
                    ('Respell',)    19.237    19.820     3.0%    28.246    33.649    19.1%    34.502    38.829    12.5%    34.502    38.829    12.5%    95.512    97.125     1.7%
('TermDateTimeSort', 'DateTime')     2.769     2.657    -4.0%     6.599    11.519    74.6%     7.874    12.834    63.0%     7.874    12.834    63.0%    15.017    41.827   178.5%
              ('Wildcard', None)     2.509     2.455    -2.1%     6.320     6.880     8.9%    18.792     9.120   -51.5%    18.792     9.120   -51.5%    29.104    39.185    34.6%
                 ('range', None)     0.181     0.183     1.0%     0.631     0.439   -30.4%     0.830     0.604   -27.3%     0.830     0.604   -27.3%     7.422     0.865   -88.3%
                            Task    QPS armA      StdDev    QPS armK      StdDev                Pct diff p-value
                      AndHighLow     2351.24      (8.9%)     1884.10      (5.0%)  -19.9% ( -31% -   -6%) 0.000
                      AndHighMed     1331.63      (5.8%)     1142.21      (7.1%)  -14.2% ( -25% -   -1%) 0.000
                  AndMissingHigh     3688.02      (7.8%)     3171.77      (6.3%)  -14.0% ( -26% -    0%) 0.000
            BrowseDateTaxoFacets       19.17     (52.0%)       16.79     (34.7%)  -12.4% ( -65% -  154%) 0.428
                         LowTerm     2360.00     (10.0%)     2074.08      (7.9%)  -12.1% ( -27% -    6%) 0.000
                         Prefix3      653.28     (11.2%)      577.17     (12.0%)  -11.7% ( -31% -   12%) 0.005
                       OrHighMed     1163.51      (8.5%)     1040.13      (8.2%)  -10.6% ( -25% -    6%) 0.000
       BrowseDayOfYearTaxoFacets       19.63     (50.8%)       17.58     (33.9%)  -10.4% ( -63% -  150%) 0.494
                    OrNotHighMed     1201.61      (6.4%)     1092.56      (5.7%)   -9.1% ( -19% -    3%) 0.000
               HighTermTitleSort      131.76      (7.3%)      119.85      (7.9%)   -9.0% ( -22% -    6%) 0.001
                       OrHighLow     1175.59      (4.6%)     1080.13      (5.3%)   -8.1% ( -17% -    1%) 0.000
                     AndHighHigh      685.99      (7.1%)      632.75      (6.9%)   -7.8% ( -20% -    6%) 0.002
                   OrNotHighHigh      940.15      (5.9%)      868.92      (6.1%)   -7.6% ( -18% -    4%) 0.000
                   OrHighNotHigh      882.59      (5.6%)      815.71      (6.8%)   -7.6% ( -18% -    5%) 0.001
                    OrNotHighLow     1451.03      (9.2%)     1354.46      (4.4%)   -6.7% ( -18% -    7%) 0.009
                    OrHighNotLow     1056.30      (8.0%)      987.25      (7.5%)   -6.5% ( -20% -    9%) 0.017
                         MedTerm     1467.58      (9.5%)     1371.87      (9.6%)   -6.5% ( -23% -   13%) 0.054
     BrowseRandomLabelTaxoFacets       14.37     (30.7%)       13.45     (30.9%)   -6.4% ( -51% -   79%) 0.556
                      OrHighHigh      492.85      (8.7%)      462.07     (10.0%)   -6.2% ( -22% -   13%) 0.060
                        HighTerm     1226.83      (7.7%)     1152.49      (6.3%)   -6.1% ( -18% -    8%) 0.015
               HighTermMonthSort     1559.36      (7.7%)     1473.54      (7.2%)   -5.5% ( -18% -   10%) 0.036
                 LowSloppyPhrase      187.84     (11.8%)      178.30     (11.5%)   -5.1% ( -25% -   20%) 0.219
          OrHighMedDayTaxoFacets       21.09      (5.4%)       20.06      (4.9%)   -4.9% ( -14% -    5%) 0.008
                          Fuzzy1       97.18      (8.2%)       92.66      (6.5%)   -4.6% ( -17% -   11%) 0.077
                       LowPhrase      452.59      (5.5%)      434.58      (6.7%)   -4.0% ( -15% -    8%) 0.067
                    OrHighNotMed      912.90      (8.3%)      878.28      (7.0%)   -3.8% ( -17% -   12%) 0.162
                 MedSloppyPhrase       76.83      (9.9%)       73.95     (10.3%)   -3.7% ( -21% -   18%) 0.296
         AndHighMedDayTaxoFacets      272.40      (4.0%)      262.47      (4.0%)   -3.6% ( -11% -    4%) 0.010
                HighSloppyPhrase      106.74     (12.4%)      102.97     (10.9%)   -3.5% ( -23% -   22%) 0.395
                       ConstMSM2     1288.42      (5.5%)     1250.41      (5.0%)   -2.9% ( -12% -    7%) 0.110
            BrowseDateSSDVFacets        2.94      (5.6%)        2.87      (6.4%)   -2.4% ( -13% -   10%) 0.255
           HighTermDayOfYearSort      516.66      (9.2%)      506.42     (11.5%)   -2.0% ( -20% -   20%) 0.591
                          IntSet      732.24      (7.5%)      717.78      (7.9%)   -2.0% ( -16% -   14%) 0.468
                          Fuzzy2       97.42      (7.1%)       95.55      (6.4%)   -1.9% ( -14% -   12%) 0.424
                      TermDTSort      441.65      (7.1%)      433.29      (7.3%)   -1.9% ( -15% -   13%) 0.455
                     LowSpanNear      204.97      (5.5%)      201.17      (4.5%)   -1.9% ( -11% -    8%) 0.298
                        PKLookup      223.11     (10.5%)      219.48     (11.2%)   -1.6% ( -21% -   22%) 0.672
                      HighPhrase      194.49      (2.4%)      191.88      (3.5%)   -1.3% (  -7% -    4%) 0.206
            HighIntervalsOrdered       62.82      (8.5%)       62.11      (8.7%)   -1.1% ( -16% -   17%) 0.710
                        Wildcard      419.87      (3.5%)      415.15      (4.4%)   -1.1% (  -8% -    6%) 0.421
                       MedPhrase      452.38      (7.4%)      447.77      (6.9%)   -1.0% ( -14% -   14%) 0.687
                         Respell       56.52      (7.0%)       55.99      (6.3%)   -1.0% ( -13% -   13%) 0.686
                     MedSpanNear       85.42      (2.7%)       84.95      (3.4%)   -0.6% (  -6% -    5%) 0.615
            HighTermTitleBDVSort       91.75      (3.0%)       91.36      (3.2%)   -0.4% (  -6% -    5%) 0.695
             MedIntervalsOrdered      114.97      (4.7%)      114.48      (4.5%)   -0.4% (  -9% -    9%) 0.792
           BrowseMonthSSDVFacets       16.81     (13.4%)       16.74     (13.7%)   -0.4% ( -24% -   30%) 0.933
       BrowseDayOfYearSSDVFacets       15.67     (10.2%)       15.62      (7.5%)   -0.4% ( -16% -   19%) 0.909
                          IntNRQ     1879.03      (8.0%)     1875.30      (9.0%)   -0.2% ( -15% -   18%) 0.947
            MedTermDayTaxoFacets       87.63      (6.2%)       87.82      (6.9%)    0.2% ( -12% -   14%) 0.925
                    HighSpanNear       62.55      (5.1%)       62.81      (2.3%)    0.4% (  -6% -    8%) 0.760
        AndHighHighDayTaxoFacets       77.74      (4.4%)       78.12      (4.8%)    0.5% (  -8% -   10%) 0.769
                           range     5926.12      (7.3%)     5970.29     (11.3%)    0.7% ( -16% -   20%) 0.825
                        BM25MSM2       60.81      (5.0%)       61.26      (5.6%)    0.8% (  -9% -   12%) 0.691
             LowIntervalsOrdered      631.84     (10.5%)      639.42      (5.9%)    1.2% ( -13% -   19%) 0.691
     BrowseRandomLabelSSDVFacets       11.16      (7.8%)       11.61      (6.2%)    4.0% (  -9% -   19%) 0.112
           BrowseMonthTaxoFacets       34.21     (39.9%)       36.50     (28.9%)    6.7% ( -44% -  125%) 0.586
  iter 16
    armK:
      NOTE: using experimental CPU time profiler (see https://mostlynerdless.de/blog/2025/06/11/java-25s-new-cpu-time-profiler-1)
      log: /home/goankur/vsearch/logs/FAKc.armK.16 + stdout
      run: /usr/bin/perf stat -dd -e task-clock,cycles,instructions,cache-references,cache-misses,L1-dcache-loads,L1-dcache-load-misses,L1-icache-loads,L1-icache-load-misses,LLC-loads,LLC-load-misses,LLC-stores,LLC-store-misses,LLC-prefetches,LLC-prefetch-misses,faults,minor-faults,major-faults,branches,branch-misses,stalled-cycles-frontend,stalled-cycles-backend /home/goankur/jdk/corretto-25/bin/java -server -Xms2g -Xmx2g --add-modules jdk.incubator.vector -XX:+HeapDumpOnOutOfMemoryError -XX:+UseParallelGC -XX:StartFlightRecording=jdk.CPUTimeSample#enabled=true,dumponexit=true,maxsize=250M,settings=/home/goankur/vsearch/util/src/python/profiling.jfc,filename=/home/goankur/vsearch/logs/bench-search-FAKc-armK-16.jfr -XX:+UnlockDiagnosticVMOptions -XX:+DebugNonSafepoints -classpath /home/goankur/vsearch/bo/lucene-K/lucene/core/build/libs/lucene-core-11.0.0-SNAPSHOT.jar:/home/goankur/vsearch/bo/lucene-K/lucene/sandbox/build/classes/java/main:/home/goankur/vsearch/bo/lucene-K/lucene/misc/build/classes/java/main:/home/goankur/vsearch/bo/lucene-K/lucene/facet/build/classes/java/main:/home/goankur/vsearch/bo/lucene-K/lucene/analysis/common/build/classes/java/main:/home/goankur/vsearch/bo/lucene-K/lucene/analysis/icu/build/classes/java/main:/home/goankur/vsearch/bo/lucene-K/lucene/queryparser/build/classes/java/main:/home/goankur/vsearch/bo/lucene-K/lucene/grouping/build/classes/java/main:/home/goankur/vsearch/bo/lucene-K/lucene/suggest/build/classes/java/main:/home/goankur/vsearch/bo/lucene-K/lucene/highlighter/build/classes/java/main:/home/goankur/vsearch/bo/lucene-K/lucene/codecs/build/classes/java/main:/home/goankur/vsearch/bo/lucene-K/lucene/queries/build/classes/java/main:/home/goankur/vsearch/bo/lucene-K/lucene/join/build/classes/java/main:/home/goankur/vsearch/bo/lucene-K/lucene/spatial3d/build/classes/java/main:/home/goankur/vsearch/util/lib/HdrHistogram.jar:/home/goankur/vsearch/util/src/main/build/classes/java/main:/home/goankur/vsearch/util/build perf.SearchPerfTest -dirImpl MMapDirectory -indexPath /home/goankur/vsearch/indices/wikimedium10m.lucene-A.facets.taxonomy:Date.taxonomy:Month.taxonomy:DayOfYear.sortedset:Date.sortedset:Month.sortedset:DayOfYear.taxonomy:RandomLabel.sortedset:RandomLabel.Lucene90.Lucene104.dvfields.nd10M -facets taxonomy:Date;Date -facets taxonomy:Month;Month -facets taxonomy:DayOfYear;DayOfYear -facets sortedset:Date;Date -facets sortedset:Month;Month -facets sortedset:DayOfYear;DayOfYear -facets taxonomy:RandomLabel;RandomLabel -facets sortedset:RandomLabel;RandomLabel -analyzer StandardAnalyzer -taskSource /home/goankur/vsearch/util/tasks/wikimedium.10M.nostopwords.tasks -numConcurrentQueries 5 -taskRepeatCount 20 -field body -tasksPerCat 1 -searchConcurrency -1 -staticSeed -6766631 -seed 797009 -similarity BM25Similarity -commit multi -hiliteImpl FastVectorHighlighter -log /home/goankur/vsearch/logs/FAKc.armK.16 -topN 100 -context  -pk -pollute
      9.6 s
      256.8 actual sustained QPS; -1.0 CPU cores used
    armA:
      NOTE: using experimental CPU time profiler (see https://mostlynerdless.de/blog/2025/06/11/java-25s-new-cpu-time-profiler-1)
      log: /home/goankur/vsearch/logs/FAKc.armA.16 + stdout
      run: /usr/bin/perf stat -dd -e task-clock,cycles,instructions,cache-references,cache-misses,L1-dcache-loads,L1-dcache-load-misses,L1-icache-loads,L1-icache-load-misses,LLC-loads,LLC-load-misses,LLC-stores,LLC-store-misses,LLC-prefetches,LLC-prefetch-misses,faults,minor-faults,major-faults,branches,branch-misses,stalled-cycles-frontend,stalled-cycles-backend /home/goankur/jdk/corretto-25/bin/java -server -Xms2g -Xmx2g --add-modules jdk.incubator.vector -XX:+HeapDumpOnOutOfMemoryError -XX:+UseParallelGC -XX:StartFlightRecording=jdk.CPUTimeSample#enabled=true,dumponexit=true,maxsize=250M,settings=/home/goankur/vsearch/util/src/python/profiling.jfc,filename=/home/goankur/vsearch/logs/bench-search-FAKc-armA-16.jfr -XX:+UnlockDiagnosticVMOptions -XX:+DebugNonSafepoints -classpath /home/goankur/vsearch/bo/lucene-A/lucene/core/build/libs/lucene-core-11.0.0-SNAPSHOT.jar:/home/goankur/vsearch/bo/lucene-A/lucene/sandbox/build/classes/java/main:/home/goankur/vsearch/bo/lucene-A/lucene/misc/build/classes/java/main:/home/goankur/vsearch/bo/lucene-A/lucene/facet/build/classes/java/main:/home/goankur/vsearch/bo/lucene-A/lucene/analysis/common/build/classes/java/main:/home/goankur/vsearch/bo/lucene-A/lucene/analysis/icu/build/classes/java/main:/home/goankur/vsearch/bo/lucene-A/lucene/queryparser/build/classes/java/main:/home/goankur/vsearch/bo/lucene-A/lucene/grouping/build/classes/java/main:/home/goankur/vsearch/bo/lucene-A/lucene/suggest/build/classes/java/main:/home/goankur/vsearch/bo/lucene-A/lucene/highlighter/build/classes/java/main:/home/goankur/vsearch/bo/lucene-A/lucene/codecs/build/classes/java/main:/home/goankur/vsearch/bo/lucene-A/lucene/queries/build/classes/java/main:/home/goankur/vsearch/bo/lucene-A/lucene/join/build/classes/java/main:/home/goankur/vsearch/bo/lucene-A/lucene/spatial3d/build/classes/java/main:/home/goankur/vsearch/util/lib/HdrHistogram.jar:/home/goankur/vsearch/util/src/main/build/classes/java/main:/home/goankur/vsearch/util/build perf.SearchPerfTest -dirImpl MMapDirectory -indexPath /home/goankur/vsearch/indices/wikimedium10m.lucene-A.facets.taxonomy:Date.taxonomy:Month.taxonomy:DayOfYear.sortedset:Date.sortedset:Month.sortedset:DayOfYear.taxonomy:RandomLabel.sortedset:RandomLabel.Lucene90.Lucene104.dvfields.nd10M -facets taxonomy:Date;Date -facets taxonomy:Month;Month -facets taxonomy:DayOfYear;DayOfYear -facets sortedset:Date;Date -facets sortedset:Month;Month -facets sortedset:DayOfYear;DayOfYear -facets taxonomy:RandomLabel;RandomLabel -facets sortedset:RandomLabel;RandomLabel -analyzer StandardAnalyzer -taskSource /home/goankur/vsearch/util/tasks/wikimedium.10M.nostopwords.tasks -numConcurrentQueries 5 -taskRepeatCount 20 -field body -tasksPerCat 1 -searchConcurrency -1 -staticSeed -6766631 -seed 797009 -similarity BM25Similarity -commit multi -hiliteImpl FastVectorHighlighter -log /home/goankur/vsearch/logs/FAKc.armA.16 -topN 100 -context  -pk -pollute
      9.5 s
      258.0 actual sustained QPS; -1.0 CPU cores used

Report after iter 16:
QPSChart.supported == False
                            Task     P50 B     P50 C     Diff     P90 B     P90 C     Diff     P99 B     P99 C     Diff    P999 B    P999 C     Diff    P100 B    P100 C     Diff
           ('AndHighHigh', None)     1.480     1.760    18.9%     5.208     5.285     1.5%    14.258     6.886   -51.7%    14.258     6.886   -51.7%    21.235    20.615    -2.9%
('AndHighHighDayTaxoFacets', None)    12.430    12.773     2.8%    29.151    27.715    -4.9%    36.375    37.532     3.2%    36.375    37.532     3.2%    77.409    58.826   -24.0%
            ('AndHighLow', None)     0.490     0.603    23.3%     1.201     1.801    49.9%     1.382     3.624   162.3%     1.382     3.624   162.3%     9.694    15.310    57.9%
            ('AndHighMed', None)     0.879     0.868    -1.3%     4.200     2.611   -37.8%     4.840     3.585   -25.9%     4.840     3.585   -25.9%   150.564   141.346    -6.1%
('AndHighMedDayTaxoFacets', None)     3.781     3.969     5.0%     9.590     9.815     2.3%     9.732    12.736    30.9%     9.732    12.736    30.9%    17.547    19.344    10.2%
     ('AndMissingHigh', 'Title')     0.280     0.342    22.0%     0.702     1.178    67.8%     0.723     1.213    67.7%     0.723     1.213    67.7%    19.054    19.674     3.3%
              ('BM25MSM2', None)    16.628    17.283     3.9%    32.102    31.842    -0.8%    37.628    34.216    -9.1%    37.628    34.216    -9.1%   251.307   164.015   -34.7%
  ('BrowseDateSSDVFacets', None)   378.641   336.054   -11.2%   425.151   376.259   -11.5%   464.287   381.733   -17.8%   464.287   381.733   -17.8%   593.867   488.132   -17.8%
  ('BrowseDateTaxoFacets', None)    63.339    80.939    27.8%    77.603    88.918    14.6%    78.324    94.201    20.3%    78.324    94.201    20.3%   320.238   316.590    -1.1%
('BrowseDayOfYearSSDVFacets', None)    48.684    66.748    37.1%    69.423    81.421    17.3%    71.472    85.931    20.2%    71.472    85.931    20.2%   134.958   164.625    22.0%
('BrowseDayOfYearTaxoFacets', None)    66.577    71.062     6.7%    78.488    87.902    12.0%    80.241    87.941     9.6%    80.241    87.941     9.6%   133.196   144.691     8.6%
 ('BrowseMonthSSDVFacets', None)    69.969    57.488   -17.8%    90.473    80.330   -11.2%    92.756    80.429   -13.3%    92.756    80.429   -13.3%    96.011   153.489    59.9%
 ('BrowseMonthTaxoFacets', None)    22.617    26.993    19.4%    30.358    77.940   156.7%    32.028    81.129   153.3%    32.028    81.129   153.3%   217.285   125.957   -42.0%
('BrowseRandomLabelSSDVFacets', None)   100.676    98.966    -1.7%   157.846   120.712   -23.5%   203.495   149.778   -26.4%   203.495   149.778   -26.4%   295.461   260.531   -11.8%
('BrowseRandomLabelTaxoFacets', None)    83.467    85.957     3.0%    96.706   119.398    23.5%   125.638   125.502    -0.1%   125.638   125.502    -0.1%   126.473   148.267    17.2%
             ('ConstMSM2', None)     0.753     0.867    15.2%     2.567     3.946    53.7%     4.842     5.468    12.9%     4.842     5.468    12.9%    19.885    11.480   -42.3%
                ('Fuzzy1', None)    10.355    10.222    -1.3%    20.241    27.397    35.4%    50.233    39.287   -21.8%    50.233    39.287   -21.8%   105.994   139.026    31.2%
                ('Fuzzy2', None)    11.078    10.803    -2.5%    17.902    20.030    11.9%    30.691    20.926   -31.8%    30.691    20.926   -31.8%   125.464   119.234    -5.0%
  ('HighIntervalsOrdered', None)    16.880    15.670    -7.2%    26.914    29.299     8.9%    30.452    49.770    63.4%    30.452    49.770    63.4%   108.636   200.088    84.2%
            ('HighPhrase', None)     4.913     5.144     4.7%    11.397    11.241    -1.4%    15.127    11.680   -22.8%    15.127    11.680   -22.8%    66.227    78.540    18.6%
      ('HighSloppyPhrase', None)     9.980    10.683     7.0%    12.690    13.474     6.2%    18.120    14.783   -18.4%    18.120    14.783   -18.4%    79.098    21.883   -72.3%
          ('HighSpanNear', None)    15.802    15.313    -3.1%    31.791    34.067     7.2%    37.121    38.063     2.5%    37.121    38.063     2.5%    57.987    38.410   -33.8%
              ('HighTerm', None)     0.838     1.161    38.5%     4.225     5.768    36.5%     8.036     6.064   -24.5%     8.036     6.064   -24.5%    11.109    13.845    24.6%
('HighTermDayOfYearSort', 'DayOfYear')     2.024     2.328    15.0%     7.978     6.892   -13.6%    17.934    14.832   -17.3%    17.934    14.832   -17.3%    47.767    37.821   -20.8%
  ('HighTermMonthSort', 'Month')     0.673     0.700     4.2%     1.989     2.010     1.1%     3.228     6.583   103.9%     3.228     6.583   103.9%    27.835     6.654   -76.1%
('HighTermTitleBDVSort', 'TitleBinary')    10.699    10.748     0.5%    24.934    27.463    10.1%    34.450    37.608     9.2%    34.450    37.608     9.2%   108.809   106.083    -2.5%
  ('HighTermTitleSort', 'Title')     8.337     9.397    12.7%    29.217    23.209   -20.6%    38.772    35.365    -8.8%    38.772    35.365    -8.8%    79.729    78.444    -1.6%
                ('IntNRQ', None)     0.552     0.563     2.0%     4.543     1.501   -67.0%    14.162    11.108   -21.6%    14.162    11.108   -21.6%    37.453    45.982    22.8%
                ('IntSet', None)     1.495     1.562     4.5%     6.058     6.161     1.7%    10.576    12.781    20.9%    10.576    12.781    20.9%   118.963    87.209   -26.7%
   ('LowIntervalsOrdered', None)     1.776     1.935     9.0%     5.213     5.033    -3.5%     5.575    20.099   260.5%     5.575    20.099   260.5%    53.448    76.449    43.0%
             ('LowPhrase', None)     2.126     2.323     9.3%     7.167     6.541    -8.7%     7.426     7.049    -5.1%     7.426     7.049    -5.1%    10.475     7.080   -32.4%
       ('LowSloppyPhrase', None)     5.278     6.522    23.6%    12.120     9.061   -25.2%    15.686    13.085   -16.6%    15.686    13.085   -16.6%    75.361    64.554   -14.3%
           ('LowSpanNear', None)     5.064     4.837    -4.5%    12.045    10.333   -14.2%    14.691    16.115     9.7%    14.691    16.115     9.7%    27.484    31.212    13.6%
               ('LowTerm', None)     0.431     0.504    16.9%     1.512     2.101    39.0%     2.060     2.253     9.3%     2.060     2.253     9.3%    99.269    74.328   -25.1%
   ('MedIntervalsOrdered', None)     8.838     8.811    -0.3%    16.512    15.304    -7.3%    27.644    95.903   246.9%    27.644    95.903   246.9%   147.587   146.980    -0.4%
             ('MedPhrase', None)     2.532     2.310    -8.7%     4.854     6.691    37.9%    18.136    10.460   -42.3%    18.136    10.460   -42.3%    20.642    11.750   -43.1%
       ('MedSloppyPhrase', None)    12.913    14.984    16.0%    19.518    19.320    -1.0%    24.243    20.389   -15.9%    24.243    20.389   -15.9%    56.518    31.892   -43.6%
           ('MedSpanNear', None)    11.702    11.122    -5.0%    20.925    24.858    18.8%    28.280    43.649    54.3%    28.280    43.649    54.3%   165.605   126.782   -23.4%
               ('MedTerm', None)     0.617     0.847    37.3%     1.990     2.022     1.6%     3.144     2.258   -28.2%     3.144     2.258   -28.2%     3.567     3.477    -2.5%
  ('MedTermDayTaxoFacets', None)    10.750    11.501     7.0%    14.153    28.498   101.4%    17.664    30.020    70.0%    17.664    30.020    70.0%   469.695   314.482   -33.0%
            ('OrHighHigh', None)     2.004     2.376    18.5%     7.153     9.759    36.4%    23.167    10.749   -53.6%    23.167    10.749   -53.6%    92.552   113.633    22.8%
             ('OrHighLow', None)     0.841     1.007    19.7%     2.475     2.194   -11.4%     2.643     2.612    -1.2%     2.643     2.612    -1.2%    87.434   111.411    27.4%
             ('OrHighMed', None)     1.018     1.069     5.0%     2.309     3.191    38.2%     3.317     3.417     3.0%     3.317     3.417     3.0%     5.152     4.102   -20.4%
('OrHighMedDayTaxoFacets', None)    51.270    55.815     8.9%    62.590   118.450    89.2%   199.284   248.744    24.8%   199.284   248.744    24.8%   296.123   366.043    23.6%
         ('OrHighNotHigh', None)     1.130     1.396    23.6%     3.290     4.380    33.1%     8.208     5.730   -30.2%     8.208     5.730   -30.2%     8.268    13.020    57.5%
          ('OrHighNotLow', None)     0.929     1.241    33.6%     4.791     3.538   -26.1%     5.155     5.130    -0.5%     5.155     5.130    -0.5%     5.672    13.314   134.7%
          ('OrHighNotMed', None)     1.010     1.487    47.2%     2.452     4.082    66.5%     3.265     5.210    59.6%     3.265     5.210    59.6%    76.795    31.485   -59.0%
         ('OrNotHighHigh', None)     1.091     1.231    12.8%     4.005     2.962   -26.1%     8.141     3.326   -59.1%     8.141     3.326   -59.1%     9.669     3.941   -59.2%
          ('OrNotHighLow', None)     0.724     0.727     0.4%     1.634     1.856    13.6%     2.675     2.218   -17.1%     2.675     2.218   -17.1%     4.466     8.956   100.5%
          ('OrNotHighMed', None)     0.794     0.868     9.3%     2.586     2.800     8.3%     3.576     5.595    56.5%     3.576     5.595    56.5%    10.592     7.620   -28.1%
                   ('PKLookup',)     4.476     5.320    18.9%    11.065     5.851   -47.1%    18.417    15.044   -18.3%    18.417    15.044   -18.3%    21.177    21.321     0.7%
               ('Prefix3', None)     1.512     1.663    10.0%     9.599     9.849     2.6%    19.969    28.665    43.5%    19.969    28.665    43.5%   122.894   158.348    28.8%
                    ('Respell',)    19.102    20.827     9.0%    29.006    34.075    17.5%    61.069    39.240   -35.7%    61.069    39.240   -35.7%    90.855    74.006   -18.5%
('TermDateTimeSort', 'DateTime')     2.307     2.167    -6.1%     5.437     7.856    44.5%     9.150     7.864   -14.1%     9.150     7.864   -14.1%    79.522   101.130    27.2%
              ('Wildcard', None)     2.311     2.471     6.9%     6.765    19.862   193.6%     8.349    20.504   145.6%     8.349    20.504   145.6%    39.645    32.532   -17.9%
                 ('range', None)     0.201     0.166   -17.4%     0.657     0.582   -11.4%     1.615     2.019    25.0%     1.615     2.019    25.0%     3.462     5.753    66.2%
                            Task    QPS armA      StdDev    QPS armK      StdDev                Pct diff p-value
                      AndHighLow     2340.34      (8.9%)     1873.43      (5.2%)  -20.0% ( -31% -   -6%) 0.000
                      AndHighMed     1328.46      (5.7%)     1147.72      (7.1%)  -13.6% ( -25% -    0%) 0.000
                  AndMissingHigh     3691.82      (7.5%)     3191.97      (6.5%)  -13.5% ( -25% -    0%) 0.000
            BrowseDateTaxoFacets       19.00     (50.9%)       16.60     (34.2%)  -12.7% ( -64% -  147%) 0.394
                         LowTerm     2362.28      (9.6%)     2069.81      (7.7%)  -12.4% ( -27% -    5%) 0.000
                         Prefix3      655.33     (10.9%)      581.84     (12.0%)  -11.2% ( -30% -   13%) 0.004
       BrowseDayOfYearTaxoFacets       19.40     (50.0%)       17.40     (33.4%)  -10.3% ( -62% -  146%) 0.482
                       OrHighMed     1156.69      (8.6%)     1039.59      (8.0%)  -10.1% ( -24% -    7%) 0.000
                    OrNotHighMed     1208.68      (6.6%)     1097.66      (5.7%)   -9.2% ( -20% -    3%) 0.000
               HighTermTitleSort      131.70      (7.0%)      119.63      (7.7%)   -9.2% ( -22% -    5%) 0.000
                       OrHighLow     1176.64      (4.5%)     1076.67      (5.3%)   -8.5% ( -17% -    1%) 0.000
                     AndHighHigh      686.42      (6.8%)      629.67      (6.9%)   -8.3% ( -20% -    5%) 0.000
                   OrHighNotHigh      883.52      (5.4%)      811.73      (6.9%)   -8.1% ( -19% -    4%) 0.000
                   OrNotHighHigh      941.25      (5.8%)      865.95      (6.0%)   -8.0% ( -18% -    4%) 0.000
                         MedTerm     1479.78      (9.8%)     1363.91      (9.5%)   -7.8% ( -24% -   12%) 0.018
                    OrHighNotLow     1060.99      (7.9%)      980.50      (7.6%)   -7.6% ( -21% -    8%) 0.005
                        HighTerm     1227.94      (7.5%)     1136.74      (8.1%)   -7.4% ( -21% -    8%) 0.005
                      OrHighHigh      494.29      (8.5%)      460.21      (9.8%)   -6.9% ( -23% -   12%) 0.028
     BrowseRandomLabelTaxoFacets       14.28     (30.0%)       13.35     (30.2%)   -6.5% ( -51% -   76%) 0.531
                    OrNotHighLow     1453.83      (8.9%)     1360.89      (4.7%)   -6.4% ( -18% -    7%) 0.009
                 LowSloppyPhrase      188.86     (11.6%)      177.64     (11.2%)   -5.9% ( -25% -   19%) 0.129
                    OrHighNotMed      921.09      (8.8%)      868.62      (8.0%)   -5.7% ( -20% -   12%) 0.048
          OrHighMedDayTaxoFacets       21.14      (5.3%)       19.98      (5.0%)   -5.5% ( -15% -    5%) 0.002
               HighTermMonthSort     1556.43      (7.5%)     1473.45      (7.0%)   -5.3% ( -18% -    9%) 0.032
                 MedSloppyPhrase       77.38     (10.0%)       73.71     (10.0%)   -4.7% ( -22% -   16%) 0.167
                       LowPhrase      454.55      (5.6%)      434.89      (6.5%)   -4.3% ( -15% -    8%) 0.037
                          Fuzzy1       97.22      (8.0%)       93.31      (6.9%)   -4.0% ( -17% -   11%) 0.116
         AndHighMedDayTaxoFacets      272.76      (3.9%)      262.18      (3.9%)   -3.9% ( -11% -    4%) 0.004
                HighSloppyPhrase      106.54     (12.1%)      102.86     (10.6%)   -3.5% ( -23% -   21%) 0.376
                       ConstMSM2     1291.03      (5.3%)     1258.42      (5.4%)   -2.5% ( -12% -    8%) 0.172
                        PKLookup      223.52     (10.2%)      217.89     (11.2%)   -2.5% ( -21% -   21%) 0.494
           HighTermDayOfYearSort      516.97      (8.9%)      505.62     (11.2%)   -2.2% ( -20% -   19%) 0.526
                          IntSet      729.65      (7.4%)      713.81      (8.0%)   -2.2% ( -16% -   14%) 0.412
       BrowseDayOfYearSSDVFacets       15.98     (12.6%)       15.68      (7.3%)   -1.9% ( -19% -   20%) 0.586
                          Fuzzy2       97.11      (7.1%)       95.48      (6.2%)   -1.7% ( -13% -   12%) 0.462
                         Respell       56.61      (6.8%)       55.69      (6.5%)   -1.6% ( -13% -   12%) 0.474
            BrowseDateSSDVFacets        2.93      (5.9%)        2.88      (6.4%)   -1.5% ( -13% -   11%) 0.467
                     LowSpanNear      204.76      (5.4%)      201.69      (4.5%)   -1.5% ( -10% -    8%) 0.377
                      HighPhrase      195.34      (2.9%)      192.59      (3.7%)   -1.4% (  -7% -    5%) 0.218
                      TermDTSort      441.57      (6.9%)      435.54      (7.3%)   -1.4% ( -14% -   13%) 0.575
                        Wildcard      420.97      (3.5%)      415.71      (4.3%)   -1.2% (  -8% -    6%) 0.352
                       MedPhrase      450.04      (7.5%)      446.95      (6.8%)   -0.7% ( -13% -   14%) 0.779
                          IntNRQ     1882.63      (7.7%)     1870.85      (8.7%)   -0.6% ( -15% -   17%) 0.825
            HighTermTitleBDVSort       91.94      (3.0%)       91.52      (3.2%)   -0.5% (  -6% -    5%) 0.668
             MedIntervalsOrdered      115.06      (4.5%)      114.72      (4.4%)   -0.3% (  -8% -    9%) 0.851
            HighIntervalsOrdered       62.64      (8.4%)       62.46      (8.7%)   -0.3% ( -16% -   18%) 0.923
                     MedSpanNear       85.47      (2.7%)       85.26      (3.6%)   -0.3% (  -6% -    6%) 0.819
           BrowseMonthSSDVFacets       16.77     (13.0%)       16.80     (13.4%)    0.2% ( -23% -   30%) 0.969
            MedTermDayTaxoFacets       87.98      (6.2%)       88.18      (6.9%)    0.2% ( -12% -   14%) 0.921
                        BM25MSM2       60.87      (4.9%)       61.08      (5.6%)    0.3% (  -9% -   11%) 0.850
        AndHighHighDayTaxoFacets       77.94      (4.4%)       78.24      (4.7%)    0.4% (  -8% -    9%) 0.805
                    HighSpanNear       62.64      (4.9%)       63.01      (2.6%)    0.6% (  -6% -    8%) 0.660
             LowIntervalsOrdered      630.72     (10.2%)      639.25      (5.7%)    1.4% ( -13% -   19%) 0.635
                           range     5881.64      (7.8%)     6035.17     (11.9%)    2.6% ( -15% -   24%) 0.450
     BrowseRandomLabelSSDVFacets       11.12      (7.8%)       11.52      (6.8%)    3.7% ( -10% -   19%) 0.146
           BrowseMonthTaxoFacets       34.88     (38.7%)       36.66     (27.5%)    5.1% ( -44% -  116%) 0.659
  iter 17
    armA:
      NOTE: using experimental CPU time profiler (see https://mostlynerdless.de/blog/2025/06/11/java-25s-new-cpu-time-profiler-1)
      log: /home/goankur/vsearch/logs/FAKc.armA.17 + stdout
      run: /usr/bin/perf stat -dd -e task-clock,cycles,instructions,cache-references,cache-misses,L1-dcache-loads,L1-dcache-load-misses,L1-icache-loads,L1-icache-load-misses,LLC-loads,LLC-load-misses,LLC-stores,LLC-store-misses,LLC-prefetches,LLC-prefetch-misses,faults,minor-faults,major-faults,branches,branch-misses,stalled-cycles-frontend,stalled-cycles-backend /home/goankur/jdk/corretto-25/bin/java -server -Xms2g -Xmx2g --add-modules jdk.incubator.vector -XX:+HeapDumpOnOutOfMemoryError -XX:+UseParallelGC -XX:StartFlightRecording=jdk.CPUTimeSample#enabled=true,dumponexit=true,maxsize=250M,settings=/home/goankur/vsearch/util/src/python/profiling.jfc,filename=/home/goankur/vsearch/logs/bench-search-FAKc-armA-17.jfr -XX:+UnlockDiagnosticVMOptions -XX:+DebugNonSafepoints -classpath /home/goankur/vsearch/bo/lucene-A/lucene/core/build/libs/lucene-core-11.0.0-SNAPSHOT.jar:/home/goankur/vsearch/bo/lucene-A/lucene/sandbox/build/classes/java/main:/home/goankur/vsearch/bo/lucene-A/lucene/misc/build/classes/java/main:/home/goankur/vsearch/bo/lucene-A/lucene/facet/build/classes/java/main:/home/goankur/vsearch/bo/lucene-A/lucene/analysis/common/build/classes/java/main:/home/goankur/vsearch/bo/lucene-A/lucene/analysis/icu/build/classes/java/main:/home/goankur/vsearch/bo/lucene-A/lucene/queryparser/build/classes/java/main:/home/goankur/vsearch/bo/lucene-A/lucene/grouping/build/classes/java/main:/home/goankur/vsearch/bo/lucene-A/lucene/suggest/build/classes/java/main:/home/goankur/vsearch/bo/lucene-A/lucene/highlighter/build/classes/java/main:/home/goankur/vsearch/bo/lucene-A/lucene/codecs/build/classes/java/main:/home/goankur/vsearch/bo/lucene-A/lucene/queries/build/classes/java/main:/home/goankur/vsearch/bo/lucene-A/lucene/join/build/classes/java/main:/home/goankur/vsearch/bo/lucene-A/lucene/spatial3d/build/classes/java/main:/home/goankur/vsearch/util/lib/HdrHistogram.jar:/home/goankur/vsearch/util/src/main/build/classes/java/main:/home/goankur/vsearch/util/build perf.SearchPerfTest -dirImpl MMapDirectory -indexPath /home/goankur/vsearch/indices/wikimedium10m.lucene-A.facets.taxonomy:Date.taxonomy:Month.taxonomy:DayOfYear.sortedset:Date.sortedset:Month.sortedset:DayOfYear.taxonomy:RandomLabel.sortedset:RandomLabel.Lucene90.Lucene104.dvfields.nd10M -facets taxonomy:Date;Date -facets taxonomy:Month;Month -facets taxonomy:DayOfYear;DayOfYear -facets sortedset:Date;Date -facets sortedset:Month;Month -facets sortedset:DayOfYear;DayOfYear -facets taxonomy:RandomLabel;RandomLabel -facets sortedset:RandomLabel;RandomLabel -analyzer StandardAnalyzer -taskSource /home/goankur/vsearch/util/tasks/wikimedium.10M.nostopwords.tasks -numConcurrentQueries 5 -taskRepeatCount 20 -field body -tasksPerCat 1 -searchConcurrency -1 -staticSeed -6766631 -seed -9932287 -similarity BM25Similarity -commit multi -hiliteImpl FastVectorHighlighter -log /home/goankur/vsearch/logs/FAKc.armA.17 -topN 100 -context  -pk -pollute
      9.6 s
      222.2 actual sustained QPS; -1.0 CPU cores used
    armK:
      NOTE: using experimental CPU time profiler (see https://mostlynerdless.de/blog/2025/06/11/java-25s-new-cpu-time-profiler-1)
      log: /home/goankur/vsearch/logs/FAKc.armK.17 + stdout
      run: /usr/bin/perf stat -dd -e task-clock,cycles,instructions,cache-references,cache-misses,L1-dcache-loads,L1-dcache-load-misses,L1-icache-loads,L1-icache-load-misses,LLC-loads,LLC-load-misses,LLC-stores,LLC-store-misses,LLC-prefetches,LLC-prefetch-misses,faults,minor-faults,major-faults,branches,branch-misses,stalled-cycles-frontend,stalled-cycles-backend /home/goankur/jdk/corretto-25/bin/java -server -Xms2g -Xmx2g --add-modules jdk.incubator.vector -XX:+HeapDumpOnOutOfMemoryError -XX:+UseParallelGC -XX:StartFlightRecording=jdk.CPUTimeSample#enabled=true,dumponexit=true,maxsize=250M,settings=/home/goankur/vsearch/util/src/python/profiling.jfc,filename=/home/goankur/vsearch/logs/bench-search-FAKc-armK-17.jfr -XX:+UnlockDiagnosticVMOptions -XX:+DebugNonSafepoints -classpath /home/goankur/vsearch/bo/lucene-K/lucene/core/build/libs/lucene-core-11.0.0-SNAPSHOT.jar:/home/goankur/vsearch/bo/lucene-K/lucene/sandbox/build/classes/java/main:/home/goankur/vsearch/bo/lucene-K/lucene/misc/build/classes/java/main:/home/goankur/vsearch/bo/lucene-K/lucene/facet/build/classes/java/main:/home/goankur/vsearch/bo/lucene-K/lucene/analysis/common/build/classes/java/main:/home/goankur/vsearch/bo/lucene-K/lucene/analysis/icu/build/classes/java/main:/home/goankur/vsearch/bo/lucene-K/lucene/queryparser/build/classes/java/main:/home/goankur/vsearch/bo/lucene-K/lucene/grouping/build/classes/java/main:/home/goankur/vsearch/bo/lucene-K/lucene/suggest/build/classes/java/main:/home/goankur/vsearch/bo/lucene-K/lucene/highlighter/build/classes/java/main:/home/goankur/vsearch/bo/lucene-K/lucene/codecs/build/classes/java/main:/home/goankur/vsearch/bo/lucene-K/lucene/queries/build/classes/java/main:/home/goankur/vsearch/bo/lucene-K/lucene/join/build/classes/java/main:/home/goankur/vsearch/bo/lucene-K/lucene/spatial3d/build/classes/java/main:/home/goankur/vsearch/util/lib/HdrHistogram.jar:/home/goankur/vsearch/util/src/main/build/classes/java/main:/home/goankur/vsearch/util/build perf.SearchPerfTest -dirImpl MMapDirectory -indexPath /home/goankur/vsearch/indices/wikimedium10m.lucene-A.facets.taxonomy:Date.taxonomy:Month.taxonomy:DayOfYear.sortedset:Date.sortedset:Month.sortedset:DayOfYear.taxonomy:RandomLabel.sortedset:RandomLabel.Lucene90.Lucene104.dvfields.nd10M -facets taxonomy:Date;Date -facets taxonomy:Month;Month -facets taxonomy:DayOfYear;DayOfYear -facets sortedset:Date;Date -facets sortedset:Month;Month -facets sortedset:DayOfYear;DayOfYear -facets taxonomy:RandomLabel;RandomLabel -facets sortedset:RandomLabel;RandomLabel -analyzer StandardAnalyzer -taskSource /home/goankur/vsearch/util/tasks/wikimedium.10M.nostopwords.tasks -numConcurrentQueries 5 -taskRepeatCount 20 -field body -tasksPerCat 1 -searchConcurrency -1 -staticSeed -6766631 -seed -9932287 -similarity BM25Similarity -commit multi -hiliteImpl FastVectorHighlighter -log /home/goankur/vsearch/logs/FAKc.armK.17 -topN 100 -context  -pk -pollute
      9.5 s
      237.3 actual sustained QPS; -1.0 CPU cores used

Report after iter 17:
QPSChart.supported == False
                            Task     P50 B     P50 C     Diff     P90 B     P90 C     Diff     P99 B     P99 C     Diff    P999 B    P999 C     Diff    P100 B    P100 C     Diff
           ('AndHighHigh', None)     1.416     1.545     9.1%     5.536     7.600    37.3%     6.526    12.873    97.3%     6.526    12.873    97.3%   150.425    82.081   -45.4%
('AndHighHighDayTaxoFacets', None)    12.319    13.799    12.0%    18.158    24.232    33.4%    22.487    30.883    37.3%    22.487    30.883    37.3%    56.269    73.945    31.4%
            ('AndHighLow', None)     0.466     0.536    15.0%     1.210     2.070    71.1%     1.305     2.541    94.6%     1.305     2.541    94.6%     1.521     3.030    99.2%
            ('AndHighMed', None)     0.705     0.878    24.5%     2.982     3.317    11.2%     3.600     3.919     8.8%     3.600     3.919     8.8%     3.690     4.116    11.6%
('AndHighMedDayTaxoFacets', None)     3.532     3.698     4.7%     6.657     7.241     8.8%     9.004     8.312    -7.7%     9.004     8.312    -7.7%    44.100    14.319   -67.5%
     ('AndMissingHigh', 'Title')     0.281     0.319    13.2%     1.267     0.901   -28.9%     3.074     5.242    70.5%     3.074     5.242    70.5%    20.439     5.612   -72.5%
              ('BM25MSM2', None)    17.297    17.639     2.0%    40.593    42.209     4.0%    45.339    43.482    -4.1%    45.339    43.482    -4.1%   154.889   229.337    48.1%
  ('BrowseDateSSDVFacets', None)   397.634   380.172    -4.4%   454.461   468.532     3.1%   457.544   469.435     2.6%   457.544   469.435     2.6%   577.482   752.681    30.3%
  ('BrowseDateTaxoFacets', None)    71.382    70.352    -1.4%    88.249    89.506     1.4%    92.665    90.384    -2.5%    92.665    90.384    -2.5%    92.717    93.852     1.2%
('BrowseDayOfYearSSDVFacets', None)    67.185    61.657    -8.2%    78.662    77.615    -1.3%    79.255    80.350     1.4%    79.255    80.350     1.4%    84.608    92.669     9.5%
('BrowseDayOfYearTaxoFacets', None)    69.235    63.308    -8.6%    85.316    84.795    -0.6%    85.850    85.099    -0.9%    85.850    85.099    -0.9%   262.368   337.475    28.6%
 ('BrowseMonthSSDVFacets', None)    65.145    58.559   -10.1%    78.324    77.018    -1.7%    83.727    77.796    -7.1%    83.727    77.796    -7.1%   332.251   337.436     1.6%
 ('BrowseMonthTaxoFacets', None)    28.444    29.405     3.4%    78.738    30.755   -60.9%   112.111    31.134   -72.2%   112.111    31.134   -72.2%   176.993   249.648    41.0%
('BrowseRandomLabelSSDVFacets', None)    94.162    90.715    -3.7%   111.694   118.986     6.5%   141.709   170.271    20.2%   141.709   170.271    20.2%   356.996   367.937     3.1%
('BrowseRandomLabelTaxoFacets', None)    86.181    97.581    13.2%   102.095   107.960     5.7%   105.624   136.990    29.7%   105.624   136.990    29.7%   338.835   430.177    27.0%
             ('ConstMSM2', None)     0.861     1.006    16.8%     2.801     1.861   -33.5%     3.259     4.373    34.2%     3.259     4.373    34.2%    25.478    26.361     3.5%
                ('Fuzzy1', None)    11.343    11.700     3.1%    19.740    26.872    36.1%    27.739    34.585    24.7%    27.739    34.585    24.7%   294.389   255.231   -13.3%
                ('Fuzzy2', None)    10.447    10.886     4.2%    16.314    20.413    25.1%    17.438    21.343    22.4%    17.438    21.343    22.4%    57.520    48.112   -16.4%
  ('HighIntervalsOrdered', None)    14.495    14.466    -0.2%    24.556    24.307    -1.0%    26.005    26.874     3.3%    26.005    26.874     3.3%   192.083   162.626   -15.3%
            ('HighPhrase', None)     5.210     5.323     2.2%    10.146    25.403   150.4%    34.062    37.825    11.0%    34.062    37.825    11.0%    92.972    91.912    -1.1%
      ('HighSloppyPhrase', None)     8.994    10.355    15.1%    11.816    12.915     9.3%    14.276    14.217    -0.4%    14.276    14.217    -0.4%    33.462    33.045    -1.2%
          ('HighSpanNear', None)    15.951    15.864    -0.5%    24.041    32.435    34.9%    28.035    34.002    21.3%    28.035    34.002    21.3%   221.098   157.189   -28.9%
              ('HighTerm', None)     0.794     0.921    15.9%     2.034     2.906    42.9%     3.081     3.091     0.3%     3.081     3.091     0.3%    14.995     8.655   -42.3%
('HighTermDayOfYearSort', 'DayOfYear')     2.164     2.493    15.2%     5.442     6.401    17.6%     6.566     8.689    32.3%     6.566     8.689    32.3%    62.235    62.833     1.0%
  ('HighTermMonthSort', 'Month')     0.657     0.641    -2.4%     2.286     1.812   -20.7%     2.656     1.922   -27.6%     2.656     1.922   -27.6%     6.340     4.272   -32.6%
('HighTermTitleBDVSort', 'TitleBinary')    11.400    11.030    -3.2%    22.078    20.534    -7.0%    29.858    20.632   -30.9%    29.858    20.632   -30.9%    68.650    49.247   -28.3%
  ('HighTermTitleSort', 'Title')     9.476     9.377    -1.0%    17.737    28.605    61.3%    38.243    28.818   -24.6%    38.243    28.818   -24.6%    48.637    54.623    12.3%
                ('IntNRQ', None)     0.568     0.525    -7.5%     5.371     2.333   -56.6%    22.794    21.508    -5.6%    22.794    21.508    -5.6%    71.804    32.555   -54.7%
                ('IntSet', None)     1.412     1.404    -0.6%     8.235     6.619   -19.6%    10.572     7.811   -26.1%    10.572     7.811   -26.1%    58.690    22.523   -61.6%
   ('LowIntervalsOrdered', None)     1.512     2.464    63.0%     3.028     6.583   117.4%     3.358    20.880   521.7%     3.358    20.880   521.7%   128.794   110.927   -13.9%
             ('LowPhrase', None)     2.164     2.926    35.2%     5.310     5.381     1.3%     5.578    10.631    90.6%     5.578    10.631    90.6%   182.265   157.974   -13.3%
       ('LowSloppyPhrase', None)     5.018     6.406    27.7%     7.615     8.506    11.7%    10.159     9.984    -1.7%    10.159     9.984    -1.7%    65.976    44.452   -32.6%
           ('LowSpanNear', None)     4.586     5.020     9.5%    10.297     9.748    -5.3%    12.219    11.586    -5.2%    12.219    11.586    -5.2%    26.758    13.938   -47.9%
               ('LowTerm', None)     0.404     0.497    23.1%     2.134     1.231   -42.3%     9.406     2.733   -70.9%     9.406     2.733   -70.9%    10.077     4.346   -56.9%
   ('MedIntervalsOrdered', None)     8.265     8.388     1.5%    12.436    15.780    26.9%    30.684    35.355    15.2%    30.684    35.355    15.2%    39.198    37.187    -5.1%
             ('MedPhrase', None)     2.287     2.176    -4.9%     4.788     4.623    -3.4%     5.897     4.703   -20.3%     5.897     4.703   -20.3%     6.916    29.427   325.5%
       ('MedSloppyPhrase', None)    14.437    13.603    -5.8%    20.846    26.786    28.5%    24.563    34.925    42.2%    24.563    34.925    42.2%    63.560    50.776   -20.1%
           ('MedSpanNear', None)    12.318    11.598    -5.8%    23.687    24.485     3.4%    29.323    30.638     4.5%    29.323    30.638     4.5%    31.179    31.436     0.8%
               ('MedTerm', None)     0.656     0.790    20.5%     2.160     2.281     5.6%     2.268     3.817    68.3%     2.268     3.817    68.3%     2.323     4.813   107.2%
  ('MedTermDayTaxoFacets', None)    13.070    10.925   -16.4%    20.136    17.236   -14.4%    31.622    20.517   -35.1%    31.622    20.517   -35.1%   428.775   362.113   -15.5%
            ('OrHighHigh', None)     2.158     1.906   -11.7%     5.109     5.716    11.9%    22.334    32.285    44.6%    22.334    32.285    44.6%    23.548    60.053   155.0%
             ('OrHighLow', None)     0.891     0.910     2.1%     1.886     3.805   101.7%     2.321     3.915    68.7%     2.321     3.915    68.7%     4.859     3.983   -18.0%
             ('OrHighMed', None)     0.878     1.070    21.9%     2.521     2.161   -14.3%     3.260     3.009    -7.7%     3.260     3.009    -7.7%    64.704     4.006   -93.8%
('OrHighMedDayTaxoFacets', None)    54.122    52.179    -3.6%    83.499    91.234     9.3%   111.187   133.952    20.5%   111.187   133.952    20.5%   475.029   395.636   -16.7%
         ('OrHighNotHigh', None)     1.201     1.309     9.0%    14.645    15.128     3.3%    16.557    16.561     0.0%    16.557    16.561     0.0%    20.202    30.363    50.3%
          ('OrHighNotLow', None)     1.013     1.015     0.2%     3.102     2.855    -7.9%     5.853     4.019   -31.3%     5.853     4.019   -31.3%    17.064     8.102   -52.5%
          ('OrHighNotMed', None)     1.039     1.234    18.9%    11.680     5.080   -56.5%    13.444     6.229   -53.7%    13.444     6.229   -53.7%    22.506     6.529   -71.0%
         ('OrNotHighHigh', None)     1.038     1.073     3.4%     2.408     4.271    77.4%     2.872     7.255   152.6%     2.872     7.255   152.6%    72.804    45.524   -37.5%
          ('OrNotHighLow', None)     0.678     0.727     7.2%     1.141     1.493    30.9%     1.401     2.257    61.0%     1.401     2.257    61.0%     7.125     9.792    37.4%
          ('OrNotHighMed', None)     0.837     0.947    13.0%     3.052     2.821    -7.6%     4.156     5.628    35.4%     4.156     5.628    35.4%     9.459     6.245   -34.0%
                   ('PKLookup',)     4.551     4.928     8.3%    12.082     8.643   -28.5%    15.309    10.883   -28.9%    15.309    10.883   -28.9%    31.953    24.009   -24.9%
               ('Prefix3', None)     2.246     1.857   -17.3%     9.320    12.925    38.7%     9.359    29.182   211.8%     9.359    29.182   211.8%    21.736    40.214    85.0%
                    ('Respell',)    19.777    19.820     0.2%    27.881    35.775    28.3%    36.901    73.101    98.1%    36.901    73.101    98.1%    83.796    74.948   -10.6%
('TermDateTimeSort', 'DateTime')     2.563     2.295   -10.4%     7.162    16.254   127.0%    12.702    16.414    29.2%    12.702    16.414    29.2%    21.637    22.138     2.3%
              ('Wildcard', None)     2.523     2.358    -6.5%     7.986     7.568    -5.2%     8.386     9.982    19.0%     8.386     9.982    19.0%    58.631   109.838    87.3%
                 ('range', None)     0.175     0.153   -12.4%     0.392     0.422     7.7%     0.462     0.704    52.3%     0.462     0.704    52.3%     1.238     8.374   576.5%
                            Task    QPS armA      StdDev    QPS armK      StdDev                Pct diff p-value
                      AndHighLow     2336.96      (8.7%)     1876.96      (5.1%)  -19.7% ( -30% -   -6%) 0.000
                      AndHighMed     1334.36      (5.9%)     1149.00      (6.9%)  -13.9% ( -25% -   -1%) 0.000
                  AndMissingHigh     3691.85      (7.3%)     3194.19      (6.3%)  -13.5% ( -25% -    0%) 0.000
                         LowTerm     2369.36      (9.4%)     2078.81      (7.6%)  -12.3% ( -26% -    5%) 0.000
            BrowseDateTaxoFacets       18.74     (50.4%)       16.47     (33.7%)  -12.1% ( -63% -  145%) 0.397
                         Prefix3      652.17     (10.8%)      584.15     (11.8%)  -10.4% ( -29% -   13%) 0.006
                       OrHighMed     1156.38      (8.3%)     1042.00      (7.8%)   -9.9% ( -24% -    6%) 0.000
       BrowseDayOfYearTaxoFacets       19.13     (49.5%)       17.34     (32.9%)   -9.4% ( -61% -  144%) 0.504
               HighTermTitleSort      130.69      (7.6%)      119.11      (7.7%)   -8.9% ( -22% -    6%) 0.001
                    OrNotHighMed     1208.55      (6.4%)     1103.17      (5.9%)   -8.7% ( -19% -    3%) 0.000
                       OrHighLow     1178.36      (4.4%)     1078.67      (5.2%)   -8.5% ( -17% -    1%) 0.000
                   OrHighNotHigh      882.15      (5.3%)      811.26      (6.7%)   -8.0% ( -18% -    4%) 0.000
                     AndHighHigh      689.14      (6.8%)      633.89      (7.2%)   -8.0% ( -20% -    6%) 0.001
                         MedTerm     1484.19      (9.5%)     1366.01      (9.2%)   -8.0% ( -24% -   11%) 0.011
                   OrNotHighHigh      945.27      (5.9%)      870.60      (6.2%)   -7.9% ( -18% -    4%) 0.000
                        HighTerm     1230.45      (7.3%)     1134.21      (7.9%)   -7.8% ( -21% -    7%) 0.002
                    OrHighNotLow     1061.15      (7.7%)      982.92      (7.5%)   -7.4% ( -20% -    8%) 0.004
     BrowseRandomLabelTaxoFacets       14.14     (29.7%)       13.21     (29.9%)   -6.6% ( -50% -   75%) 0.508
                    OrNotHighLow     1459.73      (8.8%)     1364.69      (4.6%)   -6.5% ( -18% -    7%) 0.005
                    OrHighNotMed      925.05      (8.6%)      865.86      (7.8%)   -6.4% ( -21% -   11%) 0.020
                 LowSloppyPhrase      189.50     (11.3%)      177.68     (10.8%)   -6.2% ( -25% -   17%) 0.091
                      OrHighHigh      493.85      (8.3%)      464.10     (10.1%)   -6.0% ( -22% -   13%) 0.050
          OrHighMedDayTaxoFacets       21.05      (5.5%)       19.95      (4.9%)   -5.2% ( -14% -    5%) 0.003
               HighTermMonthSort     1556.37      (7.3%)     1479.53      (7.0%)   -4.9% ( -17% -   10%) 0.037
                       LowPhrase      455.38      (5.4%)      434.08      (6.3%)   -4.7% ( -15% -    7%) 0.018
                HighSloppyPhrase      107.28     (12.0%)      102.75     (10.2%)   -4.2% ( -23% -   20%) 0.256
                 MedSloppyPhrase       77.26      (9.7%)       74.10     (10.0%)   -4.1% ( -21% -   17%) 0.212
         AndHighMedDayTaxoFacets      273.54      (3.9%)      263.29      (4.2%)   -3.7% ( -11% -    4%) 0.006
                          Fuzzy1       96.84      (8.0%)       93.21      (6.7%)   -3.7% ( -17% -   11%) 0.128
                       ConstMSM2     1291.33      (5.2%)     1248.90      (6.1%)   -3.3% ( -13% -    8%) 0.082
                        PKLookup      223.86      (9.9%)      217.60     (10.9%)   -2.8% ( -21% -   19%) 0.420
           HighTermDayOfYearSort      516.87      (8.6%)      505.75     (10.8%)   -2.2% ( -19% -   18%) 0.510
                          Fuzzy2       97.47      (7.0%)       95.39      (6.0%)   -2.1% ( -14% -   11%) 0.326
                          IntSet      728.89      (7.2%)      714.53      (7.8%)   -2.0% ( -15% -   14%) 0.430
                     LowSpanNear      206.06      (5.8%)      202.41      (4.6%)   -1.8% ( -11% -    9%) 0.311
       BrowseDayOfYearSSDVFacets       15.98     (12.2%)       15.74      (7.3%)   -1.5% ( -18% -   20%) 0.648
                      HighPhrase      195.19      (2.9%)      192.44      (3.6%)   -1.4% (  -7% -    5%) 0.193
                      TermDTSort      441.86      (6.6%)      436.15      (7.1%)   -1.3% ( -14% -   13%) 0.574
                         Respell       56.36      (6.9%)       55.71      (6.3%)   -1.1% ( -13% -   12%) 0.603
            BrowseDateSSDVFacets        2.90      (6.6%)        2.87      (6.5%)   -1.1% ( -13% -   12%) 0.600
        AndHighHighDayTaxoFacets       78.46      (5.1%)       78.00      (4.7%)   -0.6% (  -9% -    9%) 0.718
                        Wildcard      419.96      (3.6%)      417.68      (4.6%)   -0.5% (  -8% -    7%) 0.692
                       MedPhrase      450.34      (7.2%)      448.13      (6.7%)   -0.5% ( -13% -   14%) 0.833
             MedIntervalsOrdered      115.47      (4.6%)      115.05      (4.4%)   -0.4% (  -9% -    9%) 0.811
            HighTermTitleBDVSort       91.87      (2.9%)       91.59      (3.1%)   -0.3% (  -6% -    5%) 0.766
                          IntNRQ     1879.55      (7.5%)     1874.35      (8.5%)   -0.3% ( -15% -   17%) 0.918
            HighIntervalsOrdered       63.02      (8.5%)       62.90      (8.9%)   -0.2% ( -16% -   18%) 0.949
                     MedSpanNear       85.42      (2.6%)       85.33      (3.5%)   -0.1% (  -6% -    6%) 0.913
                        BM25MSM2       60.71      (4.9%)       60.85      (5.7%)    0.2% (  -9% -   11%) 0.894
                    HighSpanNear       62.82      (4.9%)       63.07      (2.5%)    0.4% (  -6% -    8%) 0.763
           BrowseMonthSSDVFacets       16.71     (12.8%)       16.84     (13.1%)    0.8% ( -22% -   30%) 0.850
             LowIntervalsOrdered      632.62     (10.0%)      639.33      (5.5%)    1.1% ( -13% -   18%) 0.694
            MedTermDayTaxoFacets       87.60      (6.4%)       88.69      (7.1%)    1.2% ( -11% -   15%) 0.580
                           range     5901.85      (7.7%)     6089.62     (12.2%)    3.2% ( -15% -   24%) 0.349
     BrowseRandomLabelSSDVFacets       11.09      (7.6%)       11.51      (6.6%)    3.7% (  -9% -   19%) 0.119
           BrowseMonthTaxoFacets       35.03     (37.4%)       36.54     (26.6%)    4.3% ( -43% -  109%) 0.691
  iter 18
    armK:
      NOTE: using experimental CPU time profiler (see https://mostlynerdless.de/blog/2025/06/11/java-25s-new-cpu-time-profiler-1)
      log: /home/goankur/vsearch/logs/FAKc.armK.18 + stdout
      run: /usr/bin/perf stat -dd -e task-clock,cycles,instructions,cache-references,cache-misses,L1-dcache-loads,L1-dcache-load-misses,L1-icache-loads,L1-icache-load-misses,LLC-loads,LLC-load-misses,LLC-stores,LLC-store-misses,LLC-prefetches,LLC-prefetch-misses,faults,minor-faults,major-faults,branches,branch-misses,stalled-cycles-frontend,stalled-cycles-backend /home/goankur/jdk/corretto-25/bin/java -server -Xms2g -Xmx2g --add-modules jdk.incubator.vector -XX:+HeapDumpOnOutOfMemoryError -XX:+UseParallelGC -XX:StartFlightRecording=jdk.CPUTimeSample#enabled=true,dumponexit=true,maxsize=250M,settings=/home/goankur/vsearch/util/src/python/profiling.jfc,filename=/home/goankur/vsearch/logs/bench-search-FAKc-armK-18.jfr -XX:+UnlockDiagnosticVMOptions -XX:+DebugNonSafepoints -classpath /home/goankur/vsearch/bo/lucene-K/lucene/core/build/libs/lucene-core-11.0.0-SNAPSHOT.jar:/home/goankur/vsearch/bo/lucene-K/lucene/sandbox/build/classes/java/main:/home/goankur/vsearch/bo/lucene-K/lucene/misc/build/classes/java/main:/home/goankur/vsearch/bo/lucene-K/lucene/facet/build/classes/java/main:/home/goankur/vsearch/bo/lucene-K/lucene/analysis/common/build/classes/java/main:/home/goankur/vsearch/bo/lucene-K/lucene/analysis/icu/build/classes/java/main:/home/goankur/vsearch/bo/lucene-K/lucene/queryparser/build/classes/java/main:/home/goankur/vsearch/bo/lucene-K/lucene/grouping/build/classes/java/main:/home/goankur/vsearch/bo/lucene-K/lucene/suggest/build/classes/java/main:/home/goankur/vsearch/bo/lucene-K/lucene/highlighter/build/classes/java/main:/home/goankur/vsearch/bo/lucene-K/lucene/codecs/build/classes/java/main:/home/goankur/vsearch/bo/lucene-K/lucene/queries/build/classes/java/main:/home/goankur/vsearch/bo/lucene-K/lucene/join/build/classes/java/main:/home/goankur/vsearch/bo/lucene-K/lucene/spatial3d/build/classes/java/main:/home/goankur/vsearch/util/lib/HdrHistogram.jar:/home/goankur/vsearch/util/src/main/build/classes/java/main:/home/goankur/vsearch/util/build perf.SearchPerfTest -dirImpl MMapDirectory -indexPath /home/goankur/vsearch/indices/wikimedium10m.lucene-A.facets.taxonomy:Date.taxonomy:Month.taxonomy:DayOfYear.sortedset:Date.sortedset:Month.sortedset:DayOfYear.taxonomy:RandomLabel.sortedset:RandomLabel.Lucene90.Lucene104.dvfields.nd10M -facets taxonomy:Date;Date -facets taxonomy:Month;Month -facets taxonomy:DayOfYear;DayOfYear -facets sortedset:Date;Date -facets sortedset:Month;Month -facets sortedset:DayOfYear;DayOfYear -facets taxonomy:RandomLabel;RandomLabel -facets sortedset:RandomLabel;RandomLabel -analyzer StandardAnalyzer -taskSource /home/goankur/vsearch/util/tasks/wikimedium.10M.nostopwords.tasks -numConcurrentQueries 5 -taskRepeatCount 20 -field body -tasksPerCat 1 -searchConcurrency -1 -staticSeed -6766631 -seed -3360601 -similarity BM25Similarity -commit multi -hiliteImpl FastVectorHighlighter -log /home/goankur/vsearch/logs/FAKc.armK.18 -topN 100 -context  -pk -pollute
      9.0 s
      346.4 actual sustained QPS; -1.0 CPU cores used
    armA:
      NOTE: using experimental CPU time profiler (see https://mostlynerdless.de/blog/2025/06/11/java-25s-new-cpu-time-profiler-1)
      log: /home/goankur/vsearch/logs/FAKc.armA.18 + stdout
      run: /usr/bin/perf stat -dd -e task-clock,cycles,instructions,cache-references,cache-misses,L1-dcache-loads,L1-dcache-load-misses,L1-icache-loads,L1-icache-load-misses,LLC-loads,LLC-load-misses,LLC-stores,LLC-store-misses,LLC-prefetches,LLC-prefetch-misses,faults,minor-faults,major-faults,branches,branch-misses,stalled-cycles-frontend,stalled-cycles-backend /home/goankur/jdk/corretto-25/bin/java -server -Xms2g -Xmx2g --add-modules jdk.incubator.vector -XX:+HeapDumpOnOutOfMemoryError -XX:+UseParallelGC -XX:StartFlightRecording=jdk.CPUTimeSample#enabled=true,dumponexit=true,maxsize=250M,settings=/home/goankur/vsearch/util/src/python/profiling.jfc,filename=/home/goankur/vsearch/logs/bench-search-FAKc-armA-18.jfr -XX:+UnlockDiagnosticVMOptions -XX:+DebugNonSafepoints -classpath /home/goankur/vsearch/bo/lucene-A/lucene/core/build/libs/lucene-core-11.0.0-SNAPSHOT.jar:/home/goankur/vsearch/bo/lucene-A/lucene/sandbox/build/classes/java/main:/home/goankur/vsearch/bo/lucene-A/lucene/misc/build/classes/java/main:/home/goankur/vsearch/bo/lucene-A/lucene/facet/build/classes/java/main:/home/goankur/vsearch/bo/lucene-A/lucene/analysis/common/build/classes/java/main:/home/goankur/vsearch/bo/lucene-A/lucene/analysis/icu/build/classes/java/main:/home/goankur/vsearch/bo/lucene-A/lucene/queryparser/build/classes/java/main:/home/goankur/vsearch/bo/lucene-A/lucene/grouping/build/classes/java/main:/home/goankur/vsearch/bo/lucene-A/lucene/suggest/build/classes/java/main:/home/goankur/vsearch/bo/lucene-A/lucene/highlighter/build/classes/java/main:/home/goankur/vsearch/bo/lucene-A/lucene/codecs/build/classes/java/main:/home/goankur/vsearch/bo/lucene-A/lucene/queries/build/classes/java/main:/home/goankur/vsearch/bo/lucene-A/lucene/join/build/classes/java/main:/home/goankur/vsearch/bo/lucene-A/lucene/spatial3d/build/classes/java/main:/home/goankur/vsearch/util/lib/HdrHistogram.jar:/home/goankur/vsearch/util/src/main/build/classes/java/main:/home/goankur/vsearch/util/build perf.SearchPerfTest -dirImpl MMapDirectory -indexPath /home/goankur/vsearch/indices/wikimedium10m.lucene-A.facets.taxonomy:Date.taxonomy:Month.taxonomy:DayOfYear.sortedset:Date.sortedset:Month.sortedset:DayOfYear.taxonomy:RandomLabel.sortedset:RandomLabel.Lucene90.Lucene104.dvfields.nd10M -facets taxonomy:Date;Date -facets taxonomy:Month;Month -facets taxonomy:DayOfYear;DayOfYear -facets sortedset:Date;Date -facets sortedset:Month;Month -facets sortedset:DayOfYear;DayOfYear -facets taxonomy:RandomLabel;RandomLabel -facets sortedset:RandomLabel;RandomLabel -analyzer StandardAnalyzer -taskSource /home/goankur/vsearch/util/tasks/wikimedium.10M.nostopwords.tasks -numConcurrentQueries 5 -taskRepeatCount 20 -field body -tasksPerCat 1 -searchConcurrency -1 -staticSeed -6766631 -seed -3360601 -similarity BM25Similarity -commit multi -hiliteImpl FastVectorHighlighter -log /home/goankur/vsearch/logs/FAKc.armA.18 -topN 100 -context  -pk -pollute
      9.5 s
      238.3 actual sustained QPS; -1.0 CPU cores used

Report after iter 18:
QPSChart.supported == False
                            Task     P50 B     P50 C     Diff     P90 B     P90 C     Diff     P99 B     P99 C     Diff    P999 B    P999 C     Diff    P100 B    P100 C     Diff
           ('AndHighHigh', None)     1.744     1.779     2.0%     4.277     4.743    10.9%     5.111    16.300   218.9%     5.111    16.300   218.9%   281.229   291.951     3.8%
('AndHighHighDayTaxoFacets', None)    13.179    13.378     1.5%    20.266    20.784     2.6%    82.042    77.469    -5.6%    82.042    77.469    -5.6%   259.108   228.569   -11.8%
            ('AndHighLow', None)     0.409     0.570    39.4%     1.134     1.271    12.1%     1.418     1.810    27.6%     1.418     1.810    27.6%     2.447    13.419   448.3%
            ('AndHighMed', None)     0.811     0.941    16.0%     2.596     3.631    39.9%     4.642     4.926     6.1%     4.642     4.926     6.1%     5.137     5.360     4.4%
('AndHighMedDayTaxoFacets', None)     3.632     3.932     8.3%    11.658    13.527    16.0%    11.869    13.818    16.4%    11.869    13.818    16.4%    14.091    16.652    18.2%
     ('AndMissingHigh', 'Title')     0.255     0.323    26.7%     0.836     0.697   -16.7%     5.438     0.761   -86.0%     5.438     0.761   -86.0%     7.519     5.736   -23.7%
              ('BM25MSM2', None)    16.001    16.074     0.5%    36.630    32.524   -11.2%    70.581    61.654   -12.6%    70.581    61.654   -12.6%   153.638   188.322    22.6%
  ('BrowseDateSSDVFacets', None)   338.477   328.931    -2.8%   401.128   380.521    -5.1%   412.559   400.470    -2.9%   412.559   400.470    -2.9%   455.008   442.853    -2.7%
  ('BrowseDateTaxoFacets', None)    65.626    23.635   -64.0%    75.630    29.659   -60.8%    75.793    74.857    -1.2%    75.793    74.857    -1.2%    80.560    87.233     8.3%
('BrowseDayOfYearSSDVFacets', None)    62.729    66.959     6.7%    82.458    80.971    -1.8%    82.478    82.271    -0.3%    82.478    82.271    -0.3%   185.670   197.034     6.1%
('BrowseDayOfYearTaxoFacets', None)    62.895    25.115   -60.1%    69.323    46.991   -32.2%    71.930    62.910   -12.5%    71.930    62.910   -12.5%    74.916    68.470    -8.6%
 ('BrowseMonthSSDVFacets', None)    63.490    66.037     4.0%    78.728    82.485     4.8%    82.414   100.790    22.3%    82.414   100.790    22.3%   148.704   133.275   -10.4%
 ('BrowseMonthTaxoFacets', None)    85.204    24.164   -71.6%   101.489    29.498   -70.9%   103.061    30.404   -70.5%   103.061    30.404   -70.5%   199.152   252.161    26.6%
('BrowseRandomLabelSSDVFacets', None)    92.874    91.290    -1.7%   144.094   129.956    -9.8%   179.636   153.565   -14.5%   179.636   153.565   -14.5%   193.603   174.461    -9.9%
('BrowseRandomLabelTaxoFacets', None)    80.955    36.642   -54.7%   114.463    45.212   -60.5%   115.612   104.607    -9.5%   115.612   104.607    -9.5%   297.615   373.020    25.3%
             ('ConstMSM2', None)     0.718     0.757     5.4%     1.576     8.824   460.0%     4.876    15.791   223.8%     4.876    15.791   223.8%    10.964    21.163    93.0%
                ('Fuzzy1', None)    11.551    10.435    -9.7%    17.842    16.418    -8.0%    37.994    49.533    30.4%    37.994    49.533    30.4%    73.442    69.352    -5.6%
                ('Fuzzy2', None)    11.492    10.265   -10.7%    18.885    21.998    16.5%    42.495    35.601   -16.2%    42.495    35.601   -16.2%    44.614    37.530   -15.9%
  ('HighIntervalsOrdered', None)    17.736    17.690    -0.3%    31.580    29.107    -7.8%    48.793    29.780   -39.0%    48.793    29.780   -39.0%    65.276    64.109    -1.8%
            ('HighPhrase', None)     5.074     5.015    -1.2%    15.852    14.609    -7.8%    68.431    26.117   -61.8%    68.431    26.117   -61.8%   255.337   326.914    28.0%
      ('HighSloppyPhrase', None)    10.364    10.039    -3.1%    13.413    20.372    51.9%    15.483    31.962   106.4%    15.483    31.962   106.4%    20.598    32.328    56.9%
          ('HighSpanNear', None)    16.314    16.192    -0.7%    26.208    29.766    13.6%    26.331    37.965    44.2%    26.331    37.965    44.2%    32.121    54.515    69.7%
              ('HighTerm', None)     0.821     1.052    28.2%     3.633     3.956     8.9%     4.808     4.104   -14.6%     4.808     4.104   -14.6%     5.456     5.690     4.3%
('HighTermDayOfYearSort', 'DayOfYear')     2.787     2.787    -0.0%    10.484     7.557   -27.9%    10.514     9.205   -12.4%    10.514     9.205   -12.4%    71.406   102.517    43.6%
  ('HighTermMonthSort', 'Month')     0.648     0.720    11.1%     1.620     1.974    21.9%     1.831     2.181    19.1%     1.831     2.181    19.1%     3.630     2.508   -30.9%
('HighTermTitleBDVSort', 'TitleBinary')    10.658    11.633     9.1%    21.843    23.869     9.3%    28.493    33.470    17.5%    28.493    33.470    17.5%   122.348   148.893    21.7%
  ('HighTermTitleSort', 'Title')     8.317     8.714     4.8%    18.565    21.074    13.5%    38.207    42.898    12.3%    38.207    42.898    12.3%    52.106    86.250    65.5%
                ('IntNRQ', None)     0.594     0.574    -3.3%     6.544     7.331    12.0%     8.757    13.403    53.1%     8.757    13.403    53.1%    43.385    36.335   -16.2%
                ('IntSet', None)     1.432     1.538     7.3%     8.342     6.027   -27.7%    22.725     9.523   -58.1%    22.725     9.523   -58.1%    72.255    25.517   -64.7%
   ('LowIntervalsOrdered', None)     1.683     1.680    -0.2%     6.236     5.881    -5.7%     7.230     6.211   -14.1%     7.230     6.211   -14.1%     7.410    18.527   150.0%
             ('LowPhrase', None)     2.295     2.497     8.8%     6.190     8.602    39.0%     6.803    13.533    98.9%     6.803    13.533    98.9%     7.119    15.342   115.5%
       ('LowSloppyPhrase', None)     5.999     6.241     4.0%     8.819    11.247    27.5%     9.740    12.199    25.2%     9.740    12.199    25.2%    41.604    57.593    38.4%
           ('LowSpanNear', None)     5.158     5.308     2.9%    10.779    11.155     3.5%    13.981    15.538    11.1%    13.981    15.538    11.1%   197.396   323.653    64.0%
               ('LowTerm', None)     0.422     0.503    19.0%     1.437     1.334    -7.2%     2.463     1.409   -42.8%     2.463     1.409   -42.8%     2.875     2.097   -27.0%
   ('MedIntervalsOrdered', None)    11.192     9.588   -14.3%    23.298    28.718    23.3%    66.004    56.387   -14.6%    66.004    56.387   -14.6%   234.962   326.386    38.9%
             ('MedPhrase', None)     2.285     2.991    30.9%     4.901     5.118     4.4%     9.120     7.062   -22.6%     9.120     7.062   -22.6%    16.468    25.614    55.5%
       ('MedSloppyPhrase', None)    13.007    11.654   -10.4%    21.612    17.963   -16.9%    29.365    21.046   -28.3%    29.365    21.046   -28.3%    48.443    46.193    -4.6%
           ('MedSpanNear', None)    12.502    11.978    -4.2%    18.751    19.618     4.6%    21.690    27.312    25.9%    21.690    27.312    25.9%    33.066    40.286    21.8%
               ('MedTerm', None)     0.624     0.691    10.8%     1.486     3.533   137.7%     3.532     6.021    70.5%     3.532     6.021    70.5%     3.945     7.251    83.8%
  ('MedTermDayTaxoFacets', None)    11.349    12.315     8.5%    30.251    23.794   -21.3%    31.515    26.083   -17.2%    31.515    26.083   -17.2%    43.960    43.923    -0.1%
            ('OrHighHigh', None)     2.173     2.246     3.3%     9.470     6.644   -29.8%    25.913     9.576   -63.0%    25.913     9.576   -63.0%   104.882   137.582    31.2%
             ('OrHighLow', None)     0.950     0.945    -0.6%     2.503     2.360    -5.7%     2.534     2.584     2.0%     2.534     2.584     2.0%     2.536     5.489   116.4%
             ('OrHighMed', None)     0.818     0.944    15.5%     2.852     2.587    -9.3%     3.876     3.389   -12.6%     3.876     3.389   -12.6%    48.037    20.581   -57.2%
('OrHighMedDayTaxoFacets', None)    53.843    52.730    -2.1%    71.622   166.581   132.6%   217.762   224.986     3.3%   217.762   224.986     3.3%   258.481   367.926    42.3%
         ('OrHighNotHigh', None)     1.345     1.484    10.4%     6.005     3.810   -36.6%    19.497     6.407   -67.1%    19.497     6.407   -67.1%    20.997     7.690   -63.4%
          ('OrHighNotLow', None)     1.088     1.019    -6.3%     4.557     2.661   -41.6%     7.789     8.148     4.6%     7.789     8.148     4.6%    15.385    11.057   -28.1%
          ('OrHighNotMed', None)     1.127     1.211     7.4%     3.966     5.799    46.2%    11.079     9.377   -15.4%    11.079     9.377   -15.4%    20.600    11.504   -44.2%
         ('OrNotHighHigh', None)     1.130     1.195     5.8%    10.743     2.506   -76.7%    11.429     4.957   -56.6%    11.429     4.957   -56.6%    32.444    15.042   -53.6%
          ('OrNotHighLow', None)     0.649     0.758    16.9%     3.270     2.582   -21.0%     3.598     2.649   -26.4%     3.598     2.649   -26.4%    11.508     3.966   -65.5%
          ('OrNotHighMed', None)     0.875     0.980    12.0%     3.887     3.540    -8.9%     9.843     3.749   -61.9%     9.843     3.749   -61.9%    11.968     7.732   -35.4%
                   ('PKLookup',)     4.686     5.170    10.3%     9.055    10.526    16.2%    11.470    10.955    -4.5%    11.470    10.955    -4.5%    15.855    18.003    13.5%
               ('Prefix3', None)     1.510     1.989    31.7%     7.773    12.084    55.5%    19.977    18.409    -7.8%    19.977    18.409    -7.8%    71.437    92.167    29.0%
                    ('Respell',)    19.198    18.916    -1.5%    26.207    30.186    15.2%    34.965    30.686   -12.2%    34.965    30.686   -12.2%    68.906    70.604     2.5%
('TermDateTimeSort', 'DateTime')     2.316     2.708    16.9%     8.396     5.784   -31.1%     8.842    33.284   276.4%     8.842    33.284   276.4%    70.524    47.673   -32.4%
              ('Wildcard', None)     2.326     2.523     8.5%    10.996     7.648   -30.4%    21.816    15.243   -30.1%    21.816    15.243   -30.1%    77.536    62.679   -19.2%
                 ('range', None)     0.170     0.166    -2.0%     0.392     0.578    47.5%     0.588     0.658    11.9%     0.588     0.658    11.9%     0.844     0.948    12.4%
                            Task    QPS armA      StdDev    QPS armK      StdDev                Pct diff p-value
                      AndHighLow     2345.32      (8.5%)     1879.39      (5.0%)  -19.9% ( -30% -   -6%) 0.000
                  AndMissingHigh     3711.64      (7.4%)     3200.96      (6.1%)  -13.8% ( -25% -    0%) 0.000
                      AndHighMed     1329.99      (5.9%)     1147.67      (6.7%)  -13.7% ( -24% -   -1%) 0.000
                         LowTerm     2378.60      (9.3%)     2081.56      (7.4%)  -12.5% ( -26% -    4%) 0.000
                         Prefix3      655.55     (10.7%)      580.60     (11.6%)  -11.4% ( -30% -   12%) 0.002
                       OrHighMed     1163.22      (8.4%)     1045.12      (7.6%)  -10.2% ( -24% -    6%) 0.000
               HighTermTitleSort      131.23      (7.6%)      119.10      (7.4%)   -9.2% ( -22% -    6%) 0.000
                    OrNotHighMed     1209.37      (6.2%)     1099.79      (5.9%)   -9.1% ( -19% -    3%) 0.000
                     AndHighHigh      691.55      (6.8%)      631.77      (7.1%)   -8.6% ( -21% -    5%) 0.000
                        HighTerm     1232.25      (7.1%)     1129.10      (7.8%)   -8.4% ( -21% -    7%) 0.001
                         MedTerm     1496.38      (9.9%)     1371.36      (9.0%)   -8.4% ( -24% -   11%) 0.006
                       OrHighLow     1173.85      (4.6%)     1078.06      (5.1%)   -8.2% ( -17% -    1%) 0.000
                   OrHighNotHigh      878.14      (5.5%)      806.89      (6.9%)   -8.1% ( -19% -    4%) 0.000
                   OrNotHighHigh      944.43      (5.7%)      869.34      (6.0%)   -8.0% ( -18% -    4%) 0.000
                    OrHighNotLow     1057.99      (7.6%)      983.09      (7.3%)   -7.1% ( -20% -    8%) 0.003
                    OrHighNotMed      930.45      (8.7%)      866.32      (7.6%)   -6.9% ( -21% -   10%) 0.009
                    OrNotHighLow     1465.24      (8.7%)     1366.67      (4.5%)   -6.7% ( -18% -    7%) 0.003
                      OrHighHigh      493.40      (8.0%)      463.68      (9.8%)   -6.0% ( -22% -   12%) 0.038
                 LowSloppyPhrase      188.41     (11.4%)      177.41     (10.6%)   -5.8% ( -24% -   18%) 0.101
               HighTermMonthSort     1559.15      (7.1%)     1475.81      (6.8%)   -5.3% ( -17% -    9%) 0.018
          OrHighMedDayTaxoFacets       20.97      (5.6%)       19.95      (4.8%)   -4.8% ( -14% -    5%) 0.004
                       LowPhrase      456.34      (5.4%)      434.81      (6.2%)   -4.7% ( -15% -    7%) 0.012
         AndHighMedDayTaxoFacets      273.85      (3.9%)      262.97      (4.1%)   -4.0% ( -11% -    4%) 0.002
            BrowseDateTaxoFacets       18.60     (49.5%)       17.90     (47.2%)   -3.7% ( -67% -  183%) 0.811
                          Fuzzy1       96.71      (7.8%)       93.38      (6.6%)   -3.4% ( -16% -   11%) 0.140
                       ConstMSM2     1297.16      (5.4%)     1253.15      (6.1%)   -3.4% ( -14% -    8%) 0.069
                 MedSloppyPhrase       77.46      (9.5%)       75.08     (11.1%)   -3.1% ( -21% -   19%) 0.360
                        PKLookup      223.78      (9.6%)      217.28     (10.6%)   -2.9% ( -21% -   19%) 0.377
                HighSloppyPhrase      106.73     (12.0%)      103.80     (10.9%)   -2.7% ( -22% -   22%) 0.460
                          IntSet      729.87      (7.0%)      714.02      (7.6%)   -2.2% ( -15% -   13%) 0.359
           HighTermDayOfYearSort      509.37     (10.7%)      498.67     (12.3%)   -2.1% ( -22% -   23%) 0.574
                     LowSpanNear      206.03      (5.7%)      201.93      (4.5%)   -2.0% ( -11% -    8%) 0.233
       BrowseDayOfYearSSDVFacets       16.00     (11.9%)       15.73      (7.1%)   -1.7% ( -18% -   19%) 0.593
                      TermDTSort      442.81      (6.5%)      436.39      (6.9%)   -1.4% ( -13% -   12%) 0.506
                      HighPhrase      195.56      (2.9%)      192.92      (3.6%)   -1.3% (  -7% -    5%) 0.207
                         Respell       56.25      (6.7%)       55.59      (6.2%)   -1.2% ( -13% -   12%) 0.579
                       MedPhrase      450.69      (7.0%)      445.85      (6.8%)   -1.1% ( -13% -   13%) 0.633
            BrowseDateSSDVFacets        2.91      (6.5%)        2.88      (6.4%)   -1.1% ( -13% -   12%) 0.610
       BrowseDayOfYearTaxoFacets       18.99     (48.6%)       18.79     (46.3%)   -1.0% ( -64% -  182%) 0.946
                          Fuzzy2       97.25      (6.9%)       96.38      (7.4%)   -0.9% ( -14% -   14%) 0.700
            HighTermTitleBDVSort       92.06      (3.0%)       91.41      (3.1%)   -0.7% (  -6% -    5%) 0.480
                        Wildcard      420.87      (3.6%)      418.10      (4.5%)   -0.7% (  -8% -    7%) 0.618
        AndHighHighDayTaxoFacets       78.40      (4.9%)       77.92      (4.6%)   -0.6% (  -9% -    9%) 0.693
     BrowseRandomLabelTaxoFacets       14.06     (29.1%)       14.01     (38.2%)   -0.4% ( -52% -   94%) 0.972
                          IntNRQ     1875.03      (7.4%)     1868.59      (8.4%)   -0.3% ( -15% -   16%) 0.894
                     MedSpanNear       85.52      (2.6%)       85.29      (3.4%)   -0.3% (  -6% -    5%) 0.789
            HighIntervalsOrdered       62.70      (8.6%)       62.59      (9.0%)   -0.2% ( -16% -   18%) 0.948
                        BM25MSM2       60.92      (5.0%)       60.94      (5.5%)    0.0% (  -9% -   11%) 0.983
             MedIntervalsOrdered      114.73      (5.3%)      114.89      (4.4%)    0.1% (  -9% -   10%) 0.930
           BrowseMonthSSDVFacets       16.71     (12.4%)       16.77     (12.9%)    0.4% ( -22% -   29%) 0.920
                    HighSpanNear       62.75      (4.8%)       63.11      (2.5%)    0.6% (  -6% -    8%) 0.647
            MedTermDayTaxoFacets       87.85      (6.3%)       88.40      (7.1%)    0.6% ( -11% -   14%) 0.774
             LowIntervalsOrdered      631.86      (9.7%)      639.06      (5.4%)    1.1% ( -12% -   18%) 0.656
                           range     5932.26      (7.7%)     6094.39     (11.8%)    2.7% ( -15% -   24%) 0.398
     BrowseRandomLabelSSDVFacets       11.12      (7.5%)       11.48      (6.5%)    3.3% (  -9% -   18%) 0.152
           BrowseMonthTaxoFacets       33.81     (40.8%)       36.78     (27.0%)    8.8% ( -41% -  129%) 0.434
  iter 19
    armA:
      NOTE: using experimental CPU time profiler (see https://mostlynerdless.de/blog/2025/06/11/java-25s-new-cpu-time-profiler-1)
      log: /home/goankur/vsearch/logs/FAKc.armA.19 + stdout
      run: /usr/bin/perf stat -dd -e task-clock,cycles,instructions,cache-references,cache-misses,L1-dcache-loads,L1-dcache-load-misses,L1-icache-loads,L1-icache-load-misses,LLC-loads,LLC-load-misses,LLC-stores,LLC-store-misses,LLC-prefetches,LLC-prefetch-misses,faults,minor-faults,major-faults,branches,branch-misses,stalled-cycles-frontend,stalled-cycles-backend /home/goankur/jdk/corretto-25/bin/java -server -Xms2g -Xmx2g --add-modules jdk.incubator.vector -XX:+HeapDumpOnOutOfMemoryError -XX:+UseParallelGC -XX:StartFlightRecording=jdk.CPUTimeSample#enabled=true,dumponexit=true,maxsize=250M,settings=/home/goankur/vsearch/util/src/python/profiling.jfc,filename=/home/goankur/vsearch/logs/bench-search-FAKc-armA-19.jfr -XX:+UnlockDiagnosticVMOptions -XX:+DebugNonSafepoints -classpath /home/goankur/vsearch/bo/lucene-A/lucene/core/build/libs/lucene-core-11.0.0-SNAPSHOT.jar:/home/goankur/vsearch/bo/lucene-A/lucene/sandbox/build/classes/java/main:/home/goankur/vsearch/bo/lucene-A/lucene/misc/build/classes/java/main:/home/goankur/vsearch/bo/lucene-A/lucene/facet/build/classes/java/main:/home/goankur/vsearch/bo/lucene-A/lucene/analysis/common/build/classes/java/main:/home/goankur/vsearch/bo/lucene-A/lucene/analysis/icu/build/classes/java/main:/home/goankur/vsearch/bo/lucene-A/lucene/queryparser/build/classes/java/main:/home/goankur/vsearch/bo/lucene-A/lucene/grouping/build/classes/java/main:/home/goankur/vsearch/bo/lucene-A/lucene/suggest/build/classes/java/main:/home/goankur/vsearch/bo/lucene-A/lucene/highlighter/build/classes/java/main:/home/goankur/vsearch/bo/lucene-A/lucene/codecs/build/classes/java/main:/home/goankur/vsearch/bo/lucene-A/lucene/queries/build/classes/java/main:/home/goankur/vsearch/bo/lucene-A/lucene/join/build/classes/java/main:/home/goankur/vsearch/bo/lucene-A/lucene/spatial3d/build/classes/java/main:/home/goankur/vsearch/util/lib/HdrHistogram.jar:/home/goankur/vsearch/util/src/main/build/classes/java/main:/home/goankur/vsearch/util/build perf.SearchPerfTest -dirImpl MMapDirectory -indexPath /home/goankur/vsearch/indices/wikimedium10m.lucene-A.facets.taxonomy:Date.taxonomy:Month.taxonomy:DayOfYear.sortedset:Date.sortedset:Month.sortedset:DayOfYear.taxonomy:RandomLabel.sortedset:RandomLabel.Lucene90.Lucene104.dvfields.nd10M -facets taxonomy:Date;Date -facets taxonomy:Month;Month -facets taxonomy:DayOfYear;DayOfYear -facets sortedset:Date;Date -facets sortedset:Month;Month -facets sortedset:DayOfYear;DayOfYear -facets taxonomy:RandomLabel;RandomLabel -facets sortedset:RandomLabel;RandomLabel -analyzer StandardAnalyzer -taskSource /home/goankur/vsearch/util/tasks/wikimedium.10M.nostopwords.tasks -numConcurrentQueries 5 -taskRepeatCount 20 -field body -tasksPerCat 1 -searchConcurrency -1 -staticSeed -6766631 -seed -444688 -similarity BM25Similarity -commit multi -hiliteImpl FastVectorHighlighter -log /home/goankur/vsearch/logs/FAKc.armA.19 -topN 100 -context  -pk -pollute
      9.5 s
      249.4 actual sustained QPS; -1.0 CPU cores used
    armK:
      NOTE: using experimental CPU time profiler (see https://mostlynerdless.de/blog/2025/06/11/java-25s-new-cpu-time-profiler-1)
      log: /home/goankur/vsearch/logs/FAKc.armK.19 + stdout
      run: /usr/bin/perf stat -dd -e task-clock,cycles,instructions,cache-references,cache-misses,L1-dcache-loads,L1-dcache-load-misses,L1-icache-loads,L1-icache-load-misses,LLC-loads,LLC-load-misses,LLC-stores,LLC-store-misses,LLC-prefetches,LLC-prefetch-misses,faults,minor-faults,major-faults,branches,branch-misses,stalled-cycles-frontend,stalled-cycles-backend /home/goankur/jdk/corretto-25/bin/java -server -Xms2g -Xmx2g --add-modules jdk.incubator.vector -XX:+HeapDumpOnOutOfMemoryError -XX:+UseParallelGC -XX:StartFlightRecording=jdk.CPUTimeSample#enabled=true,dumponexit=true,maxsize=250M,settings=/home/goankur/vsearch/util/src/python/profiling.jfc,filename=/home/goankur/vsearch/logs/bench-search-FAKc-armK-19.jfr -XX:+UnlockDiagnosticVMOptions -XX:+DebugNonSafepoints -classpath /home/goankur/vsearch/bo/lucene-K/lucene/core/build/libs/lucene-core-11.0.0-SNAPSHOT.jar:/home/goankur/vsearch/bo/lucene-K/lucene/sandbox/build/classes/java/main:/home/goankur/vsearch/bo/lucene-K/lucene/misc/build/classes/java/main:/home/goankur/vsearch/bo/lucene-K/lucene/facet/build/classes/java/main:/home/goankur/vsearch/bo/lucene-K/lucene/analysis/common/build/classes/java/main:/home/goankur/vsearch/bo/lucene-K/lucene/analysis/icu/build/classes/java/main:/home/goankur/vsearch/bo/lucene-K/lucene/queryparser/build/classes/java/main:/home/goankur/vsearch/bo/lucene-K/lucene/grouping/build/classes/java/main:/home/goankur/vsearch/bo/lucene-K/lucene/suggest/build/classes/java/main:/home/goankur/vsearch/bo/lucene-K/lucene/highlighter/build/classes/java/main:/home/goankur/vsearch/bo/lucene-K/lucene/codecs/build/classes/java/main:/home/goankur/vsearch/bo/lucene-K/lucene/queries/build/classes/java/main:/home/goankur/vsearch/bo/lucene-K/lucene/join/build/classes/java/main:/home/goankur/vsearch/bo/lucene-K/lucene/spatial3d/build/classes/java/main:/home/goankur/vsearch/util/lib/HdrHistogram.jar:/home/goankur/vsearch/util/src/main/build/classes/java/main:/home/goankur/vsearch/util/build perf.SearchPerfTest -dirImpl MMapDirectory -indexPath /home/goankur/vsearch/indices/wikimedium10m.lucene-A.facets.taxonomy:Date.taxonomy:Month.taxonomy:DayOfYear.sortedset:Date.sortedset:Month.sortedset:DayOfYear.taxonomy:RandomLabel.sortedset:RandomLabel.Lucene90.Lucene104.dvfields.nd10M -facets taxonomy:Date;Date -facets taxonomy:Month;Month -facets taxonomy:DayOfYear;DayOfYear -facets sortedset:Date;Date -facets sortedset:Month;Month -facets sortedset:DayOfYear;DayOfYear -facets taxonomy:RandomLabel;RandomLabel -facets sortedset:RandomLabel;RandomLabel -analyzer StandardAnalyzer -taskSource /home/goankur/vsearch/util/tasks/wikimedium.10M.nostopwords.tasks -numConcurrentQueries 5 -taskRepeatCount 20 -field body -tasksPerCat 1 -searchConcurrency -1 -staticSeed -6766631 -seed -444688 -similarity BM25Similarity -commit multi -hiliteImpl FastVectorHighlighter -log /home/goankur/vsearch/logs/FAKc.armK.19 -topN 100 -context  -pk -pollute
      9.3 s
      244.8 actual sustained QPS; -1.0 CPU cores used

Report after iter 19:
QPSChart.supported == False
                            Task     P50 B     P50 C     Diff     P90 B     P90 C     Diff     P99 B     P99 C     Diff    P999 B    P999 C     Diff    P100 B    P100 C     Diff
           ('AndHighHigh', None)     1.480     1.560     5.4%     4.601     5.712    24.2%     4.655     7.761    66.7%     4.655     7.761    66.7%     9.501     8.057   -15.2%
('AndHighHighDayTaxoFacets', None)    13.404    12.946    -3.4%    24.163    18.491   -23.5%    36.924    42.449    15.0%    36.924    42.449    15.0%   141.825   117.953   -16.8%
            ('AndHighLow', None)     0.473     0.574    21.4%     1.663     0.898   -46.0%     2.376     1.348   -43.3%     2.376     1.348   -43.3%     8.021     1.613   -79.9%
            ('AndHighMed', None)     1.069     0.861   -19.5%     4.006     3.236   -19.2%     4.176     5.582    33.7%     4.176     5.582    33.7%   135.800   139.638     2.8%
('AndHighMedDayTaxoFacets', None)     4.060     3.976    -2.1%     7.787     7.951     2.1%    14.287    21.123    47.8%    14.287    21.123    47.8%   355.091   313.373   -11.7%
     ('AndMissingHigh', 'Title')     0.286     0.306     7.0%     0.679     0.941    38.6%     0.841     1.548    83.9%     0.841     1.548    83.9%     1.429     1.806    26.3%
              ('BM25MSM2', None)    16.876    17.540     3.9%    26.094    34.395    31.8%    47.914    38.379   -19.9%    47.914    38.379   -19.9%   184.660   178.238    -3.5%
  ('BrowseDateSSDVFacets', None)   380.669   414.286     8.8%   455.193   457.527     0.5%   458.676   479.665     4.6%   458.676   479.665     4.6%   594.614   579.867    -2.5%
  ('BrowseDateTaxoFacets', None)    72.297    64.687   -10.5%    93.274    81.791   -12.3%    94.161    83.726   -11.1%    94.161    83.726   -11.1%    94.337    88.604    -6.1%
('BrowseDayOfYearSSDVFacets', None)    58.693    65.116    10.9%    85.340    81.936    -4.0%    90.303    90.247    -0.1%    90.303    90.247    -0.1%   219.968   257.021    16.8%
('BrowseDayOfYearTaxoFacets', None)    61.652    59.360    -3.7%    89.921    75.390   -16.2%    95.917    79.494   -17.1%    95.917    79.494   -17.1%   167.240    99.876   -40.3%
 ('BrowseMonthSSDVFacets', None)    64.576    68.756     6.5%    86.784    87.180     0.5%    87.022    90.071     3.5%    87.022    90.071     3.5%    91.897    98.744     7.5%
 ('BrowseMonthTaxoFacets', None)    24.610    22.580    -8.2%    71.783    29.679   -58.7%   112.827    31.359   -72.2%   112.827    31.359   -72.2%   141.357   112.603   -20.3%
('BrowseRandomLabelSSDVFacets', None)    94.229    89.011    -5.5%   142.724   154.265     8.1%   175.932   157.871   -10.3%   175.932   157.871   -10.3%   184.986   169.286    -8.5%
('BrowseRandomLabelTaxoFacets', None)    85.795    76.152   -11.2%   105.694    96.967    -8.3%   122.697   100.339   -18.2%   122.697   100.339   -18.2%   165.925   100.996   -39.1%
             ('ConstMSM2', None)     0.738     0.735    -0.3%     1.360     1.455     7.0%     1.561     1.691     8.4%     1.561     1.691     8.4%    23.402    27.041    15.6%
                ('Fuzzy1', None)    11.701    11.359    -2.9%    18.175    17.623    -3.0%    21.343    25.879    21.3%    21.343    25.879    21.3%    59.096    41.808   -29.3%
                ('Fuzzy2', None)    11.204     9.454   -15.6%    17.819    18.234     2.3%    19.951    26.046    30.5%    19.951    26.046    30.5%    39.592    62.540    58.0%
  ('HighIntervalsOrdered', None)    14.697    14.559    -0.9%    34.970    26.902   -23.1%    43.665    44.386     1.7%    43.665    44.386     1.7%    60.943    82.516    35.4%
            ('HighPhrase', None)     5.145     5.189     0.8%    10.270    10.565     2.9%    10.945    11.630     6.3%    10.945    11.630     6.3%    39.921    22.095   -44.7%
      ('HighSloppyPhrase', None)    10.517     8.732   -17.0%    12.426    11.302    -9.0%    24.521    14.478   -41.0%    24.521    14.478   -41.0%    69.595    68.727    -1.2%
          ('HighSpanNear', None)    15.309    15.558     1.6%    24.077    24.906     3.4%    31.272    32.315     3.3%    31.272    32.315     3.3%    56.195    49.009   -12.8%
              ('HighTerm', None)     0.899     0.979     9.0%     3.680     3.218   -12.5%     4.469    15.974   257.4%     4.469    15.974   257.4%    33.664    24.643   -26.8%
('HighTermDayOfYearSort', 'DayOfYear')     1.805     2.036    12.8%     8.626     6.720   -22.1%     9.265    10.419    12.5%     9.265    10.419    12.5%    32.937    31.785    -3.5%
  ('HighTermMonthSort', 'Month')     0.721     0.648   -10.1%     1.765     1.636    -7.3%     5.622     3.165   -43.7%     5.622     3.165   -43.7%     7.863    15.712    99.8%
('HighTermTitleBDVSort', 'TitleBinary')    10.817    10.572    -2.3%    27.940    17.202   -38.4%    48.607    44.006    -9.5%    48.607    44.006    -9.5%    59.448    87.006    46.4%
  ('HighTermTitleSort', 'Title')     7.871     8.363     6.2%    19.798    13.345   -32.6%    23.601    29.312    24.2%    23.601    29.312    24.2%   151.363   108.707   -28.2%
                ('IntNRQ', None)     0.530     0.543     2.5%     8.510     1.128   -86.7%    12.396    17.027    37.4%    12.396    17.027    37.4%    48.273    45.932    -4.8%
                ('IntSet', None)     1.582     1.432    -9.5%     6.712     6.893     2.7%     8.914     7.183   -19.4%     8.914     7.183   -19.4%    57.078    83.754    46.7%
   ('LowIntervalsOrdered', None)     1.565     1.482    -5.3%     8.494     4.150   -51.1%     8.824     8.101    -8.2%     8.824     8.101    -8.2%    12.368    10.273   -16.9%
             ('LowPhrase', None)     2.213     2.362     6.7%     5.007     5.621    12.3%     7.948     5.891   -25.9%     7.948     5.891   -25.9%    20.431     7.624   -62.7%
       ('LowSloppyPhrase', None)     5.131     6.091    18.7%     9.217     7.333   -20.4%     9.792     7.624   -22.1%     9.792     7.624   -22.1%    13.674    11.102   -18.8%
           ('LowSpanNear', None)     5.136     5.185     0.9%    11.528     9.211   -20.1%    13.152    11.004   -16.3%    13.152    11.004   -16.3%    17.851    12.837   -28.1%
               ('LowTerm', None)     0.427     0.446     4.6%     1.093     1.267    15.9%     1.570     1.312   -16.5%     1.570     1.312   -16.5%     2.518     1.628   -35.4%
   ('MedIntervalsOrdered', None)    11.980     8.327   -30.5%    15.795    15.013    -5.0%    16.273    22.205    36.5%    16.273    22.205    36.5%   163.423   146.049   -10.6%
             ('MedPhrase', None)     2.366     2.469     4.3%     5.418     8.478    56.5%     7.393    10.430    41.1%     7.393    10.430    41.1%   170.667   149.362   -12.5%
       ('MedSloppyPhrase', None)    13.918    14.355     3.1%    23.330    21.019    -9.9%    30.098    32.977     9.6%    30.098    32.977     9.6%    48.394    60.657    25.3%
           ('MedSpanNear', None)    11.266    11.532     2.4%    21.267    20.688    -2.7%    22.401    21.559    -3.8%    22.401    21.559    -3.8%   142.382   135.320    -5.0%
               ('MedTerm', None)     0.690     0.716     3.7%     1.434     1.545     7.7%     1.606     1.546    -3.7%     1.606     1.546    -3.7%     5.667     9.446    66.7%
  ('MedTermDayTaxoFacets', None)    11.961    12.139     1.5%    32.742    21.105   -35.5%    37.565    37.321    -0.6%    37.565    37.321    -0.6%    54.123    66.107    22.1%
            ('OrHighHigh', None)     2.007     2.001    -0.3%     4.943     5.727    15.9%    27.114     7.269   -73.2%    27.114     7.269   -73.2%   136.482   123.145    -9.8%
             ('OrHighLow', None)     0.894     1.023    14.5%     1.845     1.825    -1.1%     1.962     2.514    28.2%     1.962     2.514    28.2%     3.514     4.628    31.7%
             ('OrHighMed', None)     0.929     0.901    -3.0%     3.423     2.137   -37.6%    10.587     4.776   -54.9%    10.587     4.776   -54.9%    91.133   122.080    34.0%
('OrHighMedDayTaxoFacets', None)    52.793    50.340    -4.6%    87.610    64.050   -26.9%   164.442   161.564    -1.7%   164.442   161.564    -1.7%   308.448   322.153     4.4%
         ('OrHighNotHigh', None)     1.437     1.252   -12.9%     2.906     2.324   -20.0%     3.155     5.808    84.1%     3.155     5.808    84.1%    34.782    26.927   -22.6%
          ('OrHighNotLow', None)     1.194     1.036   -13.2%     4.502     1.878   -58.3%     6.502     5.132   -21.1%     6.502     5.132   -21.1%    12.343    10.217   -17.2%
          ('OrHighNotMed', None)     1.434     1.114   -22.3%     5.864     2.632   -55.1%    16.274     5.658   -65.2%    16.274     5.658   -65.2%    16.998    32.439    90.8%
         ('OrNotHighHigh', None)     1.361     1.187   -12.8%     7.574     2.287   -69.8%     9.600     4.618   -51.9%     9.600     4.618   -51.9%   128.412   110.699   -13.8%
          ('OrNotHighLow', None)     0.653     0.734    12.5%     2.433     1.441   -40.7%     2.465     2.114   -14.2%     2.465     2.114   -14.2%     4.429     3.967   -10.4%
          ('OrNotHighMed', None)     1.039     1.159    11.6%     3.144     1.910   -39.2%     4.614     5.736    24.3%     4.614     5.736    24.3%    12.201     8.435   -30.9%
                   ('PKLookup',)     5.558     4.409   -20.7%     8.392     6.478   -22.8%    20.399    13.893   -31.9%    20.399    13.893   -31.9%    22.225    43.112    94.0%
               ('Prefix3', None)     1.585     1.679     5.9%     7.116     7.939    11.6%    13.036    30.723   135.7%    13.036    30.723   135.7%    80.583    79.310    -1.6%
                    ('Respell',)    17.339    18.477     6.6%    25.961    26.740     3.0%    34.569    43.668    26.3%    34.569    43.668    26.3%   206.492   185.270   -10.3%
('TermDateTimeSort', 'DateTime')     2.226     2.073    -6.9%     9.562     6.409   -33.0%     9.642     8.709    -9.7%     9.642     8.709    -9.7%   100.248   109.896     9.6%
              ('Wildcard', None)     2.611     2.523    -3.4%     6.639     8.717    31.3%    15.255    10.335   -32.2%    15.255    10.335   -32.2%    35.709    40.601    13.7%
                 ('range', None)     0.215     0.208    -3.4%     0.483     0.371   -23.2%     0.593     0.393   -33.7%     0.593     0.393   -33.7%     8.888     1.166   -86.9%
                            Task    QPS armA      StdDev    QPS armK      StdDev                Pct diff p-value
                      AndHighLow     2341.01      (8.4%)     1874.48      (4.9%)  -19.9% ( -30% -   -7%) 0.000
                      AndHighMed     1326.94      (5.8%)     1150.56      (6.6%)  -13.3% ( -24% -    0%) 0.000
                  AndMissingHigh     3710.11      (7.2%)     3218.06      (6.3%)  -13.3% ( -25% -    0%) 0.000
                         LowTerm     2382.46      (9.0%)     2092.20      (7.5%)  -12.2% ( -26% -    4%) 0.000
                         Prefix3      658.98     (10.6%)      584.33     (11.5%)  -11.3% ( -30% -   12%) 0.001
                       OrHighMed     1169.39      (8.5%)     1049.18      (7.5%)  -10.3% ( -24% -    6%) 0.000
               HighTermTitleSort      131.33      (7.4%)      119.35      (7.3%)   -9.1% ( -22% -    6%) 0.000
                    OrNotHighMed     1200.72      (6.9%)     1095.83      (5.9%)   -8.7% ( -20% -    4%) 0.000
                     AndHighHigh      692.23      (6.6%)      632.91      (6.9%)   -8.6% ( -20% -    5%) 0.000
                        HighTerm     1229.21      (7.0%)     1124.46      (7.8%)   -8.5% ( -21% -    6%) 0.000
                       OrHighLow     1171.36      (4.6%)     1073.66      (5.2%)   -8.3% ( -17% -    1%) 0.000
                         MedTerm     1499.87      (9.6%)     1375.74      (8.9%)   -8.3% ( -24% -   11%) 0.005
                   OrHighNotHigh      870.99      (6.5%)      807.38      (6.8%)   -7.3% ( -19% -    6%) 0.001
                   OrNotHighHigh      935.23      (7.1%)      868.63      (5.9%)   -7.1% ( -18% -    6%) 0.001
                    OrNotHighLow     1473.67      (8.8%)     1370.90      (4.6%)   -7.0% ( -18% -    6%) 0.002
                 LowSloppyPhrase      189.56     (11.3%)      176.92     (10.3%)   -6.7% ( -25% -   16%) 0.052
                    OrHighNotLow     1047.61      (8.7%)      982.69      (7.2%)   -6.2% ( -20% -   10%) 0.014
                      OrHighHigh      493.72      (7.8%)      465.77      (9.7%)   -5.7% ( -21% -   12%) 0.043
                    OrHighNotMed      919.64     (10.1%)      869.69      (7.6%)   -5.4% ( -21% -   13%) 0.055
               HighTermMonthSort     1557.46      (6.9%)     1479.38      (6.7%)   -5.0% ( -17% -    9%) 0.020
                       LowPhrase      456.40      (5.2%)      434.40      (6.0%)   -4.8% ( -15% -    6%) 0.007
          OrHighMedDayTaxoFacets       20.96      (5.5%)       20.01      (4.8%)   -4.5% ( -14% -    6%) 0.006
         AndHighMedDayTaxoFacets      273.10      (4.0%)      262.63      (4.0%)   -3.8% ( -11% -    4%) 0.002
                 MedSloppyPhrase       77.67      (9.3%)       74.92     (10.8%)   -3.5% ( -21% -   18%) 0.269
            BrowseDateTaxoFacets       18.37     (49.1%)       17.79     (46.5%)   -3.2% ( -66% -  181%) 0.833
                       ConstMSM2     1301.57      (5.4%)     1260.62      (6.4%)   -3.1% ( -14% -    9%) 0.095
                          Fuzzy1       96.24      (7.9%)       93.57      (6.5%)   -2.8% ( -15% -   12%) 0.226
           HighTermDayOfYearSort      512.21     (10.6%)      499.03     (11.9%)   -2.6% ( -22% -   22%) 0.470
                HighSloppyPhrase      107.26     (11.8%)      104.84     (11.4%)   -2.3% ( -22% -   23%) 0.538
       BrowseDayOfYearSSDVFacets       16.05     (11.6%)       15.72      (6.9%)   -2.0% ( -18% -   18%) 0.498
                          IntSet      729.17      (6.8%)      714.66      (7.4%)   -2.0% ( -15% -   13%) 0.376
                     LowSpanNear      205.54      (5.6%)      201.55      (4.5%)   -1.9% ( -11% -    8%) 0.230
                        PKLookup      222.18     (10.0%)      218.11     (10.5%)   -1.8% ( -20% -   20%) 0.572
                       MedPhrase      451.02      (6.9%)      444.36      (6.8%)   -1.5% ( -14% -   13%) 0.495
                      HighPhrase      195.80      (2.9%)      192.95      (3.5%)   -1.5% (  -7% -    5%) 0.153
                         Respell       56.34      (6.6%)       55.59      (6.1%)   -1.3% ( -13% -   12%) 0.503
            BrowseDateSSDVFacets        2.90      (6.7%)        2.86      (7.0%)   -1.3% ( -14% -   13%) 0.543
                      TermDTSort      443.59      (6.4%)      438.81      (7.2%)   -1.1% ( -13% -   13%) 0.615
       BrowseDayOfYearTaxoFacets       18.86     (47.7%)       18.71     (45.5%)   -0.8% ( -63% -  176%) 0.956
            HighTermTitleBDVSort       92.19      (3.0%)       91.58      (3.2%)   -0.7% (  -6% -    5%) 0.495
                        Wildcard      419.79      (3.7%)      417.54      (4.4%)   -0.5% (  -8% -    7%) 0.676
        AndHighHighDayTaxoFacets       78.25      (4.9%)       77.93      (4.5%)   -0.4% (  -9% -    9%) 0.781
                     MedSpanNear       85.70      (2.7%)       85.37      (3.4%)   -0.4% (  -6% -    5%) 0.691
                        BM25MSM2       61.01      (4.9%)       60.78      (5.5%)   -0.4% ( -10% -   10%) 0.817
                          IntNRQ     1877.78      (7.2%)     1874.94      (8.3%)   -0.2% ( -14% -   16%) 0.951
            HighIntervalsOrdered       62.97      (8.5%)       62.91      (9.0%)   -0.1% ( -16% -   19%) 0.971
           BrowseMonthSSDVFacets       16.70     (12.1%)       16.69     (12.7%)   -0.0% ( -22% -   28%) 0.994
     BrowseRandomLabelTaxoFacets       13.97     (28.7%)       13.97     (37.4%)    0.1% ( -51% -   92%) 0.996
                          Fuzzy2       97.12      (6.7%)       97.21      (8.1%)    0.1% ( -13% -   16%) 0.970
            MedTermDayTaxoFacets       88.04      (6.2%)       88.17      (7.0%)    0.2% ( -12% -   14%) 0.940
                    HighSpanNear       62.91      (4.8%)       63.22      (2.5%)    0.5% (  -6% -    8%) 0.687
             MedIntervalsOrdered      114.69      (5.2%)      115.30      (4.5%)    0.5% (  -8% -   10%) 0.733
             LowIntervalsOrdered      633.05      (9.5%)      641.35      (5.5%)    1.3% ( -12% -   18%) 0.593
                           range     5934.77      (7.5%)     6032.17     (12.4%)    1.6% ( -17% -   23%) 0.613
     BrowseRandomLabelSSDVFacets       11.13      (7.3%)       11.47      (6.3%)    3.1% (  -9% -   17%) 0.155
           BrowseMonthTaxoFacets       34.22     (39.6%)       37.25     (26.7%)    8.9% ( -41% -  124%) 0.407

CPU merged search profile for armK:
JFR aggregation command: /home/goankur/jdk/corretto-25/bin/java -server -Xms2g -Xmx2g --add-modules jdk.incubator.vector -XX:+HeapDumpOnOutOfMemoryError -XX:+UseParallelGC -cp /home/goankur/vsearch/bo/lucene-K/build-tools/build-infra/build/classes/java/main -Dtests.profile.mode=cpu -Dtests.profile.stacksize=12 -Dtests.profile.count=30 -Dtests.profile.linenumbers=true org.apache.lucene.gradle.plugins.java.ProfileResults /home/goankur/vsearch/logs/bench-search-FAKc-armK-11.jfr /home/goankur/vsearch/logs/bench-search-FAKc-armK-12.jfr /home/goankur/vsearch/logs/bench-search-FAKc-armK-13.jfr /home/goankur/vsearch/logs/bench-search-FAKc-armK-14.jfr /home/goankur/vsearch/logs/bench-search-FAKc-armK-15.jfr /home/goankur/vsearch/logs/bench-search-FAKc-armK-16.jfr /home/goankur/vsearch/logs/bench-search-FAKc-armK-17.jfr /home/goankur/vsearch/logs/bench-search-FAKc-armK-18.jfr /home/goankur/vsearch/logs/bench-search-FAKc-armK-19.jfr /home/goankur/vsearch/logs/bench-search-FAKc-armK-3.jfr /home/goankur/vsearch/logs/bench-search-FAKc-armK-4.jfr /home/goankur/vsearch/logs/bench-search-FAKc-armK-5.jfr /home/goankur/vsearch/logs/bench-search-FAKc-armK-6.jfr /home/goankur/vsearch/logs/bench-search-FAKc-armK-7.jfr /home/goankur/vsearch/logs/bench-search-FAKc-armK-8.jfr /home/goankur/vsearch/logs/bench-search-FAKc-armK-9.jfr /home/goankur/vsearch/logs/bench-search-FAKc-armK-10.jfr /home/goankur/vsearch/logs/bench-search-FAKc-armK-1.jfr /home/goankur/vsearch/logs/bench-search-FAKc-armK-2.jfr /home/goankur/vsearch/logs/bench-search-FAKc-armK-0.jfr
Took 1.99 seconds
WARNING: Using incubator modules: jdk.incubator.vector
PROFILE SUMMARY from 100451 events (total: 100451)
  tests.profile.mode=cpu
  tests.profile.count=30
  tests.profile.stacksize=12
  tests.profile.linenumbers=true
PERCENT       CPU SAMPLES   STACK
1.90%         1908          org.apache.lucene.facet.sortedset.SortedSetDocValuesFacetCounts#countOneSegmentNHLD():129 [JIT compiled code]
                              at org.apache.lucene.facet.sortedset.SortedSetDocValuesFacetCounts#countAll():322 [Interpreted code]
                              at org.apache.lucene.facet.sortedset.SortedSetDocValuesFacetCounts#<init>():73 [Inlined code]
                              at org.apache.lucene.facet.sortedset.SortedSetDocValuesFacetCounts#<init>():63 [Inlined code]
                              at perf.SearchTask#go():290 [JIT compiled code]
                              at perf.UnparsedTask#go():57 [JIT compiled code]
                              at perf.TaskThreads$RunTask#call():81 [JIT compiled code]
                              at perf.TaskThreads$RunTask#call():64 [JIT compiled code]
                              at java.util.concurrent.FutureTask#run():328 [JIT compiled code]
                              at java.util.concurrent.ThreadPoolExecutor#runWorker():1090 [Interpreted code]
                              at java.util.concurrent.ThreadPoolExecutor$Worker#run():614 [Interpreted code]
                              at java.lang.Thread#runWith():1487 [Interpreted code]
1.82%         1826          org.apache.lucene.facet.taxonomy.FastTaxonomyFacetCounts#countAll():125 [JIT compiled code]
                              at org.apache.lucene.facet.taxonomy.FastTaxonomyFacetCounts#<init>():69 [Interpreted code]
                              at perf.SearchTask#go():282 [JIT compiled code]
                              at perf.UnparsedTask#go():57 [JIT compiled code]
                              at perf.TaskThreads$RunTask#call():81 [JIT compiled code]
                              at perf.TaskThreads$RunTask#call():64 [JIT compiled code]
                              at java.util.concurrent.FutureTask#run():328 [JIT compiled code]
                              at java.util.concurrent.ThreadPoolExecutor#runWorker():1090 [Interpreted code]
                              at java.util.concurrent.ThreadPoolExecutor$Worker#run():614 [Interpreted code]
                              at java.lang.Thread#runWith():1487 [Interpreted code]
                              at java.lang.Thread#run():1474 [Interpreted code]
0.92%         923           org.apache.lucene.codecs.lucene90.Lucene90DocValuesProducer$20#ordValue():1501 [Inlined code]
                              at org.apache.lucene.facet.sortedset.SortedSetDocValuesFacetCounts#countOneSegmentNHLD():130 [JIT compiled code]
                              at org.apache.lucene.facet.sortedset.SortedSetDocValuesFacetCounts#countAll():322 [Interpreted code]
                              at org.apache.lucene.facet.sortedset.SortedSetDocValuesFacetCounts#<init>():73 [Inlined code]
                              at org.apache.lucene.facet.sortedset.SortedSetDocValuesFacetCounts#<init>():63 [Inlined code]
                              at perf.SearchTask#go():290 [JIT compiled code]
                              at perf.UnparsedTask#go():57 [JIT compiled code]
                              at perf.TaskThreads$RunTask#call():81 [JIT compiled code]
                              at perf.TaskThreads$RunTask#call():64 [JIT compiled code]
                              at java.util.concurrent.FutureTask#run():328 [JIT compiled code]
                              at java.util.concurrent.ThreadPoolExecutor#runWorker():1090 [Interpreted code]
                              at java.util.concurrent.ThreadPoolExecutor$Worker#run():614 [Interpreted code]
0.79%         792           org.apache.lucene.facet.sortedset.SortedSetDocValuesFacetCounts#countOneSegmentNHLD():129 [JIT compiled code]
                              at org.apache.lucene.facet.sortedset.SortedSetDocValuesFacetCounts#countAll():322 [Interpreted code]
                              at org.apache.lucene.facet.sortedset.SortedSetDocValuesFacetCounts#<init>():73 [Interpreted code]
                              at org.apache.lucene.facet.sortedset.SortedSetDocValuesFacetCounts#<init>():63 [Interpreted code]
                              at perf.SearchTask#go():290 [Interpreted code]
                              at perf.UnparsedTask#go():57 [Interpreted code]
                              at perf.TaskThreads$RunTask#call():81 [Interpreted code]
                              at perf.TaskThreads$RunTask#call():64 [Interpreted code]
                              at java.util.concurrent.FutureTask#run():328 [JIT compiled code]
                              at java.util.concurrent.ThreadPoolExecutor#runWorker():1090 [Interpreted code]
                              at java.util.concurrent.ThreadPoolExecutor$Worker#run():614 [Interpreted code]
                              at java.lang.Thread#runWith():1487 [Interpreted code]
0.73%         738           org.apache.lucene.util.packed.DirectReader$DirectPackedReader12#get():282 [JIT compiled code]
                              at org.apache.lucene.codecs.lucene90.Lucene90DocValuesProducer$25#nextOrd():2324 [Inlined code]
                              at org.apache.lucene.facet.sortedset.SortedSetDocValuesFacetCounts#countOneSegmentNHLD():137 [JIT compiled code]
                              at org.apache.lucene.facet.sortedset.SortedSetDocValuesFacetCounts#countAll():322 [Interpreted code]
                              at org.apache.lucene.facet.sortedset.SortedSetDocValuesFacetCounts#<init>():73 [Inlined code]
                              at org.apache.lucene.facet.sortedset.SortedSetDocValuesFacetCounts#<init>():63 [Inlined code]
                              at perf.SearchTask#go():290 [JIT compiled code]
                              at perf.UnparsedTask#go():57 [JIT compiled code]
                              at perf.TaskThreads$RunTask#call():81 [JIT compiled code]
                              at perf.TaskThreads$RunTask#call():64 [JIT compiled code]
                              at java.util.concurrent.FutureTask#run():328 [JIT compiled code]
                              at java.util.concurrent.ThreadPoolExecutor#runWorker():1090 [Interpreted code]
0.67%         670           jdk.incubator.vector.Int256Vector$Int256Mask#trueCount():736 [Inlined code]
                              at org.apache.lucene.internal.vectorization.PanamaVectorUtilSupport#findNextGEQ():1190 [Inlined code]
                              at org.apache.lucene.util.VectorUtil#findNextGEQ():556 [Inlined code]
                              at org.apache.lucene.codecs.lucene104.Lucene104PostingsReader$BlockPostingsEnum#advance():936 [Inlined code]
                              at org.apache.lucene.search.WANDScorer#advanceTail():419 [Inlined code]
                              at org.apache.lucene.search.WANDScorer#advanceTail():433 [Inlined code]
                              at org.apache.lucene.search.WANDScorer$2#matches():349 [JIT compiled code]
                              at org.apache.lucene.search.Weight$DefaultBulkScorer#scoreTwoPhaseIterator():311 [JIT compiled code]
                              at org.apache.lucene.search.Weight$DefaultBulkScorer#score():282 [JIT compiled code]
                              at org.apache.lucene.search.IndexSearcher#searchLeaf():852 [Inlined code]
                              at org.apache.lucene.search.IndexSearcher#search():814 [Inlined code]
                              at org.apache.lucene.search.IndexSearcher#lambda$search$0():784 [Inlined code]
0.64%         639           org.apache.lucene.codecs.lucene90.Lucene90DocValuesProducer$25#nextOrd():2324 [Inlined code]
                              at org.apache.lucene.facet.sortedset.SortedSetDocValuesFacetCounts#countOneSegmentNHLD():137 [JIT compiled code]
                              at org.apache.lucene.facet.sortedset.SortedSetDocValuesFacetCounts#countAll():322 [Interpreted code]
                              at org.apache.lucene.facet.sortedset.SortedSetDocValuesFacetCounts#<init>():73 [Inlined code]
                              at org.apache.lucene.facet.sortedset.SortedSetDocValuesFacetCounts#<init>():63 [Inlined code]
                              at perf.SearchTask#go():290 [JIT compiled code]
                              at perf.UnparsedTask#go():57 [JIT compiled code]
                              at perf.TaskThreads$RunTask#call():81 [JIT compiled code]
                              at perf.TaskThreads$RunTask#call():64 [JIT compiled code]
                              at java.util.concurrent.FutureTask#run():328 [JIT compiled code]
                              at java.util.concurrent.ThreadPoolExecutor#runWorker():1090 [Interpreted code]
                              at java.util.concurrent.ThreadPoolExecutor$Worker#run():614 [Interpreted code]
0.59%         593           org.apache.lucene.util.packed.DirectReader$DirectPackedReader12#get():282 [Inlined code]
                              at org.apache.lucene.codecs.lucene90.Lucene90DocValuesProducer$25#nextOrd():2324 [Inlined code]
                              at org.apache.lucene.facet.sortedset.SortedSetDocValuesFacetCounts#countOneSegmentNHLD():137 [JIT compiled code]
                              at org.apache.lucene.facet.sortedset.SortedSetDocValuesFacetCounts#countAll():322 [Interpreted code]
                              at org.apache.lucene.facet.sortedset.SortedSetDocValuesFacetCounts#<init>():73 [Inlined code]
                              at org.apache.lucene.facet.sortedset.SortedSetDocValuesFacetCounts#<init>():63 [Inlined code]
                              at perf.SearchTask#go():290 [JIT compiled code]
                              at perf.UnparsedTask#go():57 [JIT compiled code]
                              at perf.TaskThreads$RunTask#call():81 [JIT compiled code]
                              at perf.TaskThreads$RunTask#call():64 [JIT compiled code]
                              at java.util.concurrent.FutureTask#run():328 [JIT compiled code]
                              at java.util.concurrent.ThreadPoolExecutor#runWorker():1090 [Interpreted code]
0.59%         593           jdk.internal.foreign.MemorySessionImpl#checkValidStateRaw():200 [Inlined code]
                              at jdk.internal.misc.ScopedMemoryAccess#getByteInternal():1098 [Inlined code]
                              at jdk.internal.misc.ScopedMemoryAccess#getByte():1088 [Inlined code]
                              at java.lang.invoke.VarHandleSegmentAsBytes#get():56 [Inlined code]
                              at java.lang.invoke.VarHandleSegmentAsBytes#get():49 [Inlined code]
                              at java.lang.invoke.VarHandleGuards#guard_LJ_I():251 [Inlined code]
                              at jdk.internal.foreign.AbstractMemorySegmentImpl#get():694 [Inlined code]
                              at org.apache.lucene.store.MemorySegmentIndexInput$SingleSegmentImpl#readByte():761 [Inlined code]
                              at org.apache.lucene.util.packed.DirectReader$DirectPackedReader4#get():242 [Inlined code]
                              at org.apache.lucene.codecs.lucene90.Lucene90DocValuesProducer$20#ordValue():1501 [Inlined code]
                              at org.apache.lucene.facet.sortedset.SortedSetDocValuesFacetCounts#countOneSegmentNHLD():130 [JIT compiled code]
                              at org.apache.lucene.facet.sortedset.SortedSetDocValuesFacetCounts#countAll():322 [Interpreted code]
0.58%         586           org.apache.lucene.codecs.lucene90.Lucene90DocValuesProducer$4#longValue():994 [Inlined code]
                              at org.apache.lucene.facet.taxonomy.FastTaxonomyFacetCounts#countAll():138 [JIT compiled code]
                              at org.apache.lucene.facet.taxonomy.FastTaxonomyFacetCounts#<init>():69 [Interpreted code]
                              at perf.SearchTask#go():282 [JIT compiled code]
                              at perf.UnparsedTask#go():57 [JIT compiled code]
                              at perf.TaskThreads$RunTask#call():81 [JIT compiled code]
                              at perf.TaskThreads$RunTask#call():64 [JIT compiled code]
                              at java.util.concurrent.FutureTask#run():328 [JIT compiled code]
                              at java.util.concurrent.ThreadPoolExecutor#runWorker():1090 [Interpreted code]
                              at java.util.concurrent.ThreadPoolExecutor$Worker#run():614 [Interpreted code]
                              at java.lang.Thread#runWith():1487 [Interpreted code]
                              at java.lang.Thread#run():1474 [Interpreted code]
0.57%         569           jdk.incubator.vector.Int256Vector$Int256Mask#trueCount():736 [Inlined code]
                              at org.apache.lucene.internal.vectorization.PanamaVectorUtilSupport#findNextGEQ():1190 [Inlined code]
                              at org.apache.lucene.util.VectorUtil#findNextGEQ():556 [Inlined code]
                              at org.apache.lucene.codecs.lucene104.Lucene104PostingsReader$BlockPostingsEnum#advance():936 [Inlined code]
                              at org.apache.lucene.search.WANDScorer#advanceTail():419 [Inlined code]
                              at org.apache.lucene.search.WANDScorer#advanceTail():433 [Inlined code]
                              at org.apache.lucene.search.WANDScorer$2#matches():349 [JIT compiled code]
                              at org.apache.lucene.search.Weight$DefaultBulkScorer#scoreTwoPhaseIterator():311 [JIT compiled code]
                              at org.apache.lucene.search.Weight$DefaultBulkScorer#score():282 [JIT compiled code]
                              at org.apache.lucene.search.IndexSearcher#searchLeaf():852 [JIT compiled code]
                              at org.apache.lucene.search.IndexSearcher#search():814 [JIT compiled code]
                              at org.apache.lucene.search.IndexSearcher#lambda$search$0():784 [Inlined code]
0.50%         506           org.apache.lucene.facet.sortedset.SortedSetDocValuesFacetCounts#countOneSegmentNHLD():136 [JIT compiled code]
                              at org.apache.lucene.facet.sortedset.SortedSetDocValuesFacetCounts#countAll():322 [Interpreted code]
                              at org.apache.lucene.facet.sortedset.SortedSetDocValuesFacetCounts#<init>():73 [Inlined code]
                              at org.apache.lucene.facet.sortedset.SortedSetDocValuesFacetCounts#<init>():63 [Inlined code]
                              at perf.SearchTask#go():290 [JIT compiled code]
                              at perf.UnparsedTask#go():57 [JIT compiled code]
                              at perf.TaskThreads$RunTask#call():81 [JIT compiled code]
                              at perf.TaskThreads$RunTask#call():64 [JIT compiled code]
                              at java.util.concurrent.FutureTask#run():328 [JIT compiled code]
                              at java.util.concurrent.ThreadPoolExecutor#runWorker():1090 [Interpreted code]
                              at java.util.concurrent.ThreadPoolExecutor$Worker#run():614 [Interpreted code]
                              at java.lang.Thread#runWith():1487 [Interpreted code]
0.49%         495           jdk.internal.foreign.MemorySessionImpl#checkValidStateRaw():200 [Inlined code]
                              at jdk.internal.misc.ScopedMemoryAccess#getShortUnalignedInternal():1789 [Inlined code]
                              at jdk.internal.misc.ScopedMemoryAccess#getShortUnaligned():1779 [Inlined code]
                              at java.lang.invoke.VarHandleSegmentAsShorts#get():60 [Inlined code]
                              at java.lang.invoke.VarHandleSegmentAsShorts#get():53 [Inlined code]
                              at java.lang.invoke.VarHandleGuards#guard_LJ_I():251 [Inlined code]
                              at jdk.internal.foreign.AbstractMemorySegmentImpl#get():730 [Inlined code]
                              at org.apache.lucene.store.MemorySegmentIndexInput$SingleSegmentImpl#readShort():783 [Inlined code]
                              at org.apache.lucene.util.packed.DirectReader$DirectPackedReader12#get():282 [Inlined code]
                              at org.apache.lucene.codecs.lucene90.Lucene90DocValuesProducer$25#nextOrd():2324 [Inlined code]
                              at org.apache.lucene.facet.sortedset.SortedSetDocValuesFacetCounts#countOneSegmentNHLD():137 [JIT compiled code]
                              at org.apache.lucene.facet.sortedset.SortedSetDocValuesFacetCounts#countAll():322 [Interpreted code]
0.49%         490           org.apache.lucene.util.packed.DirectReader$DirectPackedReader20#get():322 [JIT compiled code]
                              at org.apache.lucene.codecs.lucene90.Lucene90DocValuesProducer$4#longValue():994 [Inlined code]
                              at org.apache.lucene.facet.taxonomy.FastTaxonomyFacetCounts#countAll():138 [JIT compiled code]
                              at org.apache.lucene.facet.taxonomy.FastTaxonomyFacetCounts#<init>():69 [Interpreted code]
                              at perf.SearchTask#go():282 [JIT compiled code]
                              at perf.UnparsedTask#go():57 [JIT compiled code]
                              at perf.TaskThreads$RunTask#call():81 [JIT compiled code]
                              at perf.TaskThreads$RunTask#call():64 [JIT compiled code]
                              at java.util.concurrent.FutureTask#run():328 [JIT compiled code]
                              at java.util.concurrent.ThreadPoolExecutor#runWorker():1090 [Interpreted code]
                              at java.util.concurrent.ThreadPoolExecutor$Worker#run():614 [Interpreted code]
                              at java.lang.Thread#runWith():1487 [Interpreted code]
0.48%         483           org.apache.lucene.codecs.lucene90.Lucene90DocValuesProducer$25#advance():2358 [Inlined code]
                              at org.apache.lucene.codecs.lucene90.Lucene90DocValuesProducer$25#nextDoc():2348 [Inlined code]
                              at org.apache.lucene.facet.sortedset.SortedSetDocValuesFacetCounts#countOneSegmentNHLD():135 [JIT compiled code]
                              at org.apache.lucene.facet.sortedset.SortedSetDocValuesFacetCounts#countAll():322 [Interpreted code]
                              at org.apache.lucene.facet.sortedset.SortedSetDocValuesFacetCounts#<init>():73 [Inlined code]
                              at org.apache.lucene.facet.sortedset.SortedSetDocValuesFacetCounts#<init>():63 [Inlined code]
                              at perf.SearchTask#go():290 [JIT compiled code]
                              at perf.UnparsedTask#go():57 [JIT compiled code]
                              at perf.TaskThreads$RunTask#call():81 [JIT compiled code]
                              at perf.TaskThreads$RunTask#call():64 [JIT compiled code]
                              at java.util.concurrent.FutureTask#run():328 [JIT compiled code]
                              at java.util.concurrent.ThreadPoolExecutor#runWorker():1090 [Interpreted code]
0.46%         461           jdk.internal.foreign.MemorySessionImpl#checkValidStateRaw():200 [Inlined code]
                              at jdk.internal.misc.ScopedMemoryAccess#getIntUnalignedInternal():3169 [Inlined code]
                              at jdk.internal.misc.ScopedMemoryAccess#getIntUnaligned():3159 [Inlined code]
                              at java.lang.invoke.VarHandleSegmentAsInts#get():60 [Inlined code]
                              at java.lang.invoke.VarHandleSegmentAsInts#get():53 [Inlined code]
                              at java.lang.invoke.VarHandleGuards#guard_LJ_I():251 [Inlined code]
                              at jdk.internal.foreign.AbstractMemorySegmentImpl#get():742 [Inlined code]
                              at org.apache.lucene.store.MemorySegmentIndexInput$SingleSegmentImpl#readInt():794 [Inlined code]
                              at org.apache.lucene.util.packed.DirectReader$DirectPackedReader20#get():322 [Inlined code]
                              at org.apache.lucene.codecs.lucene90.Lucene90DocValuesProducer$20#ordValue():1501 [Inlined code]
                              at org.apache.lucene.facet.sortedset.SortedSetDocValuesFacetCounts#countOneSegmentNHLD():130 [JIT compiled code]
                              at org.apache.lucene.facet.sortedset.SortedSetDocValuesFacetCounts#countAll():322 [Interpreted code]
0.44%         446           java.io.FileOutputStream#writeBytes() [Native code]
                              at java.io.FileOutputStream#traceWriteBytes():311 [Inlined code]
                              at java.io.FileOutputStream#write():349 [Inlined code]
                              at java.io.PrintStream#write():539 [Inlined code]
                              at sun.nio.cs.StreamEncoder#writeBytes():220 [Inlined code]
                              at sun.nio.cs.StreamEncoder#implFlushBuffer():315 [Inlined code]
                              at sun.nio.cs.StreamEncoder#flushBuffer():101 [Inlined code]
                              at java.io.OutputStreamWriter#flushBuffer():179 [Inlined code]
                              at java.io.PrintStream#writeln():690 [Inlined code]
                              at java.io.PrintStream#println():1004 [JIT compiled code]
                              at perf.SearchTask#printResults():776 [JIT compiled code]
                              at perf.UnparsedTask#printResults():85 [JIT compiled code]
0.44%         445           org.apache.lucene.codecs.lucene90.Lucene90DocValuesProducer$25#advance():2356 [Inlined code]
                              at org.apache.lucene.codecs.lucene90.Lucene90DocValuesProducer$25#nextDoc():2348 [Inlined code]
                              at org.apache.lucene.facet.sortedset.SortedSetDocValuesFacetCounts#countOneSegmentNHLD():135 [JIT compiled code]
                              at org.apache.lucene.facet.sortedset.SortedSetDocValuesFacetCounts#countAll():322 [Interpreted code]
                              at org.apache.lucene.facet.sortedset.SortedSetDocValuesFacetCounts#<init>():73 [Inlined code]
                              at org.apache.lucene.facet.sortedset.SortedSetDocValuesFacetCounts#<init>():63 [Inlined code]
                              at perf.SearchTask#go():290 [JIT compiled code]
                              at perf.UnparsedTask#go():57 [JIT compiled code]
                              at perf.TaskThreads$RunTask#call():81 [JIT compiled code]
                              at perf.TaskThreads$RunTask#call():64 [JIT compiled code]
                              at java.util.concurrent.FutureTask#run():328 [JIT compiled code]
                              at java.util.concurrent.ThreadPoolExecutor#runWorker():1090 [Interpreted code]
0.40%         400           jdk.internal.foreign.MemorySessionImpl#checkValidStateRaw():200 [Inlined code]
                              at jdk.internal.misc.ScopedMemoryAccess#getIntUnalignedInternal():3169 [Inlined code]
                              at jdk.internal.misc.ScopedMemoryAccess#getIntUnaligned():3159 [Inlined code]
                              at java.lang.invoke.VarHandleSegmentAsInts#get():60 [Inlined code]
                              at java.lang.invoke.VarHandleSegmentAsInts#get():53 [Inlined code]
                              at java.lang.invoke.VarHandleGuards#guard_LJ_I():251 [Inlined code]
                              at jdk.internal.foreign.AbstractMemorySegmentImpl#get():742 [Inlined code]
                              at org.apache.lucene.store.MemorySegmentIndexInput$SingleSegmentImpl#readInt():794 [Inlined code]
                              at org.apache.lucene.util.packed.DirectReader$DirectPackedReader20#get():322 [Inlined code]
                              at org.apache.lucene.codecs.lucene90.Lucene90DocValuesProducer$4#longValue():994 [Inlined code]
                              at org.apache.lucene.facet.taxonomy.FastTaxonomyFacetCounts#countAll():138 [JIT compiled code]
                              at org.apache.lucene.facet.taxonomy.FastTaxonomyFacetCounts#<init>():69 [Interpreted code]
0.39%         393           jdk.internal.foreign.MemorySessionImpl#checkValidStateRaw():200 [Inlined code]
                              at jdk.internal.misc.ScopedMemoryAccess#getShortUnalignedInternal():1789 [Inlined code]
                              at jdk.internal.misc.ScopedMemoryAccess#getShortUnaligned():1779 [Inlined code]
                              at java.lang.invoke.VarHandleSegmentAsShorts#get():60 [Inlined code]
                              at java.lang.invoke.VarHandleSegmentAsShorts#get():53 [Inlined code]
                              at java.lang.invoke.VarHandleGuards#guard_LJ_I():251 [Inlined code]
                              at jdk.internal.foreign.AbstractMemorySegmentImpl#get():730 [Inlined code]
                              at org.apache.lucene.store.MemorySegmentIndexInput$SingleSegmentImpl#readShort():783 [Inlined code]
                              at org.apache.lucene.util.packed.DirectReader$DirectPackedReader12#get():282 [JIT compiled code]
                              at org.apache.lucene.codecs.lucene90.Lucene90DocValuesProducer$25#nextOrd():2324 [Inlined code]
                              at org.apache.lucene.facet.sortedset.SortedSetDocValuesFacetCounts#countOneSegmentNHLD():137 [JIT compiled code]
                              at org.apache.lucene.facet.sortedset.SortedSetDocValuesFacetCounts#countAll():322 [Interpreted code]
0.37%         372           org.apache.lucene.codecs.lucene90.Lucene90DocValuesProducer$20#ordValue():1501 [Inlined code]
                              at org.apache.lucene.facet.sortedset.SortedSetDocValuesFacetCounts#countOneSegmentNHLD():130 [JIT compiled code]
                              at org.apache.lucene.facet.sortedset.SortedSetDocValuesFacetCounts#countAll():322 [Interpreted code]
                              at org.apache.lucene.facet.sortedset.SortedSetDocValuesFacetCounts#<init>():73 [Interpreted code]
                              at org.apache.lucene.facet.sortedset.SortedSetDocValuesFacetCounts#<init>():63 [Interpreted code]
                              at perf.SearchTask#go():290 [Interpreted code]
                              at perf.UnparsedTask#go():57 [Interpreted code]
                              at perf.TaskThreads$RunTask#call():81 [Interpreted code]
                              at perf.TaskThreads$RunTask#call():64 [Interpreted code]
                              at java.util.concurrent.FutureTask#run():328 [JIT compiled code]
                              at java.util.concurrent.ThreadPoolExecutor#runWorker():1090 [Interpreted code]
                              at java.util.concurrent.ThreadPoolExecutor$Worker#run():614 [Interpreted code]
0.37%         367           org.apache.lucene.facet.taxonomy.FastTaxonomyFacetCounts#countAll():125 [JIT compiled code]
                              at org.apache.lucene.facet.taxonomy.FastTaxonomyFacetCounts#<init>():69 [Interpreted code]
                              at perf.SearchTask#go():282 [Interpreted code]
                              at perf.UnparsedTask#go():57 [Interpreted code]
                              at perf.TaskThreads$RunTask#call():81 [Interpreted code]
                              at perf.TaskThreads$RunTask#call():64 [Interpreted code]
                              at java.util.concurrent.FutureTask#run():328 [JIT compiled code]
                              at java.util.concurrent.ThreadPoolExecutor#runWorker():1090 [Interpreted code]
                              at java.util.concurrent.ThreadPoolExecutor$Worker#run():614 [Interpreted code]
                              at java.lang.Thread#runWith():1487 [Interpreted code]
                              at java.lang.Thread#run():1474 [Interpreted code]
0.36%         363           org.apache.lucene.codecs.lucene90.Lucene90DocValuesProducer$25#advance():2357 [Inlined code]
                              at org.apache.lucene.codecs.lucene90.Lucene90DocValuesProducer$25#nextDoc():2348 [Inlined code]
                              at org.apache.lucene.facet.sortedset.SortedSetDocValuesFacetCounts#countOneSegmentNHLD():135 [JIT compiled code]
                              at org.apache.lucene.facet.sortedset.SortedSetDocValuesFacetCounts#countAll():322 [Interpreted code]
                              at org.apache.lucene.facet.sortedset.SortedSetDocValuesFacetCounts#<init>():73 [Inlined code]
                              at org.apache.lucene.facet.sortedset.SortedSetDocValuesFacetCounts#<init>():63 [Inlined code]
                              at perf.SearchTask#go():290 [JIT compiled code]
                              at perf.UnparsedTask#go():57 [JIT compiled code]
                              at perf.TaskThreads$RunTask#call():81 [JIT compiled code]
                              at perf.TaskThreads$RunTask#call():64 [JIT compiled code]
                              at java.util.concurrent.FutureTask#run():328 [JIT compiled code]
                              at java.util.concurrent.ThreadPoolExecutor#runWorker():1090 [Interpreted code]
0.35%         356           org.apache.lucene.util.packed.DirectReader$DirectPackedReader20#get():322 [Inlined code]
                              at org.apache.lucene.codecs.lucene90.Lucene90DocValuesProducer$4#longValue():994 [Inlined code]
                              at org.apache.lucene.facet.taxonomy.FastTaxonomyFacetCounts#countAll():138 [JIT compiled code]
                              at org.apache.lucene.facet.taxonomy.FastTaxonomyFacetCounts#<init>():69 [Interpreted code]
                              at perf.SearchTask#go():282 [JIT compiled code]
                              at perf.UnparsedTask#go():57 [JIT compiled code]
                              at perf.TaskThreads$RunTask#call():81 [JIT compiled code]
                              at perf.TaskThreads$RunTask#call():64 [JIT compiled code]
                              at java.util.concurrent.FutureTask#run():328 [JIT compiled code]
                              at java.util.concurrent.ThreadPoolExecutor#runWorker():1090 [Interpreted code]
                              at java.util.concurrent.ThreadPoolExecutor$Worker#run():614 [Interpreted code]
                              at java.lang.Thread#runWith():1487 [Interpreted code]
0.35%         354           org.apache.lucene.util.packed.DirectReader$DirectPackedReader12#get():280 [JIT compiled code]
                              at org.apache.lucene.codecs.lucene90.Lucene90DocValuesProducer$25#nextOrd():2324 [Inlined code]
                              at org.apache.lucene.facet.sortedset.SortedSetDocValuesFacetCounts#countOneSegmentNHLD():137 [JIT compiled code]
                              at org.apache.lucene.facet.sortedset.SortedSetDocValuesFacetCounts#countAll():322 [Interpreted code]
                              at org.apache.lucene.facet.sortedset.SortedSetDocValuesFacetCounts#<init>():73 [Inlined code]
                              at org.apache.lucene.facet.sortedset.SortedSetDocValuesFacetCounts#<init>():63 [Inlined code]
                              at perf.SearchTask#go():290 [JIT compiled code]
                              at perf.UnparsedTask#go():57 [JIT compiled code]
                              at perf.TaskThreads$RunTask#call():81 [JIT compiled code]
                              at perf.TaskThreads$RunTask#call():64 [JIT compiled code]
                              at java.util.concurrent.FutureTask#run():328 [JIT compiled code]
                              at java.util.concurrent.ThreadPoolExecutor#runWorker():1090 [Interpreted code]
0.35%         347           org.apache.lucene.util.packed.DirectMonotonicReader#get():138 [Inlined code]
                              at org.apache.lucene.codecs.lucene90.Lucene90DocValuesProducer$25#advance():2356 [Inlined code]
                              at org.apache.lucene.codecs.lucene90.Lucene90DocValuesProducer$25#nextDoc():2348 [Inlined code]
                              at org.apache.lucene.facet.sortedset.SortedSetDocValuesFacetCounts#countOneSegmentNHLD():135 [JIT compiled code]
                              at org.apache.lucene.facet.sortedset.SortedSetDocValuesFacetCounts#countAll():322 [Interpreted code]
                              at org.apache.lucene.facet.sortedset.SortedSetDocValuesFacetCounts#<init>():73 [Inlined code]
                              at org.apache.lucene.facet.sortedset.SortedSetDocValuesFacetCounts#<init>():63 [Inlined code]
                              at perf.SearchTask#go():290 [JIT compiled code]
                              at perf.UnparsedTask#go():57 [JIT compiled code]
                              at perf.TaskThreads$RunTask#call():81 [JIT compiled code]
                              at perf.TaskThreads$RunTask#call():64 [JIT compiled code]
                              at java.util.concurrent.FutureTask#run():328 [JIT compiled code]
0.33%         332           org.apache.lucene.util.packed.DirectReader$DirectPackedReader12#get():282 [JIT compiled code]
                              at org.apache.lucene.codecs.lucene90.Lucene90DocValuesProducer$20#ordValue():1501 [Inlined code]
                              at org.apache.lucene.facet.sortedset.SortedSetDocValuesFacetCounts#countOneSegmentNHLD():130 [JIT compiled code]
                              at org.apache.lucene.facet.sortedset.SortedSetDocValuesFacetCounts#countAll():322 [Interpreted code]
                              at org.apache.lucene.facet.sortedset.SortedSetDocValuesFacetCounts#<init>():73 [Inlined code]
                              at org.apache.lucene.facet.sortedset.SortedSetDocValuesFacetCounts#<init>():63 [Inlined code]
                              at perf.SearchTask#go():290 [JIT compiled code]
                              at perf.UnparsedTask#go():57 [JIT compiled code]
                              at perf.TaskThreads$RunTask#call():81 [JIT compiled code]
                              at perf.TaskThreads$RunTask#call():64 [JIT compiled code]
                              at java.util.concurrent.FutureTask#run():328 [JIT compiled code]
                              at java.util.concurrent.ThreadPoolExecutor#runWorker():1090 [Interpreted code]
0.32%         321           org.apache.lucene.facet.taxonomy.FastTaxonomyFacetCounts#countAll():125 [JIT compiled code]
                              at org.apache.lucene.facet.taxonomy.FastTaxonomyFacetCounts#<init>():69 [Interpreted code]
                              at perf.SearchTask#go():282 [Interpreted code]
                              at perf.UnparsedTask#go():57 [JIT compiled code]
                              at perf.TaskThreads$RunTask#call():81 [JIT compiled code]
                              at perf.TaskThreads$RunTask#call():64 [JIT compiled code]
                              at java.util.concurrent.FutureTask#run():328 [JIT compiled code]
                              at java.util.concurrent.ThreadPoolExecutor#runWorker():1090 [Interpreted code]
                              at java.util.concurrent.ThreadPoolExecutor$Worker#run():614 [Interpreted code]
                              at java.lang.Thread#runWith():1487 [Interpreted code]
                              at java.lang.Thread#run():1474 [Interpreted code]
0.32%         318           org.apache.lucene.facet.sortedset.SortedSetDocValuesFacetCounts#countOneSegmentNHLD():129 [JIT compiled code]
                              at org.apache.lucene.facet.sortedset.SortedSetDocValuesFacetCounts#countAll():322 [Interpreted code]
                              at org.apache.lucene.facet.sortedset.SortedSetDocValuesFacetCounts#<init>():73 [Interpreted code]
                              at org.apache.lucene.facet.sortedset.SortedSetDocValuesFacetCounts#<init>():63 [Interpreted code]
                              at perf.SearchTask#go():290 [Interpreted code]
                              at perf.UnparsedTask#go():57 [JIT compiled code]
                              at perf.TaskThreads$RunTask#call():81 [JIT compiled code]
                              at perf.TaskThreads$RunTask#call():64 [JIT compiled code]
                              at java.util.concurrent.FutureTask#run():328 [JIT compiled code]
                              at java.util.concurrent.ThreadPoolExecutor#runWorker():1090 [Interpreted code]
                              at java.util.concurrent.ThreadPoolExecutor$Worker#run():614 [Interpreted code]
                              at java.lang.Thread#runWith():1487 [Interpreted code]
0.31%         310           org.apache.lucene.util.packed.DirectReader$DirectPackedReader12#get():282 [JIT compiled code]
                              at org.apache.lucene.codecs.lucene90.Lucene90DocValuesProducer$25#nextOrd():2324 [Inlined code]
                              at org.apache.lucene.facet.sortedset.SortedSetDocValuesFacetCounts#countOneSegmentNHLD():137 [JIT compiled code]
                              at org.apache.lucene.facet.sortedset.SortedSetDocValuesFacetCounts#countAll():322 [Interpreted code]
                              at org.apache.lucene.facet.sortedset.SortedSetDocValuesFacetCounts#<init>():73 [Interpreted code]
                              at org.apache.lucene.facet.sortedset.SortedSetDocValuesFacetCounts#<init>():63 [Interpreted code]
                              at perf.SearchTask#go():290 [Interpreted code]
                              at perf.UnparsedTask#go():57 [Interpreted code]
                              at perf.TaskThreads$RunTask#call():81 [Interpreted code]
                              at perf.TaskThreads$RunTask#call():64 [Interpreted code]
                              at java.util.concurrent.FutureTask#run():328 [JIT compiled code]
                              at java.util.concurrent.ThreadPoolExecutor#runWorker():1090 [Interpreted code]


CPU merged search profile for armA:
JFR aggregation command: /home/goankur/jdk/corretto-25/bin/java -server -Xms2g -Xmx2g --add-modules jdk.incubator.vector -XX:+HeapDumpOnOutOfMemoryError -XX:+UseParallelGC -cp /home/goankur/vsearch/bo/lucene-A/build-tools/build-infra/build/classes/java/main -Dtests.profile.mode=cpu -Dtests.profile.stacksize=12 -Dtests.profile.count=30 -Dtests.profile.linenumbers=true org.apache.lucene.gradle.plugins.java.ProfileResults /home/goankur/vsearch/logs/bench-search-FAKc-armA-10.jfr /home/goankur/vsearch/logs/bench-search-FAKc-armA-11.jfr /home/goankur/vsearch/logs/bench-search-FAKc-armA-12.jfr /home/goankur/vsearch/logs/bench-search-FAKc-armA-13.jfr /home/goankur/vsearch/logs/bench-search-FAKc-armA-14.jfr /home/goankur/vsearch/logs/bench-search-FAKc-armA-15.jfr /home/goankur/vsearch/logs/bench-search-FAKc-armA-16.jfr /home/goankur/vsearch/logs/bench-search-FAKc-armA-17.jfr /home/goankur/vsearch/logs/bench-search-FAKc-armA-18.jfr /home/goankur/vsearch/logs/bench-search-FAKc-armA-19.jfr /home/goankur/vsearch/logs/bench-search-FAKc-armA-2.jfr /home/goankur/vsearch/logs/bench-search-FAKc-armA-3.jfr /home/goankur/vsearch/logs/bench-search-FAKc-armA-4.jfr /home/goankur/vsearch/logs/bench-search-FAKc-armA-5.jfr /home/goankur/vsearch/logs/bench-search-FAKc-armA-6.jfr /home/goankur/vsearch/logs/bench-search-FAKc-armA-7.jfr /home/goankur/vsearch/logs/bench-search-FAKc-armA-8.jfr /home/goankur/vsearch/logs/bench-search-FAKc-armA-9.jfr /home/goankur/vsearch/logs/bench-search-FAKc-armA-0.jfr /home/goankur/vsearch/logs/bench-search-FAKc-armA-1.jfr
Took 1.97 seconds
WARNING: Using incubator modules: jdk.incubator.vector
PROFILE SUMMARY from 101450 events (total: 101450)
  tests.profile.mode=cpu
  tests.profile.count=30
  tests.profile.stacksize=12
  tests.profile.linenumbers=true
PERCENT       CPU SAMPLES   STACK
1.84%         1866          org.apache.lucene.facet.sortedset.SortedSetDocValuesFacetCounts#countOneSegmentNHLD():129 [JIT compiled code]
                              at org.apache.lucene.facet.sortedset.SortedSetDocValuesFacetCounts#countAll():322 [Interpreted code]
                              at org.apache.lucene.facet.sortedset.SortedSetDocValuesFacetCounts#<init>():73 [Inlined code]
                              at org.apache.lucene.facet.sortedset.SortedSetDocValuesFacetCounts#<init>():63 [Inlined code]
                              at perf.SearchTask#go():290 [JIT compiled code]
                              at perf.UnparsedTask#go():57 [JIT compiled code]
                              at perf.TaskThreads$RunTask#call():81 [JIT compiled code]
                              at perf.TaskThreads$RunTask#call():64 [JIT compiled code]
                              at java.util.concurrent.FutureTask#run():328 [JIT compiled code]
                              at java.util.concurrent.ThreadPoolExecutor#runWorker():1090 [Interpreted code]
                              at java.util.concurrent.ThreadPoolExecutor$Worker#run():614 [Interpreted code]
                              at java.lang.Thread#runWith():1487 [Interpreted code]
1.81%         1841          org.apache.lucene.facet.taxonomy.FastTaxonomyFacetCounts#countAll():125 [JIT compiled code]
                              at org.apache.lucene.facet.taxonomy.FastTaxonomyFacetCounts#<init>():69 [Interpreted code]
                              at perf.SearchTask#go():282 [JIT compiled code]
                              at perf.UnparsedTask#go():57 [JIT compiled code]
                              at perf.TaskThreads$RunTask#call():81 [JIT compiled code]
                              at perf.TaskThreads$RunTask#call():64 [JIT compiled code]
                              at java.util.concurrent.FutureTask#run():328 [JIT compiled code]
                              at java.util.concurrent.ThreadPoolExecutor#runWorker():1090 [Interpreted code]
                              at java.util.concurrent.ThreadPoolExecutor$Worker#run():614 [Interpreted code]
                              at java.lang.Thread#runWith():1487 [Interpreted code]
                              at java.lang.Thread#run():1474 [Interpreted code]
0.90%         914           org.apache.lucene.codecs.lucene90.Lucene90DocValuesProducer$20#ordValue():1501 [Inlined code]
                              at org.apache.lucene.facet.sortedset.SortedSetDocValuesFacetCounts#countOneSegmentNHLD():130 [JIT compiled code]
                              at org.apache.lucene.facet.sortedset.SortedSetDocValuesFacetCounts#countAll():322 [Interpreted code]
                              at org.apache.lucene.facet.sortedset.SortedSetDocValuesFacetCounts#<init>():73 [Inlined code]
                              at org.apache.lucene.facet.sortedset.SortedSetDocValuesFacetCounts#<init>():63 [Inlined code]
                              at perf.SearchTask#go():290 [JIT compiled code]
                              at perf.UnparsedTask#go():57 [JIT compiled code]
                              at perf.TaskThreads$RunTask#call():81 [JIT compiled code]
                              at perf.TaskThreads$RunTask#call():64 [JIT compiled code]
                              at java.util.concurrent.FutureTask#run():328 [JIT compiled code]
                              at java.util.concurrent.ThreadPoolExecutor#runWorker():1090 [Interpreted code]
                              at java.util.concurrent.ThreadPoolExecutor$Worker#run():614 [Interpreted code]
0.78%         789           org.apache.lucene.util.packed.DirectReader$DirectPackedReader12#get():282 [Inlined code]
                              at org.apache.lucene.codecs.lucene90.Lucene90DocValuesProducer$25#nextOrd():2324 [Inlined code]
                              at org.apache.lucene.facet.sortedset.SortedSetDocValuesFacetCounts#countOneSegmentNHLD():137 [JIT compiled code]
                              at org.apache.lucene.facet.sortedset.SortedSetDocValuesFacetCounts#countAll():322 [Interpreted code]
                              at org.apache.lucene.facet.sortedset.SortedSetDocValuesFacetCounts#<init>():73 [Inlined code]
                              at org.apache.lucene.facet.sortedset.SortedSetDocValuesFacetCounts#<init>():63 [Inlined code]
                              at perf.SearchTask#go():290 [JIT compiled code]
                              at perf.UnparsedTask#go():57 [JIT compiled code]
                              at perf.TaskThreads$RunTask#call():81 [JIT compiled code]
                              at perf.TaskThreads$RunTask#call():64 [JIT compiled code]
                              at java.util.concurrent.FutureTask#run():328 [JIT compiled code]
                              at java.util.concurrent.ThreadPoolExecutor#runWorker():1090 [Interpreted code]
0.74%         755           org.apache.lucene.facet.sortedset.SortedSetDocValuesFacetCounts#countOneSegmentNHLD():129 [JIT compiled code]
                              at org.apache.lucene.facet.sortedset.SortedSetDocValuesFacetCounts#countAll():322 [Interpreted code]
                              at org.apache.lucene.facet.sortedset.SortedSetDocValuesFacetCounts#<init>():73 [Interpreted code]
                              at org.apache.lucene.facet.sortedset.SortedSetDocValuesFacetCounts#<init>():63 [Interpreted code]
                              at perf.SearchTask#go():290 [Interpreted code]
                              at perf.UnparsedTask#go():57 [Interpreted code]
                              at perf.TaskThreads$RunTask#call():81 [Interpreted code]
                              at perf.TaskThreads$RunTask#call():64 [Interpreted code]
                              at java.util.concurrent.FutureTask#run():328 [JIT compiled code]
                              at java.util.concurrent.ThreadPoolExecutor#runWorker():1090 [Interpreted code]
                              at java.util.concurrent.ThreadPoolExecutor$Worker#run():614 [Interpreted code]
                              at java.lang.Thread#runWith():1487 [Interpreted code]
0.70%         711           jdk.internal.foreign.MemorySessionImpl#checkValidStateRaw():200 [Inlined code]
                              at jdk.internal.misc.ScopedMemoryAccess#getShortUnalignedInternal():1789 [Inlined code]
                              at jdk.internal.misc.ScopedMemoryAccess#getShortUnaligned():1779 [Inlined code]
                              at java.lang.invoke.VarHandleSegmentAsShorts#get():60 [Inlined code]
                              at java.lang.invoke.VarHandleSegmentAsShorts#get():53 [Inlined code]
                              at java.lang.invoke.VarHandleGuards#guard_LJ_I():251 [Inlined code]
                              at jdk.internal.foreign.AbstractMemorySegmentImpl#get():730 [Inlined code]
                              at org.apache.lucene.store.MemorySegmentIndexInput$SingleSegmentImpl#readShort():797 [Inlined code]
                              at org.apache.lucene.util.packed.DirectReader$DirectPackedReader12#get():282 [Inlined code]
                              at org.apache.lucene.codecs.lucene90.Lucene90DocValuesProducer$25#nextOrd():2324 [Inlined code]
                              at org.apache.lucene.facet.sortedset.SortedSetDocValuesFacetCounts#countOneSegmentNHLD():137 [JIT compiled code]
                              at org.apache.lucene.facet.sortedset.SortedSetDocValuesFacetCounts#countAll():322 [Interpreted code]
0.70%         708           jdk.internal.foreign.MemorySessionImpl#checkValidStateRaw():200 [Inlined code]
                              at jdk.internal.misc.ScopedMemoryAccess#getByteInternal():1098 [Inlined code]
                              at jdk.internal.misc.ScopedMemoryAccess#getByte():1088 [Inlined code]
                              at java.lang.invoke.VarHandleSegmentAsBytes#get():56 [Inlined code]
                              at java.lang.invoke.VarHandleSegmentAsBytes#get():49 [Inlined code]
                              at java.lang.invoke.VarHandleGuards#guard_LJ_I():251 [Inlined code]
                              at jdk.internal.foreign.AbstractMemorySegmentImpl#get():694 [Inlined code]
                              at org.apache.lucene.store.MemorySegmentIndexInput$SingleSegmentImpl#readByte():775 [Inlined code]
                              at org.apache.lucene.util.packed.DirectReader$DirectPackedReader4#get():242 [Inlined code]
                              at org.apache.lucene.codecs.lucene90.Lucene90DocValuesProducer$20#ordValue():1501 [Inlined code]
                              at org.apache.lucene.facet.sortedset.SortedSetDocValuesFacetCounts#countOneSegmentNHLD():130 [JIT compiled code]
                              at org.apache.lucene.facet.sortedset.SortedSetDocValuesFacetCounts#countAll():322 [Interpreted code]
0.67%         679           jdk.incubator.vector.Int256Vector$Int256Mask#trueCount():736 [Inlined code]
                              at org.apache.lucene.internal.vectorization.PanamaVectorUtilSupport#findNextGEQ():1190 [Inlined code]
                              at org.apache.lucene.util.VectorUtil#findNextGEQ():556 [Inlined code]
                              at org.apache.lucene.codecs.lucene104.Lucene104PostingsReader$BlockPostingsEnum#advance():936 [Inlined code]
                              at org.apache.lucene.search.WANDScorer#advanceTail():419 [Inlined code]
                              at org.apache.lucene.search.WANDScorer#advanceTail():433 [Inlined code]
                              at org.apache.lucene.search.WANDScorer$2#matches():349 [JIT compiled code]
                              at org.apache.lucene.search.Weight$DefaultBulkScorer#scoreTwoPhaseIterator():311 [JIT compiled code]
                              at org.apache.lucene.search.Weight$DefaultBulkScorer#score():282 [JIT compiled code]
                              at org.apache.lucene.search.IndexSearcher#searchLeaf():852 [Inlined code]
                              at org.apache.lucene.search.IndexSearcher#search():814 [Inlined code]
                              at org.apache.lucene.search.IndexSearcher#lambda$search$0():784 [Inlined code]
0.60%         608           jdk.internal.foreign.MemorySessionImpl#checkValidStateRaw():200 [Inlined code]
                              at jdk.internal.misc.ScopedMemoryAccess#getIntUnalignedInternal():3169 [Inlined code]
                              at jdk.internal.misc.ScopedMemoryAccess#getIntUnaligned():3159 [Inlined code]
                              at java.lang.invoke.VarHandleSegmentAsInts#get():60 [Inlined code]
                              at java.lang.invoke.VarHandleSegmentAsInts#get():53 [Inlined code]
                              at java.lang.invoke.VarHandleGuards#guard_LJ_I():251 [Inlined code]
                              at jdk.internal.foreign.AbstractMemorySegmentImpl#get():742 [Inlined code]
                              at org.apache.lucene.store.MemorySegmentIndexInput$SingleSegmentImpl#readInt():808 [Inlined code]
                              at org.apache.lucene.util.packed.DirectReader$DirectPackedReader20#get():322 [Inlined code]
                              at org.apache.lucene.codecs.lucene90.Lucene90DocValuesProducer$4#longValue():994 [Inlined code]
                              at org.apache.lucene.facet.taxonomy.FastTaxonomyFacetCounts#countAll():138 [JIT compiled code]
                              at org.apache.lucene.facet.taxonomy.FastTaxonomyFacetCounts#<init>():69 [Interpreted code]
0.58%         593           jdk.incubator.vector.Int256Vector$Int256Mask#trueCount():736 [Inlined code]
                              at org.apache.lucene.internal.vectorization.PanamaVectorUtilSupport#findNextGEQ():1190 [Inlined code]
                              at org.apache.lucene.util.VectorUtil#findNextGEQ():556 [Inlined code]
                              at org.apache.lucene.codecs.lucene104.Lucene104PostingsReader$BlockPostingsEnum#advance():936 [Inlined code]
                              at org.apache.lucene.search.WANDScorer#advanceTail():419 [Inlined code]
                              at org.apache.lucene.search.WANDScorer#advanceTail():433 [Inlined code]
                              at org.apache.lucene.search.WANDScorer$2#matches():349 [JIT compiled code]
                              at org.apache.lucene.search.Weight$DefaultBulkScorer#scoreTwoPhaseIterator():311 [JIT compiled code]
                              at org.apache.lucene.search.Weight$DefaultBulkScorer#score():282 [JIT compiled code]
                              at org.apache.lucene.search.IndexSearcher#searchLeaf():852 [JIT compiled code]
                              at org.apache.lucene.search.IndexSearcher#search():814 [JIT compiled code]
                              at org.apache.lucene.search.IndexSearcher#lambda$search$0():784 [Inlined code]
0.56%         571           org.apache.lucene.codecs.lucene90.Lucene90DocValuesProducer$4#longValue():994 [Inlined code]
                              at org.apache.lucene.facet.taxonomy.FastTaxonomyFacetCounts#countAll():138 [JIT compiled code]
                              at org.apache.lucene.facet.taxonomy.FastTaxonomyFacetCounts#<init>():69 [Interpreted code]
                              at perf.SearchTask#go():282 [JIT compiled code]
                              at perf.UnparsedTask#go():57 [JIT compiled code]
                              at perf.TaskThreads$RunTask#call():81 [JIT compiled code]
                              at perf.TaskThreads$RunTask#call():64 [JIT compiled code]
                              at java.util.concurrent.FutureTask#run():328 [JIT compiled code]
                              at java.util.concurrent.ThreadPoolExecutor#runWorker():1090 [Interpreted code]
                              at java.util.concurrent.ThreadPoolExecutor$Worker#run():614 [Interpreted code]
                              at java.lang.Thread#runWith():1487 [Interpreted code]
                              at java.lang.Thread#run():1474 [Interpreted code]
0.54%         552           org.apache.lucene.codecs.lucene90.Lucene90DocValuesProducer$25#nextOrd():2324 [Inlined code]
                              at org.apache.lucene.facet.sortedset.SortedSetDocValuesFacetCounts#countOneSegmentNHLD():137 [JIT compiled code]
                              at org.apache.lucene.facet.sortedset.SortedSetDocValuesFacetCounts#countAll():322 [Interpreted code]
                              at org.apache.lucene.facet.sortedset.SortedSetDocValuesFacetCounts#<init>():73 [Inlined code]
                              at org.apache.lucene.facet.sortedset.SortedSetDocValuesFacetCounts#<init>():63 [Inlined code]
                              at perf.SearchTask#go():290 [JIT compiled code]
                              at perf.UnparsedTask#go():57 [JIT compiled code]
                              at perf.TaskThreads$RunTask#call():81 [JIT compiled code]
                              at perf.TaskThreads$RunTask#call():64 [JIT compiled code]
                              at java.util.concurrent.FutureTask#run():328 [JIT compiled code]
                              at java.util.concurrent.ThreadPoolExecutor#runWorker():1090 [Interpreted code]
                              at java.util.concurrent.ThreadPoolExecutor$Worker#run():614 [Interpreted code]
0.50%         508           org.apache.lucene.codecs.lucene90.Lucene90DocValuesProducer$25#advance():2358 [Inlined code]
                              at org.apache.lucene.codecs.lucene90.Lucene90DocValuesProducer$25#nextDoc():2348 [Inlined code]
                              at org.apache.lucene.facet.sortedset.SortedSetDocValuesFacetCounts#countOneSegmentNHLD():135 [JIT compiled code]
                              at org.apache.lucene.facet.sortedset.SortedSetDocValuesFacetCounts#countAll():322 [Interpreted code]
                              at org.apache.lucene.facet.sortedset.SortedSetDocValuesFacetCounts#<init>():73 [Inlined code]
                              at org.apache.lucene.facet.sortedset.SortedSetDocValuesFacetCounts#<init>():63 [Inlined code]
                              at perf.SearchTask#go():290 [JIT compiled code]
                              at perf.UnparsedTask#go():57 [JIT compiled code]
                              at perf.TaskThreads$RunTask#call():81 [JIT compiled code]
                              at perf.TaskThreads$RunTask#call():64 [JIT compiled code]
                              at java.util.concurrent.FutureTask#run():328 [JIT compiled code]
                              at java.util.concurrent.ThreadPoolExecutor#runWorker():1090 [Interpreted code]
0.48%         488           org.apache.lucene.facet.sortedset.SortedSetDocValuesFacetCounts#countOneSegmentNHLD():136 [JIT compiled code]
                              at org.apache.lucene.facet.sortedset.SortedSetDocValuesFacetCounts#countAll():322 [Interpreted code]
                              at org.apache.lucene.facet.sortedset.SortedSetDocValuesFacetCounts#<init>():73 [Inlined code]
                              at org.apache.lucene.facet.sortedset.SortedSetDocValuesFacetCounts#<init>():63 [Inlined code]
                              at perf.SearchTask#go():290 [JIT compiled code]
                              at perf.UnparsedTask#go():57 [JIT compiled code]
                              at perf.TaskThreads$RunTask#call():81 [JIT compiled code]
                              at perf.TaskThreads$RunTask#call():64 [JIT compiled code]
                              at java.util.concurrent.FutureTask#run():328 [JIT compiled code]
                              at java.util.concurrent.ThreadPoolExecutor#runWorker():1090 [Interpreted code]
                              at java.util.concurrent.ThreadPoolExecutor$Worker#run():614 [Interpreted code]
                              at java.lang.Thread#runWith():1487 [Interpreted code]
0.48%         482           org.apache.lucene.util.packed.DirectReader$DirectPackedReader20#get():322 [Inlined code]
                              at org.apache.lucene.codecs.lucene90.Lucene90DocValuesProducer$4#longValue():994 [Inlined code]
                              at org.apache.lucene.facet.taxonomy.FastTaxonomyFacetCounts#countAll():138 [JIT compiled code]
                              at org.apache.lucene.facet.taxonomy.FastTaxonomyFacetCounts#<init>():69 [Interpreted code]
                              at perf.SearchTask#go():282 [JIT compiled code]
                              at perf.UnparsedTask#go():57 [JIT compiled code]
                              at perf.TaskThreads$RunTask#call():81 [JIT compiled code]
                              at perf.TaskThreads$RunTask#call():64 [JIT compiled code]
                              at java.util.concurrent.FutureTask#run():328 [JIT compiled code]
                              at java.util.concurrent.ThreadPoolExecutor#runWorker():1090 [Interpreted code]
                              at java.util.concurrent.ThreadPoolExecutor$Worker#run():614 [Interpreted code]
                              at java.lang.Thread#runWith():1487 [Interpreted code]
0.48%         482           org.apache.lucene.util.packed.DirectReader$DirectPackedReader12#get():282 [JIT compiled code]
                              at org.apache.lucene.codecs.lucene90.Lucene90DocValuesProducer$25#nextOrd():2324 [Inlined code]
                              at org.apache.lucene.facet.sortedset.SortedSetDocValuesFacetCounts#countOneSegmentNHLD():137 [JIT compiled code]
                              at org.apache.lucene.facet.sortedset.SortedSetDocValuesFacetCounts#countAll():322 [Interpreted code]
                              at org.apache.lucene.facet.sortedset.SortedSetDocValuesFacetCounts#<init>():73 [Inlined code]
                              at org.apache.lucene.facet.sortedset.SortedSetDocValuesFacetCounts#<init>():63 [Inlined code]
                              at perf.SearchTask#go():290 [JIT compiled code]
                              at perf.UnparsedTask#go():57 [JIT compiled code]
                              at perf.TaskThreads$RunTask#call():81 [JIT compiled code]
                              at perf.TaskThreads$RunTask#call():64 [JIT compiled code]
                              at java.util.concurrent.FutureTask#run():328 [JIT compiled code]
                              at java.util.concurrent.ThreadPoolExecutor#runWorker():1090 [Interpreted code]
0.44%         448           java.io.FileOutputStream#writeBytes() [Native code]
                              at java.io.FileOutputStream#traceWriteBytes():311 [Inlined code]
                              at java.io.FileOutputStream#write():349 [Inlined code]
                              at java.io.PrintStream#write():539 [Inlined code]
                              at sun.nio.cs.StreamEncoder#writeBytes():220 [Inlined code]
                              at sun.nio.cs.StreamEncoder#implFlushBuffer():315 [Inlined code]
                              at sun.nio.cs.StreamEncoder#flushBuffer():101 [Inlined code]
                              at java.io.OutputStreamWriter#flushBuffer():179 [Inlined code]
                              at java.io.PrintStream#writeln():690 [Inlined code]
                              at java.io.PrintStream#println():1004 [JIT compiled code]
                              at perf.SearchTask#printResults():776 [JIT compiled code]
                              at perf.UnparsedTask#printResults():85 [JIT compiled code]
0.43%         433           org.apache.lucene.codecs.lucene90.Lucene90DocValuesProducer$25#advance():2356 [Inlined code]
                              at org.apache.lucene.codecs.lucene90.Lucene90DocValuesProducer$25#nextDoc():2348 [Inlined code]
                              at org.apache.lucene.facet.sortedset.SortedSetDocValuesFacetCounts#countOneSegmentNHLD():135 [JIT compiled code]
                              at org.apache.lucene.facet.sortedset.SortedSetDocValuesFacetCounts#countAll():322 [Interpreted code]
                              at org.apache.lucene.facet.sortedset.SortedSetDocValuesFacetCounts#<init>():73 [Inlined code]
                              at org.apache.lucene.facet.sortedset.SortedSetDocValuesFacetCounts#<init>():63 [Inlined code]
                              at perf.SearchTask#go():290 [JIT compiled code]
                              at perf.UnparsedTask#go():57 [JIT compiled code]
                              at perf.TaskThreads$RunTask#call():81 [JIT compiled code]
                              at perf.TaskThreads$RunTask#call():64 [JIT compiled code]
                              at java.util.concurrent.FutureTask#run():328 [JIT compiled code]
                              at java.util.concurrent.ThreadPoolExecutor#runWorker():1090 [Interpreted code]
0.41%         413           org.apache.lucene.facet.taxonomy.FastTaxonomyFacetCounts#countAll():125 [JIT compiled code]
                              at org.apache.lucene.facet.taxonomy.FastTaxonomyFacetCounts#<init>():69 [Interpreted code]
                              at perf.SearchTask#go():282 [Interpreted code]
                              at perf.UnparsedTask#go():57 [Interpreted code]
                              at perf.TaskThreads$RunTask#call():81 [Interpreted code]
                              at perf.TaskThreads$RunTask#call():64 [Interpreted code]
                              at java.util.concurrent.FutureTask#run():328 [JIT compiled code]
                              at java.util.concurrent.ThreadPoolExecutor#runWorker():1090 [Interpreted code]
                              at java.util.concurrent.ThreadPoolExecutor$Worker#run():614 [Interpreted code]
                              at java.lang.Thread#runWith():1487 [Interpreted code]
                              at java.lang.Thread#run():1474 [Interpreted code]
0.37%         375           org.apache.lucene.facet.taxonomy.FastTaxonomyFacetCounts#countAll():138 [JIT compiled code]
                              at org.apache.lucene.facet.taxonomy.FastTaxonomyFacetCounts#<init>():69 [Interpreted code]
                              at perf.SearchTask#go():282 [JIT compiled code]
                              at perf.UnparsedTask#go():57 [JIT compiled code]
                              at perf.TaskThreads$RunTask#call():81 [JIT compiled code]
                              at perf.TaskThreads$RunTask#call():64 [JIT compiled code]
                              at java.util.concurrent.FutureTask#run():328 [JIT compiled code]
                              at java.util.concurrent.ThreadPoolExecutor#runWorker():1090 [Interpreted code]
                              at java.util.concurrent.ThreadPoolExecutor$Worker#run():614 [Interpreted code]
                              at java.lang.Thread#runWith():1487 [Interpreted code]
                              at java.lang.Thread#run():1474 [Interpreted code]
0.37%         375           org.apache.lucene.codecs.lucene90.Lucene90DocValuesProducer$20#ordValue():1501 [Inlined code]
                              at org.apache.lucene.facet.sortedset.SortedSetDocValuesFacetCounts#countOneSegmentNHLD():130 [JIT compiled code]
                              at org.apache.lucene.facet.sortedset.SortedSetDocValuesFacetCounts#countAll():322 [Interpreted code]
                              at org.apache.lucene.facet.sortedset.SortedSetDocValuesFacetCounts#<init>():73 [Interpreted code]
                              at org.apache.lucene.facet.sortedset.SortedSetDocValuesFacetCounts#<init>():63 [Interpreted code]
                              at perf.SearchTask#go():290 [Interpreted code]
                              at perf.UnparsedTask#go():57 [Interpreted code]
                              at perf.TaskThreads$RunTask#call():81 [Interpreted code]
                              at perf.TaskThreads$RunTask#call():64 [Interpreted code]
                              at java.util.concurrent.FutureTask#run():328 [JIT compiled code]
                              at java.util.concurrent.ThreadPoolExecutor#runWorker():1090 [Interpreted code]
                              at java.util.concurrent.ThreadPoolExecutor$Worker#run():614 [Interpreted code]
0.37%         372           org.apache.lucene.codecs.lucene90.Lucene90DocValuesProducer$25#advance():2357 [Inlined code]
                              at org.apache.lucene.codecs.lucene90.Lucene90DocValuesProducer$25#nextDoc():2348 [Inlined code]
                              at org.apache.lucene.facet.sortedset.SortedSetDocValuesFacetCounts#countOneSegmentNHLD():135 [JIT compiled code]
                              at org.apache.lucene.facet.sortedset.SortedSetDocValuesFacetCounts#countAll():322 [Interpreted code]
                              at org.apache.lucene.facet.sortedset.SortedSetDocValuesFacetCounts#<init>():73 [Inlined code]
                              at org.apache.lucene.facet.sortedset.SortedSetDocValuesFacetCounts#<init>():63 [Inlined code]
                              at perf.SearchTask#go():290 [JIT compiled code]
                              at perf.UnparsedTask#go():57 [JIT compiled code]
                              at perf.TaskThreads$RunTask#call():81 [JIT compiled code]
                              at perf.TaskThreads$RunTask#call():64 [JIT compiled code]
                              at java.util.concurrent.FutureTask#run():328 [JIT compiled code]
                              at java.util.concurrent.ThreadPoolExecutor#runWorker():1090 [Interpreted code]
0.36%         368           org.apache.lucene.facet.sortedset.SortedSetDocValuesFacetCounts#countOneSegmentNHLD():129 [JIT compiled code]
                              at org.apache.lucene.facet.sortedset.SortedSetDocValuesFacetCounts#countAll():322 [Interpreted code]
                              at org.apache.lucene.facet.sortedset.SortedSetDocValuesFacetCounts#<init>():73 [Interpreted code]
                              at org.apache.lucene.facet.sortedset.SortedSetDocValuesFacetCounts#<init>():63 [Interpreted code]
                              at perf.SearchTask#go():290 [Interpreted code]
                              at perf.UnparsedTask#go():57 [JIT compiled code]
                              at perf.TaskThreads$RunTask#call():81 [JIT compiled code]
                              at perf.TaskThreads$RunTask#call():64 [JIT compiled code]
                              at java.util.concurrent.FutureTask#run():328 [JIT compiled code]
                              at java.util.concurrent.ThreadPoolExecutor#runWorker():1090 [Interpreted code]
                              at java.util.concurrent.ThreadPoolExecutor$Worker#run():614 [Interpreted code]
                              at java.lang.Thread#runWith():1487 [Interpreted code]
0.36%         367           jdk.internal.foreign.MemorySessionImpl#checkValidStateRaw():203 [Inlined code]
                              at jdk.internal.misc.ScopedMemoryAccess#getShortUnalignedInternal():1789 [Inlined code]
                              at jdk.internal.misc.ScopedMemoryAccess#getShortUnaligned():1779 [Inlined code]
                              at java.lang.invoke.VarHandleSegmentAsShorts#get():60 [Inlined code]
                              at java.lang.invoke.VarHandleSegmentAsShorts#get():53 [Inlined code]
                              at java.lang.invoke.VarHandleGuards#guard_LJ_I():251 [Inlined code]
                              at jdk.internal.foreign.AbstractMemorySegmentImpl#get():730 [Inlined code]
                              at org.apache.lucene.store.MemorySegmentIndexInput$SingleSegmentImpl#readShort():797 [Inlined code]
                              at org.apache.lucene.util.packed.DirectReader$DirectPackedReader12#get():282 [Inlined code]
                              at org.apache.lucene.codecs.lucene90.Lucene90DocValuesProducer$25#nextOrd():2324 [Inlined code]
                              at org.apache.lucene.facet.sortedset.SortedSetDocValuesFacetCounts#countOneSegmentNHLD():137 [JIT compiled code]
                              at org.apache.lucene.facet.sortedset.SortedSetDocValuesFacetCounts#countAll():322 [Interpreted code]
0.34%         343           org.apache.lucene.facet.taxonomy.FastTaxonomyFacetCounts#countAll():125 [JIT compiled code]
                              at org.apache.lucene.facet.taxonomy.FastTaxonomyFacetCounts#<init>():69 [Interpreted code]
                              at perf.SearchTask#go():282 [Interpreted code]
                              at perf.UnparsedTask#go():57 [JIT compiled code]
                              at perf.TaskThreads$RunTask#call():81 [JIT compiled code]
                              at perf.TaskThreads$RunTask#call():64 [JIT compiled code]
                              at java.util.concurrent.FutureTask#run():328 [JIT compiled code]
                              at java.util.concurrent.ThreadPoolExecutor#runWorker():1090 [Interpreted code]
                              at java.util.concurrent.ThreadPoolExecutor$Worker#run():614 [Interpreted code]
                              at java.lang.Thread#runWith():1487 [Interpreted code]
                              at java.lang.Thread#run():1474 [Interpreted code]
0.34%         341           jdk.internal.foreign.AbstractMemorySegmentImpl#checkBounds():403 [Inlined code]
                              at jdk.internal.foreign.AbstractMemorySegmentImpl#checkAccess():357 [Inlined code]
                              at jdk.internal.foreign.AbstractMemorySegmentImpl#checkEnclosingLayout():362 [Inlined code]
                              at java.lang.invoke.SegmentVarHandle#checkSegment():92 [Inlined code]
                              at java.lang.invoke.VarHandleSegmentAsShorts#get():59 [Inlined code]
                              at java.lang.invoke.VarHandleSegmentAsShorts#get():53 [Inlined code]
                              at java.lang.invoke.VarHandleGuards#guard_LJ_I():251 [Inlined code]
                              at jdk.internal.foreign.AbstractMemorySegmentImpl#get():730 [Inlined code]
                              at org.apache.lucene.store.MemorySegmentIndexInput$SingleSegmentImpl#readShort():797 [Inlined code]
                              at org.apache.lucene.util.packed.DirectReader$DirectPackedReader12#get():282 [Inlined code]
                              at org.apache.lucene.codecs.lucene90.Lucene90DocValuesProducer$25#nextOrd():2324 [Inlined code]
                              at org.apache.lucene.facet.sortedset.SortedSetDocValuesFacetCounts#countOneSegmentNHLD():137 [JIT compiled code]
0.33%         335           jdk.internal.foreign.MemorySessionImpl#checkValidStateRaw():200 [Inlined code]
                              at jdk.internal.misc.ScopedMemoryAccess#getShortUnalignedInternal():1789 [Inlined code]
                              at jdk.internal.misc.ScopedMemoryAccess#getShortUnaligned():1779 [Inlined code]
                              at java.lang.invoke.VarHandleSegmentAsShorts#get():60 [Inlined code]
                              at java.lang.invoke.VarHandleSegmentAsShorts#get():53 [Inlined code]
                              at java.lang.invoke.VarHandleGuards#guard_LJ_I():251 [Inlined code]
                              at jdk.internal.foreign.AbstractMemorySegmentImpl#get():730 [Inlined code]
                              at org.apache.lucene.store.MemorySegmentIndexInput$SingleSegmentImpl#readShort():797 [Inlined code]
                              at org.apache.lucene.util.packed.DirectReader$DirectPackedReader12#get():282 [Inlined code]
                              at org.apache.lucene.codecs.lucene90.Lucene90DocValuesProducer$20#ordValue():1501 [Inlined code]
                              at org.apache.lucene.facet.sortedset.SortedSetDocValuesFacetCounts#countOneSegmentNHLD():130 [JIT compiled code]
                              at org.apache.lucene.facet.sortedset.SortedSetDocValuesFacetCounts#countAll():322 [Interpreted code]
0.32%         327           jdk.internal.foreign.MemorySessionImpl#checkValidStateRaw():200 [Inlined code]
                              at jdk.internal.misc.ScopedMemoryAccess#getShortUnalignedInternal():1789 [Inlined code]
                              at jdk.internal.misc.ScopedMemoryAccess#getShortUnaligned():1779 [Inlined code]
                              at java.lang.invoke.VarHandleSegmentAsShorts#get():60 [Inlined code]
                              at java.lang.invoke.VarHandleSegmentAsShorts#get():53 [Inlined code]
                              at java.lang.invoke.VarHandleGuards#guard_LJ_I():251 [Inlined code]
                              at jdk.internal.foreign.AbstractMemorySegmentImpl#get():730 [Inlined code]
                              at org.apache.lucene.store.MemorySegmentIndexInput$SingleSegmentImpl#readShort():797 [Inlined code]
                              at org.apache.lucene.util.packed.DirectReader$DirectPackedReader12#get():282 [JIT compiled code]
                              at org.apache.lucene.codecs.lucene90.Lucene90DocValuesProducer$25#nextOrd():2324 [Inlined code]
                              at org.apache.lucene.facet.sortedset.SortedSetDocValuesFacetCounts#countOneSegmentNHLD():137 [JIT compiled code]
                              at org.apache.lucene.facet.sortedset.SortedSetDocValuesFacetCounts#countAll():322 [Interpreted code]
0.31%         317           org.apache.lucene.util.packed.DirectReader$DirectPackedReader12#get():282 [Inlined code]
                              at org.apache.lucene.codecs.lucene90.Lucene90DocValuesProducer$25#nextOrd():2324 [Inlined code]
                              at org.apache.lucene.facet.sortedset.SortedSetDocValuesFacetCounts#countOneSegmentNHLD():137 [JIT compiled code]
                              at org.apache.lucene.facet.sortedset.SortedSetDocValuesFacetCounts#countAll():322 [Interpreted code]
                              at org.apache.lucene.facet.sortedset.SortedSetDocValuesFacetCounts#<init>():73 [Interpreted code]
                              at org.apache.lucene.facet.sortedset.SortedSetDocValuesFacetCounts#<init>():63 [Interpreted code]
                              at perf.SearchTask#go():290 [Interpreted code]
                              at perf.UnparsedTask#go():57 [Interpreted code]
                              at perf.TaskThreads$RunTask#call():81 [Interpreted code]
                              at perf.TaskThreads$RunTask#call():64 [Interpreted code]
                              at java.util.concurrent.FutureTask#run():328 [JIT compiled code]
                              at java.util.concurrent.ThreadPoolExecutor#runWorker():1090 [Interpreted code]
0.31%         315           org.apache.lucene.store.MemorySegmentIndexInput$SingleSegmentImpl#readInt():808 [Inlined code]
                              at org.apache.lucene.util.packed.DirectReader$DirectPackedReader20#get():322 [Inlined code]
                              at org.apache.lucene.codecs.lucene90.Lucene90DocValuesProducer$4#longValue():994 [Inlined code]
                              at org.apache.lucene.facet.taxonomy.FastTaxonomyFacetCounts#countAll():138 [JIT compiled code]
                              at org.apache.lucene.facet.taxonomy.FastTaxonomyFacetCounts#<init>():69 [Interpreted code]
                              at perf.SearchTask#go():282 [JIT compiled code]
                              at perf.UnparsedTask#go():57 [JIT compiled code]
                              at perf.TaskThreads$RunTask#call():81 [JIT compiled code]
                              at perf.TaskThreads$RunTask#call():64 [JIT compiled code]
                              at java.util.concurrent.FutureTask#run():328 [JIT compiled code]
                              at java.util.concurrent.ThreadPoolExecutor#runWorker():1090 [Interpreted code]
                              at java.util.concurrent.ThreadPoolExecutor$Worker#run():614 [Interpreted code]


HEAP merged search profile for armK:
JFR aggregation command: /home/goankur/jdk/corretto-25/bin/java -server -Xms2g -Xmx2g --add-modules jdk.incubator.vector -XX:+HeapDumpOnOutOfMemoryError -XX:+UseParallelGC -cp /home/goankur/vsearch/bo/lucene-K/build-tools/build-infra/build/classes/java/main -Dtests.profile.mode=heap -Dtests.profile.stacksize=12 -Dtests.profile.count=30 -Dtests.profile.linenumbers=true org.apache.lucene.gradle.plugins.java.ProfileResults /home/goankur/vsearch/logs/bench-search-FAKc-armK-11.jfr /home/goankur/vsearch/logs/bench-search-FAKc-armK-12.jfr /home/goankur/vsearch/logs/bench-search-FAKc-armK-13.jfr /home/goankur/vsearch/logs/bench-search-FAKc-armK-14.jfr /home/goankur/vsearch/logs/bench-search-FAKc-armK-15.jfr /home/goankur/vsearch/logs/bench-search-FAKc-armK-16.jfr /home/goankur/vsearch/logs/bench-search-FAKc-armK-17.jfr /home/goankur/vsearch/logs/bench-search-FAKc-armK-18.jfr /home/goankur/vsearch/logs/bench-search-FAKc-armK-19.jfr /home/goankur/vsearch/logs/bench-search-FAKc-armK-3.jfr /home/goankur/vsearch/logs/bench-search-FAKc-armK-4.jfr /home/goankur/vsearch/logs/bench-search-FAKc-armK-5.jfr /home/goankur/vsearch/logs/bench-search-FAKc-armK-6.jfr /home/goankur/vsearch/logs/bench-search-FAKc-armK-7.jfr /home/goankur/vsearch/logs/bench-search-FAKc-armK-8.jfr /home/goankur/vsearch/logs/bench-search-FAKc-armK-9.jfr /home/goankur/vsearch/logs/bench-search-FAKc-armK-10.jfr /home/goankur/vsearch/logs/bench-search-FAKc-armK-1.jfr /home/goankur/vsearch/logs/bench-search-FAKc-armK-2.jfr /home/goankur/vsearch/logs/bench-search-FAKc-armK-0.jfr
Took 1.59 seconds
WARNING: Using incubator modules: jdk.incubator.vector
PROFILE SUMMARY from 56856 events (total: 71155M)
  tests.profile.mode=heap
  tests.profile.count=30
  tests.profile.stacksize=12
  tests.profile.linenumbers=true
PERCENT       HEAP SAMPLES  STACK
3.67%         2613M         org.apache.lucene.facet.taxonomy.TaxonomyFacets#initializeValueCounters():134 [Inlined code]
                              at org.apache.lucene.facet.taxonomy.FastTaxonomyFacetCounts#countAll():127 [JIT compiled code]
                              at org.apache.lucene.facet.taxonomy.FastTaxonomyFacetCounts#<init>():69 [Interpreted code]
                              at perf.SearchTask#go():282 [JIT compiled code]
                              at perf.UnparsedTask#go():57 [JIT compiled code]
                              at perf.TaskThreads$RunTask#call():81 [JIT compiled code]
                              at perf.TaskThreads$RunTask#call():64 [JIT compiled code]
                              at java.util.concurrent.FutureTask#run():328 [JIT compiled code]
                              at java.util.concurrent.ThreadPoolExecutor#runWorker():1090 [Interpreted code]
                              at java.util.concurrent.ThreadPoolExecutor$Worker#run():614 [Interpreted code]
                              at java.lang.Thread#runWith():1487 [Interpreted code]
                              at java.lang.Thread#run():1474 [Interpreted code]
3.43%         2439M         org.apache.lucene.util.ArrayUtil#growExact():436 [Inlined code]
                              at org.apache.lucene.util.ArrayUtil#grow():448 [Inlined code]
                              at org.apache.lucene.codecs.lucene90.LZ4WithPresetDictCompressionMode$LZ4WithPresetDictDecompressor#decompress():132 [JIT compiled code]
                              at org.apache.lucene.codecs.lucene90.compressing.Lucene90CompressingStoredFieldsReader$BlockState#document():641 [JIT compiled code]
                              at org.apache.lucene.codecs.lucene90.compressing.Lucene90CompressingStoredFieldsReader#serializedDocument():673 [Inlined code]
                              at org.apache.lucene.codecs.lucene90.compressing.Lucene90CompressingStoredFieldsReader#document():691 [JIT compiled code]
                              at org.apache.lucene.index.CodecReader$1#document():101 [Inlined code]
                              at org.apache.lucene.index.BaseCompositeReader$2#document():190 [JIT compiled code]
                              at org.apache.lucene.index.StoredFields#document():68 [Inlined code]
                              at perf.SearchTask#printResults():776 [JIT compiled code]
                              at perf.UnparsedTask#printResults():85 [JIT compiled code]
                              at perf.SearchPerfTest#_main():770 [Interpreted code]
1.89%         1346M         org.apache.lucene.facet.sortedset.SortedSetDocValuesFacetCounts#countOneSegmentNHLD():125 [JIT compiled code]
                              at org.apache.lucene.facet.sortedset.SortedSetDocValuesFacetCounts#countAll():322 [Interpreted code]
                              at org.apache.lucene.facet.sortedset.SortedSetDocValuesFacetCounts#<init>():73 [Inlined code]
                              at org.apache.lucene.facet.sortedset.SortedSetDocValuesFacetCounts#<init>():63 [Inlined code]
                              at perf.SearchTask#go():290 [JIT compiled code]
                              at perf.UnparsedTask#go():57 [JIT compiled code]
                              at perf.TaskThreads$RunTask#call():81 [JIT compiled code]
                              at perf.TaskThreads$RunTask#call():64 [JIT compiled code]
                              at java.util.concurrent.FutureTask#run():328 [JIT compiled code]
                              at java.util.concurrent.ThreadPoolExecutor#runWorker():1090 [Interpreted code]
                              at java.util.concurrent.ThreadPoolExecutor$Worker#run():614 [Interpreted code]
                              at java.lang.Thread#runWith():1487 [Interpreted code]
1.35%         959M          org.apache.lucene.util.ArrayUtil#growNoCopy():459 [Inlined code]
                              at org.apache.lucene.codecs.lucene90.LZ4WithPresetDictCompressionMode$LZ4WithPresetDictDecompressor#decompress():102 [JIT compiled code]
                              at org.apache.lucene.codecs.lucene90.compressing.Lucene90CompressingStoredFieldsReader$BlockState#document():641 [JIT compiled code]
                              at org.apache.lucene.codecs.lucene90.compressing.Lucene90CompressingStoredFieldsReader#serializedDocument():673 [Inlined code]
                              at org.apache.lucene.codecs.lucene90.compressing.Lucene90CompressingStoredFieldsReader#document():691 [JIT compiled code]
                              at org.apache.lucene.index.CodecReader$1#document():101 [Inlined code]
                              at org.apache.lucene.index.BaseCompositeReader$2#document():190 [JIT compiled code]
                              at org.apache.lucene.index.StoredFields#document():68 [Inlined code]
                              at perf.SearchTask#printResults():776 [JIT compiled code]
                              at perf.UnparsedTask#printResults():85 [JIT compiled code]
                              at perf.SearchPerfTest#_main():770 [Interpreted code]
                              at perf.SearchPerfTest#main():145 [Interpreted code]
1.15%         817M          org.apache.lucene.util.ArrayUtil#growNoCopy():423 [Inlined code]
                              at org.apache.lucene.codecs.lucene90.compressing.Lucene90CompressingStoredFieldsReader$BlockState#doReset():504 [JIT compiled code]
                              at org.apache.lucene.codecs.lucene90.compressing.Lucene90CompressingStoredFieldsReader$BlockState#reset():472 [Inlined code]
                              at org.apache.lucene.codecs.lucene90.compressing.Lucene90CompressingStoredFieldsReader#serializedDocument():670 [Inlined code]
                              at org.apache.lucene.codecs.lucene90.compressing.Lucene90CompressingStoredFieldsReader#document():691 [JIT compiled code]
                              at org.apache.lucene.index.CodecReader$1#document():101 [Inlined code]
                              at org.apache.lucene.index.BaseCompositeReader$2#document():190 [JIT compiled code]
                              at org.apache.lucene.index.StoredFields#document():68 [Inlined code]
                              at perf.SearchTask#printResults():776 [JIT compiled code]
                              at perf.UnparsedTask#printResults():85 [JIT compiled code]
                              at perf.SearchPerfTest#_main():770 [Interpreted code]
                              at perf.SearchPerfTest#main():145 [Interpreted code]
1.02%         728M          org.apache.lucene.util.ArrayUtil#growNoCopy():423 [Inlined code]
                              at org.apache.lucene.codecs.lucene90.compressing.Lucene90CompressingStoredFieldsReader$BlockState#doReset():503 [JIT compiled code]
                              at org.apache.lucene.codecs.lucene90.compressing.Lucene90CompressingStoredFieldsReader$BlockState#reset():472 [Inlined code]
                              at org.apache.lucene.codecs.lucene90.compressing.Lucene90CompressingStoredFieldsReader#serializedDocument():670 [Inlined code]
                              at org.apache.lucene.codecs.lucene90.compressing.Lucene90CompressingStoredFieldsReader#document():691 [JIT compiled code]
                              at org.apache.lucene.index.CodecReader$1#document():101 [Inlined code]
                              at org.apache.lucene.index.BaseCompositeReader$2#document():190 [JIT compiled code]
                              at org.apache.lucene.index.StoredFields#document():68 [Inlined code]
                              at perf.SearchTask#printResults():776 [JIT compiled code]
                              at perf.UnparsedTask#printResults():85 [JIT compiled code]
                              at perf.SearchPerfTest#_main():770 [Interpreted code]
                              at perf.SearchPerfTest#main():145 [Interpreted code]
1.01%         716M          org.apache.lucene.facet.taxonomy.TaxonomyFacets#initializeValueCounters():134 [Inlined code]
                              at org.apache.lucene.facet.taxonomy.FastTaxonomyFacetCounts#countAll():127 [JIT compiled code]
                              at org.apache.lucene.facet.taxonomy.FastTaxonomyFacetCounts#<init>():69 [Interpreted code]
                              at perf.SearchTask#go():282 [Interpreted code]
                              at perf.UnparsedTask#go():57 [Interpreted code]
                              at perf.TaskThreads$RunTask#call():81 [Interpreted code]
                              at perf.TaskThreads$RunTask#call():64 [Interpreted code]
                              at java.util.concurrent.FutureTask#run():328 [JIT compiled code]
                              at java.util.concurrent.ThreadPoolExecutor#runWorker():1090 [Interpreted code]
                              at java.util.concurrent.ThreadPoolExecutor$Worker#run():614 [Interpreted code]
                              at java.lang.Thread#runWith():1487 [Interpreted code]
                              at java.lang.Thread#run():1474 [Interpreted code]
0.96%         685M          org.apache.lucene.util.ArrayUtil#growExact():436 [Inlined code]
                              at org.apache.lucene.util.ArrayUtil#grow():448 [Inlined code]
                              at org.apache.lucene.codecs.lucene90.LZ4WithPresetDictCompressionMode$LZ4WithPresetDictDecompressor#decompress():132 [JIT compiled code]
                              at org.apache.lucene.codecs.lucene90.compressing.Lucene90CompressingStoredFieldsReader$BlockState#document():641 [JIT compiled code]
                              at org.apache.lucene.codecs.lucene90.compressing.Lucene90CompressingStoredFieldsReader#serializedDocument():673 [Inlined code]
                              at org.apache.lucene.codecs.lucene90.compressing.Lucene90CompressingStoredFieldsReader#document():691 [JIT compiled code]
                              at org.apache.lucene.index.CodecReader$1#document():101 [Inlined code]
                              at org.apache.lucene.index.BaseCompositeReader$2#document():190 [Inlined code]
                              at org.apache.lucene.index.StoredFields#document():68 [Inlined code]
                              at perf.SearchTask#printResults():776 [JIT compiled code]
                              at perf.UnparsedTask#printResults():85 [JIT compiled code]
                              at perf.SearchPerfTest#_main():770 [Interpreted code]
0.92%         655M          org.apache.lucene.facet.sortedset.SortedSetDocValuesFacetCounts#initializeCounts():81 [Inlined code]
                              at org.apache.lucene.facet.sortedset.SortedSetDocValuesFacetCounts#countOneSegmentNHLD():105 [JIT compiled code]
                              at org.apache.lucene.facet.sortedset.SortedSetDocValuesFacetCounts#countAll():322 [Interpreted code]
                              at org.apache.lucene.facet.sortedset.SortedSetDocValuesFacetCounts#<init>():73 [Inlined code]
                              at org.apache.lucene.facet.sortedset.SortedSetDocValuesFacetCounts#<init>():63 [Inlined code]
                              at perf.SearchTask#go():290 [JIT compiled code]
                              at perf.UnparsedTask#go():57 [JIT compiled code]
                              at perf.TaskThreads$RunTask#call():81 [JIT compiled code]
                              at perf.TaskThreads$RunTask#call():64 [JIT compiled code]
                              at java.util.concurrent.FutureTask#run():328 [JIT compiled code]
                              at java.util.concurrent.ThreadPoolExecutor#runWorker():1090 [Interpreted code]
                              at java.util.concurrent.ThreadPoolExecutor$Worker#run():614 [Interpreted code]
0.92%         655M          org.apache.lucene.facet.taxonomy.TaxonomyFacets#initializeValueCounters():134 [Inlined code]
                              at org.apache.lucene.facet.taxonomy.FastTaxonomyFacetCounts#count():82 [JIT compiled code]
                              at org.apache.lucene.facet.taxonomy.FastTaxonomyFacetCounts#<init>():57 [Interpreted code]
                              at perf.SearchTask#go():310 [JIT compiled code]
                              at perf.UnparsedTask#go():57 [JIT compiled code]
                              at perf.TaskThreads$RunTask#call():81 [JIT compiled code]
                              at perf.TaskThreads$RunTask#call():64 [JIT compiled code]
                              at java.util.concurrent.FutureTask#run():328 [JIT compiled code]
                              at java.util.concurrent.ThreadPoolExecutor#runWorker():1090 [Interpreted code]
                              at java.util.concurrent.ThreadPoolExecutor$Worker#run():614 [Interpreted code]
                              at java.lang.Thread#runWith():1487 [Interpreted code]
                              at java.lang.Thread#run():1474 [Interpreted code]
0.70%         499M          org.apache.lucene.codecs.lucene104.Lucene104PostingsReader$BlockPostingsEnum#<init>():302 [JIT compiled code]
                              at org.apache.lucene.codecs.lucene104.Lucene104PostingsReader#postings():260 [Inlined code]
                              at org.apache.lucene.codecs.lucene103.blocktree.SegmentTermsEnum#postings():1010 [JIT compiled code]
                              at org.apache.lucene.search.comparators.TermOrdValComparator$PostingsBasedCompetitiveState#init():660 [JIT compiled code]
                              at org.apache.lucene.search.comparators.TermOrdValComparator$PostingsBasedCompetitiveState#update():615 [Inlined code]
                              at org.apache.lucene.search.comparators.TermOrdValComparator$TermOrdValLeafComparator#updateCompetitiveIterator():500 [JIT compiled code]
                              at org.apache.lucene.search.comparators.TermOrdValComparator$TermOrdValLeafComparator#<init>():293 [JIT compiled code]
                              at org.apache.lucene.search.comparators.TermOrdValComparator#getLeafComparator():171 [JIT compiled code]
                              at org.apache.lucene.search.FieldValueHitQueue#getComparators():172 [JIT compiled code]
                              at org.apache.lucene.search.TopFieldCollector$TopFieldLeafCollector#<init>():60 [JIT compiled code]
                              at org.apache.lucene.search.TopFieldCollector$SimpleFieldCollector$1#<init>():200 [JIT compiled code]
                              at org.apache.lucene.search.TopFieldCollector$SimpleFieldCollector#getLeafCollector():199 [JIT compiled code]
0.70%         498M          org.apache.lucene.util.FixedBitSet#<init>():148 [Inlined code]
                              at org.apache.lucene.codecs.lucene104.Lucene104PostingsReader$BlockPostingsEnum#<init>():307 [JIT compiled code]
                              at org.apache.lucene.codecs.lucene104.Lucene104PostingsReader#postings():260 [Inlined code]
                              at org.apache.lucene.codecs.lucene103.blocktree.SegmentTermsEnum#postings():1010 [JIT compiled code]
                              at org.apache.lucene.search.comparators.TermOrdValComparator$PostingsBasedCompetitiveState#init():660 [JIT compiled code]
                              at org.apache.lucene.search.comparators.TermOrdValComparator$PostingsBasedCompetitiveState#update():615 [Inlined code]
                              at org.apache.lucene.search.comparators.TermOrdValComparator$TermOrdValLeafComparator#updateCompetitiveIterator():500 [JIT compiled code]
                              at org.apache.lucene.search.comparators.TermOrdValComparator$TermOrdValLeafComparator#<init>():293 [JIT compiled code]
                              at org.apache.lucene.search.comparators.TermOrdValComparator#getLeafComparator():171 [JIT compiled code]
                              at org.apache.lucene.search.FieldValueHitQueue#getComparators():172 [JIT compiled code]
                              at org.apache.lucene.search.TopFieldCollector$TopFieldLeafCollector#<init>():60 [JIT compiled code]
                              at org.apache.lucene.search.TopFieldCollector$SimpleFieldCollector$1#<init>():200 [JIT compiled code]
0.64%         458M          org.apache.lucene.codecs.lucene104.Lucene104PostingsReader$BlockPostingsEnum#<init>():335 [JIT compiled code]
                              at org.apache.lucene.codecs.lucene104.Lucene104PostingsReader#postings():260 [Inlined code]
                              at org.apache.lucene.codecs.lucene103.blocktree.SegmentTermsEnum#postings():1010 [JIT compiled code]
                              at org.apache.lucene.search.comparators.TermOrdValComparator$PostingsBasedCompetitiveState#init():660 [JIT compiled code]
                              at org.apache.lucene.search.comparators.TermOrdValComparator$PostingsBasedCompetitiveState#update():615 [Inlined code]
                              at org.apache.lucene.search.comparators.TermOrdValComparator$TermOrdValLeafComparator#updateCompetitiveIterator():500 [JIT compiled code]
                              at org.apache.lucene.search.comparators.TermOrdValComparator$TermOrdValLeafComparator#<init>():293 [JIT compiled code]
                              at org.apache.lucene.search.comparators.TermOrdValComparator#getLeafComparator():171 [JIT compiled code]
                              at org.apache.lucene.search.FieldValueHitQueue#getComparators():172 [JIT compiled code]
                              at org.apache.lucene.search.TopFieldCollector$TopFieldLeafCollector#<init>():60 [JIT compiled code]
                              at org.apache.lucene.search.TopFieldCollector$SimpleFieldCollector$1#<init>():200 [JIT compiled code]
                              at org.apache.lucene.search.TopFieldCollector$SimpleFieldCollector#getLeafCollector():199 [JIT compiled code]
0.64%         456M          org.apache.lucene.util.ArrayUtil#growExact():436 [Inlined code]
                              at org.apache.lucene.util.ArrayUtil#grow():448 [Inlined code]
                              at org.apache.lucene.codecs.lucene90.LZ4WithPresetDictCompressionMode$LZ4WithPresetDictDecompressor#decompress():132 [JIT compiled code]
                              at org.apache.lucene.codecs.lucene90.compressing.Lucene90CompressingStoredFieldsReader$BlockState#document():641 [JIT compiled code]
                              at org.apache.lucene.codecs.lucene90.compressing.Lucene90CompressingStoredFieldsReader#serializedDocument():673 [Inlined code]
                              at org.apache.lucene.codecs.lucene90.compressing.Lucene90CompressingStoredFieldsReader#document():691 [JIT compiled code]
                              at org.apache.lucene.index.CodecReader$1#document():101 [Inlined code]
                              at org.apache.lucene.index.BaseCompositeReader$2#document():190 [JIT compiled code]
                              at org.apache.lucene.index.StoredFields#document():68 [Inlined code]
                              at perf.SearchTask#printResults():776 [JIT compiled code]
                              at perf.UnparsedTask#printResults():85 [Interpreted code]
                              at perf.SearchPerfTest#_main():770 [Interpreted code]
0.64%         451M          org.apache.lucene.facet.taxonomy.TaxonomyFacets#initializeValueCounters():134 [Inlined code]
                              at org.apache.lucene.facet.taxonomy.FastTaxonomyFacetCounts#countAll():127 [JIT compiled code]
                              at org.apache.lucene.facet.taxonomy.FastTaxonomyFacetCounts#<init>():69 [Interpreted code]
                              at perf.SearchTask#go():282 [Interpreted code]
                              at perf.UnparsedTask#go():57 [JIT compiled code]
                              at perf.TaskThreads$RunTask#call():81 [JIT compiled code]
                              at perf.TaskThreads$RunTask#call():64 [JIT compiled code]
                              at java.util.concurrent.FutureTask#run():328 [JIT compiled code]
                              at java.util.concurrent.ThreadPoolExecutor#runWorker():1090 [Interpreted code]
                              at java.util.concurrent.ThreadPoolExecutor$Worker#run():614 [Interpreted code]
                              at java.lang.Thread#runWith():1487 [Interpreted code]
                              at java.lang.Thread#run():1474 [Interpreted code]
0.62%         440M          perf.TaskThreads$TaskThread#run():156 [Interpreted code]
0.60%         428M          org.apache.lucene.facet.sortedset.SortedSetDocValuesFacetCounts#countOneSegmentNHLD():125 [JIT compiled code]
                              at org.apache.lucene.facet.sortedset.SortedSetDocValuesFacetCounts#countAll():322 [Interpreted code]
                              at org.apache.lucene.facet.sortedset.SortedSetDocValuesFacetCounts#<init>():73 [Interpreted code]
                              at org.apache.lucene.facet.sortedset.SortedSetDocValuesFacetCounts#<init>():63 [Interpreted code]
                              at perf.SearchTask#go():290 [Interpreted code]
                              at perf.UnparsedTask#go():57 [Interpreted code]
                              at perf.TaskThreads$RunTask#call():81 [Interpreted code]
                              at perf.TaskThreads$RunTask#call():64 [Interpreted code]
                              at java.util.concurrent.FutureTask#run():328 [JIT compiled code]
                              at java.util.concurrent.ThreadPoolExecutor#runWorker():1090 [Interpreted code]
                              at java.util.concurrent.ThreadPoolExecutor$Worker#run():614 [Interpreted code]
                              at java.lang.Thread#runWith():1487 [Interpreted code]
0.45%         318M          org.apache.lucene.util.FixedBitSet#<init>():148 [Inlined code]
                              at org.apache.lucene.codecs.lucene104.Lucene104PostingsReader$BlockPostingsEnum#<init>():307 [JIT compiled code]
                              at org.apache.lucene.codecs.lucene104.Lucene104PostingsReader#postings():260 [Inlined code]
                              at org.apache.lucene.codecs.lucene103.blocktree.SegmentTermsEnum#postings():1010 [JIT compiled code]
                              at org.apache.lucene.search.comparators.TermOrdValComparator$PostingsBasedCompetitiveState#init():660 [JIT compiled code]
                              at org.apache.lucene.search.comparators.TermOrdValComparator$PostingsBasedCompetitiveState#update():615 [Inlined code]
                              at org.apache.lucene.search.comparators.TermOrdValComparator$TermOrdValLeafComparator#updateCompetitiveIterator():500 [JIT compiled code]
                              at org.apache.lucene.search.comparators.TermOrdValComparator$TermOrdValLeafComparator#setBottom():391 [JIT compiled code]
                              at org.apache.lucene.search.TopFieldCollector$TopFieldLeafCollector#collectCompetitiveHit():118 [JIT compiled code]
                              at org.apache.lucene.search.TopFieldCollector$SimpleFieldCollector$1#collect():209 [JIT compiled code]
                              at org.apache.lucene.search.ConstantScoreBulkScorer#scoreIterator():112 [Interpreted code]
                              at org.apache.lucene.search.ConstantScoreBulkScorer#score():70 [Interpreted code]
0.44%         311M          org.apache.lucene.util.ArrayUtil#growExact():436 [Inlined code]
                              at org.apache.lucene.util.ArrayUtil#grow():448 [Inlined code]
                              at org.apache.lucene.codecs.lucene90.LZ4WithPresetDictCompressionMode$LZ4WithPresetDictDecompressor#decompress():132 [JIT compiled code]
                              at org.apache.lucene.codecs.lucene90.compressing.Lucene90CompressingStoredFieldsReader$BlockState#document():641 [JIT compiled code]
                              at org.apache.lucene.codecs.lucene90.compressing.Lucene90CompressingStoredFieldsReader#serializedDocument():673 [Inlined code]
                              at org.apache.lucene.codecs.lucene90.compressing.Lucene90CompressingStoredFieldsReader#document():691 [JIT compiled code]
                              at org.apache.lucene.index.CodecReader$1#document():101 [Inlined code]
                              at org.apache.lucene.index.BaseCompositeReader$2#document():190 [JIT compiled code]
                              at org.apache.lucene.index.StoredFields#document():68 [Inlined code]
                              at perf.SearchTask#printResults():771 [JIT compiled code]
                              at perf.UnparsedTask#printResults():85 [JIT compiled code]
                              at perf.SearchPerfTest#_main():770 [Interpreted code]
0.42%         298M          java.lang.Integer#valueOf():1006 [Inlined code]
                              at java.util.PrimitiveIterator$OfInt#next():129 [JIT compiled code]
                              at org.apache.lucene.facet.sortedset.AbstractSortedSetDocValueFacetCounts#computeTopChildren():317 [JIT compiled code]
                              at org.apache.lucene.facet.sortedset.AbstractSortedSetDocValueFacetCounts#getTopChildrenForPath():300 [Interpreted code]
                              at org.apache.lucene.facet.sortedset.AbstractSortedSetDocValueFacetCounts#getTopChildren():61 [Interpreted code]
                              at org.apache.lucene.facet.sortedset.SortedSetDocValuesFacetCounts#getTopChildren():57 [Interpreted code]
                              at perf.SearchTask#go():291 [Interpreted code]
                              at perf.UnparsedTask#go():57 [Interpreted code]
                              at perf.TaskThreads$RunTask#call():81 [Interpreted code]
                              at perf.TaskThreads$RunTask#call():64 [Interpreted code]
                              at java.util.concurrent.FutureTask#run():328 [JIT compiled code]
                              at java.util.concurrent.ThreadPoolExecutor#runWorker():1090 [Interpreted code]
0.39%         280M          perf.TaskParser#secondPassParse():208 [Interpreted code]
                              at perf.UnparsedTask#go():53 [Interpreted code]
                              at perf.TaskThreads$RunTask#call():81 [Interpreted code]
                              at perf.TaskThreads$RunTask#call():64 [Interpreted code]
                              at java.util.concurrent.FutureTask#run():328 [JIT compiled code]
                              at java.util.concurrent.ThreadPoolExecutor#runWorker():1090 [Interpreted code]
                              at java.util.concurrent.ThreadPoolExecutor$Worker#run():614 [Interpreted code]
                              at java.lang.Thread#runWith():1487 [Interpreted code]
                              at java.lang.Thread#run():1474 [Interpreted code]
0.36%         253M          org.apache.lucene.util.FixedBitSet#<init>():148 [Inlined code]
                              at org.apache.lucene.codecs.lucene104.Lucene104PostingsReader$BlockPostingsEnum#<init>():307 [JIT compiled code]
                              at org.apache.lucene.codecs.lucene104.Lucene104PostingsReader#postings():260 [Inlined code]
                              at org.apache.lucene.codecs.lucene103.blocktree.SegmentTermsEnum#postings():1010 [JIT compiled code]
                              at org.apache.lucene.search.comparators.TermOrdValComparator$PostingsBasedCompetitiveState#init():660 [JIT compiled code]
                              at org.apache.lucene.search.comparators.TermOrdValComparator$PostingsBasedCompetitiveState#update():615 [Inlined code]
                              at org.apache.lucene.search.comparators.TermOrdValComparator$TermOrdValLeafComparator#updateCompetitiveIterator():500 [JIT compiled code]
                              at org.apache.lucene.search.comparators.TermOrdValComparator$TermOrdValLeafComparator#setBottom():391 [JIT compiled code]
                              at org.apache.lucene.search.TopFieldCollector$TopFieldLeafCollector#collectCompetitiveHit():118 [JIT compiled code]
                              at org.apache.lucene.search.TopFieldCollector$SimpleFieldCollector$1#collect():209 [Inlined code]
                              at org.apache.lucene.search.LeafCollector$$Lambda.0x000000002b1c3570#accept() [Inlined code]
                              at org.apache.lucene.util.FixedBitSet#forEach():944 [Inlined code]
0.36%         253M          org.apache.lucene.codecs.lucene104.Lucene104PostingsReader$BlockPostingsEnum#<init>():302 [JIT compiled code]
                              at org.apache.lucene.codecs.lucene104.Lucene104PostingsReader#postings():260 [Inlined code]
                              at org.apache.lucene.codecs.lucene103.blocktree.SegmentTermsEnum#postings():1010 [JIT compiled code]
                              at org.apache.lucene.search.comparators.TermOrdValComparator$PostingsBasedCompetitiveState#init():660 [JIT compiled code]
                              at org.apache.lucene.search.comparators.TermOrdValComparator$PostingsBasedCompetitiveState#update():615 [Inlined code]
                              at org.apache.lucene.search.comparators.TermOrdValComparator$TermOrdValLeafComparator#updateCompetitiveIterator():500 [JIT compiled code]
                              at org.apache.lucene.search.comparators.TermOrdValComparator$TermOrdValLeafComparator#setBottom():391 [JIT compiled code]
                              at org.apache.lucene.search.TopFieldCollector$TopFieldLeafCollector#collectCompetitiveHit():118 [JIT compiled code]
                              at org.apache.lucene.search.TopFieldCollector$SimpleFieldCollector$1#collect():209 [Inlined code]
                              at org.apache.lucene.search.LeafCollector$$Lambda.0x00000000251c3570#accept() [Inlined code]
                              at org.apache.lucene.util.FixedBitSet#forEach():944 [Inlined code]
                              at org.apache.lucene.util.FixedBitSet#forEach():931 [JIT compiled code]
0.35%         252M          org.apache.lucene.util.FixedBitSet#<init>():148 [Inlined code]
                              at org.apache.lucene.codecs.lucene104.Lucene104PostingsReader$BlockPostingsEnum#<init>():307 [JIT compiled code]
                              at org.apache.lucene.codecs.lucene104.Lucene104PostingsReader#postings():260 [Inlined code]
                              at org.apache.lucene.codecs.lucene103.blocktree.SegmentTermsEnum#postings():1010 [JIT compiled code]
                              at org.apache.lucene.search.comparators.TermOrdValComparator$PostingsBasedCompetitiveState#init():660 [JIT compiled code]
                              at org.apache.lucene.search.comparators.TermOrdValComparator$PostingsBasedCompetitiveState#update():615 [Inlined code]
                              at org.apache.lucene.search.comparators.TermOrdValComparator$TermOrdValLeafComparator#updateCompetitiveIterator():500 [JIT compiled code]
                              at org.apache.lucene.search.comparators.TermOrdValComparator$TermOrdValLeafComparator#setBottom():391 [JIT compiled code]
                              at org.apache.lucene.search.TopFieldCollector$TopFieldLeafCollector#collectCompetitiveHit():118 [JIT compiled code]
                              at org.apache.lucene.search.TopFieldCollector$SimpleFieldCollector$1#collect():209 [Inlined code]
                              at org.apache.lucene.search.LeafCollector$$Lambda.0x00000000251c3570#accept() [Inlined code]
                              at org.apache.lucene.util.FixedBitSet#forEach():944 [Inlined code]
0.34%         245M          org.apache.lucene.util.FixedBitSet#<init>():148 [Inlined code]
                              at org.apache.lucene.codecs.lucene104.Lucene104PostingsReader$BlockPostingsEnum#<init>():307 [JIT compiled code]
                              at org.apache.lucene.codecs.lucene104.Lucene104PostingsReader#postings():260 [Inlined code]
                              at org.apache.lucene.codecs.lucene103.blocktree.SegmentTermsEnum#postings():1010 [JIT compiled code]
                              at org.apache.lucene.search.comparators.TermOrdValComparator$PostingsBasedCompetitiveState#init():660 [JIT compiled code]
                              at org.apache.lucene.search.comparators.TermOrdValComparator$PostingsBasedCompetitiveState#update():615 [Inlined code]
                              at org.apache.lucene.search.comparators.TermOrdValComparator$TermOrdValLeafComparator#updateCompetitiveIterator():500 [JIT compiled code]
                              at org.apache.lucene.search.comparators.TermOrdValComparator$TermOrdValLeafComparator#setBottom():391 [JIT compiled code]
                              at org.apache.lucene.search.TopFieldCollector$TopFieldLeafCollector#collectCompetitiveHit():118 [JIT compiled code]
                              at org.apache.lucene.search.TopFieldCollector$SimpleFieldCollector$1#collect():209 [Inlined code]
                              at org.apache.lucene.search.LeafCollector$$Lambda.0x000000000d1c3570#accept() [Inlined code]
                              at org.apache.lucene.util.FixedBitSet#forEach():944 [Inlined code]
0.32%         230M          org.apache.lucene.codecs.lucene104.Lucene104PostingsReader$BlockPostingsEnum#<init>():335 [JIT compiled code]
                              at org.apache.lucene.codecs.lucene104.Lucene104PostingsReader#postings():260 [Inlined code]
                              at org.apache.lucene.codecs.lucene103.blocktree.SegmentTermsEnum#postings():1010 [JIT compiled code]
                              at org.apache.lucene.search.comparators.TermOrdValComparator$PostingsBasedCompetitiveState#init():660 [JIT compiled code]
                              at org.apache.lucene.search.comparators.TermOrdValComparator$PostingsBasedCompetitiveState#update():615 [Inlined code]
                              at org.apache.lucene.search.comparators.TermOrdValComparator$TermOrdValLeafComparator#updateCompetitiveIterator():500 [JIT compiled code]
                              at org.apache.lucene.search.comparators.TermOrdValComparator$TermOrdValLeafComparator#setBottom():391 [JIT compiled code]
                              at org.apache.lucene.search.TopFieldCollector$TopFieldLeafCollector#collectCompetitiveHit():118 [JIT compiled code]
                              at org.apache.lucene.search.TopFieldCollector$SimpleFieldCollector$1#collect():209 [Inlined code]
                              at org.apache.lucene.search.LeafCollector$$Lambda.0x00000000251c3570#accept() [Inlined code]
                              at org.apache.lucene.util.FixedBitSet#forEach():944 [Inlined code]
                              at org.apache.lucene.util.FixedBitSet#forEach():931 [JIT compiled code]
0.32%         227M          org.apache.lucene.util.ArrayUtil#growNoCopy():459 [Inlined code]
                              at org.apache.lucene.codecs.lucene90.LZ4WithPresetDictCompressionMode$LZ4WithPresetDictDecompressor#decompress():102 [JIT compiled code]
                              at org.apache.lucene.codecs.lucene90.compressing.Lucene90CompressingStoredFieldsReader$BlockState#document():641 [JIT compiled code]
                              at org.apache.lucene.codecs.lucene90.compressing.Lucene90CompressingStoredFieldsReader#serializedDocument():673 [Inlined code]
                              at org.apache.lucene.codecs.lucene90.compressing.Lucene90CompressingStoredFieldsReader#document():691 [JIT compiled code]
                              at org.apache.lucene.index.CodecReader$1#document():101 [Inlined code]
                              at org.apache.lucene.index.BaseCompositeReader$2#document():190 [Inlined code]
                              at org.apache.lucene.index.StoredFields#document():68 [Inlined code]
                              at perf.SearchTask#printResults():776 [JIT compiled code]
                              at perf.UnparsedTask#printResults():85 [JIT compiled code]
                              at perf.SearchPerfTest#_main():770 [Interpreted code]
                              at perf.SearchPerfTest#main():145 [Interpreted code]
0.30%         216M          org.apache.lucene.util.ArrayUtil#growNoCopy():423 [Inlined code]
                              at org.apache.lucene.codecs.lucene90.compressing.Lucene90CompressingStoredFieldsReader$BlockState#doReset():504 [JIT compiled code]
                              at org.apache.lucene.codecs.lucene90.compressing.Lucene90CompressingStoredFieldsReader$BlockState#reset():472 [Inlined code]
                              at org.apache.lucene.codecs.lucene90.compressing.Lucene90CompressingStoredFieldsReader#serializedDocument():670 [Inlined code]
                              at org.apache.lucene.codecs.lucene90.compressing.Lucene90CompressingStoredFieldsReader#document():691 [JIT compiled code]
                              at org.apache.lucene.index.CodecReader$1#document():101 [Inlined code]
                              at org.apache.lucene.index.BaseCompositeReader$2#document():190 [Inlined code]
                              at org.apache.lucene.index.StoredFields#document():68 [Inlined code]
                              at perf.SearchTask#printResults():776 [JIT compiled code]
                              at perf.UnparsedTask#printResults():85 [JIT compiled code]
                              at perf.SearchPerfTest#_main():770 [Interpreted code]
                              at perf.SearchPerfTest#main():145 [Interpreted code]
0.30%         215M          jdk.internal.classfile.impl.EntryMap#<init>():77 [Inlined code]
                              at jdk.internal.classfile.impl.SplitConstantPool#map():182 [Inlined code]
                              at jdk.internal.classfile.impl.SplitConstantPool#tryFindClassOrInterface():403 [Inlined code]
                              at jdk.internal.classfile.impl.SplitConstantPool#classEntryForClassOrInterface():438 [Inlined code]
                              at jdk.internal.classfile.impl.SplitConstantPool#classEntry():514 [JIT compiled code]
                              at java.lang.invoke.InnerClassLambdaMetafactory#<init>():155 [Interpreted code]
                              at java.lang.invoke.LambdaMetafactory#metafactory():349 [Interpreted code]
                              at java.lang.invoke.DirectMethodHandle$Holder#invokeStatic() [Interpreted code]
                              at java.lang.invoke.BootstrapMethodInvoker#invoke():134 [Interpreted code]
                              at java.lang.invoke.CallSite#makeSite():310 [Interpreted code]
                              at java.lang.invoke.MethodHandleNatives#linkCallSiteImpl():250 [Interpreted code]
                              at java.lang.invoke.MethodHandleNatives#linkCallSite():240 [Interpreted code]
0.30%         214M          org.apache.lucene.search.similarities.BM25Similarity#scorer():217 [Interpreted code]
                              at org.apache.lucene.search.TermQuery$TermWeight#<init>():81 [Interpreted code]
                              at org.apache.lucene.search.TermQuery#createWeight():304 [Interpreted code]
                              at org.apache.lucene.search.IndexSearcher#createWeight():978 [Interpreted code]
                              at org.apache.lucene.search.IndexSearcher#search():754 [Interpreted code]
                              at org.apache.lucene.search.IndexSearcher#searchAfter():601 [Interpreted code]
                              at org.apache.lucene.search.IndexSearcher#search():624 [Interpreted code]
                              at perf.TypePolluter#runQueries():179 [Interpreted code]
                              at perf.TypePolluter#pollute():97 [Interpreted code]
                              at perf.SearchPerfTest#_main():282 [Interpreted code]
                              at perf.SearchPerfTest#main():145 [Interpreted code]


HEAP merged search profile for armA:
JFR aggregation command: /home/goankur/jdk/corretto-25/bin/java -server -Xms2g -Xmx2g --add-modules jdk.incubator.vector -XX:+HeapDumpOnOutOfMemoryError -XX:+UseParallelGC -cp /home/goankur/vsearch/bo/lucene-A/build-tools/build-infra/build/classes/java/main -Dtests.profile.mode=heap -Dtests.profile.stacksize=12 -Dtests.profile.count=30 -Dtests.profile.linenumbers=true org.apache.lucene.gradle.plugins.java.ProfileResults /home/goankur/vsearch/logs/bench-search-FAKc-armA-10.jfr /home/goankur/vsearch/logs/bench-search-FAKc-armA-11.jfr /home/goankur/vsearch/logs/bench-search-FAKc-armA-12.jfr /home/goankur/vsearch/logs/bench-search-FAKc-armA-13.jfr /home/goankur/vsearch/logs/bench-search-FAKc-armA-14.jfr /home/goankur/vsearch/logs/bench-search-FAKc-armA-15.jfr /home/goankur/vsearch/logs/bench-search-FAKc-armA-16.jfr /home/goankur/vsearch/logs/bench-search-FAKc-armA-17.jfr /home/goankur/vsearch/logs/bench-search-FAKc-armA-18.jfr /home/goankur/vsearch/logs/bench-search-FAKc-armA-19.jfr /home/goankur/vsearch/logs/bench-search-FAKc-armA-2.jfr /home/goankur/vsearch/logs/bench-search-FAKc-armA-3.jfr /home/goankur/vsearch/logs/bench-search-FAKc-armA-4.jfr /home/goankur/vsearch/logs/bench-search-FAKc-armA-5.jfr /home/goankur/vsearch/logs/bench-search-FAKc-armA-6.jfr /home/goankur/vsearch/logs/bench-search-FAKc-armA-7.jfr /home/goankur/vsearch/logs/bench-search-FAKc-armA-8.jfr /home/goankur/vsearch/logs/bench-search-FAKc-armA-9.jfr /home/goankur/vsearch/logs/bench-search-FAKc-armA-0.jfr /home/goankur/vsearch/logs/bench-search-FAKc-armA-1.jfr
Took 1.58 seconds
WARNING: Using incubator modules: jdk.incubator.vector
PROFILE SUMMARY from 57033 events (total: 70989M)
  tests.profile.mode=heap
  tests.profile.count=30
  tests.profile.stacksize=12
  tests.profile.linenumbers=true
PERCENT       HEAP SAMPLES  STACK
3.64%         2582M         org.apache.lucene.facet.taxonomy.TaxonomyFacets#initializeValueCounters():134 [Inlined code]
                              at org.apache.lucene.facet.taxonomy.FastTaxonomyFacetCounts#countAll():127 [JIT compiled code]
                              at org.apache.lucene.facet.taxonomy.FastTaxonomyFacetCounts#<init>():69 [Interpreted code]
                              at perf.SearchTask#go():282 [JIT compiled code]
                              at perf.UnparsedTask#go():57 [JIT compiled code]
                              at perf.TaskThreads$RunTask#call():81 [JIT compiled code]
                              at perf.TaskThreads$RunTask#call():64 [JIT compiled code]
                              at java.util.concurrent.FutureTask#run():328 [JIT compiled code]
                              at java.util.concurrent.ThreadPoolExecutor#runWorker():1090 [Interpreted code]
                              at java.util.concurrent.ThreadPoolExecutor$Worker#run():614 [Interpreted code]
                              at java.lang.Thread#runWith():1487 [Interpreted code]
                              at java.lang.Thread#run():1474 [Interpreted code]
3.43%         2436M         org.apache.lucene.util.ArrayUtil#growExact():436 [Inlined code]
                              at org.apache.lucene.util.ArrayUtil#grow():448 [Inlined code]
                              at org.apache.lucene.codecs.lucene90.LZ4WithPresetDictCompressionMode$LZ4WithPresetDictDecompressor#decompress():132 [JIT compiled code]
                              at org.apache.lucene.codecs.lucene90.compressing.Lucene90CompressingStoredFieldsReader$BlockState#document():641 [JIT compiled code]
                              at org.apache.lucene.codecs.lucene90.compressing.Lucene90CompressingStoredFieldsReader#serializedDocument():673 [Inlined code]
                              at org.apache.lucene.codecs.lucene90.compressing.Lucene90CompressingStoredFieldsReader#document():691 [JIT compiled code]
                              at org.apache.lucene.index.CodecReader$1#document():101 [Inlined code]
                              at org.apache.lucene.index.BaseCompositeReader$2#document():190 [JIT compiled code]
                              at org.apache.lucene.index.StoredFields#document():68 [Inlined code]
                              at perf.SearchTask#printResults():776 [JIT compiled code]
                              at perf.UnparsedTask#printResults():85 [JIT compiled code]
                              at perf.SearchPerfTest#_main():770 [Interpreted code]
1.85%         1316M         org.apache.lucene.facet.sortedset.SortedSetDocValuesFacetCounts#countOneSegmentNHLD():125 [JIT compiled code]
                              at org.apache.lucene.facet.sortedset.SortedSetDocValuesFacetCounts#countAll():322 [Interpreted code]
                              at org.apache.lucene.facet.sortedset.SortedSetDocValuesFacetCounts#<init>():73 [Inlined code]
                              at org.apache.lucene.facet.sortedset.SortedSetDocValuesFacetCounts#<init>():63 [Inlined code]
                              at perf.SearchTask#go():290 [JIT compiled code]
                              at perf.UnparsedTask#go():57 [JIT compiled code]
                              at perf.TaskThreads$RunTask#call():81 [JIT compiled code]
                              at perf.TaskThreads$RunTask#call():64 [JIT compiled code]
                              at java.util.concurrent.FutureTask#run():328 [JIT compiled code]
                              at java.util.concurrent.ThreadPoolExecutor#runWorker():1090 [Interpreted code]
                              at java.util.concurrent.ThreadPoolExecutor$Worker#run():614 [Interpreted code]
                              at java.lang.Thread#runWith():1487 [Interpreted code]
1.39%         984M          org.apache.lucene.util.ArrayUtil#growNoCopy():459 [Inlined code]
                              at org.apache.lucene.codecs.lucene90.LZ4WithPresetDictCompressionMode$LZ4WithPresetDictDecompressor#decompress():102 [JIT compiled code]
                              at org.apache.lucene.codecs.lucene90.compressing.Lucene90CompressingStoredFieldsReader$BlockState#document():641 [JIT compiled code]
                              at org.apache.lucene.codecs.lucene90.compressing.Lucene90CompressingStoredFieldsReader#serializedDocument():673 [Inlined code]
                              at org.apache.lucene.codecs.lucene90.compressing.Lucene90CompressingStoredFieldsReader#document():691 [JIT compiled code]
                              at org.apache.lucene.index.CodecReader$1#document():101 [Inlined code]
                              at org.apache.lucene.index.BaseCompositeReader$2#document():190 [JIT compiled code]
                              at org.apache.lucene.index.StoredFields#document():68 [Inlined code]
                              at perf.SearchTask#printResults():776 [JIT compiled code]
                              at perf.UnparsedTask#printResults():85 [JIT compiled code]
                              at perf.SearchPerfTest#_main():770 [Interpreted code]
                              at perf.SearchPerfTest#main():145 [Interpreted code]
1.29%         914M          org.apache.lucene.util.ArrayUtil#growNoCopy():423 [Inlined code]
                              at org.apache.lucene.codecs.lucene90.compressing.Lucene90CompressingStoredFieldsReader$BlockState#doReset():503 [JIT compiled code]
                              at org.apache.lucene.codecs.lucene90.compressing.Lucene90CompressingStoredFieldsReader$BlockState#reset():472 [Inlined code]
                              at org.apache.lucene.codecs.lucene90.compressing.Lucene90CompressingStoredFieldsReader#serializedDocument():670 [Inlined code]
                              at org.apache.lucene.codecs.lucene90.compressing.Lucene90CompressingStoredFieldsReader#document():691 [JIT compiled code]
                              at org.apache.lucene.index.CodecReader$1#document():101 [Inlined code]
                              at org.apache.lucene.index.BaseCompositeReader$2#document():190 [JIT compiled code]
                              at org.apache.lucene.index.StoredFields#document():68 [Inlined code]
                              at perf.SearchTask#printResults():776 [JIT compiled code]
                              at perf.UnparsedTask#printResults():85 [JIT compiled code]
                              at perf.SearchPerfTest#_main():770 [Interpreted code]
                              at perf.SearchPerfTest#main():145 [Interpreted code]
1.02%         726M          org.apache.lucene.facet.taxonomy.TaxonomyFacets#initializeValueCounters():134 [Inlined code]
                              at org.apache.lucene.facet.taxonomy.FastTaxonomyFacetCounts#countAll():127 [JIT compiled code]
                              at org.apache.lucene.facet.taxonomy.FastTaxonomyFacetCounts#<init>():69 [Interpreted code]
                              at perf.SearchTask#go():282 [Interpreted code]
                              at perf.UnparsedTask#go():57 [Interpreted code]
                              at perf.TaskThreads$RunTask#call():81 [Interpreted code]
                              at perf.TaskThreads$RunTask#call():64 [Interpreted code]
                              at java.util.concurrent.FutureTask#run():328 [JIT compiled code]
                              at java.util.concurrent.ThreadPoolExecutor#runWorker():1090 [Interpreted code]
                              at java.util.concurrent.ThreadPoolExecutor$Worker#run():614 [Interpreted code]
                              at java.lang.Thread#runWith():1487 [Interpreted code]
                              at java.lang.Thread#run():1474 [Interpreted code]
1.02%         725M          org.apache.lucene.util.ArrayUtil#growExact():436 [Inlined code]
                              at org.apache.lucene.util.ArrayUtil#grow():448 [Inlined code]
                              at org.apache.lucene.codecs.lucene90.LZ4WithPresetDictCompressionMode$LZ4WithPresetDictDecompressor#decompress():132 [JIT compiled code]
                              at org.apache.lucene.codecs.lucene90.compressing.Lucene90CompressingStoredFieldsReader$BlockState#document():641 [JIT compiled code]
                              at org.apache.lucene.codecs.lucene90.compressing.Lucene90CompressingStoredFieldsReader#serializedDocument():673 [Inlined code]
                              at org.apache.lucene.codecs.lucene90.compressing.Lucene90CompressingStoredFieldsReader#document():691 [JIT compiled code]
                              at org.apache.lucene.index.CodecReader$1#document():101 [Inlined code]
                              at org.apache.lucene.index.BaseCompositeReader$2#document():190 [Inlined code]
                              at org.apache.lucene.index.StoredFields#document():68 [Inlined code]
                              at perf.SearchTask#printResults():776 [JIT compiled code]
                              at perf.UnparsedTask#printResults():85 [JIT compiled code]
                              at perf.SearchPerfTest#_main():770 [Interpreted code]
0.98%         697M          org.apache.lucene.util.ArrayUtil#growNoCopy():423 [Inlined code]
                              at org.apache.lucene.codecs.lucene90.compressing.Lucene90CompressingStoredFieldsReader$BlockState#doReset():504 [JIT compiled code]
                              at org.apache.lucene.codecs.lucene90.compressing.Lucene90CompressingStoredFieldsReader$BlockState#reset():472 [Inlined code]
                              at org.apache.lucene.codecs.lucene90.compressing.Lucene90CompressingStoredFieldsReader#serializedDocument():670 [Inlined code]
                              at org.apache.lucene.codecs.lucene90.compressing.Lucene90CompressingStoredFieldsReader#document():691 [JIT compiled code]
                              at org.apache.lucene.index.CodecReader$1#document():101 [Inlined code]
                              at org.apache.lucene.index.BaseCompositeReader$2#document():190 [JIT compiled code]
                              at org.apache.lucene.index.StoredFields#document():68 [Inlined code]
                              at perf.SearchTask#printResults():776 [JIT compiled code]
                              at perf.UnparsedTask#printResults():85 [JIT compiled code]
                              at perf.SearchPerfTest#_main():770 [Interpreted code]
                              at perf.SearchPerfTest#main():145 [Interpreted code]
0.91%         646M          org.apache.lucene.facet.taxonomy.TaxonomyFacets#initializeValueCounters():134 [Inlined code]
                              at org.apache.lucene.facet.taxonomy.FastTaxonomyFacetCounts#count():82 [JIT compiled code]
                              at org.apache.lucene.facet.taxonomy.FastTaxonomyFacetCounts#<init>():57 [Interpreted code]
                              at perf.SearchTask#go():310 [JIT compiled code]
                              at perf.UnparsedTask#go():57 [JIT compiled code]
                              at perf.TaskThreads$RunTask#call():81 [JIT compiled code]
                              at perf.TaskThreads$RunTask#call():64 [JIT compiled code]
                              at java.util.concurrent.FutureTask#run():328 [JIT compiled code]
                              at java.util.concurrent.ThreadPoolExecutor#runWorker():1090 [Interpreted code]
                              at java.util.concurrent.ThreadPoolExecutor$Worker#run():614 [Interpreted code]
                              at java.lang.Thread#runWith():1487 [Interpreted code]
                              at java.lang.Thread#run():1474 [Interpreted code]
0.90%         641M          org.apache.lucene.facet.sortedset.SortedSetDocValuesFacetCounts#initializeCounts():81 [Inlined code]
                              at org.apache.lucene.facet.sortedset.SortedSetDocValuesFacetCounts#countOneSegmentNHLD():105 [JIT compiled code]
                              at org.apache.lucene.facet.sortedset.SortedSetDocValuesFacetCounts#countAll():322 [Interpreted code]
                              at org.apache.lucene.facet.sortedset.SortedSetDocValuesFacetCounts#<init>():73 [Inlined code]
                              at org.apache.lucene.facet.sortedset.SortedSetDocValuesFacetCounts#<init>():63 [Inlined code]
                              at perf.SearchTask#go():290 [JIT compiled code]
                              at perf.UnparsedTask#go():57 [JIT compiled code]
                              at perf.TaskThreads$RunTask#call():81 [JIT compiled code]
                              at perf.TaskThreads$RunTask#call():64 [JIT compiled code]
                              at java.util.concurrent.FutureTask#run():328 [JIT compiled code]
                              at java.util.concurrent.ThreadPoolExecutor#runWorker():1090 [Interpreted code]
                              at java.util.concurrent.ThreadPoolExecutor$Worker#run():614 [Interpreted code]
0.71%         502M          org.apache.lucene.codecs.lucene104.Lucene104PostingsReader$BlockPostingsEnum#<init>():335 [JIT compiled code]
                              at org.apache.lucene.codecs.lucene104.Lucene104PostingsReader#postings():260 [Inlined code]
                              at org.apache.lucene.codecs.lucene103.blocktree.SegmentTermsEnum#postings():1010 [JIT compiled code]
                              at org.apache.lucene.search.comparators.TermOrdValComparator$PostingsBasedCompetitiveState#init():660 [JIT compiled code]
                              at org.apache.lucene.search.comparators.TermOrdValComparator$PostingsBasedCompetitiveState#update():615 [Inlined code]
                              at org.apache.lucene.search.comparators.TermOrdValComparator$TermOrdValLeafComparator#updateCompetitiveIterator():500 [JIT compiled code]
                              at org.apache.lucene.search.comparators.TermOrdValComparator$TermOrdValLeafComparator#<init>():293 [JIT compiled code]
                              at org.apache.lucene.search.comparators.TermOrdValComparator#getLeafComparator():171 [JIT compiled code]
                              at org.apache.lucene.search.FieldValueHitQueue#getComparators():172 [JIT compiled code]
                              at org.apache.lucene.search.TopFieldCollector$TopFieldLeafCollector#<init>():60 [JIT compiled code]
                              at org.apache.lucene.search.TopFieldCollector$SimpleFieldCollector$1#<init>():200 [JIT compiled code]
                              at org.apache.lucene.search.TopFieldCollector$SimpleFieldCollector#getLeafCollector():199 [JIT compiled code]
0.70%         495M          org.apache.lucene.util.FixedBitSet#<init>():148 [Inlined code]
                              at org.apache.lucene.codecs.lucene104.Lucene104PostingsReader$BlockPostingsEnum#<init>():307 [JIT compiled code]
                              at org.apache.lucene.codecs.lucene104.Lucene104PostingsReader#postings():260 [Inlined code]
                              at org.apache.lucene.codecs.lucene103.blocktree.SegmentTermsEnum#postings():1010 [JIT compiled code]
                              at org.apache.lucene.search.comparators.TermOrdValComparator$PostingsBasedCompetitiveState#init():660 [JIT compiled code]
                              at org.apache.lucene.search.comparators.TermOrdValComparator$PostingsBasedCompetitiveState#update():615 [Inlined code]
                              at org.apache.lucene.search.comparators.TermOrdValComparator$TermOrdValLeafComparator#updateCompetitiveIterator():500 [JIT compiled code]
                              at org.apache.lucene.search.comparators.TermOrdValComparator$TermOrdValLeafComparator#<init>():293 [JIT compiled code]
                              at org.apache.lucene.search.comparators.TermOrdValComparator#getLeafComparator():171 [JIT compiled code]
                              at org.apache.lucene.search.FieldValueHitQueue#getComparators():172 [JIT compiled code]
                              at org.apache.lucene.search.TopFieldCollector$TopFieldLeafCollector#<init>():60 [JIT compiled code]
                              at org.apache.lucene.search.TopFieldCollector$SimpleFieldCollector$1#<init>():200 [JIT compiled code]
0.69%         488M          org.apache.lucene.facet.taxonomy.TaxonomyFacets#initializeValueCounters():134 [Inlined code]
                              at org.apache.lucene.facet.taxonomy.FastTaxonomyFacetCounts#countAll():127 [JIT compiled code]
                              at org.apache.lucene.facet.taxonomy.FastTaxonomyFacetCounts#<init>():69 [Interpreted code]
                              at perf.SearchTask#go():282 [Interpreted code]
                              at perf.UnparsedTask#go():57 [JIT compiled code]
                              at perf.TaskThreads$RunTask#call():81 [JIT compiled code]
                              at perf.TaskThreads$RunTask#call():64 [JIT compiled code]
                              at java.util.concurrent.FutureTask#run():328 [JIT compiled code]
                              at java.util.concurrent.ThreadPoolExecutor#runWorker():1090 [Interpreted code]
                              at java.util.concurrent.ThreadPoolExecutor$Worker#run():614 [Interpreted code]
                              at java.lang.Thread#runWith():1487 [Interpreted code]
                              at java.lang.Thread#run():1474 [Interpreted code]
0.68%         484M          org.apache.lucene.codecs.lucene104.Lucene104PostingsReader$BlockPostingsEnum#<init>():302 [JIT compiled code]
                              at org.apache.lucene.codecs.lucene104.Lucene104PostingsReader#postings():260 [Inlined code]
                              at org.apache.lucene.codecs.lucene103.blocktree.SegmentTermsEnum#postings():1010 [JIT compiled code]
                              at org.apache.lucene.search.comparators.TermOrdValComparator$PostingsBasedCompetitiveState#init():660 [JIT compiled code]
                              at org.apache.lucene.search.comparators.TermOrdValComparator$PostingsBasedCompetitiveState#update():615 [Inlined code]
                              at org.apache.lucene.search.comparators.TermOrdValComparator$TermOrdValLeafComparator#updateCompetitiveIterator():500 [JIT compiled code]
                              at org.apache.lucene.search.comparators.TermOrdValComparator$TermOrdValLeafComparator#<init>():293 [JIT compiled code]
                              at org.apache.lucene.search.comparators.TermOrdValComparator#getLeafComparator():171 [JIT compiled code]
                              at org.apache.lucene.search.FieldValueHitQueue#getComparators():172 [JIT compiled code]
                              at org.apache.lucene.search.TopFieldCollector$TopFieldLeafCollector#<init>():60 [JIT compiled code]
                              at org.apache.lucene.search.TopFieldCollector$SimpleFieldCollector$1#<init>():200 [JIT compiled code]
                              at org.apache.lucene.search.TopFieldCollector$SimpleFieldCollector#getLeafCollector():199 [JIT compiled code]
0.65%         458M          org.apache.lucene.util.ArrayUtil#growExact():436 [Inlined code]
                              at org.apache.lucene.util.ArrayUtil#grow():448 [Inlined code]
                              at org.apache.lucene.codecs.lucene90.LZ4WithPresetDictCompressionMode$LZ4WithPresetDictDecompressor#decompress():132 [JIT compiled code]
                              at org.apache.lucene.codecs.lucene90.compressing.Lucene90CompressingStoredFieldsReader$BlockState#document():641 [JIT compiled code]
                              at org.apache.lucene.codecs.lucene90.compressing.Lucene90CompressingStoredFieldsReader#serializedDocument():673 [Inlined code]
                              at org.apache.lucene.codecs.lucene90.compressing.Lucene90CompressingStoredFieldsReader#document():691 [JIT compiled code]
                              at org.apache.lucene.index.CodecReader$1#document():101 [Inlined code]
                              at org.apache.lucene.index.BaseCompositeReader$2#document():190 [JIT compiled code]
                              at org.apache.lucene.index.StoredFields#document():68 [Inlined code]
                              at perf.SearchTask#printResults():776 [JIT compiled code]
                              at perf.UnparsedTask#printResults():85 [Interpreted code]
                              at perf.SearchPerfTest#_main():770 [Interpreted code]
0.63%         447M          perf.TaskThreads$TaskThread#run():156 [Interpreted code]
0.61%         434M          org.apache.lucene.util.ArrayUtil#growExact():436 [Inlined code]
                              at org.apache.lucene.util.ArrayUtil#grow():448 [Inlined code]
                              at org.apache.lucene.codecs.lucene90.LZ4WithPresetDictCompressionMode$LZ4WithPresetDictDecompressor#decompress():132 [JIT compiled code]
                              at org.apache.lucene.codecs.lucene90.compressing.Lucene90CompressingStoredFieldsReader$BlockState#document():641 [JIT compiled code]
                              at org.apache.lucene.codecs.lucene90.compressing.Lucene90CompressingStoredFieldsReader#serializedDocument():673 [Inlined code]
                              at org.apache.lucene.codecs.lucene90.compressing.Lucene90CompressingStoredFieldsReader#document():691 [JIT compiled code]
                              at org.apache.lucene.index.CodecReader$1#document():101 [Inlined code]
                              at org.apache.lucene.index.BaseCompositeReader$2#document():190 [JIT compiled code]
                              at org.apache.lucene.index.StoredFields#document():68 [Inlined code]
                              at perf.SearchTask#printResults():771 [JIT compiled code]
                              at perf.UnparsedTask#printResults():85 [JIT compiled code]
                              at perf.SearchPerfTest#_main():770 [Interpreted code]
0.59%         421M          org.apache.lucene.facet.sortedset.SortedSetDocValuesFacetCounts#countOneSegmentNHLD():125 [JIT compiled code]
                              at org.apache.lucene.facet.sortedset.SortedSetDocValuesFacetCounts#countAll():322 [Interpreted code]
                              at org.apache.lucene.facet.sortedset.SortedSetDocValuesFacetCounts#<init>():73 [Interpreted code]
                              at org.apache.lucene.facet.sortedset.SortedSetDocValuesFacetCounts#<init>():63 [Interpreted code]
                              at perf.SearchTask#go():290 [Interpreted code]
                              at perf.UnparsedTask#go():57 [Interpreted code]
                              at perf.TaskThreads$RunTask#call():81 [Interpreted code]
                              at perf.TaskThreads$RunTask#call():64 [Interpreted code]
                              at java.util.concurrent.FutureTask#run():328 [JIT compiled code]
                              at java.util.concurrent.ThreadPoolExecutor#runWorker():1090 [Interpreted code]
                              at java.util.concurrent.ThreadPoolExecutor$Worker#run():614 [Interpreted code]
                              at java.lang.Thread#runWith():1487 [Interpreted code]
0.53%         372M          org.apache.lucene.util.FixedBitSet#<init>():148 [Inlined code]
                              at org.apache.lucene.codecs.lucene104.Lucene104PostingsReader$BlockPostingsEnum#<init>():307 [JIT compiled code]
                              at org.apache.lucene.codecs.lucene104.Lucene104PostingsReader#postings():260 [Inlined code]
                              at org.apache.lucene.codecs.lucene103.blocktree.SegmentTermsEnum#postings():1010 [JIT compiled code]
                              at org.apache.lucene.search.comparators.TermOrdValComparator$PostingsBasedCompetitiveState#init():660 [JIT compiled code]
                              at org.apache.lucene.search.comparators.TermOrdValComparator$PostingsBasedCompetitiveState#update():615 [Inlined code]
                              at org.apache.lucene.search.comparators.TermOrdValComparator$TermOrdValLeafComparator#updateCompetitiveIterator():500 [JIT compiled code]
                              at org.apache.lucene.search.comparators.TermOrdValComparator$TermOrdValLeafComparator#setBottom():391 [JIT compiled code]
                              at org.apache.lucene.search.TopFieldCollector$TopFieldLeafCollector#collectCompetitiveHit():118 [JIT compiled code]
                              at org.apache.lucene.search.TopFieldCollector$SimpleFieldCollector$1#collect():209 [Inlined code]
                              at org.apache.lucene.search.LeafCollector$$Lambda.0x000000003c1c3570#accept() [Inlined code]
                              at org.apache.lucene.util.FixedBitSet#forEach():944 [Inlined code]
0.40%         281M          perf.TaskParser#secondPassParse():208 [Interpreted code]
                              at perf.UnparsedTask#go():53 [Interpreted code]
                              at perf.TaskThreads$RunTask#call():81 [Interpreted code]
                              at perf.TaskThreads$RunTask#call():64 [Interpreted code]
                              at java.util.concurrent.FutureTask#run():328 [JIT compiled code]
                              at java.util.concurrent.ThreadPoolExecutor#runWorker():1090 [Interpreted code]
                              at java.util.concurrent.ThreadPoolExecutor$Worker#run():614 [Interpreted code]
                              at java.lang.Thread#runWith():1487 [Interpreted code]
                              at java.lang.Thread#run():1474 [Interpreted code]
0.38%         271M          java.lang.Integer#valueOf():1006 [Inlined code]
                              at java.util.PrimitiveIterator$OfInt#next():129 [JIT compiled code]
                              at org.apache.lucene.facet.sortedset.AbstractSortedSetDocValueFacetCounts#computeTopChildren():317 [JIT compiled code]
                              at org.apache.lucene.facet.sortedset.AbstractSortedSetDocValueFacetCounts#getTopChildrenForPath():300 [Interpreted code]
                              at org.apache.lucene.facet.sortedset.AbstractSortedSetDocValueFacetCounts#getTopChildren():61 [Interpreted code]
                              at org.apache.lucene.facet.sortedset.SortedSetDocValuesFacetCounts#getTopChildren():57 [Interpreted code]
                              at perf.SearchTask#go():291 [Interpreted code]
                              at perf.UnparsedTask#go():57 [Interpreted code]
                              at perf.TaskThreads$RunTask#call():81 [Interpreted code]
                              at perf.TaskThreads$RunTask#call():64 [Interpreted code]
                              at java.util.concurrent.FutureTask#run():328 [JIT compiled code]
                              at java.util.concurrent.ThreadPoolExecutor#runWorker():1090 [Interpreted code]
0.38%         267M          org.apache.lucene.util.FixedBitSet#<init>():148 [Inlined code]
                              at org.apache.lucene.codecs.lucene104.Lucene104PostingsReader$BlockPostingsEnum#<init>():307 [JIT compiled code]
                              at org.apache.lucene.codecs.lucene104.Lucene104PostingsReader#postings():260 [Inlined code]
                              at org.apache.lucene.codecs.lucene103.blocktree.SegmentTermsEnum#postings():1010 [JIT compiled code]
                              at org.apache.lucene.search.comparators.TermOrdValComparator$PostingsBasedCompetitiveState#init():660 [JIT compiled code]
                              at org.apache.lucene.search.comparators.TermOrdValComparator$PostingsBasedCompetitiveState#update():615 [Inlined code]
                              at org.apache.lucene.search.comparators.TermOrdValComparator$TermOrdValLeafComparator#updateCompetitiveIterator():500 [JIT compiled code]
                              at org.apache.lucene.search.comparators.TermOrdValComparator$TermOrdValLeafComparator#setBottom():391 [JIT compiled code]
                              at org.apache.lucene.search.TopFieldCollector$TopFieldLeafCollector#collectCompetitiveHit():118 [JIT compiled code]
                              at org.apache.lucene.search.TopFieldCollector$SimpleFieldCollector$1#collect():209 [Inlined code]
                              at org.apache.lucene.search.LeafCollector$$Lambda.0x000000002c1c3570#accept() [Inlined code]
                              at org.apache.lucene.util.FixedBitSet#forEach():944 [Inlined code]
0.37%         264M          org.apache.lucene.util.FixedBitSet#<init>():148 [Inlined code]
                              at org.apache.lucene.codecs.lucene104.Lucene104PostingsReader$BlockPostingsEnum#<init>():307 [JIT compiled code]
                              at org.apache.lucene.codecs.lucene104.Lucene104PostingsReader#postings():260 [Inlined code]
                              at org.apache.lucene.codecs.lucene103.blocktree.SegmentTermsEnum#postings():1010 [JIT compiled code]
                              at org.apache.lucene.search.comparators.TermOrdValComparator$PostingsBasedCompetitiveState#init():660 [JIT compiled code]
                              at org.apache.lucene.search.comparators.TermOrdValComparator$PostingsBasedCompetitiveState#update():615 [Inlined code]
                              at org.apache.lucene.search.comparators.TermOrdValComparator$TermOrdValLeafComparator#updateCompetitiveIterator():500 [JIT compiled code]
                              at org.apache.lucene.search.comparators.TermOrdValComparator$TermOrdValLeafComparator#setBottom():391 [JIT compiled code]
                              at org.apache.lucene.search.TopFieldCollector$TopFieldLeafCollector#collectCompetitiveHit():118 [JIT compiled code]
                              at org.apache.lucene.search.TopFieldCollector$SimpleFieldCollector$1#collect():209 [JIT compiled code]
                              at org.apache.lucene.search.ConstantScoreBulkScorer#scoreIterator():112 [Interpreted code]
                              at org.apache.lucene.search.ConstantScoreBulkScorer#score():70 [Interpreted code]
0.36%         254M          org.apache.lucene.facet.sortedset.SortedSetDocValuesFacetCounts#countOneSegmentNHLD():125 [JIT compiled code]
                              at org.apache.lucene.facet.sortedset.SortedSetDocValuesFacetCounts#countAll():322 [Interpreted code]
                              at org.apache.lucene.facet.sortedset.SortedSetDocValuesFacetCounts#<init>():73 [Interpreted code]
                              at org.apache.lucene.facet.sortedset.SortedSetDocValuesFacetCounts#<init>():63 [Interpreted code]
                              at perf.SearchTask#go():290 [Interpreted code]
                              at perf.UnparsedTask#go():57 [JIT compiled code]
                              at perf.TaskThreads$RunTask#call():81 [JIT compiled code]
                              at perf.TaskThreads$RunTask#call():64 [JIT compiled code]
                              at java.util.concurrent.FutureTask#run():328 [JIT compiled code]
                              at java.util.concurrent.ThreadPoolExecutor#runWorker():1090 [Interpreted code]
                              at java.util.concurrent.ThreadPoolExecutor$Worker#run():614 [Interpreted code]
                              at java.lang.Thread#runWith():1487 [Interpreted code]
0.36%         252M          org.apache.lucene.util.ArrayUtil#growNoCopy():423 [Inlined code]
                              at org.apache.lucene.codecs.lucene90.compressing.Lucene90CompressingStoredFieldsReader$BlockState#doReset():503 [JIT compiled code]
                              at org.apache.lucene.codecs.lucene90.compressing.Lucene90CompressingStoredFieldsReader$BlockState#reset():472 [Inlined code]
                              at org.apache.lucene.codecs.lucene90.compressing.Lucene90CompressingStoredFieldsReader#serializedDocument():670 [Inlined code]
                              at org.apache.lucene.codecs.lucene90.compressing.Lucene90CompressingStoredFieldsReader#document():691 [JIT compiled code]
                              at org.apache.lucene.index.CodecReader$1#document():101 [Inlined code]
                              at org.apache.lucene.index.BaseCompositeReader$2#document():190 [Inlined code]
                              at org.apache.lucene.index.StoredFields#document():68 [Inlined code]
                              at perf.SearchTask#printResults():776 [JIT compiled code]
                              at perf.UnparsedTask#printResults():85 [JIT compiled code]
                              at perf.SearchPerfTest#_main():770 [Interpreted code]
                              at perf.SearchPerfTest#main():145 [Interpreted code]
0.35%         251M          org.apache.lucene.codecs.lucene104.Lucene104PostingsReader$BlockPostingsEnum#<init>():302 [JIT compiled code]
                              at org.apache.lucene.codecs.lucene104.Lucene104PostingsReader#postings():260 [Inlined code]
                              at org.apache.lucene.codecs.lucene103.blocktree.SegmentTermsEnum#postings():1010 [JIT compiled code]
                              at org.apache.lucene.search.comparators.TermOrdValComparator$PostingsBasedCompetitiveState#init():660 [JIT compiled code]
                              at org.apache.lucene.search.comparators.TermOrdValComparator$PostingsBasedCompetitiveState#update():615 [Inlined code]
                              at org.apache.lucene.search.comparators.TermOrdValComparator$TermOrdValLeafComparator#updateCompetitiveIterator():500 [JIT compiled code]
                              at org.apache.lucene.search.comparators.TermOrdValComparator$TermOrdValLeafComparator#setBottom():391 [JIT compiled code]
                              at org.apache.lucene.search.TopFieldCollector$TopFieldLeafCollector#collectCompetitiveHit():118 [JIT compiled code]
                              at org.apache.lucene.search.TopFieldCollector$SimpleFieldCollector$1#collect():209 [Inlined code]
                              at org.apache.lucene.search.LeafCollector$$Lambda.0x000000003c1c3570#accept() [Inlined code]
                              at org.apache.lucene.util.FixedBitSet#forEach():944 [Inlined code]
                              at org.apache.lucene.util.FixedBitSet#forEach():931 [JIT compiled code]
0.34%         241M          org.apache.lucene.codecs.lucene104.Lucene104PostingsReader$BlockPostingsEnum#<init>():335 [JIT compiled code]
                              at org.apache.lucene.codecs.lucene104.Lucene104PostingsReader#postings():260 [Inlined code]
                              at org.apache.lucene.codecs.lucene103.blocktree.SegmentTermsEnum#postings():1010 [JIT compiled code]
                              at org.apache.lucene.search.comparators.TermOrdValComparator$PostingsBasedCompetitiveState#init():660 [JIT compiled code]
                              at org.apache.lucene.search.comparators.TermOrdValComparator$PostingsBasedCompetitiveState#update():615 [Inlined code]
                              at org.apache.lucene.search.comparators.TermOrdValComparator$TermOrdValLeafComparator#updateCompetitiveIterator():500 [JIT compiled code]
                              at org.apache.lucene.search.comparators.TermOrdValComparator$TermOrdValLeafComparator#setBottom():391 [JIT compiled code]
                              at org.apache.lucene.search.TopFieldCollector$TopFieldLeafCollector#collectCompetitiveHit():118 [JIT compiled code]
                              at org.apache.lucene.search.TopFieldCollector$SimpleFieldCollector$1#collect():209 [Inlined code]
                              at org.apache.lucene.search.LeafCollector$$Lambda.0x000000003c1c3570#accept() [Inlined code]
                              at org.apache.lucene.util.FixedBitSet#forEach():944 [Inlined code]
                              at org.apache.lucene.util.FixedBitSet#forEach():931 [JIT compiled code]
0.30%         215M          jdk.internal.classfile.impl.EntryMap#<init>():77 [Inlined code]
                              at jdk.internal.classfile.impl.SplitConstantPool#map():182 [Inlined code]
                              at jdk.internal.classfile.impl.SplitConstantPool#tryFindClassOrInterface():403 [Inlined code]
                              at jdk.internal.classfile.impl.SplitConstantPool#classEntryForClassOrInterface():438 [Inlined code]
                              at jdk.internal.classfile.impl.SplitConstantPool#classEntry():514 [JIT compiled code]
                              at java.lang.invoke.InnerClassLambdaMetafactory#<init>():155 [Interpreted code]
                              at java.lang.invoke.LambdaMetafactory#metafactory():349 [Interpreted code]
                              at java.lang.invoke.DirectMethodHandle$Holder#invokeStatic() [Interpreted code]
                              at java.lang.invoke.BootstrapMethodInvoker#invoke():134 [Interpreted code]
                              at java.lang.invoke.CallSite#makeSite():310 [Interpreted code]
                              at java.lang.invoke.MethodHandleNatives#linkCallSiteImpl():250 [Interpreted code]
                              at java.lang.invoke.MethodHandleNatives#linkCallSite():240 [Interpreted code]
0.30%         214M          org.apache.lucene.search.similarities.BM25Similarity#scorer():217 [Interpreted code]
                              at org.apache.lucene.search.TermQuery$TermWeight#<init>():81 [Interpreted code]
                              at org.apache.lucene.search.TermQuery#createWeight():304 [Interpreted code]
                              at org.apache.lucene.search.IndexSearcher#createWeight():978 [Interpreted code]
                              at org.apache.lucene.search.IndexSearcher#search():754 [Interpreted code]
                              at org.apache.lucene.search.IndexSearcher#searchAfter():601 [Interpreted code]
                              at org.apache.lucene.search.IndexSearcher#search():624 [Interpreted code]
                              at perf.TypePolluter#runQueries():179 [Interpreted code]
                              at perf.TypePolluter#pollute():97 [Interpreted code]
                              at perf.SearchPerfTest#_main():282 [Interpreted code]
                              at perf.SearchPerfTest#main():145 [Interpreted code]
0.30%         214M          java.util.concurrent.locks.AbstractQueuedSynchronizer#acquire():769 [Interpreted code]
                              at java.util.concurrent.locks.AbstractQueuedSynchronizer#acquireSharedInterruptibly():1140 [Interpreted code]
                              at java.util.concurrent.CountDownLatch#await():230 [Interpreted code]
                              at perf.TaskThreads$TaskThread#run():126 [Interpreted code]

