Using java from: /home/goankur/jdk/corretto-25/bin/
use java command /home/goankur/jdk/corretto-25/bin/java -server -Xms2g -Xmx2g --add-modules jdk.incubator.vector -XX:+HeapDumpOnOutOfMemoryError -XX:+UseParallelGC
NOTE: perf executable is /usr/bin/perf; will collect aggregate CPU profiling data
NOTE: vmstat executable is /usr/bin/vmstat; will collect system-wide CPU/IO telemetry
WARNING: no gnuplot executable; will not generate system-wide CPU/IO graphs from vmstat
Using checkout:[/home/goankur/vsearch/bo/lucene-J] for competitor:[armJ]
Using checkout:[/home/goankur/vsearch/bo/lucene-A] for competitor:[armA]
Removing old JFR /home/goankur/vsearch/logs/bench-search-FGAc-armA-6.jfr...
Removing old JFR /home/goankur/vsearch/logs/bench-search-FGAc-armG-6.jfr...
Removing old JFR /home/goankur/vsearch/logs/bench-search-FGAc-armG-7.jfr...
Removing old JFR /home/goankur/vsearch/logs/bench-search-FGAc-armA-7.jfr...
Removing old JFR /home/goankur/vsearch/logs/bench-search-FGAc-armA-8.jfr...
Removing old JFR /home/goankur/vsearch/logs/bench-search-FGAc-armG-8.jfr...
Removing old JFR /home/goankur/vsearch/logs/bench-search-FGAc-armG-9.jfr...
Removing old JFR /home/goankur/vsearch/logs/bench-search-FGAc-armA-9.jfr...
Removing old JFR /home/goankur/vsearch/logs/bench-search-FGAc-armA-10.jfr...
Removing old JFR /home/goankur/vsearch/logs/bench-search-FGAc-armG-10.jfr...
Removing old JFR /home/goankur/vsearch/logs/bench-search-FGAc-armG-11.jfr...
Removing old JFR /home/goankur/vsearch/logs/bench-search-FGAc-armA-11.jfr...
Removing old JFR /home/goankur/vsearch/logs/bench-search-FGAc-armA-12.jfr...
Removing old JFR /home/goankur/vsearch/logs/bench-search-FGAc-armG-12.jfr...
Removing old JFR /home/goankur/vsearch/logs/bench-search-FGAc-armG-13.jfr...
Removing old JFR /home/goankur/vsearch/logs/bench-search-FGAc-armA-13.jfr...
Removing old JFR /home/goankur/vsearch/logs/bench-search-FGAc-armA-14.jfr...
Removing old JFR /home/goankur/vsearch/logs/bench-search-FGAc-armG-14.jfr...
Removing old JFR /home/goankur/vsearch/logs/bench-search-FGAc-armG-15.jfr...
Removing old JFR /home/goankur/vsearch/logs/bench-search-FGAc-armA-15.jfr...
Removing old JFR /home/goankur/vsearch/logs/bench-search-FGAc-armA-16.jfr...
Removing old JFR /home/goankur/vsearch/logs/bench-search-FGAc-armG-16.jfr...
Removing old JFR /home/goankur/vsearch/logs/bench-search-FGAc-armG-17.jfr...
Removing old JFR /home/goankur/vsearch/logs/bench-search-FGAc-armA-17.jfr...
Removing old JFR /home/goankur/vsearch/logs/bench-search-FGAc-armA-18.jfr...
Removing old JFR /home/goankur/vsearch/logs/bench-search-FGAc-armG-18.jfr...
Removing old JFR /home/goankur/vsearch/logs/bench-search-FGAc-armG-19.jfr...
Removing old JFR /home/goankur/vsearch/logs/bench-search-FGAc-armA-19.jfr...
Removing old JFR /home/goankur/vsearch/logs/bench-search-FGAc-armG-2.jfr...
Removing old JFR /home/goankur/vsearch/logs/bench-search-FGAc-armG-3.jfr...
Removing old JFR /home/goankur/vsearch/logs/bench-search-FGAc-armA-3.jfr...
Removing old JFR /home/goankur/vsearch/logs/bench-search-FGAc-armA-4.jfr...
Removing old JFR /home/goankur/vsearch/logs/bench-search-FGAc-armG-4.jfr...
Removing old JFR /home/goankur/vsearch/logs/bench-search-FGAc-armG-5.jfr...
Removing old JFR /home/goankur/vsearch/logs/bench-search-FGAc-armA-5.jfr...
Removing old JFR /home/goankur/vsearch/logs/bench-search-FGAc-armA-0.jfr...
Removing old JFR /home/goankur/vsearch/logs/bench-search-FGAc-armG-0.jfr...
Removing old JFR /home/goankur/vsearch/logs/bench-search-FGAc-armG-1.jfr...
Removing old JFR /home/goankur/vsearch/logs/bench-search-FGAc-armA-1.jfr...
Removing old JFR /home/goankur/vsearch/logs/bench-search-FGAc-armA-2.jfr...

JAVA:
WARNING: Using incubator modules: jdk.incubator.vector
openjdk version "25.0.4.1" 2026-08-18 LTS
OpenJDK Runtime Environment Corretto-25.0.4.8.1 (build 25.0.4.1+8-LTS)
OpenJDK 64-Bit Server VM Corretto-25.0.4.8.1 (build 25.0.4.1+8-LTS, mixed mode, sharing)


OS:
Linux ip-10-0-2-83.us-east-2.compute.internal 6.18.51-120.163.amzn2023.x86_64 #2 SMP PREEMPT_DYNAMIC Fri Sep 25 01:45:40 UTC 2026 x86_64 x86_64 x86_64 GNU/Linux


LOGS:
/home/goankur/vsearch/logs

Compile:
compile lucene:core...
    run: ['./gradlew', 'lucene:core:jar'], cwd=/home/goankur/vsearch/bo/lucene-A vmstatLogFile=None topLogFile=None
  /home/goankur/vsearch/bo/lucene-A/lucene/benchmark
files ['/home/goankur/vsearch/util/src/main/perf/Args.java', '/home/goankur/vsearch/util/src/main/perf/BatchPKLookup.java', '/home/goankur/vsearch/util/src/main/perf/BenchRearranger.java', '/home/goankur/vsearch/util/src/main/perf/CreateQueries.java', '/home/goankur/vsearch/util/src/main/perf/DiskUsage.java', '/home/goankur/vsearch/util/src/main/perf/IndexAndSearchOpenStreetMaps.java', '/home/goankur/vsearch/util/src/main/perf/IndexState.java', '/home/goankur/vsearch/util/src/main/perf/IndexTaxis.java', '/home/goankur/vsearch/util/src/main/perf/IndexThreads.java', '/home/goankur/vsearch/util/src/main/perf/Indexer.java', '/home/goankur/vsearch/util/src/main/perf/KeepNoCommitsDeletionPolicy.java', '/home/goankur/vsearch/util/src/main/perf/LineFileDocs.java', '/home/goankur/vsearch/util/src/main/perf/LocalTaskSource.java', '/home/goankur/vsearch/util/src/main/perf/NRTPerfTest.java', '/home/goankur/vsearch/util/src/main/perf/OpenCloseIndexWriter.java', '/home/goankur/vsearch/util/src/main/perf/OpenDirectory.java', '/home/goankur/vsearch/util/src/main/perf/PKLookupWithTermStateTask.java', '/home/goankur/vsearch/util/src/main/perf/PerfUtils.java', '/home/goankur/vsearch/util/src/main/perf/PointsPKLookupTask.java', '/home/goankur/vsearch/util/src/main/perf/RandomQuery.java', '/home/goankur/vsearch/util/src/main/perf/RemoteTaskSource.java', '/home/goankur/vsearch/util/src/main/perf/RespellTask.java', '/home/goankur/vsearch/util/src/main/perf/SearchPerfTest.java', '/home/goankur/vsearch/util/src/main/perf/SearchTask.java', '/home/goankur/vsearch/util/src/main/perf/SearchTaxis.java', '/home/goankur/vsearch/util/src/main/perf/StatisticsHelper.java', '/home/goankur/vsearch/util/src/main/perf/StringFieldDocSelector.java', '/home/goankur/vsearch/util/src/main/perf/Task.java', '/home/goankur/vsearch/util/src/main/perf/TaskParser.java', '/home/goankur/vsearch/util/src/main/perf/TaskParserFactory.java', '/home/goankur/vsearch/util/src/main/perf/TaskSource.java', '/home/goankur/vsearch/util/src/main/perf/TaskThreads.java', '/home/goankur/vsearch/util/src/main/perf/TestContext.java', '/home/goankur/vsearch/util/src/main/perf/TypePolluter.java', '/home/goankur/vsearch/util/src/main/perf/UnparsedTask.java', '/home/goankur/vsearch/util/src/main/perf/VectorDictionary.java']
compile: /home/goankur/jdk/corretto-25/bin/javac -g -d /home/goankur/vsearch/util/build -classpath /home/goankur/vsearch/bo/lucene-A/lucene/core/build/libs/lucene-core-11.0.0-SNAPSHOT.jar:/home/goankur/vsearch/bo/lucene-A/lucene/sandbox/build/classes/java/main:/home/goankur/vsearch/bo/lucene-A/lucene/misc/build/classes/java/main:/home/goankur/vsearch/bo/lucene-A/lucene/facet/build/classes/java/main:/home/goankur/vsearch/bo/lucene-A/lucene/analysis/common/build/classes/java/main:/home/goankur/vsearch/bo/lucene-A/lucene/analysis/icu/build/classes/java/main:/home/goankur/vsearch/bo/lucene-A/lucene/queryparser/build/classes/java/main:/home/goankur/vsearch/bo/lucene-A/lucene/grouping/build/classes/java/main:/home/goankur/vsearch/bo/lucene-A/lucene/suggest/build/classes/java/main:/home/goankur/vsearch/bo/lucene-A/lucene/highlighter/build/classes/java/main:/home/goankur/vsearch/bo/lucene-A/lucene/codecs/build/classes/java/main:/home/goankur/vsearch/bo/lucene-A/lucene/queries/build/classes/java/main:/home/goankur/vsearch/bo/lucene-A/lucene/join/build/classes/java/main:/home/goankur/vsearch/bo/lucene-A/lucene/spatial3d/build/classes/java/main:/home/goankur/vsearch/util/lib/HdrHistogram.jar:/home/goankur/vsearch/util/src/main/build/classes/java/main:/home/goankur/vsearch/util/build /home/goankur/vsearch/util/src/main/perf/Args.java /home/goankur/vsearch/util/src/main/perf/BatchPKLookup.java /home/goankur/vsearch/util/src/main/perf/BenchRearranger.java /home/goankur/vsearch/util/src/main/perf/CreateQueries.java /home/goankur/vsearch/util/src/main/perf/DiskUsage.java /home/goankur/vsearch/util/src/main/perf/IndexAndSearchOpenStreetMaps.java /home/goankur/vsearch/util/src/main/perf/IndexState.java /home/goankur/vsearch/util/src/main/perf/IndexTaxis.java /home/goankur/vsearch/util/src/main/perf/IndexThreads.java /home/goankur/vsearch/util/src/main/perf/Indexer.java /home/goankur/vsearch/util/src/main/perf/KeepNoCommitsDeletionPolicy.java /home/goankur/vsearch/util/src/main/perf/LineFileDocs.java /home/goankur/vsearch/util/src/main/perf/LocalTaskSource.java /home/goankur/vsearch/util/src/main/perf/NRTPerfTest.java /home/goankur/vsearch/util/src/main/perf/OpenCloseIndexWriter.java /home/goankur/vsearch/util/src/main/perf/OpenDirectory.java /home/goankur/vsearch/util/src/main/perf/PKLookupWithTermStateTask.java /home/goankur/vsearch/util/src/main/perf/PerfUtils.java /home/goankur/vsearch/util/src/main/perf/PointsPKLookupTask.java /home/goankur/vsearch/util/src/main/perf/RandomQuery.java /home/goankur/vsearch/util/src/main/perf/RemoteTaskSource.java /home/goankur/vsearch/util/src/main/perf/RespellTask.java /home/goankur/vsearch/util/src/main/perf/SearchPerfTest.java /home/goankur/vsearch/util/src/main/perf/SearchTask.java /home/goankur/vsearch/util/src/main/perf/SearchTaxis.java /home/goankur/vsearch/util/src/main/perf/StatisticsHelper.java /home/goankur/vsearch/util/src/main/perf/StringFieldDocSelector.java /home/goankur/vsearch/util/src/main/perf/Task.java /home/goankur/vsearch/util/src/main/perf/TaskParser.java /home/goankur/vsearch/util/src/main/perf/TaskParserFactory.java /home/goankur/vsearch/util/src/main/perf/TaskSource.java /home/goankur/vsearch/util/src/main/perf/TaskThreads.java /home/goankur/vsearch/util/src/main/perf/TestContext.java /home/goankur/vsearch/util/src/main/perf/TypePolluter.java /home/goankur/vsearch/util/src/main/perf/UnparsedTask.java /home/goankur/vsearch/util/src/main/perf/VectorDictionary.java
    run: ['/home/goankur/jdk/corretto-25/bin/javac', '-g', '-d', '/home/goankur/vsearch/util/build', '-classpath', '/home/goankur/vsearch/bo/lucene-A/lucene/core/build/libs/lucene-core-11.0.0-SNAPSHOT.jar:/home/goankur/vsearch/bo/lucene-A/lucene/sandbox/build/classes/java/main:/home/goankur/vsearch/bo/lucene-A/lucene/misc/build/classes/java/main:/home/goankur/vsearch/bo/lucene-A/lucene/facet/build/classes/java/main:/home/goankur/vsearch/bo/lucene-A/lucene/analysis/common/build/classes/java/main:/home/goankur/vsearch/bo/lucene-A/lucene/analysis/icu/build/classes/java/main:/home/goankur/vsearch/bo/lucene-A/lucene/queryparser/build/classes/java/main:/home/goankur/vsearch/bo/lucene-A/lucene/grouping/build/classes/java/main:/home/goankur/vsearch/bo/lucene-A/lucene/suggest/build/classes/java/main:/home/goankur/vsearch/bo/lucene-A/lucene/highlighter/build/classes/java/main:/home/goankur/vsearch/bo/lucene-A/lucene/codecs/build/classes/java/main:/home/goankur/vsearch/bo/lucene-A/lucene/queries/build/classes/java/main:/home/goankur/vsearch/bo/lucene-A/lucene/join/build/classes/java/main:/home/goankur/vsearch/bo/lucene-A/lucene/spatial3d/build/classes/java/main:/home/goankur/vsearch/util/lib/HdrHistogram.jar:/home/goankur/vsearch/util/src/main/build/classes/java/main:/home/goankur/vsearch/util/build', '/home/goankur/vsearch/util/src/main/perf/Args.java', '/home/goankur/vsearch/util/src/main/perf/BatchPKLookup.java', '/home/goankur/vsearch/util/src/main/perf/BenchRearranger.java', '/home/goankur/vsearch/util/src/main/perf/CreateQueries.java', '/home/goankur/vsearch/util/src/main/perf/DiskUsage.java', '/home/goankur/vsearch/util/src/main/perf/IndexAndSearchOpenStreetMaps.java', '/home/goankur/vsearch/util/src/main/perf/IndexState.java', '/home/goankur/vsearch/util/src/main/perf/IndexTaxis.java', '/home/goankur/vsearch/util/src/main/perf/IndexThreads.java', '/home/goankur/vsearch/util/src/main/perf/Indexer.java', '/home/goankur/vsearch/util/src/main/perf/KeepNoCommitsDeletionPolicy.java', '/home/goankur/vsearch/util/src/main/perf/LineFileDocs.java', '/home/goankur/vsearch/util/src/main/perf/LocalTaskSource.java', '/home/goankur/vsearch/util/src/main/perf/NRTPerfTest.java', '/home/goankur/vsearch/util/src/main/perf/OpenCloseIndexWriter.java', '/home/goankur/vsearch/util/src/main/perf/OpenDirectory.java', '/home/goankur/vsearch/util/src/main/perf/PKLookupWithTermStateTask.java', '/home/goankur/vsearch/util/src/main/perf/PerfUtils.java', '/home/goankur/vsearch/util/src/main/perf/PointsPKLookupTask.java', '/home/goankur/vsearch/util/src/main/perf/RandomQuery.java', '/home/goankur/vsearch/util/src/main/perf/RemoteTaskSource.java', '/home/goankur/vsearch/util/src/main/perf/RespellTask.java', '/home/goankur/vsearch/util/src/main/perf/SearchPerfTest.java', '/home/goankur/vsearch/util/src/main/perf/SearchTask.java', '/home/goankur/vsearch/util/src/main/perf/SearchTaxis.java', '/home/goankur/vsearch/util/src/main/perf/StatisticsHelper.java', '/home/goankur/vsearch/util/src/main/perf/StringFieldDocSelector.java', '/home/goankur/vsearch/util/src/main/perf/Task.java', '/home/goankur/vsearch/util/src/main/perf/TaskParser.java', '/home/goankur/vsearch/util/src/main/perf/TaskParserFactory.java', '/home/goankur/vsearch/util/src/main/perf/TaskSource.java', '/home/goankur/vsearch/util/src/main/perf/TaskThreads.java', '/home/goankur/vsearch/util/src/main/perf/TestContext.java', '/home/goankur/vsearch/util/src/main/perf/TypePolluter.java', '/home/goankur/vsearch/util/src/main/perf/UnparsedTask.java', '/home/goankur/vsearch/util/src/main/perf/VectorDictionary.java'], cwd=/home/goankur/vsearch/bo/lucene-A/lucene/benchmark vmstatLogFile=None topLogFile=None
compile lucene:core...
    run: ['./gradlew', 'lucene:core:jar'], cwd=/home/goankur/vsearch/bo/lucene-J vmstatLogFile=None topLogFile=None
  /home/goankur/vsearch/bo/lucene-J/lucene/benchmark
files ['/home/goankur/vsearch/util/src/main/perf/Args.java', '/home/goankur/vsearch/util/src/main/perf/BatchPKLookup.java', '/home/goankur/vsearch/util/src/main/perf/BenchRearranger.java', '/home/goankur/vsearch/util/src/main/perf/CreateQueries.java', '/home/goankur/vsearch/util/src/main/perf/DiskUsage.java', '/home/goankur/vsearch/util/src/main/perf/IndexAndSearchOpenStreetMaps.java', '/home/goankur/vsearch/util/src/main/perf/IndexState.java', '/home/goankur/vsearch/util/src/main/perf/IndexTaxis.java', '/home/goankur/vsearch/util/src/main/perf/IndexThreads.java', '/home/goankur/vsearch/util/src/main/perf/Indexer.java', '/home/goankur/vsearch/util/src/main/perf/KeepNoCommitsDeletionPolicy.java', '/home/goankur/vsearch/util/src/main/perf/LineFileDocs.java', '/home/goankur/vsearch/util/src/main/perf/LocalTaskSource.java', '/home/goankur/vsearch/util/src/main/perf/NRTPerfTest.java', '/home/goankur/vsearch/util/src/main/perf/OpenCloseIndexWriter.java', '/home/goankur/vsearch/util/src/main/perf/OpenDirectory.java', '/home/goankur/vsearch/util/src/main/perf/PKLookupWithTermStateTask.java', '/home/goankur/vsearch/util/src/main/perf/PerfUtils.java', '/home/goankur/vsearch/util/src/main/perf/PointsPKLookupTask.java', '/home/goankur/vsearch/util/src/main/perf/RandomQuery.java', '/home/goankur/vsearch/util/src/main/perf/RemoteTaskSource.java', '/home/goankur/vsearch/util/src/main/perf/RespellTask.java', '/home/goankur/vsearch/util/src/main/perf/SearchPerfTest.java', '/home/goankur/vsearch/util/src/main/perf/SearchTask.java', '/home/goankur/vsearch/util/src/main/perf/SearchTaxis.java', '/home/goankur/vsearch/util/src/main/perf/StatisticsHelper.java', '/home/goankur/vsearch/util/src/main/perf/StringFieldDocSelector.java', '/home/goankur/vsearch/util/src/main/perf/Task.java', '/home/goankur/vsearch/util/src/main/perf/TaskParser.java', '/home/goankur/vsearch/util/src/main/perf/TaskParserFactory.java', '/home/goankur/vsearch/util/src/main/perf/TaskSource.java', '/home/goankur/vsearch/util/src/main/perf/TaskThreads.java', '/home/goankur/vsearch/util/src/main/perf/TestContext.java', '/home/goankur/vsearch/util/src/main/perf/TypePolluter.java', '/home/goankur/vsearch/util/src/main/perf/UnparsedTask.java', '/home/goankur/vsearch/util/src/main/perf/VectorDictionary.java']
compile: /home/goankur/jdk/corretto-25/bin/javac -g -d /home/goankur/vsearch/util/build -classpath /home/goankur/vsearch/bo/lucene-J/lucene/core/build/libs/lucene-core-11.0.0-SNAPSHOT.jar:/home/goankur/vsearch/bo/lucene-J/lucene/sandbox/build/classes/java/main:/home/goankur/vsearch/bo/lucene-J/lucene/misc/build/classes/java/main:/home/goankur/vsearch/bo/lucene-J/lucene/facet/build/classes/java/main:/home/goankur/vsearch/bo/lucene-J/lucene/analysis/common/build/classes/java/main:/home/goankur/vsearch/bo/lucene-J/lucene/analysis/icu/build/classes/java/main:/home/goankur/vsearch/bo/lucene-J/lucene/queryparser/build/classes/java/main:/home/goankur/vsearch/bo/lucene-J/lucene/grouping/build/classes/java/main:/home/goankur/vsearch/bo/lucene-J/lucene/suggest/build/classes/java/main:/home/goankur/vsearch/bo/lucene-J/lucene/highlighter/build/classes/java/main:/home/goankur/vsearch/bo/lucene-J/lucene/codecs/build/classes/java/main:/home/goankur/vsearch/bo/lucene-J/lucene/queries/build/classes/java/main:/home/goankur/vsearch/bo/lucene-J/lucene/join/build/classes/java/main:/home/goankur/vsearch/bo/lucene-J/lucene/spatial3d/build/classes/java/main:/home/goankur/vsearch/util/lib/HdrHistogram.jar:/home/goankur/vsearch/util/src/main/build/classes/java/main:/home/goankur/vsearch/util/build /home/goankur/vsearch/util/src/main/perf/Args.java /home/goankur/vsearch/util/src/main/perf/BatchPKLookup.java /home/goankur/vsearch/util/src/main/perf/BenchRearranger.java /home/goankur/vsearch/util/src/main/perf/CreateQueries.java /home/goankur/vsearch/util/src/main/perf/DiskUsage.java /home/goankur/vsearch/util/src/main/perf/IndexAndSearchOpenStreetMaps.java /home/goankur/vsearch/util/src/main/perf/IndexState.java /home/goankur/vsearch/util/src/main/perf/IndexTaxis.java /home/goankur/vsearch/util/src/main/perf/IndexThreads.java /home/goankur/vsearch/util/src/main/perf/Indexer.java /home/goankur/vsearch/util/src/main/perf/KeepNoCommitsDeletionPolicy.java /home/goankur/vsearch/util/src/main/perf/LineFileDocs.java /home/goankur/vsearch/util/src/main/perf/LocalTaskSource.java /home/goankur/vsearch/util/src/main/perf/NRTPerfTest.java /home/goankur/vsearch/util/src/main/perf/OpenCloseIndexWriter.java /home/goankur/vsearch/util/src/main/perf/OpenDirectory.java /home/goankur/vsearch/util/src/main/perf/PKLookupWithTermStateTask.java /home/goankur/vsearch/util/src/main/perf/PerfUtils.java /home/goankur/vsearch/util/src/main/perf/PointsPKLookupTask.java /home/goankur/vsearch/util/src/main/perf/RandomQuery.java /home/goankur/vsearch/util/src/main/perf/RemoteTaskSource.java /home/goankur/vsearch/util/src/main/perf/RespellTask.java /home/goankur/vsearch/util/src/main/perf/SearchPerfTest.java /home/goankur/vsearch/util/src/main/perf/SearchTask.java /home/goankur/vsearch/util/src/main/perf/SearchTaxis.java /home/goankur/vsearch/util/src/main/perf/StatisticsHelper.java /home/goankur/vsearch/util/src/main/perf/StringFieldDocSelector.java /home/goankur/vsearch/util/src/main/perf/Task.java /home/goankur/vsearch/util/src/main/perf/TaskParser.java /home/goankur/vsearch/util/src/main/perf/TaskParserFactory.java /home/goankur/vsearch/util/src/main/perf/TaskSource.java /home/goankur/vsearch/util/src/main/perf/TaskThreads.java /home/goankur/vsearch/util/src/main/perf/TestContext.java /home/goankur/vsearch/util/src/main/perf/TypePolluter.java /home/goankur/vsearch/util/src/main/perf/UnparsedTask.java /home/goankur/vsearch/util/src/main/perf/VectorDictionary.java
    run: ['/home/goankur/jdk/corretto-25/bin/javac', '-g', '-d', '/home/goankur/vsearch/util/build', '-classpath', '/home/goankur/vsearch/bo/lucene-J/lucene/core/build/libs/lucene-core-11.0.0-SNAPSHOT.jar:/home/goankur/vsearch/bo/lucene-J/lucene/sandbox/build/classes/java/main:/home/goankur/vsearch/bo/lucene-J/lucene/misc/build/classes/java/main:/home/goankur/vsearch/bo/lucene-J/lucene/facet/build/classes/java/main:/home/goankur/vsearch/bo/lucene-J/lucene/analysis/common/build/classes/java/main:/home/goankur/vsearch/bo/lucene-J/lucene/analysis/icu/build/classes/java/main:/home/goankur/vsearch/bo/lucene-J/lucene/queryparser/build/classes/java/main:/home/goankur/vsearch/bo/lucene-J/lucene/grouping/build/classes/java/main:/home/goankur/vsearch/bo/lucene-J/lucene/suggest/build/classes/java/main:/home/goankur/vsearch/bo/lucene-J/lucene/highlighter/build/classes/java/main:/home/goankur/vsearch/bo/lucene-J/lucene/codecs/build/classes/java/main:/home/goankur/vsearch/bo/lucene-J/lucene/queries/build/classes/java/main:/home/goankur/vsearch/bo/lucene-J/lucene/join/build/classes/java/main:/home/goankur/vsearch/bo/lucene-J/lucene/spatial3d/build/classes/java/main:/home/goankur/vsearch/util/lib/HdrHistogram.jar:/home/goankur/vsearch/util/src/main/build/classes/java/main:/home/goankur/vsearch/util/build', '/home/goankur/vsearch/util/src/main/perf/Args.java', '/home/goankur/vsearch/util/src/main/perf/BatchPKLookup.java', '/home/goankur/vsearch/util/src/main/perf/BenchRearranger.java', '/home/goankur/vsearch/util/src/main/perf/CreateQueries.java', '/home/goankur/vsearch/util/src/main/perf/DiskUsage.java', '/home/goankur/vsearch/util/src/main/perf/IndexAndSearchOpenStreetMaps.java', '/home/goankur/vsearch/util/src/main/perf/IndexState.java', '/home/goankur/vsearch/util/src/main/perf/IndexTaxis.java', '/home/goankur/vsearch/util/src/main/perf/IndexThreads.java', '/home/goankur/vsearch/util/src/main/perf/Indexer.java', '/home/goankur/vsearch/util/src/main/perf/KeepNoCommitsDeletionPolicy.java', '/home/goankur/vsearch/util/src/main/perf/LineFileDocs.java', '/home/goankur/vsearch/util/src/main/perf/LocalTaskSource.java', '/home/goankur/vsearch/util/src/main/perf/NRTPerfTest.java', '/home/goankur/vsearch/util/src/main/perf/OpenCloseIndexWriter.java', '/home/goankur/vsearch/util/src/main/perf/OpenDirectory.java', '/home/goankur/vsearch/util/src/main/perf/PKLookupWithTermStateTask.java', '/home/goankur/vsearch/util/src/main/perf/PerfUtils.java', '/home/goankur/vsearch/util/src/main/perf/PointsPKLookupTask.java', '/home/goankur/vsearch/util/src/main/perf/RandomQuery.java', '/home/goankur/vsearch/util/src/main/perf/RemoteTaskSource.java', '/home/goankur/vsearch/util/src/main/perf/RespellTask.java', '/home/goankur/vsearch/util/src/main/perf/SearchPerfTest.java', '/home/goankur/vsearch/util/src/main/perf/SearchTask.java', '/home/goankur/vsearch/util/src/main/perf/SearchTaxis.java', '/home/goankur/vsearch/util/src/main/perf/StatisticsHelper.java', '/home/goankur/vsearch/util/src/main/perf/StringFieldDocSelector.java', '/home/goankur/vsearch/util/src/main/perf/Task.java', '/home/goankur/vsearch/util/src/main/perf/TaskParser.java', '/home/goankur/vsearch/util/src/main/perf/TaskParserFactory.java', '/home/goankur/vsearch/util/src/main/perf/TaskSource.java', '/home/goankur/vsearch/util/src/main/perf/TaskThreads.java', '/home/goankur/vsearch/util/src/main/perf/TestContext.java', '/home/goankur/vsearch/util/src/main/perf/TypePolluter.java', '/home/goankur/vsearch/util/src/main/perf/UnparsedTask.java', '/home/goankur/vsearch/util/src/main/perf/VectorDictionary.java'], cwd=/home/goankur/vsearch/bo/lucene-J/lucene/benchmark vmstatLogFile=None topLogFile=None

Create indices:
  /home/goankur/vsearch/indices/wikimedium10m.lucene-A.facets.taxonomy:Date.taxonomy:Month.taxonomy:DayOfYear.sortedset:Date.sortedset:Month.sortedset:DayOfYear.taxonomy:RandomLabel.sortedset:RandomLabel.Lucene90.Lucene104.dvfields.nd10M: already exists
    tasks file: /home/goankur/vsearch/util/tasks/wikimedium.10M.nostopwords.tasks

Search:
  iter 0
    armA:
      NOTE: using experimental CPU time profiler (see https://mostlynerdless.de/blog/2025/06/11/java-25s-new-cpu-time-profiler-1)
      log: /home/goankur/vsearch/logs/FJAc.armA.0 + stdout
      run: /usr/bin/perf stat -dd -e task-clock,cycles,instructions,cache-references,cache-misses,L1-dcache-loads,L1-dcache-load-misses,L1-icache-loads,L1-icache-load-misses,LLC-loads,LLC-load-misses,LLC-stores,LLC-store-misses,LLC-prefetches,LLC-prefetch-misses,faults,minor-faults,major-faults,branches,branch-misses,stalled-cycles-frontend,stalled-cycles-backend /home/goankur/jdk/corretto-25/bin/java -server -Xms2g -Xmx2g --add-modules jdk.incubator.vector -XX:+HeapDumpOnOutOfMemoryError -XX:+UseParallelGC -XX:StartFlightRecording=jdk.CPUTimeSample#enabled=true,dumponexit=true,maxsize=250M,settings=/home/goankur/vsearch/util/src/python/profiling.jfc,filename=/home/goankur/vsearch/logs/bench-search-FJAc-armA-0.jfr -XX:+UnlockDiagnosticVMOptions -XX:+DebugNonSafepoints -classpath /home/goankur/vsearch/bo/lucene-A/lucene/core/build/libs/lucene-core-11.0.0-SNAPSHOT.jar:/home/goankur/vsearch/bo/lucene-A/lucene/sandbox/build/classes/java/main:/home/goankur/vsearch/bo/lucene-A/lucene/misc/build/classes/java/main:/home/goankur/vsearch/bo/lucene-A/lucene/facet/build/classes/java/main:/home/goankur/vsearch/bo/lucene-A/lucene/analysis/common/build/classes/java/main:/home/goankur/vsearch/bo/lucene-A/lucene/analysis/icu/build/classes/java/main:/home/goankur/vsearch/bo/lucene-A/lucene/queryparser/build/classes/java/main:/home/goankur/vsearch/bo/lucene-A/lucene/grouping/build/classes/java/main:/home/goankur/vsearch/bo/lucene-A/lucene/suggest/build/classes/java/main:/home/goankur/vsearch/bo/lucene-A/lucene/highlighter/build/classes/java/main:/home/goankur/vsearch/bo/lucene-A/lucene/codecs/build/classes/java/main:/home/goankur/vsearch/bo/lucene-A/lucene/queries/build/classes/java/main:/home/goankur/vsearch/bo/lucene-A/lucene/join/build/classes/java/main:/home/goankur/vsearch/bo/lucene-A/lucene/spatial3d/build/classes/java/main:/home/goankur/vsearch/util/lib/HdrHistogram.jar:/home/goankur/vsearch/util/src/main/build/classes/java/main:/home/goankur/vsearch/util/build perf.SearchPerfTest -dirImpl MMapDirectory -indexPath /home/goankur/vsearch/indices/wikimedium10m.lucene-A.facets.taxonomy:Date.taxonomy:Month.taxonomy:DayOfYear.sortedset:Date.sortedset:Month.sortedset:DayOfYear.taxonomy:RandomLabel.sortedset:RandomLabel.Lucene90.Lucene104.dvfields.nd10M -facets taxonomy:Date;Date -facets taxonomy:Month;Month -facets taxonomy:DayOfYear;DayOfYear -facets sortedset:Date;Date -facets sortedset:Month;Month -facets sortedset:DayOfYear;DayOfYear -facets taxonomy:RandomLabel;RandomLabel -facets sortedset:RandomLabel;RandomLabel -analyzer StandardAnalyzer -taskSource /home/goankur/vsearch/util/tasks/wikimedium.10M.nostopwords.tasks -numConcurrentQueries 5 -taskRepeatCount 20 -field body -tasksPerCat 1 -searchConcurrency -1 -staticSeed -4799930 -seed -2100349 -similarity BM25Similarity -commit multi -hiliteImpl FastVectorHighlighter -log /home/goankur/vsearch/logs/FJAc.armA.0 -topN 100 -context  -pk -pollute
      10.2 s
      264.2 actual sustained QPS; -1.0 CPU cores used
    armJ:
      NOTE: using experimental CPU time profiler (see https://mostlynerdless.de/blog/2025/06/11/java-25s-new-cpu-time-profiler-1)
      log: /home/goankur/vsearch/logs/FJAc.armJ.0 + stdout
      run: /usr/bin/perf stat -dd -e task-clock,cycles,instructions,cache-references,cache-misses,L1-dcache-loads,L1-dcache-load-misses,L1-icache-loads,L1-icache-load-misses,LLC-loads,LLC-load-misses,LLC-stores,LLC-store-misses,LLC-prefetches,LLC-prefetch-misses,faults,minor-faults,major-faults,branches,branch-misses,stalled-cycles-frontend,stalled-cycles-backend /home/goankur/jdk/corretto-25/bin/java -server -Xms2g -Xmx2g --add-modules jdk.incubator.vector -XX:+HeapDumpOnOutOfMemoryError -XX:+UseParallelGC -XX:StartFlightRecording=jdk.CPUTimeSample#enabled=true,dumponexit=true,maxsize=250M,settings=/home/goankur/vsearch/util/src/python/profiling.jfc,filename=/home/goankur/vsearch/logs/bench-search-FJAc-armJ-0.jfr -XX:+UnlockDiagnosticVMOptions -XX:+DebugNonSafepoints -classpath /home/goankur/vsearch/bo/lucene-J/lucene/core/build/libs/lucene-core-11.0.0-SNAPSHOT.jar:/home/goankur/vsearch/bo/lucene-J/lucene/sandbox/build/classes/java/main:/home/goankur/vsearch/bo/lucene-J/lucene/misc/build/classes/java/main:/home/goankur/vsearch/bo/lucene-J/lucene/facet/build/classes/java/main:/home/goankur/vsearch/bo/lucene-J/lucene/analysis/common/build/classes/java/main:/home/goankur/vsearch/bo/lucene-J/lucene/analysis/icu/build/classes/java/main:/home/goankur/vsearch/bo/lucene-J/lucene/queryparser/build/classes/java/main:/home/goankur/vsearch/bo/lucene-J/lucene/grouping/build/classes/java/main:/home/goankur/vsearch/bo/lucene-J/lucene/suggest/build/classes/java/main:/home/goankur/vsearch/bo/lucene-J/lucene/highlighter/build/classes/java/main:/home/goankur/vsearch/bo/lucene-J/lucene/codecs/build/classes/java/main:/home/goankur/vsearch/bo/lucene-J/lucene/queries/build/classes/java/main:/home/goankur/vsearch/bo/lucene-J/lucene/join/build/classes/java/main:/home/goankur/vsearch/bo/lucene-J/lucene/spatial3d/build/classes/java/main:/home/goankur/vsearch/util/lib/HdrHistogram.jar:/home/goankur/vsearch/util/src/main/build/classes/java/main:/home/goankur/vsearch/util/build perf.SearchPerfTest -dirImpl MMapDirectory -indexPath /home/goankur/vsearch/indices/wikimedium10m.lucene-A.facets.taxonomy:Date.taxonomy:Month.taxonomy:DayOfYear.sortedset:Date.sortedset:Month.sortedset:DayOfYear.taxonomy:RandomLabel.sortedset:RandomLabel.Lucene90.Lucene104.dvfields.nd10M -facets taxonomy:Date;Date -facets taxonomy:Month;Month -facets taxonomy:DayOfYear;DayOfYear -facets sortedset:Date;Date -facets sortedset:Month;Month -facets sortedset:DayOfYear;DayOfYear -facets taxonomy:RandomLabel;RandomLabel -facets sortedset:RandomLabel;RandomLabel -analyzer StandardAnalyzer -taskSource /home/goankur/vsearch/util/tasks/wikimedium.10M.nostopwords.tasks -numConcurrentQueries 5 -taskRepeatCount 20 -field body -tasksPerCat 1 -searchConcurrency -1 -staticSeed -4799930 -seed -2100349 -similarity BM25Similarity -commit multi -hiliteImpl FastVectorHighlighter -log /home/goankur/vsearch/logs/FJAc.armJ.0 -topN 100 -context  -pk -pollute
      9.4 s
      260.2 actual sustained QPS; -1.0 CPU cores used

Report after iter 0:
QPSChart.supported == False
                            Task     P50 B     P50 C     Diff     P90 B     P90 C     Diff     P99 B     P99 C     Diff    P999 B    P999 C     Diff    P100 B    P100 C     Diff
           ('AndHighHigh', None)     1.867     1.779    -4.7%     4.098     3.235   -21.1%     9.620     3.842   -60.1%     9.620     3.842   -60.1%   241.727   252.089     4.3%
('AndHighHighDayTaxoFacets', None)    31.991    36.185    13.1%    42.663    43.851     2.8%    61.194    63.583     3.9%    61.194    63.583     3.9%   166.897   162.156    -2.8%
            ('AndHighLow', None)     0.558     0.598     7.0%     1.228     1.300     5.9%     2.387     1.778   -25.5%     2.387     1.778   -25.5%     8.106     8.207     1.3%
            ('AndHighMed', None)     0.993     1.079     8.6%     5.169     2.710   -47.6%     5.432     2.778   -48.9%     5.432     2.778   -48.9%     9.760     6.609   -32.3%
('AndHighMedDayTaxoFacets', None)     3.679     3.787     2.9%     6.974     5.250   -24.7%     7.571    10.155    34.1%     7.571    10.155    34.1%   395.505   394.903    -0.2%
     ('AndMissingHigh', 'Title')     0.292     0.272    -6.6%     0.746     0.844    13.1%     0.975    10.720   999.8%     0.975    10.720   999.8%    12.691    11.983    -5.6%
              ('BM25MSM2', None)    18.362    18.681     1.7%    33.863    37.293    10.1%    35.240    42.100    19.5%    35.240    42.100    19.5%   111.699   176.403    57.9%
  ('BrowseDateSSDVFacets', None)   330.664   330.268    -0.1%   371.741   359.801    -3.2%   391.826   362.293    -7.5%   391.826   362.293    -7.5%   480.427   625.051    30.1%
  ('BrowseDateTaxoFacets', None)    69.853    64.339    -7.9%    78.024    75.446    -3.3%    83.401    75.509    -9.5%    83.401    75.509    -9.5%   116.389   130.129    11.8%
('BrowseDayOfYearSSDVFacets', None)    63.638    67.443     6.0%    86.665    84.118    -2.9%    86.730    84.690    -2.4%    86.730    84.690    -2.4%   172.166   186.770     8.5%
('BrowseDayOfYearTaxoFacets', None)    67.150    61.991    -7.7%    81.284    74.962    -7.8%    82.111    81.391    -0.9%    82.111    81.391    -0.9%    83.216    81.795    -1.7%
 ('BrowseMonthSSDVFacets', None)    63.174    59.104    -6.4%    84.830    79.144    -6.7%    86.553    81.141    -6.3%    86.553    81.141    -6.3%    92.437   126.708    37.1%
 ('BrowseMonthTaxoFacets', None)    27.137    27.429     1.1%    73.899    75.964     2.8%    79.453    76.423    -3.8%    79.453    76.423    -3.8%   261.887   264.819     1.1%
('BrowseRandomLabelSSDVFacets', None)   100.890    89.572   -11.2%   138.131   121.316   -12.2%   174.907   122.888   -29.7%   174.907   122.888   -29.7%   227.462   291.154    28.0%
('BrowseRandomLabelTaxoFacets', None)    83.358    83.056    -0.4%    97.560    91.100    -6.6%   102.693    93.731    -8.7%   102.693    93.731    -8.7%   332.330   355.979     7.1%
             ('ConstMSM2', None)     0.813     0.746    -8.3%     1.676     2.529    50.9%     4.150     2.787   -32.9%     4.150     2.787   -32.9%    34.331    19.057   -44.5%
                ('Fuzzy1', None)    13.028    13.324     2.3%    18.077    19.073     5.5%    18.268    19.550     7.0%    18.268    19.550     7.0%   143.378   477.998   233.4%
                ('Fuzzy2', None)    14.537    12.927   -11.1%    21.852    23.174     6.0%    38.017   124.812   228.3%    38.017   124.812   228.3%    68.111   271.609   298.8%
  ('HighIntervalsOrdered', None)    16.465    15.516    -5.8%    56.623    29.329   -48.2%   120.062    29.486   -75.4%   120.062    29.486   -75.4%   173.349    53.093   -69.4%
            ('HighPhrase', None)     2.322     2.373     2.2%     5.112     5.644    10.4%     7.533     6.902    -8.4%     7.533     6.902    -8.4%    26.012    34.723    33.5%
      ('HighSloppyPhrase', None)     3.881     3.895     0.4%     7.682     7.691     0.1%     9.211     8.770    -4.8%     9.211     8.770    -4.8%    61.853    83.185    34.5%
          ('HighSpanNear', None)     6.847     6.075   -11.3%    10.306    10.319     0.1%    16.260    16.173    -0.5%    16.260    16.173    -0.5%   129.498   163.278    26.1%
              ('HighTerm', None)     0.877     0.902     2.9%     3.228     3.415     5.8%    15.134     3.884   -74.3%    15.134     3.884   -74.3%    25.652    20.457   -20.3%
('HighTermDayOfYearSort', 'DayOfYear')     2.172     2.013    -7.3%     6.116     3.580   -41.5%     8.586    20.080   133.9%     8.586    20.080   133.9%    93.799    85.984    -8.3%
  ('HighTermMonthSort', 'Month')     0.722     0.682    -5.6%     1.871     1.746    -6.7%     2.246     2.762    23.0%     2.246     2.762    23.0%    15.095    12.410   -17.8%
('HighTermTitleBDVSort', 'TitleBinary')    13.496    12.872    -4.6%    22.776    24.019     5.5%    27.405    25.039    -8.6%    27.405    25.039    -8.6%    75.500   154.477   104.6%
  ('HighTermTitleSort', 'Title')    10.239     9.906    -3.3%    16.172    20.461    26.5%    39.221    37.979    -3.2%    39.221    37.979    -3.2%    87.058    94.244     8.3%
                ('IntNRQ', None)     0.964     0.963    -0.1%     2.744     3.002     9.4%     2.962     3.439    16.1%     2.962     3.439    16.1%    79.006    73.526    -6.9%
                ('IntSet', None)     1.338     1.487    11.1%     8.053     8.291     3.0%    12.280    22.132    80.2%    12.280    22.132    80.2%    57.402    48.051   -16.3%
   ('LowIntervalsOrdered', None)     4.833     4.635    -4.1%     7.709     6.663   -13.6%    26.732     9.052   -66.1%    26.732     9.052   -66.1%   115.733   135.266    16.9%
             ('LowPhrase', None)     9.335     8.976    -3.8%    19.174    12.413   -35.3%    24.986    32.890    31.6%    24.986    32.890    31.6%    32.105    34.434     7.3%
       ('LowSloppyPhrase', None)     4.638     4.449    -4.1%    10.112    13.183    30.4%    14.306    16.318    14.1%    14.306    16.318    14.1%    22.909    20.149   -12.0%
           ('LowSpanNear', None)     5.527     4.731   -14.4%     9.385    10.342    10.2%    11.277    11.419     1.3%    11.277    11.419     1.3%    70.712   105.868    49.7%
               ('LowTerm', None)     0.410     0.422     2.9%     1.357     0.757   -44.2%     1.842     2.761    49.9%     1.842     2.761    49.9%    11.217     3.307   -70.5%
   ('MedIntervalsOrdered', None)     2.879     2.643    -8.2%     5.938     3.832   -35.5%    40.348    18.484   -54.2%    40.348    18.484   -54.2%    47.864    19.187   -59.9%
             ('MedPhrase', None)     7.242     6.959    -3.9%    18.061    12.046   -33.3%    32.601    35.662     9.4%    32.601    35.662     9.4%   107.995    94.930   -12.1%
       ('MedSloppyPhrase', None)     5.023     4.930    -1.8%    11.554    10.653    -7.8%    14.868    11.995   -19.3%    14.868    11.995   -19.3%    42.892    47.364    10.4%
           ('MedSpanNear', None)     4.522     4.164    -7.9%     7.771     7.978     2.7%     8.049     8.775     9.0%     8.049     8.775     9.0%    34.054    25.076   -26.4%
               ('MedTerm', None)     0.585     0.615     5.1%     1.243     1.193    -4.0%     1.303     2.165    66.2%     1.303     2.165    66.2%    11.167     7.069   -36.7%
  ('MedTermDayTaxoFacets', None)    11.154    12.200     9.4%    24.468    14.723   -39.8%    33.053    20.913   -36.7%    33.053    20.913   -36.7%    50.984    83.070    62.9%
            ('OrHighHigh', None)     1.544     1.465    -5.1%     3.389     3.229    -4.7%     4.893    12.401   153.4%     4.893    12.401   153.4%    12.482    29.924   139.7%
             ('OrHighLow', None)     0.922     0.851    -7.7%     1.518     2.338    54.0%     4.127     3.343   -19.0%     4.127     3.343   -19.0%   176.494   189.523     7.4%
             ('OrHighMed', None)     0.951     1.097    15.4%     3.530     1.993   -43.5%     4.642     3.145   -32.3%     4.642     3.145   -32.3%     4.840    10.867   124.5%
('OrHighMedDayTaxoFacets', None)    51.866    49.900    -3.8%    80.184   134.832    68.2%   115.726   135.948    17.5%   115.726   135.948    17.5%   244.563   274.168    12.1%
         ('OrHighNotHigh', None)     1.371     1.170   -14.7%     2.874     4.434    54.3%     4.932    13.089   165.4%     4.932    13.089   165.4%    13.552    20.610    52.1%
          ('OrHighNotLow', None)     1.084     1.147     5.9%     7.570     3.483   -54.0%    11.942    16.180    35.5%    11.942    16.180    35.5%    24.464    24.044    -1.7%
          ('OrHighNotMed', None)     1.038     1.166    12.3%     4.922     6.232    26.6%     6.264     9.992    59.5%     6.264     9.992    59.5%    25.037    29.144    16.4%
         ('OrNotHighHigh', None)     1.120     1.330    18.7%     3.692     5.064    37.2%    12.111     5.184   -57.2%    12.111     5.184   -57.2%    13.260    14.655    10.5%
          ('OrNotHighLow', None)     0.657     0.650    -1.0%     1.629     1.218   -25.3%     1.812     2.967    63.7%     1.812     2.967    63.7%     1.843     5.390   192.5%
          ('OrNotHighMed', None)     0.998     0.910    -8.8%     1.652     1.403   -15.1%     3.860     4.038     4.6%     3.860     4.038     4.6%   123.667   156.185    26.3%
                   ('PKLookup',)     3.973     5.121    28.9%     7.364     7.450     1.2%    11.488    11.505     0.1%    11.488    11.505     0.1%    25.438   217.279   754.1%
               ('Prefix3', None)     0.944     1.097    16.2%     3.543     2.067   -41.7%     4.227     3.763   -11.0%     4.227     3.763   -11.0%    22.002    12.261   -44.3%
                    ('Respell',)    17.868    17.157    -4.0%    34.056    27.598   -19.0%    35.691    30.326   -15.0%    35.691    30.326   -15.0%    46.440   137.401   195.9%
('TermDateTimeSort', 'DateTime')     2.162     2.223     2.9%     4.638     4.285    -7.6%    13.868    23.163    67.0%    13.868    23.163    67.0%    41.648    39.016    -6.3%
              ('Wildcard', None)     2.607     2.538    -2.6%     6.178     7.315    18.4%    14.633     7.576   -48.2%    14.633     7.576   -48.2%   127.806    71.797   -43.8%
                 ('range', None)     0.196     0.198     1.2%     0.356     0.375     5.4%     0.393     0.640    62.9%     0.393     0.640    62.9%     0.658     2.646   302.3%
                            Task    QPS armJ      StdDev    QPS armA      StdDev                Pct diff p-value
                        PKLookup      260.96      (0.0%)      210.65      (0.0%)  -19.3% ( -19% -  -19%) 1.000
                      AndHighMed     1143.12      (0.0%)      953.39      (0.0%)  -16.6% ( -16% -  -16%) 1.000
                   OrNotHighHigh      909.79      (0.0%)      778.20      (0.0%)  -14.5% ( -14% -  -14%) 1.000
                          IntSet      775.41      (0.0%)      684.32      (0.0%)  -11.7% ( -11% -  -11%) 1.000
                           range     7178.96      (0.0%)     6506.10      (0.0%)   -9.4% (  -9% -   -9%) 1.000
                       OrHighMed     1116.60      (0.0%)     1018.99      (0.0%)   -8.7% (  -8% -   -8%) 1.000
            MedTermDayTaxoFacets       91.74      (0.0%)       85.17      (0.0%)   -7.2% (  -7% -   -7%) 1.000
                         MedTerm     1801.79      (0.0%)     1678.68      (0.0%)   -6.8% (  -6% -   -6%) 1.000
                          Fuzzy1       81.95      (0.0%)       77.45      (0.0%)   -5.5% (  -5% -   -5%) 1.000
                          IntNRQ     1095.31      (0.0%)     1052.26      (0.0%)   -3.9% (  -3% -   -3%) 1.000
       BrowseDayOfYearSSDVFacets       16.16      (0.0%)       15.66      (0.0%)   -3.0% (  -3% -   -3%) 1.000
         AndHighMedDayTaxoFacets      276.71      (0.0%)      268.76      (0.0%)   -2.9% (  -2% -   -2%) 1.000
                     AndHighHigh      586.30      (0.0%)      570.30      (0.0%)   -2.7% (  -2% -   -2%) 1.000
                 LowSloppyPhrase      239.56      (0.0%)      233.34      (0.0%)   -2.6% (  -2% -   -2%) 1.000
                        HighTerm     1156.29      (0.0%)     1129.03      (0.0%)   -2.4% (  -2% -   -2%) 1.000
                    OrHighNotMed      980.96      (0.0%)      960.33      (0.0%)   -2.1% (  -2% -   -2%) 1.000
                    OrHighNotLow      945.23      (0.0%)      930.68      (0.0%)   -1.5% (  -1% -   -1%) 1.000
                      HighPhrase      442.32      (0.0%)      435.66      (0.0%)   -1.5% (  -1% -   -1%) 1.000
        AndHighHighDayTaxoFacets       31.35      (0.0%)       30.95      (0.0%)   -1.3% (  -1% -   -1%) 1.000
                         LowTerm     2464.35      (0.0%)     2435.93      (0.0%)   -1.2% (  -1% -   -1%) 1.000
               HighTermTitleSort      112.20      (0.0%)      111.00      (0.0%)   -1.1% (  -1% -   -1%) 1.000
                    OrNotHighLow     1619.25      (0.0%)     1606.62      (0.0%)   -0.8% (   0% -    0%) 1.000
               HighTermMonthSort     1495.85      (0.0%)     1486.85      (0.0%)   -0.6% (   0% -    0%) 1.000
                         Prefix3     1068.30      (0.0%)     1065.25      (0.0%)   -0.3% (   0% -    0%) 1.000
                        BM25MSM2       54.71      (0.0%)       54.63      (0.0%)   -0.1% (   0% -    0%) 1.000
           HighTermDayOfYearSort      499.24      (0.0%)      500.27      (0.0%)    0.2% (   0% -    0%) 1.000
            HighTermTitleBDVSort       77.40      (0.0%)       77.94      (0.0%)    0.7% (   0% -    0%) 1.000
                HighSloppyPhrase      259.62      (0.0%)      261.50      (0.0%)    0.7% (   0% -    0%) 1.000
                 MedSloppyPhrase      203.49      (0.0%)      205.05      (0.0%)    0.8% (   0% -    0%) 1.000
                  AndMissingHigh     3735.72      (0.0%)     3775.37      (0.0%)    1.1% (   1% -    1%) 1.000
          OrHighMedDayTaxoFacets       20.90      (0.0%)       21.35      (0.0%)    2.2% (   2% -    2%) 1.000
                       MedPhrase      142.33      (0.0%)      145.53      (0.0%)    2.3% (   2% -    2%) 1.000
             LowIntervalsOrdered      212.53      (0.0%)      217.32      (0.0%)    2.3% (   2% -    2%) 1.000
                      AndHighLow     1801.66      (0.0%)     1842.41      (0.0%)    2.3% (   2% -    2%) 1.000
                      TermDTSort      469.39      (0.0%)      481.46      (0.0%)    2.6% (   2% -    2%) 1.000
                         Respell       58.33      (0.0%)       59.89      (0.0%)    2.7% (   2% -    2%) 1.000
            BrowseDateSSDVFacets        3.07      (0.0%)        3.16      (0.0%)    2.8% (   2% -    2%) 1.000
                        Wildcard      389.23      (0.0%)      401.31      (0.0%)    3.1% (   3% -    3%) 1.000
           BrowseMonthSSDVFacets       16.41      (0.0%)       17.01      (0.0%)    3.6% (   3% -    3%) 1.000
                       LowPhrase      107.75      (0.0%)      112.06      (0.0%)    4.0% (   4% -    4%) 1.000
                     MedSpanNear      232.15      (0.0%)      241.81      (0.0%)    4.2% (   4% -    4%) 1.000
                      OrHighHigh      655.42      (0.0%)      687.10      (0.0%)    4.8% (   4% -    4%) 1.000
                       OrHighLow     1138.20      (0.0%)     1207.09      (0.0%)    6.1% (   6% -    6%) 1.000
                    OrNotHighMed     1047.66      (0.0%)     1111.62      (0.0%)    6.1% (   6% -    6%) 1.000
     BrowseRandomLabelTaxoFacets       12.04      (0.0%)       12.79      (0.0%)    6.3% (   6% -    6%) 1.000
                          Fuzzy2       76.08      (0.0%)       81.05      (0.0%)    6.5% (   6% -    6%) 1.000
           BrowseMonthTaxoFacets       38.47      (0.0%)       41.08      (0.0%)    6.8% (   6% -    6%) 1.000
                     LowSpanNear      218.55      (0.0%)      233.46      (0.0%)    6.8% (   6% -    6%) 1.000
            HighIntervalsOrdered       61.95      (0.0%)       66.29      (0.0%)    7.0% (   7% -    7%) 1.000
       BrowseDayOfYearTaxoFacets       15.31      (0.0%)       16.41      (0.0%)    7.1% (   7% -    7%) 1.000
             MedIntervalsOrdered      354.82      (0.0%)      384.44      (0.0%)    8.3% (   8% -    8%) 1.000
     BrowseRandomLabelSSDVFacets       10.30      (0.0%)       11.24      (0.0%)    9.1% (   9% -    9%) 1.000
            BrowseDateTaxoFacets       14.22      (0.0%)       15.83      (0.0%)   11.3% (  11% -   11%) 1.000
                    HighSpanNear      146.24      (0.0%)      164.84      (0.0%)   12.7% (  12% -   12%) 1.000
                       ConstMSM2     1314.27      (0.0%)     1498.15      (0.0%)   14.0% (  13% -   13%) 1.000
                   OrHighNotHigh      751.37      (0.0%)      866.35      (0.0%)   15.3% (  15% -   15%) 1.000
  iter 1
    armJ:
      NOTE: using experimental CPU time profiler (see https://mostlynerdless.de/blog/2025/06/11/java-25s-new-cpu-time-profiler-1)
      log: /home/goankur/vsearch/logs/FJAc.armJ.1 + stdout
      run: /usr/bin/perf stat -dd -e task-clock,cycles,instructions,cache-references,cache-misses,L1-dcache-loads,L1-dcache-load-misses,L1-icache-loads,L1-icache-load-misses,LLC-loads,LLC-load-misses,LLC-stores,LLC-store-misses,LLC-prefetches,LLC-prefetch-misses,faults,minor-faults,major-faults,branches,branch-misses,stalled-cycles-frontend,stalled-cycles-backend /home/goankur/jdk/corretto-25/bin/java -server -Xms2g -Xmx2g --add-modules jdk.incubator.vector -XX:+HeapDumpOnOutOfMemoryError -XX:+UseParallelGC -XX:StartFlightRecording=jdk.CPUTimeSample#enabled=true,dumponexit=true,maxsize=250M,settings=/home/goankur/vsearch/util/src/python/profiling.jfc,filename=/home/goankur/vsearch/logs/bench-search-FJAc-armJ-1.jfr -XX:+UnlockDiagnosticVMOptions -XX:+DebugNonSafepoints -classpath /home/goankur/vsearch/bo/lucene-J/lucene/core/build/libs/lucene-core-11.0.0-SNAPSHOT.jar:/home/goankur/vsearch/bo/lucene-J/lucene/sandbox/build/classes/java/main:/home/goankur/vsearch/bo/lucene-J/lucene/misc/build/classes/java/main:/home/goankur/vsearch/bo/lucene-J/lucene/facet/build/classes/java/main:/home/goankur/vsearch/bo/lucene-J/lucene/analysis/common/build/classes/java/main:/home/goankur/vsearch/bo/lucene-J/lucene/analysis/icu/build/classes/java/main:/home/goankur/vsearch/bo/lucene-J/lucene/queryparser/build/classes/java/main:/home/goankur/vsearch/bo/lucene-J/lucene/grouping/build/classes/java/main:/home/goankur/vsearch/bo/lucene-J/lucene/suggest/build/classes/java/main:/home/goankur/vsearch/bo/lucene-J/lucene/highlighter/build/classes/java/main:/home/goankur/vsearch/bo/lucene-J/lucene/codecs/build/classes/java/main:/home/goankur/vsearch/bo/lucene-J/lucene/queries/build/classes/java/main:/home/goankur/vsearch/bo/lucene-J/lucene/join/build/classes/java/main:/home/goankur/vsearch/bo/lucene-J/lucene/spatial3d/build/classes/java/main:/home/goankur/vsearch/util/lib/HdrHistogram.jar:/home/goankur/vsearch/util/src/main/build/classes/java/main:/home/goankur/vsearch/util/build perf.SearchPerfTest -dirImpl MMapDirectory -indexPath /home/goankur/vsearch/indices/wikimedium10m.lucene-A.facets.taxonomy:Date.taxonomy:Month.taxonomy:DayOfYear.sortedset:Date.sortedset:Month.sortedset:DayOfYear.taxonomy:RandomLabel.sortedset:RandomLabel.Lucene90.Lucene104.dvfields.nd10M -facets taxonomy:Date;Date -facets taxonomy:Month;Month -facets taxonomy:DayOfYear;DayOfYear -facets sortedset:Date;Date -facets sortedset:Month;Month -facets sortedset:DayOfYear;DayOfYear -facets taxonomy:RandomLabel;RandomLabel -facets sortedset:RandomLabel;RandomLabel -analyzer StandardAnalyzer -taskSource /home/goankur/vsearch/util/tasks/wikimedium.10M.nostopwords.tasks -numConcurrentQueries 5 -taskRepeatCount 20 -field body -tasksPerCat 1 -searchConcurrency -1 -staticSeed -4799930 -seed -4859994 -similarity BM25Similarity -commit multi -hiliteImpl FastVectorHighlighter -log /home/goankur/vsearch/logs/FJAc.armJ.1 -topN 100 -context  -pk -pollute
      9.7 s
      247.9 actual sustained QPS; -1.0 CPU cores used
    armA:
      NOTE: using experimental CPU time profiler (see https://mostlynerdless.de/blog/2025/06/11/java-25s-new-cpu-time-profiler-1)
      log: /home/goankur/vsearch/logs/FJAc.armA.1 + stdout
      run: /usr/bin/perf stat -dd -e task-clock,cycles,instructions,cache-references,cache-misses,L1-dcache-loads,L1-dcache-load-misses,L1-icache-loads,L1-icache-load-misses,LLC-loads,LLC-load-misses,LLC-stores,LLC-store-misses,LLC-prefetches,LLC-prefetch-misses,faults,minor-faults,major-faults,branches,branch-misses,stalled-cycles-frontend,stalled-cycles-backend /home/goankur/jdk/corretto-25/bin/java -server -Xms2g -Xmx2g --add-modules jdk.incubator.vector -XX:+HeapDumpOnOutOfMemoryError -XX:+UseParallelGC -XX:StartFlightRecording=jdk.CPUTimeSample#enabled=true,dumponexit=true,maxsize=250M,settings=/home/goankur/vsearch/util/src/python/profiling.jfc,filename=/home/goankur/vsearch/logs/bench-search-FJAc-armA-1.jfr -XX:+UnlockDiagnosticVMOptions -XX:+DebugNonSafepoints -classpath /home/goankur/vsearch/bo/lucene-A/lucene/core/build/libs/lucene-core-11.0.0-SNAPSHOT.jar:/home/goankur/vsearch/bo/lucene-A/lucene/sandbox/build/classes/java/main:/home/goankur/vsearch/bo/lucene-A/lucene/misc/build/classes/java/main:/home/goankur/vsearch/bo/lucene-A/lucene/facet/build/classes/java/main:/home/goankur/vsearch/bo/lucene-A/lucene/analysis/common/build/classes/java/main:/home/goankur/vsearch/bo/lucene-A/lucene/analysis/icu/build/classes/java/main:/home/goankur/vsearch/bo/lucene-A/lucene/queryparser/build/classes/java/main:/home/goankur/vsearch/bo/lucene-A/lucene/grouping/build/classes/java/main:/home/goankur/vsearch/bo/lucene-A/lucene/suggest/build/classes/java/main:/home/goankur/vsearch/bo/lucene-A/lucene/highlighter/build/classes/java/main:/home/goankur/vsearch/bo/lucene-A/lucene/codecs/build/classes/java/main:/home/goankur/vsearch/bo/lucene-A/lucene/queries/build/classes/java/main:/home/goankur/vsearch/bo/lucene-A/lucene/join/build/classes/java/main:/home/goankur/vsearch/bo/lucene-A/lucene/spatial3d/build/classes/java/main:/home/goankur/vsearch/util/lib/HdrHistogram.jar:/home/goankur/vsearch/util/src/main/build/classes/java/main:/home/goankur/vsearch/util/build perf.SearchPerfTest -dirImpl MMapDirectory -indexPath /home/goankur/vsearch/indices/wikimedium10m.lucene-A.facets.taxonomy:Date.taxonomy:Month.taxonomy:DayOfYear.sortedset:Date.sortedset:Month.sortedset:DayOfYear.taxonomy:RandomLabel.sortedset:RandomLabel.Lucene90.Lucene104.dvfields.nd10M -facets taxonomy:Date;Date -facets taxonomy:Month;Month -facets taxonomy:DayOfYear;DayOfYear -facets sortedset:Date;Date -facets sortedset:Month;Month -facets sortedset:DayOfYear;DayOfYear -facets taxonomy:RandomLabel;RandomLabel -facets sortedset:RandomLabel;RandomLabel -analyzer StandardAnalyzer -taskSource /home/goankur/vsearch/util/tasks/wikimedium.10M.nostopwords.tasks -numConcurrentQueries 5 -taskRepeatCount 20 -field body -tasksPerCat 1 -searchConcurrency -1 -staticSeed -4799930 -seed -4859994 -similarity BM25Similarity -commit multi -hiliteImpl FastVectorHighlighter -log /home/goankur/vsearch/logs/FJAc.armA.1 -topN 100 -context  -pk -pollute
      9.3 s
      250.1 actual sustained QPS; -1.0 CPU cores used

Report after iter 1:
QPSChart.supported == False
                            Task     P50 B     P50 C     Diff     P90 B     P90 C     Diff     P99 B     P99 C     Diff    P999 B    P999 C     Diff    P100 B    P100 C     Diff
           ('AndHighHigh', None)     2.524     2.212   -12.4%     7.925     6.373   -19.6%    11.676     7.201   -38.3%    11.676     7.201   -38.3%   181.810   250.799    37.9%
('AndHighHighDayTaxoFacets', None)    34.276    35.991     5.0%    43.035    45.410     5.5%    45.894    48.807     6.3%    45.894    48.807     6.3%   225.905   247.423     9.5%
            ('AndHighLow', None)     0.642     0.595    -7.3%     1.331     1.204    -9.5%     1.514     1.524     0.7%     1.514     1.524     0.7%     2.852     2.713    -4.9%
            ('AndHighMed', None)     0.960     1.158    20.7%     4.831     5.149     6.6%     8.784     5.734   -34.7%     8.784     5.734   -34.7%    14.131     5.825   -58.8%
('AndHighMedDayTaxoFacets', None)     3.822     3.889     1.8%     9.959    10.344     3.9%    11.869    11.175    -5.8%    11.869    11.175    -5.8%    12.811    13.041     1.8%
     ('AndMissingHigh', 'Title')     0.295     0.305     3.1%     1.735     0.775   -55.3%     3.485     0.980   -71.9%     3.485     0.980   -71.9%     4.359     1.392   -68.1%
              ('BM25MSM2', None)    16.968    17.352     2.3%    35.887    30.736   -14.4%    46.472    30.870   -33.6%    46.472    30.870   -33.6%   227.567   301.127    32.3%
  ('BrowseDateSSDVFacets', None)   390.935   333.397   -14.7%   477.737   373.141   -21.9%   478.872   374.278   -21.8%   478.872   374.278   -21.8%   557.047   468.209   -15.9%
  ('BrowseDateTaxoFacets', None)    65.114    70.190     7.8%    81.784    81.477    -0.4%    90.534    94.928     4.9%    90.534    94.928     4.9%   291.460   294.361     1.0%
('BrowseDayOfYearSSDVFacets', None)    74.859    68.603    -8.4%   104.908   101.943    -2.8%   106.976   102.087    -4.6%   106.976   102.087    -4.6%   230.354   191.058   -17.1%
('BrowseDayOfYearTaxoFacets', None)    64.832    63.483    -2.1%    73.658    79.834     8.4%    75.462    83.738    11.0%    75.462    83.738    11.0%    90.942    93.163     2.4%
 ('BrowseMonthSSDVFacets', None)    49.336    47.832    -3.0%    55.413    52.228    -5.7%    59.805    52.259   -12.6%    59.805    52.259   -12.6%   103.021    52.846   -48.7%
 ('BrowseMonthTaxoFacets', None)    27.355    24.784    -9.4%    31.351    75.976   142.3%    76.217    87.666    15.0%    76.217    87.666    15.0%   130.458   123.309    -5.5%
('BrowseRandomLabelSSDVFacets', None)   100.985   102.416     1.4%   159.454   136.089   -14.7%   167.150   148.415   -11.2%   167.150   148.415   -11.2%   196.669   156.632   -20.4%
('BrowseRandomLabelTaxoFacets', None)    84.636    80.962    -4.3%   105.192    96.037    -8.7%   108.822    99.492    -8.6%   108.822    99.492    -8.6%   120.173   128.443     6.9%
             ('ConstMSM2', None)     0.899     0.709   -21.2%     3.031     2.335   -23.0%     3.249     3.110    -4.3%     3.249     3.110    -4.3%    40.210     8.587   -78.6%
                ('Fuzzy1', None)    12.429    12.760     2.7%    33.344    18.936   -43.2%    38.989    32.847   -15.8%    38.989    32.847   -15.8%   110.891   117.854     6.3%
                ('Fuzzy2', None)    13.611    13.856     1.8%    21.865    21.040    -3.8%    29.351    48.043    63.7%    29.351    48.043    63.7%    50.379    71.634    42.2%
  ('HighIntervalsOrdered', None)    16.174    15.622    -3.4%    41.676    22.981   -44.9%    54.451    66.218    21.6%    54.451    66.218    21.6%   158.644   203.970    28.6%
            ('HighPhrase', None)     2.502     2.427    -3.0%    13.341     4.525   -66.1%    17.382     5.614   -67.7%    17.382     5.614   -67.7%    19.024    18.446    -3.0%
      ('HighSloppyPhrase', None)     3.962     4.327     9.2%     8.750     9.105     4.1%    17.730    14.542   -18.0%    17.730    14.542   -18.0%    19.745    15.406   -22.0%
          ('HighSpanNear', None)     6.449     6.580     2.0%    16.337    13.767   -15.7%    26.741    17.344   -35.1%    26.741    17.344   -35.1%    55.531    32.589   -41.3%
              ('HighTerm', None)     0.844     0.832    -1.3%     2.157     2.743    27.1%     2.463    10.466   324.9%     2.463    10.466   324.9%   122.762   113.173    -7.8%
('HighTermDayOfYearSort', 'DayOfYear')     2.434     2.589     6.4%     8.775     7.211   -17.8%    12.466     8.813   -29.3%    12.466     8.813   -29.3%    31.376    41.269    31.5%
  ('HighTermMonthSort', 'Month')     0.761     0.701    -7.9%     1.906     1.575   -17.4%     2.133     1.812   -15.1%     2.133     1.812   -15.1%    55.154    32.047   -41.9%
('HighTermTitleBDVSort', 'TitleBinary')    14.374    15.095     5.0%    36.931    29.861   -19.1%    50.936    52.040     2.2%    50.936    52.040     2.2%   110.777    96.418   -13.0%
  ('HighTermTitleSort', 'Title')    11.058     9.167   -17.1%    25.269    35.924    42.2%    34.794    40.794    17.2%    34.794    40.794    17.2%    68.577    99.820    45.6%
                ('IntNRQ', None)     1.110     0.964   -13.1%     3.729     2.362   -36.7%     4.433     4.684     5.7%     4.433     4.684     5.7%    99.911   136.300    36.4%
                ('IntSet', None)     1.919     1.642   -14.5%     5.514     4.411   -20.0%     6.980     8.917    27.8%     6.980     8.917    27.8%    66.216    56.218   -15.1%
   ('LowIntervalsOrdered', None)     5.093     4.955    -2.7%     7.827     8.366     6.9%    10.693     9.810    -8.3%    10.693     9.810    -8.3%    15.632    13.918   -11.0%
             ('LowPhrase', None)     9.235     9.002    -2.5%    21.640    17.653   -18.4%    34.435    18.643   -45.9%    34.435    18.643   -45.9%    42.364    22.793   -46.2%
       ('LowSloppyPhrase', None)     5.294     5.843    10.4%    12.616    12.328    -2.3%    13.077    13.115     0.3%    13.077    13.115     0.3%   124.381   109.533   -11.9%
           ('LowSpanNear', None)     4.485     4.528     1.0%    14.976     9.784   -34.7%    31.163     9.851   -68.4%    31.163     9.851   -68.4%   174.358   129.039   -26.0%
               ('LowTerm', None)     0.471     0.480     1.8%     0.764     0.781     2.3%     1.910     1.072   -43.8%     1.910     1.072   -43.8%    30.292     2.504   -91.7%
   ('MedIntervalsOrdered', None)     2.725     2.765     1.5%    16.078     7.652   -52.4%    16.605     8.456   -49.1%    16.605     8.456   -49.1%    67.530   152.832   126.3%
             ('MedPhrase', None)     7.337     8.411    14.6%    17.524    12.925   -26.2%    20.606    14.861   -27.9%    20.606    14.861   -27.9%   104.357   110.838     6.2%
       ('MedSloppyPhrase', None)     6.347     5.009   -21.1%    15.142    16.415     8.4%    27.822    21.189   -23.8%    27.822    21.189   -23.8%    34.478    28.721   -16.7%
           ('MedSpanNear', None)     3.930     4.427    12.7%     8.772     7.051   -19.6%    18.693    10.235   -45.2%    18.693    10.235   -45.2%    21.592    25.871    19.8%
               ('MedTerm', None)     0.671     0.764    13.8%     1.722     1.369   -20.5%     6.709     2.130   -68.3%     6.709     2.130   -68.3%   118.803   112.343    -5.4%
  ('MedTermDayTaxoFacets', None)    11.579    12.053     4.1%    14.943    23.027    54.1%    17.698    25.058    41.6%    17.698    25.058    41.6%    49.043    37.581   -23.4%
            ('OrHighHigh', None)     2.004     1.648   -17.8%     8.801     3.031   -65.6%     8.839     5.792   -34.5%     8.839     5.792   -34.5%    61.720    57.473    -6.9%
             ('OrHighLow', None)     0.959     0.998     4.1%     1.426     1.469     3.0%     3.385     1.993   -41.1%     3.385     1.993   -41.1%     8.279    12.323    48.9%
             ('OrHighMed', None)     1.085     1.037    -4.5%     4.144     3.273   -21.0%     5.897     6.780    15.0%     5.897     6.780    15.0%     6.496     8.179    25.9%
('OrHighMedDayTaxoFacets', None)    57.032    51.318   -10.0%   161.280   167.955     4.1%   235.279   170.348   -27.6%   235.279   170.348   -27.6%   240.145   273.292    13.8%
         ('OrHighNotHigh', None)     1.330     1.269    -4.6%     5.056     3.826   -24.3%    12.746     8.708   -31.7%    12.746     8.708   -31.7%    12.871    27.378   112.7%
          ('OrHighNotLow', None)     1.106     1.039    -6.0%     2.118     1.531   -27.7%     8.358    11.272    34.9%     8.358    11.272    34.9%    16.580    15.654    -5.6%
          ('OrHighNotMed', None)     1.487     0.985   -33.8%     3.213     6.329    97.0%     6.195    20.610   232.7%     6.195    20.610   232.7%   117.671   108.384    -7.9%
         ('OrNotHighHigh', None)     1.141     1.231     7.9%     7.012     3.312   -52.8%     7.023     5.423   -22.8%     7.023     5.423   -22.8%     7.326     7.655     4.5%
          ('OrNotHighLow', None)     0.714     0.617   -13.6%     1.763     2.243    27.2%     1.974     2.252    14.1%     1.974     2.252    14.1%     3.726     2.570   -31.0%
          ('OrNotHighMed', None)     1.072     0.955   -10.9%     2.851     4.043    41.8%     4.506     6.039    34.0%     4.506     6.039    34.0%    26.279    52.715   100.6%
                   ('PKLookup',)     5.160     4.280   -17.1%    10.206     7.571   -25.8%    12.117    12.905     6.5%    12.117    12.905     6.5%    20.456    20.332    -0.6%
               ('Prefix3', None)     1.116     0.973   -12.8%     3.617     3.260    -9.9%     3.782     3.907     3.3%     3.782     3.907     3.3%    26.149    11.828   -54.8%
                    ('Respell',)    16.614    16.844     1.4%    30.141    27.346    -9.3%    43.380    67.105    54.7%    43.380    67.105    54.7%    46.791    96.877   107.0%
('TermDateTimeSort', 'DateTime')     2.407     2.397    -0.4%     8.566     6.268   -26.8%    11.598     9.433   -18.7%    11.598     9.433   -18.7%    64.212    33.172   -48.3%
              ('Wildcard', None)     2.887     2.713    -6.0%     8.675     6.120   -29.5%    15.010     6.712   -55.3%    15.010     6.712   -55.3%   104.160   185.667    78.3%
                 ('range', None)     0.242     0.202   -16.5%     0.577     0.527    -8.7%     0.641     0.625    -2.6%     0.641     0.625    -2.6%     1.201     1.152    -4.1%
                            Task    QPS armJ      StdDev    QPS armA      StdDev                Pct diff p-value
                      AndHighMed     1097.92      (5.8%)      931.04      (2.9%)  -15.2% ( -22% -   -6%) 0.001
                   OrNotHighHigh      915.27      (0.8%)      798.95      (3.2%)  -12.7% ( -16% -   -8%) 0.000
                     MedSpanNear      262.74     (16.5%)      239.30      (1.3%)   -8.9% ( -22% -   10%) 0.445
        AndHighHighDayTaxoFacets       32.43      (4.7%)       29.71      (5.4%)   -8.4% ( -17% -    1%) 0.099
                          Fuzzy1       85.10      (5.2%)       78.99      (2.6%)   -7.2% ( -14% -    0%) 0.081
                         MedTerm     1649.36     (13.1%)     1545.57     (11.4%)   -6.3% ( -27% -   20%) 0.608
                       OrHighMed     1056.58      (8.0%)     1009.90      (1.2%)   -4.4% ( -12% -    5%) 0.442
            MedTermDayTaxoFacets       90.95      (1.2%)       86.95      (2.8%)   -4.4% (  -8% -    0%) 0.040
                 LowSloppyPhrase      217.12     (14.6%)      210.43     (14.9%)   -3.1% ( -28% -   30%) 0.835
         AndHighMedDayTaxoFacets      272.70      (2.1%)      267.84      (0.5%)   -1.8% (  -4% -    0%) 0.237
                          Fuzzy2       77.49      (2.6%)       76.64      (8.0%)   -1.1% ( -11% -    9%) 0.855
                       MedPhrase      142.18      (0.1%)      141.09      (4.4%)   -0.8% (  -5% -    3%) 0.806
                        PKLookup      234.26     (16.1%)      232.99     (13.5%)   -0.5% ( -25% -   34%) 0.971
                        HighTerm     1188.44      (3.8%)     1183.48      (6.5%)   -0.4% ( -10% -   10%) 0.937
                  AndMissingHigh     3684.45      (2.0%)     3669.35      (4.1%)   -0.4% (  -6% -    5%) 0.898
                       OrHighLow     1128.97      (1.2%)     1125.68     (10.2%)   -0.3% ( -11% -   11%) 0.968
                           range     6059.95     (26.1%)     6067.83     (10.2%)    0.1% ( -28% -   49%) 0.995
                        BM25MSM2       56.86      (5.4%)       56.94      (5.7%)    0.1% ( -10% -   11%) 0.980
                HighSloppyPhrase      256.47      (1.7%)      257.11      (2.4%)    0.2% (  -3% -    4%) 0.907
                          IntSet      658.29     (25.2%)      660.59      (5.1%)    0.3% ( -23% -   40%) 0.985
                      HighPhrase      425.13      (5.7%)      428.74      (2.3%)    0.9% (  -6% -    9%) 0.845
            BrowseDateTaxoFacets       14.91      (6.6%)       15.08      (7.1%)    1.1% ( -11% -   15%) 0.871
       BrowseDayOfYearSSDVFacets       14.94     (11.5%)       15.12      (5.1%)    1.2% ( -13% -   20%) 0.892
     BrowseRandomLabelTaxoFacets       12.46      (4.8%)       12.63      (1.8%)    1.4% (  -5% -    8%) 0.709
           HighTermDayOfYearSort      465.90     (10.1%)      473.21      (8.2%)    1.6% ( -15% -   22%) 0.865
            HighTermTitleBDVSort       73.93      (6.6%)       75.12      (5.4%)    1.6% (  -9% -   14%) 0.789
             MedIntervalsOrdered      366.90      (4.7%)      374.78      (3.7%)    2.1% (  -5% -   11%) 0.610
             LowIntervalsOrdered      207.38      (3.5%)      212.15      (3.5%)    2.3% (  -4% -    9%) 0.513
                      AndHighLow     1740.73      (5.0%)     1781.12      (5.0%)    2.3% (  -7% -   12%) 0.640
                      TermDTSort      455.27      (4.4%)      466.08      (4.8%)    2.4% (  -6% -   12%) 0.605
                         Respell       60.14      (4.2%)       61.63      (4.1%)    2.5% (  -5% -   11%) 0.553
                     LowSpanNear      222.34      (2.4%)      228.34      (3.3%)    2.7% (  -2% -    8%) 0.347
                    OrHighNotMed      982.23      (0.2%)     1014.61      (7.8%)    3.3% (  -4% -   11%) 0.551
                 MedSloppyPhrase      195.93      (5.5%)      203.10      (1.4%)    3.7% (  -3% -   11%) 0.359
                    OrNotHighLow     1574.40      (4.0%)     1632.96      (2.4%)    3.7% (  -2% -   10%) 0.260
                   OrHighNotHigh      807.75      (9.9%)      838.22      (4.9%)    3.8% ( -10% -   20%) 0.629
                         Prefix3     1083.58      (2.0%)     1124.70      (7.8%)    3.8% (  -5% -   13%) 0.503
       BrowseDayOfYearTaxoFacets       15.40      (0.8%)       15.99      (3.8%)    3.9% (   0% -    8%) 0.163
                         LowTerm     2344.20      (7.2%)     2438.63      (0.2%)    4.0% (  -3% -   12%) 0.432
               HighTermMonthSort     1437.45      (5.7%)     1495.45      (0.8%)    4.0% (  -2% -   11%) 0.326
                    HighSpanNear      152.39      (5.7%)      158.77      (5.6%)    4.2% (  -6% -   16%) 0.460
           BrowseMonthSSDVFacets       18.41     (15.4%)       19.19     (16.8%)    4.3% ( -24% -   43%) 0.791
                       LowPhrase      109.40      (2.1%)      114.27      (2.9%)    4.5% (   0% -    9%) 0.077
     BrowseRandomLabelSSDVFacets       10.21      (1.2%)       10.69      (7.6%)    4.7% (  -4% -   13%) 0.384
            HighIntervalsOrdered       63.42      (3.3%)       66.54      (0.5%)    4.9% (   1% -    9%) 0.037
                          IntNRQ     1043.32      (7.0%)     1097.19      (6.1%)    5.2% (  -7% -   19%) 0.433
                     AndHighHigh      523.00     (17.1%)      550.95      (5.2%)    5.3% ( -14% -   33%) 0.673
          OrHighMedDayTaxoFacets       19.44     (10.7%)       20.51      (6.1%)    5.5% ( -10% -   24%) 0.524
                        Wildcard      374.35      (5.6%)      398.04      (1.2%)    6.3% (   0% -   13%) 0.120
               HighTermTitleSort      106.25      (7.9%)      112.99      (2.6%)    6.3% (  -3% -   18%) 0.283
                    OrNotHighMed     1018.39      (4.1%)     1091.89      (2.7%)    7.2% (   0% -   14%) 0.037
                    OrHighNotLow      930.72      (2.2%)     1002.59     (10.9%)    7.7% (  -5% -   21%) 0.327
            BrowseDateSSDVFacets        2.87     (10.2%)        3.11      (2.3%)    8.6% (  -3% -   23%) 0.248
                      OrHighHigh      604.40     (11.9%)      657.05      (7.0%)    8.7% (  -9% -   31%) 0.374
           BrowseMonthTaxoFacets       37.79      (2.5%)       41.37      (1.1%)    9.5% (   5% -   13%) 0.000
                       ConstMSM2     1294.01      (2.2%)     1487.45      (1.2%)   14.9% (  11% -   18%) 0.000
  iter 2
    armA:
      NOTE: using experimental CPU time profiler (see https://mostlynerdless.de/blog/2025/06/11/java-25s-new-cpu-time-profiler-1)
      log: /home/goankur/vsearch/logs/FJAc.armA.2 + stdout
      run: /usr/bin/perf stat -dd -e task-clock,cycles,instructions,cache-references,cache-misses,L1-dcache-loads,L1-dcache-load-misses,L1-icache-loads,L1-icache-load-misses,LLC-loads,LLC-load-misses,LLC-stores,LLC-store-misses,LLC-prefetches,LLC-prefetch-misses,faults,minor-faults,major-faults,branches,branch-misses,stalled-cycles-frontend,stalled-cycles-backend /home/goankur/jdk/corretto-25/bin/java -server -Xms2g -Xmx2g --add-modules jdk.incubator.vector -XX:+HeapDumpOnOutOfMemoryError -XX:+UseParallelGC -XX:StartFlightRecording=jdk.CPUTimeSample#enabled=true,dumponexit=true,maxsize=250M,settings=/home/goankur/vsearch/util/src/python/profiling.jfc,filename=/home/goankur/vsearch/logs/bench-search-FJAc-armA-2.jfr -XX:+UnlockDiagnosticVMOptions -XX:+DebugNonSafepoints -classpath /home/goankur/vsearch/bo/lucene-A/lucene/core/build/libs/lucene-core-11.0.0-SNAPSHOT.jar:/home/goankur/vsearch/bo/lucene-A/lucene/sandbox/build/classes/java/main:/home/goankur/vsearch/bo/lucene-A/lucene/misc/build/classes/java/main:/home/goankur/vsearch/bo/lucene-A/lucene/facet/build/classes/java/main:/home/goankur/vsearch/bo/lucene-A/lucene/analysis/common/build/classes/java/main:/home/goankur/vsearch/bo/lucene-A/lucene/analysis/icu/build/classes/java/main:/home/goankur/vsearch/bo/lucene-A/lucene/queryparser/build/classes/java/main:/home/goankur/vsearch/bo/lucene-A/lucene/grouping/build/classes/java/main:/home/goankur/vsearch/bo/lucene-A/lucene/suggest/build/classes/java/main:/home/goankur/vsearch/bo/lucene-A/lucene/highlighter/build/classes/java/main:/home/goankur/vsearch/bo/lucene-A/lucene/codecs/build/classes/java/main:/home/goankur/vsearch/bo/lucene-A/lucene/queries/build/classes/java/main:/home/goankur/vsearch/bo/lucene-A/lucene/join/build/classes/java/main:/home/goankur/vsearch/bo/lucene-A/lucene/spatial3d/build/classes/java/main:/home/goankur/vsearch/util/lib/HdrHistogram.jar:/home/goankur/vsearch/util/src/main/build/classes/java/main:/home/goankur/vsearch/util/build perf.SearchPerfTest -dirImpl MMapDirectory -indexPath /home/goankur/vsearch/indices/wikimedium10m.lucene-A.facets.taxonomy:Date.taxonomy:Month.taxonomy:DayOfYear.sortedset:Date.sortedset:Month.sortedset:DayOfYear.taxonomy:RandomLabel.sortedset:RandomLabel.Lucene90.Lucene104.dvfields.nd10M -facets taxonomy:Date;Date -facets taxonomy:Month;Month -facets taxonomy:DayOfYear;DayOfYear -facets sortedset:Date;Date -facets sortedset:Month;Month -facets sortedset:DayOfYear;DayOfYear -facets taxonomy:RandomLabel;RandomLabel -facets sortedset:RandomLabel;RandomLabel -analyzer StandardAnalyzer -taskSource /home/goankur/vsearch/util/tasks/wikimedium.10M.nostopwords.tasks -numConcurrentQueries 5 -taskRepeatCount 20 -field body -tasksPerCat 1 -searchConcurrency -1 -staticSeed -4799930 -seed 251609 -similarity BM25Similarity -commit multi -hiliteImpl FastVectorHighlighter -log /home/goankur/vsearch/logs/FJAc.armA.2 -topN 100 -context  -pk -pollute
      9.7 s
      235.1 actual sustained QPS; -1.0 CPU cores used
    armJ:
      NOTE: using experimental CPU time profiler (see https://mostlynerdless.de/blog/2025/06/11/java-25s-new-cpu-time-profiler-1)
      log: /home/goankur/vsearch/logs/FJAc.armJ.2 + stdout
      run: /usr/bin/perf stat -dd -e task-clock,cycles,instructions,cache-references,cache-misses,L1-dcache-loads,L1-dcache-load-misses,L1-icache-loads,L1-icache-load-misses,LLC-loads,LLC-load-misses,LLC-stores,LLC-store-misses,LLC-prefetches,LLC-prefetch-misses,faults,minor-faults,major-faults,branches,branch-misses,stalled-cycles-frontend,stalled-cycles-backend /home/goankur/jdk/corretto-25/bin/java -server -Xms2g -Xmx2g --add-modules jdk.incubator.vector -XX:+HeapDumpOnOutOfMemoryError -XX:+UseParallelGC -XX:StartFlightRecording=jdk.CPUTimeSample#enabled=true,dumponexit=true,maxsize=250M,settings=/home/goankur/vsearch/util/src/python/profiling.jfc,filename=/home/goankur/vsearch/logs/bench-search-FJAc-armJ-2.jfr -XX:+UnlockDiagnosticVMOptions -XX:+DebugNonSafepoints -classpath /home/goankur/vsearch/bo/lucene-J/lucene/core/build/libs/lucene-core-11.0.0-SNAPSHOT.jar:/home/goankur/vsearch/bo/lucene-J/lucene/sandbox/build/classes/java/main:/home/goankur/vsearch/bo/lucene-J/lucene/misc/build/classes/java/main:/home/goankur/vsearch/bo/lucene-J/lucene/facet/build/classes/java/main:/home/goankur/vsearch/bo/lucene-J/lucene/analysis/common/build/classes/java/main:/home/goankur/vsearch/bo/lucene-J/lucene/analysis/icu/build/classes/java/main:/home/goankur/vsearch/bo/lucene-J/lucene/queryparser/build/classes/java/main:/home/goankur/vsearch/bo/lucene-J/lucene/grouping/build/classes/java/main:/home/goankur/vsearch/bo/lucene-J/lucene/suggest/build/classes/java/main:/home/goankur/vsearch/bo/lucene-J/lucene/highlighter/build/classes/java/main:/home/goankur/vsearch/bo/lucene-J/lucene/codecs/build/classes/java/main:/home/goankur/vsearch/bo/lucene-J/lucene/queries/build/classes/java/main:/home/goankur/vsearch/bo/lucene-J/lucene/join/build/classes/java/main:/home/goankur/vsearch/bo/lucene-J/lucene/spatial3d/build/classes/java/main:/home/goankur/vsearch/util/lib/HdrHistogram.jar:/home/goankur/vsearch/util/src/main/build/classes/java/main:/home/goankur/vsearch/util/build perf.SearchPerfTest -dirImpl MMapDirectory -indexPath /home/goankur/vsearch/indices/wikimedium10m.lucene-A.facets.taxonomy:Date.taxonomy:Month.taxonomy:DayOfYear.sortedset:Date.sortedset:Month.sortedset:DayOfYear.taxonomy:RandomLabel.sortedset:RandomLabel.Lucene90.Lucene104.dvfields.nd10M -facets taxonomy:Date;Date -facets taxonomy:Month;Month -facets taxonomy:DayOfYear;DayOfYear -facets sortedset:Date;Date -facets sortedset:Month;Month -facets sortedset:DayOfYear;DayOfYear -facets taxonomy:RandomLabel;RandomLabel -facets sortedset:RandomLabel;RandomLabel -analyzer StandardAnalyzer -taskSource /home/goankur/vsearch/util/tasks/wikimedium.10M.nostopwords.tasks -numConcurrentQueries 5 -taskRepeatCount 20 -field body -tasksPerCat 1 -searchConcurrency -1 -staticSeed -4799930 -seed 251609 -similarity BM25Similarity -commit multi -hiliteImpl FastVectorHighlighter -log /home/goankur/vsearch/logs/FJAc.armJ.2 -topN 100 -context  -pk -pollute
      9.6 s
      236.8 actual sustained QPS; -1.0 CPU cores used

Report after iter 2:
QPSChart.supported == False
                            Task     P50 B     P50 C     Diff     P90 B     P90 C     Diff     P99 B     P99 C     Diff    P999 B    P999 C     Diff    P100 B    P100 C     Diff
           ('AndHighHigh', None)     1.657     1.691     2.0%     4.650     5.044     8.5%     4.818     5.107     6.0%     4.818     5.107     6.0%   222.138   209.076    -5.9%
('AndHighHighDayTaxoFacets', None)    31.141    32.739     5.1%    39.471    45.434    15.1%    59.576    49.490   -16.9%    59.576    49.490   -16.9%   236.770   212.045   -10.4%
            ('AndHighLow', None)     0.519     0.507    -2.4%     1.269     1.271     0.2%     1.619     1.774     9.6%     1.619     1.774     9.6%     4.372     7.117    62.8%
            ('AndHighMed', None)     0.972     1.548    59.2%     3.811     4.507    18.3%     5.501     9.003    63.6%     5.501     9.003    63.6%     7.705    14.297    85.6%
('AndHighMedDayTaxoFacets', None)     3.569     3.712     4.0%     7.778     7.450    -4.2%    14.084    11.172   -20.7%    14.084    11.172   -20.7%    15.178    24.449    61.1%
     ('AndMissingHigh', 'Title')     0.290     0.273    -5.8%     1.031     0.685   -33.5%     1.708     1.052   -38.4%     1.708     1.052   -38.4%     2.075     1.588   -23.5%
              ('BM25MSM2', None)    18.550    18.323    -1.2%    32.400    33.725     4.1%    89.081    43.777   -50.9%    89.081    43.777   -50.9%   146.284   123.938   -15.3%
  ('BrowseDateSSDVFacets', None)   378.350   349.339    -7.7%   422.568   374.033   -11.5%   430.970   374.642   -13.1%   430.970   374.642   -13.1%   687.723   630.242    -8.4%
  ('BrowseDateTaxoFacets', None)    71.759    74.389     3.7%    88.829    88.655    -0.2%    94.162    89.010    -5.5%    94.162    89.010    -5.5%   179.547   246.541    37.3%
('BrowseDayOfYearSSDVFacets', None)    67.806    62.945    -7.2%    85.226    85.744     0.6%    88.663    86.398    -2.6%    88.663    86.398    -2.6%   111.722   160.408    43.6%
('BrowseDayOfYearTaxoFacets', None)    67.869    65.273    -3.8%    84.477    83.602    -1.0%    84.636    84.054    -0.7%    84.636    84.054    -0.7%    89.682    85.459    -4.7%
 ('BrowseMonthSSDVFacets', None)    61.496    71.288    15.9%    75.869    86.260    13.7%    81.223    86.726     6.8%    81.223    86.726     6.8%    91.578   122.023    33.2%
 ('BrowseMonthTaxoFacets', None)    27.488    73.291   166.6%    71.780    80.314    11.9%    76.522    81.671     6.7%    76.522    81.671     6.7%    94.220   158.531    68.3%
('BrowseRandomLabelSSDVFacets', None)    89.635    85.356    -4.8%   123.475   145.371    17.7%   147.324   182.044    23.6%   147.324   182.044    23.6%   393.708   379.355    -3.6%
('BrowseRandomLabelTaxoFacets', None)    89.633    84.104    -6.2%   101.241   103.110     1.8%   121.271   118.597    -2.2%   121.271   118.597    -2.2%   131.579   175.788    33.6%
             ('ConstMSM2', None)     0.789     0.897    13.8%     1.297     1.645    26.9%     1.333     2.206    65.5%     1.333     2.206    65.5%    35.407    46.754    32.0%
                ('Fuzzy1', None)     9.783    10.385     6.2%    15.321    18.224    19.0%    48.234    54.855    13.7%    48.234    54.855    13.7%    61.542   100.423    63.2%
                ('Fuzzy2', None)    13.931    13.550    -2.7%    23.641    18.237   -22.9%    39.262    37.026    -5.7%    39.262    37.026    -5.7%   163.119   158.960    -2.5%
  ('HighIntervalsOrdered', None)    18.774    16.791   -10.6%    32.763    28.362   -13.4%    35.019    30.147   -13.9%    35.019    30.147   -13.9%    49.293    46.520    -5.6%
            ('HighPhrase', None)     2.472     2.397    -3.0%     4.893     5.445    11.3%     5.497     6.533    18.8%     5.497     6.533    18.8%   165.147   165.716     0.3%
      ('HighSloppyPhrase', None)     4.150     4.448     7.2%     5.577     6.662    19.5%    25.440     6.780   -73.3%    25.440     6.780   -73.3%    82.379    86.149     4.6%
          ('HighSpanNear', None)     6.781     6.609    -2.5%    22.366    10.809   -51.7%    43.265    22.699   -47.5%    43.265    22.699   -47.5%   150.050   160.719     7.1%
              ('HighTerm', None)     0.855     0.939     9.9%     1.616     1.766     9.2%     2.131     2.332     9.4%     2.131     2.332     9.4%   132.031   109.396   -17.1%
('HighTermDayOfYearSort', 'DayOfYear')     2.196     2.178    -0.8%     8.329    13.581    63.1%    13.752    14.378     4.5%    13.752    14.378     4.5%    56.535    45.400   -19.7%
  ('HighTermMonthSort', 'Month')     0.687     0.663    -3.6%     1.668     2.615    56.8%     2.063     3.255    57.8%     2.063     3.255    57.8%     2.693     3.552    31.9%
('HighTermTitleBDVSort', 'TitleBinary')    12.319    13.758    11.7%    24.256    24.209    -0.2%    30.109    28.609    -5.0%    30.109    28.609    -5.0%   132.488   147.769    11.5%
  ('HighTermTitleSort', 'Title')     8.300     8.883     7.0%    15.802    15.611    -1.2%    16.492    18.986    15.1%    16.492    18.986    15.1%   105.472   131.387    24.6%
                ('IntNRQ', None)     0.878     1.287    46.6%     1.947     3.883    99.5%    17.502    19.535    11.6%    17.502    19.535    11.6%   107.684    95.838   -11.0%
                ('IntSet', None)     1.524     1.680    10.2%     7.764     8.514     9.7%    10.299    10.557     2.5%    10.299    10.557     2.5%    39.416    59.922    52.0%
   ('LowIntervalsOrdered', None)     5.763     5.113   -11.3%     8.324    11.097    33.3%    10.596    18.787    77.3%    10.596    18.787    77.3%    50.027    30.719   -38.6%
             ('LowPhrase', None)     9.564     8.941    -6.5%    16.395    15.593    -4.9%    20.671    18.306   -11.4%    20.671    18.306   -11.4%    64.958    74.260    14.3%
       ('LowSloppyPhrase', None)     4.560     5.118    12.2%     9.220    11.063    20.0%    10.055    11.070    10.1%    10.055    11.070    10.1%   196.951   233.845    18.7%
           ('LowSpanNear', None)     4.519     4.350    -3.7%     9.850    12.140    23.2%    21.151    39.902    88.7%    21.151    39.902    88.7%    33.722    62.115    84.2%
               ('LowTerm', None)     0.404     0.445    10.0%     0.630     0.644     2.1%     1.150     1.303    13.3%     1.150     1.303    13.3%     1.414     2.547    80.2%
   ('MedIntervalsOrdered', None)     3.245     2.922    -9.9%     8.565     6.010   -29.8%    10.226     6.713   -34.4%    10.226     6.713   -34.4%   136.408   145.791     6.9%
             ('MedPhrase', None)     7.410     7.990     7.8%    14.078    14.589     3.6%    47.287    22.625   -52.2%    47.287    22.625   -52.2%   124.146   158.660    27.8%
       ('MedSloppyPhrase', None)     5.321     4.928    -7.4%    12.341    10.179   -17.5%    43.191    22.193   -48.6%    43.191    22.193   -48.6%    47.211    33.047   -30.0%
           ('MedSpanNear', None)     4.656     4.186   -10.1%     8.064     7.258   -10.0%     9.075    15.215    67.7%     9.075    15.215    67.7%    22.123    29.521    33.4%
               ('MedTerm', None)     0.585     0.623     6.4%     1.428     1.714    20.0%     1.447     2.488    71.9%     1.447     2.488    71.9%    27.417    19.691   -28.2%
  ('MedTermDayTaxoFacets', None)    10.733    10.117    -5.7%    13.527    14.109     4.3%    24.081    16.793   -30.3%    24.081    16.793   -30.3%    24.798    33.467    35.0%
            ('OrHighHigh', None)     1.589     1.705     7.3%     3.896     3.688    -5.4%     8.279     4.461   -46.1%     8.279     4.461   -46.1%    13.535     9.080   -32.9%
             ('OrHighLow', None)     0.890     0.883    -0.7%     1.704     1.858     9.0%     4.056     2.128   -47.5%     4.056     2.128   -47.5%     6.226    18.278   193.6%
             ('OrHighMed', None)     0.874     1.005    15.0%     1.529     1.833    19.9%     3.666     4.557    24.3%     3.666     4.557    24.3%    29.427    40.378    37.2%
('OrHighMedDayTaxoFacets', None)    56.474    53.686    -4.9%    66.192    67.676     2.2%   161.004   177.475    10.2%   161.004   177.475    10.2%   448.746   457.127     1.9%
         ('OrHighNotHigh', None)     1.198     1.200     0.2%     1.866     2.700    44.7%     2.042     6.205   203.9%     2.042     6.205   203.9%    28.680     9.538   -66.7%
          ('OrHighNotLow', None)     0.993     1.097    10.4%     3.087     3.272     6.0%     3.828     6.160    60.9%     3.828     6.160    60.9%    19.758    36.279    83.6%
          ('OrHighNotMed', None)     0.975     1.093    12.0%     2.480     3.412    37.6%     3.744     3.848     2.8%     3.744     3.848     2.8%     5.266    13.277   152.1%
         ('OrNotHighHigh', None)     1.129     1.082    -4.1%     3.004     3.692    22.9%     8.602    11.396    32.5%     8.602    11.396    32.5%    63.656    81.531    28.1%
          ('OrNotHighLow', None)     0.617     0.746    20.9%     1.923     1.195   -37.9%     2.611     1.810   -30.7%     2.611     1.810   -30.7%     5.273     6.628    25.7%
          ('OrNotHighMed', None)     0.953     1.142    19.8%     2.361     2.765    17.1%     5.816     4.695   -19.3%     5.816     4.695   -19.3%    17.301    12.682   -26.7%
                   ('PKLookup',)     5.263     4.852    -7.8%     5.754     8.296    44.2%    13.688    14.420     5.3%    13.688    14.420     5.3%    23.773    42.947    80.7%
               ('Prefix3', None)     1.169     1.215     3.9%     3.864     4.782    23.8%     8.370     7.249   -13.4%     8.370     7.249   -13.4%     8.470     7.450   -12.0%
                    ('Respell',)    14.721    15.269     3.7%    23.249    22.468    -3.4%    33.242    34.312     3.2%    33.242    34.312     3.2%   237.330   221.033    -6.9%
('TermDateTimeSort', 'DateTime')     2.095     2.122     1.3%     5.494    10.106    83.9%    12.341    12.324    -0.1%    12.341    12.324    -0.1%   135.652    94.401   -30.4%
              ('Wildcard', None)     2.626     2.759     5.1%     6.189     4.677   -24.4%    13.745    14.439     5.1%    13.745    14.439     5.1%    19.358    18.807    -2.8%
                 ('range', None)     0.195     0.198     1.7%     0.522     0.494    -5.4%     0.698     0.535   -23.4%     0.698     0.535   -23.4%     1.790     0.626   -65.1%
                            Task    QPS armJ      StdDev    QPS armA      StdDev                Pct diff p-value
           BrowseMonthTaxoFacets       38.67      (4.3%)       32.15     (41.3%)  -16.9% ( -59% -   30%) 0.482
                      AndHighMed     1083.57      (4.8%)      935.73      (2.2%)  -13.6% ( -19% -   -7%) 0.000
                   OrNotHighHigh      913.88      (0.7%)      845.70      (9.1%)   -7.5% ( -17% -    2%) 0.159
                       OrHighMed     1100.27      (8.8%)     1022.18      (2.1%)   -7.1% ( -16% -    4%) 0.173
        AndHighHighDayTaxoFacets       32.39      (3.4%)       30.21      (4.7%)   -6.7% ( -14% -    1%) 0.044
                          Fuzzy1       90.97     (11.7%)       84.90     (11.4%)   -6.7% ( -26% -   18%) 0.479
                          IntNRQ     1094.55      (9.4%)     1021.77     (12.6%)   -6.6% ( -26% -   16%) 0.464
                         MedTerm     1676.89      (9.5%)     1577.63      (8.6%)   -5.9% ( -21% -   13%) 0.424
                 LowSloppyPhrase      218.23     (10.3%)      207.77     (10.7%)   -4.8% ( -23% -   18%) 0.576
                     MedSpanNear      249.96     (15.1%)      240.43      (1.3%)   -3.8% ( -17% -   14%) 0.663
                          IntSet      668.80     (17.7%)      648.42      (4.7%)   -3.0% ( -21% -   23%) 0.774
                       MedPhrase      140.25      (2.4%)      136.56      (6.4%)   -2.6% ( -11% -    6%) 0.507
               HighTermTitleSort      116.17     (15.7%)      113.35      (1.8%)   -2.4% ( -17% -   17%) 0.790
            HighTermTitleBDVSort       76.45      (7.3%)       74.64      (3.8%)   -2.4% ( -12% -    9%) 0.620
                           range     6106.03     (18.4%)     5984.91      (7.6%)   -2.0% ( -23% -   29%) 0.863
         AndHighMedDayTaxoFacets      275.71      (2.4%)      270.26      (1.6%)   -2.0% (  -5% -    2%) 0.230
            MedTermDayTaxoFacets       92.25      (2.6%)       91.07      (8.0%)   -1.3% ( -11% -    9%) 0.790
                        HighTerm     1187.88      (2.7%)     1173.38      (4.8%)   -1.2% (  -8% -    6%) 0.702
                    OrNotHighLow     1611.71      (4.9%)     1592.45      (4.6%)   -1.2% ( -10% -    8%) 0.759
                        PKLookup      231.03     (11.8%)      228.67     (10.2%)   -1.0% ( -20% -   23%) 0.910
            BrowseDateTaxoFacets       14.67      (5.5%)       14.60      (7.7%)   -0.5% ( -12% -   13%) 0.924
                          Fuzzy2       76.47      (2.9%)       76.32      (5.8%)   -0.2% (  -8% -    8%) 0.957
                HighSloppyPhrase      254.23      (2.0%)      253.86      (2.8%)   -0.1% (  -4% -    4%) 0.942
                       OrHighLow     1152.94      (3.7%)     1152.83      (8.2%)   -0.0% ( -11% -   12%) 0.999
                    OrHighNotMed     1000.94      (3.2%)     1002.82      (5.8%)    0.2% (  -8% -    9%) 0.961
                         Respell       63.45      (9.5%)       64.02      (7.1%)    0.9% ( -14% -   19%) 0.895
                        BM25MSM2       56.06      (4.6%)       56.64      (4.2%)    1.0% (  -7% -   10%) 0.777
                      TermDTSort      464.84      (4.7%)      470.23      (3.7%)    1.2% (  -6% -    9%) 0.736
           BrowseMonthSSDVFacets       17.82     (12.6%)       18.04     (16.7%)    1.2% ( -24% -   34%) 0.920
                    OrNotHighMed     1039.02      (4.4%)     1053.35      (6.7%)    1.4% (  -9% -   13%) 0.766
           HighTermDayOfYearSort      468.23      (7.2%)      475.32      (5.8%)    1.5% ( -10% -   15%) 0.776
                  AndMissingHigh     3708.63      (1.8%)     3776.61      (5.8%)    1.8% (  -5% -    9%) 0.599
       BrowseDayOfYearSSDVFacets       15.32      (9.0%)       15.60      (6.5%)    1.8% ( -12% -   19%) 0.775
     BrowseRandomLabelTaxoFacets       12.28      (4.3%)       12.54      (1.9%)    2.1% (  -3% -    8%) 0.436
                     AndHighHigh      556.91     (15.5%)      569.16      (6.6%)    2.2% ( -17% -   28%) 0.821
                      AndHighLow     1817.90      (8.1%)     1858.78      (8.1%)    2.2% ( -12% -   20%) 0.734
                      HighPhrase      420.25      (4.6%)      430.18      (1.7%)    2.4% (  -3% -    9%) 0.402
                        Wildcard      382.01      (5.2%)      391.09      (3.3%)    2.4% (  -5% -   11%) 0.504
                   OrHighNotHigh      820.64      (7.4%)      840.86      (3.5%)    2.5% (  -7% -   14%) 0.601
                         Prefix3     1030.65      (9.0%)     1058.03     (12.6%)    2.7% ( -17% -   26%) 0.767
                         LowTerm     2396.19      (6.3%)     2462.20      (1.7%)    2.8% (  -4% -   11%) 0.463
               HighTermMonthSort     1472.31      (5.7%)     1514.61      (2.3%)    2.9% (  -4% -   11%) 0.419
                    OrHighNotLow      962.58      (5.9%)      991.61      (7.7%)    3.0% ( -10% -   17%) 0.592
                     LowSpanNear      222.73      (1.7%)      229.78      (2.6%)    3.2% (  -1% -    7%) 0.076
       BrowseDayOfYearTaxoFacets       15.29      (1.3%)       15.78      (3.6%)    3.2% (  -1% -    8%) 0.145
                    HighSpanNear      152.17      (4.0%)      157.52      (4.2%)    3.5% (  -4% -   12%) 0.299
          OrHighMedDayTaxoFacets       19.24      (7.8%)       20.07      (5.9%)    4.3% (  -8% -   19%) 0.445
             MedIntervalsOrdered      351.80      (8.2%)      367.10      (4.7%)    4.3% (  -7% -   18%) 0.424
     BrowseRandomLabelSSDVFacets       10.66      (7.4%)       11.13      (8.8%)    4.4% ( -10% -   22%) 0.503
                 MedSloppyPhrase      194.32      (4.1%)      204.92      (1.9%)    5.5% (   0% -   12%) 0.038
                      OrHighHigh      613.80      (8.7%)      647.96      (5.5%)    5.6% (  -7% -   21%) 0.351
             LowIntervalsOrdered      197.02      (9.5%)      208.09      (4.4%)    5.6% (  -7% -   21%) 0.352
                       LowPhrase      108.07      (2.6%)      114.23      (2.0%)    5.7% (   1% -   10%) 0.003
                       ConstMSM2     1299.18      (1.7%)     1396.72     (12.1%)    7.5% (  -6% -   21%) 0.288
            HighIntervalsOrdered       60.06     (10.0%)       64.82      (5.0%)    7.9% (  -6% -   25%) 0.220
            BrowseDateSSDVFacets        2.80      (8.3%)        3.05      (4.1%)    8.8% (  -3% -   23%) 0.099
  iter 3
    armJ:
      NOTE: using experimental CPU time profiler (see https://mostlynerdless.de/blog/2025/06/11/java-25s-new-cpu-time-profiler-1)
      log: /home/goankur/vsearch/logs/FJAc.armJ.3 + stdout
      run: /usr/bin/perf stat -dd -e task-clock,cycles,instructions,cache-references,cache-misses,L1-dcache-loads,L1-dcache-load-misses,L1-icache-loads,L1-icache-load-misses,LLC-loads,LLC-load-misses,LLC-stores,LLC-store-misses,LLC-prefetches,LLC-prefetch-misses,faults,minor-faults,major-faults,branches,branch-misses,stalled-cycles-frontend,stalled-cycles-backend /home/goankur/jdk/corretto-25/bin/java -server -Xms2g -Xmx2g --add-modules jdk.incubator.vector -XX:+HeapDumpOnOutOfMemoryError -XX:+UseParallelGC -XX:StartFlightRecording=jdk.CPUTimeSample#enabled=true,dumponexit=true,maxsize=250M,settings=/home/goankur/vsearch/util/src/python/profiling.jfc,filename=/home/goankur/vsearch/logs/bench-search-FJAc-armJ-3.jfr -XX:+UnlockDiagnosticVMOptions -XX:+DebugNonSafepoints -classpath /home/goankur/vsearch/bo/lucene-J/lucene/core/build/libs/lucene-core-11.0.0-SNAPSHOT.jar:/home/goankur/vsearch/bo/lucene-J/lucene/sandbox/build/classes/java/main:/home/goankur/vsearch/bo/lucene-J/lucene/misc/build/classes/java/main:/home/goankur/vsearch/bo/lucene-J/lucene/facet/build/classes/java/main:/home/goankur/vsearch/bo/lucene-J/lucene/analysis/common/build/classes/java/main:/home/goankur/vsearch/bo/lucene-J/lucene/analysis/icu/build/classes/java/main:/home/goankur/vsearch/bo/lucene-J/lucene/queryparser/build/classes/java/main:/home/goankur/vsearch/bo/lucene-J/lucene/grouping/build/classes/java/main:/home/goankur/vsearch/bo/lucene-J/lucene/suggest/build/classes/java/main:/home/goankur/vsearch/bo/lucene-J/lucene/highlighter/build/classes/java/main:/home/goankur/vsearch/bo/lucene-J/lucene/codecs/build/classes/java/main:/home/goankur/vsearch/bo/lucene-J/lucene/queries/build/classes/java/main:/home/goankur/vsearch/bo/lucene-J/lucene/join/build/classes/java/main:/home/goankur/vsearch/bo/lucene-J/lucene/spatial3d/build/classes/java/main:/home/goankur/vsearch/util/lib/HdrHistogram.jar:/home/goankur/vsearch/util/src/main/build/classes/java/main:/home/goankur/vsearch/util/build perf.SearchPerfTest -dirImpl MMapDirectory -indexPath /home/goankur/vsearch/indices/wikimedium10m.lucene-A.facets.taxonomy:Date.taxonomy:Month.taxonomy:DayOfYear.sortedset:Date.sortedset:Month.sortedset:DayOfYear.taxonomy:RandomLabel.sortedset:RandomLabel.Lucene90.Lucene104.dvfields.nd10M -facets taxonomy:Date;Date -facets taxonomy:Month;Month -facets taxonomy:DayOfYear;DayOfYear -facets sortedset:Date;Date -facets sortedset:Month;Month -facets sortedset:DayOfYear;DayOfYear -facets taxonomy:RandomLabel;RandomLabel -facets sortedset:RandomLabel;RandomLabel -analyzer StandardAnalyzer -taskSource /home/goankur/vsearch/util/tasks/wikimedium.10M.nostopwords.tasks -numConcurrentQueries 5 -taskRepeatCount 20 -field body -tasksPerCat 1 -searchConcurrency -1 -staticSeed -4799930 -seed -5875037 -similarity BM25Similarity -commit multi -hiliteImpl FastVectorHighlighter -log /home/goankur/vsearch/logs/FJAc.armJ.3 -topN 100 -context  -pk -pollute
      9.3 s
      243.9 actual sustained QPS; -1.0 CPU cores used
    armA:
      NOTE: using experimental CPU time profiler (see https://mostlynerdless.de/blog/2025/06/11/java-25s-new-cpu-time-profiler-1)
      log: /home/goankur/vsearch/logs/FJAc.armA.3 + stdout
      run: /usr/bin/perf stat -dd -e task-clock,cycles,instructions,cache-references,cache-misses,L1-dcache-loads,L1-dcache-load-misses,L1-icache-loads,L1-icache-load-misses,LLC-loads,LLC-load-misses,LLC-stores,LLC-store-misses,LLC-prefetches,LLC-prefetch-misses,faults,minor-faults,major-faults,branches,branch-misses,stalled-cycles-frontend,stalled-cycles-backend /home/goankur/jdk/corretto-25/bin/java -server -Xms2g -Xmx2g --add-modules jdk.incubator.vector -XX:+HeapDumpOnOutOfMemoryError -XX:+UseParallelGC -XX:StartFlightRecording=jdk.CPUTimeSample#enabled=true,dumponexit=true,maxsize=250M,settings=/home/goankur/vsearch/util/src/python/profiling.jfc,filename=/home/goankur/vsearch/logs/bench-search-FJAc-armA-3.jfr -XX:+UnlockDiagnosticVMOptions -XX:+DebugNonSafepoints -classpath /home/goankur/vsearch/bo/lucene-A/lucene/core/build/libs/lucene-core-11.0.0-SNAPSHOT.jar:/home/goankur/vsearch/bo/lucene-A/lucene/sandbox/build/classes/java/main:/home/goankur/vsearch/bo/lucene-A/lucene/misc/build/classes/java/main:/home/goankur/vsearch/bo/lucene-A/lucene/facet/build/classes/java/main:/home/goankur/vsearch/bo/lucene-A/lucene/analysis/common/build/classes/java/main:/home/goankur/vsearch/bo/lucene-A/lucene/analysis/icu/build/classes/java/main:/home/goankur/vsearch/bo/lucene-A/lucene/queryparser/build/classes/java/main:/home/goankur/vsearch/bo/lucene-A/lucene/grouping/build/classes/java/main:/home/goankur/vsearch/bo/lucene-A/lucene/suggest/build/classes/java/main:/home/goankur/vsearch/bo/lucene-A/lucene/highlighter/build/classes/java/main:/home/goankur/vsearch/bo/lucene-A/lucene/codecs/build/classes/java/main:/home/goankur/vsearch/bo/lucene-A/lucene/queries/build/classes/java/main:/home/goankur/vsearch/bo/lucene-A/lucene/join/build/classes/java/main:/home/goankur/vsearch/bo/lucene-A/lucene/spatial3d/build/classes/java/main:/home/goankur/vsearch/util/lib/HdrHistogram.jar:/home/goankur/vsearch/util/src/main/build/classes/java/main:/home/goankur/vsearch/util/build perf.SearchPerfTest -dirImpl MMapDirectory -indexPath /home/goankur/vsearch/indices/wikimedium10m.lucene-A.facets.taxonomy:Date.taxonomy:Month.taxonomy:DayOfYear.sortedset:Date.sortedset:Month.sortedset:DayOfYear.taxonomy:RandomLabel.sortedset:RandomLabel.Lucene90.Lucene104.dvfields.nd10M -facets taxonomy:Date;Date -facets taxonomy:Month;Month -facets taxonomy:DayOfYear;DayOfYear -facets sortedset:Date;Date -facets sortedset:Month;Month -facets sortedset:DayOfYear;DayOfYear -facets taxonomy:RandomLabel;RandomLabel -facets sortedset:RandomLabel;RandomLabel -analyzer StandardAnalyzer -taskSource /home/goankur/vsearch/util/tasks/wikimedium.10M.nostopwords.tasks -numConcurrentQueries 5 -taskRepeatCount 20 -field body -tasksPerCat 1 -searchConcurrency -1 -staticSeed -4799930 -seed -5875037 -similarity BM25Similarity -commit multi -hiliteImpl FastVectorHighlighter -log /home/goankur/vsearch/logs/FJAc.armA.3 -topN 100 -context  -pk -pollute
      9.4 s
      238.0 actual sustained QPS; -1.0 CPU cores used

Report after iter 3:
QPSChart.supported == False
                            Task     P50 B     P50 C     Diff     P90 B     P90 C     Diff     P99 B     P99 C     Diff    P999 B    P999 C     Diff    P100 B    P100 C     Diff
           ('AndHighHigh', None)     1.933     2.070     7.1%     3.855     8.004   107.6%     5.241     9.506    81.4%     5.241     9.506    81.4%   216.450   185.620   -14.2%
('AndHighHighDayTaxoFacets', None)    29.786    30.926     3.8%    42.212    43.650     3.4%    56.042    47.503   -15.2%    56.042    47.503   -15.2%   230.120   240.949     4.7%
            ('AndHighLow', None)     0.583     0.492   -15.7%     4.036     1.552   -61.6%     4.093     1.834   -55.2%     4.093     1.834   -55.2%     4.906     3.437   -29.9%
            ('AndHighMed', None)     1.127     1.192     5.7%     2.615     5.256   101.0%     4.384     6.160    40.5%     4.384     6.160    40.5%     5.225     8.206    57.0%
('AndHighMedDayTaxoFacets', None)     3.604     3.687     2.3%     8.274     9.374    13.3%    13.847    12.467   -10.0%    13.847    12.467   -10.0%    23.759    39.253    65.2%
     ('AndMissingHigh', 'Title')     0.254     0.301    18.4%     0.743     1.053    41.8%     0.790     1.116    41.3%     0.790     1.116    41.3%     7.962     7.281    -8.6%
              ('BM25MSM2', None)    17.111    17.429     1.9%    31.258    29.202    -6.6%    72.081    76.962     6.8%    72.081    76.962     6.8%   265.187   296.154    11.7%
  ('BrowseDateSSDVFacets', None)   369.607   367.485    -0.6%   445.795   434.809    -2.5%   460.101   447.853    -2.7%   460.101   447.853    -2.7%   524.685   523.152    -0.3%
  ('BrowseDateTaxoFacets', None)    66.571    66.136    -0.7%    75.609    72.365    -4.3%    76.184    77.878     2.2%    76.184    77.878     2.2%    90.185    98.920     9.7%
('BrowseDayOfYearSSDVFacets', None)    70.590    78.815    11.7%    85.003    99.218    16.7%   127.053   106.623   -16.1%   127.053   106.623   -16.1%   141.010   150.475     6.7%
('BrowseDayOfYearTaxoFacets', None)    60.367    61.531     1.9%    66.774    71.655     7.3%    68.492    75.629    10.4%    68.492    75.629    10.4%    72.056    76.865     6.7%
 ('BrowseMonthSSDVFacets', None)    60.313    71.267    18.2%    80.361    93.515    16.4%    80.987    94.943    17.2%    80.987    94.943    17.2%   391.913   412.281     5.2%
 ('BrowseMonthTaxoFacets', None)    25.168    28.374    12.7%    72.619    30.883   -57.5%    74.269    76.120     2.5%    74.269    76.120     2.5%   140.630   254.691    81.1%
('BrowseRandomLabelSSDVFacets', None)    88.448    84.835    -4.1%   103.549   100.474    -3.0%   202.918   117.915   -41.9%   202.918   117.915   -41.9%   222.546   255.206    14.7%
('BrowseRandomLabelTaxoFacets', None)    81.102    79.900    -1.5%    92.602    97.588     5.4%    95.390   100.308     5.2%    95.390   100.308     5.2%   390.224   380.515    -2.5%
             ('ConstMSM2', None)     0.748     0.796     6.4%     2.569     2.693     4.8%     3.030    10.139   234.6%     3.030    10.139   234.6%     8.247    20.435   147.8%
                ('Fuzzy1', None)    11.656    12.332     5.8%    22.418    17.148   -23.5%    46.381    49.438     6.6%    46.381    49.438     6.6%   122.616   100.670   -17.9%
                ('Fuzzy2', None)    13.849    14.267     3.0%    21.747    25.396    16.8%    41.835    37.718    -9.8%    41.835    37.718    -9.8%    42.067    61.959    47.3%
  ('HighIntervalsOrdered', None)    15.075    14.953    -0.8%    20.969    20.457    -2.4%    27.357    28.725     5.0%    27.357    28.725     5.0%   260.600   219.756   -15.7%
            ('HighPhrase', None)     2.374     2.540     7.0%     5.653     5.391    -4.6%    19.495     5.872   -69.9%    19.495     5.872   -69.9%    35.408    22.983   -35.1%
      ('HighSloppyPhrase', None)     3.963     3.910    -1.3%     9.543    10.979    15.0%    34.209    16.382   -52.1%    34.209    16.382   -52.1%    43.517    34.615   -20.5%
          ('HighSpanNear', None)     6.632     6.443    -2.9%    11.281    12.179     8.0%    11.504    12.568     9.2%    11.504    12.568     9.2%   175.586   185.535     5.7%
              ('HighTerm', None)     0.802     0.876     9.1%     1.822     2.558    40.4%     2.217     2.606    17.5%     2.217     2.606    17.5%     2.446    16.773   585.7%
('HighTermDayOfYearSort', 'DayOfYear')     1.959     2.548    30.1%     8.080    10.180    26.0%    13.303    38.418   188.8%    13.303    38.418   188.8%    57.971    95.395    64.6%
  ('HighTermMonthSort', 'Month')     0.725     0.664    -8.4%     1.742     6.233   257.8%     5.525    11.443   107.1%     5.525    11.443   107.1%    29.046    25.241   -13.1%
('HighTermTitleBDVSort', 'TitleBinary')    13.147    12.698    -3.4%    20.765    22.383     7.8%    21.069    41.346    96.2%    21.069    41.346    96.2%    83.722   107.369    28.2%
  ('HighTermTitleSort', 'Title')     9.854     9.015    -8.5%    16.099    19.436    20.7%    17.270    33.136    91.9%    17.270    33.136    91.9%   146.690   128.047   -12.7%
                ('IntNRQ', None)     0.855     1.074    25.6%     3.282     3.043    -7.3%     3.288     3.077    -6.4%     3.288     3.077    -6.4%    49.364    80.629    63.3%
                ('IntSet', None)     1.607     1.690     5.2%     3.482     4.229    21.5%     5.926     6.112     3.1%     5.926     6.112     3.1%    39.360    36.691    -6.8%
   ('LowIntervalsOrdered', None)     4.835     4.708    -2.6%     8.462     8.054    -4.8%     9.922    12.335    24.3%     9.922    12.335    24.3%    10.570    19.879    88.1%
             ('LowPhrase', None)     9.085     9.557     5.2%    10.348    15.134    46.3%    39.413    22.048   -44.1%    39.413    22.048   -44.1%    47.508    48.997     3.1%
       ('LowSloppyPhrase', None)     4.419     4.181    -5.4%    13.009    13.293     2.2%    24.423    22.511    -7.8%    24.423    22.511    -7.8%    97.259   103.524     6.4%
           ('LowSpanNear', None)     4.788     4.326    -9.7%    11.356    10.404    -8.4%    15.042    10.451   -30.5%    15.042    10.451   -30.5%    63.552    46.872   -26.2%
               ('LowTerm', None)     0.404     0.449    11.2%     0.891     1.334    49.7%     1.180     1.909    61.8%     1.180     1.909    61.8%     1.340     7.818   483.6%
   ('MedIntervalsOrdered', None)     2.760     2.852     3.4%     4.749     6.086    28.1%     6.610    11.422    72.8%     6.610    11.422    72.8%    13.069    28.325   116.7%
             ('MedPhrase', None)     6.966     8.225    18.1%    16.793    17.077     1.7%    26.722    19.368   -27.5%    26.722    19.368   -27.5%   120.725   106.356   -11.9%
       ('MedSloppyPhrase', None)     5.006     5.094     1.8%     9.340    11.465    22.8%    17.620    15.059   -14.5%    17.620    15.059   -14.5%    41.471    27.309   -34.1%
           ('MedSpanNear', None)     4.518     4.298    -4.9%     7.609     8.899    17.0%     7.911    22.439   183.7%     7.911    22.439   183.7%    48.898    57.027    16.6%
               ('MedTerm', None)     0.640     0.700     9.3%     1.952     2.288    17.2%     2.051     4.353   112.2%     2.051     4.353   112.2%     5.942     5.422    -8.8%
  ('MedTermDayTaxoFacets', None)    10.997    11.819     7.5%    14.007    15.811    12.9%    37.745    16.239   -57.0%    37.745    16.239   -57.0%    46.974    42.952    -8.6%
            ('OrHighHigh', None)     1.564     1.884    20.5%     3.684     4.461    21.1%     3.748    14.230   279.7%     3.748    14.230   279.7%    19.858    27.098    36.5%
             ('OrHighLow', None)     0.925     0.935     1.0%     1.530     2.025    32.4%     2.129     2.644    24.2%     2.129     2.644    24.2%     2.919     3.138     7.5%
             ('OrHighMed', None)     0.949     1.016     7.0%     2.309     3.889    68.4%     3.196     4.616    44.4%     3.196     4.616    44.4%     6.148     5.200   -15.4%
('OrHighMedDayTaxoFacets', None)    44.784    53.936    20.4%    84.065    70.976   -15.6%   110.494    85.332   -22.8%   110.494    85.332   -22.8%   231.084   328.587    42.2%
         ('OrHighNotHigh', None)     1.185     1.229     3.7%     2.272     2.600    14.4%     2.820     2.868     1.7%     2.820     2.868     1.7%     4.047     9.596   137.1%
          ('OrHighNotLow', None)     1.029     1.038     0.9%     1.459     4.483   207.3%     2.143     7.023   227.7%     2.143     7.023   227.7%     4.912     9.693    97.3%
          ('OrHighNotMed', None)     0.969     1.108    14.3%     3.616     2.615   -27.7%     8.826     8.128    -7.9%     8.826     8.128    -7.9%    19.620    28.951    47.6%
         ('OrNotHighHigh', None)     1.090     1.153     5.8%     2.015     3.842    90.7%     4.237     4.119    -2.8%     4.237     4.119    -2.8%     5.079     6.309    24.2%
          ('OrNotHighLow', None)     0.613     0.654     6.7%     1.322     1.582    19.6%     3.005     2.166   -27.9%     3.005     2.166   -27.9%     4.917     5.904    20.1%
          ('OrNotHighMed', None)     1.125     1.016    -9.7%     2.638     3.122    18.4%     2.673     4.283    60.2%     2.673     4.283    60.2%    17.815    34.807    95.4%
                   ('PKLookup',)     5.441     4.263   -21.7%     9.788     9.010    -7.9%    10.461    10.007    -4.3%    10.461    10.007    -4.3%    19.873    19.672    -1.0%
               ('Prefix3', None)     1.028     0.943    -8.2%     4.517     3.449   -23.6%     4.692     3.841   -18.1%     4.692     3.841   -18.1%     9.304     6.275   -32.6%
                    ('Respell',)    16.260    16.512     1.6%    26.368    23.394   -11.3%    37.832    38.818     2.6%    37.832    38.818     2.6%   231.016   310.568    34.4%
('TermDateTimeSort', 'DateTime')     2.252     2.275     1.0%     5.486     8.143    48.4%    12.925    12.219    -5.5%    12.925    12.219    -5.5%    34.140    16.587   -51.4%
              ('Wildcard', None)     2.628     2.826     7.5%    12.803    10.815   -15.5%    30.269    13.639   -54.9%    30.269    13.639   -54.9%    70.968    80.117    12.9%
                 ('range', None)     0.188     0.205     9.5%     0.420     0.768    82.5%     0.619     1.608   159.7%     0.619     1.608   159.7%     2.285     3.464    51.6%
                            Task    QPS armJ      StdDev    QPS armA      StdDev                Pct diff p-value
           BrowseMonthTaxoFacets       39.25      (4.5%)       33.01     (33.5%)  -15.9% ( -51% -   23%) 0.347
                      AndHighMed     1068.66      (4.8%)      924.05      (2.8%)  -13.5% ( -20% -   -6%) 0.000
                          IntNRQ     1131.80      (9.9%)     1006.32     (10.3%)  -11.1% ( -28% -   10%) 0.122
                       OrHighMed     1111.79      (7.4%)     1016.50      (2.0%)   -8.6% ( -16% -    0%) 0.025
                   OrNotHighHigh      921.33      (1.7%)      855.38      (7.7%)   -7.2% ( -16% -    2%) 0.069
                          Fuzzy1       90.94      (9.5%)       84.49      (9.3%)   -7.1% ( -23% -   13%) 0.289
                         MedTerm     1677.85      (7.8%)     1561.47      (7.3%)   -6.9% ( -20% -    8%) 0.193
        AndHighHighDayTaxoFacets       33.05      (4.8%)       31.10      (6.5%)   -5.9% ( -16% -    5%) 0.145
                           range     6111.50     (15.0%)     5797.76      (8.7%)   -5.1% ( -25% -   21%) 0.553
                          IntSet      669.00     (14.5%)      640.13      (4.6%)   -4.3% ( -20% -   17%) 0.570
                       MedPhrase      141.47      (2.6%)      136.09      (5.2%)   -3.8% ( -11% -    4%) 0.193
                    OrNotHighLow     1636.76      (5.0%)     1578.14      (4.1%)   -3.6% ( -12% -    5%) 0.268
                          Fuzzy2       77.98      (4.5%)       75.55      (5.0%)   -3.1% ( -12% -    6%) 0.359
                 LowSloppyPhrase      222.48      (9.1%)      215.94     (11.3%)   -2.9% ( -21% -   19%) 0.685
                    OrHighNotMed     1010.10      (3.2%)      981.34      (6.3%)   -2.8% ( -11% -    6%) 0.422
           HighTermDayOfYearSort      483.07      (8.4%)      469.64      (5.2%)   -2.8% ( -15% -   11%) 0.572
                        HighTerm     1209.16      (4.1%)     1178.18      (3.9%)   -2.6% ( -10% -    5%) 0.370
         AndHighMedDayTaxoFacets      277.67      (2.4%)      271.41      (1.5%)   -2.3% (  -6% -    1%) 0.112
               HighTermTitleSort      117.26     (12.8%)      114.94      (3.1%)   -2.0% ( -15% -   15%) 0.764
                  AndMissingHigh     3858.86      (7.9%)     3785.56      (4.5%)   -1.9% ( -13% -   11%) 0.677
          OrHighMedDayTaxoFacets       20.17     (11.1%)       19.79      (5.4%)   -1.9% ( -16% -   16%) 0.761
           BrowseMonthSSDVFacets       17.82     (10.3%)       17.49     (14.9%)   -1.9% ( -24% -   26%) 0.838
            MedTermDayTaxoFacets       92.22      (2.1%)       90.53      (6.6%)   -1.8% ( -10% -    7%) 0.596
                         Respell       64.25      (8.0%)       63.34      (6.1%)   -1.4% ( -14% -   13%) 0.779
                     MedSpanNear      244.65     (13.3%)      242.19      (1.8%)   -1.0% ( -14% -   16%) 0.881
            HighTermTitleBDVSort       77.14      (6.2%)       76.58      (5.9%)   -0.7% ( -12% -   12%) 0.866
            BrowseDateTaxoFacets       14.83      (4.9%)       14.73      (6.4%)   -0.7% ( -11% -   11%) 0.872
                         LowTerm     2459.51      (7.2%)     2447.15      (1.8%)   -0.5% (  -8% -    9%) 0.892
                        BM25MSM2       57.10      (5.1%)       56.90      (3.5%)   -0.3% (  -8% -    8%) 0.912
                       OrHighLow     1142.93      (3.5%)     1139.02      (7.1%)   -0.3% ( -10% -   10%) 0.931
                HighSloppyPhrase      255.01      (1.7%)      254.67      (2.4%)   -0.1% (  -4% -    4%) 0.929
                      HighPhrase      423.30      (4.0%)      423.63      (3.4%)    0.1% (  -7% -    7%) 0.976
                      TermDTSort      462.63      (4.0%)      465.33      (3.7%)    0.6% (  -6% -    8%) 0.829
                        Wildcard      383.01      (4.3%)      386.64      (3.5%)    0.9% (  -6% -    9%) 0.733
                   OrHighNotHigh      831.49      (6.5%)      840.25      (2.8%)    1.1% (  -7% -   11%) 0.766
                     AndHighHigh      555.42     (12.7%)      563.62      (5.8%)    1.5% ( -15% -   22%) 0.832
       BrowseDayOfYearSSDVFacets       15.21      (7.6%)       15.44      (5.7%)    1.5% ( -10% -   16%) 0.748
     BrowseRandomLabelTaxoFacets       12.36      (3.7%)       12.59      (1.7%)    1.9% (  -3% -    7%) 0.369
       BrowseDayOfYearTaxoFacets       15.51      (3.1%)       15.85      (3.0%)    2.2% (  -3% -    8%) 0.316
                      OrHighHigh      621.60      (7.5%)      635.90      (5.9%)    2.3% ( -10% -   16%) 0.629
             MedIntervalsOrdered      355.37      (6.9%)      363.79      (4.2%)    2.4% (  -8% -   14%) 0.559
                    OrHighNotLow      970.66      (5.1%)      993.71      (6.3%)    2.4% (  -8% -   14%) 0.556
                    OrNotHighMed     1028.12      (4.2%)     1055.46      (5.5%)    2.7% (  -6% -   12%) 0.446
                    HighSpanNear      152.80      (3.4%)      157.98      (3.5%)    3.4% (  -3% -   10%) 0.163
                 MedSloppyPhrase      197.38      (4.6%)      204.20      (1.7%)    3.5% (  -2% -   10%) 0.155
               HighTermMonthSort     1473.11      (4.7%)     1525.81      (2.4%)    3.6% (  -3% -   11%) 0.173
                         Prefix3     1029.72      (7.4%)     1069.78     (10.5%)    3.9% ( -13% -   23%) 0.546
                      AndHighLow     1836.81      (6.8%)     1911.44      (8.7%)    4.1% ( -10% -   21%) 0.464
                       LowPhrase      108.82      (2.5%)      113.28      (2.4%)    4.1% (   0% -    9%) 0.019
             LowIntervalsOrdered      200.46      (8.3%)      209.28      (3.7%)    4.4% (  -7% -   17%) 0.335
                     LowSpanNear      221.29      (1.9%)      231.19      (2.5%)    4.5% (   0% -    9%) 0.004
     BrowseRandomLabelSSDVFacets       10.87      (7.1%)       11.38      (8.4%)    4.6% ( -10% -   21%) 0.398
                        PKLookup      222.87     (12.4%)      233.41      (9.6%)    4.7% ( -15% -   30%) 0.546
                       ConstMSM2     1311.08      (2.3%)     1385.75     (10.0%)    5.7% (  -6% -   18%) 0.264
            HighIntervalsOrdered       61.70      (9.6%)       65.39      (4.4%)    6.0% (  -7% -   21%) 0.255
            BrowseDateSSDVFacets        2.78      (7.1%)        2.97      (6.7%)    6.8% (  -6% -   22%) 0.161
  iter 4
    armA:
      NOTE: using experimental CPU time profiler (see https://mostlynerdless.de/blog/2025/06/11/java-25s-new-cpu-time-profiler-1)
      log: /home/goankur/vsearch/logs/FJAc.armA.4 + stdout
      run: /usr/bin/perf stat -dd -e task-clock,cycles,instructions,cache-references,cache-misses,L1-dcache-loads,L1-dcache-load-misses,L1-icache-loads,L1-icache-load-misses,LLC-loads,LLC-load-misses,LLC-stores,LLC-store-misses,LLC-prefetches,LLC-prefetch-misses,faults,minor-faults,major-faults,branches,branch-misses,stalled-cycles-frontend,stalled-cycles-backend /home/goankur/jdk/corretto-25/bin/java -server -Xms2g -Xmx2g --add-modules jdk.incubator.vector -XX:+HeapDumpOnOutOfMemoryError -XX:+UseParallelGC -XX:StartFlightRecording=jdk.CPUTimeSample#enabled=true,dumponexit=true,maxsize=250M,settings=/home/goankur/vsearch/util/src/python/profiling.jfc,filename=/home/goankur/vsearch/logs/bench-search-FJAc-armA-4.jfr -XX:+UnlockDiagnosticVMOptions -XX:+DebugNonSafepoints -classpath /home/goankur/vsearch/bo/lucene-A/lucene/core/build/libs/lucene-core-11.0.0-SNAPSHOT.jar:/home/goankur/vsearch/bo/lucene-A/lucene/sandbox/build/classes/java/main:/home/goankur/vsearch/bo/lucene-A/lucene/misc/build/classes/java/main:/home/goankur/vsearch/bo/lucene-A/lucene/facet/build/classes/java/main:/home/goankur/vsearch/bo/lucene-A/lucene/analysis/common/build/classes/java/main:/home/goankur/vsearch/bo/lucene-A/lucene/analysis/icu/build/classes/java/main:/home/goankur/vsearch/bo/lucene-A/lucene/queryparser/build/classes/java/main:/home/goankur/vsearch/bo/lucene-A/lucene/grouping/build/classes/java/main:/home/goankur/vsearch/bo/lucene-A/lucene/suggest/build/classes/java/main:/home/goankur/vsearch/bo/lucene-A/lucene/highlighter/build/classes/java/main:/home/goankur/vsearch/bo/lucene-A/lucene/codecs/build/classes/java/main:/home/goankur/vsearch/bo/lucene-A/lucene/queries/build/classes/java/main:/home/goankur/vsearch/bo/lucene-A/lucene/join/build/classes/java/main:/home/goankur/vsearch/bo/lucene-A/lucene/spatial3d/build/classes/java/main:/home/goankur/vsearch/util/lib/HdrHistogram.jar:/home/goankur/vsearch/util/src/main/build/classes/java/main:/home/goankur/vsearch/util/build perf.SearchPerfTest -dirImpl MMapDirectory -indexPath /home/goankur/vsearch/indices/wikimedium10m.lucene-A.facets.taxonomy:Date.taxonomy:Month.taxonomy:DayOfYear.sortedset:Date.sortedset:Month.sortedset:DayOfYear.taxonomy:RandomLabel.sortedset:RandomLabel.Lucene90.Lucene104.dvfields.nd10M -facets taxonomy:Date;Date -facets taxonomy:Month;Month -facets taxonomy:DayOfYear;DayOfYear -facets sortedset:Date;Date -facets sortedset:Month;Month -facets sortedset:DayOfYear;DayOfYear -facets taxonomy:RandomLabel;RandomLabel -facets sortedset:RandomLabel;RandomLabel -analyzer StandardAnalyzer -taskSource /home/goankur/vsearch/util/tasks/wikimedium.10M.nostopwords.tasks -numConcurrentQueries 5 -taskRepeatCount 20 -field body -tasksPerCat 1 -searchConcurrency -1 -staticSeed -4799930 -seed -862899 -similarity BM25Similarity -commit multi -hiliteImpl FastVectorHighlighter -log /home/goankur/vsearch/logs/FJAc.armA.4 -topN 100 -context  -pk -pollute
      9.3 s
      268.6 actual sustained QPS; -1.0 CPU cores used
    armJ:
      NOTE: using experimental CPU time profiler (see https://mostlynerdless.de/blog/2025/06/11/java-25s-new-cpu-time-profiler-1)
      log: /home/goankur/vsearch/logs/FJAc.armJ.4 + stdout
      run: /usr/bin/perf stat -dd -e task-clock,cycles,instructions,cache-references,cache-misses,L1-dcache-loads,L1-dcache-load-misses,L1-icache-loads,L1-icache-load-misses,LLC-loads,LLC-load-misses,LLC-stores,LLC-store-misses,LLC-prefetches,LLC-prefetch-misses,faults,minor-faults,major-faults,branches,branch-misses,stalled-cycles-frontend,stalled-cycles-backend /home/goankur/jdk/corretto-25/bin/java -server -Xms2g -Xmx2g --add-modules jdk.incubator.vector -XX:+HeapDumpOnOutOfMemoryError -XX:+UseParallelGC -XX:StartFlightRecording=jdk.CPUTimeSample#enabled=true,dumponexit=true,maxsize=250M,settings=/home/goankur/vsearch/util/src/python/profiling.jfc,filename=/home/goankur/vsearch/logs/bench-search-FJAc-armJ-4.jfr -XX:+UnlockDiagnosticVMOptions -XX:+DebugNonSafepoints -classpath /home/goankur/vsearch/bo/lucene-J/lucene/core/build/libs/lucene-core-11.0.0-SNAPSHOT.jar:/home/goankur/vsearch/bo/lucene-J/lucene/sandbox/build/classes/java/main:/home/goankur/vsearch/bo/lucene-J/lucene/misc/build/classes/java/main:/home/goankur/vsearch/bo/lucene-J/lucene/facet/build/classes/java/main:/home/goankur/vsearch/bo/lucene-J/lucene/analysis/common/build/classes/java/main:/home/goankur/vsearch/bo/lucene-J/lucene/analysis/icu/build/classes/java/main:/home/goankur/vsearch/bo/lucene-J/lucene/queryparser/build/classes/java/main:/home/goankur/vsearch/bo/lucene-J/lucene/grouping/build/classes/java/main:/home/goankur/vsearch/bo/lucene-J/lucene/suggest/build/classes/java/main:/home/goankur/vsearch/bo/lucene-J/lucene/highlighter/build/classes/java/main:/home/goankur/vsearch/bo/lucene-J/lucene/codecs/build/classes/java/main:/home/goankur/vsearch/bo/lucene-J/lucene/queries/build/classes/java/main:/home/goankur/vsearch/bo/lucene-J/lucene/join/build/classes/java/main:/home/goankur/vsearch/bo/lucene-J/lucene/spatial3d/build/classes/java/main:/home/goankur/vsearch/util/lib/HdrHistogram.jar:/home/goankur/vsearch/util/src/main/build/classes/java/main:/home/goankur/vsearch/util/build perf.SearchPerfTest -dirImpl MMapDirectory -indexPath /home/goankur/vsearch/indices/wikimedium10m.lucene-A.facets.taxonomy:Date.taxonomy:Month.taxonomy:DayOfYear.sortedset:Date.sortedset:Month.sortedset:DayOfYear.taxonomy:RandomLabel.sortedset:RandomLabel.Lucene90.Lucene104.dvfields.nd10M -facets taxonomy:Date;Date -facets taxonomy:Month;Month -facets taxonomy:DayOfYear;DayOfYear -facets sortedset:Date;Date -facets sortedset:Month;Month -facets sortedset:DayOfYear;DayOfYear -facets taxonomy:RandomLabel;RandomLabel -facets sortedset:RandomLabel;RandomLabel -analyzer StandardAnalyzer -taskSource /home/goankur/vsearch/util/tasks/wikimedium.10M.nostopwords.tasks -numConcurrentQueries 5 -taskRepeatCount 20 -field body -tasksPerCat 1 -searchConcurrency -1 -staticSeed -4799930 -seed -862899 -similarity BM25Similarity -commit multi -hiliteImpl FastVectorHighlighter -log /home/goankur/vsearch/logs/FJAc.armJ.4 -topN 100 -context  -pk -pollute
      9.4 s
      256.8 actual sustained QPS; -1.0 CPU cores used

Report after iter 4:
QPSChart.supported == False
                            Task     P50 B     P50 C     Diff     P90 B     P90 C     Diff     P99 B     P99 C     Diff    P999 B    P999 C     Diff    P100 B    P100 C     Diff
           ('AndHighHigh', None)     1.833     1.628   -11.2%     4.403     4.705     6.9%     9.169     6.017   -34.4%     9.169     6.017   -34.4%    52.988    42.066   -20.6%
('AndHighHighDayTaxoFacets', None)    31.293    29.887    -4.5%    44.209    40.499    -8.4%    59.882    44.875   -25.1%    59.882    44.875   -25.1%   169.774   182.021     7.2%
            ('AndHighLow', None)     0.579     0.555    -4.2%     1.262     1.245    -1.4%     1.505     2.902    92.8%     1.505     2.902    92.8%     1.750     3.033    73.4%
            ('AndHighMed', None)     1.029     1.164    13.1%     5.790     4.516   -22.0%     6.717     4.693   -30.1%     6.717     4.693   -30.1%     6.805     4.975   -26.9%
('AndHighMedDayTaxoFacets', None)     3.750     3.922     4.6%     8.011     7.806    -2.6%    13.110    10.314   -21.3%    13.110    10.314   -21.3%    16.744    18.077     8.0%
     ('AndMissingHigh', 'Title')     0.276     0.281     1.7%     0.680     0.726     6.8%     0.718     1.415    97.1%     0.718     1.415    97.1%     1.352     3.820   182.6%
              ('BM25MSM2', None)    18.088    18.100     0.1%    25.382    31.328    23.4%    40.603    39.025    -3.9%    40.603    39.025    -3.9%   162.666   145.779   -10.4%
  ('BrowseDateSSDVFacets', None)   389.126   334.778   -14.0%   456.522   376.785   -17.5%   464.597   390.163   -16.0%   464.597   390.163   -16.0%   660.531   559.201   -15.3%
  ('BrowseDateTaxoFacets', None)    63.285    60.694    -4.1%    72.334    74.706     3.3%    75.665    88.983    17.6%    75.665    88.983    17.6%   299.279   302.535     1.1%
('BrowseDayOfYearSSDVFacets', None)    66.373    66.819     0.7%    98.776    86.700   -12.2%    99.111    90.243    -8.9%    99.111    90.243    -8.9%   316.318   312.055    -1.3%
('BrowseDayOfYearTaxoFacets', None)    60.312    62.522     3.7%    75.680    73.218    -3.3%    85.794    73.572   -14.2%    85.794    73.572   -14.2%    92.441    78.952   -14.6%
 ('BrowseMonthSSDVFacets', None)    46.545    60.958    31.0%    55.614    78.281    40.8%    55.988    82.109    46.7%    55.988    82.109    46.7%   385.597   380.502    -1.3%
 ('BrowseMonthTaxoFacets', None)    22.188    25.135    13.3%    76.839    73.050    -4.9%    78.986    79.920     1.2%    78.986    79.920     1.2%   121.099   129.226     6.7%
('BrowseRandomLabelSSDVFacets', None)   104.645    97.464    -6.9%   131.820   119.142    -9.6%   144.269   146.742     1.7%   144.269   146.742     1.7%   170.894   286.211    67.5%
('BrowseRandomLabelTaxoFacets', None)    76.904    77.304     0.5%    90.308    91.453     1.3%    91.332    91.870     0.6%    91.332    91.870     0.6%   159.079   148.017    -7.0%
             ('ConstMSM2', None)     0.781     0.827     5.9%     1.363     1.248    -8.4%     2.353     3.706    57.5%     2.353     3.706    57.5%    33.315    60.939    82.9%
                ('Fuzzy1', None)    12.985    12.534    -3.5%    19.127    29.670    55.1%    46.950    36.075   -23.2%    46.950    36.075   -23.2%   306.629   316.173     3.1%
                ('Fuzzy2', None)    12.309    12.449     1.1%    28.602    33.911    18.6%    38.279    35.256    -7.9%    38.279    35.256    -7.9%    54.226    47.820   -11.8%
  ('HighIntervalsOrdered', None)    14.792    15.833     7.0%    30.036    27.126    -9.7%    40.387    30.775   -23.8%    40.387    30.775   -23.8%   250.047   299.470    19.8%
            ('HighPhrase', None)     2.450     2.261    -7.7%     5.604     6.022     7.5%     6.974     7.030     0.8%     6.974     7.030     0.8%    11.073     8.437   -23.8%
      ('HighSloppyPhrase', None)     4.174     3.927    -5.9%     8.283    11.541    39.3%     8.938    11.766    31.6%     8.938    11.766    31.6%    61.913    63.267     2.2%
          ('HighSpanNear', None)     6.712     6.512    -3.0%    13.315    11.063   -16.9%    13.689    12.338    -9.9%    13.689    12.338    -9.9%    24.951    21.775   -12.7%
              ('HighTerm', None)     0.911     0.817   -10.3%     1.707     2.486    45.7%     2.483     2.929    17.9%     2.483     2.929    17.9%    14.897     4.177   -72.0%
('HighTermDayOfYearSort', 'DayOfYear')     2.023     1.994    -1.4%     5.998     6.132     2.2%     7.358    12.420    68.8%     7.358    12.420    68.8%   106.365    99.317    -6.6%
  ('HighTermMonthSort', 'Month')     0.646     0.662     2.5%     1.178     1.877    59.4%    19.941     4.434   -77.8%    19.941     4.434   -77.8%    39.592    49.235    24.4%
('HighTermTitleBDVSort', 'TitleBinary')    12.059    12.559     4.2%    24.207    23.519    -2.8%    37.172    31.305   -15.8%    37.172    31.305   -15.8%   110.386   119.340     8.1%
  ('HighTermTitleSort', 'Title')     7.077     7.150     1.0%    15.781    32.417   105.4%    37.136    38.860     4.6%    37.136    38.860     4.6%    47.824    55.884    16.9%
                ('IntNRQ', None)     0.840     0.816    -2.9%     2.245     2.310     2.9%     2.361     2.355    -0.3%     2.361     2.355    -0.3%    91.896    70.944   -22.8%
                ('IntSet', None)     1.446     1.220   -15.6%     6.995     5.746   -17.9%    11.290     7.129   -36.9%    11.290     7.129   -36.9%    24.614    33.835    37.5%
   ('LowIntervalsOrdered', None)     5.186     5.445     5.0%     9.807     7.353   -25.0%    10.039     8.851   -11.8%    10.039     8.851   -11.8%    17.318    24.216    39.8%
             ('LowPhrase', None)     8.491     8.691     2.4%    14.077    16.045    14.0%    21.621    16.445   -23.9%    21.621    16.445   -23.9%    50.584    39.665   -21.6%
       ('LowSloppyPhrase', None)     4.336     4.246    -2.1%    13.011     9.465   -27.3%    16.099    10.100   -37.3%    16.099    10.100   -37.3%    19.707    21.411     8.6%
           ('LowSpanNear', None)     5.269     4.628   -12.2%     8.566     9.622    12.3%     8.907    14.072    58.0%     8.907    14.072    58.0%   109.889   106.772    -2.8%
               ('LowTerm', None)     0.411     0.488    18.8%     0.686     1.173    71.0%     1.813     1.228   -32.3%     1.813     1.228   -32.3%     1.927     2.190    13.7%
   ('MedIntervalsOrdered', None)     2.760     2.921     5.8%     7.751    12.981    67.5%     8.348    17.789   113.1%     8.348    17.789   113.1%    11.303    29.419   160.3%
             ('MedPhrase', None)     8.165     8.420     3.1%    17.304    12.409   -28.3%    23.209    20.919    -9.9%    23.209    20.919    -9.9%   131.136   124.136    -5.3%
       ('MedSloppyPhrase', None)     5.204     5.007    -3.8%    11.081     9.491   -14.4%    11.386    12.143     6.6%    11.386    12.143     6.6%    99.733   125.905    26.2%
           ('MedSpanNear', None)     3.970     4.198     5.7%     6.422     9.901    54.2%     9.828    11.778    19.8%     9.828    11.778    19.8%    25.628    17.087   -33.3%
               ('MedTerm', None)     0.661     0.673     1.8%     1.526     1.241   -18.6%     6.857     2.486   -63.7%     6.857     2.486   -63.7%    10.542    28.650   171.8%
  ('MedTermDayTaxoFacets', None)    11.179    11.692     4.6%    24.094    16.440   -31.8%    37.229    19.584   -47.4%    37.229    19.584   -47.4%   151.937   148.514    -2.3%
            ('OrHighHigh', None)     1.815     1.734    -4.5%     3.291     4.952    50.5%    14.192     5.581   -60.7%    14.192     5.581   -60.7%    16.995    12.625   -25.7%
             ('OrHighLow', None)     1.008     0.827   -17.9%     1.534     1.673     9.1%     1.990     2.136     7.3%     1.990     2.136     7.3%    13.695     5.481   -60.0%
             ('OrHighMed', None)     0.991     0.992     0.2%     3.949     3.239   -18.0%     4.354     3.512   -19.3%     4.354     3.512   -19.3%     4.560    12.635   177.1%
('OrHighMedDayTaxoFacets', None)    45.542    55.933    22.8%   121.313    80.133   -33.9%   433.859   281.509   -35.1%   433.859   281.509   -35.1%   440.448   315.487   -28.4%
         ('OrHighNotHigh', None)     1.139     1.188     4.3%     1.904     4.033   111.9%     4.878     4.835    -0.9%     4.878     4.835    -0.9%     6.452     5.904    -8.5%
          ('OrHighNotLow', None)     1.147     1.114    -2.9%     2.138     2.128    -0.5%     8.377     2.513   -70.0%     8.377     2.513   -70.0%    19.901    18.754    -5.8%
          ('OrHighNotMed', None)     0.981     1.050     7.1%    10.609     4.913   -53.7%    11.160     8.524   -23.6%    11.160     8.524   -23.6%   106.981   117.414     9.8%
         ('OrNotHighHigh', None)     1.131     1.165     3.0%     3.188     4.542    42.5%     5.940     9.405    58.3%     5.940     9.405    58.3%    12.032     9.797   -18.6%
          ('OrNotHighLow', None)     0.642     0.659     2.7%     2.316     2.252    -2.8%     2.535     2.597     2.5%     2.535     2.597     2.5%     4.275     2.638   -38.3%
          ('OrNotHighMed', None)     1.183     0.979   -17.2%     4.906     2.067   -57.9%     6.087     5.711    -6.2%     6.087     5.711    -6.2%     6.842    30.835   350.6%
                   ('PKLookup',)     4.356     5.346    22.7%     8.642     9.926    14.9%    18.775    17.413    -7.3%    18.775    17.413    -7.3%    24.907    22.245   -10.7%
               ('Prefix3', None)     0.946     0.961     1.5%     8.096     4.563   -43.6%    22.187    12.577   -43.3%    22.187    12.577   -43.3%    30.289    57.140    88.6%
                    ('Respell',)    17.043    16.034    -5.9%    23.409    29.139    24.5%    32.171    35.978    11.8%    32.171    35.978    11.8%    57.786   116.305   101.3%
('TermDateTimeSort', 'DateTime')     2.050     2.249     9.7%     7.581     6.099   -19.5%     9.964     8.340   -16.3%     9.964     8.340   -16.3%    21.744    56.908   161.7%
              ('Wildcard', None)     2.613     2.656     1.6%     9.207    10.136    10.1%    12.640    12.745     0.8%    12.640    12.745     0.8%    13.558    18.585    37.1%
                 ('range', None)     0.176     0.176    -0.3%     0.542     0.420   -22.6%     0.574     0.544    -5.2%     0.574     0.544    -5.2%     0.758     0.719    -5.1%
                            Task    QPS armJ      StdDev    QPS armA      StdDev                Pct diff p-value
           BrowseMonthTaxoFacets       40.58      (8.3%)       34.58     (29.4%)  -14.8% ( -48% -   24%) 0.278
                      AndHighMed     1055.87      (5.0%)      933.11      (3.1%)  -11.6% ( -18% -   -3%) 0.000
                          IntNRQ     1144.23      (8.8%)     1052.96     (12.7%)   -8.0% ( -27% -   14%) 0.249
                       OrHighMed     1109.37      (6.4%)     1021.15      (2.0%)   -8.0% ( -15% -    0%) 0.008
          OrHighMedDayTaxoFacets       20.77     (11.4%)       19.50      (5.5%)   -6.1% ( -20% -   12%) 0.277
           BrowseMonthSSDVFacets       18.58     (12.5%)       17.47     (12.4%)   -6.0% ( -27% -   21%) 0.447
                          Fuzzy1       88.40     (10.7%)       83.59      (8.6%)   -5.4% ( -22% -   15%) 0.375
                   OrNotHighHigh      916.42      (1.9%)      866.83      (7.3%)   -5.4% ( -14% -    3%) 0.107
                         MedTerm     1649.31      (7.9%)     1566.49      (6.4%)   -5.0% ( -17% -   10%) 0.270
                           range     6148.27     (13.0%)     5857.51      (7.8%)   -4.7% ( -22% -   18%) 0.485
                    OrNotHighLow     1649.95      (4.6%)     1578.67      (3.5%)   -4.3% ( -11% -    4%) 0.098
                     MedSpanNear      250.58     (12.4%)      241.58      (1.6%)   -3.6% ( -15% -   11%) 0.522
        AndHighHighDayTaxoFacets       32.86      (4.4%)       31.82      (7.5%)   -3.2% ( -14% -    9%) 0.418
                       MedPhrase      139.10      (4.4%)      135.13      (4.9%)   -2.9% ( -11% -    6%) 0.333
                  AndMissingHigh     3859.91      (6.8%)     3754.19      (4.3%)   -2.7% ( -13% -    9%) 0.450
            MedTermDayTaxoFacets       91.76      (2.1%)       89.79      (6.0%)   -2.1% ( -10% -    6%) 0.452
           HighTermDayOfYearSort      488.54      (7.6%)      478.30      (5.9%)   -2.1% ( -14% -   12%) 0.627
                 LowSloppyPhrase      224.84      (8.1%)      220.17     (10.6%)   -2.1% ( -19% -   18%) 0.727
         AndHighMedDayTaxoFacets      277.11      (2.1%)      271.79      (1.3%)   -1.9% (  -5% -    1%) 0.088
                        PKLookup      228.94     (12.0%)      224.64     (11.8%)   -1.9% ( -22% -   24%) 0.803
                    OrHighNotMed     1018.82      (3.3%)      999.71      (6.8%)   -1.9% ( -11% -    8%) 0.578
               HighTermTitleSort      122.79     (14.6%)      120.55     (10.5%)   -1.8% ( -23% -   27%) 0.821
                         LowTerm     2466.47      (6.2%)     2421.97      (2.8%)   -1.8% ( -10% -    7%) 0.554
                          Fuzzy2       78.99      (4.8%)       77.77      (7.6%)   -1.6% ( -13% -   11%) 0.699
            HighTermTitleBDVSort       78.39      (6.4%)       77.31      (5.4%)   -1.4% ( -12% -   11%) 0.712
                      TermDTSort      469.56      (4.7%)      464.64      (3.1%)   -1.0% (  -8% -    7%) 0.680
                          IntSet      685.06     (13.3%)      679.15     (13.3%)   -0.9% ( -24% -   29%) 0.918
                        BM25MSM2       56.81      (4.6%)       56.61      (3.3%)   -0.4% (  -7% -    7%) 0.886
                         Respell       63.86      (7.1%)       63.66      (5.4%)   -0.3% ( -12% -   13%) 0.939
                   OrHighNotHigh      843.15      (6.4%)      842.50      (2.5%)   -0.1% (  -8% -    9%) 0.980
            BrowseDateTaxoFacets       15.06      (5.5%)       15.10      (7.8%)    0.3% ( -12% -   14%) 0.948
                        HighTerm     1190.24      (5.1%)     1193.62      (4.5%)    0.3% (  -8% -   10%) 0.926
       BrowseDayOfYearTaxoFacets       15.84      (5.3%)       15.89      (2.6%)    0.3% (  -7% -    8%) 0.911
                       OrHighLow     1149.84      (3.3%)     1155.81      (7.0%)    0.5% (  -9% -   11%) 0.880
                HighSloppyPhrase      253.29      (2.1%)      254.84      (2.1%)    0.6% (  -3% -    4%) 0.645
     BrowseRandomLabelTaxoFacets       12.57      (4.9%)       12.66      (1.9%)    0.7% (  -5% -    7%) 0.764
                        Wildcard      384.26      (3.8%)      387.92      (3.1%)    1.0% (  -5% -    8%) 0.664
             MedIntervalsOrdered      357.57      (6.1%)      361.14      (4.0%)    1.0% (  -8% -   11%) 0.759
                      HighPhrase      421.82      (3.5%)      427.95      (3.7%)    1.5% (  -5% -    9%) 0.528
                    OrHighNotLow      965.03      (4.6%)      983.91      (5.9%)    2.0% (  -8% -   13%) 0.560
             LowIntervalsOrdered      200.91      (7.2%)      205.16      (5.6%)    2.1% ( -10% -   16%) 0.605
                      OrHighHigh      611.16      (7.6%)      624.56      (6.7%)    2.2% ( -11% -   17%) 0.628
       BrowseDayOfYearSSDVFacets       15.32      (6.7%)       15.68      (6.1%)    2.4% (  -9% -   16%) 0.559
                         Prefix3     1053.64      (8.0%)     1079.02      (9.1%)    2.4% ( -13% -   21%) 0.658
               HighTermMonthSort     1507.51      (6.4%)     1544.68      (3.5%)    2.5% (  -7% -   13%) 0.452
                       LowPhrase      110.62      (4.2%)      114.15      (2.7%)    3.2% (  -3% -   10%) 0.156
                     AndHighHigh      558.61     (11.0%)      577.04      (7.3%)    3.3% ( -13% -   24%) 0.577
                 MedSloppyPhrase      197.27      (3.9%)      203.93      (1.5%)    3.4% (  -1% -    9%) 0.074
                    HighSpanNear      152.50      (3.0%)      157.76      (3.1%)    3.4% (  -2% -    9%) 0.071
            HighIntervalsOrdered       62.93      (9.2%)       65.20      (3.8%)    3.6% (  -8% -   18%) 0.417
                       ConstMSM2     1309.62      (2.0%)     1364.36      (9.4%)    4.2% (  -7% -   15%) 0.329
     BrowseRandomLabelSSDVFacets       10.72      (7.0%)       11.17      (8.5%)    4.2% ( -10% -   21%) 0.394
                     LowSpanNear      219.51      (2.5%)      228.83      (3.2%)    4.2% (  -1% -   10%) 0.019
                      AndHighLow     1819.72      (6.3%)     1898.78      (7.8%)    4.3% (  -9% -   19%) 0.333
                    OrNotHighMed     1004.96      (6.4%)     1060.77      (5.1%)    5.6% (  -5% -   18%) 0.127
            BrowseDateSSDVFacets        2.74      (6.9%)        2.98      (5.9%)    8.5% (  -3% -   22%) 0.035
  iter 5
    armJ:
      NOTE: using experimental CPU time profiler (see https://mostlynerdless.de/blog/2025/06/11/java-25s-new-cpu-time-profiler-1)
      log: /home/goankur/vsearch/logs/FJAc.armJ.5 + stdout
      run: /usr/bin/perf stat -dd -e task-clock,cycles,instructions,cache-references,cache-misses,L1-dcache-loads,L1-dcache-load-misses,L1-icache-loads,L1-icache-load-misses,LLC-loads,LLC-load-misses,LLC-stores,LLC-store-misses,LLC-prefetches,LLC-prefetch-misses,faults,minor-faults,major-faults,branches,branch-misses,stalled-cycles-frontend,stalled-cycles-backend /home/goankur/jdk/corretto-25/bin/java -server -Xms2g -Xmx2g --add-modules jdk.incubator.vector -XX:+HeapDumpOnOutOfMemoryError -XX:+UseParallelGC -XX:StartFlightRecording=jdk.CPUTimeSample#enabled=true,dumponexit=true,maxsize=250M,settings=/home/goankur/vsearch/util/src/python/profiling.jfc,filename=/home/goankur/vsearch/logs/bench-search-FJAc-armJ-5.jfr -XX:+UnlockDiagnosticVMOptions -XX:+DebugNonSafepoints -classpath /home/goankur/vsearch/bo/lucene-J/lucene/core/build/libs/lucene-core-11.0.0-SNAPSHOT.jar:/home/goankur/vsearch/bo/lucene-J/lucene/sandbox/build/classes/java/main:/home/goankur/vsearch/bo/lucene-J/lucene/misc/build/classes/java/main:/home/goankur/vsearch/bo/lucene-J/lucene/facet/build/classes/java/main:/home/goankur/vsearch/bo/lucene-J/lucene/analysis/common/build/classes/java/main:/home/goankur/vsearch/bo/lucene-J/lucene/analysis/icu/build/classes/java/main:/home/goankur/vsearch/bo/lucene-J/lucene/queryparser/build/classes/java/main:/home/goankur/vsearch/bo/lucene-J/lucene/grouping/build/classes/java/main:/home/goankur/vsearch/bo/lucene-J/lucene/suggest/build/classes/java/main:/home/goankur/vsearch/bo/lucene-J/lucene/highlighter/build/classes/java/main:/home/goankur/vsearch/bo/lucene-J/lucene/codecs/build/classes/java/main:/home/goankur/vsearch/bo/lucene-J/lucene/queries/build/classes/java/main:/home/goankur/vsearch/bo/lucene-J/lucene/join/build/classes/java/main:/home/goankur/vsearch/bo/lucene-J/lucene/spatial3d/build/classes/java/main:/home/goankur/vsearch/util/lib/HdrHistogram.jar:/home/goankur/vsearch/util/src/main/build/classes/java/main:/home/goankur/vsearch/util/build perf.SearchPerfTest -dirImpl MMapDirectory -indexPath /home/goankur/vsearch/indices/wikimedium10m.lucene-A.facets.taxonomy:Date.taxonomy:Month.taxonomy:DayOfYear.sortedset:Date.sortedset:Month.sortedset:DayOfYear.taxonomy:RandomLabel.sortedset:RandomLabel.Lucene90.Lucene104.dvfields.nd10M -facets taxonomy:Date;Date -facets taxonomy:Month;Month -facets taxonomy:DayOfYear;DayOfYear -facets sortedset:Date;Date -facets sortedset:Month;Month -facets sortedset:DayOfYear;DayOfYear -facets taxonomy:RandomLabel;RandomLabel -facets sortedset:RandomLabel;RandomLabel -analyzer StandardAnalyzer -taskSource /home/goankur/vsearch/util/tasks/wikimedium.10M.nostopwords.tasks -numConcurrentQueries 5 -taskRepeatCount 20 -field body -tasksPerCat 1 -searchConcurrency -1 -staticSeed -4799930 -seed -518139 -similarity BM25Similarity -commit multi -hiliteImpl FastVectorHighlighter -log /home/goankur/vsearch/logs/FJAc.armJ.5 -topN 100 -context  -pk -pollute
      9.5 s
      259.0 actual sustained QPS; -1.0 CPU cores used
    armA:
      NOTE: using experimental CPU time profiler (see https://mostlynerdless.de/blog/2025/06/11/java-25s-new-cpu-time-profiler-1)
      log: /home/goankur/vsearch/logs/FJAc.armA.5 + stdout
      run: /usr/bin/perf stat -dd -e task-clock,cycles,instructions,cache-references,cache-misses,L1-dcache-loads,L1-dcache-load-misses,L1-icache-loads,L1-icache-load-misses,LLC-loads,LLC-load-misses,LLC-stores,LLC-store-misses,LLC-prefetches,LLC-prefetch-misses,faults,minor-faults,major-faults,branches,branch-misses,stalled-cycles-frontend,stalled-cycles-backend /home/goankur/jdk/corretto-25/bin/java -server -Xms2g -Xmx2g --add-modules jdk.incubator.vector -XX:+HeapDumpOnOutOfMemoryError -XX:+UseParallelGC -XX:StartFlightRecording=jdk.CPUTimeSample#enabled=true,dumponexit=true,maxsize=250M,settings=/home/goankur/vsearch/util/src/python/profiling.jfc,filename=/home/goankur/vsearch/logs/bench-search-FJAc-armA-5.jfr -XX:+UnlockDiagnosticVMOptions -XX:+DebugNonSafepoints -classpath /home/goankur/vsearch/bo/lucene-A/lucene/core/build/libs/lucene-core-11.0.0-SNAPSHOT.jar:/home/goankur/vsearch/bo/lucene-A/lucene/sandbox/build/classes/java/main:/home/goankur/vsearch/bo/lucene-A/lucene/misc/build/classes/java/main:/home/goankur/vsearch/bo/lucene-A/lucene/facet/build/classes/java/main:/home/goankur/vsearch/bo/lucene-A/lucene/analysis/common/build/classes/java/main:/home/goankur/vsearch/bo/lucene-A/lucene/analysis/icu/build/classes/java/main:/home/goankur/vsearch/bo/lucene-A/lucene/queryparser/build/classes/java/main:/home/goankur/vsearch/bo/lucene-A/lucene/grouping/build/classes/java/main:/home/goankur/vsearch/bo/lucene-A/lucene/suggest/build/classes/java/main:/home/goankur/vsearch/bo/lucene-A/lucene/highlighter/build/classes/java/main:/home/goankur/vsearch/bo/lucene-A/lucene/codecs/build/classes/java/main:/home/goankur/vsearch/bo/lucene-A/lucene/queries/build/classes/java/main:/home/goankur/vsearch/bo/lucene-A/lucene/join/build/classes/java/main:/home/goankur/vsearch/bo/lucene-A/lucene/spatial3d/build/classes/java/main:/home/goankur/vsearch/util/lib/HdrHistogram.jar:/home/goankur/vsearch/util/src/main/build/classes/java/main:/home/goankur/vsearch/util/build perf.SearchPerfTest -dirImpl MMapDirectory -indexPath /home/goankur/vsearch/indices/wikimedium10m.lucene-A.facets.taxonomy:Date.taxonomy:Month.taxonomy:DayOfYear.sortedset:Date.sortedset:Month.sortedset:DayOfYear.taxonomy:RandomLabel.sortedset:RandomLabel.Lucene90.Lucene104.dvfields.nd10M -facets taxonomy:Date;Date -facets taxonomy:Month;Month -facets taxonomy:DayOfYear;DayOfYear -facets sortedset:Date;Date -facets sortedset:Month;Month -facets sortedset:DayOfYear;DayOfYear -facets taxonomy:RandomLabel;RandomLabel -facets sortedset:RandomLabel;RandomLabel -analyzer StandardAnalyzer -taskSource /home/goankur/vsearch/util/tasks/wikimedium.10M.nostopwords.tasks -numConcurrentQueries 5 -taskRepeatCount 20 -field body -tasksPerCat 1 -searchConcurrency -1 -staticSeed -4799930 -seed -518139 -similarity BM25Similarity -commit multi -hiliteImpl FastVectorHighlighter -log /home/goankur/vsearch/logs/FJAc.armA.5 -topN 100 -context  -pk -pollute
      9.8 s
      243.3 actual sustained QPS; -1.0 CPU cores used

Report after iter 5:
QPSChart.supported == False
                            Task     P50 B     P50 C     Diff     P90 B     P90 C     Diff     P99 B     P99 C     Diff    P999 B    P999 C     Diff    P100 B    P100 C     Diff
           ('AndHighHigh', None)     1.770     1.582   -10.6%     4.451     5.487    23.3%    22.406     8.189   -63.4%    22.406     8.189   -63.4%   285.706   255.921   -10.4%
('AndHighHighDayTaxoFacets', None)    35.115    33.657    -4.2%    53.031    48.211    -9.1%    94.495    85.677    -9.3%    94.495    85.677    -9.3%   207.937   238.250    14.6%
            ('AndHighLow', None)     0.578     0.513   -11.2%     1.235     1.002   -18.9%     1.318     1.461    10.9%     1.318     1.461    10.9%     2.215     1.626   -26.6%
            ('AndHighMed', None)     1.103     1.063    -3.7%     5.675     3.748   -34.0%     7.108     5.585   -21.4%     7.108     5.585   -21.4%     8.178     5.768   -29.5%
('AndHighMedDayTaxoFacets', None)     3.607     3.509    -2.7%     7.429     8.760    17.9%    12.674    23.839    88.1%    12.674    23.839    88.1%   340.198   361.231     6.2%
     ('AndMissingHigh', 'Title')     0.275     0.286     3.8%     0.766     0.769     0.3%     1.929     2.398    24.3%     1.929     2.398    24.3%    14.813    15.037     1.5%
              ('BM25MSM2', None)    18.726    18.398    -1.7%    32.731    20.338   -37.9%   121.390    69.844   -42.5%   121.390    69.844   -42.5%   164.492   147.192   -10.5%
  ('BrowseDateSSDVFacets', None)   375.071   381.536     1.7%   418.609   452.679     8.1%   444.444   457.858     3.0%   444.444   457.858     3.0%   563.144   582.261     3.4%
  ('BrowseDateTaxoFacets', None)    72.482    69.887    -3.6%    82.461    91.039    10.4%    88.040    95.550     8.5%    88.040    95.550     8.5%    88.327   122.443    38.6%
('BrowseDayOfYearSSDVFacets', None)    57.262    48.805   -14.8%    79.999    54.170   -32.3%   114.405    59.161   -48.3%   114.405    59.161   -48.3%   202.612   215.403     6.3%
('BrowseDayOfYearTaxoFacets', None)    65.687    66.103     0.6%    79.746    81.950     2.8%    85.954    89.911     4.6%    85.954    89.911     4.6%   107.400   133.259    24.1%
 ('BrowseMonthSSDVFacets', None)    60.607    75.256    24.2%    76.661    94.336    23.1%    77.853    96.472    23.9%    77.853    96.472    23.9%    78.172   109.217    39.7%
 ('BrowseMonthTaxoFacets', None)    26.647    86.148   223.3%    75.185    97.302    29.4%   119.378   102.243   -14.4%   119.378   102.243   -14.4%   129.888   132.361     1.9%
('BrowseRandomLabelSSDVFacets', None)    85.430   107.086    25.3%   130.626   132.483     1.4%   169.458   155.301    -8.4%   169.458   155.301    -8.4%   175.345   177.685     1.3%
('BrowseRandomLabelTaxoFacets', None)    85.748    87.303     1.8%   113.699   104.772    -7.9%   116.554   129.516    11.1%   116.554   129.516    11.1%   351.322   296.763   -15.5%
             ('ConstMSM2', None)     0.807     0.801    -0.8%     2.190     1.477   -32.6%     2.469     6.201   151.2%     2.469     6.201   151.2%     5.242     7.579    44.6%
                ('Fuzzy1', None)    12.160    11.904    -2.1%    23.447    18.461   -21.3%    24.429    31.109    27.3%    24.429    31.109    27.3%   243.878   256.206     5.1%
                ('Fuzzy2', None)    13.843    13.445    -2.9%    31.112    23.349   -25.0%    47.547    38.981   -18.0%    47.547    38.981   -18.0%    60.329    70.625    17.1%
  ('HighIntervalsOrdered', None)    18.137    15.394   -15.1%    21.774    21.007    -3.5%    28.301    43.810    54.8%    28.301    43.810    54.8%   150.288   150.400     0.1%
            ('HighPhrase', None)     2.438     2.407    -1.3%     7.429     7.254    -2.4%     7.533     8.740    16.0%     7.533     8.740    16.0%   104.528    77.550   -25.8%
      ('HighSloppyPhrase', None)     4.763     3.927   -17.6%     8.240     7.757    -5.9%     9.347     9.596     2.7%     9.347     9.596     2.7%    55.996    57.438     2.6%
          ('HighSpanNear', None)     7.050     6.036   -14.4%    14.013     9.422   -32.8%    17.074    28.523    67.1%    17.074    28.523    67.1%   198.902   219.510    10.4%
              ('HighTerm', None)     0.835     0.797    -4.5%     2.337     0.975   -58.3%     2.970     2.019   -32.0%     2.970     2.019   -32.0%     3.991     3.279   -17.9%
('HighTermDayOfYearSort', 'DayOfYear')     2.060     2.092     1.5%     6.326     4.979   -21.3%    10.533    17.701    68.1%    10.533    17.701    68.1%   124.404   117.075    -5.9%
  ('HighTermMonthSort', 'Month')     0.738     0.705    -4.4%     1.453     1.366    -6.0%     3.180     2.392   -24.8%     3.180     2.392   -24.8%     3.904     3.414   -12.5%
('HighTermTitleBDVSort', 'TitleBinary')    13.282    13.304     0.2%    17.535    20.436    16.5%    25.243    74.270   194.2%    25.243    74.270   194.2%   101.528    96.238    -5.2%
  ('HighTermTitleSort', 'Title')     9.824     8.248   -16.0%    16.431    20.585    25.3%    26.624    47.175    77.2%    26.624    47.175    77.2%   110.850    80.753   -27.2%
                ('IntNRQ', None)     1.068     1.014    -5.0%     2.642     1.635   -38.1%     2.940     7.741   163.3%     2.940     7.741   163.3%    43.786    54.576    24.6%
                ('IntSet', None)     1.644     1.493    -9.2%     5.290     5.414     2.3%     7.087     6.084   -14.1%     7.087     6.084   -14.1%    68.062    56.507   -17.0%
   ('LowIntervalsOrdered', None)     4.937     4.665    -5.5%     7.537     7.603     0.9%     7.595    13.756    81.1%     7.595    13.756    81.1%    91.113    75.989   -16.6%
             ('LowPhrase', None)     9.348     9.344    -0.0%    15.033    13.371   -11.1%    18.064    13.803   -23.6%    18.064    13.803   -23.6%    53.752    53.588    -0.3%
       ('LowSloppyPhrase', None)     4.282     4.450     3.9%     9.348    11.459    22.6%    28.032    26.082    -7.0%    28.032    26.082    -7.0%    29.468    46.537    57.9%
           ('LowSpanNear', None)     4.492     4.128    -8.1%    12.282     8.783   -28.5%    29.746    10.866   -63.5%    29.746    10.866   -63.5%    40.999    37.322    -9.0%
               ('LowTerm', None)     0.453     0.438    -3.3%     2.323     1.168   -49.7%     2.432     2.434     0.1%     2.432     2.434     0.1%    19.189     3.244   -83.1%
   ('MedIntervalsOrdered', None)     3.093     2.892    -6.5%     6.361     5.689   -10.6%     7.602     6.428   -15.4%     7.602     6.428   -15.4%     8.262     9.807    18.7%
             ('MedPhrase', None)     7.302     6.901    -5.5%    15.470    10.534   -31.9%    16.026    18.392    14.8%    16.026    18.392    14.8%    24.380    42.263    73.4%
       ('MedSloppyPhrase', None)     5.162     5.082    -1.6%     8.984     8.493    -5.5%    10.101    10.333     2.3%    10.101    10.333     2.3%    27.986    13.420   -52.0%
           ('MedSpanNear', None)     4.571     4.555    -0.4%     7.451     7.630     2.4%    11.439     7.967   -30.3%    11.439     7.967   -30.3%    40.462    36.875    -8.9%
               ('MedTerm', None)     0.626     0.611    -2.5%     1.289     1.297     0.6%     2.085     3.691    77.1%     2.085     3.691    77.1%    16.118     7.767   -51.8%
  ('MedTermDayTaxoFacets', None)     9.988    10.749     7.6%    20.716    19.092    -7.8%    24.495    25.617     4.6%    24.495    25.617     4.6%    25.370    36.340    43.2%
            ('OrHighHigh', None)     1.652     1.606    -2.8%     5.535     3.800   -31.3%     9.851     7.286   -26.0%     9.851     7.286   -26.0%    15.204    10.703   -29.6%
             ('OrHighLow', None)     0.933     0.858    -8.0%     1.653     2.104    27.2%     2.216     2.140    -3.4%     2.216     2.140    -3.4%     2.496     3.139    25.8%
             ('OrHighMed', None)     1.056     0.908   -14.0%     2.782     3.289    18.2%     7.689     4.330   -43.7%     7.689     4.330   -43.7%    22.273     6.271   -71.8%
('OrHighMedDayTaxoFacets', None)    51.962    51.778    -0.4%   141.539    73.891   -47.8%   225.652   254.876    13.0%   225.652   254.876    13.0%   361.612   333.562    -7.8%
         ('OrHighNotHigh', None)     1.154     1.403    21.5%     2.811     1.698   -39.6%     4.292     5.256    22.5%     4.292     5.256    22.5%     5.380    11.270   109.5%
          ('OrHighNotLow', None)     1.019     1.321    29.7%     2.276     4.098    80.1%     2.303    12.161   428.1%     2.303    12.161   428.1%    16.811    20.864    24.1%
          ('OrHighNotMed', None)     1.064     1.204    13.2%    12.394     2.510   -79.7%    12.894    13.487     4.6%    12.894    13.487     4.6%   120.684   118.766    -1.6%
         ('OrNotHighHigh', None)     1.069     1.285    20.2%     2.931     3.813    30.1%     2.974     3.936    32.4%     2.974     3.936    32.4%    22.285    46.748   109.8%
          ('OrNotHighLow', None)     0.650     0.603    -7.1%     2.113     1.908    -9.7%     2.133     2.245     5.3%     2.133     2.245     5.3%     2.164     2.294     6.0%
          ('OrNotHighMed', None)     0.981     1.021     4.1%     4.189     2.641   -37.0%     7.209     2.644   -63.3%     7.209     2.644   -63.3%    32.970    15.127   -54.1%
                   ('PKLookup',)     5.137     5.470     6.5%     9.198    10.825    17.7%    15.121    20.951    38.6%    15.121    20.951    38.6%    45.986    39.018   -15.2%
               ('Prefix3', None)     0.976     0.966    -1.0%     3.997     4.727    18.3%    13.059     7.465   -42.8%    13.059     7.465   -42.8%    21.951    39.958    82.0%
                    ('Respell',)    16.346    17.643     7.9%    24.828    27.997    12.8%    36.044    36.015    -0.1%    36.044    36.015    -0.1%    99.390    63.612   -36.0%
('TermDateTimeSort', 'DateTime')     2.449     2.536     3.6%     5.370     5.240    -2.4%     8.543     5.625   -34.2%     8.543     5.625   -34.2%    87.091   107.224    23.1%
              ('Wildcard', None)     2.652     2.429    -8.4%    10.578     5.547   -47.6%    10.727     9.630   -10.2%    10.727     9.630   -10.2%    17.789    13.709   -22.9%
                 ('range', None)     0.160     0.151    -5.9%     0.499     0.472    -5.3%     2.284     0.574   -74.9%     2.284     0.574   -74.9%    11.881    12.121     2.0%
                            Task    QPS armJ      StdDev    QPS armA      StdDev                Pct diff p-value
           BrowseMonthTaxoFacets       40.19      (7.9%)       30.77     (35.3%)  -23.4% ( -61% -   21%) 0.112
                      AndHighMed     1037.79      (6.3%)      941.20      (3.4%)   -9.3% ( -17% -    0%) 0.001
                   OrNotHighHigh      923.03      (2.4%)      855.55      (7.1%)   -7.3% ( -16% -    2%) 0.017
           BrowseMonthSSDVFacets       18.26     (12.1%)       17.05     (12.6%)   -6.6% ( -27% -   20%) 0.353
                       OrHighMed     1104.84      (5.9%)     1040.10      (4.6%)   -5.9% ( -15% -    4%) 0.053
                          IntNRQ     1121.12      (9.5%)     1061.31     (11.7%)   -5.3% ( -24% -   17%) 0.387
                          Fuzzy1       88.89      (9.6%)       84.56      (8.1%)   -4.9% ( -20% -   14%) 0.342
          OrHighMedDayTaxoFacets       20.60     (10.5%)       19.60      (5.1%)   -4.8% ( -18% -   12%) 0.311
                         MedTerm     1656.63      (7.1%)     1582.12      (6.2%)   -4.5% ( -16% -    9%) 0.242
                  AndMissingHigh     3913.70      (6.9%)     3742.39      (3.9%)   -4.4% ( -14% -    6%) 0.177
                    OrHighNotMed     1011.40      (3.5%)      972.44      (9.0%)   -3.9% ( -15% -    8%) 0.328
            MedTermDayTaxoFacets       94.12      (6.4%)       90.54      (5.6%)   -3.8% ( -14% -    8%) 0.274
                        PKLookup      226.59     (11.1%)      218.23     (12.7%)   -3.7% ( -24% -   22%) 0.593
                   OrHighNotHigh      849.87      (6.0%)      822.28      (6.2%)   -3.2% ( -14% -    9%) 0.356
                     MedSpanNear      246.21     (12.1%)      238.34      (3.5%)   -3.2% ( -16% -   14%) 0.535
           HighTermDayOfYearSort      495.50      (7.5%)      481.23      (5.4%)   -2.9% ( -14% -   10%) 0.447
                    OrNotHighLow     1646.40      (4.2%)     1601.76      (4.7%)   -2.7% ( -11% -    6%) 0.290
                    OrHighNotLow      974.83      (4.8%)      949.78     (10.0%)   -2.6% ( -16% -   12%) 0.571
                 LowSloppyPhrase      226.46      (7.4%)      221.77      (9.5%)   -2.1% ( -17% -   16%) 0.675
                           range     6180.63     (11.6%)     6055.42     (10.5%)   -2.0% ( -21% -   22%) 0.751
                       MedPhrase      139.18      (4.0%)      136.86      (5.3%)   -1.7% ( -10% -    7%) 0.539
        AndHighHighDayTaxoFacets       32.29      (5.9%)       31.81      (6.8%)   -1.5% ( -13% -   11%) 0.688
                         Respell       63.96      (6.4%)       63.10      (5.3%)   -1.3% ( -12% -   11%) 0.691
         AndHighMedDayTaxoFacets      278.23      (2.1%)      275.01      (3.1%)   -1.2% (  -6% -    4%) 0.450
            HighTermTitleBDVSort       78.09      (5.8%)       77.26      (4.9%)   -1.1% ( -11% -   10%) 0.730
                         LowTerm     2437.24      (6.4%)     2420.96      (2.5%)   -0.7% (  -8% -    8%) 0.811
                      TermDTSort      464.79      (5.0%)      461.91      (3.2%)   -0.6% (  -8% -    7%) 0.796
       BrowseDayOfYearTaxoFacets       15.82      (4.8%)       15.79      (2.8%)   -0.2% (  -7% -    7%) 0.940
     BrowseRandomLabelSSDVFacets       10.98      (8.4%)       10.97      (8.7%)   -0.1% ( -15% -   18%) 0.987
     BrowseRandomLabelTaxoFacets       12.52      (4.5%)       12.54      (2.9%)    0.1% (  -6% -    7%) 0.947
                          Fuzzy2       78.05      (5.3%)       78.21      (7.0%)    0.2% ( -11% -   13%) 0.952
                        BM25MSM2       56.27      (4.8%)       56.40      (3.1%)    0.2% (  -7% -    8%) 0.917
                          IntSet      681.05     (12.1%)      684.00     (12.1%)    0.4% ( -21% -   27%) 0.950
               HighTermTitleSort      120.86     (13.8%)      121.63      (9.8%)    0.6% ( -20% -   28%) 0.926
            BrowseDateTaxoFacets       14.93      (5.4%)       15.03      (7.2%)    0.7% ( -11% -   14%) 0.842
                      HighPhrase      423.47      (3.3%)      426.63      (3.4%)    0.7% (  -5% -    7%) 0.700
                        HighTerm     1197.13      (4.7%)     1210.65      (5.3%)    1.1% (  -8% -   11%) 0.698
             MedIntervalsOrdered      353.74      (6.1%)      359.88      (3.7%)    1.7% (  -7% -   12%) 0.552
                      OrHighHigh      613.65      (6.8%)      625.88      (6.0%)    2.0% ( -10% -   15%) 0.591
                        Wildcard      384.55      (3.4%)      392.50      (4.0%)    2.1% (  -5% -    9%) 0.337
             LowIntervalsOrdered      203.90      (7.3%)      208.13      (6.1%)    2.1% ( -10% -   16%) 0.594
                       OrHighLow     1138.19      (3.9%)     1164.37      (6.6%)    2.3% (  -7% -   13%) 0.460
                       LowPhrase      110.70      (3.8%)      113.27      (3.1%)    2.3% (  -4% -    9%) 0.248
                HighSloppyPhrase      249.81      (3.9%)      255.75      (2.1%)    2.4% (  -3% -    8%) 0.189
                         Prefix3     1055.11      (7.2%)     1081.75      (8.2%)    2.5% ( -11% -   19%) 0.570
               HighTermMonthSort     1500.21      (5.9%)     1538.85      (3.3%)    2.6% (  -6% -   12%) 0.350
                 MedSloppyPhrase      197.36      (3.5%)      203.63      (1.4%)    3.2% (  -1% -    8%) 0.040
                       ConstMSM2     1315.95      (2.1%)     1365.75      (8.3%)    3.8% (  -6% -   14%) 0.282
                    OrNotHighMed     1020.56      (6.7%)     1060.28      (4.5%)    3.9% (  -6% -   16%) 0.238
                     AndHighHigh      564.35     (10.1%)      588.65      (8.2%)    4.3% ( -12% -   25%) 0.417
                    HighSpanNear      152.39      (2.7%)      159.49      (3.9%)    4.7% (  -1% -   11%) 0.016
                     LowSpanNear      220.97      (2.7%)      231.40      (4.0%)    4.7% (  -1% -   11%) 0.018
                      AndHighLow     1829.91      (5.8%)     1926.29      (7.8%)    5.3% (  -7% -   20%) 0.186
       BrowseDayOfYearSSDVFacets       15.70      (8.3%)       16.53     (14.3%)    5.3% ( -15% -   30%) 0.431
            HighIntervalsOrdered       61.78      (9.6%)       65.26      (3.4%)    5.6% (  -6% -   20%) 0.174
            BrowseDateSSDVFacets        2.74      (6.2%)        2.95      (6.1%)    7.7% (  -4% -   21%) 0.031
  iter 6
    armA:
      NOTE: using experimental CPU time profiler (see https://mostlynerdless.de/blog/2025/06/11/java-25s-new-cpu-time-profiler-1)
      log: /home/goankur/vsearch/logs/FJAc.armA.6 + stdout
      run: /usr/bin/perf stat -dd -e task-clock,cycles,instructions,cache-references,cache-misses,L1-dcache-loads,L1-dcache-load-misses,L1-icache-loads,L1-icache-load-misses,LLC-loads,LLC-load-misses,LLC-stores,LLC-store-misses,LLC-prefetches,LLC-prefetch-misses,faults,minor-faults,major-faults,branches,branch-misses,stalled-cycles-frontend,stalled-cycles-backend /home/goankur/jdk/corretto-25/bin/java -server -Xms2g -Xmx2g --add-modules jdk.incubator.vector -XX:+HeapDumpOnOutOfMemoryError -XX:+UseParallelGC -XX:StartFlightRecording=jdk.CPUTimeSample#enabled=true,dumponexit=true,maxsize=250M,settings=/home/goankur/vsearch/util/src/python/profiling.jfc,filename=/home/goankur/vsearch/logs/bench-search-FJAc-armA-6.jfr -XX:+UnlockDiagnosticVMOptions -XX:+DebugNonSafepoints -classpath /home/goankur/vsearch/bo/lucene-A/lucene/core/build/libs/lucene-core-11.0.0-SNAPSHOT.jar:/home/goankur/vsearch/bo/lucene-A/lucene/sandbox/build/classes/java/main:/home/goankur/vsearch/bo/lucene-A/lucene/misc/build/classes/java/main:/home/goankur/vsearch/bo/lucene-A/lucene/facet/build/classes/java/main:/home/goankur/vsearch/bo/lucene-A/lucene/analysis/common/build/classes/java/main:/home/goankur/vsearch/bo/lucene-A/lucene/analysis/icu/build/classes/java/main:/home/goankur/vsearch/bo/lucene-A/lucene/queryparser/build/classes/java/main:/home/goankur/vsearch/bo/lucene-A/lucene/grouping/build/classes/java/main:/home/goankur/vsearch/bo/lucene-A/lucene/suggest/build/classes/java/main:/home/goankur/vsearch/bo/lucene-A/lucene/highlighter/build/classes/java/main:/home/goankur/vsearch/bo/lucene-A/lucene/codecs/build/classes/java/main:/home/goankur/vsearch/bo/lucene-A/lucene/queries/build/classes/java/main:/home/goankur/vsearch/bo/lucene-A/lucene/join/build/classes/java/main:/home/goankur/vsearch/bo/lucene-A/lucene/spatial3d/build/classes/java/main:/home/goankur/vsearch/util/lib/HdrHistogram.jar:/home/goankur/vsearch/util/src/main/build/classes/java/main:/home/goankur/vsearch/util/build perf.SearchPerfTest -dirImpl MMapDirectory -indexPath /home/goankur/vsearch/indices/wikimedium10m.lucene-A.facets.taxonomy:Date.taxonomy:Month.taxonomy:DayOfYear.sortedset:Date.sortedset:Month.sortedset:DayOfYear.taxonomy:RandomLabel.sortedset:RandomLabel.Lucene90.Lucene104.dvfields.nd10M -facets taxonomy:Date;Date -facets taxonomy:Month;Month -facets taxonomy:DayOfYear;DayOfYear -facets sortedset:Date;Date -facets sortedset:Month;Month -facets sortedset:DayOfYear;DayOfYear -facets taxonomy:RandomLabel;RandomLabel -facets sortedset:RandomLabel;RandomLabel -analyzer StandardAnalyzer -taskSource /home/goankur/vsearch/util/tasks/wikimedium.10M.nostopwords.tasks -numConcurrentQueries 5 -taskRepeatCount 20 -field body -tasksPerCat 1 -searchConcurrency -1 -staticSeed -4799930 -seed -1473462 -similarity BM25Similarity -commit multi -hiliteImpl FastVectorHighlighter -log /home/goankur/vsearch/logs/FJAc.armA.6 -topN 100 -context  -pk -pollute
      9.4 s
      260.8 actual sustained QPS; -1.0 CPU cores used
    armJ:
      NOTE: using experimental CPU time profiler (see https://mostlynerdless.de/blog/2025/06/11/java-25s-new-cpu-time-profiler-1)
      log: /home/goankur/vsearch/logs/FJAc.armJ.6 + stdout
      run: /usr/bin/perf stat -dd -e task-clock,cycles,instructions,cache-references,cache-misses,L1-dcache-loads,L1-dcache-load-misses,L1-icache-loads,L1-icache-load-misses,LLC-loads,LLC-load-misses,LLC-stores,LLC-store-misses,LLC-prefetches,LLC-prefetch-misses,faults,minor-faults,major-faults,branches,branch-misses,stalled-cycles-frontend,stalled-cycles-backend /home/goankur/jdk/corretto-25/bin/java -server -Xms2g -Xmx2g --add-modules jdk.incubator.vector -XX:+HeapDumpOnOutOfMemoryError -XX:+UseParallelGC -XX:StartFlightRecording=jdk.CPUTimeSample#enabled=true,dumponexit=true,maxsize=250M,settings=/home/goankur/vsearch/util/src/python/profiling.jfc,filename=/home/goankur/vsearch/logs/bench-search-FJAc-armJ-6.jfr -XX:+UnlockDiagnosticVMOptions -XX:+DebugNonSafepoints -classpath /home/goankur/vsearch/bo/lucene-J/lucene/core/build/libs/lucene-core-11.0.0-SNAPSHOT.jar:/home/goankur/vsearch/bo/lucene-J/lucene/sandbox/build/classes/java/main:/home/goankur/vsearch/bo/lucene-J/lucene/misc/build/classes/java/main:/home/goankur/vsearch/bo/lucene-J/lucene/facet/build/classes/java/main:/home/goankur/vsearch/bo/lucene-J/lucene/analysis/common/build/classes/java/main:/home/goankur/vsearch/bo/lucene-J/lucene/analysis/icu/build/classes/java/main:/home/goankur/vsearch/bo/lucene-J/lucene/queryparser/build/classes/java/main:/home/goankur/vsearch/bo/lucene-J/lucene/grouping/build/classes/java/main:/home/goankur/vsearch/bo/lucene-J/lucene/suggest/build/classes/java/main:/home/goankur/vsearch/bo/lucene-J/lucene/highlighter/build/classes/java/main:/home/goankur/vsearch/bo/lucene-J/lucene/codecs/build/classes/java/main:/home/goankur/vsearch/bo/lucene-J/lucene/queries/build/classes/java/main:/home/goankur/vsearch/bo/lucene-J/lucene/join/build/classes/java/main:/home/goankur/vsearch/bo/lucene-J/lucene/spatial3d/build/classes/java/main:/home/goankur/vsearch/util/lib/HdrHistogram.jar:/home/goankur/vsearch/util/src/main/build/classes/java/main:/home/goankur/vsearch/util/build perf.SearchPerfTest -dirImpl MMapDirectory -indexPath /home/goankur/vsearch/indices/wikimedium10m.lucene-A.facets.taxonomy:Date.taxonomy:Month.taxonomy:DayOfYear.sortedset:Date.sortedset:Month.sortedset:DayOfYear.taxonomy:RandomLabel.sortedset:RandomLabel.Lucene90.Lucene104.dvfields.nd10M -facets taxonomy:Date;Date -facets taxonomy:Month;Month -facets taxonomy:DayOfYear;DayOfYear -facets sortedset:Date;Date -facets sortedset:Month;Month -facets sortedset:DayOfYear;DayOfYear -facets taxonomy:RandomLabel;RandomLabel -facets sortedset:RandomLabel;RandomLabel -analyzer StandardAnalyzer -taskSource /home/goankur/vsearch/util/tasks/wikimedium.10M.nostopwords.tasks -numConcurrentQueries 5 -taskRepeatCount 20 -field body -tasksPerCat 1 -searchConcurrency -1 -staticSeed -4799930 -seed -1473462 -similarity BM25Similarity -commit multi -hiliteImpl FastVectorHighlighter -log /home/goankur/vsearch/logs/FJAc.armJ.6 -topN 100 -context  -pk -pollute
      9.3 s
      276.4 actual sustained QPS; -1.0 CPU cores used

Report after iter 6:
QPSChart.supported == False
                            Task     P50 B     P50 C     Diff     P90 B     P90 C     Diff     P99 B     P99 C     Diff    P999 B    P999 C     Diff    P100 B    P100 C     Diff
           ('AndHighHigh', None)     1.616     1.695     4.9%    10.492    14.045    33.9%    17.154    22.424    30.7%    17.154    22.424    30.7%   141.285   146.337     3.6%
('AndHighHighDayTaxoFacets', None)    31.930    31.373    -1.7%    40.504    47.440    17.1%   142.528   134.818    -5.4%   142.528   134.818    -5.4%   176.030   167.850    -4.6%
            ('AndHighLow', None)     0.598     0.553    -7.6%     1.846     1.550   -16.0%     2.043     1.593   -22.0%     2.043     1.593   -22.0%    15.386     3.675   -76.1%
            ('AndHighMed', None)     0.967     0.991     2.5%     6.175     4.012   -35.0%     6.214     6.729     8.3%     6.214     6.729     8.3%    10.342    12.889    24.6%
('AndHighMedDayTaxoFacets', None)     4.463     3.838   -14.0%     6.912     7.852    13.6%    15.450    21.937    42.0%    15.450    21.937    42.0%    29.556    40.933    38.5%
     ('AndMissingHigh', 'Title')     0.288     0.300     4.0%     0.501     0.634    26.4%     0.579     0.765    32.1%     0.579     0.765    32.1%    14.477    14.956     3.3%
              ('BM25MSM2', None)    17.366    18.009     3.7%    32.857    26.763   -18.5%    34.446    33.936    -1.5%    34.446    33.936    -1.5%   139.621   192.186    37.6%
  ('BrowseDateSSDVFacets', None)   387.038   369.234    -4.6%   432.207   455.240     5.3%   456.518   458.735     0.5%   456.518   458.735     0.5%   653.396   611.860    -6.4%
  ('BrowseDateTaxoFacets', None)    61.781    60.228    -2.5%    70.618    80.278    13.7%    73.463    80.748     9.9%    73.463    80.748     9.9%   298.823   335.798    12.4%
('BrowseDayOfYearSSDVFacets', None)    64.690    75.508    16.7%    87.502    88.250     0.9%    87.948    91.711     4.3%    87.948    91.711     4.3%   225.018   210.182    -6.6%
('BrowseDayOfYearTaxoFacets', None)    63.432    62.198    -1.9%    73.002    75.502     3.4%    77.309    76.094    -1.6%    77.309    76.094    -1.6%    81.949    79.749    -2.7%
 ('BrowseMonthSSDVFacets', None)    65.914    62.029    -5.9%    81.357    90.069    10.7%    89.805    90.157     0.4%    89.805    90.157     0.4%   118.594   136.722    15.3%
 ('BrowseMonthTaxoFacets', None)    23.373    23.618     1.0%    30.390    31.005     2.0%    75.133    92.860    23.6%    75.133    92.860    23.6%   107.129   141.006    31.6%
('BrowseRandomLabelSSDVFacets', None)    91.350    89.877    -1.6%   120.891   117.443    -2.9%   128.805   148.006    14.9%   128.805   148.006    14.9%   196.078   157.386   -19.7%
('BrowseRandomLabelTaxoFacets', None)    83.860    76.709    -8.5%   100.498   101.548     1.0%   135.813   106.357   -21.7%   135.813   106.357   -21.7%   142.002   160.791    13.2%
             ('ConstMSM2', None)     0.733     0.792     8.1%     1.499     1.942    29.6%     1.745     6.946   298.0%     1.745     6.946   298.0%     8.666    16.213    87.1%
                ('Fuzzy1', None)    13.093    12.106    -7.5%    26.069    28.672    10.0%    30.504    34.353    12.6%    30.504    34.353    12.6%    90.652    67.170   -25.9%
                ('Fuzzy2', None)    14.449    13.196    -8.7%    23.501    26.296    11.9%    50.815    67.419    32.7%    50.815    67.419    32.7%   100.127   110.902    10.8%
  ('HighIntervalsOrdered', None)    18.000    17.418    -3.2%    26.355    30.855    17.1%    29.992    30.870     2.9%    29.992    30.870     2.9%   202.143   165.696   -18.0%
            ('HighPhrase', None)     2.544     2.342    -8.0%    10.702     5.892   -44.9%    16.760     7.895   -52.9%    16.760     7.895   -52.9%    66.656    50.563   -24.1%
      ('HighSloppyPhrase', None)     4.497     4.004   -11.0%    10.517     7.312   -30.5%    10.823     9.438   -12.8%    10.823     9.438   -12.8%    13.535    12.932    -4.5%
          ('HighSpanNear', None)     6.778     6.897     1.8%    14.790     9.146   -38.2%    14.933    11.806   -20.9%    14.933    11.806   -20.9%    15.002    16.052     7.0%
              ('HighTerm', None)     0.877     0.860    -2.0%     2.050     1.751   -14.6%     2.151     3.016    40.2%     2.151     3.016    40.2%     3.229     4.290    32.9%
('HighTermDayOfYearSort', 'DayOfYear')     2.200     2.067    -6.0%    11.010    12.012     9.1%    18.969    12.512   -34.0%    18.969    12.512   -34.0%    50.899    84.113    65.3%
  ('HighTermMonthSort', 'Month')     0.630     0.644     2.2%     2.384     1.976   -17.1%     4.136     2.511   -39.3%     4.136     2.511   -39.3%    14.361    12.830   -10.7%
('HighTermTitleBDVSort', 'TitleBinary')    13.012    12.681    -2.5%    30.466    30.581     0.4%    50.874    67.254    32.2%    50.874    67.254    32.2%    86.398    67.696   -21.6%
  ('HighTermTitleSort', 'Title')     9.160     8.461    -7.6%    29.970    22.807   -23.9%    41.336    41.724     0.9%    41.336    41.724     0.9%    63.462    49.851   -21.4%
                ('IntNRQ', None)     0.844     0.853     1.1%     2.947     3.949    34.0%     3.474     6.609    90.2%     3.474     6.609    90.2%    94.548    92.481    -2.2%
                ('IntSet', None)     1.523     1.273   -16.4%     5.426     5.465     0.7%     6.872     6.233    -9.3%     6.872     6.233    -9.3%    36.375    26.433   -27.3%
   ('LowIntervalsOrdered', None)     4.975     4.815    -3.2%     8.753     8.545    -2.4%    10.152     8.898   -12.4%    10.152     8.898   -12.4%    15.518    10.724   -30.9%
             ('LowPhrase', None)    10.015     8.757   -12.6%    15.152    15.765     4.0%    18.458    16.745    -9.3%    18.458    16.745    -9.3%    37.376    20.152   -46.1%
       ('LowSloppyPhrase', None)     4.186     4.116    -1.7%    10.471    11.411     9.0%    11.290    11.932     5.7%    11.290    11.932     5.7%    14.108    18.259    29.4%
           ('LowSpanNear', None)     4.193     4.201     0.2%     7.852     8.317     5.9%    11.837    19.778    67.1%    11.837    19.778    67.1%   166.547   145.805   -12.5%
               ('LowTerm', None)     0.399     0.421     5.5%     0.964     1.533    59.0%     1.015     3.668   261.3%     1.015     3.668   261.3%     2.378     5.036   111.8%
   ('MedIntervalsOrdered', None)     2.927     2.860    -2.3%     6.159     4.983   -19.1%    10.465     8.560   -18.2%    10.465     8.560   -18.2%    10.652    17.744    66.6%
             ('MedPhrase', None)     7.872     7.163    -9.0%    16.277    15.304    -6.0%    22.219    17.155   -22.8%    22.219    17.155   -22.8%    28.682    23.606   -17.7%
       ('MedSloppyPhrase', None)     5.169     4.966    -3.9%     8.584    10.817    26.0%    12.395    11.792    -4.9%    12.395    11.792    -4.9%   199.088   155.164   -22.1%
           ('MedSpanNear', None)     4.461     4.290    -3.8%     6.925     7.279     5.1%     7.272     7.350     1.1%     7.272     7.350     1.1%    24.910    22.999    -7.7%
               ('MedTerm', None)     0.620     0.568    -8.4%     1.623     1.340   -17.4%     1.731     1.677    -3.1%     1.731     1.677    -3.1%     7.857     4.838   -38.4%
  ('MedTermDayTaxoFacets', None)    11.099    10.641    -4.1%    15.825    13.089   -17.3%    32.004    29.260    -8.6%    32.004    29.260    -8.6%    41.715    32.111   -23.0%
            ('OrHighHigh', None)     1.567     1.534    -2.1%     5.282     5.244    -0.7%     5.769     6.834    18.5%     5.769     6.834    18.5%    13.412    18.042    34.5%
             ('OrHighLow', None)     0.893     0.875    -1.9%     2.066     1.455   -29.6%     3.078     2.116   -31.3%     3.078     2.116   -31.3%    21.316    21.459     0.7%
             ('OrHighMed', None)     0.886     0.880    -0.6%     6.354     3.706   -41.7%     7.449     7.891     5.9%     7.449     7.891     5.9%   104.268   105.474     1.2%
('OrHighMedDayTaxoFacets', None)    47.827    49.662     3.8%    71.479    69.417    -2.9%   124.996   134.585     7.7%   124.996   134.585     7.7%   340.853   421.303    23.6%
         ('OrHighNotHigh', None)     1.267     1.195    -5.7%     3.221     2.724   -15.4%     4.231     7.089    67.5%     4.231     7.089    67.5%     8.170    35.991   340.5%
          ('OrHighNotLow', None)     1.056     1.099     4.1%     2.978     4.049    35.9%     3.964    14.484   265.4%     3.964    14.484   265.4%     4.975    20.888   319.9%
          ('OrHighNotMed', None)     0.989     1.018     2.9%     4.946     7.135    44.2%    11.571    12.890    11.4%    11.571    12.890    11.4%    27.279    44.911    64.6%
         ('OrNotHighHigh', None)     1.127     1.136     0.8%     2.370     2.745    15.8%     3.546     8.411   137.2%     3.546     8.411   137.2%    66.988    41.458   -38.1%
          ('OrNotHighLow', None)     0.679     0.642    -5.5%     2.421     2.794    15.4%     2.605     2.813     8.0%     2.605     2.813     8.0%     2.876     4.791    66.6%
          ('OrNotHighMed', None)     0.984     0.985     0.1%     2.287     3.257    42.4%     2.963     4.595    55.1%     2.963     4.595    55.1%    14.806     6.499   -56.1%
                   ('PKLookup',)     4.487     5.205    16.0%     8.886    10.526    18.5%    11.835    21.866    84.8%    11.835    21.866    84.8%    21.023    24.578    16.9%
               ('Prefix3', None)     1.068     0.946   -11.4%     2.508     5.423   116.2%     7.944     5.460   -31.3%     7.944     5.460   -31.3%    17.388     8.344   -52.0%
                    ('Respell',)    14.353    15.131     5.4%    25.896    35.641    37.6%    49.948    36.250   -27.4%    49.948    36.250   -27.4%    84.417    97.952    16.0%
('TermDateTimeSort', 'DateTime')     2.178     2.047    -6.0%     4.221     4.734    12.1%     4.914    12.751   159.5%     4.914    12.751   159.5%   190.467    89.102   -53.2%
              ('Wildcard', None)     2.760     2.868     3.9%     7.163     8.714    21.7%    10.200     9.238    -9.4%    10.200     9.238    -9.4%   139.092   125.530    -9.8%
                 ('range', None)     0.156     0.171     9.3%     0.442     0.319   -28.0%     0.620     0.393   -36.6%     0.620     0.393   -36.6%     1.228     0.717   -41.6%
                            Task    QPS armJ      StdDev    QPS armA      StdDev                Pct diff p-value
           BrowseMonthTaxoFacets       40.67      (7.7%)       32.69     (34.2%)  -19.6% ( -57% -   24%) 0.139
                      AndHighMed     1049.66      (6.4%)      959.99      (5.7%)   -8.5% ( -19% -    3%) 0.008
                   OrNotHighHigh      919.45      (2.5%)      861.70      (6.8%)   -6.3% ( -15% -    3%) 0.021
           BrowseMonthSSDVFacets       17.97     (12.0%)       17.01     (11.7%)   -5.4% ( -25% -   20%) 0.398
                          IntNRQ     1137.78      (9.4%)     1079.82     (11.4%)   -5.1% ( -23% -   17%) 0.362
                        PKLookup      227.88     (10.2%)      216.43     (11.7%)   -5.0% ( -24% -   18%) 0.393
                       OrHighMed     1118.54      (6.2%)     1065.11      (7.2%)   -4.8% ( -17% -    9%) 0.184
          OrHighMedDayTaxoFacets       20.76      (9.7%)       19.77      (5.1%)   -4.7% ( -17% -   11%) 0.253
                  AndMissingHigh     3892.86      (6.5%)     3722.84      (3.8%)   -4.4% ( -13% -    6%) 0.125
                    OrHighNotMed     1014.94      (3.3%)      979.12      (8.4%)   -3.5% ( -14% -    8%) 0.299
                          Fuzzy1       87.24     (10.2%)       84.54      (7.5%)   -3.1% ( -18% -   16%) 0.520
                    OrHighNotLow      973.78      (4.4%)      946.97      (9.2%)   -2.8% ( -15% -   11%) 0.475
                         MedTerm     1654.30      (6.5%)     1610.54      (7.3%)   -2.6% ( -15% -   11%) 0.472
                           range     6221.12     (10.7%)     6096.08      (9.6%)   -2.0% ( -20% -   20%) 0.712
           HighTermDayOfYearSort      492.87      (7.0%)      483.22      (5.1%)   -2.0% ( -13% -   10%) 0.551
                         LowTerm     2466.54      (6.5%)     2419.43      (2.3%)   -1.9% ( -10% -    7%) 0.465
        AndHighHighDayTaxoFacets       32.53      (5.7%)       31.93      (6.3%)   -1.9% ( -13% -   10%) 0.561
                     MedSpanNear      244.14     (11.4%)      239.89      (3.7%)   -1.7% ( -15% -   15%) 0.700
                         Respell       64.98      (7.1%)       63.87      (5.7%)   -1.7% ( -13% -   11%) 0.618
                   OrHighNotHigh      842.08      (6.0%)      827.67      (6.0%)   -1.7% ( -12% -   10%) 0.594
                    OrNotHighLow     1630.04      (4.7%)     1604.05      (4.3%)   -1.6% ( -10% -    7%) 0.509
                 LowSloppyPhrase      228.41      (7.1%)      224.87      (9.3%)   -1.5% ( -16% -   16%) 0.727
            MedTermDayTaxoFacets       94.02      (5.9%)       92.58      (7.7%)   -1.5% ( -14% -   12%) 0.674
         AndHighMedDayTaxoFacets      275.85      (3.0%)      273.76      (3.1%)   -0.8% (  -6% -    5%) 0.642
            HighTermTitleBDVSort       78.13      (5.3%)       77.56      (4.6%)   -0.7% ( -10% -    9%) 0.786
                       MedPhrase      137.98      (4.3%)      137.33      (5.0%)   -0.5% (  -9% -    9%) 0.851
                        BM25MSM2       56.56      (4.6%)       56.32      (2.8%)   -0.4% (  -7% -    7%) 0.832
     BrowseRandomLabelSSDVFacets       11.01      (7.7%)       11.01      (8.0%)    0.1% ( -14% -   17%) 0.989
       BrowseDayOfYearTaxoFacets       15.81      (4.4%)       15.84      (2.7%)    0.1% (  -6% -    7%) 0.938
                      TermDTSort      465.53      (4.5%)      466.68      (4.0%)    0.2% (  -7% -    9%) 0.913
            BrowseDateTaxoFacets       15.13      (6.1%)       15.30      (7.9%)    1.1% ( -12% -   16%) 0.774
               HighTermTitleSort      120.41     (12.7%)      121.75      (9.0%)    1.1% ( -18% -   26%) 0.851
     BrowseRandomLabelTaxoFacets       12.51      (4.1%)       12.65      (3.5%)    1.2% (  -6% -    9%) 0.575
                        HighTerm     1193.50      (4.4%)     1209.94      (4.9%)    1.4% (  -7% -   11%) 0.579
                          Fuzzy2       77.00      (6.1%)       78.14      (6.5%)    1.5% ( -10% -   14%) 0.661
                        Wildcard      383.01      (3.3%)      388.81      (4.5%)    1.5% (  -6% -    9%) 0.471
             MedIntervalsOrdered      352.92      (5.6%)      359.03      (3.5%)    1.7% (  -6% -   11%) 0.488
                       ConstMSM2     1331.59      (3.7%)     1355.58      (7.8%)    1.8% (  -9% -   13%) 0.580
                      HighPhrase      419.70      (3.8%)      427.64      (3.2%)    1.9% (  -4% -    9%) 0.318
               HighTermMonthSort     1517.77      (6.2%)     1548.80      (3.4%)    2.0% (  -7% -   12%) 0.442
                      OrHighHigh      618.58      (6.6%)      631.27      (5.9%)    2.1% (  -9% -   15%) 0.537
                       OrHighLow     1137.49      (3.6%)     1162.89      (6.0%)    2.2% (  -7% -   12%) 0.397
             LowIntervalsOrdered      204.56      (6.7%)      209.96      (6.0%)    2.6% (  -9% -   16%) 0.439
                 MedSloppyPhrase      198.20      (3.4%)      203.66      (1.3%)    2.8% (  -1% -    7%) 0.044
                HighSloppyPhrase      249.82      (3.6%)      256.82      (2.2%)    2.8% (  -2% -    8%) 0.078
                          IntSet      682.82     (11.0%)      702.02     (13.0%)    2.8% ( -19% -   30%) 0.663
                       LowPhrase      109.78      (4.1%)      113.48      (2.9%)    3.4% (  -3% -   10%) 0.078
                     AndHighHigh      573.23      (9.9%)      593.63      (7.7%)    3.6% ( -12% -   23%) 0.454
                    OrNotHighMed     1023.08      (6.2%)     1060.22      (4.1%)    3.6% (  -6% -   14%) 0.194
                    HighSpanNear      152.33      (2.4%)      158.13      (4.3%)    3.8% (  -2% -   10%) 0.041
                     LowSpanNear      223.76      (4.1%)      232.86      (4.0%)    4.1% (  -3% -   12%) 0.062
       BrowseDayOfYearSSDVFacets       15.70      (7.6%)       16.34     (13.4%)    4.1% ( -15% -   27%) 0.482
                         Prefix3     1047.74      (6.9%)     1093.90      (8.1%)    4.4% (  -9% -   20%) 0.273
            HighIntervalsOrdered       61.36      (9.0%)       64.50      (4.5%)    5.1% (  -7% -   20%) 0.177
                      AndHighLow     1822.67      (5.4%)     1925.59      (7.2%)    5.6% (  -6% -   19%) 0.097
            BrowseDateSSDVFacets        2.73      (5.7%)        2.92      (6.3%)    6.9% (  -4% -   20%) 0.033
  iter 7
    armJ:
      NOTE: using experimental CPU time profiler (see https://mostlynerdless.de/blog/2025/06/11/java-25s-new-cpu-time-profiler-1)
      log: /home/goankur/vsearch/logs/FJAc.armJ.7 + stdout
      run: /usr/bin/perf stat -dd -e task-clock,cycles,instructions,cache-references,cache-misses,L1-dcache-loads,L1-dcache-load-misses,L1-icache-loads,L1-icache-load-misses,LLC-loads,LLC-load-misses,LLC-stores,LLC-store-misses,LLC-prefetches,LLC-prefetch-misses,faults,minor-faults,major-faults,branches,branch-misses,stalled-cycles-frontend,stalled-cycles-backend /home/goankur/jdk/corretto-25/bin/java -server -Xms2g -Xmx2g --add-modules jdk.incubator.vector -XX:+HeapDumpOnOutOfMemoryError -XX:+UseParallelGC -XX:StartFlightRecording=jdk.CPUTimeSample#enabled=true,dumponexit=true,maxsize=250M,settings=/home/goankur/vsearch/util/src/python/profiling.jfc,filename=/home/goankur/vsearch/logs/bench-search-FJAc-armJ-7.jfr -XX:+UnlockDiagnosticVMOptions -XX:+DebugNonSafepoints -classpath /home/goankur/vsearch/bo/lucene-J/lucene/core/build/libs/lucene-core-11.0.0-SNAPSHOT.jar:/home/goankur/vsearch/bo/lucene-J/lucene/sandbox/build/classes/java/main:/home/goankur/vsearch/bo/lucene-J/lucene/misc/build/classes/java/main:/home/goankur/vsearch/bo/lucene-J/lucene/facet/build/classes/java/main:/home/goankur/vsearch/bo/lucene-J/lucene/analysis/common/build/classes/java/main:/home/goankur/vsearch/bo/lucene-J/lucene/analysis/icu/build/classes/java/main:/home/goankur/vsearch/bo/lucene-J/lucene/queryparser/build/classes/java/main:/home/goankur/vsearch/bo/lucene-J/lucene/grouping/build/classes/java/main:/home/goankur/vsearch/bo/lucene-J/lucene/suggest/build/classes/java/main:/home/goankur/vsearch/bo/lucene-J/lucene/highlighter/build/classes/java/main:/home/goankur/vsearch/bo/lucene-J/lucene/codecs/build/classes/java/main:/home/goankur/vsearch/bo/lucene-J/lucene/queries/build/classes/java/main:/home/goankur/vsearch/bo/lucene-J/lucene/join/build/classes/java/main:/home/goankur/vsearch/bo/lucene-J/lucene/spatial3d/build/classes/java/main:/home/goankur/vsearch/util/lib/HdrHistogram.jar:/home/goankur/vsearch/util/src/main/build/classes/java/main:/home/goankur/vsearch/util/build perf.SearchPerfTest -dirImpl MMapDirectory -indexPath /home/goankur/vsearch/indices/wikimedium10m.lucene-A.facets.taxonomy:Date.taxonomy:Month.taxonomy:DayOfYear.sortedset:Date.sortedset:Month.sortedset:DayOfYear.taxonomy:RandomLabel.sortedset:RandomLabel.Lucene90.Lucene104.dvfields.nd10M -facets taxonomy:Date;Date -facets taxonomy:Month;Month -facets taxonomy:DayOfYear;DayOfYear -facets sortedset:Date;Date -facets sortedset:Month;Month -facets sortedset:DayOfYear;DayOfYear -facets taxonomy:RandomLabel;RandomLabel -facets sortedset:RandomLabel;RandomLabel -analyzer StandardAnalyzer -taskSource /home/goankur/vsearch/util/tasks/wikimedium.10M.nostopwords.tasks -numConcurrentQueries 5 -taskRepeatCount 20 -field body -tasksPerCat 1 -searchConcurrency -1 -staticSeed -4799930 -seed -8247334 -similarity BM25Similarity -commit multi -hiliteImpl FastVectorHighlighter -log /home/goankur/vsearch/logs/FJAc.armJ.7 -topN 100 -context  -pk -pollute
      9.6 s
      240.0 actual sustained QPS; -1.0 CPU cores used
    armA:
      NOTE: using experimental CPU time profiler (see https://mostlynerdless.de/blog/2025/06/11/java-25s-new-cpu-time-profiler-1)
      log: /home/goankur/vsearch/logs/FJAc.armA.7 + stdout
      run: /usr/bin/perf stat -dd -e task-clock,cycles,instructions,cache-references,cache-misses,L1-dcache-loads,L1-dcache-load-misses,L1-icache-loads,L1-icache-load-misses,LLC-loads,LLC-load-misses,LLC-stores,LLC-store-misses,LLC-prefetches,LLC-prefetch-misses,faults,minor-faults,major-faults,branches,branch-misses,stalled-cycles-frontend,stalled-cycles-backend /home/goankur/jdk/corretto-25/bin/java -server -Xms2g -Xmx2g --add-modules jdk.incubator.vector -XX:+HeapDumpOnOutOfMemoryError -XX:+UseParallelGC -XX:StartFlightRecording=jdk.CPUTimeSample#enabled=true,dumponexit=true,maxsize=250M,settings=/home/goankur/vsearch/util/src/python/profiling.jfc,filename=/home/goankur/vsearch/logs/bench-search-FJAc-armA-7.jfr -XX:+UnlockDiagnosticVMOptions -XX:+DebugNonSafepoints -classpath /home/goankur/vsearch/bo/lucene-A/lucene/core/build/libs/lucene-core-11.0.0-SNAPSHOT.jar:/home/goankur/vsearch/bo/lucene-A/lucene/sandbox/build/classes/java/main:/home/goankur/vsearch/bo/lucene-A/lucene/misc/build/classes/java/main:/home/goankur/vsearch/bo/lucene-A/lucene/facet/build/classes/java/main:/home/goankur/vsearch/bo/lucene-A/lucene/analysis/common/build/classes/java/main:/home/goankur/vsearch/bo/lucene-A/lucene/analysis/icu/build/classes/java/main:/home/goankur/vsearch/bo/lucene-A/lucene/queryparser/build/classes/java/main:/home/goankur/vsearch/bo/lucene-A/lucene/grouping/build/classes/java/main:/home/goankur/vsearch/bo/lucene-A/lucene/suggest/build/classes/java/main:/home/goankur/vsearch/bo/lucene-A/lucene/highlighter/build/classes/java/main:/home/goankur/vsearch/bo/lucene-A/lucene/codecs/build/classes/java/main:/home/goankur/vsearch/bo/lucene-A/lucene/queries/build/classes/java/main:/home/goankur/vsearch/bo/lucene-A/lucene/join/build/classes/java/main:/home/goankur/vsearch/bo/lucene-A/lucene/spatial3d/build/classes/java/main:/home/goankur/vsearch/util/lib/HdrHistogram.jar:/home/goankur/vsearch/util/src/main/build/classes/java/main:/home/goankur/vsearch/util/build perf.SearchPerfTest -dirImpl MMapDirectory -indexPath /home/goankur/vsearch/indices/wikimedium10m.lucene-A.facets.taxonomy:Date.taxonomy:Month.taxonomy:DayOfYear.sortedset:Date.sortedset:Month.sortedset:DayOfYear.taxonomy:RandomLabel.sortedset:RandomLabel.Lucene90.Lucene104.dvfields.nd10M -facets taxonomy:Date;Date -facets taxonomy:Month;Month -facets taxonomy:DayOfYear;DayOfYear -facets sortedset:Date;Date -facets sortedset:Month;Month -facets sortedset:DayOfYear;DayOfYear -facets taxonomy:RandomLabel;RandomLabel -facets sortedset:RandomLabel;RandomLabel -analyzer StandardAnalyzer -taskSource /home/goankur/vsearch/util/tasks/wikimedium.10M.nostopwords.tasks -numConcurrentQueries 5 -taskRepeatCount 20 -field body -tasksPerCat 1 -searchConcurrency -1 -staticSeed -4799930 -seed -8247334 -similarity BM25Similarity -commit multi -hiliteImpl FastVectorHighlighter -log /home/goankur/vsearch/logs/FJAc.armA.7 -topN 100 -context  -pk -pollute
      9.0 s
      313.0 actual sustained QPS; -1.0 CPU cores used

Report after iter 7:
QPSChart.supported == False
                            Task     P50 B     P50 C     Diff     P90 B     P90 C     Diff     P99 B     P99 C     Diff    P999 B    P999 C     Diff    P100 B    P100 C     Diff
           ('AndHighHigh', None)     1.828     1.871     2.3%     5.208     4.834    -7.2%     6.082     8.938    47.0%     6.082     8.938    47.0%     7.832    25.427   224.7%
('AndHighHighDayTaxoFacets', None)    32.475    32.068    -1.3%    47.938    46.971    -2.0%    50.508    61.453    21.7%    50.508    61.453    21.7%   167.691   157.111    -6.3%
            ('AndHighLow', None)     0.588     0.509   -13.4%     1.845     2.266    22.8%     6.455     4.779   -26.0%     6.455     4.779   -26.0%     6.923     5.514   -20.3%
            ('AndHighMed', None)     1.044     1.078     3.2%     3.196     6.120    91.5%     7.028     7.077     0.7%     7.028     7.077     0.7%    11.189     8.656   -22.6%
('AndHighMedDayTaxoFacets', None)     3.622     3.805     5.1%    11.879     9.121   -23.2%    14.088     9.216   -34.6%    14.088     9.216   -34.6%    31.983    30.106    -5.9%
     ('AndMissingHigh', 'Title')     0.306     0.315     2.9%     0.648     0.844    30.2%     0.825     0.945    14.6%     0.825     0.945    14.6%     1.180     1.089    -7.8%
              ('BM25MSM2', None)    18.268    17.395    -4.8%    28.634    37.577    31.2%    32.270    37.935    17.6%    32.270    37.935    17.6%   217.026   242.218    11.6%
  ('BrowseDateSSDVFacets', None)   397.712   336.443   -15.4%   458.843   412.739   -10.0%   487.961   429.523   -12.0%   487.961   429.523   -12.0%   656.728   911.501    38.8%
  ('BrowseDateTaxoFacets', None)    71.514    24.338   -66.0%    88.753    30.120   -66.1%    89.322    75.459   -15.5%    89.322    75.459   -15.5%   184.176   196.751     6.8%
('BrowseDayOfYearSSDVFacets', None)    71.062    65.161    -8.3%   102.417    90.287   -11.8%   131.188   107.591   -18.0%   131.188   107.591   -18.0%   133.043   280.333   110.7%
('BrowseDayOfYearTaxoFacets', None)    70.781    20.865   -70.5%    84.903    28.211   -66.8%    87.350    38.087   -56.4%    87.350    38.087   -56.4%    91.117    59.551   -34.6%
 ('BrowseMonthSSDVFacets', None)    50.029    66.172    32.3%    57.896    84.994    46.8%    57.942   100.157    72.9%    57.942   100.157    72.9%   197.728   239.055    20.9%
 ('BrowseMonthTaxoFacets', None)    26.356    25.213    -4.3%    80.108    29.448   -63.2%    80.786    30.155   -62.7%    80.786    30.155   -62.7%   281.244   292.919     4.2%
('BrowseRandomLabelSSDVFacets', None)   100.256    93.651    -6.6%   155.289   139.326   -10.3%   171.662   147.243   -14.2%   171.662   147.243   -14.2%   219.188   381.418    74.0%
('BrowseRandomLabelTaxoFacets', None)    84.356    38.296   -54.6%   110.988    56.516   -49.1%   124.283    81.846   -34.1%   124.283    81.846   -34.1%   158.172   116.824   -26.1%
             ('ConstMSM2', None)     0.760     0.862    13.4%     3.249     3.323     2.3%     3.504     3.374    -3.7%     3.504     3.374    -3.7%     6.905     5.571   -19.3%
                ('Fuzzy1', None)    11.214    11.645     3.8%    21.765    31.214    43.4%    23.791    36.034    51.5%    23.791    36.034    51.5%    47.115    51.189     8.6%
                ('Fuzzy2', None)    12.767    14.035     9.9%    21.280    37.277    75.2%    22.881    53.561   134.1%    22.881    53.561   134.1%   201.757   233.660    15.8%
  ('HighIntervalsOrdered', None)    17.439    17.059    -2.2%    29.974    27.969    -6.7%    36.726    30.238   -17.7%    36.726    30.238   -17.7%    49.980    41.979   -16.0%
            ('HighPhrase', None)     2.332     2.449     5.1%     8.021     5.031   -37.3%     9.208     9.244     0.4%     9.208     9.244     0.4%    42.421    44.127     4.0%
      ('HighSloppyPhrase', None)     3.920     6.069    54.8%     9.786     8.133   -16.9%     9.868    14.237    44.3%     9.868    14.237    44.3%    66.197    65.084    -1.7%
          ('HighSpanNear', None)     6.598     6.670     1.1%    15.977    16.871     5.6%    19.315    25.489    32.0%    19.315    25.489    32.0%   149.650   195.877    30.9%
              ('HighTerm', None)     0.923     0.949     2.9%     2.975     4.550    53.0%     3.163     7.516   137.6%     3.163     7.516   137.6%     5.595    18.030   222.3%
('HighTermDayOfYearSort', 'DayOfYear')     2.438     2.753    12.9%     6.334    10.073    59.0%     7.315    10.166    39.0%     7.315    10.166    39.0%    81.191   119.341    47.0%
  ('HighTermMonthSort', 'Month')     0.682     0.664    -2.7%     1.749     1.897     8.5%     2.261     5.020   122.1%     2.261     5.020   122.1%    54.846    19.944   -63.6%
('HighTermTitleBDVSort', 'TitleBinary')    12.105    13.361    10.4%    29.995    22.343   -25.5%    35.119    28.437   -19.0%    35.119    28.437   -19.0%   153.122   120.410   -21.4%
  ('HighTermTitleSort', 'Title')     8.645     9.226     6.7%    16.721    26.735    59.9%    29.884    44.384    48.5%    29.884    44.384    48.5%   117.032    90.810   -22.4%
                ('IntNRQ', None)     0.869     0.942     8.4%     4.051     6.182    52.6%    17.650     7.414   -58.0%    17.650     7.414   -58.0%    30.051    47.162    56.9%
                ('IntSet', None)     1.300     1.630    25.3%     5.538     6.924    25.0%    11.515     7.924   -31.2%    11.515     7.924   -31.2%   113.511   139.436    22.8%
   ('LowIntervalsOrdered', None)     4.979     5.303     6.5%     7.636     7.064    -7.5%     9.862     8.583   -13.0%     9.862     8.583   -13.0%    16.782     9.578   -42.9%
             ('LowPhrase', None)     9.535     9.040    -5.2%    13.976    18.445    32.0%    15.833    21.294    34.5%    15.833    21.294    34.5%    34.756    45.232    30.1%
       ('LowSloppyPhrase', None)     4.553     5.024    10.3%     9.493    17.136    80.5%    17.007    17.173     1.0%    17.007    17.173     1.0%    35.762    21.518   -39.8%
           ('LowSpanNear', None)     6.595     4.373   -33.7%    10.861    11.267     3.7%    11.271    12.137     7.7%    11.271    12.137     7.7%    39.358    19.273   -51.0%
               ('LowTerm', None)     0.400     0.434     8.4%     1.163     0.988   -15.0%     1.219     1.456    19.5%     1.219     1.456    19.5%     1.303     3.650   180.0%
   ('MedIntervalsOrdered', None)     3.147     3.109    -1.2%     7.706     7.117    -7.6%     7.906     8.102     2.5%     7.906     8.102     2.5%   102.545    97.979    -4.5%
             ('MedPhrase', None)     7.231     8.234    13.9%    17.788    14.308   -19.6%    28.696    18.927   -34.0%    28.696    18.927   -34.0%    42.727    39.961    -6.5%
       ('MedSloppyPhrase', None)     4.854     5.300     9.2%    12.553    11.259   -10.3%    18.353    14.486   -21.1%    18.353    14.486   -21.1%    73.200    25.700   -64.9%
           ('MedSpanNear', None)     4.433     4.313    -2.7%    10.752     6.422   -40.3%    12.224     6.644   -45.6%    12.224     6.644   -45.6%    35.697    18.001   -49.6%
               ('MedTerm', None)     0.591     0.611     3.4%     1.713     1.718     0.3%     8.757     5.805   -33.7%     8.757     5.805   -33.7%    13.137     6.282   -52.2%
  ('MedTermDayTaxoFacets', None)    11.818    10.476   -11.4%    16.859    19.047    13.0%    49.898    24.428   -51.0%    49.898    24.428   -51.0%   295.168   292.626    -0.9%
            ('OrHighHigh', None)     1.636     1.536    -6.1%     6.181     9.158    48.2%    13.379    10.637   -20.5%    13.379    10.637   -20.5%   168.221   181.023     7.6%
             ('OrHighLow', None)     0.938     1.055    12.5%     1.738     2.442    40.5%     3.203     4.022    25.6%     3.203     4.022    25.6%     4.243    15.643   268.7%
             ('OrHighMed', None)     1.048     0.908   -13.3%     3.016     4.715    56.3%     3.888     4.778    22.9%     3.888     4.778    22.9%    16.476     7.875   -52.2%
('OrHighMedDayTaxoFacets', None)    59.132    56.638    -4.2%    96.170    68.642   -28.6%   199.195   135.558   -31.9%   199.195   135.558   -31.9%   286.884   280.751    -2.1%
         ('OrHighNotHigh', None)     1.131     1.223     8.1%     3.959     5.456    37.8%     6.943     5.924   -14.7%     6.943     5.924   -14.7%    12.312     6.744   -45.2%
          ('OrHighNotLow', None)     1.024     1.356    32.4%     2.443     3.264    33.6%     2.841     8.536   200.4%     2.841     8.536   200.4%    13.827    10.300   -25.5%
          ('OrHighNotMed', None)     0.910     1.151    26.6%     3.417     2.762   -19.2%    10.077     5.194   -48.5%    10.077     5.194   -48.5%    22.088    13.910   -37.0%
         ('OrNotHighHigh', None)     1.104     1.135     2.8%     2.054     2.777    35.2%     3.772     4.447    17.9%     3.772     4.447    17.9%    14.736     8.078   -45.2%
          ('OrNotHighLow', None)     0.663     0.607    -8.5%     2.034     2.166     6.5%     2.207     4.849   119.7%     2.207     4.849   119.7%     7.589     6.670   -12.1%
          ('OrNotHighMed', None)     1.047     1.086     3.6%     2.474     2.372    -4.1%     3.426     3.721     8.6%     3.426     3.721     8.6%   167.877   115.261   -31.3%
                   ('PKLookup',)     4.945     5.545    12.1%     7.895    16.477   108.7%    13.720    17.376    26.6%    13.720    17.376    26.6%    19.151    20.518     7.1%
               ('Prefix3', None)     0.887     1.111    25.3%     4.622     9.725   110.4%     5.363    15.991   198.2%     5.363    15.991   198.2%    17.275    43.922   154.3%
                    ('Respell',)    16.473    16.336    -0.8%    24.449    37.764    54.5%    33.735    41.386    22.7%    33.735    41.386    22.7%   114.413    70.498   -38.4%
('TermDateTimeSort', 'DateTime')     2.448     2.449     0.0%     8.300    17.182   107.0%    17.714    26.739    51.0%    17.714    26.739    51.0%    84.486   110.132    30.4%
              ('Wildcard', None)     2.851     2.655    -6.9%     5.666    12.671   123.6%    11.264    13.110    16.4%    11.264    13.110    16.4%    41.811    40.703    -2.6%
                 ('range', None)     0.177     0.142   -20.1%     0.473     0.621    31.4%     0.654     0.837    28.1%     0.654     0.837    28.1%     0.762     2.774   263.9%
                            Task    QPS armJ      StdDev    QPS armA      StdDev                Pct diff p-value
           BrowseMonthTaxoFacets       40.50      (7.3%)       33.64     (32.4%)  -16.9% ( -52% -   24%) 0.149
                      AndHighMed     1048.23      (5.9%)      960.20      (5.2%)   -8.4% ( -18% -    2%) 0.003
           BrowseMonthSSDVFacets       18.26     (11.8%)       16.82     (11.0%)   -7.9% ( -27% -   17%) 0.169
                   OrNotHighHigh      920.17      (2.3%)      864.39      (6.3%)   -6.1% ( -14% -    2%) 0.011
                        PKLookup      225.03     (10.2%)      212.14     (12.2%)   -5.7% ( -25% -   18%) 0.310
                    OrHighNotMed     1030.45      (5.2%)      978.35      (7.6%)   -5.1% ( -17% -    8%) 0.122
                          IntNRQ     1143.74      (8.8%)     1087.27     (10.7%)   -4.9% ( -22% -   15%) 0.312
                    OrHighNotLow      975.03      (4.1%)      930.85      (9.7%)   -4.5% ( -17% -    9%) 0.224
          OrHighMedDayTaxoFacets       20.47     (10.0%)       19.62      (5.3%)   -4.2% ( -17% -   12%) 0.298
                       OrHighMed     1115.73      (5.8%)     1075.54      (7.2%)   -3.6% ( -15% -    9%) 0.270
                  AndMissingHigh     3833.62      (7.5%)     3708.86      (3.7%)   -3.3% ( -13% -    8%) 0.273
                          Fuzzy1       87.92      (9.6%)       85.77      (8.0%)   -2.4% ( -18% -   16%) 0.581
                         MedTerm     1661.24      (6.1%)     1621.29      (6.9%)   -2.4% ( -14% -   11%) 0.461
                   OrHighNotHigh      850.63      (6.2%)      831.62      (5.6%)   -2.2% ( -13% -   10%) 0.451
                         LowTerm     2478.80      (6.2%)     2428.97      (2.4%)   -2.0% (  -9% -    6%) 0.390
                 LowSloppyPhrase      229.62      (6.7%)      225.82      (8.7%)   -1.7% ( -15% -   14%) 0.670
                       MedPhrase      138.10      (4.0%)      135.98      (5.4%)   -1.5% ( -10% -    8%) 0.517
        AndHighHighDayTaxoFacets       32.51      (5.3%)       32.01      (5.9%)   -1.5% ( -12% -   10%) 0.584
                     MedSpanNear      242.81     (10.7%)      239.34      (3.5%)   -1.4% ( -14% -   14%) 0.720
                         Respell       64.64      (6.8%)       64.01      (5.3%)   -1.0% ( -12% -   11%) 0.746
            HighTermTitleBDVSort       78.70      (5.3%)       77.97      (4.5%)   -0.9% ( -10% -    9%) 0.705
         AndHighMedDayTaxoFacets      275.96      (2.8%)      274.29      (2.9%)   -0.6% (  -6% -    5%) 0.671
            MedTermDayTaxoFacets       93.67      (5.5%)       93.23      (7.4%)   -0.5% ( -12% -   13%) 0.886
           HighTermDayOfYearSort      483.86      (8.5%)      481.80      (4.9%)   -0.4% ( -12% -   14%) 0.902
                          Fuzzy2       78.01      (6.7%)       77.71      (6.1%)   -0.4% ( -12% -   13%) 0.905
                           range     6257.80     (10.0%)     6251.60     (11.3%)   -0.1% ( -19% -   23%) 0.985
                        BM25MSM2       56.56      (4.2%)       56.53      (2.8%)   -0.1% (  -6% -    7%) 0.976
                          IntSet      694.41     (11.1%)      694.80     (12.2%)    0.1% ( -20% -   26%) 0.992
     BrowseRandomLabelSSDVFacets       10.97      (7.2%)       10.99      (7.5%)    0.2% ( -13% -   15%) 0.965
                      TermDTSort      462.82      (4.5%)      464.08      (4.0%)    0.3% (  -7% -    9%) 0.899
                HighSloppyPhrase      250.80      (3.5%)      251.52      (6.3%)    0.3% (  -9% -   10%) 0.910
               HighTermTitleSort      120.84     (11.8%)      121.35      (8.4%)    0.4% ( -17% -   23%) 0.934
                        HighTerm     1188.16      (4.3%)     1196.85      (5.5%)    0.7% (  -8% -   11%) 0.767
                    OrNotHighLow     1618.36      (4.8%)     1632.22      (6.4%)    0.9% (  -9% -   12%) 0.762
                      HighPhrase      421.58      (3.8%)      427.87      (3.0%)    1.5% (  -5% -    8%) 0.379
                       OrHighLow     1132.34      (3.6%)     1149.31      (6.5%)    1.5% (  -8% -   12%) 0.568
                        Wildcard      382.02      (3.1%)      388.25      (4.2%)    1.6% (  -5% -    9%) 0.378
                       ConstMSM2     1332.00      (3.4%)     1354.28      (7.2%)    1.7% (  -8% -   12%) 0.553
             LowIntervalsOrdered      204.78      (6.2%)      208.81      (5.8%)    2.0% (  -9% -   14%) 0.512
             MedIntervalsOrdered      350.57      (5.6%)      357.49      (3.4%)    2.0% (  -6% -   11%) 0.395
                     AndHighHigh      577.54      (9.4%)      589.72      (7.4%)    2.1% ( -13% -   20%) 0.616
                 MedSloppyPhrase      199.55      (3.7%)      203.93      (1.2%)    2.2% (  -2% -    7%) 0.107
                         Prefix3     1059.26      (7.0%)     1082.69      (8.0%)    2.2% ( -11% -   18%) 0.557
               HighTermMonthSort     1517.37      (5.7%)     1554.75      (3.4%)    2.5% (  -6% -   12%) 0.292
                      OrHighHigh      618.81      (6.1%)      636.65      (6.0%)    2.9% (  -8% -   15%) 0.338
                    OrNotHighMed     1015.18      (6.2%)     1045.71      (5.5%)    3.0% (  -8% -   15%) 0.305
                    HighSpanNear      152.41      (2.3%)      157.53      (4.1%)    3.4% (  -2% -    9%) 0.043
                       LowPhrase      109.77      (3.8%)      113.51      (2.7%)    3.4% (  -3% -   10%) 0.040
       BrowseDayOfYearSSDVFacets       15.57      (7.5%)       16.24     (12.7%)    4.3% ( -14% -   26%) 0.404
            HighIntervalsOrdered       61.00      (8.5%)       63.79      (5.4%)    4.6% (  -8% -   20%) 0.200
                     LowSpanNear      219.29      (7.0%)      232.70      (3.8%)    6.1% (  -4% -   18%) 0.029
                      AndHighLow     1822.79      (5.0%)     1935.57      (6.8%)    6.2% (  -5% -   18%) 0.039
            BrowseDateSSDVFacets        2.71      (5.7%)        2.93      (6.1%)    8.2% (  -3% -   21%) 0.005
     BrowseRandomLabelTaxoFacets       12.44      (4.2%)       14.35     (38.8%)   15.4% ( -26% -   60%) 0.265
            BrowseDateTaxoFacets       15.01      (6.1%)       18.76     (65.7%)   25.0% ( -44% -  103%) 0.284
       BrowseDayOfYearTaxoFacets       15.68      (4.7%)       19.88     (73.0%)   26.8% ( -48% -  109%) 0.301
  iter 8
    armA:
      NOTE: using experimental CPU time profiler (see https://mostlynerdless.de/blog/2025/06/11/java-25s-new-cpu-time-profiler-1)
      log: /home/goankur/vsearch/logs/FJAc.armA.8 + stdout
      run: /usr/bin/perf stat -dd -e task-clock,cycles,instructions,cache-references,cache-misses,L1-dcache-loads,L1-dcache-load-misses,L1-icache-loads,L1-icache-load-misses,LLC-loads,LLC-load-misses,LLC-stores,LLC-store-misses,LLC-prefetches,LLC-prefetch-misses,faults,minor-faults,major-faults,branches,branch-misses,stalled-cycles-frontend,stalled-cycles-backend /home/goankur/jdk/corretto-25/bin/java -server -Xms2g -Xmx2g --add-modules jdk.incubator.vector -XX:+HeapDumpOnOutOfMemoryError -XX:+UseParallelGC -XX:StartFlightRecording=jdk.CPUTimeSample#enabled=true,dumponexit=true,maxsize=250M,settings=/home/goankur/vsearch/util/src/python/profiling.jfc,filename=/home/goankur/vsearch/logs/bench-search-FJAc-armA-8.jfr -XX:+UnlockDiagnosticVMOptions -XX:+DebugNonSafepoints -classpath /home/goankur/vsearch/bo/lucene-A/lucene/core/build/libs/lucene-core-11.0.0-SNAPSHOT.jar:/home/goankur/vsearch/bo/lucene-A/lucene/sandbox/build/classes/java/main:/home/goankur/vsearch/bo/lucene-A/lucene/misc/build/classes/java/main:/home/goankur/vsearch/bo/lucene-A/lucene/facet/build/classes/java/main:/home/goankur/vsearch/bo/lucene-A/lucene/analysis/common/build/classes/java/main:/home/goankur/vsearch/bo/lucene-A/lucene/analysis/icu/build/classes/java/main:/home/goankur/vsearch/bo/lucene-A/lucene/queryparser/build/classes/java/main:/home/goankur/vsearch/bo/lucene-A/lucene/grouping/build/classes/java/main:/home/goankur/vsearch/bo/lucene-A/lucene/suggest/build/classes/java/main:/home/goankur/vsearch/bo/lucene-A/lucene/highlighter/build/classes/java/main:/home/goankur/vsearch/bo/lucene-A/lucene/codecs/build/classes/java/main:/home/goankur/vsearch/bo/lucene-A/lucene/queries/build/classes/java/main:/home/goankur/vsearch/bo/lucene-A/lucene/join/build/classes/java/main:/home/goankur/vsearch/bo/lucene-A/lucene/spatial3d/build/classes/java/main:/home/goankur/vsearch/util/lib/HdrHistogram.jar:/home/goankur/vsearch/util/src/main/build/classes/java/main:/home/goankur/vsearch/util/build perf.SearchPerfTest -dirImpl MMapDirectory -indexPath /home/goankur/vsearch/indices/wikimedium10m.lucene-A.facets.taxonomy:Date.taxonomy:Month.taxonomy:DayOfYear.sortedset:Date.sortedset:Month.sortedset:DayOfYear.taxonomy:RandomLabel.sortedset:RandomLabel.Lucene90.Lucene104.dvfields.nd10M -facets taxonomy:Date;Date -facets taxonomy:Month;Month -facets taxonomy:DayOfYear;DayOfYear -facets sortedset:Date;Date -facets sortedset:Month;Month -facets sortedset:DayOfYear;DayOfYear -facets taxonomy:RandomLabel;RandomLabel -facets sortedset:RandomLabel;RandomLabel -analyzer StandardAnalyzer -taskSource /home/goankur/vsearch/util/tasks/wikimedium.10M.nostopwords.tasks -numConcurrentQueries 5 -taskRepeatCount 20 -field body -tasksPerCat 1 -searchConcurrency -1 -staticSeed -4799930 -seed -6373542 -similarity BM25Similarity -commit multi -hiliteImpl FastVectorHighlighter -log /home/goankur/vsearch/logs/FJAc.armA.8 -topN 100 -context  -pk -pollute
      9.4 s
      243.7 actual sustained QPS; -1.0 CPU cores used
    armJ:
      NOTE: using experimental CPU time profiler (see https://mostlynerdless.de/blog/2025/06/11/java-25s-new-cpu-time-profiler-1)
      log: /home/goankur/vsearch/logs/FJAc.armJ.8 + stdout
      run: /usr/bin/perf stat -dd -e task-clock,cycles,instructions,cache-references,cache-misses,L1-dcache-loads,L1-dcache-load-misses,L1-icache-loads,L1-icache-load-misses,LLC-loads,LLC-load-misses,LLC-stores,LLC-store-misses,LLC-prefetches,LLC-prefetch-misses,faults,minor-faults,major-faults,branches,branch-misses,stalled-cycles-frontend,stalled-cycles-backend /home/goankur/jdk/corretto-25/bin/java -server -Xms2g -Xmx2g --add-modules jdk.incubator.vector -XX:+HeapDumpOnOutOfMemoryError -XX:+UseParallelGC -XX:StartFlightRecording=jdk.CPUTimeSample#enabled=true,dumponexit=true,maxsize=250M,settings=/home/goankur/vsearch/util/src/python/profiling.jfc,filename=/home/goankur/vsearch/logs/bench-search-FJAc-armJ-8.jfr -XX:+UnlockDiagnosticVMOptions -XX:+DebugNonSafepoints -classpath /home/goankur/vsearch/bo/lucene-J/lucene/core/build/libs/lucene-core-11.0.0-SNAPSHOT.jar:/home/goankur/vsearch/bo/lucene-J/lucene/sandbox/build/classes/java/main:/home/goankur/vsearch/bo/lucene-J/lucene/misc/build/classes/java/main:/home/goankur/vsearch/bo/lucene-J/lucene/facet/build/classes/java/main:/home/goankur/vsearch/bo/lucene-J/lucene/analysis/common/build/classes/java/main:/home/goankur/vsearch/bo/lucene-J/lucene/analysis/icu/build/classes/java/main:/home/goankur/vsearch/bo/lucene-J/lucene/queryparser/build/classes/java/main:/home/goankur/vsearch/bo/lucene-J/lucene/grouping/build/classes/java/main:/home/goankur/vsearch/bo/lucene-J/lucene/suggest/build/classes/java/main:/home/goankur/vsearch/bo/lucene-J/lucene/highlighter/build/classes/java/main:/home/goankur/vsearch/bo/lucene-J/lucene/codecs/build/classes/java/main:/home/goankur/vsearch/bo/lucene-J/lucene/queries/build/classes/java/main:/home/goankur/vsearch/bo/lucene-J/lucene/join/build/classes/java/main:/home/goankur/vsearch/bo/lucene-J/lucene/spatial3d/build/classes/java/main:/home/goankur/vsearch/util/lib/HdrHistogram.jar:/home/goankur/vsearch/util/src/main/build/classes/java/main:/home/goankur/vsearch/util/build perf.SearchPerfTest -dirImpl MMapDirectory -indexPath /home/goankur/vsearch/indices/wikimedium10m.lucene-A.facets.taxonomy:Date.taxonomy:Month.taxonomy:DayOfYear.sortedset:Date.sortedset:Month.sortedset:DayOfYear.taxonomy:RandomLabel.sortedset:RandomLabel.Lucene90.Lucene104.dvfields.nd10M -facets taxonomy:Date;Date -facets taxonomy:Month;Month -facets taxonomy:DayOfYear;DayOfYear -facets sortedset:Date;Date -facets sortedset:Month;Month -facets sortedset:DayOfYear;DayOfYear -facets taxonomy:RandomLabel;RandomLabel -facets sortedset:RandomLabel;RandomLabel -analyzer StandardAnalyzer -taskSource /home/goankur/vsearch/util/tasks/wikimedium.10M.nostopwords.tasks -numConcurrentQueries 5 -taskRepeatCount 20 -field body -tasksPerCat 1 -searchConcurrency -1 -staticSeed -4799930 -seed -6373542 -similarity BM25Similarity -commit multi -hiliteImpl FastVectorHighlighter -log /home/goankur/vsearch/logs/FJAc.armJ.8 -topN 100 -context  -pk -pollute
      9.5 s
      252.1 actual sustained QPS; -1.0 CPU cores used

Report after iter 8:
QPSChart.supported == False
                            Task     P50 B     P50 C     Diff     P90 B     P90 C     Diff     P99 B     P99 C     Diff    P999 B    P999 C     Diff    P100 B    P100 C     Diff
           ('AndHighHigh', None)     1.921     1.945     1.3%     3.283     9.158   178.9%     4.836    14.188   193.4%     4.836    14.188   193.4%    61.935   117.689    90.0%
('AndHighHighDayTaxoFacets', None)    34.495    35.931     4.2%    47.912    44.928    -6.2%    49.863    51.360     3.0%    49.863    51.360     3.0%   148.620   192.099    29.3%
            ('AndHighLow', None)     0.524     0.474    -9.5%     0.891     2.801   214.4%     1.598    17.608  1001.6%     1.598    17.608  1001.6%    38.036    64.329    69.1%
            ('AndHighMed', None)     0.941     0.954     1.4%     4.857     4.155   -14.4%     5.660     5.266    -7.0%     5.660     5.266    -7.0%     6.806    13.225    94.3%
('AndHighMedDayTaxoFacets', None)     3.465     3.612     4.2%    12.548     7.821   -37.7%    14.334    11.232   -21.6%    14.334    11.232   -21.6%    25.963    64.552   148.6%
     ('AndMissingHigh', 'Title')     0.331     0.280   -15.5%     0.841     0.841     0.1%     1.043     1.036    -0.6%     1.043     1.036    -0.6%     1.613     6.816   322.5%
              ('BM25MSM2', None)    17.174    18.262     6.3%    23.964    36.497    52.3%    29.640    38.531    30.0%    29.640    38.531    30.0%   115.438   130.022    12.6%
  ('BrowseDateSSDVFacets', None)   338.668   383.251    13.2%   371.919   461.591    24.1%   525.043   482.040    -8.2%   525.043   482.040    -8.2%   991.227   550.886   -44.4%
  ('BrowseDateTaxoFacets', None)    65.908    65.877    -0.0%    75.066    79.136     5.4%    78.876    81.781     3.7%    78.876    81.781     3.7%    95.878   102.411     6.8%
('BrowseDayOfYearSSDVFacets', None)    71.510    66.030    -7.7%    86.505    78.532    -9.2%    88.423    78.813   -10.9%    88.423    78.813   -10.9%   813.540   116.007   -85.7%
('BrowseDayOfYearTaxoFacets', None)    62.648    65.522     4.6%    73.632    76.989     4.6%    74.790    80.121     7.1%    74.790    80.121     7.1%    85.173    88.195     3.5%
 ('BrowseMonthSSDVFacets', None)    66.062    57.813   -12.5%    86.391    75.913   -12.1%    86.711    78.907    -9.0%    86.711    78.907    -9.0%   648.462   153.845   -76.3%
 ('BrowseMonthTaxoFacets', None)    25.939    24.950    -3.8%    74.078    29.252   -60.5%    74.733    85.049    13.8%    74.733    85.049    13.8%   434.503   329.752   -24.1%
('BrowseRandomLabelSSDVFacets', None)    93.277    91.896    -1.5%   118.735   124.510     4.9%   149.373   196.162    31.3%   149.373   196.162    31.3%   328.543   420.057    27.9%
('BrowseRandomLabelTaxoFacets', None)    79.623    77.976    -2.1%    95.366    97.224     1.9%    95.529   107.085    12.1%    95.529   107.085    12.1%   393.834   313.150   -20.5%
             ('ConstMSM2', None)     0.705     0.715     1.5%     1.838     1.972     7.3%     6.290     2.411   -61.7%     6.290     2.411   -61.7%    27.715    33.695    21.6%
                ('Fuzzy1', None)    12.572    11.337    -9.8%    22.144    25.406    14.7%    23.977    36.360    51.6%    23.977    36.360    51.6%    36.359   121.890   235.2%
                ('Fuzzy2', None)    13.832    14.507     4.9%    28.368    26.543    -6.4%    30.387    46.377    52.6%    30.387    46.377    52.6%   105.150    92.798   -11.7%
  ('HighIntervalsOrdered', None)    15.415    15.012    -2.6%    22.141    33.218    50.0%    45.625    33.964   -25.6%    45.625    33.964   -25.6%   218.172   198.269    -9.1%
            ('HighPhrase', None)     2.535     2.443    -3.6%     3.558     5.682    59.7%     4.563    22.456   392.1%     4.563    22.456   392.1%    70.258    33.364   -52.5%
      ('HighSloppyPhrase', None)     3.927     3.860    -1.7%     8.447     8.285    -1.9%    10.401    26.089   150.8%    10.401    26.089   150.8%    56.299    55.557    -1.3%
          ('HighSpanNear', None)     6.500     6.809     4.8%    13.223    12.983    -1.8%    16.492    24.170    46.6%    16.492    24.170    46.6%   132.573   152.531    15.1%
              ('HighTerm', None)     1.137     1.146     0.8%     1.530     5.416   254.1%     1.617    11.773   628.0%     1.617    11.773   628.0%    15.447    21.833    41.3%
('HighTermDayOfYearSort', 'DayOfYear')     2.719     2.180   -19.8%     4.383     7.324    67.1%    10.633    12.774    20.1%    10.633    12.774    20.1%    41.260    28.385   -31.2%
  ('HighTermMonthSort', 'Month')     0.622     0.696    11.9%     5.361     2.564   -52.2%     7.109     2.661   -62.6%     7.109     2.661   -62.6%    13.123     4.336   -67.0%
('HighTermTitleBDVSort', 'TitleBinary')    13.161    13.485     2.5%    21.051    25.880    22.9%    55.697    55.985     0.5%    55.697    55.985     0.5%    71.771    72.475     1.0%
  ('HighTermTitleSort', 'Title')     7.779     8.776    12.8%    11.698    16.644    42.3%    21.828    31.103    42.5%    21.828    31.103    42.5%   164.997   149.923    -9.1%
                ('IntNRQ', None)     0.842     0.976    15.9%     2.174     2.623    20.6%     2.302     3.526    53.2%     2.302     3.526    53.2%    82.642    88.837     7.5%
                ('IntSet', None)     1.345     1.485    10.4%     4.747     6.652    40.1%     7.648     8.248     7.8%     7.648     8.248     7.8%    23.001    20.572   -10.6%
   ('LowIntervalsOrdered', None)     4.802     4.636    -3.5%     7.222     9.536    32.0%    11.375     9.704   -14.7%    11.375     9.704   -14.7%    14.496    11.460   -20.9%
             ('LowPhrase', None)     9.669     9.429    -2.5%    12.830    18.601    45.0%    15.701    33.080   110.7%    15.701    33.080   110.7%    37.659    37.407    -0.7%
       ('LowSloppyPhrase', None)     4.244     4.282     0.9%    10.626    12.461    17.3%    11.700    17.803    52.2%    11.700    17.803    52.2%    41.905    45.804     9.3%
           ('LowSpanNear', None)     4.283     4.744    10.8%    10.100    13.123    29.9%    10.866    14.262    31.2%    10.866    14.262    31.2%    12.157    22.976    89.0%
               ('LowTerm', None)     0.608     0.629     3.4%     1.382     1.274    -7.8%     1.791     2.221    24.0%     1.791     2.221    24.0%    14.267     8.609   -39.7%
   ('MedIntervalsOrdered', None)     2.860     2.785    -2.6%     6.306     4.511   -28.5%     6.493     7.553    16.3%     6.493     7.553    16.3%     7.646    21.217   177.5%
             ('MedPhrase', None)     7.437     7.309    -1.7%    12.987    13.382     3.0%    14.984    52.946   253.3%    14.984    52.946   253.3%    60.740    71.650    18.0%
       ('MedSloppyPhrase', None)     4.904     5.107     4.1%     8.523    13.681    60.5%    11.179    13.903    24.4%    11.179    13.903    24.4%    33.114    44.825    35.4%
           ('MedSpanNear', None)     4.342     4.198    -3.3%     8.136     8.081    -0.7%     9.008    14.018    55.6%     9.008    14.018    55.6%    24.126    52.876   119.2%
               ('MedTerm', None)     0.712     0.733     3.0%     1.058     2.210   108.9%     1.175     5.165   339.5%     1.175     5.165   339.5%     4.832     6.073    25.7%
  ('MedTermDayTaxoFacets', None)    11.396    11.939     4.8%    14.062    24.700    75.7%    26.760    41.026    53.3%    26.760    41.026    53.3%   178.878    87.100   -51.3%
            ('OrHighHigh', None)     1.826     1.803    -1.3%     3.543     5.857    65.3%     5.875     9.722    65.5%     5.875     9.722    65.5%   117.328   171.195    45.9%
             ('OrHighLow', None)     1.100     1.019    -7.3%     2.091     1.852   -11.4%     2.504     2.975    18.8%     2.504     2.975    18.8%    35.551    32.905    -7.4%
             ('OrHighMed', None)     1.166     1.039   -10.9%     1.828     2.828    54.7%     3.626     3.578    -1.3%     3.626     3.578    -1.3%    61.995    64.376     3.8%
('OrHighMedDayTaxoFacets', None)    52.466    53.936     2.8%    70.494    79.061    12.2%   184.613   172.127    -6.8%   184.613   172.127    -6.8%   270.128   290.146     7.4%
         ('OrHighNotHigh', None)     1.432     1.453     1.5%     2.432     4.822    98.3%     2.442     8.805   260.6%     2.442     8.805   260.6%     6.438    13.391   108.0%
          ('OrHighNotLow', None)     1.241     1.371    10.5%     2.964     9.755   229.1%    17.270    12.832   -25.7%    17.270    12.832   -25.7%    21.967    14.601   -33.5%
          ('OrHighNotMed', None)     1.263     1.193    -5.5%     1.888     4.249   125.0%     3.138    15.527   394.7%     3.138    15.527   394.7%    41.429    16.840   -59.4%
         ('OrNotHighHigh', None)     1.304     1.247    -4.4%     2.300     3.560    54.8%     3.516     3.900    10.9%     3.516     3.900    10.9%     9.563    19.977   108.9%
          ('OrNotHighLow', None)     0.672     0.618    -8.0%     1.097     2.141    95.2%     2.348     2.266    -3.5%     2.348     2.266    -3.5%     4.943     6.512    31.7%
          ('OrNotHighMed', None)     0.989     1.022     3.3%     3.066     3.927    28.1%     3.995     5.965    49.3%     3.995     5.965    49.3%    13.748     6.322   -54.0%
                   ('PKLookup',)     4.907     5.241     6.8%     7.443     8.875    19.2%    10.085    21.577   113.9%    10.085    21.577   113.9%    31.785    32.876     3.4%
               ('Prefix3', None)     1.083     0.999    -7.8%     2.660     3.167    19.1%     4.108     4.928    20.0%     4.108     4.928    20.0%    20.365     8.836   -56.6%
                    ('Respell',)    17.406    17.776     2.1%    33.133    25.530   -22.9%    35.417    37.756     6.6%    35.417    37.756     6.6%    63.503    69.480     9.4%
('TermDateTimeSort', 'DateTime')     2.144     2.112    -1.5%     4.256     6.826    60.4%     4.426     7.808    76.4%     4.426     7.808    76.4%    82.094    63.271   -22.9%
              ('Wildcard', None)     2.677     2.545    -4.9%    12.951     5.313   -59.0%    13.432    26.273    95.6%    13.432    26.273    95.6%    43.552    39.214   -10.0%
                 ('range', None)     0.162     0.169     4.6%     0.499     0.480    -3.8%     0.515     0.489    -5.0%     0.515     0.489    -5.0%     1.719     0.701   -59.2%
                            Task    QPS armJ      StdDev    QPS armA      StdDev                Pct diff p-value
           BrowseMonthTaxoFacets       40.40      (6.9%)       34.39     (30.9%)  -14.9% ( -49% -   24%) 0.158
                      AndHighMed     1050.85      (5.6%)      971.80      (5.9%)   -7.5% ( -18% -    4%) 0.006
                        PKLookup      227.52     (10.0%)      212.23     (11.3%)   -6.7% ( -25% -   16%) 0.183
           BrowseMonthSSDVFacets       17.98     (12.2%)       16.90     (10.6%)   -6.0% ( -25% -   19%) 0.264
                   OrNotHighHigh      910.58      (3.8%)      860.69      (6.1%)   -5.5% ( -14% -    4%) 0.022
                          IntNRQ     1152.13      (8.4%)     1092.94     (10.0%)   -5.1% ( -21% -   14%) 0.239
                    OrHighNotLow      958.67      (6.4%)      916.96     (10.2%)   -4.4% ( -19% -   13%) 0.279
                    OrHighNotMed     1009.54      (8.0%)      965.97      (8.2%)   -4.3% ( -18% -   12%) 0.256
          OrHighMedDayTaxoFacets       20.45      (9.3%)       19.60      (5.0%)   -4.1% ( -16% -   11%) 0.239
                  AndMissingHigh     3854.00      (7.2%)     3707.23      (3.5%)   -3.8% ( -13% -    7%) 0.152
                       OrHighMed     1103.70      (6.4%)     1064.48      (7.4%)   -3.6% ( -16% -   10%) 0.277
                         LowTerm     2410.97     (10.3%)     2344.61     (10.7%)   -2.8% ( -21% -   20%) 0.579
                          Fuzzy1       88.64      (9.3%)       86.26      (7.6%)   -2.7% ( -17% -   15%) 0.501
                         MedTerm     1636.61      (7.3%)     1595.57      (8.1%)   -2.5% ( -16% -   13%) 0.491
                   OrHighNotHigh      834.27      (8.3%)      816.93      (7.5%)   -2.1% ( -16% -   15%) 0.579
                 LowSloppyPhrase      230.52      (6.4%)      226.85      (8.2%)   -1.6% ( -15% -   13%) 0.645
                       MedPhrase      137.89      (3.8%)      136.21      (5.1%)   -1.2% (  -9% -    7%) 0.560
        AndHighHighDayTaxoFacets       32.32      (5.3%)       31.95      (5.5%)   -1.1% ( -11% -   10%) 0.658
            HighTermTitleBDVSort       78.56      (5.0%)       77.69      (4.3%)   -1.1% (  -9% -    8%) 0.612
         AndHighMedDayTaxoFacets      277.68      (3.2%)      275.12      (2.8%)   -0.9% (  -6% -    5%) 0.518
            MedTermDayTaxoFacets       93.20      (5.4%)       92.36      (7.5%)   -0.9% ( -13% -   12%) 0.769
                        BM25MSM2       56.79      (4.1%)       56.42      (2.7%)   -0.7% (  -7% -    6%) 0.688
                          Fuzzy2       77.68      (6.4%)       77.22      (6.1%)   -0.6% ( -12% -   12%) 0.840
                           range     6282.46      (9.4%)     6250.13     (10.6%)   -0.5% ( -18% -   21%) 0.913
                     MedSpanNear      242.95     (10.0%)      241.82      (4.5%)   -0.5% ( -13% -   15%) 0.898
                         Respell       64.17      (6.8%)       63.94      (5.0%)   -0.3% ( -11% -   12%) 0.902
               HighTermTitleSort      121.99     (11.3%)      121.68      (7.8%)   -0.3% ( -17% -   21%) 0.956
                          IntSet      703.05     (10.9%)      701.45     (11.7%)   -0.2% ( -20% -   25%) 0.966
     BrowseRandomLabelSSDVFacets       10.99      (6.7%)       11.02      (7.0%)    0.2% ( -12% -   14%) 0.943
                HighSloppyPhrase      251.79      (3.4%)      252.57      (6.0%)    0.3% (  -8% -   10%) 0.893
                       ConstMSM2     1357.47      (6.4%)     1362.19      (6.9%)    0.3% ( -12% -   14%) 0.912
                        HighTerm     1156.19      (9.3%)     1163.69     (10.1%)    0.6% ( -17% -   22%) 0.887
                      TermDTSort      463.72      (4.3%)      467.61      (4.4%)    0.8% (  -7% -    9%) 0.681
           HighTermDayOfYearSort      477.41      (9.0%)      481.67      (4.6%)    0.9% ( -11% -   15%) 0.792
                      HighPhrase      421.65      (3.5%)      426.96      (2.8%)    1.3% (  -4% -    7%) 0.404
               HighTermMonthSort     1540.41      (6.9%)     1563.68      (3.5%)    1.5% (  -8% -   12%) 0.559
                     AndHighHigh      573.22      (9.1%)      582.49      (7.9%)    1.6% ( -14% -   20%) 0.687
                       OrHighLow     1113.99      (6.0%)     1132.25      (7.7%)    1.6% ( -11% -   16%) 0.615
                 MedSloppyPhrase      200.14      (3.5%)      203.79      (1.2%)    1.8% (  -2% -    6%) 0.141
                        Wildcard      382.10      (2.9%)      389.70      (4.1%)    2.0% (  -4% -    9%) 0.235
             MedIntervalsOrdered      351.16      (5.2%)      358.26      (3.3%)    2.0% (  -6% -   11%) 0.327
             LowIntervalsOrdered      205.51      (5.9%)      209.92      (5.7%)    2.1% (  -8% -   14%) 0.430
                    OrNotHighLow     1605.87      (5.1%)     1645.41      (6.5%)    2.5% (  -8% -   14%) 0.371
                    OrNotHighMed     1015.18      (5.8%)     1041.20      (5.3%)    2.6% (  -8% -   14%) 0.328
                      OrHighHigh      611.22      (6.8%)      628.37      (7.0%)    2.8% ( -10% -   17%) 0.388
                    HighSpanNear      152.71      (2.2%)      157.40      (3.8%)    3.1% (  -2% -    9%) 0.037
                       LowPhrase      109.59      (3.6%)      113.11      (2.8%)    3.2% (  -3% -    9%) 0.035
                         Prefix3     1050.23      (7.1%)     1083.97      (7.6%)    3.2% ( -10% -   19%) 0.353
                     LowSpanNear      222.05      (7.4%)      231.35      (4.0%)    4.2% (  -6% -   16%) 0.136
            HighIntervalsOrdered       61.46      (8.2%)       64.13      (5.3%)    4.3% (  -8% -   19%) 0.182
       BrowseDayOfYearSSDVFacets       15.48      (7.2%)       16.21     (11.9%)    4.7% ( -13% -   25%) 0.310
            BrowseDateSSDVFacets        2.74      (6.4%)        2.90      (6.6%)    5.8% (  -6% -   20%) 0.058
                      AndHighLow     1838.66      (5.3%)     1957.46      (7.3%)    6.5% (  -5% -   20%) 0.032
     BrowseRandomLabelTaxoFacets       12.45      (3.9%)       14.21     (36.4%)   14.1% ( -25% -   56%) 0.246
            BrowseDateTaxoFacets       15.03      (5.8%)       18.38     (61.8%)   22.3% ( -42% -   95%) 0.282
       BrowseDayOfYearTaxoFacets       15.72      (4.4%)       19.41     (68.7%)   23.4% ( -47% -  101%) 0.308
  iter 9
    armJ:
      NOTE: using experimental CPU time profiler (see https://mostlynerdless.de/blog/2025/06/11/java-25s-new-cpu-time-profiler-1)
      log: /home/goankur/vsearch/logs/FJAc.armJ.9 + stdout
      run: /usr/bin/perf stat -dd -e task-clock,cycles,instructions,cache-references,cache-misses,L1-dcache-loads,L1-dcache-load-misses,L1-icache-loads,L1-icache-load-misses,LLC-loads,LLC-load-misses,LLC-stores,LLC-store-misses,LLC-prefetches,LLC-prefetch-misses,faults,minor-faults,major-faults,branches,branch-misses,stalled-cycles-frontend,stalled-cycles-backend /home/goankur/jdk/corretto-25/bin/java -server -Xms2g -Xmx2g --add-modules jdk.incubator.vector -XX:+HeapDumpOnOutOfMemoryError -XX:+UseParallelGC -XX:StartFlightRecording=jdk.CPUTimeSample#enabled=true,dumponexit=true,maxsize=250M,settings=/home/goankur/vsearch/util/src/python/profiling.jfc,filename=/home/goankur/vsearch/logs/bench-search-FJAc-armJ-9.jfr -XX:+UnlockDiagnosticVMOptions -XX:+DebugNonSafepoints -classpath /home/goankur/vsearch/bo/lucene-J/lucene/core/build/libs/lucene-core-11.0.0-SNAPSHOT.jar:/home/goankur/vsearch/bo/lucene-J/lucene/sandbox/build/classes/java/main:/home/goankur/vsearch/bo/lucene-J/lucene/misc/build/classes/java/main:/home/goankur/vsearch/bo/lucene-J/lucene/facet/build/classes/java/main:/home/goankur/vsearch/bo/lucene-J/lucene/analysis/common/build/classes/java/main:/home/goankur/vsearch/bo/lucene-J/lucene/analysis/icu/build/classes/java/main:/home/goankur/vsearch/bo/lucene-J/lucene/queryparser/build/classes/java/main:/home/goankur/vsearch/bo/lucene-J/lucene/grouping/build/classes/java/main:/home/goankur/vsearch/bo/lucene-J/lucene/suggest/build/classes/java/main:/home/goankur/vsearch/bo/lucene-J/lucene/highlighter/build/classes/java/main:/home/goankur/vsearch/bo/lucene-J/lucene/codecs/build/classes/java/main:/home/goankur/vsearch/bo/lucene-J/lucene/queries/build/classes/java/main:/home/goankur/vsearch/bo/lucene-J/lucene/join/build/classes/java/main:/home/goankur/vsearch/bo/lucene-J/lucene/spatial3d/build/classes/java/main:/home/goankur/vsearch/util/lib/HdrHistogram.jar:/home/goankur/vsearch/util/src/main/build/classes/java/main:/home/goankur/vsearch/util/build perf.SearchPerfTest -dirImpl MMapDirectory -indexPath /home/goankur/vsearch/indices/wikimedium10m.lucene-A.facets.taxonomy:Date.taxonomy:Month.taxonomy:DayOfYear.sortedset:Date.sortedset:Month.sortedset:DayOfYear.taxonomy:RandomLabel.sortedset:RandomLabel.Lucene90.Lucene104.dvfields.nd10M -facets taxonomy:Date;Date -facets taxonomy:Month;Month -facets taxonomy:DayOfYear;DayOfYear -facets sortedset:Date;Date -facets sortedset:Month;Month -facets sortedset:DayOfYear;DayOfYear -facets taxonomy:RandomLabel;RandomLabel -facets sortedset:RandomLabel;RandomLabel -analyzer StandardAnalyzer -taskSource /home/goankur/vsearch/util/tasks/wikimedium.10M.nostopwords.tasks -numConcurrentQueries 5 -taskRepeatCount 20 -field body -tasksPerCat 1 -searchConcurrency -1 -staticSeed -4799930 -seed -7946023 -similarity BM25Similarity -commit multi -hiliteImpl FastVectorHighlighter -log /home/goankur/vsearch/logs/FJAc.armJ.9 -topN 100 -context  -pk -pollute
      9.2 s
      240.6 actual sustained QPS; -1.0 CPU cores used
    armA:
      NOTE: using experimental CPU time profiler (see https://mostlynerdless.de/blog/2025/06/11/java-25s-new-cpu-time-profiler-1)
      log: /home/goankur/vsearch/logs/FJAc.armA.9 + stdout
      run: /usr/bin/perf stat -dd -e task-clock,cycles,instructions,cache-references,cache-misses,L1-dcache-loads,L1-dcache-load-misses,L1-icache-loads,L1-icache-load-misses,LLC-loads,LLC-load-misses,LLC-stores,LLC-store-misses,LLC-prefetches,LLC-prefetch-misses,faults,minor-faults,major-faults,branches,branch-misses,stalled-cycles-frontend,stalled-cycles-backend /home/goankur/jdk/corretto-25/bin/java -server -Xms2g -Xmx2g --add-modules jdk.incubator.vector -XX:+HeapDumpOnOutOfMemoryError -XX:+UseParallelGC -XX:StartFlightRecording=jdk.CPUTimeSample#enabled=true,dumponexit=true,maxsize=250M,settings=/home/goankur/vsearch/util/src/python/profiling.jfc,filename=/home/goankur/vsearch/logs/bench-search-FJAc-armA-9.jfr -XX:+UnlockDiagnosticVMOptions -XX:+DebugNonSafepoints -classpath /home/goankur/vsearch/bo/lucene-A/lucene/core/build/libs/lucene-core-11.0.0-SNAPSHOT.jar:/home/goankur/vsearch/bo/lucene-A/lucene/sandbox/build/classes/java/main:/home/goankur/vsearch/bo/lucene-A/lucene/misc/build/classes/java/main:/home/goankur/vsearch/bo/lucene-A/lucene/facet/build/classes/java/main:/home/goankur/vsearch/bo/lucene-A/lucene/analysis/common/build/classes/java/main:/home/goankur/vsearch/bo/lucene-A/lucene/analysis/icu/build/classes/java/main:/home/goankur/vsearch/bo/lucene-A/lucene/queryparser/build/classes/java/main:/home/goankur/vsearch/bo/lucene-A/lucene/grouping/build/classes/java/main:/home/goankur/vsearch/bo/lucene-A/lucene/suggest/build/classes/java/main:/home/goankur/vsearch/bo/lucene-A/lucene/highlighter/build/classes/java/main:/home/goankur/vsearch/bo/lucene-A/lucene/codecs/build/classes/java/main:/home/goankur/vsearch/bo/lucene-A/lucene/queries/build/classes/java/main:/home/goankur/vsearch/bo/lucene-A/lucene/join/build/classes/java/main:/home/goankur/vsearch/bo/lucene-A/lucene/spatial3d/build/classes/java/main:/home/goankur/vsearch/util/lib/HdrHistogram.jar:/home/goankur/vsearch/util/src/main/build/classes/java/main:/home/goankur/vsearch/util/build perf.SearchPerfTest -dirImpl MMapDirectory -indexPath /home/goankur/vsearch/indices/wikimedium10m.lucene-A.facets.taxonomy:Date.taxonomy:Month.taxonomy:DayOfYear.sortedset:Date.sortedset:Month.sortedset:DayOfYear.taxonomy:RandomLabel.sortedset:RandomLabel.Lucene90.Lucene104.dvfields.nd10M -facets taxonomy:Date;Date -facets taxonomy:Month;Month -facets taxonomy:DayOfYear;DayOfYear -facets sortedset:Date;Date -facets sortedset:Month;Month -facets sortedset:DayOfYear;DayOfYear -facets taxonomy:RandomLabel;RandomLabel -facets sortedset:RandomLabel;RandomLabel -analyzer StandardAnalyzer -taskSource /home/goankur/vsearch/util/tasks/wikimedium.10M.nostopwords.tasks -numConcurrentQueries 5 -taskRepeatCount 20 -field body -tasksPerCat 1 -searchConcurrency -1 -staticSeed -4799930 -seed -7946023 -similarity BM25Similarity -commit multi -hiliteImpl FastVectorHighlighter -log /home/goankur/vsearch/logs/FJAc.armA.9 -topN 100 -context  -pk -pollute
      9.1 s
      236.2 actual sustained QPS; -1.0 CPU cores used

Report after iter 9:
QPSChart.supported == False
                            Task     P50 B     P50 C     Diff     P90 B     P90 C     Diff     P99 B     P99 C     Diff    P999 B    P999 C     Diff    P100 B    P100 C     Diff
           ('AndHighHigh', None)     1.697     1.747     3.0%     5.124     6.411    25.1%    13.703     6.888   -49.7%    13.703     6.888   -49.7%   115.796    73.782   -36.3%
('AndHighHighDayTaxoFacets', None)    34.659    29.631   -14.5%    53.650    41.294   -23.0%    74.201    85.667    15.5%    74.201    85.667    15.5%   164.364   149.551    -9.0%
            ('AndHighLow', None)     0.630     0.611    -3.1%     1.694     1.809     6.7%     1.876     3.178    69.4%     1.876     3.178    69.4%    20.560    11.160   -45.7%
            ('AndHighMed', None)     1.306     1.055   -19.2%     5.655     6.009     6.3%    10.945     7.531   -31.2%    10.945     7.531   -31.2%    10.991     7.891   -28.2%
('AndHighMedDayTaxoFacets', None)     3.743     4.006     7.0%    10.031     7.286   -27.4%    12.904     9.711   -24.7%    12.904     9.711   -24.7%    23.920    22.535    -5.8%
     ('AndMissingHigh', 'Title')     0.270     0.258    -4.3%     1.116     0.744   -33.4%     1.580     0.784   -50.4%     1.580     0.784   -50.4%    12.300     6.175   -49.8%
              ('BM25MSM2', None)    17.219    17.409     1.1%    32.578    22.691   -30.3%    74.255    33.517   -54.9%    74.255    33.517   -54.9%   139.544   185.416    32.9%
  ('BrowseDateSSDVFacets', None)   345.919   331.843    -4.1%   383.281   386.792     0.9%   405.389   390.691    -3.6%   405.389   390.691    -3.6%   539.838   504.642    -6.5%
  ('BrowseDateTaxoFacets', None)    68.151    67.188    -1.4%    77.518    76.240    -1.6%    81.702    77.002    -5.8%    81.702    77.002    -5.8%    82.595    77.843    -5.8%
('BrowseDayOfYearSSDVFacets', None)    64.783    77.263    19.3%    93.299    89.563    -4.0%    98.936    90.086    -8.9%    98.936    90.086    -8.9%   141.581   163.145    15.2%
('BrowseDayOfYearTaxoFacets', None)    70.927    62.392   -12.0%    80.081    75.016    -6.3%    82.520    77.048    -6.6%    82.520    77.048    -6.6%   165.912   168.373     1.5%
 ('BrowseMonthSSDVFacets', None)    63.559    58.856    -7.4%    81.613    73.789    -9.6%    82.979    81.552    -1.7%    82.979    81.552    -1.7%   115.821   110.684    -4.4%
 ('BrowseMonthTaxoFacets', None)    25.345    24.296    -4.1%    39.663    31.945   -19.5%    80.223    78.195    -2.5%    80.223    78.195    -2.5%   226.608   232.597     2.6%
('BrowseRandomLabelSSDVFacets', None)    91.929    98.049     6.7%   127.964   123.536    -3.5%   130.630   133.175     1.9%   130.630   133.175     1.9%   225.477   267.544    18.7%
('BrowseRandomLabelTaxoFacets', None)    91.445    77.989   -14.7%   103.704    95.152    -8.2%   116.671    98.433   -15.6%   116.671    98.433   -15.6%   127.243   168.260    32.2%
             ('ConstMSM2', None)     0.844     0.755   -10.5%     2.454     1.670   -31.9%    10.455     3.198   -69.4%    10.455     3.198   -69.4%    10.462     5.394   -48.4%
                ('Fuzzy1', None)    12.609    11.782    -6.6%    32.969    28.092   -14.8%    47.976    53.478    11.5%    47.976    53.478    11.5%   221.326   225.407     1.8%
                ('Fuzzy2', None)    13.770    13.624    -1.1%    28.801    31.766    10.3%    42.753    51.761    21.1%    42.753    51.761    21.1%    56.722    92.844    63.7%
  ('HighIntervalsOrdered', None)    15.150    16.137     6.5%    39.218    25.026   -36.2%    40.193    37.720    -6.2%    40.193    37.720    -6.2%   148.654   204.478    37.6%
            ('HighPhrase', None)     2.351     2.790    18.7%     8.473     5.899   -30.4%    12.816     7.281   -43.2%    12.816     7.281   -43.2%    38.675    28.660   -25.9%
      ('HighSloppyPhrase', None)     3.949     3.915    -0.9%     9.410     8.354   -11.2%    11.394     8.458   -25.8%    11.394     8.458   -25.8%    58.411    54.408    -6.9%
          ('HighSpanNear', None)     6.529     6.339    -2.9%    13.601    11.650   -14.3%    16.478    12.901   -21.7%    16.478    12.901   -21.7%    97.041   132.778    36.8%
              ('HighTerm', None)     0.891     0.885    -0.7%     2.029     2.790    37.5%    14.088    18.126    28.7%    14.088    18.126    28.7%    17.948    18.870     5.1%
('HighTermDayOfYearSort', 'DayOfYear')     2.151     2.241     4.2%     9.920     9.475    -4.5%    18.729    28.428    51.8%    18.729    28.428    51.8%    96.953   116.892    20.6%
  ('HighTermMonthSort', 'Month')     0.745     0.756     1.4%     2.503     1.430   -42.9%     4.818     1.895   -60.7%     4.818     1.895   -60.7%    11.259     2.995   -73.4%
('HighTermTitleBDVSort', 'TitleBinary')    12.548    13.057     4.1%    26.635    17.251   -35.2%    40.076    32.279   -19.5%    40.076    32.279   -19.5%    72.589    81.743    12.6%
  ('HighTermTitleSort', 'Title')     8.672     9.481     9.3%    24.957    23.654    -5.2%    40.660    40.202    -1.1%    40.660    40.202    -1.1%    76.553    59.737   -22.0%
                ('IntNRQ', None)     1.015     0.910   -10.4%     3.896     5.271    35.3%     9.000    14.849    65.0%     9.000    14.849    65.0%   106.151   105.622    -0.5%
                ('IntSet', None)     1.762     1.520   -13.7%    10.602     5.540   -47.7%    10.742     7.280   -32.2%    10.742     7.280   -32.2%    43.479    55.739    28.2%
   ('LowIntervalsOrdered', None)     4.792     4.961     3.5%     7.539     7.030    -6.8%     7.977    14.560    82.5%     7.977    14.560    82.5%   105.562   162.017    53.5%
             ('LowPhrase', None)     9.731     9.303    -4.4%    16.380    17.598     7.4%    22.789    20.116   -11.7%    22.789    20.116   -11.7%   126.624   114.071    -9.9%
       ('LowSloppyPhrase', None)     4.432     4.410    -0.5%     9.647    10.250     6.3%    23.820    11.711   -50.8%    23.820    11.711   -50.8%    25.580    34.173    33.6%
           ('LowSpanNear', None)     4.426     4.303    -2.8%    17.733    12.910   -27.2%    25.294    13.806   -45.4%    25.294    13.806   -45.4%    41.562    34.952   -15.9%
               ('LowTerm', None)     0.411     0.372    -9.4%     1.500     1.112   -25.8%    11.824     2.746   -76.8%    11.824     2.746   -76.8%    40.438     7.293   -82.0%
   ('MedIntervalsOrdered', None)     2.872     2.848    -0.8%     6.550     7.145     9.1%    11.897     7.631   -35.9%    11.897     7.631   -35.9%    13.192     8.316   -37.0%
             ('MedPhrase', None)     7.688     7.283    -5.3%    22.864    14.088   -38.4%    25.100    15.323   -39.0%    25.100    15.323   -39.0%    30.989    18.397   -40.6%
       ('MedSloppyPhrase', None)     5.686     5.340    -6.1%     9.069    10.604    16.9%    20.240    11.274   -44.3%    20.240    11.274   -44.3%    28.202    69.550   146.6%
           ('MedSpanNear', None)     4.821     4.519    -6.3%     6.777     7.301     7.7%     7.385     7.950     7.6%     7.385     7.950     7.6%    13.755     8.114   -41.0%
               ('MedTerm', None)     0.633     0.587    -7.2%     2.403     2.323    -3.3%     2.936    13.304   353.2%     2.936    13.304   353.2%    59.090    64.063     8.4%
  ('MedTermDayTaxoFacets', None)    11.436    11.124    -2.7%    19.199    18.931    -1.4%    34.825    38.626    10.9%    34.825    38.626    10.9%   126.653    93.691   -26.0%
            ('OrHighHigh', None)     1.682     1.709     1.6%     5.012     5.650    12.7%     6.139     6.259     2.0%     6.139     6.259     2.0%    22.658    27.806    22.7%
             ('OrHighLow', None)     0.985     0.957    -2.8%     1.587     1.483    -6.5%     1.984     1.687   -14.9%     1.984     1.687   -14.9%    10.898     4.554   -58.2%
             ('OrHighMed', None)     0.887     0.829    -6.6%     4.446     4.374    -1.6%     8.471     8.192    -3.3%     8.471     8.192    -3.3%    10.839     8.669   -20.0%
('OrHighMedDayTaxoFacets', None)    54.117    50.628    -6.4%    87.180    72.054   -17.4%    88.121    76.016   -13.7%    88.121    76.016   -13.7%   346.127   356.538     3.0%
         ('OrHighNotHigh', None)     1.232     1.243     0.9%    14.923     7.130   -52.2%    17.415     8.399   -51.8%    17.415     8.399   -51.8%    25.612    15.412   -39.8%
          ('OrHighNotLow', None)     1.026     1.200    17.0%    12.817    12.290    -4.1%    19.519    13.133   -32.7%    19.519    13.133   -32.7%    25.144    40.382    60.6%
          ('OrHighNotMed', None)     0.997     1.018     2.1%     3.621     1.695   -53.2%     8.563    12.058    40.8%     8.563    12.058    40.8%    14.023    16.971    21.0%
         ('OrNotHighHigh', None)     1.143     1.168     2.2%     2.148     5.671   163.9%     6.154     9.187    49.3%     6.154     9.187    49.3%    10.607    10.090    -4.9%
          ('OrNotHighLow', None)     0.645     0.638    -1.1%     4.627     1.533   -66.9%     6.883     2.174   -68.4%     6.883     2.174   -68.4%     7.692     4.790   -37.7%
          ('OrNotHighMed', None)     1.031     1.011    -2.0%     3.713     3.722     0.2%     6.706     4.441   -33.8%     6.706     4.441   -33.8%    21.820     6.961   -68.1%
                   ('PKLookup',)     5.469     5.219    -4.6%     6.194     6.861    10.8%    10.976     7.055   -35.7%    10.976     7.055   -35.7%    18.668    30.500    63.4%
               ('Prefix3', None)     0.871     0.943     8.2%     4.219     4.072    -3.5%     4.837     4.444    -8.1%     4.837     4.444    -8.1%     9.041    30.180   233.8%
                    ('Respell',)    15.337    15.312    -0.2%    34.660    37.243     7.5%    62.823    41.730   -33.6%    62.823    41.730   -33.6%    66.365   114.873    73.1%
('TermDateTimeSort', 'DateTime')     2.365     2.271    -4.0%     7.949     5.919   -25.5%    10.429     8.383   -19.6%    10.429     8.383   -19.6%    68.618    39.509   -42.4%
              ('Wildcard', None)     2.762     2.758    -0.2%    11.423    10.572    -7.5%    24.587    21.727   -11.6%    24.587    21.727   -11.6%    63.670    65.013     2.1%
                 ('range', None)     0.188     0.200     6.8%     0.504     0.557    10.4%     0.582     0.618     6.2%     0.582     0.618     6.2%     0.998     0.720   -27.9%
                            Task    QPS armJ      StdDev    QPS armA      StdDev                Pct diff p-value
           BrowseMonthTaxoFacets       40.49      (6.5%)       35.16     (29.7%)  -13.2% ( -46% -   24%) 0.170
                      AndHighMed     1047.76      (5.4%)      978.46      (5.9%)   -6.6% ( -17% -    4%) 0.009
                    OrHighNotLow      965.45      (6.4%)      911.12      (9.8%)   -5.6% ( -20% -   11%) 0.127
                   OrNotHighHigh      911.43      (3.6%)      865.97      (6.0%)   -5.0% ( -14% -    4%) 0.025
                          IntNRQ     1150.88      (8.0%)     1094.03      (9.5%)   -4.9% ( -20% -   13%) 0.207
           BrowseMonthSSDVFacets       17.78     (12.2%)       16.91     (10.1%)   -4.9% ( -24% -   19%) 0.328
                        PKLookup      223.37     (11.3%)      213.13     (11.0%)   -4.6% ( -24% -   19%) 0.356
                    OrHighNotMed     1013.03      (7.6%)      968.58      (7.7%)   -4.4% ( -18% -   11%) 0.199
          OrHighMedDayTaxoFacets       20.30      (9.2%)       19.66      (4.8%)   -3.2% ( -15% -   11%) 0.335
                  AndMissingHigh     3846.90      (6.8%)     3734.14      (4.0%)   -2.9% ( -12% -    8%) 0.239
                       OrHighMed     1108.88      (6.2%)     1082.03      (8.6%)   -2.4% ( -16% -   13%) 0.469
                          Fuzzy1       88.07      (9.0%)       86.39      (7.2%)   -1.9% ( -16% -   15%) 0.602
               HighTermTitleSort      123.01     (10.9%)      120.67      (7.7%)   -1.9% ( -18% -   18%) 0.652
                         LowTerm     2421.47      (9.8%)     2380.01     (11.1%)   -1.7% ( -20% -   21%) 0.714
                         MedTerm     1638.03      (6.9%)     1611.19      (8.2%)   -1.6% ( -15% -   14%) 0.629
            HighTermTitleBDVSort       78.94      (4.9%)       77.71      (4.1%)   -1.6% ( -10% -    7%) 0.438
                 LowSloppyPhrase      230.28      (6.0%)      226.95      (7.7%)   -1.4% ( -14% -   13%) 0.641
         AndHighMedDayTaxoFacets      277.17      (3.1%)      273.63      (3.2%)   -1.3% (  -7% -    5%) 0.359
                   OrHighNotHigh      833.12      (7.9%)      822.85      (7.5%)   -1.2% ( -15% -   15%) 0.720
                       MedPhrase      138.19      (3.6%)      136.51      (4.8%)   -1.2% (  -9% -    7%) 0.522
                        BM25MSM2       56.93      (4.0%)       56.58      (2.7%)   -0.6% (  -6% -    6%) 0.682
     BrowseRandomLabelSSDVFacets       11.09      (6.9%)       11.02      (6.6%)   -0.6% ( -13% -   13%) 0.840
            MedTermDayTaxoFacets       92.72      (5.4%)       92.20      (7.1%)   -0.6% ( -12% -   12%) 0.844
                         Respell       64.43      (6.5%)       64.26      (5.0%)   -0.3% ( -11% -   11%) 0.919
        AndHighHighDayTaxoFacets       32.24      (5.0%)       32.16      (5.6%)   -0.2% ( -10% -   10%) 0.918
                          Fuzzy2       77.30      (6.2%)       77.12      (5.8%)   -0.2% ( -11% -   12%) 0.927
                           range     6256.11      (9.0%)     6241.59     (10.0%)   -0.2% ( -17% -   20%) 0.956
                      HighPhrase      423.10      (3.5%)      422.39      (4.3%)   -0.2% (  -7% -    7%) 0.924
                          IntSet      700.32     (10.4%)      701.67     (11.0%)    0.2% ( -19% -   24%) 0.968
                HighSloppyPhrase      252.11      (3.3%)      253.08      (5.7%)    0.4% (  -8% -    9%) 0.853
                        HighTerm     1157.72      (8.7%)     1162.26      (9.5%)    0.4% ( -16% -   20%) 0.924
           HighTermDayOfYearSort      478.13      (8.5%)      480.53      (4.4%)    0.5% ( -11% -   14%) 0.868
                     MedSpanNear      241.37      (9.7%)      242.74      (4.4%)    0.6% ( -12% -   16%) 0.866
               HighTermMonthSort     1530.87      (6.8%)     1550.08      (4.4%)    1.3% (  -9% -   13%) 0.625
                      TermDTSort      462.19      (4.2%)      468.03      (4.2%)    1.3% (  -6% -   10%) 0.498
                        Wildcard      383.43      (3.0%)      388.36      (4.0%)    1.3% (  -5% -    8%) 0.414
                       ConstMSM2     1344.68      (6.8%)     1362.23      (6.5%)    1.3% ( -11% -   15%) 0.662
                     AndHighHigh      575.25      (8.6%)      584.26      (7.5%)    1.6% ( -13% -   19%) 0.665
             LowIntervalsOrdered      205.94      (5.6%)      209.26      (5.4%)    1.6% (  -8% -   13%) 0.512
                       OrHighLow     1105.89      (6.1%)     1126.51      (7.5%)    1.9% ( -11% -   16%) 0.543
             MedIntervalsOrdered      352.24      (5.0%)      358.82      (3.1%)    1.9% (  -5% -   10%) 0.318
                 MedSloppyPhrase      199.35      (3.6%)      203.24      (1.4%)    2.0% (  -2% -    7%) 0.107
                      OrHighHigh      611.83      (6.5%)      624.60      (6.8%)    2.1% ( -10% -   16%) 0.483
       BrowseDayOfYearSSDVFacets       15.56      (7.0%)       15.90     (12.8%)    2.2% ( -16% -   23%) 0.635
                         Prefix3     1065.29      (8.0%)     1092.50      (7.5%)    2.6% ( -11% -   19%) 0.460
                    OrNotHighMed     1013.86      (5.5%)     1041.65      (5.1%)    2.7% (  -7% -   14%) 0.244
            HighIntervalsOrdered       62.14      (8.4%)       64.02      (4.9%)    3.0% (  -9% -   17%) 0.326
                    OrNotHighLow     1604.69      (4.8%)     1653.59      (6.3%)    3.0% (  -7% -   14%) 0.226
                    HighSpanNear      152.99      (2.1%)      157.66      (3.7%)    3.0% (  -2% -    9%) 0.023
                       LowPhrase      109.30      (3.5%)      112.69      (2.9%)    3.1% (  -3% -    9%) 0.031
                     LowSpanNear      223.01      (7.1%)      231.92      (3.8%)    4.0% (  -6% -   16%) 0.117
                      AndHighLow     1828.26      (5.4%)     1930.30      (8.3%)    5.6% (  -7% -   20%) 0.075
            BrowseDateSSDVFacets        2.76      (6.3%)        2.92      (6.4%)    5.6% (  -6% -   19%) 0.046
     BrowseRandomLabelTaxoFacets       12.37      (4.3%)       14.09     (34.7%)   13.9% ( -24% -   55%) 0.207
            BrowseDateTaxoFacets       15.03      (5.4%)       18.07     (58.7%)   20.3% ( -41% -   89%) 0.277
       BrowseDayOfYearTaxoFacets       15.56      (5.4%)       19.07     (65.8%)   22.6% ( -46% -   99%) 0.280
  iter 10
    armA:
      NOTE: using experimental CPU time profiler (see https://mostlynerdless.de/blog/2025/06/11/java-25s-new-cpu-time-profiler-1)
      log: /home/goankur/vsearch/logs/FJAc.armA.10 + stdout
      run: /usr/bin/perf stat -dd -e task-clock,cycles,instructions,cache-references,cache-misses,L1-dcache-loads,L1-dcache-load-misses,L1-icache-loads,L1-icache-load-misses,LLC-loads,LLC-load-misses,LLC-stores,LLC-store-misses,LLC-prefetches,LLC-prefetch-misses,faults,minor-faults,major-faults,branches,branch-misses,stalled-cycles-frontend,stalled-cycles-backend /home/goankur/jdk/corretto-25/bin/java -server -Xms2g -Xmx2g --add-modules jdk.incubator.vector -XX:+HeapDumpOnOutOfMemoryError -XX:+UseParallelGC -XX:StartFlightRecording=jdk.CPUTimeSample#enabled=true,dumponexit=true,maxsize=250M,settings=/home/goankur/vsearch/util/src/python/profiling.jfc,filename=/home/goankur/vsearch/logs/bench-search-FJAc-armA-10.jfr -XX:+UnlockDiagnosticVMOptions -XX:+DebugNonSafepoints -classpath /home/goankur/vsearch/bo/lucene-A/lucene/core/build/libs/lucene-core-11.0.0-SNAPSHOT.jar:/home/goankur/vsearch/bo/lucene-A/lucene/sandbox/build/classes/java/main:/home/goankur/vsearch/bo/lucene-A/lucene/misc/build/classes/java/main:/home/goankur/vsearch/bo/lucene-A/lucene/facet/build/classes/java/main:/home/goankur/vsearch/bo/lucene-A/lucene/analysis/common/build/classes/java/main:/home/goankur/vsearch/bo/lucene-A/lucene/analysis/icu/build/classes/java/main:/home/goankur/vsearch/bo/lucene-A/lucene/queryparser/build/classes/java/main:/home/goankur/vsearch/bo/lucene-A/lucene/grouping/build/classes/java/main:/home/goankur/vsearch/bo/lucene-A/lucene/suggest/build/classes/java/main:/home/goankur/vsearch/bo/lucene-A/lucene/highlighter/build/classes/java/main:/home/goankur/vsearch/bo/lucene-A/lucene/codecs/build/classes/java/main:/home/goankur/vsearch/bo/lucene-A/lucene/queries/build/classes/java/main:/home/goankur/vsearch/bo/lucene-A/lucene/join/build/classes/java/main:/home/goankur/vsearch/bo/lucene-A/lucene/spatial3d/build/classes/java/main:/home/goankur/vsearch/util/lib/HdrHistogram.jar:/home/goankur/vsearch/util/src/main/build/classes/java/main:/home/goankur/vsearch/util/build perf.SearchPerfTest -dirImpl MMapDirectory -indexPath /home/goankur/vsearch/indices/wikimedium10m.lucene-A.facets.taxonomy:Date.taxonomy:Month.taxonomy:DayOfYear.sortedset:Date.sortedset:Month.sortedset:DayOfYear.taxonomy:RandomLabel.sortedset:RandomLabel.Lucene90.Lucene104.dvfields.nd10M -facets taxonomy:Date;Date -facets taxonomy:Month;Month -facets taxonomy:DayOfYear;DayOfYear -facets sortedset:Date;Date -facets sortedset:Month;Month -facets sortedset:DayOfYear;DayOfYear -facets taxonomy:RandomLabel;RandomLabel -facets sortedset:RandomLabel;RandomLabel -analyzer StandardAnalyzer -taskSource /home/goankur/vsearch/util/tasks/wikimedium.10M.nostopwords.tasks -numConcurrentQueries 5 -taskRepeatCount 20 -field body -tasksPerCat 1 -searchConcurrency -1 -staticSeed -4799930 -seed -9838226 -similarity BM25Similarity -commit multi -hiliteImpl FastVectorHighlighter -log /home/goankur/vsearch/logs/FJAc.armA.10 -topN 100 -context  -pk -pollute
      9.3 s
      243.3 actual sustained QPS; -1.0 CPU cores used
    armJ:
      NOTE: using experimental CPU time profiler (see https://mostlynerdless.de/blog/2025/06/11/java-25s-new-cpu-time-profiler-1)
      log: /home/goankur/vsearch/logs/FJAc.armJ.10 + stdout
      run: /usr/bin/perf stat -dd -e task-clock,cycles,instructions,cache-references,cache-misses,L1-dcache-loads,L1-dcache-load-misses,L1-icache-loads,L1-icache-load-misses,LLC-loads,LLC-load-misses,LLC-stores,LLC-store-misses,LLC-prefetches,LLC-prefetch-misses,faults,minor-faults,major-faults,branches,branch-misses,stalled-cycles-frontend,stalled-cycles-backend /home/goankur/jdk/corretto-25/bin/java -server -Xms2g -Xmx2g --add-modules jdk.incubator.vector -XX:+HeapDumpOnOutOfMemoryError -XX:+UseParallelGC -XX:StartFlightRecording=jdk.CPUTimeSample#enabled=true,dumponexit=true,maxsize=250M,settings=/home/goankur/vsearch/util/src/python/profiling.jfc,filename=/home/goankur/vsearch/logs/bench-search-FJAc-armJ-10.jfr -XX:+UnlockDiagnosticVMOptions -XX:+DebugNonSafepoints -classpath /home/goankur/vsearch/bo/lucene-J/lucene/core/build/libs/lucene-core-11.0.0-SNAPSHOT.jar:/home/goankur/vsearch/bo/lucene-J/lucene/sandbox/build/classes/java/main:/home/goankur/vsearch/bo/lucene-J/lucene/misc/build/classes/java/main:/home/goankur/vsearch/bo/lucene-J/lucene/facet/build/classes/java/main:/home/goankur/vsearch/bo/lucene-J/lucene/analysis/common/build/classes/java/main:/home/goankur/vsearch/bo/lucene-J/lucene/analysis/icu/build/classes/java/main:/home/goankur/vsearch/bo/lucene-J/lucene/queryparser/build/classes/java/main:/home/goankur/vsearch/bo/lucene-J/lucene/grouping/build/classes/java/main:/home/goankur/vsearch/bo/lucene-J/lucene/suggest/build/classes/java/main:/home/goankur/vsearch/bo/lucene-J/lucene/highlighter/build/classes/java/main:/home/goankur/vsearch/bo/lucene-J/lucene/codecs/build/classes/java/main:/home/goankur/vsearch/bo/lucene-J/lucene/queries/build/classes/java/main:/home/goankur/vsearch/bo/lucene-J/lucene/join/build/classes/java/main:/home/goankur/vsearch/bo/lucene-J/lucene/spatial3d/build/classes/java/main:/home/goankur/vsearch/util/lib/HdrHistogram.jar:/home/goankur/vsearch/util/src/main/build/classes/java/main:/home/goankur/vsearch/util/build perf.SearchPerfTest -dirImpl MMapDirectory -indexPath /home/goankur/vsearch/indices/wikimedium10m.lucene-A.facets.taxonomy:Date.taxonomy:Month.taxonomy:DayOfYear.sortedset:Date.sortedset:Month.sortedset:DayOfYear.taxonomy:RandomLabel.sortedset:RandomLabel.Lucene90.Lucene104.dvfields.nd10M -facets taxonomy:Date;Date -facets taxonomy:Month;Month -facets taxonomy:DayOfYear;DayOfYear -facets sortedset:Date;Date -facets sortedset:Month;Month -facets sortedset:DayOfYear;DayOfYear -facets taxonomy:RandomLabel;RandomLabel -facets sortedset:RandomLabel;RandomLabel -analyzer StandardAnalyzer -taskSource /home/goankur/vsearch/util/tasks/wikimedium.10M.nostopwords.tasks -numConcurrentQueries 5 -taskRepeatCount 20 -field body -tasksPerCat 1 -searchConcurrency -1 -staticSeed -4799930 -seed -9838226 -similarity BM25Similarity -commit multi -hiliteImpl FastVectorHighlighter -log /home/goankur/vsearch/logs/FJAc.armJ.10 -topN 100 -context  -pk -pollute
      9.3 s
      263.4 actual sustained QPS; -1.0 CPU cores used

Report after iter 10:
QPSChart.supported == False
                            Task     P50 B     P50 C     Diff     P90 B     P90 C     Diff     P99 B     P99 C     Diff    P999 B    P999 C     Diff    P100 B    P100 C     Diff
           ('AndHighHigh', None)     2.633     1.871   -28.9%     6.111     4.090   -33.1%    12.160     5.563   -54.3%    12.160     5.563   -54.3%   108.022   109.560     1.4%
('AndHighHighDayTaxoFacets', None)    32.565    34.379     5.6%    44.943    46.834     4.2%    82.466    55.062   -33.2%    82.466    55.062   -33.2%   163.762   159.277    -2.7%
            ('AndHighLow', None)     0.594     0.528   -11.2%     2.197     1.346   -38.8%     2.605     1.622   -37.7%     2.605     1.622   -37.7%     8.062     8.660     7.4%
            ('AndHighMed', None)     1.094     1.080    -1.3%     6.535     5.428   -16.9%     7.658     5.885   -23.2%     7.658     5.885   -23.2%     8.685     5.915   -31.9%
('AndHighMedDayTaxoFacets', None)     3.620     3.745     3.5%     9.795     8.555   -12.7%    10.214     9.829    -3.8%    10.214     9.829    -3.8%    23.629    23.485    -0.6%
     ('AndMissingHigh', 'Title')     0.286     0.293     2.7%     0.745     1.164    56.2%     0.905     2.971   228.2%     0.905     2.971   228.2%     5.676     7.215    27.1%
              ('BM25MSM2', None)    17.971    17.722    -1.4%    28.710    24.843   -13.5%    48.911    38.704   -20.9%    48.911    38.704   -20.9%   234.215   187.136   -20.1%
  ('BrowseDateSSDVFacets', None)   333.454   339.795     1.9%   394.355   370.326    -6.1%   407.265   403.122    -1.0%   407.265   403.122    -1.0%   756.156   717.099    -5.2%
  ('BrowseDateTaxoFacets', None)    63.228    64.522     2.0%    73.232    77.938     6.4%    78.600    79.085     0.6%    78.600    79.085     0.6%    87.876    83.199    -5.3%
('BrowseDayOfYearSSDVFacets', None)    65.931    66.901     1.5%    86.771    83.803    -3.4%    90.473    87.676    -3.1%    90.473    87.676    -3.1%   108.534   122.649    13.0%
('BrowseDayOfYearTaxoFacets', None)    61.792    63.333     2.5%    72.965    79.122     8.4%    76.102    80.450     5.7%    76.102    80.450     5.7%    79.756    83.175     4.3%
 ('BrowseMonthSSDVFacets', None)    67.520    71.194     5.4%    87.549    88.804     1.4%    96.036    93.628    -2.5%    96.036    93.628    -2.5%   173.237   167.955    -3.0%
 ('BrowseMonthTaxoFacets', None)    22.898    26.271    14.7%    74.368    37.996   -48.9%    75.908    74.162    -2.3%    75.908    74.162    -2.3%   193.754   181.914    -6.1%
('BrowseRandomLabelSSDVFacets', None)    83.248    90.950     9.3%   120.058   170.795    42.3%   127.411   182.362    43.1%   127.411   182.362    43.1%   172.934   210.948    22.0%
('BrowseRandomLabelTaxoFacets', None)    74.258    81.832    10.2%    81.565    99.497    22.0%    86.112    99.510    15.6%    86.112    99.510    15.6%   465.914   372.496   -20.1%
             ('ConstMSM2', None)     0.772     0.746    -3.4%     1.828     1.516   -17.1%     5.361     1.640   -69.4%     5.361     1.640   -69.4%    17.660    21.047    19.2%
                ('Fuzzy1', None)    13.016    12.883    -1.0%    25.995    24.883    -4.3%    42.477    45.863     8.0%    42.477    45.863     8.0%   124.257   102.440   -17.6%
                ('Fuzzy2', None)    14.341    12.212   -14.8%    34.006    32.203    -5.3%    37.048    36.520    -1.4%    37.048    36.520    -1.4%   266.490   281.936     5.8%
  ('HighIntervalsOrdered', None)    15.476    15.828     2.3%    20.574    25.190    22.4%    27.464    28.307     3.1%    27.464    28.307     3.1%    96.190    66.986   -30.4%
            ('HighPhrase', None)     2.327     2.339     0.5%     6.585     5.933    -9.9%     7.421     6.677   -10.0%     7.421     6.677   -10.0%    30.798    83.690   171.7%
      ('HighSloppyPhrase', None)     3.905     3.798    -2.7%    11.594    10.680    -7.9%    23.206    17.550   -24.4%    23.206    17.550   -24.4%    76.690    62.036   -19.1%
          ('HighSpanNear', None)     6.670     7.011     5.1%    17.751    14.686   -17.3%    26.569    27.112     2.0%    26.569    27.112     2.0%    79.634    60.200   -24.4%
              ('HighTerm', None)     1.264     0.875   -30.8%     3.912     1.411   -63.9%     8.373     3.202   -61.8%     8.373     3.202   -61.8%    25.407    55.012   116.5%
('HighTermDayOfYearSort', 'DayOfYear')     2.831     2.599    -8.2%     7.068     5.801   -17.9%    10.028     7.443   -25.8%    10.028     7.443   -25.8%    91.776    79.711   -13.1%
  ('HighTermMonthSort', 'Month')     0.670     0.627    -6.4%     1.884     3.203    70.1%     1.931     3.805    97.1%     1.931     3.805    97.1%    10.942     8.235   -24.7%
('HighTermTitleBDVSort', 'TitleBinary')    12.662    12.768     0.8%    34.906    21.507   -38.4%    37.031    36.454    -1.6%    37.031    36.454    -1.6%    88.882    73.847   -16.9%
  ('HighTermTitleSort', 'Title')     9.164     8.755    -4.5%    21.367    20.388    -4.6%    81.205    66.827   -17.7%    81.205    66.827   -17.7%   105.297    85.942   -18.4%
                ('IntNRQ', None)     0.885     0.827    -6.5%     4.323     4.285    -0.9%    12.140     8.241   -32.1%    12.140     8.241   -32.1%    59.481    62.896     5.7%
                ('IntSet', None)     1.460     1.724    18.1%     7.824     7.801    -0.3%     8.242     7.849    -4.8%     8.242     7.849    -4.8%    76.178    87.668    15.1%
   ('LowIntervalsOrdered', None)     4.739     4.595    -3.0%     8.876    10.325    16.3%    11.527    11.350    -1.5%    11.527    11.350    -1.5%   122.701   108.177   -11.8%
             ('LowPhrase', None)     9.132     8.785    -3.8%    18.893    19.149     1.4%    33.148    20.952   -36.8%    33.148    20.952   -36.8%   168.471   173.728     3.1%
       ('LowSloppyPhrase', None)     4.528     4.319    -4.6%    13.082    12.866    -1.7%    14.598    16.430    12.5%    14.598    16.430    12.5%    43.758    20.235   -53.8%
           ('LowSpanNear', None)     4.330     4.275    -1.3%    18.780    11.005   -41.4%    20.525    11.593   -43.5%    20.525    11.593   -43.5%    80.013    92.161    15.2%
               ('LowTerm', None)     0.484     0.441    -9.0%     1.601     0.902   -43.7%     1.757     1.288   -26.7%     1.757     1.288   -26.7%     1.827     1.777    -2.8%
   ('MedIntervalsOrdered', None)     2.718     2.811     3.5%     7.003     4.763   -32.0%     8.134     8.199     0.8%     8.134     8.199     0.8%    14.389    21.386    48.6%
             ('MedPhrase', None)     6.891     7.397     7.3%    20.104    19.024    -5.4%    24.771    21.631   -12.7%    24.771    21.631   -12.7%    67.202    68.227     1.5%
       ('MedSloppyPhrase', None)     5.141     5.137    -0.1%     9.517     9.593     0.8%    17.166    13.121   -23.6%    17.166    13.121   -23.6%    81.866    96.734    18.2%
           ('MedSpanNear', None)     3.631     4.504    24.0%     8.116     7.862    -3.1%    31.447     8.756   -72.2%    31.447     8.756   -72.2%    36.796    35.237    -4.2%
               ('MedTerm', None)     0.793     0.725    -8.5%     1.757     1.858     5.7%     1.976     2.910    47.2%     1.976     2.910    47.2%    77.795    86.019    10.6%
  ('MedTermDayTaxoFacets', None)    12.039    10.720   -11.0%    16.399    25.633    56.3%    26.855    26.759    -0.4%    26.855    26.759    -0.4%    76.843    64.446   -16.1%
            ('OrHighHigh', None)     1.898     1.624   -14.4%     6.507     3.266   -49.8%     9.429    27.748   194.3%     9.429    27.748   194.3%   119.269   132.221    10.9%
             ('OrHighLow', None)     0.966     0.995     3.0%     1.587     2.470    55.6%     2.951     3.117     5.6%     2.951     3.117     5.6%    11.550     4.086   -64.6%
             ('OrHighMed', None)     0.888     0.877    -1.2%     4.467     3.693   -17.3%     5.093     4.062   -20.2%     5.093     4.062   -20.2%     5.883    21.298   262.0%
('OrHighMedDayTaxoFacets', None)    52.352    53.447     2.1%   100.598    73.929   -26.5%   173.892   153.309   -11.8%   173.892   153.309   -11.8%   429.379   399.542    -6.9%
         ('OrHighNotHigh', None)     1.800     1.544   -14.2%     3.704     2.681   -27.6%     7.569     3.449   -54.4%     7.569     3.449   -54.4%    11.866    11.965     0.8%
          ('OrHighNotLow', None)     1.632     1.483    -9.1%    11.592     4.908   -57.7%    13.090     5.025   -61.6%    13.090     5.025   -61.6%    13.425    11.692   -12.9%
          ('OrHighNotMed', None)     1.552     1.487    -4.2%     4.319     5.164    19.6%     6.094     7.812    28.2%     6.094     7.812    28.2%    33.360    22.861   -31.5%
         ('OrNotHighHigh', None)     1.563     1.563    -0.0%     4.089     3.204   -21.7%     8.186     3.224   -60.6%     8.186     3.224   -60.6%     9.568     7.983   -16.6%
          ('OrNotHighLow', None)     0.678     0.738     8.9%     1.779     1.481   -16.8%     2.607     3.732    43.1%     2.607     3.732    43.1%    12.962     5.249   -59.5%
          ('OrNotHighMed', None)     1.070     1.007    -5.9%     4.289     5.610    30.8%    14.091     6.659   -52.7%    14.091     6.659   -52.7%    88.130    96.164     9.1%
                   ('PKLookup',)     5.343     4.366   -18.3%     8.784    14.002    59.4%    13.037    14.300     9.7%    13.037    14.300     9.7%    55.266    38.129   -31.0%
               ('Prefix3', None)     0.996     0.841   -15.5%     5.575     3.932   -29.5%     5.745     8.515    48.2%     5.745     8.515    48.2%    21.027    18.285   -13.0%
                    ('Respell',)    17.158    15.927    -7.2%    35.471    43.564    22.8%    52.492    45.243   -13.8%    52.492    45.243   -13.8%   120.926   118.904    -1.7%
('TermDateTimeSort', 'DateTime')     2.133     2.113    -0.9%     6.449     5.986    -7.2%    14.998    35.821   138.8%    14.998    35.821   138.8%    47.110    38.293   -18.7%
              ('Wildcard', None)     2.823     2.795    -1.0%     7.930     4.326   -45.4%     9.447     9.561     1.2%     9.447     9.561     1.2%    38.819    31.855   -17.9%
                 ('range', None)     0.135     0.159    17.5%     0.495     0.439   -11.2%     0.674     0.581   -13.8%     0.674     0.581   -13.8%    15.904     1.723   -89.2%
                            Task    QPS armJ      StdDev    QPS armA      StdDev                Pct diff p-value
           BrowseMonthTaxoFacets       40.88      (6.9%)       35.52     (28.1%)  -13.1% ( -44% -   23%) 0.133
                      AndHighMed     1040.81      (5.6%)      980.58      (5.7%)   -5.8% ( -16% -    5%) 0.016
           BrowseMonthSSDVFacets       17.67     (11.8%)       16.75     (10.0%)   -5.2% ( -24% -   18%) 0.264
                   OrNotHighHigh      889.32      (9.0%)      848.16      (8.8%)   -4.6% ( -20% -   14%) 0.223
                    OrHighNotLow      935.28     (12.4%)      894.16     (11.3%)   -4.4% ( -24% -   22%) 0.384
                    OrHighNotMed      985.19     (11.9%)      944.18     (11.1%)   -4.2% ( -24% -   21%) 0.398
                          IntNRQ     1150.47      (7.6%)     1109.44     (10.0%)   -3.6% ( -19% -   15%) 0.346
                  AndMissingHigh     3855.64      (6.5%)     3722.86      (3.9%)   -3.4% ( -12% -    7%) 0.130
          OrHighMedDayTaxoFacets       20.25      (8.8%)       19.65      (4.6%)   -3.0% ( -14% -   11%) 0.315
                        PKLookup      220.91     (11.4%)      215.58     (11.1%)   -2.4% ( -22% -   22%) 0.616
                       OrHighMed     1114.54      (6.1%)     1091.76      (8.6%)   -2.0% ( -15% -   13%) 0.520
               HighTermTitleSort      123.30     (10.3%)      121.09      (7.4%)   -1.8% ( -17% -   17%) 0.639
                          Fuzzy1       87.29      (9.1%)       85.73      (7.3%)   -1.8% ( -16% -   16%) 0.613
         AndHighMedDayTaxoFacets      278.15      (3.1%)      273.27      (3.0%)   -1.8% (  -7% -    4%) 0.181
                           range     6366.84     (10.1%)     6269.55      (9.4%)   -1.5% ( -19% -   20%) 0.715
                       MedPhrase      138.91      (3.8%)      136.80      (4.6%)   -1.5% (  -9% -    7%) 0.397
            HighTermTitleBDVSort       79.07      (4.7%)       77.87      (3.9%)   -1.5% (  -9% -    7%) 0.409
     BrowseRandomLabelSSDVFacets       11.19      (7.2%)       11.03      (6.2%)   -1.4% ( -13% -   12%) 0.614
                     MedSpanNear      245.04     (10.4%)      241.91      (4.3%)   -1.3% ( -14% -   14%) 0.705
        AndHighHighDayTaxoFacets       32.33      (4.9%)       31.94      (5.8%)   -1.2% ( -11% -    9%) 0.591
                         MedTerm     1614.81      (8.2%)     1596.53      (8.4%)   -1.1% ( -16% -   16%) 0.750
                 LowSloppyPhrase      229.88      (5.7%)      227.61      (7.4%)   -1.0% ( -13% -   12%) 0.727
                         LowTerm     2397.15     (10.0%)     2377.52     (10.6%)   -0.8% ( -19% -   21%) 0.852
                        BM25MSM2       57.01      (3.8%)       56.64      (2.6%)   -0.7% (  -6% -    5%) 0.633
                          IntSet      701.89      (9.8%)      699.33     (10.5%)   -0.4% ( -18% -   22%) 0.933
                      HighPhrase      424.86      (3.6%)      423.73      (4.2%)   -0.3% (  -7% -    7%) 0.874
                   OrHighNotHigh      810.49     (12.0%)      810.74      (8.8%)    0.0% ( -18% -   23%) 0.994
                HighSloppyPhrase      252.72      (3.2%)      254.12      (5.6%)    0.6% (  -7% -    9%) 0.776
                         Respell       64.35      (6.2%)       64.86      (5.7%)    0.8% ( -10% -   13%) 0.753
            MedTermDayTaxoFacets       92.08      (5.6%)       92.86      (7.2%)    0.9% ( -11% -   14%) 0.758
                          Fuzzy2       76.81      (6.3%)       77.71      (6.1%)    1.2% ( -10% -   14%) 0.657
                        Wildcard      382.42      (2.9%)      387.07      (4.0%)    1.2% (  -5% -    8%) 0.414
                      TermDTSort      463.74      (4.1%)      469.56      (4.1%)    1.3% (  -6% -    9%) 0.472
           HighTermDayOfYearSort      469.80     (10.1%)      475.70      (5.5%)    1.3% ( -12% -   18%) 0.716
             MedIntervalsOrdered      355.14      (5.4%)      359.74      (3.1%)    1.3% (  -6% -   10%) 0.492
                       OrHighLow     1101.47      (6.0%)     1116.94      (7.7%)    1.4% ( -11% -   16%) 0.633
               HighTermMonthSort     1536.68      (6.6%)     1560.44      (4.7%)    1.5% (  -9% -   13%) 0.527
       BrowseDayOfYearSSDVFacets       15.58      (6.6%)       15.82     (12.3%)    1.6% ( -16% -   21%) 0.712
                 MedSloppyPhrase      199.19      (3.4%)      202.80      (1.5%)    1.8% (  -3% -    6%) 0.106
                       ConstMSM2     1344.53      (6.5%)     1368.94      (6.4%)    1.8% ( -10% -   15%) 0.508
             LowIntervalsOrdered      206.79      (5.4%)      210.67      (5.6%)    1.9% (  -8% -   13%) 0.425
                    OrNotHighLow     1603.23      (4.6%)     1643.22      (6.4%)    2.5% (  -8% -   14%) 0.293
                    HighSpanNear      152.92      (2.0%)      156.89      (3.9%)    2.6% (  -3% -    8%) 0.049
            HighIntervalsOrdered       62.45      (8.1%)       64.11      (4.7%)    2.7% (  -9% -   16%) 0.348
                    OrNotHighMed     1012.47      (5.2%)     1041.62      (4.8%)    2.9% (  -6% -   13%) 0.178
                      OrHighHigh      607.08      (6.7%)      624.85      (6.5%)    2.9% (  -9% -   17%) 0.299
                     AndHighHigh      566.54      (9.8%)      583.26      (7.2%)    3.0% ( -12% -   22%) 0.420
                       LowPhrase      109.62      (3.5%)      113.03      (2.9%)    3.1% (  -3% -    9%) 0.022
                        HighTerm     1127.19     (12.4%)     1162.38      (9.3%)    3.1% ( -16% -   28%) 0.503
                         Prefix3     1069.97      (7.7%)     1104.27      (8.0%)    3.2% ( -11% -   20%) 0.336
                     LowSpanNear      224.10      (6.9%)      232.14      (3.6%)    3.6% (  -6% -   15%) 0.127
            BrowseDateSSDVFacets        2.79      (6.6%)        2.92      (6.1%)    5.0% (  -7% -   18%) 0.066
                      AndHighLow     1819.86      (5.3%)     1937.77      (8.1%)    6.5% (  -6% -   21%) 0.026
     BrowseRandomLabelTaxoFacets       12.47      (4.9%)       13.93     (32.9%)   11.7% ( -24% -   52%) 0.245
            BrowseDateTaxoFacets       15.10      (5.4%)       17.87     (55.6%)   18.4% ( -40% -   83%) 0.275
       BrowseDayOfYearTaxoFacets       15.63      (5.2%)       18.79     (62.5%)   20.2% ( -45% -   92%) 0.285
  iter 11
    armJ:
      NOTE: using experimental CPU time profiler (see https://mostlynerdless.de/blog/2025/06/11/java-25s-new-cpu-time-profiler-1)
      log: /home/goankur/vsearch/logs/FJAc.armJ.11 + stdout
      run: /usr/bin/perf stat -dd -e task-clock,cycles,instructions,cache-references,cache-misses,L1-dcache-loads,L1-dcache-load-misses,L1-icache-loads,L1-icache-load-misses,LLC-loads,LLC-load-misses,LLC-stores,LLC-store-misses,LLC-prefetches,LLC-prefetch-misses,faults,minor-faults,major-faults,branches,branch-misses,stalled-cycles-frontend,stalled-cycles-backend /home/goankur/jdk/corretto-25/bin/java -server -Xms2g -Xmx2g --add-modules jdk.incubator.vector -XX:+HeapDumpOnOutOfMemoryError -XX:+UseParallelGC -XX:StartFlightRecording=jdk.CPUTimeSample#enabled=true,dumponexit=true,maxsize=250M,settings=/home/goankur/vsearch/util/src/python/profiling.jfc,filename=/home/goankur/vsearch/logs/bench-search-FJAc-armJ-11.jfr -XX:+UnlockDiagnosticVMOptions -XX:+DebugNonSafepoints -classpath /home/goankur/vsearch/bo/lucene-J/lucene/core/build/libs/lucene-core-11.0.0-SNAPSHOT.jar:/home/goankur/vsearch/bo/lucene-J/lucene/sandbox/build/classes/java/main:/home/goankur/vsearch/bo/lucene-J/lucene/misc/build/classes/java/main:/home/goankur/vsearch/bo/lucene-J/lucene/facet/build/classes/java/main:/home/goankur/vsearch/bo/lucene-J/lucene/analysis/common/build/classes/java/main:/home/goankur/vsearch/bo/lucene-J/lucene/analysis/icu/build/classes/java/main:/home/goankur/vsearch/bo/lucene-J/lucene/queryparser/build/classes/java/main:/home/goankur/vsearch/bo/lucene-J/lucene/grouping/build/classes/java/main:/home/goankur/vsearch/bo/lucene-J/lucene/suggest/build/classes/java/main:/home/goankur/vsearch/bo/lucene-J/lucene/highlighter/build/classes/java/main:/home/goankur/vsearch/bo/lucene-J/lucene/codecs/build/classes/java/main:/home/goankur/vsearch/bo/lucene-J/lucene/queries/build/classes/java/main:/home/goankur/vsearch/bo/lucene-J/lucene/join/build/classes/java/main:/home/goankur/vsearch/bo/lucene-J/lucene/spatial3d/build/classes/java/main:/home/goankur/vsearch/util/lib/HdrHistogram.jar:/home/goankur/vsearch/util/src/main/build/classes/java/main:/home/goankur/vsearch/util/build perf.SearchPerfTest -dirImpl MMapDirectory -indexPath /home/goankur/vsearch/indices/wikimedium10m.lucene-A.facets.taxonomy:Date.taxonomy:Month.taxonomy:DayOfYear.sortedset:Date.sortedset:Month.sortedset:DayOfYear.taxonomy:RandomLabel.sortedset:RandomLabel.Lucene90.Lucene104.dvfields.nd10M -facets taxonomy:Date;Date -facets taxonomy:Month;Month -facets taxonomy:DayOfYear;DayOfYear -facets sortedset:Date;Date -facets sortedset:Month;Month -facets sortedset:DayOfYear;DayOfYear -facets taxonomy:RandomLabel;RandomLabel -facets sortedset:RandomLabel;RandomLabel -analyzer StandardAnalyzer -taskSource /home/goankur/vsearch/util/tasks/wikimedium.10M.nostopwords.tasks -numConcurrentQueries 5 -taskRepeatCount 20 -field body -tasksPerCat 1 -searchConcurrency -1 -staticSeed -4799930 -seed -948398 -similarity BM25Similarity -commit multi -hiliteImpl FastVectorHighlighter -log /home/goankur/vsearch/logs/FJAc.armJ.11 -topN 100 -context  -pk -pollute
      9.7 s
      251.9 actual sustained QPS; -1.0 CPU cores used
    armA:
      NOTE: using experimental CPU time profiler (see https://mostlynerdless.de/blog/2025/06/11/java-25s-new-cpu-time-profiler-1)
      log: /home/goankur/vsearch/logs/FJAc.armA.11 + stdout
      run: /usr/bin/perf stat -dd -e task-clock,cycles,instructions,cache-references,cache-misses,L1-dcache-loads,L1-dcache-load-misses,L1-icache-loads,L1-icache-load-misses,LLC-loads,LLC-load-misses,LLC-stores,LLC-store-misses,LLC-prefetches,LLC-prefetch-misses,faults,minor-faults,major-faults,branches,branch-misses,stalled-cycles-frontend,stalled-cycles-backend /home/goankur/jdk/corretto-25/bin/java -server -Xms2g -Xmx2g --add-modules jdk.incubator.vector -XX:+HeapDumpOnOutOfMemoryError -XX:+UseParallelGC -XX:StartFlightRecording=jdk.CPUTimeSample#enabled=true,dumponexit=true,maxsize=250M,settings=/home/goankur/vsearch/util/src/python/profiling.jfc,filename=/home/goankur/vsearch/logs/bench-search-FJAc-armA-11.jfr -XX:+UnlockDiagnosticVMOptions -XX:+DebugNonSafepoints -classpath /home/goankur/vsearch/bo/lucene-A/lucene/core/build/libs/lucene-core-11.0.0-SNAPSHOT.jar:/home/goankur/vsearch/bo/lucene-A/lucene/sandbox/build/classes/java/main:/home/goankur/vsearch/bo/lucene-A/lucene/misc/build/classes/java/main:/home/goankur/vsearch/bo/lucene-A/lucene/facet/build/classes/java/main:/home/goankur/vsearch/bo/lucene-A/lucene/analysis/common/build/classes/java/main:/home/goankur/vsearch/bo/lucene-A/lucene/analysis/icu/build/classes/java/main:/home/goankur/vsearch/bo/lucene-A/lucene/queryparser/build/classes/java/main:/home/goankur/vsearch/bo/lucene-A/lucene/grouping/build/classes/java/main:/home/goankur/vsearch/bo/lucene-A/lucene/suggest/build/classes/java/main:/home/goankur/vsearch/bo/lucene-A/lucene/highlighter/build/classes/java/main:/home/goankur/vsearch/bo/lucene-A/lucene/codecs/build/classes/java/main:/home/goankur/vsearch/bo/lucene-A/lucene/queries/build/classes/java/main:/home/goankur/vsearch/bo/lucene-A/lucene/join/build/classes/java/main:/home/goankur/vsearch/bo/lucene-A/lucene/spatial3d/build/classes/java/main:/home/goankur/vsearch/util/lib/HdrHistogram.jar:/home/goankur/vsearch/util/src/main/build/classes/java/main:/home/goankur/vsearch/util/build perf.SearchPerfTest -dirImpl MMapDirectory -indexPath /home/goankur/vsearch/indices/wikimedium10m.lucene-A.facets.taxonomy:Date.taxonomy:Month.taxonomy:DayOfYear.sortedset:Date.sortedset:Month.sortedset:DayOfYear.taxonomy:RandomLabel.sortedset:RandomLabel.Lucene90.Lucene104.dvfields.nd10M -facets taxonomy:Date;Date -facets taxonomy:Month;Month -facets taxonomy:DayOfYear;DayOfYear -facets sortedset:Date;Date -facets sortedset:Month;Month -facets sortedset:DayOfYear;DayOfYear -facets taxonomy:RandomLabel;RandomLabel -facets sortedset:RandomLabel;RandomLabel -analyzer StandardAnalyzer -taskSource /home/goankur/vsearch/util/tasks/wikimedium.10M.nostopwords.tasks -numConcurrentQueries 5 -taskRepeatCount 20 -field body -tasksPerCat 1 -searchConcurrency -1 -staticSeed -4799930 -seed -948398 -similarity BM25Similarity -commit multi -hiliteImpl FastVectorHighlighter -log /home/goankur/vsearch/logs/FJAc.armA.11 -topN 100 -context  -pk -pollute
      9.0 s
      307.5 actual sustained QPS; -1.0 CPU cores used

Report after iter 11:
QPSChart.supported == False
                            Task     P50 B     P50 C     Diff     P90 B     P90 C     Diff     P99 B     P99 C     Diff    P999 B    P999 C     Diff    P100 B    P100 C     Diff
           ('AndHighHigh', None)     1.549     1.698     9.7%     4.239     7.054    66.4%     5.507     8.141    47.8%     5.507     8.141    47.8%    11.649    26.717   129.4%
('AndHighHighDayTaxoFacets', None)    33.381    30.112    -9.8%    38.825    44.009    13.4%    57.003    61.057     7.1%    57.003    61.057     7.1%   205.785   207.668     0.9%
            ('AndHighLow', None)     0.516     0.527     2.3%     1.121     1.496    33.5%     3.204     6.072    89.5%     3.204     6.072    89.5%     3.339    14.028   320.1%
            ('AndHighMed', None)     1.076     1.087     1.1%     4.913     5.317     8.2%     5.613     6.525    16.3%     5.613     6.525    16.3%     5.794    17.144   195.9%
('AndHighMedDayTaxoFacets', None)     3.424     3.563     4.1%     9.301    11.785    26.7%    13.941    12.424   -10.9%    13.941    12.424   -10.9%    14.470    19.252    33.0%
     ('AndMissingHigh', 'Title')     0.294     0.293    -0.0%     0.706     1.168    65.3%     1.291     2.216    71.6%     1.291     2.216    71.6%     1.983     2.712    36.8%
              ('BM25MSM2', None)    17.216    18.248     6.0%    26.679    34.428    29.0%    37.831    63.039    66.6%    37.831    63.039    66.6%   154.492   140.427    -9.1%
  ('BrowseDateSSDVFacets', None)   371.994   382.971     3.0%   457.633   438.201    -4.2%   482.013   459.019    -4.8%   482.013   459.019    -4.8%   576.623   516.531   -10.4%
  ('BrowseDateTaxoFacets', None)    61.833    24.842   -59.8%    75.029    29.511   -60.7%    75.950    63.007   -17.0%    75.950    63.007   -17.0%   310.402    82.513   -73.4%
('BrowseDayOfYearSSDVFacets', None)    72.925    77.511     6.3%   100.116    98.830    -1.3%   101.318   104.053     2.7%   101.318   104.053     2.7%   102.181   197.820    93.6%
('BrowseDayOfYearTaxoFacets', None)    59.132    24.077   -59.3%    64.654    36.066   -44.2%    65.450    43.472   -33.6%    65.450    43.472   -33.6%  1160.755   153.957   -86.7%
 ('BrowseMonthSSDVFacets', None)    48.360    49.614     2.6%    51.978    52.650     1.3%    54.034    54.727     1.3%    54.034    54.727     1.3%   220.720   154.445   -30.0%
 ('BrowseMonthTaxoFacets', None)    23.733    23.046    -2.9%    73.962    36.870   -50.2%    89.977    89.113    -1.0%    89.977    89.113    -1.0%  1386.929   278.855   -79.9%
('BrowseRandomLabelSSDVFacets', None)    97.507   103.998     6.7%   134.930   125.284    -7.1%   160.138   147.423    -7.9%   160.138   147.423    -7.9%   317.918   527.738    66.0%
('BrowseRandomLabelTaxoFacets', None)    77.645    36.711   -52.7%    86.341    46.948   -45.6%    88.357    60.957   -31.0%    88.357    60.957   -31.0%   898.595   260.663   -71.0%
             ('ConstMSM2', None)     0.780     0.745    -4.6%     1.457     1.517     4.1%     7.734     2.046   -73.5%     7.734     2.046   -73.5%    34.017    15.819   -53.5%
                ('Fuzzy1', None)    11.084    12.912    16.5%    20.110    23.275    15.7%    39.362    25.759   -34.6%    39.362    25.759   -34.6%    62.002    71.295    15.0%
                ('Fuzzy2', None)    12.987    14.559    12.1%    19.687    25.995    32.0%    31.820    45.965    44.5%    31.820    45.965    44.5%    46.383   101.106   118.0%
  ('HighIntervalsOrdered', None)    16.710    17.501     4.7%    28.400    34.680    22.1%    30.445    35.563    16.8%    30.445    35.563    16.8%    30.673    77.328   152.1%
            ('HighPhrase', None)     2.266     2.448     8.1%     4.369     5.263    20.4%    17.872    25.219    41.1%    17.872    25.219    41.1%    20.701    30.473    47.2%
      ('HighSloppyPhrase', None)     3.885     3.816    -1.8%     7.141    21.929   207.1%     7.658    26.324   243.8%     7.658    26.324   243.8%    15.451    37.736   144.2%
          ('HighSpanNear', None)     6.359     6.829     7.4%    12.005    12.350     2.9%    14.842    14.107    -5.0%    14.842    14.107    -5.0%    20.557    39.528    92.3%
              ('HighTerm', None)     0.853     0.896     5.0%     1.319     2.453    85.9%     2.094    10.829   417.1%     2.094    10.829   417.1%    17.878    17.585    -1.6%
('HighTermDayOfYearSort', 'DayOfYear')     2.343     2.083   -11.1%     4.493     8.801    95.9%    13.153    12.461    -5.3%    13.153    12.461    -5.3%    13.519    37.604   178.2%
  ('HighTermMonthSort', 'Month')     0.637     0.677     6.2%     1.360     1.558    14.6%     1.468     2.564    74.7%     1.468     2.564    74.7%     2.156     4.522   109.7%
('HighTermTitleBDVSort', 'TitleBinary')    12.360    12.927     4.6%    27.618    32.735    18.5%    47.009    89.708    90.8%    47.009    89.708    90.8%   150.682   150.622    -0.0%
  ('HighTermTitleSort', 'Title')     9.368     9.341    -0.3%    12.895    27.787   115.5%    29.013    30.391     4.8%    29.013    30.391     4.8%    74.513   134.997    81.2%
                ('IntNRQ', None)     1.078     0.983    -8.8%     2.216     2.167    -2.2%     2.730     2.852     4.5%     2.730     2.852     4.5%    37.292    86.550   132.1%
                ('IntSet', None)     1.452     1.605    10.5%     5.059     4.827    -4.6%     7.826     6.439   -17.7%     7.826     6.439   -17.7%    95.241    92.184    -3.2%
   ('LowIntervalsOrdered', None)     5.461     4.980    -8.8%     9.243     7.107   -23.1%    10.231     7.705   -24.7%    10.231     7.705   -24.7%    41.963    79.833    90.2%
             ('LowPhrase', None)     9.135     9.384     2.7%    18.209    15.614   -14.3%    23.449    23.266    -0.8%    23.449    23.266    -0.8%   159.736   114.243   -28.5%
       ('LowSloppyPhrase', None)     4.217     4.811    14.1%    10.400     9.005   -13.4%    11.188     9.726   -13.1%    11.188     9.726   -13.1%   142.342   101.873   -28.4%
           ('LowSpanNear', None)     4.335     4.373     0.9%     7.557     8.951    18.4%     7.946    14.809    86.4%     7.946    14.809    86.4%    22.012    29.002    31.8%
               ('LowTerm', None)     0.454     0.463     2.0%     1.506     1.649     9.5%     1.764     1.749    -0.8%     1.764     1.749    -0.8%     2.549     1.925   -24.5%
   ('MedIntervalsOrdered', None)     2.893     2.834    -2.1%     6.098     6.645     9.0%     9.314     8.125   -12.8%     9.314     8.125   -12.8%    13.395     9.140   -31.8%
             ('MedPhrase', None)     7.877     7.672    -2.6%    14.853    17.561    18.2%    16.192    17.845    10.2%    16.192    17.845    10.2%    27.188    44.595    64.0%
       ('MedSloppyPhrase', None)     4.860     5.028     3.5%     8.133     8.936     9.9%    15.844    19.113    20.6%    15.844    19.113    20.6%   102.445    85.782   -16.3%
           ('MedSpanNear', None)     4.445     3.978   -10.5%    10.477    12.490    19.2%    20.690    15.941   -23.0%    20.690    15.941   -23.0%    49.610    63.780    28.6%
               ('MedTerm', None)     0.634     0.687     8.4%     1.231     2.614   112.4%     1.791     2.995    67.3%     1.791     2.995    67.3%     5.971    31.320   424.6%
  ('MedTermDayTaxoFacets', None)     9.671    10.928    13.0%    14.818    19.135    29.1%    19.163    22.648    18.2%    19.163    22.648    18.2%   122.195    93.426   -23.5%
            ('OrHighHigh', None)     1.642     1.720     4.7%     2.968     3.191     7.5%     4.268     3.963    -7.1%     4.268     3.963    -7.1%     9.478    28.626   202.0%
             ('OrHighLow', None)     0.907     0.942     3.9%     1.656     1.709     3.2%     1.688     2.843    68.4%     1.688     2.843    68.4%    41.205    29.994   -27.2%
             ('OrHighMed', None)     0.891     0.955     7.2%     3.471     2.042   -41.2%    12.823     7.569   -41.0%    12.823     7.569   -41.0%    42.934    56.009    30.5%
('OrHighMedDayTaxoFacets', None)    49.612    52.558     5.9%    67.238    81.219    20.8%   133.910   200.998    50.1%   133.910   200.998    50.1%   316.446   389.562    23.1%
         ('OrHighNotHigh', None)     1.132     1.144     1.1%     1.905     3.602    89.1%     3.350    10.262   206.3%     3.350    10.262   206.3%   151.209   141.158    -6.6%
          ('OrHighNotLow', None)     1.051     1.058     0.7%     3.163     8.756   176.9%    10.640     9.693    -8.9%    10.640     9.693    -8.9%    17.155    23.435    36.6%
          ('OrHighNotMed', None)     1.041     0.985    -5.3%     3.456     5.095    47.4%     5.108    10.066    97.1%     5.108    10.066    97.1%     9.580    10.725    12.0%
         ('OrNotHighHigh', None)     1.146     1.250     9.1%     2.008     4.954   146.8%     3.957     8.744   121.0%     3.957     8.744   121.0%     4.432    12.483   181.6%
          ('OrNotHighLow', None)     0.595     0.603     1.3%     2.083     2.255     8.3%     2.446     2.535     3.6%     2.446     2.535     3.6%     3.835     2.944   -23.2%
          ('OrNotHighMed', None)     0.967     1.059     9.5%     3.541     3.807     7.5%     4.683     4.017   -14.2%     4.683     4.017   -14.2%     6.946    12.682    82.6%
                   ('PKLookup',)     4.799     5.522    15.1%     7.424     7.819     5.3%     8.828    17.681   100.3%     8.828    17.681   100.3%    16.003    32.043   100.2%
               ('Prefix3', None)     0.961     1.029     7.1%     3.391     5.648    66.6%     4.495     8.764    95.0%     4.495     8.764    95.0%    18.200    24.628    35.3%
                    ('Respell',)    14.699    16.241    10.5%    24.097    27.355    13.5%    45.143    55.438    22.8%    45.143    55.438    22.8%   230.560   179.556   -22.1%
('TermDateTimeSort', 'DateTime')     2.070     2.388    15.4%     8.000     8.883    11.0%     8.429    13.677    62.3%     8.429    13.677    62.3%   139.355   121.772   -12.6%
              ('Wildcard', None)     2.903     2.562   -11.7%     6.265    10.240    63.5%     6.872    14.032   104.2%     6.872    14.032   104.2%    12.643    28.191   123.0%
                 ('range', None)     0.163     0.185    13.9%     0.445     0.420    -5.8%     0.499     0.506     1.3%     0.499     0.506     1.3%     0.569     2.295   303.0%
                            Task    QPS armJ      StdDev    QPS armA      StdDev                Pct diff p-value
           BrowseMonthTaxoFacets       41.07      (6.7%)       36.46     (27.8%)  -11.2% ( -42% -   24%) 0.174
                      AndHighMed     1033.67      (5.9%)      977.35      (5.6%)   -5.4% ( -15% -    6%) 0.020
                   OrNotHighHigh      889.11      (8.5%)      846.15      (8.5%)   -4.8% ( -20% -   13%) 0.164
           BrowseMonthSSDVFacets       17.92     (12.1%)       17.08     (11.4%)   -4.7% ( -25% -   21%) 0.326
                        PKLookup      223.14     (11.3%)      212.93     (11.3%)   -4.6% ( -24% -   20%) 0.322
                    OrHighNotLow      941.82     (12.0%)      899.42     (10.9%)   -4.5% ( -24% -   20%) 0.335
                    OrHighNotMed      987.42     (11.4%)      950.75     (10.8%)   -3.7% ( -23% -   20%) 0.413
          OrHighMedDayTaxoFacets       20.39      (8.6%)       19.64      (4.3%)   -3.7% ( -15% -   10%) 0.185
                          IntNRQ     1141.43      (7.8%)     1105.87      (9.7%)   -3.1% ( -19% -   15%) 0.385
                  AndMissingHigh     3825.67      (6.8%)     3709.69      (3.9%)   -3.0% ( -12% -    8%) 0.180
                          Fuzzy1       87.89      (9.0%)       85.78      (7.0%)   -2.4% ( -16% -   14%) 0.462
                           range     6403.52      (9.8%)     6262.39      (9.0%)   -2.2% ( -19% -   18%) 0.566
     BrowseRandomLabelSSDVFacets       11.16      (6.9%)       10.93      (6.7%)   -2.1% ( -14% -   12%) 0.458
         AndHighMedDayTaxoFacets      279.86      (3.6%)      274.37      (3.2%)   -2.0% (  -8% -    5%) 0.159
                         MedTerm     1620.29      (7.9%)     1591.47      (8.1%)   -1.8% ( -16% -   15%) 0.585
            HighTermTitleBDVSort       79.31      (4.6%)       78.12      (3.9%)   -1.5% (  -9% -    7%) 0.383
                       OrHighMed     1118.47      (5.9%)     1101.67      (8.7%)   -1.5% ( -15% -   13%) 0.621
                       MedPhrase      138.54      (3.8%)      136.63      (4.4%)   -1.4% (  -9% -    7%) 0.411
                 LowSloppyPhrase      230.97      (5.7%)      227.93      (7.1%)   -1.3% ( -13% -   12%) 0.614
               HighTermTitleSort      122.25     (10.3%)      120.70      (7.2%)   -1.3% ( -17% -   18%) 0.727
                        BM25MSM2       57.16      (3.7%)       56.51      (2.6%)   -1.1% (  -7% -    5%) 0.378
                         LowTerm     2397.62      (9.5%)     2371.71     (10.2%)   -1.1% ( -18% -   20%) 0.788
                          IntSet      707.57      (9.7%)      700.22      (9.9%)   -1.0% ( -18% -   20%) 0.796
                      HighPhrase      426.83      (3.7%)      424.62      (4.1%)   -0.5% (  -8% -    7%) 0.746
                     MedSpanNear      245.48      (9.9%)      244.25      (5.2%)   -0.5% ( -14% -   16%) 0.876
        AndHighHighDayTaxoFacets       32.17      (5.0%)       32.06      (5.7%)   -0.3% ( -10% -   10%) 0.877
            MedTermDayTaxoFacets       93.10      (6.5%)       92.91      (6.8%)   -0.2% ( -12% -   14%) 0.940
                         Respell       64.71      (6.2%)       64.82      (5.4%)    0.2% ( -10% -   12%) 0.946
                          Fuzzy2       76.88      (6.0%)       77.16      (6.3%)    0.4% ( -11% -   13%) 0.886
                   OrHighNotHigh      818.10     (11.8%)      821.53      (9.5%)    0.4% ( -18% -   24%) 0.924
                HighSloppyPhrase      253.52      (3.2%)      254.88      (5.4%)    0.5% (  -7% -    9%) 0.767
                      TermDTSort      466.18      (4.3%)      469.21      (3.9%)    0.6% (  -7% -    9%) 0.698
                       OrHighLow     1108.85      (6.1%)     1117.51      (7.3%)    0.8% ( -11% -   15%) 0.777
               HighTermMonthSort     1542.84      (6.4%)     1555.12      (4.6%)    0.8% (  -9% -   12%) 0.727
       BrowseDayOfYearSSDVFacets       15.54      (6.4%)       15.66     (12.3%)    0.8% ( -16% -   20%) 0.837
             MedIntervalsOrdered      354.56      (5.2%)      359.42      (2.9%)    1.4% (  -6% -   10%) 0.429
                 MedSloppyPhrase      199.93      (3.5%)      202.75      (1.5%)    1.4% (  -3% -    6%) 0.195
                     AndHighHigh      575.21     (10.5%)      584.26      (6.8%)    1.6% ( -14% -   21%) 0.664
                         Prefix3     1077.15      (7.6%)     1094.75      (8.1%)    1.6% ( -13% -   18%) 0.611
                        Wildcard      382.58      (2.8%)      388.86      (4.1%)    1.6% (  -5% -    8%) 0.253
           HighTermDayOfYearSort      468.95      (9.7%)      476.89      (5.3%)    1.7% ( -12% -   18%) 0.595
                       ConstMSM2     1347.72      (6.2%)     1374.63      (6.3%)    2.0% (  -9% -   15%) 0.433
                        HighTerm     1136.43     (12.0%)     1159.22      (8.8%)    2.0% ( -16% -   25%) 0.642
                    HighSpanNear      153.54      (2.4%)      156.67      (3.7%)    2.0% (  -3% -    8%) 0.108
                    OrNotHighMed     1015.29      (5.0%)     1036.66      (4.9%)    2.1% (  -7% -   12%) 0.298
             LowIntervalsOrdered      205.84      (5.5%)      210.43      (5.4%)    2.2% (  -8% -   13%) 0.312
                      OrHighHigh      608.28      (6.4%)      622.41      (6.4%)    2.3% (  -9% -   16%) 0.373
                    OrNotHighLow     1616.75      (5.2%)     1655.50      (6.6%)    2.4% (  -8% -   14%) 0.323
                       LowPhrase      109.85      (3.4%)      112.57      (3.1%)    2.5% (  -3% -    9%) 0.062
            HighIntervalsOrdered       62.25      (7.8%)       63.94      (4.6%)    2.7% (  -9% -   16%) 0.302
                     LowSpanNear      225.26      (6.8%)      232.41      (3.5%)    3.2% (  -6% -   14%) 0.149
            BrowseDateSSDVFacets        2.78      (6.3%)        2.90      (6.6%)    4.2% (  -8% -   18%) 0.114
                      AndHighLow     1831.35      (5.5%)     1944.73      (7.8%)    6.2% (  -6% -   20%) 0.024
     BrowseRandomLabelTaxoFacets       12.51      (4.8%)       15.39     (51.2%)   23.0% ( -31% -   83%) 0.121
            BrowseDateTaxoFacets       15.21      (5.7%)       19.91     (70.1%)   30.9% ( -42% -  113%) 0.129
       BrowseDayOfYearTaxoFacets       15.74      (5.5%)       20.85     (74.6%)   32.5% ( -45% -  119%) 0.132
  iter 12
    armA:
      NOTE: using experimental CPU time profiler (see https://mostlynerdless.de/blog/2025/06/11/java-25s-new-cpu-time-profiler-1)
      log: /home/goankur/vsearch/logs/FJAc.armA.12 + stdout
      run: /usr/bin/perf stat -dd -e task-clock,cycles,instructions,cache-references,cache-misses,L1-dcache-loads,L1-dcache-load-misses,L1-icache-loads,L1-icache-load-misses,LLC-loads,LLC-load-misses,LLC-stores,LLC-store-misses,LLC-prefetches,LLC-prefetch-misses,faults,minor-faults,major-faults,branches,branch-misses,stalled-cycles-frontend,stalled-cycles-backend /home/goankur/jdk/corretto-25/bin/java -server -Xms2g -Xmx2g --add-modules jdk.incubator.vector -XX:+HeapDumpOnOutOfMemoryError -XX:+UseParallelGC -XX:StartFlightRecording=jdk.CPUTimeSample#enabled=true,dumponexit=true,maxsize=250M,settings=/home/goankur/vsearch/util/src/python/profiling.jfc,filename=/home/goankur/vsearch/logs/bench-search-FJAc-armA-12.jfr -XX:+UnlockDiagnosticVMOptions -XX:+DebugNonSafepoints -classpath /home/goankur/vsearch/bo/lucene-A/lucene/core/build/libs/lucene-core-11.0.0-SNAPSHOT.jar:/home/goankur/vsearch/bo/lucene-A/lucene/sandbox/build/classes/java/main:/home/goankur/vsearch/bo/lucene-A/lucene/misc/build/classes/java/main:/home/goankur/vsearch/bo/lucene-A/lucene/facet/build/classes/java/main:/home/goankur/vsearch/bo/lucene-A/lucene/analysis/common/build/classes/java/main:/home/goankur/vsearch/bo/lucene-A/lucene/analysis/icu/build/classes/java/main:/home/goankur/vsearch/bo/lucene-A/lucene/queryparser/build/classes/java/main:/home/goankur/vsearch/bo/lucene-A/lucene/grouping/build/classes/java/main:/home/goankur/vsearch/bo/lucene-A/lucene/suggest/build/classes/java/main:/home/goankur/vsearch/bo/lucene-A/lucene/highlighter/build/classes/java/main:/home/goankur/vsearch/bo/lucene-A/lucene/codecs/build/classes/java/main:/home/goankur/vsearch/bo/lucene-A/lucene/queries/build/classes/java/main:/home/goankur/vsearch/bo/lucene-A/lucene/join/build/classes/java/main:/home/goankur/vsearch/bo/lucene-A/lucene/spatial3d/build/classes/java/main:/home/goankur/vsearch/util/lib/HdrHistogram.jar:/home/goankur/vsearch/util/src/main/build/classes/java/main:/home/goankur/vsearch/util/build perf.SearchPerfTest -dirImpl MMapDirectory -indexPath /home/goankur/vsearch/indices/wikimedium10m.lucene-A.facets.taxonomy:Date.taxonomy:Month.taxonomy:DayOfYear.sortedset:Date.sortedset:Month.sortedset:DayOfYear.taxonomy:RandomLabel.sortedset:RandomLabel.Lucene90.Lucene104.dvfields.nd10M -facets taxonomy:Date;Date -facets taxonomy:Month;Month -facets taxonomy:DayOfYear;DayOfYear -facets sortedset:Date;Date -facets sortedset:Month;Month -facets sortedset:DayOfYear;DayOfYear -facets taxonomy:RandomLabel;RandomLabel -facets sortedset:RandomLabel;RandomLabel -analyzer StandardAnalyzer -taskSource /home/goankur/vsearch/util/tasks/wikimedium.10M.nostopwords.tasks -numConcurrentQueries 5 -taskRepeatCount 20 -field body -tasksPerCat 1 -searchConcurrency -1 -staticSeed -4799930 -seed 84172 -similarity BM25Similarity -commit multi -hiliteImpl FastVectorHighlighter -log /home/goankur/vsearch/logs/FJAc.armA.12 -topN 100 -context  -pk -pollute
      9.5 s
      246.8 actual sustained QPS; -1.0 CPU cores used
    armJ:
      NOTE: using experimental CPU time profiler (see https://mostlynerdless.de/blog/2025/06/11/java-25s-new-cpu-time-profiler-1)
      log: /home/goankur/vsearch/logs/FJAc.armJ.12 + stdout
      run: /usr/bin/perf stat -dd -e task-clock,cycles,instructions,cache-references,cache-misses,L1-dcache-loads,L1-dcache-load-misses,L1-icache-loads,L1-icache-load-misses,LLC-loads,LLC-load-misses,LLC-stores,LLC-store-misses,LLC-prefetches,LLC-prefetch-misses,faults,minor-faults,major-faults,branches,branch-misses,stalled-cycles-frontend,stalled-cycles-backend /home/goankur/jdk/corretto-25/bin/java -server -Xms2g -Xmx2g --add-modules jdk.incubator.vector -XX:+HeapDumpOnOutOfMemoryError -XX:+UseParallelGC -XX:StartFlightRecording=jdk.CPUTimeSample#enabled=true,dumponexit=true,maxsize=250M,settings=/home/goankur/vsearch/util/src/python/profiling.jfc,filename=/home/goankur/vsearch/logs/bench-search-FJAc-armJ-12.jfr -XX:+UnlockDiagnosticVMOptions -XX:+DebugNonSafepoints -classpath /home/goankur/vsearch/bo/lucene-J/lucene/core/build/libs/lucene-core-11.0.0-SNAPSHOT.jar:/home/goankur/vsearch/bo/lucene-J/lucene/sandbox/build/classes/java/main:/home/goankur/vsearch/bo/lucene-J/lucene/misc/build/classes/java/main:/home/goankur/vsearch/bo/lucene-J/lucene/facet/build/classes/java/main:/home/goankur/vsearch/bo/lucene-J/lucene/analysis/common/build/classes/java/main:/home/goankur/vsearch/bo/lucene-J/lucene/analysis/icu/build/classes/java/main:/home/goankur/vsearch/bo/lucene-J/lucene/queryparser/build/classes/java/main:/home/goankur/vsearch/bo/lucene-J/lucene/grouping/build/classes/java/main:/home/goankur/vsearch/bo/lucene-J/lucene/suggest/build/classes/java/main:/home/goankur/vsearch/bo/lucene-J/lucene/highlighter/build/classes/java/main:/home/goankur/vsearch/bo/lucene-J/lucene/codecs/build/classes/java/main:/home/goankur/vsearch/bo/lucene-J/lucene/queries/build/classes/java/main:/home/goankur/vsearch/bo/lucene-J/lucene/join/build/classes/java/main:/home/goankur/vsearch/bo/lucene-J/lucene/spatial3d/build/classes/java/main:/home/goankur/vsearch/util/lib/HdrHistogram.jar:/home/goankur/vsearch/util/src/main/build/classes/java/main:/home/goankur/vsearch/util/build perf.SearchPerfTest -dirImpl MMapDirectory -indexPath /home/goankur/vsearch/indices/wikimedium10m.lucene-A.facets.taxonomy:Date.taxonomy:Month.taxonomy:DayOfYear.sortedset:Date.sortedset:Month.sortedset:DayOfYear.taxonomy:RandomLabel.sortedset:RandomLabel.Lucene90.Lucene104.dvfields.nd10M -facets taxonomy:Date;Date -facets taxonomy:Month;Month -facets taxonomy:DayOfYear;DayOfYear -facets sortedset:Date;Date -facets sortedset:Month;Month -facets sortedset:DayOfYear;DayOfYear -facets taxonomy:RandomLabel;RandomLabel -facets sortedset:RandomLabel;RandomLabel -analyzer StandardAnalyzer -taskSource /home/goankur/vsearch/util/tasks/wikimedium.10M.nostopwords.tasks -numConcurrentQueries 5 -taskRepeatCount 20 -field body -tasksPerCat 1 -searchConcurrency -1 -staticSeed -4799930 -seed 84172 -similarity BM25Similarity -commit multi -hiliteImpl FastVectorHighlighter -log /home/goankur/vsearch/logs/FJAc.armJ.12 -topN 100 -context  -pk -pollute
      9.5 s
      254.3 actual sustained QPS; -1.0 CPU cores used

Report after iter 12:
QPSChart.supported == False
                            Task     P50 B     P50 C     Diff     P90 B     P90 C     Diff     P99 B     P99 C     Diff    P999 B    P999 C     Diff    P100 B    P100 C     Diff
           ('AndHighHigh', None)     1.976     1.614   -18.3%     7.661     6.127   -20.0%    11.395     9.116   -20.0%    11.395     9.116   -20.0%    28.541    18.400   -35.5%
('AndHighHighDayTaxoFacets', None)    33.326    31.374    -5.9%    44.726    40.091   -10.4%    48.166    44.631    -7.3%    48.166    44.631    -7.3%   153.353   157.702     2.8%
            ('AndHighLow', None)     0.591     0.564    -4.6%     1.309     1.602    22.4%     1.766     1.628    -7.9%     1.766     1.628    -7.9%     4.835     1.912   -60.5%
            ('AndHighMed', None)     1.138     1.077    -5.4%     5.119     5.728    11.9%     7.892     6.516   -17.4%     7.892     6.516   -17.4%     9.326     8.590    -7.9%
('AndHighMedDayTaxoFacets', None)     3.593     3.941     9.7%     9.690     8.037   -17.1%    20.813    13.566   -34.8%    20.813    13.566   -34.8%    26.738    13.859   -48.2%
     ('AndMissingHigh', 'Title')     0.308     0.283    -8.2%     0.783     0.656   -16.2%     1.169     0.998   -14.6%     1.169     0.998   -14.6%     4.426     2.142   -51.6%
              ('BM25MSM2', None)    18.617    17.149    -7.9%    35.704    22.746   -36.3%    38.261    29.129   -23.9%    38.261    29.129   -23.9%   260.810   274.730     5.3%
  ('BrowseDateSSDVFacets', None)   366.845   319.413   -12.9%   465.296   347.732   -25.3%   529.706   394.238   -25.6%   529.706   394.238   -25.6%   534.952   494.752    -7.5%
  ('BrowseDateTaxoFacets', None)    63.728    63.858     0.2%    81.959    74.663    -8.9%   117.340    75.481   -35.7%   117.340    75.481   -35.7%   162.938    76.814   -52.9%
('BrowseDayOfYearSSDVFacets', None)    75.951    61.889   -18.5%   116.340    82.973   -28.7%   123.307   103.679   -15.9%   123.307   103.679   -15.9%   253.203   321.279    26.9%
('BrowseDayOfYearTaxoFacets', None)    62.846    60.690    -3.4%    78.127    72.166    -7.6%    80.800    74.816    -7.4%    80.800    74.816    -7.4%   264.383   248.073    -6.2%
 ('BrowseMonthSSDVFacets', None)    48.860    57.691    18.1%    55.058    77.225    40.3%    65.989    83.059    25.9%    65.989    83.059    25.9%   468.045   795.437    69.9%
 ('BrowseMonthTaxoFacets', None)    28.080    84.257   200.1%    30.157    94.061   211.9%    34.638   112.532   224.9%    34.638   112.532   224.9%   239.542   222.633    -7.1%
('BrowseRandomLabelSSDVFacets', None)    98.483    85.263   -13.4%   131.275   113.568   -13.5%   147.589   139.819    -5.3%   147.589   139.819    -5.3%   604.071   679.333    12.5%
('BrowseRandomLabelTaxoFacets', None)    77.751    81.083     4.3%   105.387   100.814    -4.3%   112.798   122.386     8.5%   112.798   122.386     8.5%   143.856   129.116   -10.2%
             ('ConstMSM2', None)     0.775     0.727    -6.2%     2.326     1.440   -38.1%     3.162    13.595   330.0%     3.162    13.595   330.0%    14.726    15.715     6.7%
                ('Fuzzy1', None)    11.145    11.055    -0.8%    16.364    22.107    35.1%    17.341    25.154    45.1%    17.341    25.154    45.1%   281.105   234.930   -16.4%
                ('Fuzzy2', None)    12.646    13.598     7.5%    19.944    18.656    -6.5%    33.853    42.586    25.8%    33.853    42.586    25.8%   200.802   177.733   -11.5%
  ('HighIntervalsOrdered', None)    15.491    15.150    -2.2%    29.023    28.677    -1.2%    33.480    32.326    -3.4%    33.480    32.326    -3.4%   221.069   122.720   -44.5%
            ('HighPhrase', None)     2.348     2.322    -1.1%     7.373     9.296    26.1%    16.447    12.088   -26.5%    16.447    12.088   -26.5%   120.750   120.733    -0.0%
      ('HighSloppyPhrase', None)     4.277     4.090    -4.4%     9.212     7.934   -13.9%    11.320    10.282    -9.2%    11.320    10.282    -9.2%    11.342    12.009     5.9%
          ('HighSpanNear', None)     7.015     6.797    -3.1%    15.681    14.923    -4.8%    21.015    17.755   -15.5%    21.015    17.755   -15.5%    44.130    32.831   -25.6%
              ('HighTerm', None)     0.853     0.940    10.2%     2.015     2.493    23.7%     2.991     2.656   -11.2%     2.991     2.656   -11.2%     4.579    20.866   355.7%
('HighTermDayOfYearSort', 'DayOfYear')     2.069     1.991    -3.8%     5.805     5.952     2.5%     9.802     9.903     1.0%     9.802     9.903     1.0%    38.121    41.882     9.9%
  ('HighTermMonthSort', 'Month')     0.795     0.722    -9.2%     1.459     3.297   126.0%     4.582     5.199    13.5%     4.582     5.199    13.5%    29.714     9.572   -67.8%
('HighTermTitleBDVSort', 'TitleBinary')    12.597    14.248    13.1%    25.772    25.281    -1.9%    48.970    40.716   -16.9%    48.970    40.716   -16.9%   126.495    98.875   -21.8%
  ('HighTermTitleSort', 'Title')     8.777     8.347    -4.9%    17.576    23.576    34.1%    42.969    30.541   -28.9%    42.969    30.541   -28.9%    66.749    82.868    24.1%
                ('IntNRQ', None)     1.021     0.977    -4.3%     5.592     6.025     7.7%     7.584    17.547   131.4%     7.584    17.547   131.4%    48.212    84.147    74.5%
                ('IntSet', None)     1.491     1.383    -7.3%     8.836     6.085   -31.1%    11.271    10.269    -8.9%    11.271    10.269    -8.9%    29.754    31.030     4.3%
   ('LowIntervalsOrdered', None)     4.552     4.580     0.6%     7.324     6.833    -6.7%     8.802    15.724    78.6%     8.802    15.724    78.6%   117.563    96.153   -18.2%
             ('LowPhrase', None)     9.182     9.286     1.1%    17.820    19.532     9.6%    18.628    19.620     5.3%    18.628    19.620     5.3%    20.123    25.646    27.4%
       ('LowSloppyPhrase', None)     4.700     4.441    -5.5%     9.676    11.389    17.7%    15.727    12.849   -18.3%    15.727    12.849   -18.3%    19.102    13.442   -29.6%
           ('LowSpanNear', None)     4.563     4.646     1.8%    12.225    17.390    42.2%    12.313    19.776    60.6%    12.313    19.776    60.6%    34.937    22.112   -36.7%
               ('LowTerm', None)     0.476     0.458    -3.7%     1.058     0.676   -36.1%     1.254     2.806   123.8%     1.254     2.806   123.8%    18.507     9.687   -47.7%
   ('MedIntervalsOrdered', None)     2.792     2.597    -7.0%     6.584     4.685   -28.8%     9.442     4.754   -49.7%     9.442     4.754   -49.7%    18.142    13.903   -23.4%
             ('MedPhrase', None)     7.186     7.722     7.5%    18.430    12.916   -29.9%    18.620    14.622   -21.5%    18.620    14.622   -21.5%   138.561   144.616     4.4%
       ('MedSloppyPhrase', None)     5.137     5.141     0.1%     9.972    11.159    11.9%    12.480    12.735     2.0%    12.480    12.735     2.0%    75.722    68.276    -9.8%
           ('MedSpanNear', None)     5.144     4.747    -7.7%    11.792    10.867    -7.8%    17.043    12.914   -24.2%    17.043    12.914   -24.2%    72.518    92.443    27.5%
               ('MedTerm', None)     0.635     0.702    10.6%     1.951     1.152   -41.0%    10.317     2.354   -77.2%    10.317     2.354   -77.2%    45.355    24.376   -46.3%
  ('MedTermDayTaxoFacets', None)    12.014    10.449   -13.0%    17.576    14.251   -18.9%    20.098    16.054   -20.1%    20.098    16.054   -20.1%    76.824    49.240   -35.9%
            ('OrHighHigh', None)     1.676     1.671    -0.4%     3.709     4.016     8.3%    15.127     7.011   -53.7%    15.127     7.011   -53.7%    16.352    21.787    33.2%
             ('OrHighLow', None)     0.943     0.893    -5.3%     2.005     1.886    -5.9%     3.090     2.964    -4.1%     3.090     2.964    -4.1%     3.255    12.688   289.8%
             ('OrHighMed', None)     0.957     0.968     1.1%     3.450     3.726     8.0%     3.611    14.722   307.7%     3.611    14.722   307.7%    18.262    24.939    36.6%
('OrHighMedDayTaxoFacets', None)    54.612    50.257    -8.0%    77.066    76.579    -0.6%   260.730   202.585   -22.3%   260.730   202.585   -22.3%   296.347   358.886    21.1%
         ('OrHighNotHigh', None)     1.178     1.259     6.9%     3.765     5.039    33.8%    10.321     7.181   -30.4%    10.321     7.181   -30.4%    15.546     7.991   -48.6%
          ('OrHighNotLow', None)     1.028     1.085     5.5%     4.274     3.445   -19.4%    10.205     4.178   -59.1%    10.205     4.178   -59.1%    19.636     4.973   -74.7%
          ('OrHighNotMed', None)     1.033     1.139    10.3%     4.348     2.378   -45.3%     6.419     2.423   -62.2%     6.419     2.423   -62.2%     7.076     4.429   -37.4%
         ('OrNotHighHigh', None)     1.157     1.207     4.3%     2.930     2.324   -20.7%     3.228     6.421    99.0%     3.228     6.421    99.0%     9.893     8.894   -10.1%
          ('OrNotHighLow', None)     0.636     0.659     3.7%     2.912     1.878   -35.5%     3.168     3.686    16.3%     3.168     3.686    16.3%    15.478     9.569   -38.2%
          ('OrNotHighMed', None)     0.971     1.011     4.1%     4.259     1.760   -58.7%    10.430     5.027   -51.8%    10.430     5.027   -51.8%    12.529     5.890   -53.0%
                   ('PKLookup',)     4.508     4.801     6.5%    10.499     8.970   -14.6%    10.878    11.586     6.5%    10.878    11.586     6.5%    28.408    28.075    -1.2%
               ('Prefix3', None)     0.936     0.984     5.2%     4.187     2.373   -43.3%     6.729     8.237    22.4%     6.729     8.237    22.4%    10.166    12.293    20.9%
                    ('Respell',)    16.109    13.907   -13.7%    20.712    24.348    17.6%    26.655    30.738    15.3%    26.655    30.738    15.3%   144.834   157.044     8.4%
('TermDateTimeSort', 'DateTime')     2.356     2.577     9.4%     8.223     8.189    -0.4%    11.668    10.126   -13.2%    11.668    10.126   -13.2%    55.887    49.493   -11.4%
              ('Wildcard', None)     2.810     2.600    -7.5%     5.764     9.753    69.2%     8.146    18.057   121.7%     8.146    18.057   121.7%    27.365    20.895   -23.6%
                 ('range', None)     0.173     0.202    16.4%     0.489     1.092   123.4%     0.589     1.380   134.2%     0.589     1.380   134.2%    27.398     3.637   -86.7%
                            Task    QPS armJ      StdDev    QPS armA      StdDev                Pct diff p-value
           BrowseMonthTaxoFacets       40.68      (7.4%)       34.57     (31.6%)  -15.0% ( -50% -   25%) 0.096
           BrowseMonthSSDVFacets       18.18     (12.5%)       17.12     (10.8%)   -5.9% ( -25% -   19%) 0.199
                   OrNotHighHigh      893.31      (8.3%)      847.52      (8.1%)   -5.1% ( -19% -   12%) 0.111
                    OrHighNotLow      947.88     (11.6%)      901.94     (10.4%)   -4.8% ( -24% -   19%) 0.262
                      AndHighMed     1025.54      (6.3%)      976.68      (5.4%)   -4.8% ( -15% -    7%) 0.039
                        PKLookup      224.45     (11.0%)      214.83     (11.2%)   -4.3% ( -23% -   20%) 0.324
                    OrHighNotMed      988.96     (10.9%)      946.74     (10.5%)   -4.3% ( -23% -   19%) 0.308
          OrHighMedDayTaxoFacets       20.30      (8.5%)       19.70      (4.3%)   -2.9% ( -14% -   10%) 0.266
                  AndMissingHigh     3809.88      (6.7%)     3704.58      (3.8%)   -2.8% ( -12% -    8%) 0.195
                           range     6356.48      (9.8%)     6194.31      (9.5%)   -2.6% ( -19% -   18%) 0.500
         AndHighMedDayTaxoFacets      280.41      (3.5%)      273.34      (3.3%)   -2.5% (  -9% -    4%) 0.061
            HighTermTitleBDVSort       79.48      (4.4%)       77.63      (4.3%)   -2.3% ( -10% -    6%) 0.175
                       OrHighMed     1123.05      (5.8%)     1100.08      (8.3%)   -2.0% ( -15% -   12%) 0.468
                          IntNRQ     1135.59      (7.7%)     1114.52      (9.7%)   -1.9% ( -17% -   16%) 0.589
                          Fuzzy1       88.06      (8.6%)       86.47      (7.2%)   -1.8% ( -16% -   15%) 0.564
                       MedPhrase      138.77      (3.7%)      136.42      (4.2%)   -1.7% (  -9% -    6%) 0.275
                         MedTerm     1617.99      (7.6%)     1591.80      (7.8%)   -1.6% ( -15% -   14%) 0.590
                         LowTerm     2398.61      (9.1%)     2360.79      (9.9%)   -1.6% ( -18% -   19%) 0.672
                 LowSloppyPhrase      230.00      (5.7%)      227.87      (6.8%)   -0.9% ( -12% -   12%) 0.705
     BrowseRandomLabelSSDVFacets       11.11      (6.9%)       11.01      (7.0%)   -0.9% ( -13% -   14%) 0.753
                        BM25MSM2       56.96      (3.8%)       56.71      (2.8%)   -0.4% (  -6% -    6%) 0.730
                          Fuzzy2       77.25      (6.0%)       77.03      (6.0%)   -0.3% ( -11% -   12%) 0.902
                          IntSet      706.10      (9.3%)      704.33      (9.8%)   -0.3% ( -17% -   20%) 0.947
                      HighPhrase      426.84      (3.6%)      426.16      (4.1%)   -0.2% (  -7% -    7%) 0.917
                      TermDTSort      465.97      (4.1%)      466.47      (4.3%)    0.1% (  -7% -    8%) 0.948
                   OrHighNotHigh      821.47     (11.4%)      822.94      (9.1%)    0.2% ( -18% -   23%) 0.965
                HighSloppyPhrase      253.73      (3.1%)      254.41      (5.2%)    0.3% (  -7% -    8%) 0.874
               HighTermTitleSort      121.92     (10.0%)      122.29      (8.4%)    0.3% ( -16% -   20%) 0.934
        AndHighHighDayTaxoFacets       32.04      (5.0%)       32.15      (5.6%)    0.3% (  -9% -   11%) 0.873
                     MedSpanNear      242.44     (10.6%)      243.41      (5.2%)    0.4% ( -13% -   18%) 0.903
            MedTermDayTaxoFacets       92.60      (6.6%)       93.33      (6.8%)    0.8% ( -11% -   15%) 0.762
               HighTermMonthSort     1536.41      (6.3%)     1550.27      (4.6%)    0.9% (  -9% -   12%) 0.678
                         Prefix3     1081.03      (7.4%)     1092.32      (7.8%)    1.0% ( -13% -   17%) 0.726
                        HighTerm     1141.59     (11.6%)     1154.10      (8.6%)    1.1% ( -17% -   24%) 0.784
                         Respell       64.82      (5.9%)       65.53      (6.5%)    1.1% ( -10% -   14%) 0.650
                 MedSloppyPhrase      199.86      (3.3%)      202.17      (1.7%)    1.2% (  -3% -    6%) 0.268
                       OrHighLow     1109.31      (5.9%)     1123.32      (7.2%)    1.3% ( -11% -   15%) 0.625
                    OrNotHighMed     1022.34      (5.4%)     1035.72      (4.6%)    1.3% (  -8% -   12%) 0.507
                     AndHighHigh      578.64     (10.3%)      587.05      (6.7%)    1.5% ( -14% -   20%) 0.669
           HighTermDayOfYearSort      471.83      (9.4%)      479.43      (5.4%)    1.6% ( -12% -   18%) 0.594
                       ConstMSM2     1353.60      (6.1%)     1376.13      (6.0%)    1.7% (  -9% -   14%) 0.483
                        Wildcard      381.71      (2.8%)      388.65      (3.9%)    1.8% (  -4% -    8%) 0.176
                      OrHighHigh      610.77      (6.3%)      621.93      (6.1%)    1.8% (  -9% -   15%) 0.451
                    HighSpanNear      153.14      (2.5%)      156.08      (3.8%)    1.9% (  -4% -    8%) 0.128
             MedIntervalsOrdered      355.29      (5.1%)      362.29      (4.1%)    2.0% (  -6% -   11%) 0.273
                    OrNotHighLow     1619.35      (5.0%)     1652.21      (6.3%)    2.0% (  -8% -   14%) 0.366
       BrowseDayOfYearSSDVFacets       15.50      (6.2%)       15.82     (12.3%)    2.1% ( -15% -   21%) 0.587
                       LowPhrase      109.79      (3.3%)      112.35      (3.1%)    2.3% (  -3% -    8%) 0.060
             LowIntervalsOrdered      206.99      (5.6%)      211.85      (5.7%)    2.3% (  -8% -   14%) 0.287
            HighIntervalsOrdered       62.68      (7.8%)       64.31      (4.9%)    2.6% (  -9% -   16%) 0.308
                     LowSpanNear      225.19      (6.5%)      231.75      (3.5%)    2.9% (  -6% -   13%) 0.154
            BrowseDateSSDVFacets        2.78      (6.1%)        2.92      (6.8%)    5.0% (  -7% -   19%) 0.051
                      AndHighLow     1827.13      (5.3%)     1932.77      (7.8%)    5.8% (  -6% -   20%) 0.028
     BrowseRandomLabelTaxoFacets       12.57      (4.9%)       15.18     (49.2%)   20.8% ( -31% -   78%) 0.129
            BrowseDateTaxoFacets       15.28      (5.7%)       19.60     (67.2%)   28.3% ( -42% -  107%) 0.131
       BrowseDayOfYearTaxoFacets       15.82      (5.6%)       20.52     (71.4%)   29.7% ( -44% -  113%) 0.134
  iter 13
    armJ:
      NOTE: using experimental CPU time profiler (see https://mostlynerdless.de/blog/2025/06/11/java-25s-new-cpu-time-profiler-1)
      log: /home/goankur/vsearch/logs/FJAc.armJ.13 + stdout
      run: /usr/bin/perf stat -dd -e task-clock,cycles,instructions,cache-references,cache-misses,L1-dcache-loads,L1-dcache-load-misses,L1-icache-loads,L1-icache-load-misses,LLC-loads,LLC-load-misses,LLC-stores,LLC-store-misses,LLC-prefetches,LLC-prefetch-misses,faults,minor-faults,major-faults,branches,branch-misses,stalled-cycles-frontend,stalled-cycles-backend /home/goankur/jdk/corretto-25/bin/java -server -Xms2g -Xmx2g --add-modules jdk.incubator.vector -XX:+HeapDumpOnOutOfMemoryError -XX:+UseParallelGC -XX:StartFlightRecording=jdk.CPUTimeSample#enabled=true,dumponexit=true,maxsize=250M,settings=/home/goankur/vsearch/util/src/python/profiling.jfc,filename=/home/goankur/vsearch/logs/bench-search-FJAc-armJ-13.jfr -XX:+UnlockDiagnosticVMOptions -XX:+DebugNonSafepoints -classpath /home/goankur/vsearch/bo/lucene-J/lucene/core/build/libs/lucene-core-11.0.0-SNAPSHOT.jar:/home/goankur/vsearch/bo/lucene-J/lucene/sandbox/build/classes/java/main:/home/goankur/vsearch/bo/lucene-J/lucene/misc/build/classes/java/main:/home/goankur/vsearch/bo/lucene-J/lucene/facet/build/classes/java/main:/home/goankur/vsearch/bo/lucene-J/lucene/analysis/common/build/classes/java/main:/home/goankur/vsearch/bo/lucene-J/lucene/analysis/icu/build/classes/java/main:/home/goankur/vsearch/bo/lucene-J/lucene/queryparser/build/classes/java/main:/home/goankur/vsearch/bo/lucene-J/lucene/grouping/build/classes/java/main:/home/goankur/vsearch/bo/lucene-J/lucene/suggest/build/classes/java/main:/home/goankur/vsearch/bo/lucene-J/lucene/highlighter/build/classes/java/main:/home/goankur/vsearch/bo/lucene-J/lucene/codecs/build/classes/java/main:/home/goankur/vsearch/bo/lucene-J/lucene/queries/build/classes/java/main:/home/goankur/vsearch/bo/lucene-J/lucene/join/build/classes/java/main:/home/goankur/vsearch/bo/lucene-J/lucene/spatial3d/build/classes/java/main:/home/goankur/vsearch/util/lib/HdrHistogram.jar:/home/goankur/vsearch/util/src/main/build/classes/java/main:/home/goankur/vsearch/util/build perf.SearchPerfTest -dirImpl MMapDirectory -indexPath /home/goankur/vsearch/indices/wikimedium10m.lucene-A.facets.taxonomy:Date.taxonomy:Month.taxonomy:DayOfYear.sortedset:Date.sortedset:Month.sortedset:DayOfYear.taxonomy:RandomLabel.sortedset:RandomLabel.Lucene90.Lucene104.dvfields.nd10M -facets taxonomy:Date;Date -facets taxonomy:Month;Month -facets taxonomy:DayOfYear;DayOfYear -facets sortedset:Date;Date -facets sortedset:Month;Month -facets sortedset:DayOfYear;DayOfYear -facets taxonomy:RandomLabel;RandomLabel -facets sortedset:RandomLabel;RandomLabel -analyzer StandardAnalyzer -taskSource /home/goankur/vsearch/util/tasks/wikimedium.10M.nostopwords.tasks -numConcurrentQueries 5 -taskRepeatCount 20 -field body -tasksPerCat 1 -searchConcurrency -1 -staticSeed -4799930 -seed -921400 -similarity BM25Similarity -commit multi -hiliteImpl FastVectorHighlighter -log /home/goankur/vsearch/logs/FJAc.armJ.13 -topN 100 -context  -pk -pollute
      9.4 s
      241.0 actual sustained QPS; -1.0 CPU cores used
    armA:
      NOTE: using experimental CPU time profiler (see https://mostlynerdless.de/blog/2025/06/11/java-25s-new-cpu-time-profiler-1)
      log: /home/goankur/vsearch/logs/FJAc.armA.13 + stdout
      run: /usr/bin/perf stat -dd -e task-clock,cycles,instructions,cache-references,cache-misses,L1-dcache-loads,L1-dcache-load-misses,L1-icache-loads,L1-icache-load-misses,LLC-loads,LLC-load-misses,LLC-stores,LLC-store-misses,LLC-prefetches,LLC-prefetch-misses,faults,minor-faults,major-faults,branches,branch-misses,stalled-cycles-frontend,stalled-cycles-backend /home/goankur/jdk/corretto-25/bin/java -server -Xms2g -Xmx2g --add-modules jdk.incubator.vector -XX:+HeapDumpOnOutOfMemoryError -XX:+UseParallelGC -XX:StartFlightRecording=jdk.CPUTimeSample#enabled=true,dumponexit=true,maxsize=250M,settings=/home/goankur/vsearch/util/src/python/profiling.jfc,filename=/home/goankur/vsearch/logs/bench-search-FJAc-armA-13.jfr -XX:+UnlockDiagnosticVMOptions -XX:+DebugNonSafepoints -classpath /home/goankur/vsearch/bo/lucene-A/lucene/core/build/libs/lucene-core-11.0.0-SNAPSHOT.jar:/home/goankur/vsearch/bo/lucene-A/lucene/sandbox/build/classes/java/main:/home/goankur/vsearch/bo/lucene-A/lucene/misc/build/classes/java/main:/home/goankur/vsearch/bo/lucene-A/lucene/facet/build/classes/java/main:/home/goankur/vsearch/bo/lucene-A/lucene/analysis/common/build/classes/java/main:/home/goankur/vsearch/bo/lucene-A/lucene/analysis/icu/build/classes/java/main:/home/goankur/vsearch/bo/lucene-A/lucene/queryparser/build/classes/java/main:/home/goankur/vsearch/bo/lucene-A/lucene/grouping/build/classes/java/main:/home/goankur/vsearch/bo/lucene-A/lucene/suggest/build/classes/java/main:/home/goankur/vsearch/bo/lucene-A/lucene/highlighter/build/classes/java/main:/home/goankur/vsearch/bo/lucene-A/lucene/codecs/build/classes/java/main:/home/goankur/vsearch/bo/lucene-A/lucene/queries/build/classes/java/main:/home/goankur/vsearch/bo/lucene-A/lucene/join/build/classes/java/main:/home/goankur/vsearch/bo/lucene-A/lucene/spatial3d/build/classes/java/main:/home/goankur/vsearch/util/lib/HdrHistogram.jar:/home/goankur/vsearch/util/src/main/build/classes/java/main:/home/goankur/vsearch/util/build perf.SearchPerfTest -dirImpl MMapDirectory -indexPath /home/goankur/vsearch/indices/wikimedium10m.lucene-A.facets.taxonomy:Date.taxonomy:Month.taxonomy:DayOfYear.sortedset:Date.sortedset:Month.sortedset:DayOfYear.taxonomy:RandomLabel.sortedset:RandomLabel.Lucene90.Lucene104.dvfields.nd10M -facets taxonomy:Date;Date -facets taxonomy:Month;Month -facets taxonomy:DayOfYear;DayOfYear -facets sortedset:Date;Date -facets sortedset:Month;Month -facets sortedset:DayOfYear;DayOfYear -facets taxonomy:RandomLabel;RandomLabel -facets sortedset:RandomLabel;RandomLabel -analyzer StandardAnalyzer -taskSource /home/goankur/vsearch/util/tasks/wikimedium.10M.nostopwords.tasks -numConcurrentQueries 5 -taskRepeatCount 20 -field body -tasksPerCat 1 -searchConcurrency -1 -staticSeed -4799930 -seed -921400 -similarity BM25Similarity -commit multi -hiliteImpl FastVectorHighlighter -log /home/goankur/vsearch/logs/FJAc.armA.13 -topN 100 -context  -pk -pollute
      9.3 s
      237.6 actual sustained QPS; -1.0 CPU cores used

Report after iter 13:
QPSChart.supported == False
                            Task     P50 B     P50 C     Diff     P90 B     P90 C     Diff     P99 B     P99 C     Diff    P999 B    P999 C     Diff    P100 B    P100 C     Diff
           ('AndHighHigh', None)     1.625     1.599    -1.6%     4.288     4.783    11.6%     5.316     5.051    -5.0%     5.316     5.051    -5.0%    67.148    22.851   -66.0%
('AndHighHighDayTaxoFacets', None)    31.915    33.285     4.3%    43.489    47.717     9.7%    45.694    53.694    17.5%    45.694    53.694    17.5%   177.220   172.360    -2.7%
            ('AndHighLow', None)     0.558     0.610     9.3%     1.468     1.581     7.7%     3.882     5.155    32.8%     3.882     5.155    32.8%    13.764    10.828   -21.3%
            ('AndHighMed', None)     0.995     0.996     0.1%     3.774     4.413    16.9%     4.081     5.192    27.2%     4.081     5.192    27.2%     4.528     8.413    85.8%
('AndHighMedDayTaxoFacets', None)     3.549     3.488    -1.7%     7.260     9.234    27.2%    12.685    23.418    84.6%    12.685    23.418    84.6%    23.506    28.679    22.0%
     ('AndMissingHigh', 'Title')     0.314     0.334     6.4%     1.658     0.980   -40.9%     3.791     1.233   -67.5%     3.791     1.233   -67.5%    12.965     1.360   -89.5%
              ('BM25MSM2', None)    17.228    17.199    -0.2%    20.617    27.807    34.9%    31.127    31.045    -0.3%    31.127    31.045    -0.3%   159.768   129.435   -19.0%
  ('BrowseDateSSDVFacets', None)   322.645   371.951    15.3%   363.248   445.136    22.5%   414.219   477.855    15.4%   414.219   477.855    15.4%   550.441   575.384     4.5%
  ('BrowseDateTaxoFacets', None)    70.053    64.124    -8.5%    85.874    75.776   -11.8%    87.335    78.398   -10.2%    87.335    78.398   -10.2%    95.470    79.733   -16.5%
('BrowseDayOfYearSSDVFacets', None)    69.725    66.179    -5.1%    83.855    92.096     9.8%    84.912    92.947     9.5%    84.912    92.947     9.5%   243.885   302.025    23.8%
('BrowseDayOfYearTaxoFacets', None)    71.324    60.490   -15.2%    88.783    75.829   -14.6%    96.460    75.855   -21.4%    96.460    75.855   -21.4%   104.002    75.954   -27.0%
 ('BrowseMonthSSDVFacets', None)    60.470    62.840     3.9%    77.929    84.383     8.3%    80.539    88.845    10.3%    80.539    88.845    10.3%    82.459   126.345    53.2%
 ('BrowseMonthTaxoFacets', None)    87.900    25.197   -71.3%    97.507    77.248   -20.8%   131.420    87.072   -33.7%   131.420    87.072   -33.7%   163.698   196.032    19.8%
('BrowseRandomLabelSSDVFacets', None)    88.013    96.383     9.5%   114.256   145.674    27.5%   146.179   156.578     7.1%   146.179   156.578     7.1%   214.073   181.258   -15.3%
('BrowseRandomLabelTaxoFacets', None)    86.354    81.021    -6.2%   104.494   104.016    -0.5%   104.572   111.234     6.4%   104.572   111.234     6.4%   373.377   345.380    -7.5%
             ('ConstMSM2', None)     0.791     0.745    -5.8%     1.266     1.667    31.7%     4.493     1.713   -61.9%     4.493     1.713   -61.9%    24.725    32.535    31.6%
                ('Fuzzy1', None)    12.902    10.276   -20.4%    14.992    25.689    71.3%    41.045    51.273    24.9%    41.045    51.273    24.9%   150.087   119.638   -20.3%
                ('Fuzzy2', None)    14.761    12.610   -14.6%    19.916    22.760    14.3%    47.803    37.145   -22.3%    47.803    37.145   -22.3%    47.911    56.391    17.7%
  ('HighIntervalsOrdered', None)    19.108    15.166   -20.6%    26.094    29.530    13.2%    34.006    30.279   -11.0%    34.006    30.279   -11.0%    68.046    64.086    -5.8%
            ('HighPhrase', None)     2.469     2.400    -2.8%     4.985     6.698    34.4%     6.617    15.271   130.8%     6.617    15.271   130.8%    70.759    68.426    -3.3%
      ('HighSloppyPhrase', None)     3.926     4.111     4.7%     6.577     7.469    13.6%     8.574     8.207    -4.3%     8.574     8.207    -4.3%    16.300     9.775   -40.0%
          ('HighSpanNear', None)     6.383     6.436     0.8%    11.850    12.618     6.5%    14.468    14.518     0.4%    14.468    14.518     0.4%    49.525    48.959    -1.1%
              ('HighTerm', None)     0.887     0.961     8.3%     2.859     2.809    -1.8%     3.160     2.844   -10.0%     3.160     2.844   -10.0%     9.166    20.448   123.1%
('HighTermDayOfYearSort', 'DayOfYear')     2.240     2.710    21.0%     6.791     9.852    45.1%     7.145    18.364   157.0%     7.145    18.364   157.0%   112.084   145.767    30.1%
  ('HighTermMonthSort', 'Month')     0.761     0.696    -8.5%     1.246     1.758    41.1%     1.354     2.513    85.6%     1.354     2.513    85.6%    20.600     4.286   -79.2%
('HighTermTitleBDVSort', 'TitleBinary')    14.980    13.610    -9.1%    20.947    27.201    29.9%    27.801    28.388     2.1%    27.801    28.388     2.1%   117.500    96.146   -18.2%
  ('HighTermTitleSort', 'Title')     9.526     9.665     1.5%    13.545    20.761    53.3%    32.213    33.744     4.8%    32.213    33.744     4.8%   167.934   138.982   -17.2%
                ('IntNRQ', None)     0.991     1.132    14.2%     2.445     3.332    36.3%     2.526     4.640    83.7%     2.526     4.640    83.7%    58.537    43.460   -25.8%
                ('IntSet', None)     1.529     1.281   -16.2%     8.132     7.245   -10.9%    15.210    19.288    26.8%    15.210    19.288    26.8%    44.030    29.116   -33.9%
   ('LowIntervalsOrdered', None)     5.426     4.839   -10.8%     8.794     9.276     5.5%    12.871    17.157    33.3%    12.871    17.157    33.3%    23.620    18.683   -20.9%
             ('LowPhrase', None)     9.457     9.736     3.0%    14.783    21.484    45.3%    15.561    26.000    67.1%    15.561    26.000    67.1%    39.340    36.083    -8.3%
       ('LowSloppyPhrase', None)     4.166     4.516     8.4%     9.567    10.314     7.8%    13.065    12.507    -4.3%    13.065    12.507    -4.3%    35.344    21.349   -39.6%
           ('LowSpanNear', None)     4.296     4.322     0.6%     9.230     8.982    -2.7%    11.498     9.643   -16.1%    11.498     9.643   -16.1%    27.975    61.416   119.5%
               ('LowTerm', None)     0.427     0.432     1.2%     0.767     1.099    43.2%     1.420     1.138   -19.8%     1.420     1.138   -19.8%    81.114    62.662   -22.7%
   ('MedIntervalsOrdered', None)     2.946     2.649   -10.1%     7.584     5.875   -22.5%    11.143    15.721    41.1%    11.143    15.721    41.1%    94.670    59.526   -37.1%
             ('MedPhrase', None)     7.167     7.357     2.7%    19.389    17.779    -8.3%    29.557    28.856    -2.4%    29.557    28.856    -2.4%    47.424    44.257    -6.7%
       ('MedSloppyPhrase', None)     4.851     4.901     1.0%     7.535    10.024    33.0%    11.513    12.681    10.1%    11.513    12.681    10.1%    67.004    62.243    -7.1%
           ('MedSpanNear', None)     4.149     4.293     3.5%     7.636     6.552   -14.2%    11.980     8.579   -28.4%    11.980     8.579   -28.4%    70.851    73.963     4.4%
               ('MedTerm', None)     0.628     0.649     3.4%     1.346     1.430     6.2%     1.637     1.803    10.2%     1.637     1.803    10.2%     3.254     3.525     8.3%
  ('MedTermDayTaxoFacets', None)    11.651    10.979    -5.8%    14.706    17.179    16.8%    33.860    24.062   -28.9%    33.860    24.062   -28.9%   197.890   192.786    -2.6%
            ('OrHighHigh', None)     1.618     1.524    -5.8%     3.760     4.215    12.1%     6.085     5.496    -9.7%     6.085     5.496    -9.7%    10.658    10.738     0.8%
             ('OrHighLow', None)     0.988     0.870   -11.9%     1.759     1.247   -29.1%     2.461     2.176   -11.6%     2.461     2.176   -11.6%    69.531    59.404   -14.6%
             ('OrHighMed', None)     1.040     0.968    -6.9%     2.793     3.037     8.7%    10.669     3.170   -70.3%    10.669     3.170   -70.3%   228.447   189.167   -17.2%
('OrHighMedDayTaxoFacets', None)    56.204    51.174    -8.9%    68.223    69.953     2.5%   159.451   170.424     6.9%   159.451   170.424     6.9%   467.487   454.263    -2.8%
         ('OrHighNotHigh', None)     1.223     1.318     7.8%     4.368     2.533   -42.0%     4.460     5.920    32.8%     4.460     5.920    32.8%    27.728     9.461   -65.9%
          ('OrHighNotLow', None)     1.121     1.194     6.5%     2.817     2.104   -25.3%     3.743     2.254   -39.8%     3.743     2.254   -39.8%    13.638     2.313   -83.0%
          ('OrHighNotMed', None)     1.241     1.303     5.0%     2.242     4.239    89.1%    17.624     4.665   -73.5%    17.624     4.665   -73.5%    25.096     9.236   -63.2%
         ('OrNotHighHigh', None)     1.125     1.139     1.3%     4.007     2.972   -25.8%     8.120     3.242   -60.1%     8.120     3.242   -60.1%   219.004   161.926   -26.1%
          ('OrNotHighLow', None)     0.713     0.783     9.8%     1.805     2.129    17.9%     2.516     3.182    26.5%     2.516     3.182    26.5%     4.144    42.468   924.8%
          ('OrNotHighMed', None)     1.185     1.151    -2.9%     2.879     3.483    21.0%     4.106     4.663    13.6%     4.106     4.663    13.6%    22.283    13.131   -41.1%
                   ('PKLookup',)     4.465     5.242    17.4%    10.145     8.892   -12.4%    24.777    11.654   -53.0%    24.777    11.654   -53.0%    25.638    17.535   -31.6%
               ('Prefix3', None)     0.811     0.884     9.0%     3.893     4.736    21.6%     4.048    11.818   191.9%     4.048    11.818   191.9%    25.886    21.753   -16.0%
                    ('Respell',)    17.439    15.945    -8.6%    23.526    24.331     3.4%    25.132    40.542    61.3%    25.132    40.542    61.3%   252.017   220.803   -12.4%
('TermDateTimeSort', 'DateTime')     2.186     2.305     5.5%    11.761     9.584   -18.5%    19.638    10.340   -47.3%    19.638    10.340   -47.3%    26.746    32.090    20.0%
              ('Wildcard', None)     2.819     3.103    10.1%     5.137    12.743   148.1%     5.337    15.801   196.1%     5.337    15.801   196.1%    32.605    16.812   -48.4%
                 ('range', None)     0.189     0.210    11.4%     0.499     0.366   -26.7%     0.594     0.701    17.9%     0.594     0.701    17.9%     0.748     4.869   550.6%
                            Task    QPS armJ      StdDev    QPS armA      StdDev                Pct diff p-value
           BrowseMonthTaxoFacets       38.60     (21.5%)       35.14     (32.5%)   -9.0% ( -51% -   57%) 0.390
           BrowseMonthSSDVFacets       18.12     (12.1%)       17.05     (10.5%)   -5.9% ( -25% -   18%) 0.169
                   OrNotHighHigh      896.98      (8.1%)      850.98      (7.9%)   -5.1% ( -19% -   11%) 0.090
                        PKLookup      225.06     (10.6%)      214.39     (10.7%)   -4.7% ( -23% -   18%) 0.239
                      AndHighMed     1028.11      (6.2%)      980.27      (5.3%)   -4.7% ( -15% -    7%) 0.033
                    OrHighNotLow      944.28     (11.3%)      905.64     (10.1%)   -4.1% ( -22% -   19%) 0.313
                    OrHighNotMed      984.42     (10.6%)      946.29     (10.1%)   -3.9% ( -22% -   18%) 0.323
                           range     6312.54      (9.9%)     6119.89     (10.2%)   -3.1% ( -21% -   18%) 0.420
                  AndMissingHigh     3777.05      (7.3%)     3671.25      (4.9%)   -2.8% ( -13% -   10%) 0.233
          OrHighMedDayTaxoFacets       20.19      (8.4%)       19.73      (4.2%)   -2.3% ( -13% -   11%) 0.364
         AndHighMedDayTaxoFacets      280.70      (3.4%)      274.51      (3.5%)   -2.2% (  -8% -    4%) 0.094
            HighTermTitleBDVSort       79.18      (4.5%)       77.65      (4.1%)   -1.9% ( -10% -    7%) 0.235
                         LowTerm     2408.03      (8.8%)     2365.32      (9.5%)   -1.8% ( -18% -   18%) 0.608
                          IntNRQ     1129.90      (7.7%)     1109.92      (9.5%)   -1.8% ( -17% -   16%) 0.588
                       MedPhrase      138.92      (3.5%)      136.47      (4.1%)   -1.8% (  -9% -    6%) 0.222
                         MedTerm     1619.03      (7.3%)     1593.94      (7.5%)   -1.5% ( -15% -   14%) 0.578
                 LowSloppyPhrase      231.22      (5.8%)      227.88      (6.5%)   -1.4% ( -12% -   11%) 0.534
                       OrHighMed     1117.40      (5.9%)     1102.30      (8.1%)   -1.4% ( -14% -   13%) 0.614
     BrowseRandomLabelSSDVFacets       11.13      (6.7%)       10.99      (6.8%)   -1.3% ( -13% -   13%) 0.608
                        BM25MSM2       57.14      (3.8%)       56.96      (3.1%)   -0.3% (  -6% -    6%) 0.807
                      TermDTSort      467.40      (4.1%)      466.38      (4.1%)   -0.2% (  -8% -    8%) 0.889
                          Fuzzy1       87.52      (8.6%)       87.42      (8.1%)   -0.1% ( -15% -   18%) 0.972
               HighTermTitleSort      121.26      (9.9%)      121.24      (8.7%)   -0.0% ( -16% -   20%) 0.996
                      HighPhrase      426.41      (3.5%)      426.44      (4.0%)    0.0% (  -7% -    7%) 0.997
                HighSloppyPhrase      254.36      (3.1%)      254.39      (5.0%)    0.0% (  -7% -    8%) 0.994
        AndHighHighDayTaxoFacets       32.08      (4.8%)       32.09      (5.4%)    0.0% (  -9% -   10%) 0.987
                   OrHighNotHigh      823.36     (10.9%)      825.29      (8.8%)    0.2% ( -17% -   22%) 0.950
           HighTermDayOfYearSort      471.94      (9.1%)      473.12      (7.2%)    0.2% ( -14% -   18%) 0.936
                     MedSpanNear      243.25     (10.2%)      243.87      (5.1%)    0.3% ( -13% -   17%) 0.933
                          IntSet      709.38      (9.1%)      711.25     (10.0%)    0.3% ( -17% -   21%) 0.942
                        HighTerm     1142.61     (11.1%)     1147.86      (8.5%)    0.5% ( -17% -   22%) 0.902
                          Fuzzy2       77.18      (5.8%)       77.62      (6.5%)    0.6% ( -11% -   13%) 0.808
                         Prefix3     1093.58      (8.2%)     1101.74      (8.1%)    0.7% ( -14% -   18%) 0.809
            MedTermDayTaxoFacets       92.45      (6.4%)       93.23      (6.5%)    0.8% ( -11% -   14%) 0.731
                 MedSloppyPhrase      200.52      (3.4%)      202.41      (1.7%)    0.9% (  -4% -    6%) 0.358
                    OrNotHighMed     1013.42      (6.2%)     1024.68      (6.1%)    1.1% ( -10% -   14%) 0.632
                        Wildcard      380.97      (2.8%)      386.47      (4.4%)    1.4% (  -5% -    8%) 0.297
                     AndHighHigh      582.26     (10.1%)      590.67      (6.8%)    1.4% ( -14% -   20%) 0.657
               HighTermMonthSort     1523.69      (6.9%)     1548.34      (4.5%)    1.6% (  -9% -   13%) 0.461
                         Respell       64.60      (5.8%)       65.69      (6.3%)    1.7% (  -9% -   14%) 0.466
                    HighSpanNear      153.69      (2.7%)      156.30      (3.7%)    1.7% (  -4% -    8%) 0.165
                       OrHighLow     1107.05      (5.7%)     1126.56      (7.1%)    1.8% ( -10% -   15%) 0.467
                       LowPhrase      109.62      (3.2%)      111.78      (3.5%)    2.0% (  -4% -    8%) 0.123
                       ConstMSM2     1352.11      (5.9%)     1380.41      (5.9%)    2.1% (  -9% -   14%) 0.347
       BrowseDayOfYearSSDVFacets       15.44      (6.1%)       15.77     (11.9%)    2.1% ( -15% -   21%) 0.558
                    OrNotHighLow     1605.10      (5.9%)     1640.32      (6.7%)    2.2% (  -9% -   15%) 0.359
                      OrHighHigh      611.98      (6.1%)      625.79      (6.3%)    2.3% (  -9% -   15%) 0.334
             MedIntervalsOrdered      354.53      (4.9%)      363.51      (4.1%)    2.5% (  -6% -   12%) 0.140
                     LowSpanNear      225.98      (6.4%)      231.98      (3.3%)    2.7% (  -6% -   13%) 0.167
             LowIntervalsOrdered      205.68      (5.9%)      212.28      (5.5%)    3.2% (  -7% -   15%) 0.137
            BrowseDateSSDVFacets        2.80      (6.6%)        2.90      (6.8%)    3.6% (  -9% -   18%) 0.157
            HighIntervalsOrdered       62.00      (8.6%)       64.45      (4.8%)    4.0% (  -8% -   19%) 0.134
                      AndHighLow     1828.39      (5.1%)     1930.40      (7.5%)    5.6% (  -6% -   19%) 0.022
     BrowseRandomLabelTaxoFacets       12.57      (4.7%)       15.01     (47.5%)   19.4% ( -31% -   75%) 0.129
            BrowseDateTaxoFacets       15.29      (5.4%)       19.31     (64.9%)   26.3% ( -41% -  102%) 0.130
       BrowseDayOfYearTaxoFacets       15.83      (5.4%)       20.25     (68.9%)   28.0% ( -43% -  107%) 0.130
  iter 14
    armA:
      NOTE: using experimental CPU time profiler (see https://mostlynerdless.de/blog/2025/06/11/java-25s-new-cpu-time-profiler-1)
      log: /home/goankur/vsearch/logs/FJAc.armA.14 + stdout
      run: /usr/bin/perf stat -dd -e task-clock,cycles,instructions,cache-references,cache-misses,L1-dcache-loads,L1-dcache-load-misses,L1-icache-loads,L1-icache-load-misses,LLC-loads,LLC-load-misses,LLC-stores,LLC-store-misses,LLC-prefetches,LLC-prefetch-misses,faults,minor-faults,major-faults,branches,branch-misses,stalled-cycles-frontend,stalled-cycles-backend /home/goankur/jdk/corretto-25/bin/java -server -Xms2g -Xmx2g --add-modules jdk.incubator.vector -XX:+HeapDumpOnOutOfMemoryError -XX:+UseParallelGC -XX:StartFlightRecording=jdk.CPUTimeSample#enabled=true,dumponexit=true,maxsize=250M,settings=/home/goankur/vsearch/util/src/python/profiling.jfc,filename=/home/goankur/vsearch/logs/bench-search-FJAc-armA-14.jfr -XX:+UnlockDiagnosticVMOptions -XX:+DebugNonSafepoints -classpath /home/goankur/vsearch/bo/lucene-A/lucene/core/build/libs/lucene-core-11.0.0-SNAPSHOT.jar:/home/goankur/vsearch/bo/lucene-A/lucene/sandbox/build/classes/java/main:/home/goankur/vsearch/bo/lucene-A/lucene/misc/build/classes/java/main:/home/goankur/vsearch/bo/lucene-A/lucene/facet/build/classes/java/main:/home/goankur/vsearch/bo/lucene-A/lucene/analysis/common/build/classes/java/main:/home/goankur/vsearch/bo/lucene-A/lucene/analysis/icu/build/classes/java/main:/home/goankur/vsearch/bo/lucene-A/lucene/queryparser/build/classes/java/main:/home/goankur/vsearch/bo/lucene-A/lucene/grouping/build/classes/java/main:/home/goankur/vsearch/bo/lucene-A/lucene/suggest/build/classes/java/main:/home/goankur/vsearch/bo/lucene-A/lucene/highlighter/build/classes/java/main:/home/goankur/vsearch/bo/lucene-A/lucene/codecs/build/classes/java/main:/home/goankur/vsearch/bo/lucene-A/lucene/queries/build/classes/java/main:/home/goankur/vsearch/bo/lucene-A/lucene/join/build/classes/java/main:/home/goankur/vsearch/bo/lucene-A/lucene/spatial3d/build/classes/java/main:/home/goankur/vsearch/util/lib/HdrHistogram.jar:/home/goankur/vsearch/util/src/main/build/classes/java/main:/home/goankur/vsearch/util/build perf.SearchPerfTest -dirImpl MMapDirectory -indexPath /home/goankur/vsearch/indices/wikimedium10m.lucene-A.facets.taxonomy:Date.taxonomy:Month.taxonomy:DayOfYear.sortedset:Date.sortedset:Month.sortedset:DayOfYear.taxonomy:RandomLabel.sortedset:RandomLabel.Lucene90.Lucene104.dvfields.nd10M -facets taxonomy:Date;Date -facets taxonomy:Month;Month -facets taxonomy:DayOfYear;DayOfYear -facets sortedset:Date;Date -facets sortedset:Month;Month -facets sortedset:DayOfYear;DayOfYear -facets taxonomy:RandomLabel;RandomLabel -facets sortedset:RandomLabel;RandomLabel -analyzer StandardAnalyzer -taskSource /home/goankur/vsearch/util/tasks/wikimedium.10M.nostopwords.tasks -numConcurrentQueries 5 -taskRepeatCount 20 -field body -tasksPerCat 1 -searchConcurrency -1 -staticSeed -4799930 -seed -6778623 -similarity BM25Similarity -commit multi -hiliteImpl FastVectorHighlighter -log /home/goankur/vsearch/logs/FJAc.armA.14 -topN 100 -context  -pk -pollute
      9.5 s
      248.5 actual sustained QPS; -1.0 CPU cores used
    armJ:
      NOTE: using experimental CPU time profiler (see https://mostlynerdless.de/blog/2025/06/11/java-25s-new-cpu-time-profiler-1)
      log: /home/goankur/vsearch/logs/FJAc.armJ.14 + stdout
      run: /usr/bin/perf stat -dd -e task-clock,cycles,instructions,cache-references,cache-misses,L1-dcache-loads,L1-dcache-load-misses,L1-icache-loads,L1-icache-load-misses,LLC-loads,LLC-load-misses,LLC-stores,LLC-store-misses,LLC-prefetches,LLC-prefetch-misses,faults,minor-faults,major-faults,branches,branch-misses,stalled-cycles-frontend,stalled-cycles-backend /home/goankur/jdk/corretto-25/bin/java -server -Xms2g -Xmx2g --add-modules jdk.incubator.vector -XX:+HeapDumpOnOutOfMemoryError -XX:+UseParallelGC -XX:StartFlightRecording=jdk.CPUTimeSample#enabled=true,dumponexit=true,maxsize=250M,settings=/home/goankur/vsearch/util/src/python/profiling.jfc,filename=/home/goankur/vsearch/logs/bench-search-FJAc-armJ-14.jfr -XX:+UnlockDiagnosticVMOptions -XX:+DebugNonSafepoints -classpath /home/goankur/vsearch/bo/lucene-J/lucene/core/build/libs/lucene-core-11.0.0-SNAPSHOT.jar:/home/goankur/vsearch/bo/lucene-J/lucene/sandbox/build/classes/java/main:/home/goankur/vsearch/bo/lucene-J/lucene/misc/build/classes/java/main:/home/goankur/vsearch/bo/lucene-J/lucene/facet/build/classes/java/main:/home/goankur/vsearch/bo/lucene-J/lucene/analysis/common/build/classes/java/main:/home/goankur/vsearch/bo/lucene-J/lucene/analysis/icu/build/classes/java/main:/home/goankur/vsearch/bo/lucene-J/lucene/queryparser/build/classes/java/main:/home/goankur/vsearch/bo/lucene-J/lucene/grouping/build/classes/java/main:/home/goankur/vsearch/bo/lucene-J/lucene/suggest/build/classes/java/main:/home/goankur/vsearch/bo/lucene-J/lucene/highlighter/build/classes/java/main:/home/goankur/vsearch/bo/lucene-J/lucene/codecs/build/classes/java/main:/home/goankur/vsearch/bo/lucene-J/lucene/queries/build/classes/java/main:/home/goankur/vsearch/bo/lucene-J/lucene/join/build/classes/java/main:/home/goankur/vsearch/bo/lucene-J/lucene/spatial3d/build/classes/java/main:/home/goankur/vsearch/util/lib/HdrHistogram.jar:/home/goankur/vsearch/util/src/main/build/classes/java/main:/home/goankur/vsearch/util/build perf.SearchPerfTest -dirImpl MMapDirectory -indexPath /home/goankur/vsearch/indices/wikimedium10m.lucene-A.facets.taxonomy:Date.taxonomy:Month.taxonomy:DayOfYear.sortedset:Date.sortedset:Month.sortedset:DayOfYear.taxonomy:RandomLabel.sortedset:RandomLabel.Lucene90.Lucene104.dvfields.nd10M -facets taxonomy:Date;Date -facets taxonomy:Month;Month -facets taxonomy:DayOfYear;DayOfYear -facets sortedset:Date;Date -facets sortedset:Month;Month -facets sortedset:DayOfYear;DayOfYear -facets taxonomy:RandomLabel;RandomLabel -facets sortedset:RandomLabel;RandomLabel -analyzer StandardAnalyzer -taskSource /home/goankur/vsearch/util/tasks/wikimedium.10M.nostopwords.tasks -numConcurrentQueries 5 -taskRepeatCount 20 -field body -tasksPerCat 1 -searchConcurrency -1 -staticSeed -4799930 -seed -6778623 -similarity BM25Similarity -commit multi -hiliteImpl FastVectorHighlighter -log /home/goankur/vsearch/logs/FJAc.armJ.14 -topN 100 -context  -pk -pollute
      9.3 s
      237.1 actual sustained QPS; -1.0 CPU cores used

Report after iter 14:
QPSChart.supported == False
                            Task     P50 B     P50 C     Diff     P90 B     P90 C     Diff     P99 B     P99 C     Diff    P999 B    P999 C     Diff    P100 B    P100 C     Diff
           ('AndHighHigh', None)     1.628     1.682     3.3%     4.310     7.990    85.4%     4.748     9.347    96.9%     4.748     9.347    96.9%     7.517    26.202   248.6%
('AndHighHighDayTaxoFacets', None)    36.028    34.714    -3.6%    37.707    49.536    31.4%    56.142   125.074   122.8%    56.142   125.074   122.8%   203.763   232.591    14.1%
            ('AndHighLow', None)     0.474     0.509     7.3%     1.055     1.459    38.2%     2.139     2.049    -4.2%     2.139     2.049    -4.2%   106.147    89.981   -15.2%
            ('AndHighMed', None)     0.972     1.129    16.2%     3.642     5.178    42.1%     9.150     5.300   -42.1%     9.150     5.300   -42.1%     9.295     6.546   -29.6%
('AndHighMedDayTaxoFacets', None)     3.541     3.506    -1.0%     8.698    14.200    63.2%    11.218    15.363    36.9%    11.218    15.363    36.9%   112.665   106.304    -5.6%
     ('AndMissingHigh', 'Title')     0.271     0.278     2.8%     0.593     0.839    41.6%     0.721     0.843    16.9%     0.721     0.843    16.9%     2.773     1.851   -33.3%
              ('BM25MSM2', None)    18.029    18.743     4.0%    42.336    35.305   -16.6%    44.738    38.523   -13.9%    44.738    38.523   -13.9%   217.307   141.091   -35.1%
  ('BrowseDateSSDVFacets', None)   329.306   329.241    -0.0%   387.148   367.640    -5.0%   394.649   391.532    -0.8%   394.649   391.532    -0.8%   558.719   702.525    25.7%
  ('BrowseDateTaxoFacets', None)    73.731    68.312    -7.4%    89.742    88.721    -1.1%    93.498   101.930     9.0%    93.498   101.930     9.0%   139.956   125.750   -10.2%
('BrowseDayOfYearSSDVFacets', None)    73.517    64.702   -12.0%    91.430    82.044   -10.3%   111.900    84.136   -24.8%   111.900    84.136   -24.8%   126.184   289.335   129.3%
('BrowseDayOfYearTaxoFacets', None)    65.754    64.069    -2.6%    86.934    85.498    -1.7%    91.258    88.903    -2.6%    91.258    88.903    -2.6%    95.671   128.210    34.0%
 ('BrowseMonthSSDVFacets', None)    60.863    59.934    -1.5%    77.763    71.554    -8.0%    88.009    80.925    -8.0%    88.009    80.925    -8.0%    95.667   132.038    38.0%
 ('BrowseMonthTaxoFacets', None)    86.047    88.876     3.3%    94.745    97.695     3.1%   100.153    98.864    -1.3%   100.153    98.864    -1.3%   220.337   186.358   -15.4%
('BrowseRandomLabelSSDVFacets', None)    92.831    76.904   -17.2%   123.667   115.768    -6.4%   164.862   145.300   -11.9%   164.862   145.300   -11.9%   300.228   829.104   176.2%
('BrowseRandomLabelTaxoFacets', None)    85.500    85.901     0.5%   106.540   112.989     6.1%   119.789   142.042    18.6%   119.789   142.042    18.6%   241.796   224.395    -7.2%
             ('ConstMSM2', None)     0.687     0.721     5.0%     1.499     1.239   -17.3%     1.542     2.565    66.3%     1.542     2.565    66.3%    30.938    38.401    24.1%
                ('Fuzzy1', None)    11.759    13.043    10.9%    16.912    27.654    63.5%    40.477    57.221    41.4%    40.477    57.221    41.4%   125.909    82.628   -34.4%
                ('Fuzzy2', None)    13.541    12.008   -11.3%    25.846    29.902    15.7%    30.010    31.412     4.7%    30.010    31.412     4.7%    96.206    59.975   -37.7%
  ('HighIntervalsOrdered', None)    15.760    15.035    -4.6%    29.659    22.913   -22.7%    57.278    35.311   -38.4%    57.278    35.311   -38.4%   110.678    76.479   -30.9%
            ('HighPhrase', None)     2.319     2.304    -0.6%     4.534     6.423    41.7%     6.698    24.784   270.0%     6.698    24.784   270.0%   145.234   135.486    -6.7%
      ('HighSloppyPhrase', None)     4.557     4.244    -6.9%     9.395     9.990     6.3%    11.665    10.196   -12.6%    11.665    10.196   -12.6%    17.715    18.046     1.9%
          ('HighSpanNear', None)     6.479     7.130    10.0%    11.627    19.026    63.6%    17.316    20.056    15.8%    17.316    20.056    15.8%    17.594    20.857    18.5%
              ('HighTerm', None)     0.917     0.897    -2.2%     1.708     2.240    31.1%     2.808     2.661    -5.2%     2.808     2.661    -5.2%     4.381     3.941   -10.1%
('HighTermDayOfYearSort', 'DayOfYear')     2.290     2.351     2.7%     4.860     9.149    88.2%    11.036     9.857   -10.7%    11.036     9.857   -10.7%    43.373    47.510     9.5%
  ('HighTermMonthSort', 'Month')     0.674     0.664    -1.5%     1.202     1.651    37.4%     2.795     1.873   -33.0%     2.795     1.873   -33.0%    21.410    17.061   -20.3%
('HighTermTitleBDVSort', 'TitleBinary')    13.082    12.549    -4.1%    19.297    19.289    -0.0%    56.738    42.881   -24.4%    56.738    42.881   -24.4%   136.342    83.323   -38.9%
  ('HighTermTitleSort', 'Title')     9.782     8.240   -15.8%    14.029    24.416    74.0%    27.068    42.478    56.9%    27.068    42.478    56.9%   131.967    81.340   -38.4%
                ('IntNRQ', None)     0.921     0.877    -4.8%     7.785     1.956   -74.9%     9.896     4.835   -51.1%     9.896     4.835   -51.1%    74.395    89.058    19.7%
                ('IntSet', None)     1.970     1.445   -26.6%     3.428     3.637     6.1%    15.169    13.153   -13.3%    15.169    13.153   -13.3%    59.565    62.677     5.2%
   ('LowIntervalsOrdered', None)     4.529     5.003    10.5%     7.112     8.497    19.5%     7.888     8.608     9.1%     7.888     8.608     9.1%    15.387    11.545   -25.0%
             ('LowPhrase', None)     8.992     9.707     7.9%    11.179    19.752    76.7%    21.729    21.564    -0.8%    21.729    21.564    -0.8%    35.428    43.217    22.0%
       ('LowSloppyPhrase', None)     5.811     4.935   -15.1%    10.148    10.636     4.8%    14.474    14.644     1.2%    14.474    14.644     1.2%    37.181    29.157   -21.6%
           ('LowSpanNear', None)     5.303     4.922    -7.2%    10.225    10.461     2.3%    24.138    27.353    13.3%    24.138    27.353    13.3%    36.723    36.094    -1.7%
               ('LowTerm', None)     0.485     0.428   -11.7%     1.080     0.956   -11.5%     1.393     1.219   -12.5%     1.393     1.219   -12.5%     3.487     1.925   -44.8%
   ('MedIntervalsOrdered', None)     2.760     2.695    -2.3%     6.184     6.496     5.1%     6.387     6.777     6.1%     6.387     6.777     6.1%     7.231     8.228    13.8%
             ('MedPhrase', None)     7.376     7.174    -2.7%    11.610    15.983    37.7%    17.667    21.942    24.2%    17.667    21.942    24.2%    43.761    49.688    13.5%
       ('MedSloppyPhrase', None)     5.262     4.837    -8.1%    14.081    11.917   -15.4%    24.433    14.453   -40.8%    24.433    14.453   -40.8%    90.345    78.294   -13.3%
           ('MedSpanNear', None)     4.186     4.164    -0.5%     7.045     8.904    26.4%     9.903     9.506    -4.0%     9.903     9.506    -4.0%    73.952    76.957     4.1%
               ('MedTerm', None)     0.670     0.564   -15.9%     3.033     2.302   -24.1%     3.399     2.810   -17.3%     3.399     2.810   -17.3%     4.698     3.910   -16.8%
  ('MedTermDayTaxoFacets', None)    11.474    10.385    -9.5%    14.824    24.244    63.5%    26.415    25.061    -5.1%    26.415    25.061    -5.1%    26.606    26.249    -1.3%
            ('OrHighHigh', None)     1.527     1.527     0.0%     5.284     5.030    -4.8%     5.301     5.137    -3.1%     5.301     5.137    -3.1%    74.248    80.227     8.1%
             ('OrHighLow', None)     0.936     0.892    -4.7%     2.160     2.176     0.7%     2.196     5.436   147.5%     2.196     5.436   147.5%     2.413    23.975   893.4%
             ('OrHighMed', None)     0.940     0.897    -4.6%     1.777     2.345    32.0%     4.724     4.267    -9.7%     4.724     4.267    -9.7%   111.740    52.328   -53.2%
('OrHighMedDayTaxoFacets', None)    53.605    53.479    -0.2%    69.981   146.402   109.2%   228.151   224.810    -1.5%   228.151   224.810    -1.5%   284.031   268.252    -5.6%
         ('OrHighNotHigh', None)     1.314     1.213    -7.7%     2.619     4.888    86.6%     4.987    13.471   170.1%     4.987    13.471   170.1%    32.979    23.772   -27.9%
          ('OrHighNotLow', None)     1.043     1.174    12.6%     3.765     3.441    -8.6%    11.926    11.059    -7.3%    11.926    11.059    -7.3%    13.709    20.750    51.4%
          ('OrHighNotMed', None)     1.192     1.085    -9.0%     3.383     4.923    45.6%     5.490     5.261    -4.2%     5.490     5.261    -4.2%     7.318    10.306    40.8%
         ('OrNotHighHigh', None)     1.070     1.210    13.0%     2.780     3.225    16.0%     3.054    11.630   280.8%     3.054    11.630   280.8%   114.166   113.385    -0.7%
          ('OrNotHighLow', None)     0.634     0.555   -12.5%     1.347     2.875   113.3%     2.175     5.580   156.5%     2.175     5.580   156.5%     3.980    10.771   170.6%
          ('OrNotHighMed', None)     0.979     0.992     1.3%     2.475     3.713    50.0%     3.264     4.012    22.9%     3.264     4.012    22.9%     7.473     5.532   -26.0%
                   ('PKLookup',)     5.223     3.921   -24.9%     8.982    10.070    12.1%    13.028    10.257   -21.3%    13.028    10.257   -21.3%    24.118    18.475   -23.4%
               ('Prefix3', None)     1.334     0.949   -28.9%     5.855     3.466   -40.8%     6.872    11.791    71.6%     6.872    11.791    71.6%    23.065    31.837    38.0%
                    ('Respell',)    16.546    17.456     5.5%    28.029    32.030    14.3%    47.307    61.165    29.3%    47.307    61.165    29.3%    83.036    70.044   -15.6%
('TermDateTimeSort', 'DateTime')     2.083     2.322    11.5%     7.937     4.602   -42.0%    21.352     7.815   -63.4%    21.352     7.815   -63.4%    45.262    62.754    38.6%
              ('Wildcard', None)     2.878     2.736    -5.0%     5.280    10.349    96.0%    21.870    12.215   -44.1%    21.870    12.215   -44.1%    27.160    21.628   -20.4%
                 ('range', None)     0.166     0.185    11.5%     0.445     1.085   143.9%     0.524     1.430   173.1%     0.524     1.430   173.1%     2.595     1.891   -27.1%
                            Task    QPS armJ      StdDev    QPS armA      StdDev                Pct diff p-value
           BrowseMonthTaxoFacets       36.81     (28.7%)       33.58     (36.8%)   -8.8% ( -57% -   79%) 0.466
                   OrNotHighHigh      900.97      (8.0%)      850.91      (7.6%)   -5.6% ( -19% -   10%) 0.050
           BrowseMonthSSDVFacets       18.02     (11.9%)       17.04     (10.1%)   -5.4% ( -24% -   18%) 0.179
                      AndHighMed     1029.57      (5.9%)      979.13      (5.2%)   -4.9% ( -15% -    6%) 0.016
                        PKLookup      225.44     (10.2%)      217.17     (11.4%)   -3.7% ( -22% -   19%) 0.352
                    OrHighNotLow      947.47     (10.9%)      913.49     (10.2%)   -3.6% ( -22% -   19%) 0.354
                    OrHighNotMed      977.84     (10.7%)      946.59      (9.8%)   -3.2% ( -21% -   19%) 0.393
                           range     6303.24      (9.5%)     6118.98      (9.8%)   -2.9% ( -20% -   18%) 0.408
                  AndMissingHigh     3782.21      (7.0%)     3681.83      (4.9%)   -2.7% ( -13% -    9%) 0.228
          OrHighMedDayTaxoFacets       20.16      (8.2%)       19.67      (4.2%)   -2.5% ( -13% -   10%) 0.298
         AndHighMedDayTaxoFacets      281.17      (3.4%)      275.36      (3.6%)   -2.1% (  -8% -    5%) 0.104
                       MedPhrase      138.83      (3.4%)      136.72      (4.0%)   -1.5% (  -8% -    6%) 0.264
            HighTermTitleBDVSort       79.03      (4.4%)       77.87      (4.1%)   -1.5% (  -9% -    7%) 0.347
                          IntNRQ     1131.08      (7.4%)     1118.78      (9.6%)   -1.1% ( -16% -   17%) 0.729
                 LowSloppyPhrase      230.64      (5.7%)      228.15      (6.3%)   -1.1% ( -12% -   11%) 0.621
                         LowTerm     2390.72      (9.0%)     2369.39      (9.2%)   -0.9% ( -17% -   19%) 0.789
                      TermDTSort      468.72      (4.1%)      464.79      (4.2%)   -0.8% (  -8% -    7%) 0.577
                       OrHighMed     1117.29      (5.7%)     1109.18      (8.2%)   -0.7% ( -13% -   13%) 0.778
                         MedTerm     1614.48      (7.1%)     1606.33      (7.8%)   -0.5% ( -14% -   15%) 0.853
                        BM25MSM2       57.05      (3.7%)       56.84      (3.1%)   -0.4% (  -6% -    6%) 0.773
           HighTermDayOfYearSort      472.57      (8.7%)      472.03      (7.0%)   -0.1% ( -14% -   17%) 0.968
                          Fuzzy1       87.39      (8.3%)       87.30      (7.8%)   -0.1% ( -15% -   17%) 0.971
     BrowseRandomLabelSSDVFacets       11.14      (6.4%)       11.14      (8.3%)   -0.0% ( -13% -   15%) 0.990
        AndHighHighDayTaxoFacets       31.97      (4.8%)       32.01      (5.3%)    0.1% (  -9% -   10%) 0.945
                      HighPhrase      427.18      (3.4%)      427.94      (4.1%)    0.2% (  -7% -    7%) 0.896
                HighSloppyPhrase      254.21      (3.0%)      254.71      (4.8%)    0.2% (  -7% -    8%) 0.893
                   OrHighNotHigh      824.43     (10.5%)      829.60      (8.7%)    0.6% ( -16% -   22%) 0.859
                    OrNotHighMed     1020.68      (6.5%)     1027.66      (5.9%)    0.7% ( -11% -   14%) 0.764
                        HighTerm     1142.35     (10.7%)     1150.70      (8.2%)    0.7% ( -16% -   22%) 0.834
                     MedSpanNear      243.21      (9.9%)      245.14      (5.3%)    0.8% ( -13% -   17%) 0.783
               HighTermTitleSort      120.46      (9.9%)      121.70      (8.6%)    1.0% ( -15% -   21%) 0.761
                     AndHighHigh      585.01      (9.8%)      591.29      (6.6%)    1.1% ( -13% -   19%) 0.725
                       LowPhrase      109.91      (3.2%)      111.20      (4.0%)    1.2% (  -5% -    8%) 0.371
                    HighSpanNear      154.00      (2.7%)      155.91      (3.7%)    1.2% (  -5% -    7%) 0.293
                        Wildcard      380.43      (2.8%)      385.50      (4.3%)    1.3% (  -5% -    8%) 0.315
                          Fuzzy2       77.04      (5.6%)       78.09      (6.7%)    1.4% ( -10% -   14%) 0.545
                 MedSloppyPhrase      200.15      (3.4%)      203.04      (2.1%)    1.4% (  -3% -    7%) 0.158
                         Respell       64.53      (5.6%)       65.48      (6.2%)    1.5% (  -9% -   14%) 0.497
               HighTermMonthSort     1524.65      (6.6%)     1549.36      (4.3%)    1.6% (  -8% -   13%) 0.428
                       ConstMSM2     1360.47      (6.1%)     1384.78      (5.8%)    1.8% (  -9% -   14%) 0.411
                      OrHighHigh      617.21      (6.7%)      628.39      (6.2%)    1.8% ( -10% -   15%) 0.442
            MedTermDayTaxoFacets       92.29      (6.2%)       93.98      (7.1%)    1.8% ( -10% -   16%) 0.449
                          IntSet      700.20     (10.2%)      714.81     (10.0%)    2.1% ( -16% -   24%) 0.572
                       OrHighLow     1106.18      (5.5%)     1131.94      (7.1%)    2.3% (  -9% -   15%) 0.314
                     LowSpanNear      226.72      (6.2%)      232.12      (3.2%)    2.4% (  -6% -   12%) 0.189
             LowIntervalsOrdered      207.26      (6.4%)      212.49      (5.3%)    2.5% (  -8% -   15%) 0.238
             MedIntervalsOrdered      355.27      (4.8%)      364.53      (4.1%)    2.6% (  -6% -   12%) 0.111
       BrowseDayOfYearSSDVFacets       15.35      (6.3%)       15.76     (11.6%)    2.6% ( -14% -   21%) 0.437
                    OrNotHighLow     1610.34      (5.8%)     1656.00      (7.5%)    2.8% (  -9% -   17%) 0.246
                         Prefix3     1077.79      (9.8%)     1109.34      (8.4%)    2.9% ( -13% -   23%) 0.380
            BrowseDateSSDVFacets        2.82      (6.7%)        2.92      (6.8%)    3.5% (  -9% -   18%) 0.156
            HighIntervalsOrdered       62.13      (8.3%)       64.61      (4.7%)    4.0% (  -8% -   18%) 0.106
                      AndHighLow     1848.90      (6.5%)     1942.19      (7.6%)    5.0% (  -8% -   20%) 0.050
     BrowseRandomLabelTaxoFacets       12.52      (4.8%)       14.81     (46.4%)   18.3% ( -31% -   72%) 0.129
            BrowseDateTaxoFacets       15.19      (5.9%)       19.05     (63.3%)   25.5% ( -41% -  100%) 0.121
       BrowseDayOfYearTaxoFacets       15.81      (5.2%)       19.96     (66.8%)   26.3% ( -43% -  103%) 0.129
  iter 15
    armJ:
      NOTE: using experimental CPU time profiler (see https://mostlynerdless.de/blog/2025/06/11/java-25s-new-cpu-time-profiler-1)
      log: /home/goankur/vsearch/logs/FJAc.armJ.15 + stdout
      run: /usr/bin/perf stat -dd -e task-clock,cycles,instructions,cache-references,cache-misses,L1-dcache-loads,L1-dcache-load-misses,L1-icache-loads,L1-icache-load-misses,LLC-loads,LLC-load-misses,LLC-stores,LLC-store-misses,LLC-prefetches,LLC-prefetch-misses,faults,minor-faults,major-faults,branches,branch-misses,stalled-cycles-frontend,stalled-cycles-backend /home/goankur/jdk/corretto-25/bin/java -server -Xms2g -Xmx2g --add-modules jdk.incubator.vector -XX:+HeapDumpOnOutOfMemoryError -XX:+UseParallelGC -XX:StartFlightRecording=jdk.CPUTimeSample#enabled=true,dumponexit=true,maxsize=250M,settings=/home/goankur/vsearch/util/src/python/profiling.jfc,filename=/home/goankur/vsearch/logs/bench-search-FJAc-armJ-15.jfr -XX:+UnlockDiagnosticVMOptions -XX:+DebugNonSafepoints -classpath /home/goankur/vsearch/bo/lucene-J/lucene/core/build/libs/lucene-core-11.0.0-SNAPSHOT.jar:/home/goankur/vsearch/bo/lucene-J/lucene/sandbox/build/classes/java/main:/home/goankur/vsearch/bo/lucene-J/lucene/misc/build/classes/java/main:/home/goankur/vsearch/bo/lucene-J/lucene/facet/build/classes/java/main:/home/goankur/vsearch/bo/lucene-J/lucene/analysis/common/build/classes/java/main:/home/goankur/vsearch/bo/lucene-J/lucene/analysis/icu/build/classes/java/main:/home/goankur/vsearch/bo/lucene-J/lucene/queryparser/build/classes/java/main:/home/goankur/vsearch/bo/lucene-J/lucene/grouping/build/classes/java/main:/home/goankur/vsearch/bo/lucene-J/lucene/suggest/build/classes/java/main:/home/goankur/vsearch/bo/lucene-J/lucene/highlighter/build/classes/java/main:/home/goankur/vsearch/bo/lucene-J/lucene/codecs/build/classes/java/main:/home/goankur/vsearch/bo/lucene-J/lucene/queries/build/classes/java/main:/home/goankur/vsearch/bo/lucene-J/lucene/join/build/classes/java/main:/home/goankur/vsearch/bo/lucene-J/lucene/spatial3d/build/classes/java/main:/home/goankur/vsearch/util/lib/HdrHistogram.jar:/home/goankur/vsearch/util/src/main/build/classes/java/main:/home/goankur/vsearch/util/build perf.SearchPerfTest -dirImpl MMapDirectory -indexPath /home/goankur/vsearch/indices/wikimedium10m.lucene-A.facets.taxonomy:Date.taxonomy:Month.taxonomy:DayOfYear.sortedset:Date.sortedset:Month.sortedset:DayOfYear.taxonomy:RandomLabel.sortedset:RandomLabel.Lucene90.Lucene104.dvfields.nd10M -facets taxonomy:Date;Date -facets taxonomy:Month;Month -facets taxonomy:DayOfYear;DayOfYear -facets sortedset:Date;Date -facets sortedset:Month;Month -facets sortedset:DayOfYear;DayOfYear -facets taxonomy:RandomLabel;RandomLabel -facets sortedset:RandomLabel;RandomLabel -analyzer StandardAnalyzer -taskSource /home/goankur/vsearch/util/tasks/wikimedium.10M.nostopwords.tasks -numConcurrentQueries 5 -taskRepeatCount 20 -field body -tasksPerCat 1 -searchConcurrency -1 -staticSeed -4799930 -seed -2658645 -similarity BM25Similarity -commit multi -hiliteImpl FastVectorHighlighter -log /home/goankur/vsearch/logs/FJAc.armJ.15 -topN 100 -context  -pk -pollute
      9.7 s
      257.4 actual sustained QPS; -1.0 CPU cores used
    armA:
      NOTE: using experimental CPU time profiler (see https://mostlynerdless.de/blog/2025/06/11/java-25s-new-cpu-time-profiler-1)
      log: /home/goankur/vsearch/logs/FJAc.armA.15 + stdout
      run: /usr/bin/perf stat -dd -e task-clock,cycles,instructions,cache-references,cache-misses,L1-dcache-loads,L1-dcache-load-misses,L1-icache-loads,L1-icache-load-misses,LLC-loads,LLC-load-misses,LLC-stores,LLC-store-misses,LLC-prefetches,LLC-prefetch-misses,faults,minor-faults,major-faults,branches,branch-misses,stalled-cycles-frontend,stalled-cycles-backend /home/goankur/jdk/corretto-25/bin/java -server -Xms2g -Xmx2g --add-modules jdk.incubator.vector -XX:+HeapDumpOnOutOfMemoryError -XX:+UseParallelGC -XX:StartFlightRecording=jdk.CPUTimeSample#enabled=true,dumponexit=true,maxsize=250M,settings=/home/goankur/vsearch/util/src/python/profiling.jfc,filename=/home/goankur/vsearch/logs/bench-search-FJAc-armA-15.jfr -XX:+UnlockDiagnosticVMOptions -XX:+DebugNonSafepoints -classpath /home/goankur/vsearch/bo/lucene-A/lucene/core/build/libs/lucene-core-11.0.0-SNAPSHOT.jar:/home/goankur/vsearch/bo/lucene-A/lucene/sandbox/build/classes/java/main:/home/goankur/vsearch/bo/lucene-A/lucene/misc/build/classes/java/main:/home/goankur/vsearch/bo/lucene-A/lucene/facet/build/classes/java/main:/home/goankur/vsearch/bo/lucene-A/lucene/analysis/common/build/classes/java/main:/home/goankur/vsearch/bo/lucene-A/lucene/analysis/icu/build/classes/java/main:/home/goankur/vsearch/bo/lucene-A/lucene/queryparser/build/classes/java/main:/home/goankur/vsearch/bo/lucene-A/lucene/grouping/build/classes/java/main:/home/goankur/vsearch/bo/lucene-A/lucene/suggest/build/classes/java/main:/home/goankur/vsearch/bo/lucene-A/lucene/highlighter/build/classes/java/main:/home/goankur/vsearch/bo/lucene-A/lucene/codecs/build/classes/java/main:/home/goankur/vsearch/bo/lucene-A/lucene/queries/build/classes/java/main:/home/goankur/vsearch/bo/lucene-A/lucene/join/build/classes/java/main:/home/goankur/vsearch/bo/lucene-A/lucene/spatial3d/build/classes/java/main:/home/goankur/vsearch/util/lib/HdrHistogram.jar:/home/goankur/vsearch/util/src/main/build/classes/java/main:/home/goankur/vsearch/util/build perf.SearchPerfTest -dirImpl MMapDirectory -indexPath /home/goankur/vsearch/indices/wikimedium10m.lucene-A.facets.taxonomy:Date.taxonomy:Month.taxonomy:DayOfYear.sortedset:Date.sortedset:Month.sortedset:DayOfYear.taxonomy:RandomLabel.sortedset:RandomLabel.Lucene90.Lucene104.dvfields.nd10M -facets taxonomy:Date;Date -facets taxonomy:Month;Month -facets taxonomy:DayOfYear;DayOfYear -facets sortedset:Date;Date -facets sortedset:Month;Month -facets sortedset:DayOfYear;DayOfYear -facets taxonomy:RandomLabel;RandomLabel -facets sortedset:RandomLabel;RandomLabel -analyzer StandardAnalyzer -taskSource /home/goankur/vsearch/util/tasks/wikimedium.10M.nostopwords.tasks -numConcurrentQueries 5 -taskRepeatCount 20 -field body -tasksPerCat 1 -searchConcurrency -1 -staticSeed -4799930 -seed -2658645 -similarity BM25Similarity -commit multi -hiliteImpl FastVectorHighlighter -log /home/goankur/vsearch/logs/FJAc.armA.15 -topN 100 -context  -pk -pollute
      9.7 s
      253.1 actual sustained QPS; -1.0 CPU cores used

Report after iter 15:
QPSChart.supported == False
                            Task     P50 B     P50 C     Diff     P90 B     P90 C     Diff     P99 B     P99 C     Diff    P999 B    P999 C     Diff    P100 B    P100 C     Diff
           ('AndHighHigh', None)     1.622     1.677     3.4%     4.571     9.031    97.6%    29.634    10.031   -66.2%    29.634    10.031   -66.2%    35.217    49.857    41.6%
('AndHighHighDayTaxoFacets', None)    35.232    33.687    -4.4%    63.487    60.085    -5.4%    63.939    61.060    -4.5%    63.939    61.060    -4.5%   226.465   180.486   -20.3%
            ('AndHighLow', None)     0.536     0.508    -5.2%     1.525     1.496    -1.9%     1.712     1.684    -1.7%     1.712     1.684    -1.7%     1.842     5.478   197.4%
            ('AndHighMed', None)     1.011     1.422    40.6%     3.949     6.018    52.4%     6.255    24.898   298.1%     6.255    24.898   298.1%   170.273   191.738    12.6%
('AndHighMedDayTaxoFacets', None)     3.496     3.696     5.7%     7.597     7.141    -6.0%     8.924     8.505    -4.7%     8.924     8.505    -4.7%    13.138    19.241    46.4%
     ('AndMissingHigh', 'Title')     0.307     0.346    12.8%     0.973     1.097    12.8%     1.062     1.129     6.3%     1.062     1.129     6.3%     1.166     1.206     3.4%
              ('BM25MSM2', None)    16.863    19.270    14.3%    28.808    29.815     3.5%    40.385    34.480   -14.6%    40.385    34.480   -14.6%   172.271   186.823     8.4%
  ('BrowseDateSSDVFacets', None)   389.344   371.497    -4.6%   482.058   505.011     4.8%   482.311   516.398     7.1%   482.311   516.398     7.1%   541.314   620.520    14.6%
  ('BrowseDateTaxoFacets', None)    76.703    71.941    -6.2%    87.324    79.195    -9.3%   109.405   113.660     3.9%   109.405   113.660     3.9%   212.133   278.428    31.3%
('BrowseDayOfYearSSDVFacets', None)    50.290    48.777    -3.0%    54.261    56.909     4.9%    55.056    58.666     6.6%    55.056    58.666     6.6%   226.652   151.615   -33.1%
('BrowseDayOfYearTaxoFacets', None)    62.507    63.908     2.2%    76.589    74.435    -2.8%    76.838    74.878    -2.5%    76.838    74.878    -2.5%    88.361    96.293     9.0%
 ('BrowseMonthSSDVFacets', None)    74.852    74.067    -1.0%    88.494    92.198     4.2%    88.886    92.256     3.8%    88.886    92.256     3.8%    90.591    99.938    10.3%
 ('BrowseMonthTaxoFacets', None)    26.436    23.353   -11.7%    76.095    37.505   -50.7%    77.710    80.115     3.1%    77.710    80.115     3.1%   206.865   269.403    30.2%
('BrowseRandomLabelSSDVFacets', None)    92.147   102.640    11.4%   150.527   128.577   -14.6%   188.790   138.857   -26.4%   188.790   138.857   -26.4%   327.964   333.963     1.8%
('BrowseRandomLabelTaxoFacets', None)    81.382    82.382     1.2%   103.720   102.482    -1.2%   107.549   117.165     8.9%   107.549   117.165     8.9%   276.546   269.995    -2.4%
             ('ConstMSM2', None)     0.737     0.805     9.3%     1.358     1.951    43.7%     1.701     3.379    98.6%     1.701     3.379    98.6%    26.759    39.781    48.7%
                ('Fuzzy1', None)    12.637    12.697     0.5%    18.071    21.660    19.9%    51.176    50.427    -1.5%    51.176    50.427    -1.5%    73.259    63.811   -12.9%
                ('Fuzzy2', None)    13.967    14.447     3.4%    22.173    23.176     4.5%    37.377    48.123    28.7%    37.377    48.123    28.7%   254.023   251.588    -1.0%
  ('HighIntervalsOrdered', None)    15.264    16.955    11.1%    22.534    32.921    46.1%    69.936    52.093   -25.5%    69.936    52.093   -25.5%   211.980   206.314    -2.7%
            ('HighPhrase', None)     2.453     2.388    -2.7%     5.574     4.217   -24.4%    35.794     6.420   -82.1%    35.794     6.420   -82.1%    71.597    45.796   -36.0%
      ('HighSloppyPhrase', None)     3.882     3.803    -2.0%    13.054     9.380   -28.1%    20.002     9.460   -52.7%    20.002     9.460   -52.7%    27.546    52.624    91.0%
          ('HighSpanNear', None)     6.314     6.605     4.6%    11.910    20.826    74.9%    15.988    23.994    50.1%    15.988    23.994    50.1%    19.162    29.351    53.2%
              ('HighTerm', None)     0.872     0.839    -3.7%     2.563     2.487    -3.0%     3.304     3.385     2.4%     3.304     3.385     2.4%    17.875    16.323    -8.7%
('HighTermDayOfYearSort', 'DayOfYear')     2.105     2.154     2.3%     5.923     8.870    49.7%    24.358    11.259   -53.8%    24.358    11.259   -53.8%    33.729    43.503    29.0%
  ('HighTermMonthSort', 'Month')     0.665     0.653    -1.8%     1.534     1.308   -14.8%     2.690     2.303   -14.4%     2.690     2.303   -14.4%     7.660    11.834    54.5%
('HighTermTitleBDVSort', 'TitleBinary')    12.028    13.279    10.4%    23.138    27.830    20.3%    25.697    34.850    35.6%    25.697    34.850    35.6%   147.677   139.520    -5.5%
  ('HighTermTitleSort', 'Title')    10.092     9.061   -10.2%    25.133    25.757     2.5%    43.514    43.840     0.7%    43.514    43.840     0.7%    63.937    67.416     5.4%
                ('IntNRQ', None)     0.950     0.985     3.7%     3.275     2.592   -20.8%    12.255     8.070   -34.1%    12.255     8.070   -34.1%    61.131    90.044    47.3%
                ('IntSet', None)     1.480     1.668    12.7%     5.829     7.693    32.0%     7.069    12.215    72.8%     7.069    12.215    72.8%    43.112    73.961    71.6%
   ('LowIntervalsOrdered', None)     4.963     5.868    18.2%     9.363     9.050    -3.3%     9.921    10.245     3.3%     9.921    10.245     3.3%    13.780    17.375    26.1%
             ('LowPhrase', None)     9.870     9.462    -4.1%    17.031    15.627    -8.2%    19.594    18.674    -4.7%    19.594    18.674    -4.7%    59.669    87.188    46.1%
       ('LowSloppyPhrase', None)     4.444     4.284    -3.6%    13.266    25.178    89.8%    39.996    31.667   -20.8%    39.996    31.667   -20.8%   115.737   114.340    -1.2%
           ('LowSpanNear', None)     5.301     4.231   -20.2%    10.417    10.363    -0.5%    13.070    12.101    -7.4%    13.070    12.101    -7.4%    22.202    36.902    66.2%
               ('LowTerm', None)     0.407     0.406    -0.2%     2.193     1.443   -34.2%     4.157     2.131   -48.7%     4.157     2.131   -48.7%    79.654   109.542    37.5%
   ('MedIntervalsOrdered', None)     2.702     2.921     8.1%     5.747     5.098   -11.3%     7.386    11.368    53.9%     7.386    11.368    53.9%    14.082    20.585    46.2%
             ('MedPhrase', None)     7.373     7.319    -0.7%    15.185    18.661    22.9%    21.105    32.747    55.2%    21.105    32.747    55.2%    78.894    69.681   -11.7%
       ('MedSloppyPhrase', None)     4.709     5.004     6.3%    10.087    13.558    34.4%    24.531    18.545   -24.4%    24.531    18.545   -24.4%    28.006    54.758    95.5%
           ('MedSpanNear', None)     4.208     3.654   -13.2%     8.179     8.270     1.1%     9.005    15.857    76.1%     9.005    15.857    76.1%    60.252    72.533    20.4%
               ('MedTerm', None)     0.612     0.608    -0.7%     1.503     1.420    -5.5%     3.399     3.790    11.5%     3.399     3.790    11.5%     3.403     8.126   138.8%
  ('MedTermDayTaxoFacets', None)    10.780    10.627    -1.4%    16.404    15.347    -6.4%    22.061    30.679    39.1%    22.061    30.679    39.1%   346.764   410.229    18.3%
            ('OrHighHigh', None)     1.536     1.670     8.7%     5.978    13.039   118.1%     9.160    24.002   162.0%     9.160    24.002   162.0%   144.481   151.659     5.0%
             ('OrHighLow', None)     0.919     0.945     2.8%     2.449     1.907   -22.1%     2.794     2.931     4.9%     2.794     2.931     4.9%     2.985     3.562    19.3%
             ('OrHighMed', None)     0.972     0.878    -9.7%     1.848     2.649    43.3%     4.237     9.768   130.5%     4.237     9.768   130.5%    12.697    11.717    -7.7%
('OrHighMedDayTaxoFacets', None)    53.920    52.745    -2.2%   119.547   196.107    64.0%   256.020   232.259    -9.3%   256.020   232.259    -9.3%   372.999   346.641    -7.1%
         ('OrHighNotHigh', None)     1.150     1.184     3.0%     2.168    11.294   420.9%    10.260    13.659    33.1%    10.260    13.659    33.1%   155.529   178.859    15.0%
          ('OrHighNotLow', None)     1.000     1.035     3.5%     6.574     3.022   -54.0%    12.019    21.998    83.0%    12.019    21.998    83.0%    21.411    28.375    32.5%
          ('OrHighNotMed', None)     1.036     1.149    11.0%     4.439     3.944   -11.2%     8.348    10.335    23.8%     8.348    10.335    23.8%    20.099    20.178     0.4%
         ('OrNotHighHigh', None)     1.059     1.124     6.1%     4.279     7.573    77.0%     5.035    13.993   177.9%     5.035    13.993   177.9%     6.548    15.909   142.9%
          ('OrNotHighLow', None)     0.613     0.656     7.1%     1.700     2.341    37.7%     1.717     4.468   160.2%     1.717     4.468   160.2%     2.069     6.589   218.5%
          ('OrNotHighMed', None)     1.124     1.042    -7.2%     3.147     3.791    20.5%    15.486     4.624   -70.1%    15.486     4.624   -70.1%    16.834    14.352   -14.7%
                   ('PKLookup',)     5.270     4.915    -6.7%    11.603     8.246   -28.9%    15.686    14.444    -7.9%    15.686    14.444    -7.9%    18.520    20.700    11.8%
               ('Prefix3', None)     1.055     0.892   -15.5%     6.094     7.901    29.7%    10.292    13.633    32.5%    10.292    13.633    32.5%    13.008    22.517    73.1%
                    ('Respell',)    16.018    17.860    11.5%    23.967    24.990     4.3%    31.053    85.573   175.6%    31.053    85.573   175.6%    85.999   100.180    16.5%
('TermDateTimeSort', 'DateTime')     2.170     2.419    11.5%     7.167    14.195    98.0%     7.899    22.126   180.1%     7.899    22.126   180.1%    66.244    61.511    -7.1%
              ('Wildcard', None)     2.693     2.627    -2.5%     4.827     5.156     6.8%    21.351    25.370    18.8%    21.351    25.370    18.8%    26.576    41.345    55.6%
                 ('range', None)     0.160     0.198    24.0%     0.375     0.496    32.3%     0.831     0.660   -20.6%     0.831     0.660   -20.6%    14.865    15.532     4.5%
                            Task    QPS armJ      StdDev    QPS armA      StdDev                Pct diff p-value
           BrowseMonthTaxoFacets       37.00     (27.7%)       34.43     (36.5%)   -7.0% ( -55% -   79%) 0.544
                      AndHighMed     1027.38      (5.8%)      968.76      (6.4%)   -5.7% ( -16% -    6%) 0.008
                   OrNotHighHigh      905.09      (7.9%)      854.44      (7.4%)   -5.6% ( -19% -   10%) 0.039
           BrowseMonthSSDVFacets       17.78     (12.9%)       16.83     (11.0%)   -5.3% ( -25% -   21%) 0.210
                           range     6320.97      (9.3%)     6071.40      (9.9%)   -3.9% ( -21% -   16%) 0.244
                    OrHighNotLow      951.39     (10.6%)      917.14     (10.0%)   -3.6% ( -21% -   19%) 0.323
                        PKLookup      224.46     (10.0%)      216.64     (11.1%)   -3.5% ( -22% -   19%) 0.351
                    OrHighNotMed      980.46     (10.3%)      949.28      (9.5%)   -3.2% ( -20% -   18%) 0.365
                  AndMissingHigh     3768.63      (6.9%)     3654.50      (5.5%)   -3.0% ( -14% -   10%) 0.173
         AndHighMedDayTaxoFacets      281.75      (3.3%)      275.79      (3.5%)   -2.1% (  -8% -    4%) 0.081
            HighTermTitleBDVSort       79.31      (4.5%)       77.78      (4.0%)   -1.9% (  -9% -    6%) 0.197
          OrHighMedDayTaxoFacets       20.12      (7.9%)       19.77      (4.6%)   -1.7% ( -13% -   11%) 0.449
                       MedPhrase      138.70      (3.3%)      136.86      (3.9%)   -1.3% (  -8% -    6%) 0.297
                      TermDTSort      468.85      (4.0%)      462.85      (4.3%)   -1.3% (  -9% -    7%) 0.384
                 LowSloppyPhrase      231.32      (5.6%)      228.52      (6.1%)   -1.2% ( -12% -   11%) 0.558
                        BM25MSM2       57.24      (3.8%)       56.61      (3.4%)   -1.1% (  -8% -    6%) 0.391
                          IntNRQ     1133.06      (7.2%)     1121.89      (9.4%)   -1.0% ( -16% -   16%) 0.738
                         LowTerm     2397.31      (8.8%)     2377.97      (9.0%)   -0.8% ( -17% -   18%) 0.797
     BrowseRandomLabelSSDVFacets       11.15      (6.2%)       11.07      (8.3%)   -0.7% ( -14% -   14%) 0.786
                          Fuzzy1       87.40      (8.1%)       87.03      (7.7%)   -0.4% ( -14% -   16%) 0.880
                         MedTerm     1618.32      (6.9%)     1611.84      (7.7%)   -0.4% ( -13% -   15%) 0.877
                       OrHighMed     1120.88      (5.6%)     1116.83      (8.3%)   -0.4% ( -13% -   14%) 0.886
           HighTermDayOfYearSort      473.79      (8.5%)      473.48      (6.8%)   -0.1% ( -14% -   16%) 0.981
                HighSloppyPhrase      254.81      (3.1%)      255.34      (4.8%)    0.2% (  -7% -    8%) 0.883
                   OrHighNotHigh      829.45     (10.4%)      831.42      (8.4%)    0.2% ( -16% -   21%) 0.943
                      HighPhrase      426.39      (3.4%)      427.65      (3.9%)    0.3% (  -6% -    7%) 0.821
                          Fuzzy2       77.13      (5.5%)       77.70      (6.8%)    0.7% ( -10% -   13%) 0.735
        AndHighHighDayTaxoFacets       31.77      (5.3%)       32.01      (5.2%)    0.7% (  -9% -   11%) 0.686
                     AndHighHigh      587.98      (9.7%)      592.82      (6.4%)    0.8% ( -13% -   18%) 0.776
                    OrNotHighMed     1021.40      (6.3%)     1031.88      (5.9%)    1.0% ( -10% -   14%) 0.636
                    HighSpanNear      154.53      (3.0%)      156.18      (3.6%)    1.1% (  -5% -    7%) 0.361
                        HighTerm     1144.39     (10.4%)     1156.60      (8.2%)    1.1% ( -15% -   21%) 0.747
                         Respell       64.57      (5.5%)       65.32      (6.1%)    1.2% (  -9% -   13%) 0.569
                     MedSpanNear      244.16      (9.6%)      247.14      (6.0%)    1.2% ( -13% -   18%) 0.667
                 MedSloppyPhrase      201.04      (3.7%)      203.57      (2.2%)    1.3% (  -4% -    7%) 0.244
                       LowPhrase      109.46      (3.5%)      110.95      (3.9%)    1.4% (  -5% -    9%) 0.302
                        Wildcard      380.80      (2.7%)      386.19      (4.2%)    1.4% (  -5% -    8%) 0.260
               HighTermTitleSort      119.31     (10.4%)      121.02      (8.7%)    1.4% ( -15% -   22%) 0.670
                       ConstMSM2     1363.48      (6.0%)     1383.25      (5.6%)    1.4% (  -9% -   13%) 0.478
                          IntSet      702.07      (9.9%)      712.52      (9.7%)    1.5% ( -16% -   23%) 0.668
                      OrHighHigh      619.95      (6.6%)      629.51      (6.0%)    1.5% ( -10% -   15%) 0.492
             LowIntervalsOrdered      207.17      (6.1%)      210.62      (6.3%)    1.7% ( -10% -   15%) 0.448
            MedTermDayTaxoFacets       92.59      (6.1%)       94.25      (6.9%)    1.8% ( -10% -   15%) 0.437
               HighTermMonthSort     1525.23      (6.4%)     1552.95      (4.3%)    1.8% (  -8% -   13%) 0.346
             MedIntervalsOrdered      356.70      (4.9%)      363.24      (4.2%)    1.8% (  -6% -   11%) 0.257
                    OrNotHighLow     1614.70      (5.7%)     1651.14      (7.3%)    2.3% ( -10% -   16%) 0.330
                       OrHighLow     1108.19      (5.4%)     1133.66      (6.8%)    2.3% (  -9% -   15%) 0.290
                     LowSpanNear      226.53      (6.0%)      232.45      (3.2%)    2.6% (  -6% -   12%) 0.126
       BrowseDayOfYearSSDVFacets       15.65      (9.7%)       16.08     (13.7%)    2.8% ( -18% -   28%) 0.512
            HighIntervalsOrdered       62.42      (8.2%)       64.36      (4.8%)    3.1% (  -9% -   17%) 0.193
            BrowseDateSSDVFacets        2.81      (6.6%)        2.91      (6.9%)    3.3% (  -9% -   17%) 0.165
                         Prefix3     1074.95      (9.6%)     1111.88      (8.2%)    3.4% ( -13% -   23%) 0.275
                      AndHighLow     1857.41      (6.5%)     1950.18      (7.5%)    5.0% (  -8% -   20%) 0.044
     BrowseRandomLabelTaxoFacets       12.52      (4.6%)       14.66     (45.1%)   17.1% ( -31% -   69%) 0.132
       BrowseDayOfYearTaxoFacets       15.83      (5.0%)       19.70     (64.8%)   24.5% ( -43% -   99%) 0.132
            BrowseDateTaxoFacets       15.08      (6.4%)       18.78     (62.0%)   24.5% ( -41% -   99%) 0.116
  iter 16
    armA:
      NOTE: using experimental CPU time profiler (see https://mostlynerdless.de/blog/2025/06/11/java-25s-new-cpu-time-profiler-1)
      log: /home/goankur/vsearch/logs/FJAc.armA.16 + stdout
      run: /usr/bin/perf stat -dd -e task-clock,cycles,instructions,cache-references,cache-misses,L1-dcache-loads,L1-dcache-load-misses,L1-icache-loads,L1-icache-load-misses,LLC-loads,LLC-load-misses,LLC-stores,LLC-store-misses,LLC-prefetches,LLC-prefetch-misses,faults,minor-faults,major-faults,branches,branch-misses,stalled-cycles-frontend,stalled-cycles-backend /home/goankur/jdk/corretto-25/bin/java -server -Xms2g -Xmx2g --add-modules jdk.incubator.vector -XX:+HeapDumpOnOutOfMemoryError -XX:+UseParallelGC -XX:StartFlightRecording=jdk.CPUTimeSample#enabled=true,dumponexit=true,maxsize=250M,settings=/home/goankur/vsearch/util/src/python/profiling.jfc,filename=/home/goankur/vsearch/logs/bench-search-FJAc-armA-16.jfr -XX:+UnlockDiagnosticVMOptions -XX:+DebugNonSafepoints -classpath /home/goankur/vsearch/bo/lucene-A/lucene/core/build/libs/lucene-core-11.0.0-SNAPSHOT.jar:/home/goankur/vsearch/bo/lucene-A/lucene/sandbox/build/classes/java/main:/home/goankur/vsearch/bo/lucene-A/lucene/misc/build/classes/java/main:/home/goankur/vsearch/bo/lucene-A/lucene/facet/build/classes/java/main:/home/goankur/vsearch/bo/lucene-A/lucene/analysis/common/build/classes/java/main:/home/goankur/vsearch/bo/lucene-A/lucene/analysis/icu/build/classes/java/main:/home/goankur/vsearch/bo/lucene-A/lucene/queryparser/build/classes/java/main:/home/goankur/vsearch/bo/lucene-A/lucene/grouping/build/classes/java/main:/home/goankur/vsearch/bo/lucene-A/lucene/suggest/build/classes/java/main:/home/goankur/vsearch/bo/lucene-A/lucene/highlighter/build/classes/java/main:/home/goankur/vsearch/bo/lucene-A/lucene/codecs/build/classes/java/main:/home/goankur/vsearch/bo/lucene-A/lucene/queries/build/classes/java/main:/home/goankur/vsearch/bo/lucene-A/lucene/join/build/classes/java/main:/home/goankur/vsearch/bo/lucene-A/lucene/spatial3d/build/classes/java/main:/home/goankur/vsearch/util/lib/HdrHistogram.jar:/home/goankur/vsearch/util/src/main/build/classes/java/main:/home/goankur/vsearch/util/build perf.SearchPerfTest -dirImpl MMapDirectory -indexPath /home/goankur/vsearch/indices/wikimedium10m.lucene-A.facets.taxonomy:Date.taxonomy:Month.taxonomy:DayOfYear.sortedset:Date.sortedset:Month.sortedset:DayOfYear.taxonomy:RandomLabel.sortedset:RandomLabel.Lucene90.Lucene104.dvfields.nd10M -facets taxonomy:Date;Date -facets taxonomy:Month;Month -facets taxonomy:DayOfYear;DayOfYear -facets sortedset:Date;Date -facets sortedset:Month;Month -facets sortedset:DayOfYear;DayOfYear -facets taxonomy:RandomLabel;RandomLabel -facets sortedset:RandomLabel;RandomLabel -analyzer StandardAnalyzer -taskSource /home/goankur/vsearch/util/tasks/wikimedium.10M.nostopwords.tasks -numConcurrentQueries 5 -taskRepeatCount 20 -field body -tasksPerCat 1 -searchConcurrency -1 -staticSeed -4799930 -seed -7688538 -similarity BM25Similarity -commit multi -hiliteImpl FastVectorHighlighter -log /home/goankur/vsearch/logs/FJAc.armA.16 -topN 100 -context  -pk -pollute
      9.4 s
      255.8 actual sustained QPS; -1.0 CPU cores used
    armJ:
      NOTE: using experimental CPU time profiler (see https://mostlynerdless.de/blog/2025/06/11/java-25s-new-cpu-time-profiler-1)
      log: /home/goankur/vsearch/logs/FJAc.armJ.16 + stdout
      run: /usr/bin/perf stat -dd -e task-clock,cycles,instructions,cache-references,cache-misses,L1-dcache-loads,L1-dcache-load-misses,L1-icache-loads,L1-icache-load-misses,LLC-loads,LLC-load-misses,LLC-stores,LLC-store-misses,LLC-prefetches,LLC-prefetch-misses,faults,minor-faults,major-faults,branches,branch-misses,stalled-cycles-frontend,stalled-cycles-backend /home/goankur/jdk/corretto-25/bin/java -server -Xms2g -Xmx2g --add-modules jdk.incubator.vector -XX:+HeapDumpOnOutOfMemoryError -XX:+UseParallelGC -XX:StartFlightRecording=jdk.CPUTimeSample#enabled=true,dumponexit=true,maxsize=250M,settings=/home/goankur/vsearch/util/src/python/profiling.jfc,filename=/home/goankur/vsearch/logs/bench-search-FJAc-armJ-16.jfr -XX:+UnlockDiagnosticVMOptions -XX:+DebugNonSafepoints -classpath /home/goankur/vsearch/bo/lucene-J/lucene/core/build/libs/lucene-core-11.0.0-SNAPSHOT.jar:/home/goankur/vsearch/bo/lucene-J/lucene/sandbox/build/classes/java/main:/home/goankur/vsearch/bo/lucene-J/lucene/misc/build/classes/java/main:/home/goankur/vsearch/bo/lucene-J/lucene/facet/build/classes/java/main:/home/goankur/vsearch/bo/lucene-J/lucene/analysis/common/build/classes/java/main:/home/goankur/vsearch/bo/lucene-J/lucene/analysis/icu/build/classes/java/main:/home/goankur/vsearch/bo/lucene-J/lucene/queryparser/build/classes/java/main:/home/goankur/vsearch/bo/lucene-J/lucene/grouping/build/classes/java/main:/home/goankur/vsearch/bo/lucene-J/lucene/suggest/build/classes/java/main:/home/goankur/vsearch/bo/lucene-J/lucene/highlighter/build/classes/java/main:/home/goankur/vsearch/bo/lucene-J/lucene/codecs/build/classes/java/main:/home/goankur/vsearch/bo/lucene-J/lucene/queries/build/classes/java/main:/home/goankur/vsearch/bo/lucene-J/lucene/join/build/classes/java/main:/home/goankur/vsearch/bo/lucene-J/lucene/spatial3d/build/classes/java/main:/home/goankur/vsearch/util/lib/HdrHistogram.jar:/home/goankur/vsearch/util/src/main/build/classes/java/main:/home/goankur/vsearch/util/build perf.SearchPerfTest -dirImpl MMapDirectory -indexPath /home/goankur/vsearch/indices/wikimedium10m.lucene-A.facets.taxonomy:Date.taxonomy:Month.taxonomy:DayOfYear.sortedset:Date.sortedset:Month.sortedset:DayOfYear.taxonomy:RandomLabel.sortedset:RandomLabel.Lucene90.Lucene104.dvfields.nd10M -facets taxonomy:Date;Date -facets taxonomy:Month;Month -facets taxonomy:DayOfYear;DayOfYear -facets sortedset:Date;Date -facets sortedset:Month;Month -facets sortedset:DayOfYear;DayOfYear -facets taxonomy:RandomLabel;RandomLabel -facets sortedset:RandomLabel;RandomLabel -analyzer StandardAnalyzer -taskSource /home/goankur/vsearch/util/tasks/wikimedium.10M.nostopwords.tasks -numConcurrentQueries 5 -taskRepeatCount 20 -field body -tasksPerCat 1 -searchConcurrency -1 -staticSeed -4799930 -seed -7688538 -similarity BM25Similarity -commit multi -hiliteImpl FastVectorHighlighter -log /home/goankur/vsearch/logs/FJAc.armJ.16 -topN 100 -context  -pk -pollute
      9.5 s
      228.8 actual sustained QPS; -1.0 CPU cores used

Report after iter 16:
QPSChart.supported == False
                            Task     P50 B     P50 C     Diff     P90 B     P90 C     Diff     P99 B     P99 C     Diff    P999 B    P999 C     Diff    P100 B    P100 C     Diff
           ('AndHighHigh', None)     1.811     1.694    -6.5%     5.351     6.055    13.1%     6.901     6.456    -6.5%     6.901     6.456    -6.5%    16.815     7.145   -57.5%
('AndHighHighDayTaxoFacets', None)    35.003    33.039    -5.6%    36.995    42.032    13.6%    66.104    42.547   -35.6%    66.104    42.547   -35.6%   164.708   170.652     3.6%
            ('AndHighLow', None)     0.552     0.614    11.2%     1.120     1.238    10.6%     1.644     1.818    10.6%     1.644     1.818    10.6%     3.930     2.385   -39.3%
            ('AndHighMed', None)     0.987     1.017     3.0%     6.092     5.207   -14.5%     6.840     5.572   -18.5%     6.840     5.572   -18.5%     7.313     8.756    19.7%
('AndHighMedDayTaxoFacets', None)     3.919     4.144     5.7%     6.847     9.438    37.9%     8.385    17.394   107.4%     8.385    17.394   107.4%   283.184   318.276    12.4%
     ('AndMissingHigh', 'Title')     0.325     0.292   -10.2%     0.775     0.774    -0.1%     1.019     0.826   -19.0%     1.019     0.826   -19.0%     6.268     1.109   -82.3%
              ('BM25MSM2', None)    17.901    17.580    -1.8%    26.374    26.912     2.0%    28.106    30.819     9.7%    28.106    30.819     9.7%   123.304   207.494    68.3%
  ('BrowseDateSSDVFacets', None)   356.806   373.211     4.6%   457.636   402.695   -12.0%   462.425   444.636    -3.8%   462.425   444.636    -3.8%   652.278   564.653   -13.4%
  ('BrowseDateTaxoFacets', None)    68.336    66.168    -3.2%    86.952    80.136    -7.8%    97.651    85.642   -12.3%    97.651    85.642   -12.3%   145.797   207.392    42.2%
('BrowseDayOfYearSSDVFacets', None)    72.447    67.188    -7.3%    93.364    88.125    -5.6%    93.977    92.426    -1.7%    93.977    92.426    -1.7%   103.104   145.568    41.2%
('BrowseDayOfYearTaxoFacets', None)    62.799    62.230    -0.9%    82.500    72.107   -12.6%    82.920    72.171   -13.0%    82.920    72.171   -13.0%    90.074    75.277   -16.4%
 ('BrowseMonthSSDVFacets', None)    62.630    65.985     5.4%    82.435    83.368     1.1%    85.248    93.577     9.8%    85.248    93.577     9.8%   166.136   169.674     2.1%
 ('BrowseMonthTaxoFacets', None)    90.200    26.604   -70.5%   101.290    72.191   -28.7%   101.628    79.578   -21.7%   101.628    79.578   -21.7%   174.546   241.976    38.6%
('BrowseRandomLabelSSDVFacets', None)    91.123    92.044     1.0%   142.402   140.370    -1.4%   170.808   146.953   -14.0%   170.808   146.953   -14.0%   371.630   370.724    -0.2%
('BrowseRandomLabelTaxoFacets', None)    81.088    74.935    -7.6%   116.352    95.664   -17.8%   120.946   100.820   -16.6%   120.946   100.820   -16.6%   123.556   231.642    87.5%
             ('ConstMSM2', None)     0.725     0.972    34.2%     1.646     1.546    -6.0%     2.437     2.953    21.2%     2.437     2.953    21.2%    27.715    15.835   -42.9%
                ('Fuzzy1', None)    11.254    12.626    12.2%    19.786    15.332   -22.5%    35.253    30.637   -13.1%    35.253    30.637   -13.1%    54.494    49.722    -8.8%
                ('Fuzzy2', None)    13.684    13.824     1.0%    18.608    23.061    23.9%    50.336    42.855   -14.9%    50.336    42.855   -14.9%   112.925   116.401     3.1%
  ('HighIntervalsOrdered', None)    15.087    16.923    12.2%    23.578    28.715    21.8%    46.818    44.908    -4.1%    46.818    44.908    -4.1%   101.588   106.288     4.6%
            ('HighPhrase', None)     2.272     2.311     1.7%     5.736     6.116     6.6%     8.214     6.252   -23.9%     8.214     6.252   -23.9%    11.146    15.461    38.7%
      ('HighSloppyPhrase', None)     3.734     3.879     3.9%     7.467     6.736    -9.8%     8.738     7.162   -18.0%     8.738     7.162   -18.0%    99.786    80.756   -19.1%
          ('HighSpanNear', None)     6.643     6.904     3.9%    13.334    11.222   -15.8%    14.651    11.487   -21.6%    14.651    11.487   -21.6%    46.070    31.189   -32.3%
              ('HighTerm', None)     0.837     0.826    -1.3%     2.181     1.341   -38.5%     6.115     1.918   -68.6%     6.115     1.918   -68.6%    89.410    98.837    10.5%
('HighTermDayOfYearSort', 'DayOfYear')     2.077     2.085     0.4%     7.104     9.646    35.8%     8.810    14.091    59.9%     8.810    14.091    59.9%    58.907    52.273   -11.3%
  ('HighTermMonthSort', 'Month')     0.623     0.742    19.1%     1.648     1.408   -14.5%     2.251     3.526    56.7%     2.251     3.526    56.7%    11.425    11.906     4.2%
('HighTermTitleBDVSort', 'TitleBinary')    13.249    13.229    -0.2%    24.189    22.049    -8.8%    29.788    22.126   -25.7%    29.788    22.126   -25.7%   105.082    84.696   -19.4%
  ('HighTermTitleSort', 'Title')     9.046     8.389    -7.3%    15.194    21.933    44.4%    48.045    43.218   -10.0%    48.045    43.218   -10.0%    51.229    63.389    23.7%
                ('IntNRQ', None)     0.783     0.991    26.6%     3.067     2.788    -9.1%     3.208     3.989    24.3%     3.208     3.989    24.3%    38.120    55.312    45.1%
                ('IntSet', None)     1.759     1.470   -16.4%     5.647     4.373   -22.6%    14.119     8.284   -41.3%    14.119     8.284   -41.3%    43.061    79.346    84.3%
   ('LowIntervalsOrdered', None)     4.642     4.961     6.9%     7.824     7.106    -9.2%     7.886     7.885    -0.0%     7.886     7.885    -0.0%   102.629   119.559    16.5%
             ('LowPhrase', None)     8.960     9.306     3.9%    20.623    13.475   -34.7%    20.783    15.632   -24.8%    20.783    15.632   -24.8%    39.779    35.739   -10.2%
       ('LowSloppyPhrase', None)     4.363     4.283    -1.8%    11.504    10.710    -6.9%    17.733    11.261   -36.5%    17.733    11.261   -36.5%    34.987    22.605   -35.4%
           ('LowSpanNear', None)     4.460     4.203    -5.8%     7.787    10.996    41.2%    10.541    14.100    33.8%    10.541    14.100    33.8%   143.246   142.108    -0.8%
               ('LowTerm', None)     0.468     0.383   -18.2%     0.875     0.648   -25.9%     0.938     0.777   -17.1%     0.938     0.777   -17.1%     2.202     1.498   -32.0%
   ('MedIntervalsOrdered', None)     2.833     2.888     1.9%     8.390     4.373   -47.9%    12.524     6.090   -51.4%    12.524     6.090   -51.4%    20.673    13.182   -36.2%
             ('MedPhrase', None)     7.017     6.978    -0.6%    13.896    12.757    -8.2%    28.442    13.310   -53.2%    28.442    13.310   -53.2%   167.777   170.358     1.5%
       ('MedSloppyPhrase', None)     4.910     4.936     0.5%    12.181     9.529   -21.8%    14.503    17.871    23.2%    14.503    17.871    23.2%    47.376    36.437   -23.1%
           ('MedSpanNear', None)     4.408     4.307    -2.3%     7.913    13.120    65.8%    12.394    16.906    36.4%    12.394    16.906    36.4%    24.091    24.861     3.2%
               ('MedTerm', None)     0.610     0.585    -4.2%     1.768     1.096   -38.0%     1.784     1.549   -13.2%     1.784     1.549   -13.2%     1.950     9.593   391.9%
  ('MedTermDayTaxoFacets', None)     9.972    11.568    16.0%    13.341    26.585    99.3%    36.174    53.043    46.6%    36.174    53.043    46.6%   107.528   116.658     8.5%
            ('OrHighHigh', None)     1.506     1.661    10.3%     4.450     4.412    -0.9%    16.522    10.593   -35.9%    16.522    10.593   -35.9%   141.925   158.614    11.8%
             ('OrHighLow', None)     0.920     0.857    -6.9%     1.626     3.138    93.0%     3.379     4.251    25.8%     3.379     4.251    25.8%     3.896     4.399    12.9%
             ('OrHighMed', None)     0.947     0.922    -2.7%     2.423     2.510     3.6%     2.804     3.221    14.9%     2.804     3.221    14.9%    80.812    80.950     0.2%
('OrHighMedDayTaxoFacets', None)    51.485    50.136    -2.6%    83.432    71.843   -13.9%    88.232    72.268   -18.1%    88.232    72.268   -18.1%   302.352   244.641   -19.1%
         ('OrHighNotHigh', None)     1.084     1.463    34.9%     2.058     2.847    38.3%     3.204     2.912    -9.1%     3.204     2.912    -9.1%    25.931     4.382   -83.1%
          ('OrHighNotLow', None)     1.077     1.349    25.2%     2.557     7.133   179.0%     3.891     7.378    89.6%     3.891     7.378    89.6%    24.297    16.024   -34.0%
          ('OrHighNotMed', None)     1.008     1.190    18.1%     1.689     2.512    48.8%     2.833     3.680    29.9%     2.833     3.680    29.9%    17.826    23.386    31.2%
         ('OrNotHighHigh', None)     1.140     1.337    17.3%     3.155     2.222   -29.6%     4.117     3.728    -9.5%     4.117     3.728    -9.5%     7.955    10.287    29.3%
          ('OrNotHighLow', None)     0.667     0.608    -8.8%     1.271     1.484    16.7%     2.058     2.215     7.6%     2.058     2.215     7.6%    22.398    14.589   -34.9%
          ('OrNotHighMed', None)     0.897     1.025    14.3%     2.519     4.000    58.8%     8.677     5.723   -34.0%     8.677     5.723   -34.0%   103.856    84.535   -18.6%
                   ('PKLookup',)     5.533     5.535     0.0%     8.117     7.365    -9.3%    10.345     9.668    -6.5%    10.345     9.668    -6.5%    18.658    18.459    -1.1%
               ('Prefix3', None)     0.864     0.930     7.6%     2.199     2.219     0.9%     3.280     4.858    48.1%     3.280     4.858    48.1%    11.826    15.254    29.0%
                    ('Respell',)    17.036    17.134     0.6%    23.283    31.107    33.6%    32.898    33.356     1.4%    32.898    33.356     1.4%   205.683   249.209    21.2%
('TermDateTimeSort', 'DateTime')     2.211     2.312     4.6%     6.894     6.462    -6.3%     7.354     7.051    -4.1%     7.354     7.051    -4.1%    33.687    33.377    -0.9%
              ('Wildcard', None)     2.567     2.720     6.0%     6.286    10.171    61.8%    19.532    10.847   -44.5%    19.532    10.847   -44.5%    30.655    23.437   -23.5%
                 ('range', None)     0.189     0.194     2.7%     0.374     0.634    69.7%     0.872     0.761   -12.7%     0.872     0.761   -12.7%     1.260     1.142    -9.4%
                            Task    QPS armJ      StdDev    QPS armA      StdDev                Pct diff p-value
                   OrNotHighHigh      904.64      (7.6%)      850.64      (7.4%)   -6.0% ( -19% -    9%) 0.021
           BrowseMonthSSDVFacets       17.69     (12.7%)       16.76     (10.8%)   -5.3% ( -25% -   20%) 0.194
                      AndHighMed     1029.34      (5.7%)      975.16      (6.7%)   -5.3% ( -16% -    7%) 0.014
                    OrHighNotLow      952.23     (10.3%)      906.91     (10.6%)   -4.8% ( -23% -   18%) 0.185
                           range     6294.94      (9.2%)     6022.01     (10.2%)   -4.3% ( -21% -   16%) 0.192
                    OrHighNotMed      985.01     (10.1%)      944.25      (9.4%)   -4.1% ( -21% -   17%) 0.217
                        PKLookup      225.18      (9.8%)      216.42     (10.7%)   -3.9% ( -22% -   18%) 0.269
                  AndMissingHigh     3739.80      (7.5%)     3646.68      (5.5%)   -2.5% ( -14% -   11%) 0.268
           BrowseMonthTaxoFacets       35.49     (33.0%)       34.72     (37.0%)   -2.2% ( -54% -  101%) 0.857
         AndHighMedDayTaxoFacets      280.93      (3.5%)      275.00      (3.6%)   -2.1% (  -8% -    5%) 0.082
            HighTermTitleBDVSort       79.16      (4.4%)       77.72      (3.9%)   -1.8% (  -9% -    6%) 0.205
          OrHighMedDayTaxoFacets       20.16      (7.7%)       19.84      (4.6%)   -1.6% ( -12% -   11%) 0.464
                          Fuzzy1       88.02      (8.3%)       86.62      (7.6%)   -1.6% ( -16% -   15%) 0.562
                      TermDTSort      468.49      (3.8%)      461.56      (4.4%)   -1.5% (  -9% -    6%) 0.294
                          IntNRQ     1144.09      (7.9%)     1128.00      (9.2%)   -1.4% ( -17% -   17%) 0.634
                   OrHighNotHigh      836.07     (10.5%)      824.40      (8.8%)   -1.4% ( -18% -   19%) 0.674
                       MedPhrase      139.05      (3.4%)      137.32      (4.0%)   -1.2% (  -8% -    6%) 0.325
     BrowseRandomLabelSSDVFacets       11.20      (6.3%)       11.07      (8.0%)   -1.2% ( -14% -   14%) 0.641
                 LowSloppyPhrase      231.42      (5.4%)      228.91      (5.9%)   -1.1% ( -11% -   10%) 0.578
                        BM25MSM2       57.23      (3.7%)       56.64      (3.3%)   -1.0% (  -7% -    6%) 0.394
                       OrHighMed     1122.87      (5.5%)     1118.20      (8.1%)   -0.4% ( -13% -   13%) 0.860
                         MedTerm     1624.90      (6.9%)     1620.87      (7.7%)   -0.2% ( -13% -   15%) 0.921
           HighTermDayOfYearSort      474.97      (8.3%)      474.03      (6.6%)   -0.2% ( -13% -   16%) 0.939
                HighSloppyPhrase      255.61      (3.2%)      255.59      (4.6%)   -0.0% (  -7% -    8%) 0.996
                       ConstMSM2     1366.15      (5.8%)     1367.07      (7.3%)    0.1% ( -12% -   13%) 0.976
                         LowTerm     2392.18      (8.5%)     2394.11      (9.2%)    0.1% ( -16% -   19%) 0.979
                      HighPhrase      427.26      (3.4%)      428.32      (3.9%)    0.2% (  -6% -    7%) 0.842
                    OrNotHighMed     1028.87      (6.8%)     1032.30      (5.7%)    0.3% ( -11% -   13%) 0.877
                          Fuzzy2       77.01      (5.3%)       77.51      (6.6%)    0.7% ( -10% -   13%) 0.751
                     AndHighHigh      588.35      (9.4%)      593.16      (6.2%)    0.8% ( -13% -   18%) 0.763
                    HighSpanNear      154.35      (2.9%)      155.77      (3.7%)    0.9% (  -5% -    7%) 0.416
                 MedSloppyPhrase      201.59      (3.7%)      203.53      (2.2%)    1.0% (  -4% -    7%) 0.357
               HighTermTitleSort      120.10     (10.4%)      121.27      (8.4%)    1.0% ( -16% -   22%) 0.763
               HighTermMonthSort     1531.70      (6.4%)     1546.68      (4.5%)    1.0% (  -9% -   12%) 0.606
        AndHighHighDayTaxoFacets       31.60      (5.6%)       31.92      (5.2%)    1.0% (  -9% -   12%) 0.590
                      OrHighHigh      622.98      (6.7%)      629.67      (5.8%)    1.1% ( -10% -   14%) 0.618
            MedTermDayTaxoFacets       93.08      (6.3%)       94.08      (6.7%)    1.1% ( -11% -   14%) 0.628
                        HighTerm     1148.18     (10.1%)     1160.64      (8.0%)    1.1% ( -15% -   21%) 0.729
                     MedSpanNear      243.93      (9.3%)      246.67      (5.9%)    1.1% ( -12% -   18%) 0.674
                       LowPhrase      109.66      (3.5%)      110.96      (3.8%)    1.2% (  -5% -    8%) 0.347
             LowIntervalsOrdered      207.68      (6.0%)      210.26      (6.1%)    1.2% ( -10% -   14%) 0.551
                         Respell       64.26      (5.7%)       65.07      (6.1%)    1.3% (  -9% -   13%) 0.533
             MedIntervalsOrdered      357.80      (4.9%)      362.42      (4.2%)    1.3% (  -7% -   10%) 0.408
                        Wildcard      381.68      (2.8%)      386.62      (4.1%)    1.3% (  -5% -    8%) 0.282
                          IntSet      698.20      (9.9%)      711.48      (9.5%)    1.9% ( -15% -   23%) 0.568
            HighIntervalsOrdered       62.72      (8.2%)       64.14      (4.9%)    2.3% (  -9% -   16%) 0.324
                    OrNotHighLow     1612.25      (5.6%)     1651.74      (7.1%)    2.4% (  -9% -   15%) 0.262
                       OrHighLow     1111.17      (5.3%)     1138.76      (6.9%)    2.5% (  -9% -   15%) 0.238
       BrowseDayOfYearSSDVFacets       15.62      (9.4%)       16.02     (13.4%)    2.6% ( -18% -   28%) 0.518
                     LowSpanNear      226.53      (5.8%)      232.99      (3.2%)    2.9% (  -5% -   12%) 0.078
                         Prefix3     1082.10      (9.6%)     1113.52      (7.9%)    2.9% ( -13% -   22%) 0.335
            BrowseDateSSDVFacets        2.81      (6.3%)        2.90      (6.8%)    2.9% (  -9% -   17%) 0.191
                      AndHighLow     1859.03      (6.3%)     1935.83      (7.9%)    4.1% (  -9% -   19%) 0.093
     BrowseRandomLabelTaxoFacets       12.53      (4.5%)       14.59     (43.7%)   16.4% ( -30% -   67%) 0.123
            BrowseDateTaxoFacets       15.06      (6.2%)       18.57     (60.4%)   23.3% ( -40% -   95%) 0.114
       BrowseDayOfYearTaxoFacets       15.84      (4.9%)       19.53     (62.8%)   23.3% ( -42% -   95%) 0.128
  iter 17
    armJ:
      NOTE: using experimental CPU time profiler (see https://mostlynerdless.de/blog/2025/06/11/java-25s-new-cpu-time-profiler-1)
      log: /home/goankur/vsearch/logs/FJAc.armJ.17 + stdout
      run: /usr/bin/perf stat -dd -e task-clock,cycles,instructions,cache-references,cache-misses,L1-dcache-loads,L1-dcache-load-misses,L1-icache-loads,L1-icache-load-misses,LLC-loads,LLC-load-misses,LLC-stores,LLC-store-misses,LLC-prefetches,LLC-prefetch-misses,faults,minor-faults,major-faults,branches,branch-misses,stalled-cycles-frontend,stalled-cycles-backend /home/goankur/jdk/corretto-25/bin/java -server -Xms2g -Xmx2g --add-modules jdk.incubator.vector -XX:+HeapDumpOnOutOfMemoryError -XX:+UseParallelGC -XX:StartFlightRecording=jdk.CPUTimeSample#enabled=true,dumponexit=true,maxsize=250M,settings=/home/goankur/vsearch/util/src/python/profiling.jfc,filename=/home/goankur/vsearch/logs/bench-search-FJAc-armJ-17.jfr -XX:+UnlockDiagnosticVMOptions -XX:+DebugNonSafepoints -classpath /home/goankur/vsearch/bo/lucene-J/lucene/core/build/libs/lucene-core-11.0.0-SNAPSHOT.jar:/home/goankur/vsearch/bo/lucene-J/lucene/sandbox/build/classes/java/main:/home/goankur/vsearch/bo/lucene-J/lucene/misc/build/classes/java/main:/home/goankur/vsearch/bo/lucene-J/lucene/facet/build/classes/java/main:/home/goankur/vsearch/bo/lucene-J/lucene/analysis/common/build/classes/java/main:/home/goankur/vsearch/bo/lucene-J/lucene/analysis/icu/build/classes/java/main:/home/goankur/vsearch/bo/lucene-J/lucene/queryparser/build/classes/java/main:/home/goankur/vsearch/bo/lucene-J/lucene/grouping/build/classes/java/main:/home/goankur/vsearch/bo/lucene-J/lucene/suggest/build/classes/java/main:/home/goankur/vsearch/bo/lucene-J/lucene/highlighter/build/classes/java/main:/home/goankur/vsearch/bo/lucene-J/lucene/codecs/build/classes/java/main:/home/goankur/vsearch/bo/lucene-J/lucene/queries/build/classes/java/main:/home/goankur/vsearch/bo/lucene-J/lucene/join/build/classes/java/main:/home/goankur/vsearch/bo/lucene-J/lucene/spatial3d/build/classes/java/main:/home/goankur/vsearch/util/lib/HdrHistogram.jar:/home/goankur/vsearch/util/src/main/build/classes/java/main:/home/goankur/vsearch/util/build perf.SearchPerfTest -dirImpl MMapDirectory -indexPath /home/goankur/vsearch/indices/wikimedium10m.lucene-A.facets.taxonomy:Date.taxonomy:Month.taxonomy:DayOfYear.sortedset:Date.sortedset:Month.sortedset:DayOfYear.taxonomy:RandomLabel.sortedset:RandomLabel.Lucene90.Lucene104.dvfields.nd10M -facets taxonomy:Date;Date -facets taxonomy:Month;Month -facets taxonomy:DayOfYear;DayOfYear -facets sortedset:Date;Date -facets sortedset:Month;Month -facets sortedset:DayOfYear;DayOfYear -facets taxonomy:RandomLabel;RandomLabel -facets sortedset:RandomLabel;RandomLabel -analyzer StandardAnalyzer -taskSource /home/goankur/vsearch/util/tasks/wikimedium.10M.nostopwords.tasks -numConcurrentQueries 5 -taskRepeatCount 20 -field body -tasksPerCat 1 -searchConcurrency -1 -staticSeed -4799930 -seed 157868 -similarity BM25Similarity -commit multi -hiliteImpl FastVectorHighlighter -log /home/goankur/vsearch/logs/FJAc.armJ.17 -topN 100 -context  -pk -pollute
      8.8 s
      226.0 actual sustained QPS; -1.0 CPU cores used
    armA:
      NOTE: using experimental CPU time profiler (see https://mostlynerdless.de/blog/2025/06/11/java-25s-new-cpu-time-profiler-1)
      log: /home/goankur/vsearch/logs/FJAc.armA.17 + stdout
      run: /usr/bin/perf stat -dd -e task-clock,cycles,instructions,cache-references,cache-misses,L1-dcache-loads,L1-dcache-load-misses,L1-icache-loads,L1-icache-load-misses,LLC-loads,LLC-load-misses,LLC-stores,LLC-store-misses,LLC-prefetches,LLC-prefetch-misses,faults,minor-faults,major-faults,branches,branch-misses,stalled-cycles-frontend,stalled-cycles-backend /home/goankur/jdk/corretto-25/bin/java -server -Xms2g -Xmx2g --add-modules jdk.incubator.vector -XX:+HeapDumpOnOutOfMemoryError -XX:+UseParallelGC -XX:StartFlightRecording=jdk.CPUTimeSample#enabled=true,dumponexit=true,maxsize=250M,settings=/home/goankur/vsearch/util/src/python/profiling.jfc,filename=/home/goankur/vsearch/logs/bench-search-FJAc-armA-17.jfr -XX:+UnlockDiagnosticVMOptions -XX:+DebugNonSafepoints -classpath /home/goankur/vsearch/bo/lucene-A/lucene/core/build/libs/lucene-core-11.0.0-SNAPSHOT.jar:/home/goankur/vsearch/bo/lucene-A/lucene/sandbox/build/classes/java/main:/home/goankur/vsearch/bo/lucene-A/lucene/misc/build/classes/java/main:/home/goankur/vsearch/bo/lucene-A/lucene/facet/build/classes/java/main:/home/goankur/vsearch/bo/lucene-A/lucene/analysis/common/build/classes/java/main:/home/goankur/vsearch/bo/lucene-A/lucene/analysis/icu/build/classes/java/main:/home/goankur/vsearch/bo/lucene-A/lucene/queryparser/build/classes/java/main:/home/goankur/vsearch/bo/lucene-A/lucene/grouping/build/classes/java/main:/home/goankur/vsearch/bo/lucene-A/lucene/suggest/build/classes/java/main:/home/goankur/vsearch/bo/lucene-A/lucene/highlighter/build/classes/java/main:/home/goankur/vsearch/bo/lucene-A/lucene/codecs/build/classes/java/main:/home/goankur/vsearch/bo/lucene-A/lucene/queries/build/classes/java/main:/home/goankur/vsearch/bo/lucene-A/lucene/join/build/classes/java/main:/home/goankur/vsearch/bo/lucene-A/lucene/spatial3d/build/classes/java/main:/home/goankur/vsearch/util/lib/HdrHistogram.jar:/home/goankur/vsearch/util/src/main/build/classes/java/main:/home/goankur/vsearch/util/build perf.SearchPerfTest -dirImpl MMapDirectory -indexPath /home/goankur/vsearch/indices/wikimedium10m.lucene-A.facets.taxonomy:Date.taxonomy:Month.taxonomy:DayOfYear.sortedset:Date.sortedset:Month.sortedset:DayOfYear.taxonomy:RandomLabel.sortedset:RandomLabel.Lucene90.Lucene104.dvfields.nd10M -facets taxonomy:Date;Date -facets taxonomy:Month;Month -facets taxonomy:DayOfYear;DayOfYear -facets sortedset:Date;Date -facets sortedset:Month;Month -facets sortedset:DayOfYear;DayOfYear -facets taxonomy:RandomLabel;RandomLabel -facets sortedset:RandomLabel;RandomLabel -analyzer StandardAnalyzer -taskSource /home/goankur/vsearch/util/tasks/wikimedium.10M.nostopwords.tasks -numConcurrentQueries 5 -taskRepeatCount 20 -field body -tasksPerCat 1 -searchConcurrency -1 -staticSeed -4799930 -seed 157868 -similarity BM25Similarity -commit multi -hiliteImpl FastVectorHighlighter -log /home/goankur/vsearch/logs/FJAc.armA.17 -topN 100 -context  -pk -pollute
      9.6 s
      230.0 actual sustained QPS; -1.0 CPU cores used

Report after iter 17:
QPSChart.supported == False
                            Task     P50 B     P50 C     Diff     P90 B     P90 C     Diff     P99 B     P99 C     Diff    P999 B    P999 C     Diff    P100 B    P100 C     Diff
           ('AndHighHigh', None)     1.880     1.914     1.8%     6.298     7.151    13.6%    13.037     7.434   -43.0%    13.037     7.434   -43.0%    15.343    58.187   279.2%
('AndHighHighDayTaxoFacets', None)    36.604    32.556   -11.1%    50.443    51.926     2.9%    57.501    61.273     6.6%    57.501    61.273     6.6%   181.006   231.184    27.7%
            ('AndHighLow', None)     0.525     0.515    -2.0%     1.269     1.446    13.9%     1.956     1.782    -8.9%     1.956     1.782    -8.9%    10.591     8.410   -20.6%
            ('AndHighMed', None)     0.971     1.092    12.5%     4.800     5.626    17.2%     7.194     7.035    -2.2%     7.194     7.035    -2.2%    23.342     7.381   -68.4%
('AndHighMedDayTaxoFacets', None)     3.878     3.865    -0.3%     7.285    12.530    72.0%     8.820    17.039    93.2%     8.820    17.039    93.2%    37.494    36.822    -1.8%
     ('AndMissingHigh', 'Title')     0.275     0.272    -1.1%     0.835     0.776    -7.0%     1.432     0.793   -44.7%     1.432     0.793   -44.7%    11.436    10.996    -3.9%
              ('BM25MSM2', None)    17.989    17.426    -3.1%    26.922    41.987    56.0%    43.137    43.449     0.7%    43.137    43.449     0.7%   285.409   279.667    -2.0%
  ('BrowseDateSSDVFacets', None)   395.144   367.342    -7.0%   474.419   455.653    -4.0%   478.436   473.069    -1.1%   478.436   473.069    -1.1%   552.207   476.798   -13.7%
  ('BrowseDateTaxoFacets', None)    20.165    63.502   214.9%    28.039    75.927   170.8%    32.988    89.179   170.3%    32.988    89.179   170.3%   148.999   148.307    -0.5%
('BrowseDayOfYearSSDVFacets', None)    50.430    47.942    -4.9%    55.664    57.347     3.0%    58.900    60.100     2.0%    58.900    60.100     2.0%   146.545   201.637    37.6%
('BrowseDayOfYearTaxoFacets', None)    21.437    65.088   203.6%    41.437    85.180   105.6%    49.864    89.927    80.3%    49.864    89.927    80.3%    75.906   129.696    70.9%
 ('BrowseMonthSSDVFacets', None)    64.838    67.800     4.6%    81.541    97.793    19.9%    89.315    99.717    11.6%    89.315    99.717    11.6%   154.766   101.257   -34.6%
 ('BrowseMonthTaxoFacets', None)    24.899    82.516   231.4%    30.621    99.290   224.3%    78.127   102.913    31.7%    78.127   102.913    31.7%   252.142   319.919    26.9%
('BrowseRandomLabelSSDVFacets', None)    95.617   103.208     7.9%   139.877   123.542   -11.7%   207.363   132.034   -36.3%   207.363   132.034   -36.3%   250.622   272.836     8.9%
('BrowseRandomLabelTaxoFacets', None)    31.039    80.789   160.3%    45.969   100.704   119.1%    84.850   117.858    38.9%    84.850   117.858    38.9%   163.756   247.388    51.1%
             ('ConstMSM2', None)     0.791     0.754    -4.7%     2.058     1.437   -30.2%     4.707     3.977   -15.5%     4.707     3.977   -15.5%    29.916     4.712   -84.3%
                ('Fuzzy1', None)    11.216    13.191    17.6%    26.724    26.621    -0.4%    31.775    31.334    -1.4%    31.775    31.334    -1.4%   188.020   141.079   -25.0%
                ('Fuzzy2', None)    12.438    14.314    15.1%    21.796    18.663   -14.4%    27.804    27.733    -0.3%    27.804    27.733    -0.3%    57.164    62.635     9.6%
  ('HighIntervalsOrdered', None)    15.441    16.079     4.1%    27.817    25.851    -7.1%    28.473    26.998    -5.2%    28.473    26.998    -5.2%   323.825   340.296     5.1%
            ('HighPhrase', None)     2.333     2.356     1.0%     4.244     5.359    26.3%     8.835     7.792   -11.8%     8.835     7.792   -11.8%    17.958    13.564   -24.5%
      ('HighSloppyPhrase', None)     3.892     4.434    13.9%     8.613     7.715   -10.4%    16.495    11.060   -32.9%    16.495    11.060   -32.9%    53.646    11.713   -78.2%
          ('HighSpanNear', None)     6.241     6.465     3.6%    18.746    11.716   -37.5%    26.970    17.409   -35.4%    26.970    17.409   -35.4%    32.227    23.874   -25.9%
              ('HighTerm', None)     0.819     0.962    17.5%     1.777     8.183   360.4%     5.167    10.561   104.4%     5.167    10.561   104.4%     9.907    11.681    17.9%
('HighTermDayOfYearSort', 'DayOfYear')     2.299     2.150    -6.5%     8.193     7.647    -6.7%    11.563     9.455   -18.2%    11.563     9.455   -18.2%    44.857    46.037     2.6%
  ('HighTermMonthSort', 'Month')     0.643     0.655     1.9%     1.615     1.682     4.1%     1.791     1.888     5.5%     1.791     1.888     5.5%    41.296    18.153   -56.0%
('HighTermTitleBDVSort', 'TitleBinary')    14.377    13.042    -9.3%    27.041    26.192    -3.1%    30.366    34.749    14.4%    30.366    34.749    14.4%    88.831    58.736   -33.9%
  ('HighTermTitleSort', 'Title')     9.901     9.502    -4.0%    24.154    26.429     9.4%    60.523    38.712   -36.0%    60.523    38.712   -36.0%    80.642    95.255    18.1%
                ('IntNRQ', None)     0.984     0.997     1.3%     2.591     2.537    -2.1%     5.536     7.781    40.5%     5.536     7.781    40.5%    65.252    75.922    16.4%
                ('IntSet', None)     1.725     1.675    -2.9%     5.702     9.659    69.4%     8.645    11.450    32.4%     8.645    11.450    32.4%    46.416    75.586    62.8%
   ('LowIntervalsOrdered', None)     4.541     4.627     1.9%     7.743     7.898     2.0%     9.986    10.741     7.6%     9.986    10.741     7.6%    23.948    12.464   -48.0%
             ('LowPhrase', None)     9.144     9.225     0.9%    17.719    14.326   -19.1%    21.311    32.416    52.1%    21.311    32.416    52.1%    26.366    52.686    99.8%
       ('LowSloppyPhrase', None)     4.454     4.826     8.3%    13.773    10.966   -20.4%    15.345    14.895    -2.9%    15.345    14.895    -2.9%    85.371    59.695   -30.1%
           ('LowSpanNear', None)     4.219     4.452     5.5%    14.761     9.881   -33.1%    14.846    10.630   -28.4%    14.846    10.630   -28.4%   140.668   195.478    39.0%
               ('LowTerm', None)     0.416     0.455     9.4%     1.852     1.598   -13.7%     1.972     1.947    -1.2%     1.972     1.947    -1.2%     7.281    14.759   102.7%
   ('MedIntervalsOrdered', None)     2.511     3.420    36.2%    10.784     7.326   -32.1%    13.551     9.092   -32.9%    13.551     9.092   -32.9%    28.985    10.119   -65.1%
             ('MedPhrase', None)     8.388     7.136   -14.9%    19.216    19.180    -0.2%    21.620    25.118    16.2%    21.620    25.118    16.2%   285.169   319.963    12.2%
       ('MedSloppyPhrase', None)     5.017     5.332     6.3%    11.307    12.066     6.7%    19.389    12.091   -37.6%    19.389    12.091   -37.6%    26.488    22.317   -15.7%
           ('MedSpanNear', None)     4.395     4.583     4.3%    13.526     7.668   -43.3%    16.147     7.680   -52.4%    16.147     7.680   -52.4%    53.530    27.873   -47.9%
               ('MedTerm', None)     0.640     0.632    -1.4%     2.049     2.165     5.7%     3.262     4.394    34.7%     3.262     4.394    34.7%    20.884    31.491    50.8%
  ('MedTermDayTaxoFacets', None)    10.666    11.090     4.0%    12.024    14.037    16.7%    14.175    15.156     6.9%    14.175    15.156     6.9%    93.013   122.975    32.2%
            ('OrHighHigh', None)     1.558     1.626     4.4%     2.735     3.328    21.7%     4.345    13.005   199.3%     4.345    13.005   199.3%    17.866    53.238   198.0%
             ('OrHighLow', None)     0.975     0.936    -4.0%     2.229     2.944    32.1%     2.269    29.975  1221.1%     2.269    29.975  1221.1%   202.178   146.580   -27.5%
             ('OrHighMed', None)     0.936     0.879    -6.1%     2.869     4.034    40.6%     3.038     4.184    37.7%     3.038     4.184    37.7%    13.717    33.973   147.7%
('OrHighMedDayTaxoFacets', None)    49.441    49.845     0.8%    70.525    80.600    14.3%    71.629   129.491    80.8%    71.629   129.491    80.8%   332.533   499.486    50.2%
         ('OrHighNotHigh', None)     1.276     1.194    -6.5%     3.164     3.448     9.0%     9.961    32.949   230.8%     9.961    32.949   230.8%    22.782    35.453    55.6%
          ('OrHighNotLow', None)     1.143     0.989   -13.5%     2.552     2.389    -6.4%    11.882     3.936   -66.9%    11.882     3.936   -66.9%    15.146     6.809   -55.0%
          ('OrHighNotMed', None)     1.027     0.956    -6.9%     5.396     1.887   -65.0%    10.205     2.331   -77.2%    10.205     2.331   -77.2%    24.763    21.137   -14.6%
         ('OrNotHighHigh', None)     1.159     1.219     5.2%     3.162     3.774    19.4%     9.660     5.995   -37.9%     9.660     5.995   -37.9%    32.614    37.911    16.2%
          ('OrNotHighLow', None)     0.711     0.679    -4.5%     2.103     1.986    -5.6%     2.419     2.173   -10.2%     2.419     2.173   -10.2%     3.661     4.172    14.0%
          ('OrNotHighMed', None)     1.077     1.049    -2.6%     3.068     3.662    19.4%     5.188     3.857   -25.7%     5.188     3.857   -25.7%    16.683     5.110   -69.4%
                   ('PKLookup',)     5.443     5.574     2.4%     9.750     9.749    -0.0%    12.734    13.393     5.2%    12.734    13.393     5.2%    17.451    57.979   232.2%
               ('Prefix3', None)     1.153     0.909   -21.2%     5.579     4.596   -17.6%     5.616     7.221    28.6%     5.616     7.221    28.6%    25.196    25.845     2.6%
                    ('Respell',)    14.264    15.788    10.7%    24.124    23.066    -4.4%    31.996    28.286   -11.6%    31.996    28.286   -11.6%   130.125    72.798   -44.1%
('TermDateTimeSort', 'DateTime')     2.316     2.416     4.3%     4.455     6.495    45.8%     5.304     7.051    32.9%     5.304     7.051    32.9%   105.926    82.627   -22.0%
              ('Wildcard', None)     3.486     2.740   -21.4%     7.724     6.100   -21.0%    11.787     9.332   -20.8%    11.787     9.332   -20.8%    21.918    53.272   143.1%
                 ('range', None)     0.204     0.159   -22.1%     0.496     0.516     4.1%     0.619     1.236    99.8%     0.619     1.236    99.8%     0.871    11.955  1272.4%
                            Task    QPS armJ      StdDev    QPS armA      StdDev                Pct diff p-value
           BrowseMonthTaxoFacets       35.81     (32.0%)       33.47     (38.6%)   -6.6% ( -58% -   94%) 0.579
                   OrNotHighHigh      905.38      (7.4%)      851.87      (7.2%)   -5.9% ( -19% -    9%) 0.015
                      AndHighMed     1031.63      (5.6%)      973.18      (6.5%)   -5.7% ( -16% -    6%) 0.005
           BrowseMonthSSDVFacets       17.57     (12.8%)       16.68     (10.8%)   -5.1% ( -25% -   21%) 0.196
                    OrHighNotLow      950.36     (10.1%)      913.41     (10.7%)   -3.9% ( -22% -   18%) 0.262
                        PKLookup      223.20     (10.3%)      215.20     (10.7%)   -3.6% ( -22% -   19%) 0.306
                    OrHighNotMed      987.17      (9.8%)      954.17     (10.0%)   -3.3% ( -21% -   18%) 0.313
                           range     6241.99      (9.7%)     6057.30     (10.2%)   -3.0% ( -20% -   18%) 0.372
                          Fuzzy1       88.26      (8.1%)       86.18      (7.7%)   -2.4% ( -16% -   14%) 0.368
                  AndMissingHigh     3735.78      (7.3%)     3656.59      (5.4%)   -2.1% ( -13% -   11%) 0.322
         AndHighMedDayTaxoFacets      280.48      (3.4%)      274.55      (3.6%)   -2.1% (  -8% -    5%) 0.071
          OrHighMedDayTaxoFacets       20.22      (7.6%)       19.86      (4.5%)   -1.8% ( -12% -   11%) 0.394
                      TermDTSort      467.76      (3.8%)      460.87      (4.3%)   -1.5% (  -9% -    6%) 0.274
            HighTermTitleBDVSort       78.86      (4.6%)       77.72      (3.8%)   -1.4% (  -9% -    7%) 0.303
                          IntNRQ     1139.12      (8.0%)     1122.70      (9.2%)   -1.4% ( -17% -   17%) 0.615
                 LowSloppyPhrase      231.37      (5.2%)      228.50      (5.8%)   -1.2% ( -11% -   10%) 0.501
     BrowseRandomLabelSSDVFacets       11.17      (6.2%)       11.04      (7.9%)   -1.2% ( -14% -   13%) 0.611
                       MedPhrase      138.90      (3.3%)      137.51      (3.9%)   -1.0% (  -7% -    6%) 0.407
                   OrHighNotHigh      834.93     (10.2%)      828.46      (8.7%)   -0.8% ( -17% -   20%) 0.807
                HighSloppyPhrase      255.82      (3.1%)      254.03      (5.2%)   -0.7% (  -8% -    7%) 0.624
                        BM25MSM2       57.18      (3.6%)       56.84      (3.5%)   -0.6% (  -7% -    6%) 0.616
                       OrHighMed     1127.35      (5.6%)     1121.33      (7.9%)   -0.5% ( -13% -   13%) 0.814
                         MedTerm     1629.08      (6.7%)     1620.73      (7.5%)   -0.5% ( -13% -   14%) 0.829
                         LowTerm     2395.38      (8.3%)     2391.38      (8.9%)   -0.2% ( -16% -   18%) 0.954
                      HighPhrase      428.02      (3.3%)      428.11      (3.7%)    0.0% (  -6% -    7%) 0.986
           HighTermDayOfYearSort      473.41      (8.2%)      473.61      (6.5%)    0.0% ( -13% -   15%) 0.986
                       ConstMSM2     1365.52      (5.7%)     1367.73      (7.1%)    0.2% ( -11% -   13%) 0.940
                    OrNotHighMed     1027.02      (6.6%)     1029.30      (5.7%)    0.2% ( -11% -   13%) 0.914
                          Fuzzy2       77.26      (5.3%)       77.43      (6.4%)    0.2% ( -10% -   12%) 0.908
             MedIntervalsOrdered      360.24      (5.5%)      361.42      (4.2%)    0.3% (  -8% -   10%) 0.841
                         Respell       64.75      (6.3%)       65.07      (5.9%)    0.5% ( -11% -   13%) 0.809
                        HighTerm     1152.46      (9.9%)     1158.41      (7.8%)    0.5% ( -15% -   20%) 0.862
                 MedSloppyPhrase      201.51      (3.6%)      202.74      (2.7%)    0.6% (  -5% -    7%) 0.566
                    HighSpanNear      154.81      (3.1%)      155.82      (3.5%)    0.7% (  -5% -    7%) 0.557
                     AndHighHigh      588.05      (9.1%)      592.00      (6.1%)    0.7% ( -13% -   17%) 0.794
               HighTermMonthSort     1538.95      (6.5%)     1549.94      (4.4%)    0.7% (  -9% -   12%) 0.700
            MedTermDayTaxoFacets       93.15      (6.1%)       93.97      (6.5%)    0.9% ( -11% -   14%) 0.675
                     MedSpanNear      243.21      (9.2%)      245.44      (6.1%)    0.9% ( -13% -   17%) 0.724
                      OrHighHigh      624.52      (6.6%)      630.76      (5.7%)    1.0% ( -10% -   14%) 0.625
             LowIntervalsOrdered      208.74      (6.2%)      210.93      (6.1%)    1.0% ( -10% -   14%) 0.608
                       LowPhrase      109.70      (3.4%)      110.86      (3.7%)    1.1% (  -5% -    8%) 0.372
        AndHighHighDayTaxoFacets       31.52      (5.6%)       31.90      (5.0%)    1.2% (  -8% -   12%) 0.502
                        Wildcard      381.22      (2.7%)      386.12      (4.0%)    1.3% (  -5% -    8%) 0.264
               HighTermTitleSort      119.25     (10.6%)      121.14      (8.2%)    1.6% ( -15% -   22%) 0.617
                          IntSet      693.74     (10.1%)      705.56      (9.9%)    1.7% ( -16% -   24%) 0.609
            HighIntervalsOrdered       62.91      (8.0%)       64.08      (4.7%)    1.9% ( -10% -   15%) 0.397
                       OrHighLow     1111.02      (5.1%)     1135.70      (6.8%)    2.2% (  -9% -   14%) 0.267
                     LowSpanNear      227.37      (5.9%)      232.61      (3.2%)    2.3% (  -6% -   12%) 0.143
       BrowseDayOfYearSSDVFacets       15.87     (11.2%)       16.30     (14.7%)    2.7% ( -20% -   32%) 0.537
                    OrNotHighLow     1603.97      (5.8%)     1647.51      (7.0%)    2.7% (  -9% -   16%) 0.207
            BrowseDateSSDVFacets        2.80      (6.5%)        2.89      (6.7%)    3.2% (  -9% -   17%) 0.151
                         Prefix3     1081.13      (9.3%)     1117.66      (7.8%)    3.4% ( -12% -   22%) 0.239
                      AndHighLow     1863.51      (6.2%)     1938.26      (7.7%)    4.0% (  -9% -   19%) 0.085
     BrowseRandomLabelTaxoFacets       13.68     (35.9%)       14.52     (38.9%)    6.1% ( -50% -  126%) 0.627
            BrowseDateTaxoFacets       17.23     (53.6%)       18.41     (51.4%)    6.9% ( -63% -  240%) 0.694
       BrowseDayOfYearTaxoFacets       17.58     (42.2%)       19.31     (55.2%)    9.8% ( -61% -  185%) 0.548
  iter 18
    armA:
      NOTE: using experimental CPU time profiler (see https://mostlynerdless.de/blog/2025/06/11/java-25s-new-cpu-time-profiler-1)
      log: /home/goankur/vsearch/logs/FJAc.armA.18 + stdout
      run: /usr/bin/perf stat -dd -e task-clock,cycles,instructions,cache-references,cache-misses,L1-dcache-loads,L1-dcache-load-misses,L1-icache-loads,L1-icache-load-misses,LLC-loads,LLC-load-misses,LLC-stores,LLC-store-misses,LLC-prefetches,LLC-prefetch-misses,faults,minor-faults,major-faults,branches,branch-misses,stalled-cycles-frontend,stalled-cycles-backend /home/goankur/jdk/corretto-25/bin/java -server -Xms2g -Xmx2g --add-modules jdk.incubator.vector -XX:+HeapDumpOnOutOfMemoryError -XX:+UseParallelGC -XX:StartFlightRecording=jdk.CPUTimeSample#enabled=true,dumponexit=true,maxsize=250M,settings=/home/goankur/vsearch/util/src/python/profiling.jfc,filename=/home/goankur/vsearch/logs/bench-search-FJAc-armA-18.jfr -XX:+UnlockDiagnosticVMOptions -XX:+DebugNonSafepoints -classpath /home/goankur/vsearch/bo/lucene-A/lucene/core/build/libs/lucene-core-11.0.0-SNAPSHOT.jar:/home/goankur/vsearch/bo/lucene-A/lucene/sandbox/build/classes/java/main:/home/goankur/vsearch/bo/lucene-A/lucene/misc/build/classes/java/main:/home/goankur/vsearch/bo/lucene-A/lucene/facet/build/classes/java/main:/home/goankur/vsearch/bo/lucene-A/lucene/analysis/common/build/classes/java/main:/home/goankur/vsearch/bo/lucene-A/lucene/analysis/icu/build/classes/java/main:/home/goankur/vsearch/bo/lucene-A/lucene/queryparser/build/classes/java/main:/home/goankur/vsearch/bo/lucene-A/lucene/grouping/build/classes/java/main:/home/goankur/vsearch/bo/lucene-A/lucene/suggest/build/classes/java/main:/home/goankur/vsearch/bo/lucene-A/lucene/highlighter/build/classes/java/main:/home/goankur/vsearch/bo/lucene-A/lucene/codecs/build/classes/java/main:/home/goankur/vsearch/bo/lucene-A/lucene/queries/build/classes/java/main:/home/goankur/vsearch/bo/lucene-A/lucene/join/build/classes/java/main:/home/goankur/vsearch/bo/lucene-A/lucene/spatial3d/build/classes/java/main:/home/goankur/vsearch/util/lib/HdrHistogram.jar:/home/goankur/vsearch/util/src/main/build/classes/java/main:/home/goankur/vsearch/util/build perf.SearchPerfTest -dirImpl MMapDirectory -indexPath /home/goankur/vsearch/indices/wikimedium10m.lucene-A.facets.taxonomy:Date.taxonomy:Month.taxonomy:DayOfYear.sortedset:Date.sortedset:Month.sortedset:DayOfYear.taxonomy:RandomLabel.sortedset:RandomLabel.Lucene90.Lucene104.dvfields.nd10M -facets taxonomy:Date;Date -facets taxonomy:Month;Month -facets taxonomy:DayOfYear;DayOfYear -facets sortedset:Date;Date -facets sortedset:Month;Month -facets sortedset:DayOfYear;DayOfYear -facets taxonomy:RandomLabel;RandomLabel -facets sortedset:RandomLabel;RandomLabel -analyzer StandardAnalyzer -taskSource /home/goankur/vsearch/util/tasks/wikimedium.10M.nostopwords.tasks -numConcurrentQueries 5 -taskRepeatCount 20 -field body -tasksPerCat 1 -searchConcurrency -1 -staticSeed -4799930 -seed 959680 -similarity BM25Similarity -commit multi -hiliteImpl FastVectorHighlighter -log /home/goankur/vsearch/logs/FJAc.armA.18 -topN 100 -context  -pk -pollute
      9.7 s
      253.4 actual sustained QPS; -1.0 CPU cores used
    armJ:
      NOTE: using experimental CPU time profiler (see https://mostlynerdless.de/blog/2025/06/11/java-25s-new-cpu-time-profiler-1)
      log: /home/goankur/vsearch/logs/FJAc.armJ.18 + stdout
      run: /usr/bin/perf stat -dd -e task-clock,cycles,instructions,cache-references,cache-misses,L1-dcache-loads,L1-dcache-load-misses,L1-icache-loads,L1-icache-load-misses,LLC-loads,LLC-load-misses,LLC-stores,LLC-store-misses,LLC-prefetches,LLC-prefetch-misses,faults,minor-faults,major-faults,branches,branch-misses,stalled-cycles-frontend,stalled-cycles-backend /home/goankur/jdk/corretto-25/bin/java -server -Xms2g -Xmx2g --add-modules jdk.incubator.vector -XX:+HeapDumpOnOutOfMemoryError -XX:+UseParallelGC -XX:StartFlightRecording=jdk.CPUTimeSample#enabled=true,dumponexit=true,maxsize=250M,settings=/home/goankur/vsearch/util/src/python/profiling.jfc,filename=/home/goankur/vsearch/logs/bench-search-FJAc-armJ-18.jfr -XX:+UnlockDiagnosticVMOptions -XX:+DebugNonSafepoints -classpath /home/goankur/vsearch/bo/lucene-J/lucene/core/build/libs/lucene-core-11.0.0-SNAPSHOT.jar:/home/goankur/vsearch/bo/lucene-J/lucene/sandbox/build/classes/java/main:/home/goankur/vsearch/bo/lucene-J/lucene/misc/build/classes/java/main:/home/goankur/vsearch/bo/lucene-J/lucene/facet/build/classes/java/main:/home/goankur/vsearch/bo/lucene-J/lucene/analysis/common/build/classes/java/main:/home/goankur/vsearch/bo/lucene-J/lucene/analysis/icu/build/classes/java/main:/home/goankur/vsearch/bo/lucene-J/lucene/queryparser/build/classes/java/main:/home/goankur/vsearch/bo/lucene-J/lucene/grouping/build/classes/java/main:/home/goankur/vsearch/bo/lucene-J/lucene/suggest/build/classes/java/main:/home/goankur/vsearch/bo/lucene-J/lucene/highlighter/build/classes/java/main:/home/goankur/vsearch/bo/lucene-J/lucene/codecs/build/classes/java/main:/home/goankur/vsearch/bo/lucene-J/lucene/queries/build/classes/java/main:/home/goankur/vsearch/bo/lucene-J/lucene/join/build/classes/java/main:/home/goankur/vsearch/bo/lucene-J/lucene/spatial3d/build/classes/java/main:/home/goankur/vsearch/util/lib/HdrHistogram.jar:/home/goankur/vsearch/util/src/main/build/classes/java/main:/home/goankur/vsearch/util/build perf.SearchPerfTest -dirImpl MMapDirectory -indexPath /home/goankur/vsearch/indices/wikimedium10m.lucene-A.facets.taxonomy:Date.taxonomy:Month.taxonomy:DayOfYear.sortedset:Date.sortedset:Month.sortedset:DayOfYear.taxonomy:RandomLabel.sortedset:RandomLabel.Lucene90.Lucene104.dvfields.nd10M -facets taxonomy:Date;Date -facets taxonomy:Month;Month -facets taxonomy:DayOfYear;DayOfYear -facets sortedset:Date;Date -facets sortedset:Month;Month -facets sortedset:DayOfYear;DayOfYear -facets taxonomy:RandomLabel;RandomLabel -facets sortedset:RandomLabel;RandomLabel -analyzer StandardAnalyzer -taskSource /home/goankur/vsearch/util/tasks/wikimedium.10M.nostopwords.tasks -numConcurrentQueries 5 -taskRepeatCount 20 -field body -tasksPerCat 1 -searchConcurrency -1 -staticSeed -4799930 -seed 959680 -similarity BM25Similarity -commit multi -hiliteImpl FastVectorHighlighter -log /home/goankur/vsearch/logs/FJAc.armJ.18 -topN 100 -context  -pk -pollute
      9.5 s
      270.8 actual sustained QPS; -1.0 CPU cores used

Report after iter 18:
QPSChart.supported == False
                            Task     P50 B     P50 C     Diff     P90 B     P90 C     Diff     P99 B     P99 C     Diff    P999 B    P999 C     Diff    P100 B    P100 C     Diff
           ('AndHighHigh', None)     1.721     2.032    18.1%     5.424     4.116   -24.1%     7.725     4.310   -44.2%     7.725     4.310   -44.2%   172.887   178.830     3.4%
('AndHighHighDayTaxoFacets', None)    32.558    30.418    -6.6%    52.582    60.558    15.2%   141.403    89.815   -36.5%   141.403    89.815   -36.5%   215.705   144.032   -33.2%
            ('AndHighLow', None)     0.571     0.565    -1.1%     1.212     1.692    39.6%     1.550     2.904    87.4%     1.550     2.904    87.4%     2.236     9.293   315.6%
            ('AndHighMed', None)     0.897     1.113    24.1%     1.800     2.008    11.6%     5.399     5.535     2.5%     5.399     5.535     2.5%     6.641    11.402    71.7%
('AndHighMedDayTaxoFacets', None)     3.616     3.606    -0.3%     8.401     9.874    17.5%    11.552    32.914   184.9%    11.552    32.914   184.9%   181.704    66.965   -63.1%
     ('AndMissingHigh', 'Title')     0.297     0.316     6.4%     0.986     0.890    -9.7%     1.374     1.301    -5.3%     1.374     1.301    -5.3%     2.010     9.115   353.6%
              ('BM25MSM2', None)    16.672    18.007     8.0%    28.782    39.685    37.9%    37.604    50.642    34.7%    37.604    50.642    34.7%   221.813   320.251    44.4%
  ('BrowseDateSSDVFacets', None)   372.799   374.174     0.4%   425.078   454.895     7.0%   462.335   489.885     6.0%   462.335   489.885     6.0%   463.563   563.422    21.5%
  ('BrowseDateTaxoFacets', None)    63.861    68.286     6.9%    72.641    77.724     7.0%    77.518    77.926     0.5%    77.518    77.926     0.5%  1154.971   274.158   -76.3%
('BrowseDayOfYearSSDVFacets', None)    55.637    62.560    12.4%    85.632    82.715    -3.4%    86.467    89.551     3.6%    86.467    89.551     3.6%   141.105   364.189   158.1%
('BrowseDayOfYearTaxoFacets', None)    61.000    60.832    -0.3%    69.960    75.820     8.4%    71.203    78.022     9.6%    71.203    78.022     9.6%   998.716    94.784   -90.5%
 ('BrowseMonthSSDVFacets', None)    62.748    60.066    -4.3%    81.133    77.572    -4.4%    81.179    80.031    -1.4%    81.179    80.031    -1.4%    81.257    82.157     1.1%
 ('BrowseMonthTaxoFacets', None)    25.618    22.730   -11.3%    36.850    83.048   125.4%    77.823    86.421    11.0%    77.823    86.421    11.0%   236.784   142.023   -40.0%
('BrowseRandomLabelSSDVFacets', None)    95.729    85.218   -11.0%   111.072   121.032     9.0%   114.231   201.793    76.7%   114.231   201.793    76.7%   275.785   467.924    69.7%
('BrowseRandomLabelTaxoFacets', None)    76.915    80.092     4.1%    87.902    93.912     6.8%    88.289    99.654    12.9%    88.289    99.654    12.9%   132.681   161.462    21.7%
             ('ConstMSM2', None)     0.769     0.830     8.0%     1.408     6.763   380.5%     1.442     8.288   474.9%     1.442     8.288   474.9%     5.620    15.596   177.5%
                ('Fuzzy1', None)    12.198    12.361     1.3%    18.106    38.457   112.4%    26.450    48.165    82.1%    26.450    48.165    82.1%    48.124    52.144     8.4%
                ('Fuzzy2', None)    14.419    13.193    -8.5%    17.160    31.311    82.5%    38.058   109.069   186.6%    38.058   109.069   186.6%   160.982   211.559    31.4%
  ('HighIntervalsOrdered', None)    18.138    18.503     2.0%    31.851    31.143    -2.2%    35.220    45.260    28.5%    35.220    45.260    28.5%    38.551    92.050   138.8%
            ('HighPhrase', None)     2.369     2.320    -2.1%     6.228     5.194   -16.6%     7.114     9.953    39.9%     7.114     9.953    39.9%     9.163    20.394   122.6%
      ('HighSloppyPhrase', None)     3.853     3.978     3.3%     7.129    11.341    59.1%    10.546    13.664    29.6%    10.546    13.664    29.6%    12.185    32.763   168.9%
          ('HighSpanNear', None)     6.189     6.888    11.3%    16.754    13.967   -16.6%    29.720    15.087   -49.2%    29.720    15.087   -49.2%    33.397    18.909   -43.4%
              ('HighTerm', None)     0.911     0.885    -2.9%     1.859     5.151   177.1%     3.315    18.975   472.4%     3.315    18.975   472.4%    25.055    25.333     1.1%
('HighTermDayOfYearSort', 'DayOfYear')     2.098     2.236     6.6%     7.247     8.550    18.0%     7.871     9.179    16.6%     7.871     9.179    16.6%   144.525   177.353    22.7%
  ('HighTermMonthSort', 'Month')     0.749     0.825    10.2%     1.854     1.934     4.4%     2.006     2.469    23.1%     2.006     2.469    23.1%     2.578     8.316   222.6%
('HighTermTitleBDVSort', 'TitleBinary')    13.658    13.618    -0.3%    19.484    26.746    37.3%    40.838    32.166   -21.2%    40.838    32.166   -21.2%    55.678   212.471   281.6%
  ('HighTermTitleSort', 'Title')     8.569     7.517   -12.3%    13.607    21.286    56.4%    16.310    39.197   140.3%    16.310    39.197   140.3%    75.783   117.700    55.3%
                ('IntNRQ', None)     0.827     0.943    14.1%     3.194     3.903    22.2%     3.489     8.288   137.5%     3.489     8.288   137.5%    57.295    96.853    69.0%
                ('IntSet', None)     1.335     1.665    24.7%     4.849     6.001    23.8%     7.327    19.158   161.5%     7.327    19.158   161.5%    25.780    29.746    15.4%
   ('LowIntervalsOrdered', None)     4.815     4.450    -7.6%     6.994     7.506     7.3%    11.722     8.745   -25.4%    11.722     8.745   -25.4%   197.805   194.095    -1.9%
             ('LowPhrase', None)     9.154     8.710    -4.8%    15.536    19.703    26.8%    16.004    20.422    27.6%    16.004    20.422    27.6%    19.532    51.962   166.0%
       ('LowSloppyPhrase', None)     4.213     4.556     8.1%    14.942    12.613   -15.6%    15.312    12.761   -16.7%    15.312    12.761   -16.7%    73.087    92.307    26.3%
           ('LowSpanNear', None)     4.340     5.347    23.2%     9.742    12.080    24.0%    13.788    12.399   -10.1%    13.788    12.399   -10.1%    59.042    82.214    39.2%
               ('LowTerm', None)     0.414     0.424     2.2%     1.493     0.998   -33.1%     1.525     2.100    37.7%     1.525     2.100    37.7%     2.931     2.780    -5.1%
   ('MedIntervalsOrdered', None)     2.967     2.908    -2.0%     4.474     6.431    43.7%     9.012    10.006    11.0%     9.012    10.006    11.0%     9.312    20.509   120.2%
             ('MedPhrase', None)     6.932     7.228     4.3%    15.703    15.457    -1.6%    26.884    52.204    94.2%    26.884    52.204    94.2%   101.778   124.707    22.5%
       ('MedSloppyPhrase', None)     4.767     5.126     7.5%     6.933     9.094    31.2%    13.411    13.411     0.0%    13.411    13.411     0.0%    79.082    59.552   -24.7%
           ('MedSpanNear', None)     4.173     4.001    -4.1%     6.329     6.872     8.6%     8.489    10.323    21.6%     8.489    10.323    21.6%    33.397    22.881   -31.5%
               ('MedTerm', None)     0.640     0.638    -0.2%     1.726     8.338   383.1%     3.203     8.796   174.6%     3.203     8.796   174.6%    14.075    14.552     3.4%
  ('MedTermDayTaxoFacets', None)    10.579    11.367     7.5%    16.501    20.355    23.4%    27.376    27.588     0.8%    27.376    27.588     0.8%    31.549    67.354   113.5%
            ('OrHighHigh', None)     1.574     1.615     2.6%     3.362     4.321    28.5%     5.741     5.721    -0.4%     5.741     5.721    -0.4%    11.265    42.170   274.3%
             ('OrHighLow', None)     0.935     0.886    -5.2%     1.678     2.126    26.7%     1.819     2.608    43.4%     1.819     2.608    43.4%     3.917    23.467   499.1%
             ('OrHighMed', None)     0.892     0.855    -4.1%     1.870     3.972   112.4%     4.925     6.051    22.9%     4.925     6.051    22.9%     5.258    25.321   381.6%
('OrHighMedDayTaxoFacets', None)    46.987    55.215    17.5%    67.292    81.720    21.4%   208.201   205.504    -1.3%   208.201   205.504    -1.3%   301.592   413.579    37.1%
         ('OrHighNotHigh', None)     1.253     1.297     3.5%     2.498     2.101   -15.9%     4.659     7.352    57.8%     4.659     7.352    57.8%    28.968    35.829    23.7%
          ('OrHighNotLow', None)     0.997     1.047     5.0%     2.108     3.264    54.8%     8.262    12.761    54.4%     8.262    12.761    54.4%    20.228    16.247   -19.7%
          ('OrHighNotMed', None)     1.021     1.010    -1.1%     3.773     4.306    14.1%     7.997     8.888    11.1%     7.997     8.888    11.1%    16.851    12.324   -26.9%
         ('OrNotHighHigh', None)     1.151     1.304    13.2%     2.547     2.960    16.2%     6.354    12.743   100.5%     6.354    12.743   100.5%    19.437    23.709    22.0%
          ('OrNotHighLow', None)     0.724     0.680    -6.1%     1.677     1.647    -1.8%     1.812     2.336    28.9%     1.812     2.336    28.9%    10.686    12.762    19.4%
          ('OrNotHighMed', None)     1.011     1.121    10.8%     4.567     2.344   -48.7%    17.533     3.822   -78.2%    17.533     3.822   -78.2%   163.436   195.101    19.4%
                   ('PKLookup',)     5.308     5.231    -1.4%     7.963     8.735     9.7%    16.468    18.492    12.3%    16.468    18.492    12.3%    19.830    27.670    39.5%
               ('Prefix3', None)     0.942     0.863    -8.4%     3.565     4.690    31.6%     5.899     6.305     6.9%     5.899     6.305     6.9%    72.015    92.931    29.0%
                    ('Respell',)    15.547    16.851     8.4%    20.864    32.127    54.0%    46.602    34.183   -26.6%    46.602    34.183   -26.6%    47.545    51.680     8.7%
('TermDateTimeSort', 'DateTime')     2.750     2.495    -9.2%     5.278     7.409    40.4%    19.781    16.994   -14.1%    19.781    16.994   -14.1%   118.289   142.180    20.2%
              ('Wildcard', None)     2.793     3.354    20.1%     6.454     8.395    30.1%     8.229    13.342    62.1%     8.229    13.342    62.1%    21.942    63.269   188.4%
                 ('range', None)     0.202     0.190    -5.9%     0.427     0.679    59.0%     0.676     0.717     5.9%     0.676     0.717     5.9%     1.179     1.097    -7.0%
                            Task    QPS armJ      StdDev    QPS armA      StdDev                Pct diff p-value
                   OrNotHighHigh      904.64      (7.2%)      851.30      (7.0%)   -5.9% ( -18% -    8%) 0.011
                      AndHighMed     1037.51      (5.9%)      977.17      (6.5%)   -5.8% ( -17% -    7%) 0.004
           BrowseMonthTaxoFacets       36.15     (31.0%)       34.05     (37.8%)   -5.8% ( -56% -   91%) 0.605
           BrowseMonthSSDVFacets       17.52     (12.5%)       16.69     (10.5%)   -4.7% ( -24% -   20%) 0.206
                    OrHighNotLow      953.90      (9.9%)      916.31     (10.5%)   -3.9% ( -22% -   18%) 0.232
                        PKLookup      222.50     (10.1%)      215.03     (10.5%)   -3.4% ( -21% -   19%) 0.314
                           range     6213.63      (9.6%)     6018.54     (10.4%)   -3.1% ( -21% -   18%) 0.333
                    OrHighNotMed      988.13      (9.6%)      958.64     (10.0%)   -3.0% ( -20% -   18%) 0.346
                          Fuzzy1       88.04      (8.0%)       85.93      (7.6%)   -2.4% ( -16% -   14%) 0.342
          OrHighMedDayTaxoFacets       20.32      (7.7%)       19.89      (4.4%)   -2.1% ( -13% -   10%) 0.293
                          IntNRQ     1145.63      (8.1%)     1122.10      (8.9%)   -2.1% ( -17% -   16%) 0.457
         AndHighMedDayTaxoFacets      280.59      (3.3%)      274.92      (3.5%)   -2.0% (  -8% -    5%) 0.070
                  AndMissingHigh     3718.89      (7.4%)     3650.82      (5.4%)   -1.8% ( -13% -   11%) 0.381
                 LowSloppyPhrase      231.99      (5.2%)      228.26      (5.6%)   -1.6% ( -11% -    9%) 0.362
                      TermDTSort      465.88      (4.1%)      458.87      (4.6%)   -1.5% (  -9% -    7%) 0.286
            HighTermTitleBDVSort       78.64      (4.6%)       77.60      (3.8%)   -1.3% (  -9% -    7%) 0.332
                        BM25MSM2       57.41      (3.9%)       56.80      (3.4%)   -1.1% (  -8% -    6%) 0.376
                       MedPhrase      139.22      (3.4%)      137.87      (4.0%)   -1.0% (  -8% -    6%) 0.414
                   OrHighNotHigh      835.08      (9.9%)      827.06      (8.5%)   -1.0% ( -17% -   19%) 0.749
     BrowseRandomLabelSSDVFacets       11.19      (6.1%)       11.09      (8.0%)   -0.9% ( -14% -   13%) 0.691
                HighSloppyPhrase      256.13      (3.1%)      254.06      (5.0%)   -0.8% (  -8% -    7%) 0.550
                       OrHighMed     1130.27      (5.5%)     1124.60      (7.7%)   -0.5% ( -13% -   13%) 0.818
                         MedTerm     1628.97      (6.6%)     1620.87      (7.3%)   -0.5% ( -13% -   14%) 0.825
           HighTermDayOfYearSort      475.02      (8.0%)      473.50      (6.3%)   -0.3% ( -13% -   15%) 0.892
                    OrNotHighMed     1028.29      (6.4%)     1025.31      (5.8%)   -0.3% ( -11% -   12%) 0.884
                         LowTerm     2396.43      (8.1%)     2394.39      (8.7%)   -0.1% ( -15% -   18%) 0.975
                       ConstMSM2     1362.86      (5.6%)     1362.61      (7.1%)   -0.0% ( -11% -   13%) 0.993
                        HighTerm     1159.67      (9.9%)     1160.16      (7.6%)    0.0% ( -15% -   19%) 0.988
               HighTermMonthSort     1538.91      (6.3%)     1539.98      (5.1%)    0.1% ( -10% -   12%) 0.970
                      HighPhrase      427.94      (3.3%)      428.35      (3.6%)    0.1% (  -6% -    7%) 0.932
                 MedSloppyPhrase      202.06      (3.7%)      202.51      (2.7%)    0.2% (  -5% -    6%) 0.832
                        Wildcard      380.52      (2.8%)      381.75      (6.4%)    0.3% (  -8% -    9%) 0.841
                     AndHighHigh      588.94      (8.8%)      590.83      (5.9%)    0.3% ( -13% -   16%) 0.895
            MedTermDayTaxoFacets       93.38      (6.0%)       93.72      (6.4%)    0.4% ( -11% -   13%) 0.854
                         Respell       64.73      (6.1%)       64.99      (5.8%)    0.4% ( -10% -   13%) 0.836
             MedIntervalsOrdered      359.40      (5.5%)      360.87      (4.1%)    0.4% (  -8% -   10%) 0.794
                    HighSpanNear      155.24      (3.2%)      155.95      (3.5%)    0.5% (  -6% -    7%) 0.675
                      OrHighHigh      627.13      (6.6%)      630.61      (5.5%)    0.6% ( -10% -   13%) 0.779
                          Fuzzy2       76.92      (5.6%)       77.37      (6.3%)    0.6% ( -10% -   13%) 0.760
                          IntSet      699.28     (10.3%)      703.64      (9.7%)    0.6% ( -17% -   22%) 0.847
                       LowPhrase      109.85      (3.4%)      111.14      (3.8%)    1.2% (  -5% -    8%) 0.309
             LowIntervalsOrdered      209.61      (6.3%)      212.48      (6.7%)    1.4% ( -10% -   15%) 0.515
        AndHighHighDayTaxoFacets       31.50      (5.4%)       32.02      (5.2%)    1.6% (  -8% -   12%) 0.345
               HighTermTitleSort      119.64     (10.3%)      121.98      (8.5%)    2.0% ( -15% -   23%) 0.526
            HighIntervalsOrdered       62.57      (8.2%)       63.79      (5.0%)    2.0% ( -10% -   16%) 0.376
                     MedSpanNear      243.05      (8.9%)      247.91      (7.4%)    2.0% ( -13% -   20%) 0.453
       BrowseDayOfYearSSDVFacets       15.99     (11.3%)       16.33     (14.2%)    2.1% ( -21% -   31%) 0.616
                     LowSpanNear      227.79      (5.7%)      232.83      (3.1%)    2.2% (  -6% -   11%) 0.140
                       OrHighLow     1109.13      (5.1%)     1136.41      (6.6%)    2.5% (  -8% -   14%) 0.197
                    OrNotHighLow     1601.27      (5.7%)     1642.72      (6.9%)    2.6% (  -9% -   16%) 0.210
            BrowseDateSSDVFacets        2.80      (6.4%)        2.88      (6.6%)    3.1% (  -9% -   17%) 0.147
                         Prefix3     1080.51      (9.1%)     1122.31      (7.8%)    3.9% ( -11% -   22%) 0.160
                      AndHighLow     1860.04      (6.1%)     1933.72      (7.5%)    4.0% (  -9% -   18%) 0.075
     BrowseRandomLabelTaxoFacets       13.66     (35.0%)       14.43     (37.9%)    5.7% ( -49% -  120%) 0.631
            BrowseDateTaxoFacets       17.18     (52.2%)       18.24     (50.3%)    6.2% ( -63% -  227%) 0.711
       BrowseDayOfYearTaxoFacets       17.53     (41.1%)       19.16     (53.9%)    9.3% ( -60% -  177%) 0.549
  iter 19
    armJ:
      NOTE: using experimental CPU time profiler (see https://mostlynerdless.de/blog/2025/06/11/java-25s-new-cpu-time-profiler-1)
      log: /home/goankur/vsearch/logs/FJAc.armJ.19 + stdout
      run: /usr/bin/perf stat -dd -e task-clock,cycles,instructions,cache-references,cache-misses,L1-dcache-loads,L1-dcache-load-misses,L1-icache-loads,L1-icache-load-misses,LLC-loads,LLC-load-misses,LLC-stores,LLC-store-misses,LLC-prefetches,LLC-prefetch-misses,faults,minor-faults,major-faults,branches,branch-misses,stalled-cycles-frontend,stalled-cycles-backend /home/goankur/jdk/corretto-25/bin/java -server -Xms2g -Xmx2g --add-modules jdk.incubator.vector -XX:+HeapDumpOnOutOfMemoryError -XX:+UseParallelGC -XX:StartFlightRecording=jdk.CPUTimeSample#enabled=true,dumponexit=true,maxsize=250M,settings=/home/goankur/vsearch/util/src/python/profiling.jfc,filename=/home/goankur/vsearch/logs/bench-search-FJAc-armJ-19.jfr -XX:+UnlockDiagnosticVMOptions -XX:+DebugNonSafepoints -classpath /home/goankur/vsearch/bo/lucene-J/lucene/core/build/libs/lucene-core-11.0.0-SNAPSHOT.jar:/home/goankur/vsearch/bo/lucene-J/lucene/sandbox/build/classes/java/main:/home/goankur/vsearch/bo/lucene-J/lucene/misc/build/classes/java/main:/home/goankur/vsearch/bo/lucene-J/lucene/facet/build/classes/java/main:/home/goankur/vsearch/bo/lucene-J/lucene/analysis/common/build/classes/java/main:/home/goankur/vsearch/bo/lucene-J/lucene/analysis/icu/build/classes/java/main:/home/goankur/vsearch/bo/lucene-J/lucene/queryparser/build/classes/java/main:/home/goankur/vsearch/bo/lucene-J/lucene/grouping/build/classes/java/main:/home/goankur/vsearch/bo/lucene-J/lucene/suggest/build/classes/java/main:/home/goankur/vsearch/bo/lucene-J/lucene/highlighter/build/classes/java/main:/home/goankur/vsearch/bo/lucene-J/lucene/codecs/build/classes/java/main:/home/goankur/vsearch/bo/lucene-J/lucene/queries/build/classes/java/main:/home/goankur/vsearch/bo/lucene-J/lucene/join/build/classes/java/main:/home/goankur/vsearch/bo/lucene-J/lucene/spatial3d/build/classes/java/main:/home/goankur/vsearch/util/lib/HdrHistogram.jar:/home/goankur/vsearch/util/src/main/build/classes/java/main:/home/goankur/vsearch/util/build perf.SearchPerfTest -dirImpl MMapDirectory -indexPath /home/goankur/vsearch/indices/wikimedium10m.lucene-A.facets.taxonomy:Date.taxonomy:Month.taxonomy:DayOfYear.sortedset:Date.sortedset:Month.sortedset:DayOfYear.taxonomy:RandomLabel.sortedset:RandomLabel.Lucene90.Lucene104.dvfields.nd10M -facets taxonomy:Date;Date -facets taxonomy:Month;Month -facets taxonomy:DayOfYear;DayOfYear -facets sortedset:Date;Date -facets sortedset:Month;Month -facets sortedset:DayOfYear;DayOfYear -facets taxonomy:RandomLabel;RandomLabel -facets sortedset:RandomLabel;RandomLabel -analyzer StandardAnalyzer -taskSource /home/goankur/vsearch/util/tasks/wikimedium.10M.nostopwords.tasks -numConcurrentQueries 5 -taskRepeatCount 20 -field body -tasksPerCat 1 -searchConcurrency -1 -staticSeed -4799930 -seed -589479 -similarity BM25Similarity -commit multi -hiliteImpl FastVectorHighlighter -log /home/goankur/vsearch/logs/FJAc.armJ.19 -topN 100 -context  -pk -pollute
      9.6 s
      254.2 actual sustained QPS; -1.0 CPU cores used
    armA:
      NOTE: using experimental CPU time profiler (see https://mostlynerdless.de/blog/2025/06/11/java-25s-new-cpu-time-profiler-1)
      log: /home/goankur/vsearch/logs/FJAc.armA.19 + stdout
      run: /usr/bin/perf stat -dd -e task-clock,cycles,instructions,cache-references,cache-misses,L1-dcache-loads,L1-dcache-load-misses,L1-icache-loads,L1-icache-load-misses,LLC-loads,LLC-load-misses,LLC-stores,LLC-store-misses,LLC-prefetches,LLC-prefetch-misses,faults,minor-faults,major-faults,branches,branch-misses,stalled-cycles-frontend,stalled-cycles-backend /home/goankur/jdk/corretto-25/bin/java -server -Xms2g -Xmx2g --add-modules jdk.incubator.vector -XX:+HeapDumpOnOutOfMemoryError -XX:+UseParallelGC -XX:StartFlightRecording=jdk.CPUTimeSample#enabled=true,dumponexit=true,maxsize=250M,settings=/home/goankur/vsearch/util/src/python/profiling.jfc,filename=/home/goankur/vsearch/logs/bench-search-FJAc-armA-19.jfr -XX:+UnlockDiagnosticVMOptions -XX:+DebugNonSafepoints -classpath /home/goankur/vsearch/bo/lucene-A/lucene/core/build/libs/lucene-core-11.0.0-SNAPSHOT.jar:/home/goankur/vsearch/bo/lucene-A/lucene/sandbox/build/classes/java/main:/home/goankur/vsearch/bo/lucene-A/lucene/misc/build/classes/java/main:/home/goankur/vsearch/bo/lucene-A/lucene/facet/build/classes/java/main:/home/goankur/vsearch/bo/lucene-A/lucene/analysis/common/build/classes/java/main:/home/goankur/vsearch/bo/lucene-A/lucene/analysis/icu/build/classes/java/main:/home/goankur/vsearch/bo/lucene-A/lucene/queryparser/build/classes/java/main:/home/goankur/vsearch/bo/lucene-A/lucene/grouping/build/classes/java/main:/home/goankur/vsearch/bo/lucene-A/lucene/suggest/build/classes/java/main:/home/goankur/vsearch/bo/lucene-A/lucene/highlighter/build/classes/java/main:/home/goankur/vsearch/bo/lucene-A/lucene/codecs/build/classes/java/main:/home/goankur/vsearch/bo/lucene-A/lucene/queries/build/classes/java/main:/home/goankur/vsearch/bo/lucene-A/lucene/join/build/classes/java/main:/home/goankur/vsearch/bo/lucene-A/lucene/spatial3d/build/classes/java/main:/home/goankur/vsearch/util/lib/HdrHistogram.jar:/home/goankur/vsearch/util/src/main/build/classes/java/main:/home/goankur/vsearch/util/build perf.SearchPerfTest -dirImpl MMapDirectory -indexPath /home/goankur/vsearch/indices/wikimedium10m.lucene-A.facets.taxonomy:Date.taxonomy:Month.taxonomy:DayOfYear.sortedset:Date.sortedset:Month.sortedset:DayOfYear.taxonomy:RandomLabel.sortedset:RandomLabel.Lucene90.Lucene104.dvfields.nd10M -facets taxonomy:Date;Date -facets taxonomy:Month;Month -facets taxonomy:DayOfYear;DayOfYear -facets sortedset:Date;Date -facets sortedset:Month;Month -facets sortedset:DayOfYear;DayOfYear -facets taxonomy:RandomLabel;RandomLabel -facets sortedset:RandomLabel;RandomLabel -analyzer StandardAnalyzer -taskSource /home/goankur/vsearch/util/tasks/wikimedium.10M.nostopwords.tasks -numConcurrentQueries 5 -taskRepeatCount 20 -field body -tasksPerCat 1 -searchConcurrency -1 -staticSeed -4799930 -seed -589479 -similarity BM25Similarity -commit multi -hiliteImpl FastVectorHighlighter -log /home/goankur/vsearch/logs/FJAc.armA.19 -topN 100 -context  -pk -pollute
      9.5 s
      250.1 actual sustained QPS; -1.0 CPU cores used

Report after iter 19:
QPSChart.supported == False
                            Task     P50 B     P50 C     Diff     P90 B     P90 C     Diff     P99 B     P99 C     Diff    P999 B    P999 C     Diff    P100 B    P100 C     Diff
           ('AndHighHigh', None)     2.267     2.233    -1.5%     5.201     4.893    -5.9%     5.573     8.793    57.8%     5.573     8.793    57.8%   260.309   288.906    11.0%
('AndHighHighDayTaxoFacets', None)    35.579    33.867    -4.8%    51.270    39.289   -23.4%    54.553    46.722   -14.4%    54.553    46.722   -14.4%   282.339   259.338    -8.1%
            ('AndHighLow', None)     0.683     0.621    -9.1%     1.622     1.143   -29.5%     1.787     2.391    33.8%     1.787     2.391    33.8%     2.528     2.533     0.2%
            ('AndHighMed', None)     0.930     0.980     5.4%     4.807     3.339   -30.5%     6.764     6.164    -8.9%     6.764     6.164    -8.9%     8.431     8.163    -3.2%
('AndHighMedDayTaxoFacets', None)     3.656     3.766     3.0%     9.937     9.125    -8.2%    10.817    14.076    30.1%    10.817    14.076    30.1%   197.239   244.028    23.7%
     ('AndMissingHigh', 'Title')     0.254     0.253    -0.1%     0.659     0.710     7.8%     0.764     1.082    41.7%     0.764     1.082    41.7%     0.938     2.659   183.5%
              ('BM25MSM2', None)    16.728    17.737     6.0%    27.986    31.530    12.7%    42.943    44.202     2.9%    42.943    44.202     2.9%   130.172   188.564    44.9%
  ('BrowseDateSSDVFacets', None)   389.029   376.174    -3.3%   476.495   449.985    -5.6%   485.512   460.760    -5.1%   485.512   460.760    -5.1%  1025.282  1091.589     6.5%
  ('BrowseDateTaxoFacets', None)    65.425    67.795     3.6%    77.357    86.334    11.6%    78.045    90.086    15.4%    78.045    90.086    15.4%   141.291   117.685   -16.7%
('BrowseDayOfYearSSDVFacets', None)    67.120    61.378    -8.6%    86.093    85.536    -0.6%   128.387   199.597    55.5%   128.387   199.597    55.5%   237.379   355.527    49.8%
('BrowseDayOfYearTaxoFacets', None)    64.036    70.282     9.8%    74.962    84.133    12.2%    78.781   121.058    53.7%    78.781   121.058    53.7%   208.258   169.240   -18.7%
 ('BrowseMonthSSDVFacets', None)    66.829    65.598    -1.8%    82.259    81.755    -0.6%   101.681    92.990    -8.5%   101.681    92.990    -8.5%   181.608   179.136    -1.4%
 ('BrowseMonthTaxoFacets', None)    25.757    24.126    -6.3%    72.541    73.021     0.7%    75.694    79.122     4.5%    75.694    79.122     4.5%   368.747   190.229   -48.4%
('BrowseRandomLabelSSDVFacets', None)    83.643    84.478     1.0%   116.857   129.063    10.4%   157.273   132.082   -16.0%   157.273   132.082   -16.0%   380.116   535.455    40.9%
('BrowseRandomLabelTaxoFacets', None)    77.205    82.600     7.0%   106.385   107.515     1.1%   106.832   115.433     8.1%   106.832   115.433     8.1%   132.284   187.094    41.4%
             ('ConstMSM2', None)     0.716     0.722     0.8%     2.066     3.037    47.0%     2.131     3.208    50.5%     2.131     3.208    50.5%    21.256    19.393    -8.8%
                ('Fuzzy1', None)    12.972    11.313   -12.8%    24.527    20.737   -15.5%    39.319    26.796   -31.8%    39.319    26.796   -31.8%   127.448   100.959   -20.8%
                ('Fuzzy2', None)    13.732    12.787    -6.9%    18.201    17.039    -6.4%    32.707    38.102    16.5%    32.707    38.102    16.5%    73.425    66.116   -10.0%
  ('HighIntervalsOrdered', None)    15.260    17.690    15.9%    21.790    32.063    47.1%    34.127    32.437    -5.0%    34.127    32.437    -5.0%   183.624   152.021   -17.2%
            ('HighPhrase', None)     2.323     2.338     0.6%     6.278     7.677    22.3%     6.291     8.070    28.3%     6.291     8.070    28.3%    63.240    86.779    37.2%
      ('HighSloppyPhrase', None)     3.805     3.713    -2.4%     9.434     6.774   -28.2%    20.226    10.224   -49.4%    20.226    10.224   -49.4%    25.613    30.072    17.4%
          ('HighSpanNear', None)     6.910     7.025     1.7%    14.510    12.358   -14.8%    17.975    27.679    54.0%    17.975    27.679    54.0%   216.795   144.983   -33.1%
              ('HighTerm', None)     0.906     1.241    37.0%     1.604     2.914    81.7%     2.741     4.224    54.1%     2.741     4.224    54.1%     5.082     4.565   -10.2%
('HighTermDayOfYearSort', 'DayOfYear')     2.313     2.781    20.2%     7.713     7.850     1.8%    15.079    17.567    16.5%    15.079    17.567    16.5%    75.177    93.109    23.9%
  ('HighTermMonthSort', 'Month')     0.668     0.653    -2.2%     1.343     1.634    21.7%     3.436     1.793   -47.8%     3.436     1.793   -47.8%    13.659    11.820   -13.5%
('HighTermTitleBDVSort', 'TitleBinary')    12.315    12.729     3.4%    30.767    21.913   -28.8%    48.162    52.628     9.3%    48.162    52.628     9.3%   177.426    83.115   -53.2%
  ('HighTermTitleSort', 'Title')     8.827     9.413     6.6%    36.141    26.655   -26.2%    38.967    40.989     5.2%    38.967    40.989     5.2%    62.704    81.681    30.3%
                ('IntNRQ', None)     1.079     0.985    -8.7%     4.781     2.660   -44.4%     5.073     5.663    11.6%     5.073     5.663    11.6%    70.627    84.557    19.7%
                ('IntSet', None)     1.674     1.483   -11.4%     3.406     5.217    53.2%    13.846    13.036    -5.9%    13.846    13.036    -5.9%    24.077    35.075    45.7%
   ('LowIntervalsOrdered', None)     4.867     5.039     3.5%     7.290     8.265    13.4%    11.162     9.848   -11.8%    11.162     9.848   -11.8%    33.070    11.166   -66.2%
             ('LowPhrase', None)     9.456     9.473     0.2%    15.347    15.808     3.0%    15.693    22.755    45.0%    15.693    22.755    45.0%    54.189    93.685    72.9%
       ('LowSloppyPhrase', None)     4.192     4.051    -3.3%    10.850     8.876   -18.2%    19.621    11.295   -42.4%    19.621    11.295   -42.4%    58.785    34.881   -40.7%
           ('LowSpanNear', None)     4.676     4.628    -1.0%     7.474    10.026    34.2%     7.754    11.914    53.7%     7.754    11.914    53.7%    16.541    15.040    -9.1%
               ('LowTerm', None)     0.539     0.485    -9.9%     1.954     1.534   -21.5%     2.021     2.144     6.1%     2.021     2.144     6.1%     8.932     3.046   -65.9%
   ('MedIntervalsOrdered', None)     2.858     2.962     3.6%     5.780     5.579    -3.5%    12.083     6.765   -44.0%    12.083     6.765   -44.0%    32.687    17.665   -46.0%
             ('MedPhrase', None)     9.628     7.705   -20.0%    16.542    16.220    -1.9%    19.247    21.276    10.5%    19.247    21.276    10.5%    92.451    80.189   -13.3%
       ('MedSloppyPhrase', None)     5.264     4.924    -6.5%    11.131     8.025   -27.9%    29.477     8.818   -70.1%    29.477     8.818   -70.1%    61.767   101.077    63.6%
           ('MedSpanNear', None)     4.408     4.140    -6.1%     7.372     8.077     9.6%     7.977     9.524    19.4%     7.977     9.524    19.4%    19.191    19.245     0.3%
               ('MedTerm', None)     0.666     0.744    11.7%     2.099     1.313   -37.5%     3.527     2.181   -38.2%     3.527     2.181   -38.2%    10.978     8.324   -24.2%
  ('MedTermDayTaxoFacets', None)     9.818    11.555    17.7%    19.390    14.010   -27.7%    23.657    14.641   -38.1%    23.657    14.641   -38.1%    45.463    27.733   -39.0%
            ('OrHighHigh', None)     1.649     1.866    13.2%     8.790     5.559   -36.8%    14.157    11.007   -22.3%    14.157    11.007   -22.3%    16.436    14.738   -10.3%
             ('OrHighLow', None)     0.932     0.963     3.3%     3.293     1.369   -58.4%     3.484     3.287    -5.6%     3.484     3.287    -5.6%    37.596    78.283   108.2%
             ('OrHighMed', None)     0.991     1.143    15.4%     2.297     2.986    30.0%     7.120     3.602   -49.4%     7.120     3.602   -49.4%    11.910     7.666   -35.6%
('OrHighMedDayTaxoFacets', None)    50.815    52.192     2.7%    67.961    80.929    19.1%   160.710   125.768   -21.7%   160.710   125.768   -21.7%   386.908   331.773   -14.3%
         ('OrHighNotHigh', None)     1.254     1.665    32.8%     5.214     2.789   -46.5%     7.744     7.680    -0.8%     7.744     7.680    -0.8%    13.534    10.441   -22.9%
          ('OrHighNotLow', None)     1.274     1.815    42.4%     5.512     6.820    23.7%    10.671     7.177   -32.7%    10.671     7.177   -32.7%    18.552     7.733   -58.3%
          ('OrHighNotMed', None)     1.033     1.630    57.8%     5.995     6.688    11.6%     7.561     8.819    16.6%     7.561     8.819    16.6%   126.823   120.112    -5.3%
         ('OrNotHighHigh', None)     2.110     1.501   -28.9%     4.556     2.846   -37.5%     4.654     3.193   -31.4%     4.654     3.193   -31.4%   100.375   123.589    23.1%
          ('OrNotHighLow', None)     0.676     0.696     3.0%     1.601     1.134   -29.1%     1.830     2.000     9.3%     1.830     2.000     9.3%     3.516     5.847    66.3%
          ('OrNotHighMed', None)     1.079     1.058    -2.0%     2.810     3.227    14.8%     3.097     4.913    58.6%     3.097     4.913    58.6%     3.250     5.480    68.6%
                   ('PKLookup',)     5.308     4.857    -8.5%     9.132     6.547   -28.3%    12.033    14.294    18.8%    12.033    14.294    18.8%    58.189    37.256   -36.0%
               ('Prefix3', None)     0.941     0.904    -4.0%     2.403     3.007    25.1%     4.936     7.580    53.6%     4.936     7.580    53.6%    30.330    31.697     4.5%
                    ('Respell',)    15.115    17.827    17.9%    33.332    32.511    -2.5%    34.836    62.787    80.2%    34.836    62.787    80.2%   129.545   188.489    45.5%
('TermDateTimeSort', 'DateTime')     2.236     2.355     5.3%     6.311     6.770     7.3%     8.726    10.788    23.6%     8.726    10.788    23.6%    31.289    27.699   -11.5%
              ('Wildcard', None)     2.639     2.667     1.1%    10.673     8.113   -24.0%    11.982    15.816    32.0%    11.982    15.816    32.0%    42.523    24.835   -41.6%
                 ('range', None)     0.167     0.174     4.5%     0.553     0.411   -25.7%     0.677     0.949    40.3%     0.677     0.949    40.3%     0.716     6.056   745.9%
                            Task    QPS armJ      StdDev    QPS armA      StdDev                Pct diff p-value
                   OrNotHighHigh      894.97      (8.6%)      843.00      (8.0%)   -5.8% ( -20% -   11%) 0.027
                      AndHighMed     1041.01      (5.9%)      981.62      (6.6%)   -5.7% ( -17% -    7%) 0.004
                    OrHighNotLow      950.53      (9.8%)      900.51     (12.6%)   -5.3% ( -25% -   18%) 0.141
           BrowseMonthTaxoFacets       36.32     (30.2%)       34.43     (36.9%)   -5.2% ( -55% -   88%) 0.625
                    OrHighNotMed      989.66      (9.3%)      943.26     (11.9%)   -4.7% ( -23% -   18%) 0.166
           BrowseMonthSSDVFacets       17.41     (12.6%)       16.67     (10.3%)   -4.2% ( -24% -   21%) 0.247
                           range     6213.61      (9.4%)     6013.53     (10.1%)   -3.2% ( -20% -   17%) 0.296
                   OrHighNotHigh      836.45      (9.7%)      816.33     (10.1%)   -2.4% ( -20% -   19%) 0.442
                        PKLookup      221.15     (10.3%)      215.97     (10.4%)   -2.3% ( -20% -   20%) 0.475
          OrHighMedDayTaxoFacets       20.31      (7.5%)       19.87      (4.3%)   -2.2% ( -12% -   10%) 0.252
         AndHighMedDayTaxoFacets      280.68      (3.3%)      274.97      (3.4%)   -2.0% (  -8% -    4%) 0.054
                          Fuzzy1       87.78      (7.9%)       86.16      (7.5%)   -1.8% ( -15% -   14%) 0.446
                          IntNRQ     1141.54      (8.1%)     1123.42      (8.7%)   -1.6% ( -16% -   16%) 0.550
                  AndMissingHigh     3732.71      (7.3%)     3675.72      (6.0%)   -1.5% ( -13% -   12%) 0.471
            HighTermTitleBDVSort       78.85      (4.7%)       77.66      (3.7%)   -1.5% (  -9% -    7%) 0.254
                      TermDTSort      466.45      (4.0%)      459.46      (4.5%)   -1.5% (  -9% -    7%) 0.266
                 LowSloppyPhrase      232.35      (5.1%)      229.23      (5.8%)   -1.3% ( -11% -   10%) 0.437
                        HighTerm     1158.30      (9.7%)     1143.74      (9.7%)   -1.3% ( -18% -   20%) 0.682
                        BM25MSM2       57.54      (3.9%)       56.83      (3.3%)   -1.2% (  -8% -    6%) 0.286
     BrowseRandomLabelSSDVFacets       11.26      (6.5%)       11.13      (7.9%)   -1.2% ( -14% -   14%) 0.605
                         MedTerm     1628.04      (6.4%)     1609.25      (7.8%)   -1.2% ( -14% -   13%) 0.608
                       MedPhrase      138.81      (3.5%)      137.63      (3.9%)   -0.8% (  -8% -    6%) 0.475
                HighSloppyPhrase      256.65      (3.1%)      254.89      (5.1%)   -0.7% (  -8% -    7%) 0.609
                       OrHighMed     1124.49      (5.9%)     1117.38      (8.1%)   -0.6% ( -13% -   14%) 0.777
            MedTermDayTaxoFacets       94.04      (6.6%)       93.57      (6.2%)   -0.5% ( -12% -   13%) 0.804
                    OrNotHighMed     1026.88      (6.3%)     1022.04      (5.8%)   -0.5% ( -11% -   12%) 0.806
                      OrHighHigh      627.64      (6.5%)      625.99      (6.3%)   -0.3% ( -12% -   13%) 0.896
                         Respell       64.92      (6.1%)       64.80      (5.7%)   -0.2% ( -11% -   12%) 0.921
                       ConstMSM2     1368.36      (5.7%)     1366.23      (7.0%)   -0.2% ( -12% -   13%) 0.938
                     AndHighHigh      586.69      (8.8%)      586.33      (6.7%)   -0.1% ( -14% -   16%) 0.981
           HighTermDayOfYearSort      473.51      (8.0%)      473.45      (6.1%)   -0.0% ( -13% -   15%) 0.996
               HighTermMonthSort     1540.82      (6.2%)     1541.55      (5.0%)    0.0% ( -10% -   11%) 0.979
                      HighPhrase      428.33      (3.2%)      429.00      (3.6%)    0.2% (  -6% -    7%) 0.885
                    HighSpanNear      155.23      (3.2%)      155.58      (3.5%)    0.2% (  -6% -    7%) 0.833
             MedIntervalsOrdered      359.17      (5.3%)      360.03      (4.2%)    0.2% (  -8% -   10%) 0.874
                         LowTerm     2378.12      (8.6%)     2384.70      (8.7%)    0.3% ( -15% -   19%) 0.919
                        Wildcard      380.50      (2.7%)      381.62      (6.2%)    0.3% (  -8% -    9%) 0.845
                 MedSloppyPhrase      201.75      (3.7%)      202.59      (2.6%)    0.4% (  -5% -    6%) 0.677
                          IntSet      699.66     (10.0%)      703.13      (9.4%)    0.5% ( -17% -   22%) 0.872
             LowIntervalsOrdered      209.84      (6.1%)      211.82      (6.7%)    0.9% ( -11% -   14%) 0.641
            HighIntervalsOrdered       62.77      (8.1%)       63.48      (5.4%)    1.1% ( -11% -   15%) 0.605
                       LowPhrase      109.69      (3.3%)      110.97      (3.8%)    1.2% (  -5% -    8%) 0.296
                          Fuzzy2       76.73      (5.5%)       77.64      (6.3%)    1.2% ( -10% -   13%) 0.530
               HighTermTitleSort      119.84     (10.1%)      121.76      (8.3%)    1.6% ( -15% -   22%) 0.583
        AndHighHighDayTaxoFacets       31.35      (5.8%)       31.93      (5.2%)    1.9% (  -8% -   13%) 0.284
                       OrHighLow     1110.53      (4.9%)     1132.96      (6.6%)    2.0% (  -9% -   14%) 0.272
                     LowSpanNear      227.30      (5.7%)      232.57      (3.1%)    2.3% (  -6% -   11%) 0.110
                    OrNotHighLow     1599.65      (5.6%)     1637.45      (6.9%)    2.4% (  -9% -   15%) 0.236
                     MedSpanNear      242.51      (8.8%)      248.31      (7.3%)    2.4% ( -12% -   20%) 0.347
       BrowseDayOfYearSSDVFacets       15.94     (11.1%)       16.33     (13.9%)    2.4% ( -20% -   30%) 0.544
            BrowseDateSSDVFacets        2.79      (6.3%)        2.87      (6.6%)    3.0% (  -9% -   17%) 0.146
                      AndHighLow     1863.77      (6.0%)     1920.61      (8.0%)    3.0% ( -10% -   18%) 0.172
                         Prefix3     1081.13      (8.8%)     1126.11      (7.8%)    4.2% ( -11% -   22%) 0.114
     BrowseRandomLabelTaxoFacets       13.65     (34.1%)       14.35     (37.0%)    5.2% ( -49% -  115%) 0.647
            BrowseDateTaxoFacets       17.09     (51.1%)       18.08     (49.4%)    5.8% ( -62% -  217%) 0.716
       BrowseDayOfYearTaxoFacets       17.46     (40.2%)       18.93     (53.0%)    8.4% ( -60% -  170%) 0.571

CPU merged search profile for armA:
JFR aggregation command: /home/goankur/jdk/corretto-25/bin/java -server -Xms2g -Xmx2g --add-modules jdk.incubator.vector -XX:+HeapDumpOnOutOfMemoryError -XX:+UseParallelGC -cp /home/goankur/vsearch/bo/lucene-A/build-tools/build-infra/build/classes/java/main -Dtests.profile.mode=cpu -Dtests.profile.stacksize=12 -Dtests.profile.count=30 -Dtests.profile.linenumbers=true org.apache.lucene.gradle.plugins.java.ProfileResults /home/goankur/vsearch/logs/bench-search-FJAc-armA-11.jfr /home/goankur/vsearch/logs/bench-search-FJAc-armA-12.jfr /home/goankur/vsearch/logs/bench-search-FJAc-armA-13.jfr /home/goankur/vsearch/logs/bench-search-FJAc-armA-14.jfr /home/goankur/vsearch/logs/bench-search-FJAc-armA-15.jfr /home/goankur/vsearch/logs/bench-search-FJAc-armA-16.jfr /home/goankur/vsearch/logs/bench-search-FJAc-armA-17.jfr /home/goankur/vsearch/logs/bench-search-FJAc-armA-18.jfr /home/goankur/vsearch/logs/bench-search-FJAc-armA-19.jfr /home/goankur/vsearch/logs/bench-search-FJAc-armA-7.jfr /home/goankur/vsearch/logs/bench-search-FJAc-armA-8.jfr /home/goankur/vsearch/logs/bench-search-FJAc-armA-9.jfr /home/goankur/vsearch/logs/bench-search-FJAc-armA-10.jfr /home/goankur/vsearch/logs/bench-search-FJAc-armA-2.jfr /home/goankur/vsearch/logs/bench-search-FJAc-armA-3.jfr /home/goankur/vsearch/logs/bench-search-FJAc-armA-4.jfr /home/goankur/vsearch/logs/bench-search-FJAc-armA-5.jfr /home/goankur/vsearch/logs/bench-search-FJAc-armA-6.jfr /home/goankur/vsearch/logs/bench-search-FJAc-armA-1.jfr /home/goankur/vsearch/logs/bench-search-FJAc-armA-0.jfr
Took 1.96 seconds
WARNING: Using incubator modules: jdk.incubator.vector
PROFILE SUMMARY from 101844 events (total: 101844)
  tests.profile.mode=cpu
  tests.profile.count=30
  tests.profile.stacksize=12
  tests.profile.linenumbers=true
PERCENT       CPU SAMPLES   STACK
1.97%         2008          org.apache.lucene.facet.sortedset.SortedSetDocValuesFacetCounts#countOneSegmentNHLD():129 [JIT compiled code]
                              at org.apache.lucene.facet.sortedset.SortedSetDocValuesFacetCounts#countAll():322 [Interpreted code]
                              at org.apache.lucene.facet.sortedset.SortedSetDocValuesFacetCounts#<init>():73 [Inlined code]
                              at org.apache.lucene.facet.sortedset.SortedSetDocValuesFacetCounts#<init>():63 [Inlined code]
                              at perf.SearchTask#go():290 [JIT compiled code]
                              at perf.UnparsedTask#go():57 [JIT compiled code]
                              at perf.TaskThreads$RunTask#call():81 [JIT compiled code]
                              at perf.TaskThreads$RunTask#call():64 [JIT compiled code]
                              at java.util.concurrent.FutureTask#run():328 [JIT compiled code]
                              at java.util.concurrent.ThreadPoolExecutor#runWorker():1090 [Interpreted code]
                              at java.util.concurrent.ThreadPoolExecutor$Worker#run():614 [Interpreted code]
                              at java.lang.Thread#runWith():1487 [Interpreted code]
1.89%         1920          org.apache.lucene.facet.taxonomy.FastTaxonomyFacetCounts#countAll():125 [JIT compiled code]
                              at org.apache.lucene.facet.taxonomy.FastTaxonomyFacetCounts#<init>():69 [Interpreted code]
                              at perf.SearchTask#go():282 [JIT compiled code]
                              at perf.UnparsedTask#go():57 [JIT compiled code]
                              at perf.TaskThreads$RunTask#call():81 [JIT compiled code]
                              at perf.TaskThreads$RunTask#call():64 [JIT compiled code]
                              at java.util.concurrent.FutureTask#run():328 [JIT compiled code]
                              at java.util.concurrent.ThreadPoolExecutor#runWorker():1090 [Interpreted code]
                              at java.util.concurrent.ThreadPoolExecutor$Worker#run():614 [Interpreted code]
                              at java.lang.Thread#runWith():1487 [Interpreted code]
                              at java.lang.Thread#run():1474 [Interpreted code]
0.95%         972           org.apache.lucene.codecs.lucene90.Lucene90DocValuesProducer$20#ordValue():1501 [Inlined code]
                              at org.apache.lucene.facet.sortedset.SortedSetDocValuesFacetCounts#countOneSegmentNHLD():130 [JIT compiled code]
                              at org.apache.lucene.facet.sortedset.SortedSetDocValuesFacetCounts#countAll():322 [Interpreted code]
                              at org.apache.lucene.facet.sortedset.SortedSetDocValuesFacetCounts#<init>():73 [Inlined code]
                              at org.apache.lucene.facet.sortedset.SortedSetDocValuesFacetCounts#<init>():63 [Inlined code]
                              at perf.SearchTask#go():290 [JIT compiled code]
                              at perf.UnparsedTask#go():57 [JIT compiled code]
                              at perf.TaskThreads$RunTask#call():81 [JIT compiled code]
                              at perf.TaskThreads$RunTask#call():64 [JIT compiled code]
                              at java.util.concurrent.FutureTask#run():328 [JIT compiled code]
                              at java.util.concurrent.ThreadPoolExecutor#runWorker():1090 [Interpreted code]
                              at java.util.concurrent.ThreadPoolExecutor$Worker#run():614 [Interpreted code]
0.79%         800           org.apache.lucene.util.packed.DirectReader$DirectPackedReader12#get():282 [JIT compiled code]
                              at org.apache.lucene.codecs.lucene90.Lucene90DocValuesProducer$25#nextOrd():2324 [Inlined code]
                              at org.apache.lucene.facet.sortedset.SortedSetDocValuesFacetCounts#countOneSegmentNHLD():137 [JIT compiled code]
                              at org.apache.lucene.facet.sortedset.SortedSetDocValuesFacetCounts#countAll():322 [Interpreted code]
                              at org.apache.lucene.facet.sortedset.SortedSetDocValuesFacetCounts#<init>():73 [Inlined code]
                              at org.apache.lucene.facet.sortedset.SortedSetDocValuesFacetCounts#<init>():63 [Inlined code]
                              at perf.SearchTask#go():290 [JIT compiled code]
                              at perf.UnparsedTask#go():57 [JIT compiled code]
                              at perf.TaskThreads$RunTask#call():81 [JIT compiled code]
                              at perf.TaskThreads$RunTask#call():64 [JIT compiled code]
                              at java.util.concurrent.FutureTask#run():328 [JIT compiled code]
                              at java.util.concurrent.ThreadPoolExecutor#runWorker():1090 [Interpreted code]
0.72%         732           org.apache.lucene.facet.sortedset.SortedSetDocValuesFacetCounts#countOneSegmentNHLD():129 [JIT compiled code]
                              at org.apache.lucene.facet.sortedset.SortedSetDocValuesFacetCounts#countAll():322 [Interpreted code]
                              at org.apache.lucene.facet.sortedset.SortedSetDocValuesFacetCounts#<init>():73 [Interpreted code]
                              at org.apache.lucene.facet.sortedset.SortedSetDocValuesFacetCounts#<init>():63 [Interpreted code]
                              at perf.SearchTask#go():290 [Interpreted code]
                              at perf.UnparsedTask#go():57 [Interpreted code]
                              at perf.TaskThreads$RunTask#call():81 [Interpreted code]
                              at perf.TaskThreads$RunTask#call():64 [Interpreted code]
                              at java.util.concurrent.FutureTask#run():328 [JIT compiled code]
                              at java.util.concurrent.ThreadPoolExecutor#runWorker():1090 [Interpreted code]
                              at java.util.concurrent.ThreadPoolExecutor$Worker#run():614 [Interpreted code]
                              at java.lang.Thread#runWith():1487 [Interpreted code]
0.65%         667           jdk.internal.foreign.MemorySessionImpl#checkValidStateRaw():200 [Inlined code]
                              at jdk.internal.misc.ScopedMemoryAccess#getIntUnalignedInternal():3169 [Inlined code]
                              at jdk.internal.misc.ScopedMemoryAccess#getIntUnaligned():3159 [Inlined code]
                              at java.lang.invoke.VarHandleSegmentAsInts#get():60 [Inlined code]
                              at java.lang.invoke.VarHandleSegmentAsInts#get():53 [Inlined code]
                              at java.lang.invoke.VarHandleGuards#guard_LJ_I():251 [Inlined code]
                              at jdk.internal.foreign.AbstractMemorySegmentImpl#get():742 [Inlined code]
                              at org.apache.lucene.store.MemorySegmentIndexInput$SingleSegmentImpl#readInt():808 [Inlined code]
                              at org.apache.lucene.util.packed.DirectReader$DirectPackedReader20#get():322 [Inlined code]
                              at org.apache.lucene.codecs.lucene90.Lucene90DocValuesProducer$4#longValue():994 [Inlined code]
                              at org.apache.lucene.facet.taxonomy.FastTaxonomyFacetCounts#countAll():138 [JIT compiled code]
                              at org.apache.lucene.facet.taxonomy.FastTaxonomyFacetCounts#<init>():69 [Interpreted code]
0.62%         628           jdk.internal.foreign.MemorySessionImpl#checkValidStateRaw():200 [Inlined code]
                              at jdk.internal.misc.ScopedMemoryAccess#getShortUnalignedInternal():1789 [Inlined code]
                              at jdk.internal.misc.ScopedMemoryAccess#getShortUnaligned():1779 [Inlined code]
                              at java.lang.invoke.VarHandleSegmentAsShorts#get():60 [Inlined code]
                              at java.lang.invoke.VarHandleSegmentAsShorts#get():53 [Inlined code]
                              at java.lang.invoke.VarHandleGuards#guard_LJ_I():251 [Inlined code]
                              at jdk.internal.foreign.AbstractMemorySegmentImpl#get():730 [Inlined code]
                              at org.apache.lucene.store.MemorySegmentIndexInput$SingleSegmentImpl#readShort():797 [Inlined code]
                              at org.apache.lucene.util.packed.DirectReader$DirectPackedReader12#get():282 [Inlined code]
                              at org.apache.lucene.codecs.lucene90.Lucene90DocValuesProducer$20#ordValue():1501 [Inlined code]
                              at org.apache.lucene.facet.sortedset.SortedSetDocValuesFacetCounts#countOneSegmentNHLD():130 [JIT compiled code]
                              at org.apache.lucene.facet.sortedset.SortedSetDocValuesFacetCounts#countAll():322 [Interpreted code]
0.60%         613           org.apache.lucene.codecs.lucene90.Lucene90DocValuesProducer$4#longValue():994 [Inlined code]
                              at org.apache.lucene.facet.taxonomy.FastTaxonomyFacetCounts#countAll():138 [JIT compiled code]
                              at org.apache.lucene.facet.taxonomy.FastTaxonomyFacetCounts#<init>():69 [Interpreted code]
                              at perf.SearchTask#go():282 [JIT compiled code]
                              at perf.UnparsedTask#go():57 [JIT compiled code]
                              at perf.TaskThreads$RunTask#call():81 [JIT compiled code]
                              at perf.TaskThreads$RunTask#call():64 [JIT compiled code]
                              at java.util.concurrent.FutureTask#run():328 [JIT compiled code]
                              at java.util.concurrent.ThreadPoolExecutor#runWorker():1090 [Interpreted code]
                              at java.util.concurrent.ThreadPoolExecutor$Worker#run():614 [Interpreted code]
                              at java.lang.Thread#runWith():1487 [Interpreted code]
                              at java.lang.Thread#run():1474 [Interpreted code]
0.60%         606           org.apache.lucene.codecs.lucene90.Lucene90DocValuesProducer$25#nextOrd():2324 [Inlined code]
                              at org.apache.lucene.facet.sortedset.SortedSetDocValuesFacetCounts#countOneSegmentNHLD():137 [JIT compiled code]
                              at org.apache.lucene.facet.sortedset.SortedSetDocValuesFacetCounts#countAll():322 [Interpreted code]
                              at org.apache.lucene.facet.sortedset.SortedSetDocValuesFacetCounts#<init>():73 [Inlined code]
                              at org.apache.lucene.facet.sortedset.SortedSetDocValuesFacetCounts#<init>():63 [Inlined code]
                              at perf.SearchTask#go():290 [JIT compiled code]
                              at perf.UnparsedTask#go():57 [JIT compiled code]
                              at perf.TaskThreads$RunTask#call():81 [JIT compiled code]
                              at perf.TaskThreads$RunTask#call():64 [JIT compiled code]
                              at java.util.concurrent.FutureTask#run():328 [JIT compiled code]
                              at java.util.concurrent.ThreadPoolExecutor#runWorker():1090 [Interpreted code]
                              at java.util.concurrent.ThreadPoolExecutor$Worker#run():614 [Interpreted code]
0.59%         599           org.apache.lucene.util.packed.DirectReader$DirectPackedReader12#get():282 [Inlined code]
                              at org.apache.lucene.codecs.lucene90.Lucene90DocValuesProducer$25#nextOrd():2324 [Inlined code]
                              at org.apache.lucene.facet.sortedset.SortedSetDocValuesFacetCounts#countOneSegmentNHLD():137 [JIT compiled code]
                              at org.apache.lucene.facet.sortedset.SortedSetDocValuesFacetCounts#countAll():322 [Interpreted code]
                              at org.apache.lucene.facet.sortedset.SortedSetDocValuesFacetCounts#<init>():73 [Inlined code]
                              at org.apache.lucene.facet.sortedset.SortedSetDocValuesFacetCounts#<init>():63 [Inlined code]
                              at perf.SearchTask#go():290 [JIT compiled code]
                              at perf.UnparsedTask#go():57 [JIT compiled code]
                              at perf.TaskThreads$RunTask#call():81 [JIT compiled code]
                              at perf.TaskThreads$RunTask#call():64 [JIT compiled code]
                              at java.util.concurrent.FutureTask#run():328 [JIT compiled code]
                              at java.util.concurrent.ThreadPoolExecutor#runWorker():1090 [Interpreted code]
0.50%         506           org.apache.lucene.codecs.lucene90.Lucene90DocValuesProducer$25#advance():2358 [Inlined code]
                              at org.apache.lucene.codecs.lucene90.Lucene90DocValuesProducer$25#nextDoc():2348 [Inlined code]
                              at org.apache.lucene.facet.sortedset.SortedSetDocValuesFacetCounts#countOneSegmentNHLD():135 [JIT compiled code]
                              at org.apache.lucene.facet.sortedset.SortedSetDocValuesFacetCounts#countAll():322 [Interpreted code]
                              at org.apache.lucene.facet.sortedset.SortedSetDocValuesFacetCounts#<init>():73 [Inlined code]
                              at org.apache.lucene.facet.sortedset.SortedSetDocValuesFacetCounts#<init>():63 [Inlined code]
                              at perf.SearchTask#go():290 [JIT compiled code]
                              at perf.UnparsedTask#go():57 [JIT compiled code]
                              at perf.TaskThreads$RunTask#call():81 [JIT compiled code]
                              at perf.TaskThreads$RunTask#call():64 [JIT compiled code]
                              at java.util.concurrent.FutureTask#run():328 [JIT compiled code]
                              at java.util.concurrent.ThreadPoolExecutor#runWorker():1090 [Interpreted code]
0.48%         484           java.io.FileOutputStream#writeBytes() [Native code]
                              at java.io.FileOutputStream#traceWriteBytes():311 [Inlined code]
                              at java.io.FileOutputStream#write():349 [Inlined code]
                              at java.io.PrintStream#write():539 [Inlined code]
                              at sun.nio.cs.StreamEncoder#writeBytes():220 [Inlined code]
                              at sun.nio.cs.StreamEncoder#implFlushBuffer():315 [Inlined code]
                              at sun.nio.cs.StreamEncoder#flushBuffer():101 [Inlined code]
                              at java.io.OutputStreamWriter#flushBuffer():179 [Inlined code]
                              at java.io.PrintStream#writeln():690 [Inlined code]
                              at java.io.PrintStream#println():1004 [JIT compiled code]
                              at perf.SearchTask#printResults():776 [JIT compiled code]
                              at perf.UnparsedTask#printResults():85 [JIT compiled code]
0.46%         471           jdk.incubator.vector.Int256Vector$Int256Mask#trueCount():736 [Inlined code]
                              at org.apache.lucene.internal.vectorization.PanamaVectorUtilSupport#findNextGEQ():1190 [Inlined code]
                              at org.apache.lucene.util.VectorUtil#findNextGEQ():556 [Inlined code]
                              at org.apache.lucene.codecs.lucene104.Lucene104PostingsReader$BlockPostingsEnum#advance():936 [Inlined code]
                              at org.apache.lucene.search.WANDScorer#advanceTail():419 [Inlined code]
                              at org.apache.lucene.search.WANDScorer#advanceTail():433 [Inlined code]
                              at org.apache.lucene.search.WANDScorer$2#matches():349 [JIT compiled code]
                              at org.apache.lucene.search.Weight$DefaultBulkScorer#scoreTwoPhaseIterator():311 [JIT compiled code]
                              at org.apache.lucene.search.Weight$DefaultBulkScorer#score():282 [JIT compiled code]
                              at org.apache.lucene.search.IndexSearcher#searchLeaf():852 [Inlined code]
                              at org.apache.lucene.search.IndexSearcher#search():814 [Inlined code]
                              at org.apache.lucene.search.IndexSearcher#lambda$search$0():784 [Inlined code]
0.45%         462           org.apache.lucene.facet.taxonomy.FastTaxonomyFacetCounts#countAll():125 [JIT compiled code]
                              at org.apache.lucene.facet.taxonomy.FastTaxonomyFacetCounts#<init>():69 [Interpreted code]
                              at perf.SearchTask#go():282 [Interpreted code]
                              at perf.UnparsedTask#go():57 [Interpreted code]
                              at perf.TaskThreads$RunTask#call():81 [Interpreted code]
                              at perf.TaskThreads$RunTask#call():64 [Interpreted code]
                              at java.util.concurrent.FutureTask#run():328 [JIT compiled code]
                              at java.util.concurrent.ThreadPoolExecutor#runWorker():1090 [Interpreted code]
                              at java.util.concurrent.ThreadPoolExecutor$Worker#run():614 [Interpreted code]
                              at java.lang.Thread#runWith():1487 [Interpreted code]
                              at java.lang.Thread#run():1474 [Interpreted code]
0.44%         451           jdk.internal.foreign.MemorySessionImpl#checkValidStateRaw():200 [Inlined code]
                              at jdk.internal.misc.ScopedMemoryAccess#getShortUnalignedInternal():1789 [Inlined code]
                              at jdk.internal.misc.ScopedMemoryAccess#getShortUnaligned():1779 [Inlined code]
                              at java.lang.invoke.VarHandleSegmentAsShorts#get():60 [Inlined code]
                              at java.lang.invoke.VarHandleSegmentAsShorts#get():53 [Inlined code]
                              at java.lang.invoke.VarHandleGuards#guard_LJ_I():251 [Inlined code]
                              at jdk.internal.foreign.AbstractMemorySegmentImpl#get():730 [Inlined code]
                              at org.apache.lucene.store.MemorySegmentIndexInput$SingleSegmentImpl#readShort():797 [Inlined code]
                              at org.apache.lucene.util.packed.DirectReader$DirectPackedReader12#get():282 [Inlined code]
                              at org.apache.lucene.codecs.lucene90.Lucene90DocValuesProducer$25#nextOrd():2324 [Inlined code]
                              at org.apache.lucene.facet.sortedset.SortedSetDocValuesFacetCounts#countOneSegmentNHLD():137 [JIT compiled code]
                              at org.apache.lucene.facet.sortedset.SortedSetDocValuesFacetCounts#countAll():322 [Interpreted code]
0.44%         445           jdk.internal.foreign.MemorySessionImpl#checkValidStateRaw():200 [Inlined code]
                              at jdk.internal.misc.ScopedMemoryAccess#getShortUnalignedInternal():1789 [Inlined code]
                              at jdk.internal.misc.ScopedMemoryAccess#getShortUnaligned():1779 [Inlined code]
                              at java.lang.invoke.VarHandleSegmentAsShorts#get():60 [Inlined code]
                              at java.lang.invoke.VarHandleSegmentAsShorts#get():53 [Inlined code]
                              at java.lang.invoke.VarHandleGuards#guard_LJ_I():251 [Inlined code]
                              at jdk.internal.foreign.AbstractMemorySegmentImpl#get():730 [Inlined code]
                              at org.apache.lucene.store.MemorySegmentIndexInput$SingleSegmentImpl#readShort():797 [Inlined code]
                              at org.apache.lucene.util.packed.DirectReader$DirectPackedReader12#get():282 [JIT compiled code]
                              at org.apache.lucene.codecs.lucene90.Lucene90DocValuesProducer$25#nextOrd():2324 [Inlined code]
                              at org.apache.lucene.facet.sortedset.SortedSetDocValuesFacetCounts#countOneSegmentNHLD():137 [JIT compiled code]
                              at org.apache.lucene.facet.sortedset.SortedSetDocValuesFacetCounts#countAll():322 [Interpreted code]
0.43%         437           jdk.internal.foreign.MemorySessionImpl#checkValidStateRaw():200 [Inlined code]
                              at jdk.internal.misc.ScopedMemoryAccess#getByteInternal():1098 [Inlined code]
                              at jdk.internal.misc.ScopedMemoryAccess#getByte():1088 [Inlined code]
                              at java.lang.invoke.VarHandleSegmentAsBytes#get():56 [Inlined code]
                              at java.lang.invoke.VarHandleSegmentAsBytes#get():49 [Inlined code]
                              at java.lang.invoke.VarHandleGuards#guard_LJ_I():251 [Inlined code]
                              at jdk.internal.foreign.AbstractMemorySegmentImpl#get():694 [Inlined code]
                              at org.apache.lucene.store.MemorySegmentIndexInput$SingleSegmentImpl#readByte():775 [Inlined code]
                              at org.apache.lucene.util.packed.DirectReader$DirectPackedReader4#get():242 [Inlined code]
                              at org.apache.lucene.codecs.lucene90.Lucene90DocValuesProducer$20#ordValue():1501 [Inlined code]
                              at org.apache.lucene.facet.sortedset.SortedSetDocValuesFacetCounts#countOneSegmentNHLD():130 [JIT compiled code]
                              at org.apache.lucene.facet.sortedset.SortedSetDocValuesFacetCounts#countAll():322 [Interpreted code]
0.43%         433           org.apache.lucene.codecs.lucene90.Lucene90DocValuesProducer$25#advance():2356 [Inlined code]
                              at org.apache.lucene.codecs.lucene90.Lucene90DocValuesProducer$25#nextDoc():2348 [Inlined code]
                              at org.apache.lucene.facet.sortedset.SortedSetDocValuesFacetCounts#countOneSegmentNHLD():135 [JIT compiled code]
                              at org.apache.lucene.facet.sortedset.SortedSetDocValuesFacetCounts#countAll():322 [Interpreted code]
                              at org.apache.lucene.facet.sortedset.SortedSetDocValuesFacetCounts#<init>():73 [Inlined code]
                              at org.apache.lucene.facet.sortedset.SortedSetDocValuesFacetCounts#<init>():63 [Inlined code]
                              at perf.SearchTask#go():290 [JIT compiled code]
                              at perf.UnparsedTask#go():57 [JIT compiled code]
                              at perf.TaskThreads$RunTask#call():81 [JIT compiled code]
                              at perf.TaskThreads$RunTask#call():64 [JIT compiled code]
                              at java.util.concurrent.FutureTask#run():328 [JIT compiled code]
                              at java.util.concurrent.ThreadPoolExecutor#runWorker():1090 [Interpreted code]
0.42%         432           jdk.incubator.vector.Int256Vector$Int256Mask#trueCount():736 [Inlined code]
                              at org.apache.lucene.internal.vectorization.PanamaVectorUtilSupport#findNextGEQ():1190 [Inlined code]
                              at org.apache.lucene.util.VectorUtil#findNextGEQ():556 [Inlined code]
                              at org.apache.lucene.codecs.lucene104.Lucene104PostingsReader$BlockPostingsEnum#advance():936 [Inlined code]
                              at org.apache.lucene.search.WANDScorer#advanceTail():419 [Inlined code]
                              at org.apache.lucene.search.WANDScorer#advanceTail():433 [Inlined code]
                              at org.apache.lucene.search.WANDScorer$2#matches():349 [JIT compiled code]
                              at org.apache.lucene.search.Weight$DefaultBulkScorer#scoreTwoPhaseIterator():311 [JIT compiled code]
                              at org.apache.lucene.search.Weight$DefaultBulkScorer#score():282 [JIT compiled code]
                              at org.apache.lucene.search.IndexSearcher#searchLeaf():852 [JIT compiled code]
                              at org.apache.lucene.search.IndexSearcher#search():814 [JIT compiled code]
                              at org.apache.lucene.search.IndexSearcher#lambda$search$0():784 [Inlined code]
0.40%         408           org.apache.lucene.util.packed.DirectReader$DirectPackedReader20#get():322 [Inlined code]
                              at org.apache.lucene.codecs.lucene90.Lucene90DocValuesProducer$4#longValue():994 [Inlined code]
                              at org.apache.lucene.facet.taxonomy.FastTaxonomyFacetCounts#countAll():138 [JIT compiled code]
                              at org.apache.lucene.facet.taxonomy.FastTaxonomyFacetCounts#<init>():69 [Interpreted code]
                              at perf.SearchTask#go():282 [JIT compiled code]
                              at perf.UnparsedTask#go():57 [JIT compiled code]
                              at perf.TaskThreads$RunTask#call():81 [JIT compiled code]
                              at perf.TaskThreads$RunTask#call():64 [JIT compiled code]
                              at java.util.concurrent.FutureTask#run():328 [JIT compiled code]
                              at java.util.concurrent.ThreadPoolExecutor#runWorker():1090 [Interpreted code]
                              at java.util.concurrent.ThreadPoolExecutor$Worker#run():614 [Interpreted code]
                              at java.lang.Thread#runWith():1487 [Interpreted code]
0.38%         391           org.apache.lucene.codecs.lucene90.Lucene90DocValuesProducer$25#advance():2357 [Inlined code]
                              at org.apache.lucene.codecs.lucene90.Lucene90DocValuesProducer$25#nextDoc():2348 [Inlined code]
                              at org.apache.lucene.facet.sortedset.SortedSetDocValuesFacetCounts#countOneSegmentNHLD():135 [JIT compiled code]
                              at org.apache.lucene.facet.sortedset.SortedSetDocValuesFacetCounts#countAll():322 [Interpreted code]
                              at org.apache.lucene.facet.sortedset.SortedSetDocValuesFacetCounts#<init>():73 [Inlined code]
                              at org.apache.lucene.facet.sortedset.SortedSetDocValuesFacetCounts#<init>():63 [Inlined code]
                              at perf.SearchTask#go():290 [JIT compiled code]
                              at perf.UnparsedTask#go():57 [JIT compiled code]
                              at perf.TaskThreads$RunTask#call():81 [JIT compiled code]
                              at perf.TaskThreads$RunTask#call():64 [JIT compiled code]
                              at java.util.concurrent.FutureTask#run():328 [JIT compiled code]
                              at java.util.concurrent.ThreadPoolExecutor#runWorker():1090 [Interpreted code]
0.36%         369           org.apache.lucene.store.MemorySegmentIndexInput$SingleSegmentImpl#readShort():797 [Inlined code]
                              at org.apache.lucene.util.packed.DirectReader$DirectPackedReader12#get():282 [JIT compiled code]
                              at org.apache.lucene.codecs.lucene90.Lucene90DocValuesProducer$25#nextOrd():2324 [Inlined code]
                              at org.apache.lucene.facet.sortedset.SortedSetDocValuesFacetCounts#countOneSegmentNHLD():137 [JIT compiled code]
                              at org.apache.lucene.facet.sortedset.SortedSetDocValuesFacetCounts#countAll():322 [Interpreted code]
                              at org.apache.lucene.facet.sortedset.SortedSetDocValuesFacetCounts#<init>():73 [Inlined code]
                              at org.apache.lucene.facet.sortedset.SortedSetDocValuesFacetCounts#<init>():63 [Inlined code]
                              at perf.SearchTask#go():290 [JIT compiled code]
                              at perf.UnparsedTask#go():57 [JIT compiled code]
                              at perf.TaskThreads$RunTask#call():81 [JIT compiled code]
                              at perf.TaskThreads$RunTask#call():64 [JIT compiled code]
                              at java.util.concurrent.FutureTask#run():328 [JIT compiled code]
0.35%         358           org.apache.lucene.facet.sortedset.SortedSetDocValuesFacetCounts#countOneSegmentNHLD():129 [JIT compiled code]
                              at org.apache.lucene.facet.sortedset.SortedSetDocValuesFacetCounts#countAll():322 [Interpreted code]
                              at org.apache.lucene.facet.sortedset.SortedSetDocValuesFacetCounts#<init>():73 [Interpreted code]
                              at org.apache.lucene.facet.sortedset.SortedSetDocValuesFacetCounts#<init>():63 [Interpreted code]
                              at perf.SearchTask#go():290 [Interpreted code]
                              at perf.UnparsedTask#go():57 [JIT compiled code]
                              at perf.TaskThreads$RunTask#call():81 [JIT compiled code]
                              at perf.TaskThreads$RunTask#call():64 [JIT compiled code]
                              at java.util.concurrent.FutureTask#run():328 [JIT compiled code]
                              at java.util.concurrent.ThreadPoolExecutor#runWorker():1090 [Interpreted code]
                              at java.util.concurrent.ThreadPoolExecutor$Worker#run():614 [Interpreted code]
                              at java.lang.Thread#runWith():1487 [Interpreted code]
0.35%         355           org.apache.lucene.codecs.lucene90.Lucene90DocValuesProducer$20#ordValue():1501 [Inlined code]
                              at org.apache.lucene.facet.sortedset.SortedSetDocValuesFacetCounts#countOneSegmentNHLD():130 [JIT compiled code]
                              at org.apache.lucene.facet.sortedset.SortedSetDocValuesFacetCounts#countAll():322 [Interpreted code]
                              at org.apache.lucene.facet.sortedset.SortedSetDocValuesFacetCounts#<init>():73 [Interpreted code]
                              at org.apache.lucene.facet.sortedset.SortedSetDocValuesFacetCounts#<init>():63 [Interpreted code]
                              at perf.SearchTask#go():290 [Interpreted code]
                              at perf.UnparsedTask#go():57 [Interpreted code]
                              at perf.TaskThreads$RunTask#call():81 [Interpreted code]
                              at perf.TaskThreads$RunTask#call():64 [Interpreted code]
                              at java.util.concurrent.FutureTask#run():328 [JIT compiled code]
                              at java.util.concurrent.ThreadPoolExecutor#runWorker():1090 [Interpreted code]
                              at java.util.concurrent.ThreadPoolExecutor$Worker#run():614 [Interpreted code]
0.33%         340           org.apache.lucene.facet.sortedset.SortedSetDocValuesFacetCounts#countOneSegmentNHLD():136 [JIT compiled code]
                              at org.apache.lucene.facet.sortedset.SortedSetDocValuesFacetCounts#countAll():322 [Interpreted code]
                              at org.apache.lucene.facet.sortedset.SortedSetDocValuesFacetCounts#<init>():73 [Inlined code]
                              at org.apache.lucene.facet.sortedset.SortedSetDocValuesFacetCounts#<init>():63 [Inlined code]
                              at perf.SearchTask#go():290 [JIT compiled code]
                              at perf.UnparsedTask#go():57 [JIT compiled code]
                              at perf.TaskThreads$RunTask#call():81 [JIT compiled code]
                              at perf.TaskThreads$RunTask#call():64 [JIT compiled code]
                              at java.util.concurrent.FutureTask#run():328 [JIT compiled code]
                              at java.util.concurrent.ThreadPoolExecutor#runWorker():1090 [Interpreted code]
                              at java.util.concurrent.ThreadPoolExecutor$Worker#run():614 [Interpreted code]
                              at java.lang.Thread#runWith():1487 [Interpreted code]
0.33%         334           org.apache.lucene.util.packed.DirectReader$DirectPackedReader12#get():280 [JIT compiled code]
                              at org.apache.lucene.codecs.lucene90.Lucene90DocValuesProducer$25#nextOrd():2324 [Inlined code]
                              at org.apache.lucene.facet.sortedset.SortedSetDocValuesFacetCounts#countOneSegmentNHLD():137 [JIT compiled code]
                              at org.apache.lucene.facet.sortedset.SortedSetDocValuesFacetCounts#countAll():322 [Interpreted code]
                              at org.apache.lucene.facet.sortedset.SortedSetDocValuesFacetCounts#<init>():73 [Inlined code]
                              at org.apache.lucene.facet.sortedset.SortedSetDocValuesFacetCounts#<init>():63 [Inlined code]
                              at perf.SearchTask#go():290 [JIT compiled code]
                              at perf.UnparsedTask#go():57 [JIT compiled code]
                              at perf.TaskThreads$RunTask#call():81 [JIT compiled code]
                              at perf.TaskThreads$RunTask#call():64 [JIT compiled code]
                              at java.util.concurrent.FutureTask#run():328 [JIT compiled code]
                              at java.util.concurrent.ThreadPoolExecutor#runWorker():1090 [Interpreted code]
0.33%         334           org.apache.lucene.codecs.lucene90.Lucene90DocValuesProducer$DenseNumericDocValues#nextDoc():800 [Inlined code]
                              at org.apache.lucene.facet.taxonomy.FastTaxonomyFacetCounts#countAll():137 [JIT compiled code]
                              at org.apache.lucene.facet.taxonomy.FastTaxonomyFacetCounts#<init>():69 [Interpreted code]
                              at perf.SearchTask#go():282 [JIT compiled code]
                              at perf.UnparsedTask#go():57 [JIT compiled code]
                              at perf.TaskThreads$RunTask#call():81 [JIT compiled code]
                              at perf.TaskThreads$RunTask#call():64 [JIT compiled code]
                              at java.util.concurrent.FutureTask#run():328 [JIT compiled code]
                              at java.util.concurrent.ThreadPoolExecutor#runWorker():1090 [Interpreted code]
                              at java.util.concurrent.ThreadPoolExecutor$Worker#run():614 [Interpreted code]
                              at java.lang.Thread#runWith():1487 [Interpreted code]
                              at java.lang.Thread#run():1474 [Interpreted code]
0.32%         327           org.apache.lucene.util.packed.DirectMonotonicReader#get():138 [Inlined code]
                              at org.apache.lucene.codecs.lucene90.Lucene90DocValuesProducer$25#advance():2356 [Inlined code]
                              at org.apache.lucene.codecs.lucene90.Lucene90DocValuesProducer$25#nextDoc():2348 [Inlined code]
                              at org.apache.lucene.facet.sortedset.SortedSetDocValuesFacetCounts#countOneSegmentNHLD():135 [JIT compiled code]
                              at org.apache.lucene.facet.sortedset.SortedSetDocValuesFacetCounts#countAll():322 [Interpreted code]
                              at org.apache.lucene.facet.sortedset.SortedSetDocValuesFacetCounts#<init>():73 [Inlined code]
                              at org.apache.lucene.facet.sortedset.SortedSetDocValuesFacetCounts#<init>():63 [Inlined code]
                              at perf.SearchTask#go():290 [JIT compiled code]
                              at perf.UnparsedTask#go():57 [JIT compiled code]
                              at perf.TaskThreads$RunTask#call():81 [JIT compiled code]
                              at perf.TaskThreads$RunTask#call():64 [JIT compiled code]
                              at java.util.concurrent.FutureTask#run():328 [JIT compiled code]
0.32%         324           org.apache.lucene.facet.taxonomy.FastTaxonomyFacetCounts#countAll():125 [JIT compiled code]
                              at org.apache.lucene.facet.taxonomy.FastTaxonomyFacetCounts#<init>():69 [Interpreted code]
                              at perf.SearchTask#go():282 [Interpreted code]
                              at perf.UnparsedTask#go():57 [JIT compiled code]
                              at perf.TaskThreads$RunTask#call():81 [JIT compiled code]
                              at perf.TaskThreads$RunTask#call():64 [JIT compiled code]
                              at java.util.concurrent.FutureTask#run():328 [JIT compiled code]
                              at java.util.concurrent.ThreadPoolExecutor#runWorker():1090 [Interpreted code]
                              at java.util.concurrent.ThreadPoolExecutor$Worker#run():614 [Interpreted code]
                              at java.lang.Thread#runWith():1487 [Interpreted code]
                              at java.lang.Thread#run():1474 [Interpreted code]
0.32%         324           jdk.internal.foreign.AbstractMemorySegmentImpl#checkBounds():403 [Inlined code]
                              at jdk.internal.foreign.AbstractMemorySegmentImpl#checkAccess():357 [Inlined code]
                              at jdk.internal.foreign.AbstractMemorySegmentImpl#checkEnclosingLayout():362 [Inlined code]
                              at java.lang.invoke.SegmentVarHandle#checkSegment():92 [Inlined code]
                              at java.lang.invoke.VarHandleSegmentAsInts#get():59 [Inlined code]
                              at java.lang.invoke.VarHandleSegmentAsInts#get():53 [Inlined code]
                              at java.lang.invoke.VarHandleGuards#guard_LJ_I():251 [Inlined code]
                              at jdk.internal.foreign.AbstractMemorySegmentImpl#get():742 [Inlined code]
                              at org.apache.lucene.store.MemorySegmentIndexInput$SingleSegmentImpl#readInt():808 [Inlined code]
                              at org.apache.lucene.util.packed.DirectReader$DirectPackedReader20#get():322 [Inlined code]
                              at org.apache.lucene.codecs.lucene90.Lucene90DocValuesProducer$4#longValue():994 [Inlined code]
                              at org.apache.lucene.facet.taxonomy.FastTaxonomyFacetCounts#countAll():138 [JIT compiled code]


CPU merged search profile for armJ:
JFR aggregation command: /home/goankur/jdk/corretto-25/bin/java -server -Xms2g -Xmx2g --add-modules jdk.incubator.vector -XX:+HeapDumpOnOutOfMemoryError -XX:+UseParallelGC -cp /home/goankur/vsearch/bo/lucene-J/build-tools/build-infra/build/classes/java/main -Dtests.profile.mode=cpu -Dtests.profile.stacksize=12 -Dtests.profile.count=30 -Dtests.profile.linenumbers=true org.apache.lucene.gradle.plugins.java.ProfileResults /home/goankur/vsearch/logs/bench-search-FJAc-armJ-11.jfr /home/goankur/vsearch/logs/bench-search-FJAc-armJ-12.jfr /home/goankur/vsearch/logs/bench-search-FJAc-armJ-13.jfr /home/goankur/vsearch/logs/bench-search-FJAc-armJ-14.jfr /home/goankur/vsearch/logs/bench-search-FJAc-armJ-15.jfr /home/goankur/vsearch/logs/bench-search-FJAc-armJ-16.jfr /home/goankur/vsearch/logs/bench-search-FJAc-armJ-17.jfr /home/goankur/vsearch/logs/bench-search-FJAc-armJ-18.jfr /home/goankur/vsearch/logs/bench-search-FJAc-armJ-19.jfr /home/goankur/vsearch/logs/bench-search-FJAc-armJ-7.jfr /home/goankur/vsearch/logs/bench-search-FJAc-armJ-8.jfr /home/goankur/vsearch/logs/bench-search-FJAc-armJ-9.jfr /home/goankur/vsearch/logs/bench-search-FJAc-armJ-10.jfr /home/goankur/vsearch/logs/bench-search-FJAc-armJ-2.jfr /home/goankur/vsearch/logs/bench-search-FJAc-armJ-3.jfr /home/goankur/vsearch/logs/bench-search-FJAc-armJ-4.jfr /home/goankur/vsearch/logs/bench-search-FJAc-armJ-5.jfr /home/goankur/vsearch/logs/bench-search-FJAc-armJ-6.jfr /home/goankur/vsearch/logs/bench-search-FJAc-armJ-1.jfr /home/goankur/vsearch/logs/bench-search-FJAc-armJ-0.jfr
Took 2.00 seconds
WARNING: Using incubator modules: jdk.incubator.vector
PROFILE SUMMARY from 102880 events (total: 102880)
  tests.profile.mode=cpu
  tests.profile.count=30
  tests.profile.stacksize=12
  tests.profile.linenumbers=true
PERCENT       CPU SAMPLES   STACK
1.86%         1917          org.apache.lucene.facet.taxonomy.FastTaxonomyFacetCounts#countAll():125 [JIT compiled code]
                              at org.apache.lucene.facet.taxonomy.FastTaxonomyFacetCounts#<init>():69 [Interpreted code]
                              at perf.SearchTask#go():282 [JIT compiled code]
                              at perf.UnparsedTask#go():57 [JIT compiled code]
                              at perf.TaskThreads$RunTask#call():81 [JIT compiled code]
                              at perf.TaskThreads$RunTask#call():64 [JIT compiled code]
                              at java.util.concurrent.FutureTask#run():328 [JIT compiled code]
                              at java.util.concurrent.ThreadPoolExecutor#runWorker():1090 [Interpreted code]
                              at java.util.concurrent.ThreadPoolExecutor$Worker#run():614 [Interpreted code]
                              at java.lang.Thread#runWith():1487 [Interpreted code]
                              at java.lang.Thread#run():1474 [Interpreted code]
1.82%         1877          org.apache.lucene.facet.sortedset.SortedSetDocValuesFacetCounts#countOneSegmentNHLD():129 [JIT compiled code]
                              at org.apache.lucene.facet.sortedset.SortedSetDocValuesFacetCounts#countAll():322 [Interpreted code]
                              at org.apache.lucene.facet.sortedset.SortedSetDocValuesFacetCounts#<init>():73 [Inlined code]
                              at org.apache.lucene.facet.sortedset.SortedSetDocValuesFacetCounts#<init>():63 [Inlined code]
                              at perf.SearchTask#go():290 [JIT compiled code]
                              at perf.UnparsedTask#go():57 [JIT compiled code]
                              at perf.TaskThreads$RunTask#call():81 [JIT compiled code]
                              at perf.TaskThreads$RunTask#call():64 [JIT compiled code]
                              at java.util.concurrent.FutureTask#run():328 [JIT compiled code]
                              at java.util.concurrent.ThreadPoolExecutor#runWorker():1090 [Interpreted code]
                              at java.util.concurrent.ThreadPoolExecutor$Worker#run():614 [Interpreted code]
                              at java.lang.Thread#runWith():1487 [Interpreted code]
1.03%         1055          org.apache.lucene.util.packed.DirectReader$DirectPackedReader12#get():282 [JIT compiled code]
                              at org.apache.lucene.codecs.lucene90.Lucene90DocValuesProducer$25#nextOrd():2324 [Inlined code]
                              at org.apache.lucene.facet.sortedset.SortedSetDocValuesFacetCounts#countOneSegmentNHLD():137 [JIT compiled code]
                              at org.apache.lucene.facet.sortedset.SortedSetDocValuesFacetCounts#countAll():322 [Interpreted code]
                              at org.apache.lucene.facet.sortedset.SortedSetDocValuesFacetCounts#<init>():73 [Inlined code]
                              at org.apache.lucene.facet.sortedset.SortedSetDocValuesFacetCounts#<init>():63 [Inlined code]
                              at perf.SearchTask#go():290 [JIT compiled code]
                              at perf.UnparsedTask#go():57 [JIT compiled code]
                              at perf.TaskThreads$RunTask#call():81 [JIT compiled code]
                              at perf.TaskThreads$RunTask#call():64 [JIT compiled code]
                              at java.util.concurrent.FutureTask#run():328 [JIT compiled code]
                              at java.util.concurrent.ThreadPoolExecutor#runWorker():1090 [Interpreted code]
0.98%         1006          org.apache.lucene.codecs.lucene90.Lucene90DocValuesProducer$20#ordValue():1501 [Inlined code]
                              at org.apache.lucene.facet.sortedset.SortedSetDocValuesFacetCounts#countOneSegmentNHLD():130 [JIT compiled code]
                              at org.apache.lucene.facet.sortedset.SortedSetDocValuesFacetCounts#countAll():322 [Interpreted code]
                              at org.apache.lucene.facet.sortedset.SortedSetDocValuesFacetCounts#<init>():73 [Inlined code]
                              at org.apache.lucene.facet.sortedset.SortedSetDocValuesFacetCounts#<init>():63 [Inlined code]
                              at perf.SearchTask#go():290 [JIT compiled code]
                              at perf.UnparsedTask#go():57 [JIT compiled code]
                              at perf.TaskThreads$RunTask#call():81 [JIT compiled code]
                              at perf.TaskThreads$RunTask#call():64 [JIT compiled code]
                              at java.util.concurrent.FutureTask#run():328 [JIT compiled code]
                              at java.util.concurrent.ThreadPoolExecutor#runWorker():1090 [Interpreted code]
                              at java.util.concurrent.ThreadPoolExecutor$Worker#run():614 [Interpreted code]
0.90%         922           jdk.internal.foreign.MemorySessionImpl#checkValidStateRaw():200 [Inlined code]
                              at jdk.internal.misc.ScopedMemoryAccess#getByteInternal():1098 [Inlined code]
                              at jdk.internal.misc.ScopedMemoryAccess#getByte():1088 [Inlined code]
                              at java.lang.invoke.VarHandleSegmentAsBytes#get():56 [Inlined code]
                              at java.lang.invoke.VarHandleSegmentAsBytes#get():49 [Inlined code]
                              at java.lang.invoke.VarHandleGuards#guard_LJ_I():251 [Inlined code]
                              at jdk.internal.foreign.AbstractMemorySegmentImpl#get():694 [Inlined code]
                              at org.apache.lucene.store.MemorySegmentIndexInput$SingleSegmentImpl#readByte():761 [Inlined code]
                              at org.apache.lucene.util.packed.DirectReader$DirectPackedReader4#get():242 [Inlined code]
                              at org.apache.lucene.codecs.lucene90.Lucene90DocValuesProducer$20#ordValue():1501 [Inlined code]
                              at org.apache.lucene.facet.sortedset.SortedSetDocValuesFacetCounts#countOneSegmentNHLD():130 [JIT compiled code]
                              at org.apache.lucene.facet.sortedset.SortedSetDocValuesFacetCounts#countAll():322 [Interpreted code]
0.68%         701           org.apache.lucene.codecs.lucene90.Lucene90DocValuesProducer$25#nextOrd():2324 [Inlined code]
                              at org.apache.lucene.facet.sortedset.SortedSetDocValuesFacetCounts#countOneSegmentNHLD():137 [JIT compiled code]
                              at org.apache.lucene.facet.sortedset.SortedSetDocValuesFacetCounts#countAll():322 [Interpreted code]
                              at org.apache.lucene.facet.sortedset.SortedSetDocValuesFacetCounts#<init>():73 [Inlined code]
                              at org.apache.lucene.facet.sortedset.SortedSetDocValuesFacetCounts#<init>():63 [Inlined code]
                              at perf.SearchTask#go():290 [JIT compiled code]
                              at perf.UnparsedTask#go():57 [JIT compiled code]
                              at perf.TaskThreads$RunTask#call():81 [JIT compiled code]
                              at perf.TaskThreads$RunTask#call():64 [JIT compiled code]
                              at java.util.concurrent.FutureTask#run():328 [JIT compiled code]
                              at java.util.concurrent.ThreadPoolExecutor#runWorker():1090 [Interpreted code]
                              at java.util.concurrent.ThreadPoolExecutor$Worker#run():614 [Interpreted code]
0.66%         674           org.apache.lucene.facet.sortedset.SortedSetDocValuesFacetCounts#countOneSegmentNHLD():129 [JIT compiled code]
                              at org.apache.lucene.facet.sortedset.SortedSetDocValuesFacetCounts#countAll():322 [Interpreted code]
                              at org.apache.lucene.facet.sortedset.SortedSetDocValuesFacetCounts#<init>():73 [Interpreted code]
                              at org.apache.lucene.facet.sortedset.SortedSetDocValuesFacetCounts#<init>():63 [Interpreted code]
                              at perf.SearchTask#go():290 [Interpreted code]
                              at perf.UnparsedTask#go():57 [Interpreted code]
                              at perf.TaskThreads$RunTask#call():81 [Interpreted code]
                              at perf.TaskThreads$RunTask#call():64 [Interpreted code]
                              at java.util.concurrent.FutureTask#run():328 [JIT compiled code]
                              at java.util.concurrent.ThreadPoolExecutor#runWorker():1090 [Interpreted code]
                              at java.util.concurrent.ThreadPoolExecutor$Worker#run():614 [Interpreted code]
                              at java.lang.Thread#runWith():1487 [Interpreted code]
0.62%         635           org.apache.lucene.codecs.lucene90.Lucene90DocValuesProducer$4#longValue():994 [Inlined code]
                              at org.apache.lucene.facet.taxonomy.FastTaxonomyFacetCounts#countAll():138 [JIT compiled code]
                              at org.apache.lucene.facet.taxonomy.FastTaxonomyFacetCounts#<init>():69 [Interpreted code]
                              at perf.SearchTask#go():282 [JIT compiled code]
                              at perf.UnparsedTask#go():57 [JIT compiled code]
                              at perf.TaskThreads$RunTask#call():81 [JIT compiled code]
                              at perf.TaskThreads$RunTask#call():64 [JIT compiled code]
                              at java.util.concurrent.FutureTask#run():328 [JIT compiled code]
                              at java.util.concurrent.ThreadPoolExecutor#runWorker():1090 [Interpreted code]
                              at java.util.concurrent.ThreadPoolExecutor$Worker#run():614 [Interpreted code]
                              at java.lang.Thread#runWith():1487 [Interpreted code]
                              at java.lang.Thread#run():1474 [Interpreted code]
0.58%         596           jdk.internal.foreign.MemorySessionImpl#checkValidStateRaw():200 [Inlined code]
                              at jdk.internal.misc.ScopedMemoryAccess#getShortUnalignedInternal():1789 [Inlined code]
                              at jdk.internal.misc.ScopedMemoryAccess#getShortUnaligned():1779 [Inlined code]
                              at java.lang.invoke.VarHandleSegmentAsShorts#get():60 [Inlined code]
                              at java.lang.invoke.VarHandleSegmentAsShorts#get():53 [Inlined code]
                              at java.lang.invoke.VarHandleGuards#guard_LJ_I():251 [Inlined code]
                              at jdk.internal.foreign.AbstractMemorySegmentImpl#get():730 [Inlined code]
                              at org.apache.lucene.store.MemorySegmentIndexInput$SingleSegmentImpl#readShort():783 [Inlined code]
                              at org.apache.lucene.util.packed.DirectReader$DirectPackedReader12#get():282 [JIT compiled code]
                              at org.apache.lucene.codecs.lucene90.Lucene90DocValuesProducer$25#nextOrd():2324 [Inlined code]
                              at org.apache.lucene.facet.sortedset.SortedSetDocValuesFacetCounts#countOneSegmentNHLD():137 [JIT compiled code]
                              at org.apache.lucene.facet.sortedset.SortedSetDocValuesFacetCounts#countAll():322 [Interpreted code]
0.55%         563           org.apache.lucene.codecs.lucene90.Lucene90DocValuesProducer$25#advance():2358 [Inlined code]
                              at org.apache.lucene.codecs.lucene90.Lucene90DocValuesProducer$25#nextDoc():2348 [Inlined code]
                              at org.apache.lucene.facet.sortedset.SortedSetDocValuesFacetCounts#countOneSegmentNHLD():135 [JIT compiled code]
                              at org.apache.lucene.facet.sortedset.SortedSetDocValuesFacetCounts#countAll():322 [Interpreted code]
                              at org.apache.lucene.facet.sortedset.SortedSetDocValuesFacetCounts#<init>():73 [Inlined code]
                              at org.apache.lucene.facet.sortedset.SortedSetDocValuesFacetCounts#<init>():63 [Inlined code]
                              at perf.SearchTask#go():290 [JIT compiled code]
                              at perf.UnparsedTask#go():57 [JIT compiled code]
                              at perf.TaskThreads$RunTask#call():81 [JIT compiled code]
                              at perf.TaskThreads$RunTask#call():64 [JIT compiled code]
                              at java.util.concurrent.FutureTask#run():328 [JIT compiled code]
                              at java.util.concurrent.ThreadPoolExecutor#runWorker():1090 [Interpreted code]
0.54%         556           jdk.incubator.vector.Int256Vector$Int256Mask#trueCount():736 [Inlined code]
                              at org.apache.lucene.internal.vectorization.PanamaVectorUtilSupport#findNextGEQ():1190 [Inlined code]
                              at org.apache.lucene.util.VectorUtil#findNextGEQ():556 [Inlined code]
                              at org.apache.lucene.codecs.lucene104.Lucene104PostingsReader$BlockPostingsEnum#advance():936 [Inlined code]
                              at org.apache.lucene.search.WANDScorer#advanceTail():419 [Inlined code]
                              at org.apache.lucene.search.WANDScorer#advanceTail():433 [Inlined code]
                              at org.apache.lucene.search.WANDScorer$2#matches():349 [JIT compiled code]
                              at org.apache.lucene.search.Weight$DefaultBulkScorer#scoreTwoPhaseIterator():311 [JIT compiled code]
                              at org.apache.lucene.search.Weight$DefaultBulkScorer#score():282 [JIT compiled code]
                              at org.apache.lucene.search.IndexSearcher#searchLeaf():852 [Inlined code]
                              at org.apache.lucene.search.IndexSearcher#search():814 [Inlined code]
                              at org.apache.lucene.search.IndexSearcher#lambda$search$0():784 [Inlined code]
0.51%         528           jdk.internal.foreign.MemorySessionImpl#checkValidStateRaw():200 [Inlined code]
                              at jdk.internal.misc.ScopedMemoryAccess#getIntUnalignedInternal():3169 [Inlined code]
                              at jdk.internal.misc.ScopedMemoryAccess#getIntUnaligned():3159 [Inlined code]
                              at java.lang.invoke.VarHandleSegmentAsInts#get():60 [Inlined code]
                              at java.lang.invoke.VarHandleSegmentAsInts#get():53 [Inlined code]
                              at java.lang.invoke.VarHandleGuards#guard_LJ_I():251 [Inlined code]
                              at jdk.internal.foreign.AbstractMemorySegmentImpl#get():742 [Inlined code]
                              at org.apache.lucene.store.MemorySegmentIndexInput$SingleSegmentImpl#readInt():794 [Inlined code]
                              at org.apache.lucene.util.packed.DirectReader$DirectPackedReader20#get():322 [Inlined code]
                              at org.apache.lucene.codecs.lucene90.Lucene90DocValuesProducer$4#longValue():994 [Inlined code]
                              at org.apache.lucene.facet.taxonomy.FastTaxonomyFacetCounts#countAll():138 [JIT compiled code]
                              at org.apache.lucene.facet.taxonomy.FastTaxonomyFacetCounts#<init>():69 [Interpreted code]
0.49%         508           jdk.incubator.vector.Int256Vector$Int256Mask#trueCount():736 [Inlined code]
                              at org.apache.lucene.internal.vectorization.PanamaVectorUtilSupport#findNextGEQ():1190 [Inlined code]
                              at org.apache.lucene.util.VectorUtil#findNextGEQ():556 [Inlined code]
                              at org.apache.lucene.codecs.lucene104.Lucene104PostingsReader$BlockPostingsEnum#advance():936 [Inlined code]
                              at org.apache.lucene.search.WANDScorer#advanceTail():419 [Inlined code]
                              at org.apache.lucene.search.WANDScorer#advanceTail():433 [Inlined code]
                              at org.apache.lucene.search.WANDScorer$2#matches():349 [JIT compiled code]
                              at org.apache.lucene.search.Weight$DefaultBulkScorer#scoreTwoPhaseIterator():311 [JIT compiled code]
                              at org.apache.lucene.search.Weight$DefaultBulkScorer#score():282 [JIT compiled code]
                              at org.apache.lucene.search.IndexSearcher#searchLeaf():852 [JIT compiled code]
                              at org.apache.lucene.search.IndexSearcher#search():814 [JIT compiled code]
                              at org.apache.lucene.search.IndexSearcher#lambda$search$0():784 [Inlined code]
0.46%         478           org.apache.lucene.util.packed.DirectReader$DirectPackedReader12#get():280 [JIT compiled code]
                              at org.apache.lucene.codecs.lucene90.Lucene90DocValuesProducer$25#nextOrd():2324 [Inlined code]
                              at org.apache.lucene.facet.sortedset.SortedSetDocValuesFacetCounts#countOneSegmentNHLD():137 [JIT compiled code]
                              at org.apache.lucene.facet.sortedset.SortedSetDocValuesFacetCounts#countAll():322 [Interpreted code]
                              at org.apache.lucene.facet.sortedset.SortedSetDocValuesFacetCounts#<init>():73 [Inlined code]
                              at org.apache.lucene.facet.sortedset.SortedSetDocValuesFacetCounts#<init>():63 [Inlined code]
                              at perf.SearchTask#go():290 [JIT compiled code]
                              at perf.UnparsedTask#go():57 [JIT compiled code]
                              at perf.TaskThreads$RunTask#call():81 [JIT compiled code]
                              at perf.TaskThreads$RunTask#call():64 [JIT compiled code]
                              at java.util.concurrent.FutureTask#run():328 [JIT compiled code]
                              at java.util.concurrent.ThreadPoolExecutor#runWorker():1090 [Interpreted code]
0.45%         468           org.apache.lucene.codecs.lucene90.Lucene90DocValuesProducer$25#advance():2356 [Inlined code]
                              at org.apache.lucene.codecs.lucene90.Lucene90DocValuesProducer$25#nextDoc():2348 [Inlined code]
                              at org.apache.lucene.facet.sortedset.SortedSetDocValuesFacetCounts#countOneSegmentNHLD():135 [JIT compiled code]
                              at org.apache.lucene.facet.sortedset.SortedSetDocValuesFacetCounts#countAll():322 [Interpreted code]
                              at org.apache.lucene.facet.sortedset.SortedSetDocValuesFacetCounts#<init>():73 [Inlined code]
                              at org.apache.lucene.facet.sortedset.SortedSetDocValuesFacetCounts#<init>():63 [Inlined code]
                              at perf.SearchTask#go():290 [JIT compiled code]
                              at perf.UnparsedTask#go():57 [JIT compiled code]
                              at perf.TaskThreads$RunTask#call():81 [JIT compiled code]
                              at perf.TaskThreads$RunTask#call():64 [JIT compiled code]
                              at java.util.concurrent.FutureTask#run():328 [JIT compiled code]
                              at java.util.concurrent.ThreadPoolExecutor#runWorker():1090 [Interpreted code]
0.44%         457           java.io.FileOutputStream#writeBytes() [Native code]
                              at java.io.FileOutputStream#traceWriteBytes():311 [Inlined code]
                              at java.io.FileOutputStream#write():349 [Inlined code]
                              at java.io.PrintStream#write():539 [Inlined code]
                              at sun.nio.cs.StreamEncoder#writeBytes():220 [Inlined code]
                              at sun.nio.cs.StreamEncoder#implFlushBuffer():315 [Inlined code]
                              at sun.nio.cs.StreamEncoder#flushBuffer():101 [Inlined code]
                              at java.io.OutputStreamWriter#flushBuffer():179 [Inlined code]
                              at java.io.PrintStream#writeln():690 [Inlined code]
                              at java.io.PrintStream#println():1004 [JIT compiled code]
                              at perf.SearchTask#printResults():776 [JIT compiled code]
                              at perf.UnparsedTask#printResults():85 [JIT compiled code]
0.44%         454           org.apache.lucene.store.MemorySegmentIndexInput$SingleSegmentImpl#readShort():783 [Inlined code]
                              at org.apache.lucene.util.packed.DirectReader$DirectPackedReader12#get():282 [JIT compiled code]
                              at org.apache.lucene.codecs.lucene90.Lucene90DocValuesProducer$25#nextOrd():2324 [Inlined code]
                              at org.apache.lucene.facet.sortedset.SortedSetDocValuesFacetCounts#countOneSegmentNHLD():137 [JIT compiled code]
                              at org.apache.lucene.facet.sortedset.SortedSetDocValuesFacetCounts#countAll():322 [Interpreted code]
                              at org.apache.lucene.facet.sortedset.SortedSetDocValuesFacetCounts#<init>():73 [Inlined code]
                              at org.apache.lucene.facet.sortedset.SortedSetDocValuesFacetCounts#<init>():63 [Inlined code]
                              at perf.SearchTask#go():290 [JIT compiled code]
                              at perf.UnparsedTask#go():57 [JIT compiled code]
                              at perf.TaskThreads$RunTask#call():81 [JIT compiled code]
                              at perf.TaskThreads$RunTask#call():64 [JIT compiled code]
                              at java.util.concurrent.FutureTask#run():328 [JIT compiled code]
0.42%         436           org.apache.lucene.facet.sortedset.SortedSetDocValuesFacetCounts#countOneSegmentNHLD():136 [JIT compiled code]
                              at org.apache.lucene.facet.sortedset.SortedSetDocValuesFacetCounts#countAll():322 [Interpreted code]
                              at org.apache.lucene.facet.sortedset.SortedSetDocValuesFacetCounts#<init>():73 [Inlined code]
                              at org.apache.lucene.facet.sortedset.SortedSetDocValuesFacetCounts#<init>():63 [Inlined code]
                              at perf.SearchTask#go():290 [JIT compiled code]
                              at perf.UnparsedTask#go():57 [JIT compiled code]
                              at perf.TaskThreads$RunTask#call():81 [JIT compiled code]
                              at perf.TaskThreads$RunTask#call():64 [JIT compiled code]
                              at java.util.concurrent.FutureTask#run():328 [JIT compiled code]
                              at java.util.concurrent.ThreadPoolExecutor#runWorker():1090 [Interpreted code]
                              at java.util.concurrent.ThreadPoolExecutor$Worker#run():614 [Interpreted code]
                              at java.lang.Thread#runWith():1487 [Interpreted code]
0.40%         413           org.apache.lucene.facet.taxonomy.FastTaxonomyFacetCounts#countAll():125 [JIT compiled code]
                              at org.apache.lucene.facet.taxonomy.FastTaxonomyFacetCounts#<init>():69 [Interpreted code]
                              at perf.SearchTask#go():282 [Interpreted code]
                              at perf.UnparsedTask#go():57 [Interpreted code]
                              at perf.TaskThreads$RunTask#call():81 [Interpreted code]
                              at perf.TaskThreads$RunTask#call():64 [Interpreted code]
                              at java.util.concurrent.FutureTask#run():328 [JIT compiled code]
                              at java.util.concurrent.ThreadPoolExecutor#runWorker():1090 [Interpreted code]
                              at java.util.concurrent.ThreadPoolExecutor$Worker#run():614 [Interpreted code]
                              at java.lang.Thread#runWith():1487 [Interpreted code]
                              at java.lang.Thread#run():1474 [Interpreted code]
0.40%         410           org.apache.lucene.util.packed.DirectReader$DirectPackedReader12#get():282 [JIT compiled code]
                              at org.apache.lucene.codecs.lucene90.Lucene90DocValuesProducer$25#nextOrd():2324 [Inlined code]
                              at org.apache.lucene.facet.sortedset.SortedSetDocValuesFacetCounts#countOneSegmentNHLD():137 [JIT compiled code]
                              at org.apache.lucene.facet.sortedset.SortedSetDocValuesFacetCounts#countAll():322 [Interpreted code]
                              at org.apache.lucene.facet.sortedset.SortedSetDocValuesFacetCounts#<init>():73 [Interpreted code]
                              at org.apache.lucene.facet.sortedset.SortedSetDocValuesFacetCounts#<init>():63 [Interpreted code]
                              at perf.SearchTask#go():290 [Interpreted code]
                              at perf.UnparsedTask#go():57 [Interpreted code]
                              at perf.TaskThreads$RunTask#call():81 [Interpreted code]
                              at perf.TaskThreads$RunTask#call():64 [Interpreted code]
                              at java.util.concurrent.FutureTask#run():328 [JIT compiled code]
                              at java.util.concurrent.ThreadPoolExecutor#runWorker():1090 [Interpreted code]
0.40%         407           org.apache.lucene.util.packed.DirectReader$DirectPackedReader20#get():322 [JIT compiled code]
                              at org.apache.lucene.codecs.lucene90.Lucene90DocValuesProducer$4#longValue():994 [Inlined code]
                              at org.apache.lucene.facet.taxonomy.FastTaxonomyFacetCounts#countAll():138 [JIT compiled code]
                              at org.apache.lucene.facet.taxonomy.FastTaxonomyFacetCounts#<init>():69 [Interpreted code]
                              at perf.SearchTask#go():282 [JIT compiled code]
                              at perf.UnparsedTask#go():57 [JIT compiled code]
                              at perf.TaskThreads$RunTask#call():81 [JIT compiled code]
                              at perf.TaskThreads$RunTask#call():64 [JIT compiled code]
                              at java.util.concurrent.FutureTask#run():328 [JIT compiled code]
                              at java.util.concurrent.ThreadPoolExecutor#runWorker():1090 [Interpreted code]
                              at java.util.concurrent.ThreadPoolExecutor$Worker#run():614 [Interpreted code]
                              at java.lang.Thread#runWith():1487 [Interpreted code]
0.39%         406           org.apache.lucene.facet.taxonomy.FastTaxonomyFacetCounts#countAll():137 [Interpreted code]
                              at org.apache.lucene.facet.taxonomy.FastTaxonomyFacetCounts#<init>():69 [Interpreted code]
                              at perf.SearchTask#go():282 [Interpreted code]
                              at perf.UnparsedTask#go():57 [Interpreted code]
                              at perf.TaskThreads$RunTask#call():81 [Interpreted code]
                              at perf.TaskThreads$RunTask#call():64 [Interpreted code]
                              at java.util.concurrent.FutureTask#run():328 [JIT compiled code]
                              at java.util.concurrent.ThreadPoolExecutor#runWorker():1090 [Interpreted code]
                              at java.util.concurrent.ThreadPoolExecutor$Worker#run():614 [Interpreted code]
                              at java.lang.Thread#runWith():1487 [Interpreted code]
                              at java.lang.Thread#run():1474 [Interpreted code]
0.38%         396           org.apache.lucene.util.packed.DirectReader$DirectPackedReader12#get():282 [Inlined code]
                              at org.apache.lucene.codecs.lucene90.Lucene90DocValuesProducer$25#nextOrd():2324 [Inlined code]
                              at org.apache.lucene.facet.sortedset.SortedSetDocValuesFacetCounts#countOneSegmentNHLD():137 [JIT compiled code]
                              at org.apache.lucene.facet.sortedset.SortedSetDocValuesFacetCounts#countAll():322 [Interpreted code]
                              at org.apache.lucene.facet.sortedset.SortedSetDocValuesFacetCounts#<init>():73 [Inlined code]
                              at org.apache.lucene.facet.sortedset.SortedSetDocValuesFacetCounts#<init>():63 [Inlined code]
                              at perf.SearchTask#go():290 [JIT compiled code]
                              at perf.UnparsedTask#go():57 [JIT compiled code]
                              at perf.TaskThreads$RunTask#call():81 [JIT compiled code]
                              at perf.TaskThreads$RunTask#call():64 [JIT compiled code]
                              at java.util.concurrent.FutureTask#run():328 [JIT compiled code]
                              at java.util.concurrent.ThreadPoolExecutor#runWorker():1090 [Interpreted code]
0.38%         392           jdk.internal.foreign.MemorySessionImpl#checkValidStateRaw():200 [Inlined code]
                              at jdk.internal.misc.ScopedMemoryAccess#getShortUnalignedInternal():1789 [Inlined code]
                              at jdk.internal.misc.ScopedMemoryAccess#getShortUnaligned():1779 [Inlined code]
                              at java.lang.invoke.VarHandleSegmentAsShorts#get():60 [Inlined code]
                              at java.lang.invoke.VarHandleSegmentAsShorts#get():53 [Inlined code]
                              at java.lang.invoke.VarHandleGuards#guard_LJ_I():251 [Inlined code]
                              at jdk.internal.foreign.AbstractMemorySegmentImpl#get():730 [Inlined code]
                              at org.apache.lucene.store.MemorySegmentIndexInput$SingleSegmentImpl#readShort():783 [Inlined code]
                              at org.apache.lucene.util.packed.DirectReader$DirectPackedReader12#get():282 [Inlined code]
                              at org.apache.lucene.codecs.lucene90.Lucene90DocValuesProducer$20#ordValue():1501 [Inlined code]
                              at org.apache.lucene.facet.sortedset.SortedSetDocValuesFacetCounts#countOneSegmentNHLD():130 [JIT compiled code]
                              at org.apache.lucene.facet.sortedset.SortedSetDocValuesFacetCounts#countAll():322 [Interpreted code]
0.38%         389           org.apache.lucene.util.packed.DirectMonotonicReader#get():138 [Inlined code]
                              at org.apache.lucene.codecs.lucene90.Lucene90DocValuesProducer$25#advance():2356 [Inlined code]
                              at org.apache.lucene.codecs.lucene90.Lucene90DocValuesProducer$25#nextDoc():2348 [Inlined code]
                              at org.apache.lucene.facet.sortedset.SortedSetDocValuesFacetCounts#countOneSegmentNHLD():135 [JIT compiled code]
                              at org.apache.lucene.facet.sortedset.SortedSetDocValuesFacetCounts#countAll():322 [Interpreted code]
                              at org.apache.lucene.facet.sortedset.SortedSetDocValuesFacetCounts#<init>():73 [Inlined code]
                              at org.apache.lucene.facet.sortedset.SortedSetDocValuesFacetCounts#<init>():63 [Inlined code]
                              at perf.SearchTask#go():290 [JIT compiled code]
                              at perf.UnparsedTask#go():57 [JIT compiled code]
                              at perf.TaskThreads$RunTask#call():81 [JIT compiled code]
                              at perf.TaskThreads$RunTask#call():64 [JIT compiled code]
                              at java.util.concurrent.FutureTask#run():328 [JIT compiled code]
0.37%         379           org.apache.lucene.codecs.lucene90.Lucene90DocValuesProducer$25#advance():2357 [Inlined code]
                              at org.apache.lucene.codecs.lucene90.Lucene90DocValuesProducer$25#nextDoc():2348 [Inlined code]
                              at org.apache.lucene.facet.sortedset.SortedSetDocValuesFacetCounts#countOneSegmentNHLD():135 [JIT compiled code]
                              at org.apache.lucene.facet.sortedset.SortedSetDocValuesFacetCounts#countAll():322 [Interpreted code]
                              at org.apache.lucene.facet.sortedset.SortedSetDocValuesFacetCounts#<init>():73 [Inlined code]
                              at org.apache.lucene.facet.sortedset.SortedSetDocValuesFacetCounts#<init>():63 [Inlined code]
                              at perf.SearchTask#go():290 [JIT compiled code]
                              at perf.UnparsedTask#go():57 [JIT compiled code]
                              at perf.TaskThreads$RunTask#call():81 [JIT compiled code]
                              at perf.TaskThreads$RunTask#call():64 [JIT compiled code]
                              at java.util.concurrent.FutureTask#run():328 [JIT compiled code]
                              at java.util.concurrent.ThreadPoolExecutor#runWorker():1090 [Interpreted code]
0.36%         368           org.apache.lucene.util.packed.DirectReader$DirectPackedReader20#get():322 [Inlined code]
                              at org.apache.lucene.codecs.lucene90.Lucene90DocValuesProducer$4#longValue():994 [Inlined code]
                              at org.apache.lucene.facet.taxonomy.FastTaxonomyFacetCounts#countAll():138 [JIT compiled code]
                              at org.apache.lucene.facet.taxonomy.FastTaxonomyFacetCounts#<init>():69 [Interpreted code]
                              at perf.SearchTask#go():282 [JIT compiled code]
                              at perf.UnparsedTask#go():57 [JIT compiled code]
                              at perf.TaskThreads$RunTask#call():81 [JIT compiled code]
                              at perf.TaskThreads$RunTask#call():64 [JIT compiled code]
                              at java.util.concurrent.FutureTask#run():328 [JIT compiled code]
                              at java.util.concurrent.ThreadPoolExecutor#runWorker():1090 [Interpreted code]
                              at java.util.concurrent.ThreadPoolExecutor$Worker#run():614 [Interpreted code]
                              at java.lang.Thread#runWith():1487 [Interpreted code]
0.33%         339           org.apache.lucene.codecs.lucene90.Lucene90DocValuesProducer$20#ordValue():1501 [Inlined code]
                              at org.apache.lucene.facet.sortedset.SortedSetDocValuesFacetCounts#countOneSegmentNHLD():130 [JIT compiled code]
                              at org.apache.lucene.facet.sortedset.SortedSetDocValuesFacetCounts#countAll():322 [Interpreted code]
                              at org.apache.lucene.facet.sortedset.SortedSetDocValuesFacetCounts#<init>():73 [Interpreted code]
                              at org.apache.lucene.facet.sortedset.SortedSetDocValuesFacetCounts#<init>():63 [Interpreted code]
                              at perf.SearchTask#go():290 [Interpreted code]
                              at perf.UnparsedTask#go():57 [Interpreted code]
                              at perf.TaskThreads$RunTask#call():81 [Interpreted code]
                              at perf.TaskThreads$RunTask#call():64 [Interpreted code]
                              at java.util.concurrent.FutureTask#run():328 [JIT compiled code]
                              at java.util.concurrent.ThreadPoolExecutor#runWorker():1090 [Interpreted code]
                              at java.util.concurrent.ThreadPoolExecutor$Worker#run():614 [Interpreted code]
0.32%         331           org.apache.lucene.util.LongValues$2#get():41 [JIT compiled code]
                              at org.apache.lucene.util.packed.DirectMonotonicReader#get():138 [Inlined code]
                              at org.apache.lucene.codecs.lucene90.Lucene90DocValuesProducer$25#advance():2356 [Inlined code]
                              at org.apache.lucene.codecs.lucene90.Lucene90DocValuesProducer$25#nextDoc():2348 [Inlined code]
                              at org.apache.lucene.facet.sortedset.SortedSetDocValuesFacetCounts#countOneSegmentNHLD():135 [JIT compiled code]
                              at org.apache.lucene.facet.sortedset.SortedSetDocValuesFacetCounts#countAll():322 [Interpreted code]
                              at org.apache.lucene.facet.sortedset.SortedSetDocValuesFacetCounts#<init>():73 [Inlined code]
                              at org.apache.lucene.facet.sortedset.SortedSetDocValuesFacetCounts#<init>():63 [Inlined code]
                              at perf.SearchTask#go():290 [JIT compiled code]
                              at perf.UnparsedTask#go():57 [JIT compiled code]
                              at perf.TaskThreads$RunTask#call():81 [JIT compiled code]
                              at perf.TaskThreads$RunTask#call():64 [JIT compiled code]
0.32%         327           jdk.internal.foreign.MemorySessionImpl#checkValidStateRaw():200 [Inlined code]
                              at jdk.internal.misc.ScopedMemoryAccess#getShortUnalignedInternal():1789 [Inlined code]
                              at jdk.internal.misc.ScopedMemoryAccess#getShortUnaligned():1779 [Inlined code]
                              at java.lang.invoke.VarHandleSegmentAsShorts#get():60 [Inlined code]
                              at java.lang.invoke.VarHandleSegmentAsShorts#get():53 [Inlined code]
                              at java.lang.invoke.VarHandleGuards#guard_LJ_I():251 [Inlined code]
                              at jdk.internal.foreign.AbstractMemorySegmentImpl#get():730 [Inlined code]
                              at org.apache.lucene.store.MemorySegmentIndexInput$SingleSegmentImpl#readShort():783 [Inlined code]
                              at org.apache.lucene.util.packed.DirectReader$DirectPackedReader12#get():282 [Inlined code]
                              at org.apache.lucene.codecs.lucene90.Lucene90DocValuesProducer$25#nextOrd():2324 [Inlined code]
                              at org.apache.lucene.facet.sortedset.SortedSetDocValuesFacetCounts#countOneSegmentNHLD():137 [JIT compiled code]
                              at org.apache.lucene.facet.sortedset.SortedSetDocValuesFacetCounts#countAll():322 [Interpreted code]


HEAP merged search profile for armA:
JFR aggregation command: /home/goankur/jdk/corretto-25/bin/java -server -Xms2g -Xmx2g --add-modules jdk.incubator.vector -XX:+HeapDumpOnOutOfMemoryError -XX:+UseParallelGC -cp /home/goankur/vsearch/bo/lucene-A/build-tools/build-infra/build/classes/java/main -Dtests.profile.mode=heap -Dtests.profile.stacksize=12 -Dtests.profile.count=30 -Dtests.profile.linenumbers=true org.apache.lucene.gradle.plugins.java.ProfileResults /home/goankur/vsearch/logs/bench-search-FJAc-armA-11.jfr /home/goankur/vsearch/logs/bench-search-FJAc-armA-12.jfr /home/goankur/vsearch/logs/bench-search-FJAc-armA-13.jfr /home/goankur/vsearch/logs/bench-search-FJAc-armA-14.jfr /home/goankur/vsearch/logs/bench-search-FJAc-armA-15.jfr /home/goankur/vsearch/logs/bench-search-FJAc-armA-16.jfr /home/goankur/vsearch/logs/bench-search-FJAc-armA-17.jfr /home/goankur/vsearch/logs/bench-search-FJAc-armA-18.jfr /home/goankur/vsearch/logs/bench-search-FJAc-armA-19.jfr /home/goankur/vsearch/logs/bench-search-FJAc-armA-7.jfr /home/goankur/vsearch/logs/bench-search-FJAc-armA-8.jfr /home/goankur/vsearch/logs/bench-search-FJAc-armA-9.jfr /home/goankur/vsearch/logs/bench-search-FJAc-armA-10.jfr /home/goankur/vsearch/logs/bench-search-FJAc-armA-2.jfr /home/goankur/vsearch/logs/bench-search-FJAc-armA-3.jfr /home/goankur/vsearch/logs/bench-search-FJAc-armA-4.jfr /home/goankur/vsearch/logs/bench-search-FJAc-armA-5.jfr /home/goankur/vsearch/logs/bench-search-FJAc-armA-6.jfr /home/goankur/vsearch/logs/bench-search-FJAc-armA-1.jfr /home/goankur/vsearch/logs/bench-search-FJAc-armA-0.jfr
Took 1.60 seconds
WARNING: Using incubator modules: jdk.incubator.vector
PROFILE SUMMARY from 59809 events (total: 73567M)
  tests.profile.mode=heap
  tests.profile.count=30
  tests.profile.stacksize=12
  tests.profile.linenumbers=true
PERCENT       HEAP SAMPLES  STACK
3.53%         2597M         org.apache.lucene.facet.taxonomy.TaxonomyFacets#initializeValueCounters():134 [Inlined code]
                              at org.apache.lucene.facet.taxonomy.FastTaxonomyFacetCounts#countAll():127 [JIT compiled code]
                              at org.apache.lucene.facet.taxonomy.FastTaxonomyFacetCounts#<init>():69 [Interpreted code]
                              at perf.SearchTask#go():282 [JIT compiled code]
                              at perf.UnparsedTask#go():57 [JIT compiled code]
                              at perf.TaskThreads$RunTask#call():81 [JIT compiled code]
                              at perf.TaskThreads$RunTask#call():64 [JIT compiled code]
                              at java.util.concurrent.FutureTask#run():328 [JIT compiled code]
                              at java.util.concurrent.ThreadPoolExecutor#runWorker():1090 [Interpreted code]
                              at java.util.concurrent.ThreadPoolExecutor$Worker#run():614 [Interpreted code]
                              at java.lang.Thread#runWith():1487 [Interpreted code]
                              at java.lang.Thread#run():1474 [Interpreted code]
3.31%         2431M         org.apache.lucene.util.ArrayUtil#growExact():436 [Inlined code]
                              at org.apache.lucene.util.ArrayUtil#grow():448 [Inlined code]
                              at org.apache.lucene.codecs.lucene90.LZ4WithPresetDictCompressionMode$LZ4WithPresetDictDecompressor#decompress():132 [JIT compiled code]
                              at org.apache.lucene.codecs.lucene90.compressing.Lucene90CompressingStoredFieldsReader$BlockState#document():641 [JIT compiled code]
                              at org.apache.lucene.codecs.lucene90.compressing.Lucene90CompressingStoredFieldsReader#serializedDocument():673 [Inlined code]
                              at org.apache.lucene.codecs.lucene90.compressing.Lucene90CompressingStoredFieldsReader#document():691 [JIT compiled code]
                              at org.apache.lucene.index.CodecReader$1#document():101 [Inlined code]
                              at org.apache.lucene.index.BaseCompositeReader$2#document():190 [JIT compiled code]
                              at org.apache.lucene.index.StoredFields#document():68 [Inlined code]
                              at perf.SearchTask#printResults():776 [JIT compiled code]
                              at perf.UnparsedTask#printResults():85 [JIT compiled code]
                              at perf.SearchPerfTest#_main():770 [Interpreted code]
1.81%         1331M         org.apache.lucene.facet.sortedset.SortedSetDocValuesFacetCounts#countOneSegmentNHLD():125 [JIT compiled code]
                              at org.apache.lucene.facet.sortedset.SortedSetDocValuesFacetCounts#countAll():322 [Interpreted code]
                              at org.apache.lucene.facet.sortedset.SortedSetDocValuesFacetCounts#<init>():73 [Inlined code]
                              at org.apache.lucene.facet.sortedset.SortedSetDocValuesFacetCounts#<init>():63 [Inlined code]
                              at perf.SearchTask#go():290 [JIT compiled code]
                              at perf.UnparsedTask#go():57 [JIT compiled code]
                              at perf.TaskThreads$RunTask#call():81 [JIT compiled code]
                              at perf.TaskThreads$RunTask#call():64 [JIT compiled code]
                              at java.util.concurrent.FutureTask#run():328 [JIT compiled code]
                              at java.util.concurrent.ThreadPoolExecutor#runWorker():1090 [Interpreted code]
                              at java.util.concurrent.ThreadPoolExecutor$Worker#run():614 [Interpreted code]
                              at java.lang.Thread#runWith():1487 [Interpreted code]
1.27%         933M          org.apache.lucene.util.ArrayUtil#growNoCopy():459 [Inlined code]
                              at org.apache.lucene.codecs.lucene90.LZ4WithPresetDictCompressionMode$LZ4WithPresetDictDecompressor#decompress():102 [JIT compiled code]
                              at org.apache.lucene.codecs.lucene90.compressing.Lucene90CompressingStoredFieldsReader$BlockState#document():641 [JIT compiled code]
                              at org.apache.lucene.codecs.lucene90.compressing.Lucene90CompressingStoredFieldsReader#serializedDocument():673 [Inlined code]
                              at org.apache.lucene.codecs.lucene90.compressing.Lucene90CompressingStoredFieldsReader#document():691 [JIT compiled code]
                              at org.apache.lucene.index.CodecReader$1#document():101 [Inlined code]
                              at org.apache.lucene.index.BaseCompositeReader$2#document():190 [JIT compiled code]
                              at org.apache.lucene.index.StoredFields#document():68 [Inlined code]
                              at perf.SearchTask#printResults():776 [JIT compiled code]
                              at perf.UnparsedTask#printResults():85 [JIT compiled code]
                              at perf.SearchPerfTest#_main():770 [Interpreted code]
                              at perf.SearchPerfTest#main():145 [Interpreted code]
1.16%         851M          org.apache.lucene.util.ArrayUtil#growExact():436 [Inlined code]
                              at org.apache.lucene.util.ArrayUtil#grow():448 [Inlined code]
                              at org.apache.lucene.codecs.lucene90.LZ4WithPresetDictCompressionMode$LZ4WithPresetDictDecompressor#decompress():132 [JIT compiled code]
                              at org.apache.lucene.codecs.lucene90.compressing.Lucene90CompressingStoredFieldsReader$BlockState#document():641 [JIT compiled code]
                              at org.apache.lucene.codecs.lucene90.compressing.Lucene90CompressingStoredFieldsReader#serializedDocument():673 [Inlined code]
                              at org.apache.lucene.codecs.lucene90.compressing.Lucene90CompressingStoredFieldsReader#document():691 [JIT compiled code]
                              at org.apache.lucene.index.CodecReader$1#document():101 [Inlined code]
                              at org.apache.lucene.index.BaseCompositeReader$2#document():190 [Inlined code]
                              at org.apache.lucene.index.StoredFields#document():68 [Inlined code]
                              at perf.SearchTask#printResults():776 [JIT compiled code]
                              at perf.UnparsedTask#printResults():85 [JIT compiled code]
                              at perf.SearchPerfTest#_main():770 [Interpreted code]
1.03%         761M          org.apache.lucene.util.ArrayUtil#growNoCopy():423 [Inlined code]
                              at org.apache.lucene.codecs.lucene90.compressing.Lucene90CompressingStoredFieldsReader$BlockState#doReset():503 [JIT compiled code]
                              at org.apache.lucene.codecs.lucene90.compressing.Lucene90CompressingStoredFieldsReader$BlockState#reset():472 [Inlined code]
                              at org.apache.lucene.codecs.lucene90.compressing.Lucene90CompressingStoredFieldsReader#serializedDocument():670 [Inlined code]
                              at org.apache.lucene.codecs.lucene90.compressing.Lucene90CompressingStoredFieldsReader#document():691 [JIT compiled code]
                              at org.apache.lucene.index.CodecReader$1#document():101 [Inlined code]
                              at org.apache.lucene.index.BaseCompositeReader$2#document():190 [JIT compiled code]
                              at org.apache.lucene.index.StoredFields#document():68 [Inlined code]
                              at perf.SearchTask#printResults():776 [JIT compiled code]
                              at perf.UnparsedTask#printResults():85 [JIT compiled code]
                              at perf.SearchPerfTest#_main():770 [Interpreted code]
                              at perf.SearchPerfTest#main():145 [Interpreted code]
1.00%         737M          org.apache.lucene.util.ArrayUtil#growNoCopy():423 [Inlined code]
                              at org.apache.lucene.codecs.lucene90.compressing.Lucene90CompressingStoredFieldsReader$BlockState#doReset():504 [JIT compiled code]
                              at org.apache.lucene.codecs.lucene90.compressing.Lucene90CompressingStoredFieldsReader$BlockState#reset():472 [Inlined code]
                              at org.apache.lucene.codecs.lucene90.compressing.Lucene90CompressingStoredFieldsReader#serializedDocument():670 [Inlined code]
                              at org.apache.lucene.codecs.lucene90.compressing.Lucene90CompressingStoredFieldsReader#document():691 [JIT compiled code]
                              at org.apache.lucene.index.CodecReader$1#document():101 [Inlined code]
                              at org.apache.lucene.index.BaseCompositeReader$2#document():190 [JIT compiled code]
                              at org.apache.lucene.index.StoredFields#document():68 [Inlined code]
                              at perf.SearchTask#printResults():776 [JIT compiled code]
                              at perf.UnparsedTask#printResults():85 [JIT compiled code]
                              at perf.SearchPerfTest#_main():770 [Interpreted code]
                              at perf.SearchPerfTest#main():145 [Interpreted code]
0.98%         719M          org.apache.lucene.facet.taxonomy.TaxonomyFacets#initializeValueCounters():134 [Inlined code]
                              at org.apache.lucene.facet.taxonomy.FastTaxonomyFacetCounts#countAll():127 [JIT compiled code]
                              at org.apache.lucene.facet.taxonomy.FastTaxonomyFacetCounts#<init>():69 [Interpreted code]
                              at perf.SearchTask#go():282 [Interpreted code]
                              at perf.UnparsedTask#go():57 [Interpreted code]
                              at perf.TaskThreads$RunTask#call():81 [Interpreted code]
                              at perf.TaskThreads$RunTask#call():64 [Interpreted code]
                              at java.util.concurrent.FutureTask#run():328 [JIT compiled code]
                              at java.util.concurrent.ThreadPoolExecutor#runWorker():1090 [Interpreted code]
                              at java.util.concurrent.ThreadPoolExecutor$Worker#run():614 [Interpreted code]
                              at java.lang.Thread#runWith():1487 [Interpreted code]
                              at java.lang.Thread#run():1474 [Interpreted code]
0.89%         655M          org.apache.lucene.facet.taxonomy.TaxonomyFacets#initializeValueCounters():134 [Inlined code]
                              at org.apache.lucene.facet.taxonomy.FastTaxonomyFacetCounts#count():82 [JIT compiled code]
                              at org.apache.lucene.facet.taxonomy.FastTaxonomyFacetCounts#<init>():57 [Interpreted code]
                              at perf.SearchTask#go():310 [JIT compiled code]
                              at perf.UnparsedTask#go():57 [JIT compiled code]
                              at perf.TaskThreads$RunTask#call():81 [JIT compiled code]
                              at perf.TaskThreads$RunTask#call():64 [JIT compiled code]
                              at java.util.concurrent.FutureTask#run():328 [JIT compiled code]
                              at java.util.concurrent.ThreadPoolExecutor#runWorker():1090 [Interpreted code]
                              at java.util.concurrent.ThreadPoolExecutor$Worker#run():614 [Interpreted code]
                              at java.lang.Thread#runWith():1487 [Interpreted code]
                              at java.lang.Thread#run():1474 [Interpreted code]
0.88%         648M          org.apache.lucene.facet.sortedset.SortedSetDocValuesFacetCounts#initializeCounts():81 [Inlined code]
                              at org.apache.lucene.facet.sortedset.SortedSetDocValuesFacetCounts#countOneSegmentNHLD():105 [JIT compiled code]
                              at org.apache.lucene.facet.sortedset.SortedSetDocValuesFacetCounts#countAll():322 [Interpreted code]
                              at org.apache.lucene.facet.sortedset.SortedSetDocValuesFacetCounts#<init>():73 [Inlined code]
                              at org.apache.lucene.facet.sortedset.SortedSetDocValuesFacetCounts#<init>():63 [Inlined code]
                              at perf.SearchTask#go():290 [JIT compiled code]
                              at perf.UnparsedTask#go():57 [JIT compiled code]
                              at perf.TaskThreads$RunTask#call():81 [JIT compiled code]
                              at perf.TaskThreads$RunTask#call():64 [JIT compiled code]
                              at java.util.concurrent.FutureTask#run():328 [JIT compiled code]
                              at java.util.concurrent.ThreadPoolExecutor#runWorker():1090 [Interpreted code]
                              at java.util.concurrent.ThreadPoolExecutor$Worker#run():614 [Interpreted code]
0.87%         643M          org.apache.lucene.util.ArrayUtil#growExact():436 [Inlined code]
                              at org.apache.lucene.util.ArrayUtil#grow():448 [Inlined code]
                              at org.apache.lucene.codecs.lucene90.LZ4WithPresetDictCompressionMode$LZ4WithPresetDictDecompressor#decompress():132 [JIT compiled code]
                              at org.apache.lucene.codecs.lucene90.compressing.Lucene90CompressingStoredFieldsReader$BlockState#document():641 [JIT compiled code]
                              at org.apache.lucene.codecs.lucene90.compressing.Lucene90CompressingStoredFieldsReader#serializedDocument():673 [Inlined code]
                              at org.apache.lucene.codecs.lucene90.compressing.Lucene90CompressingStoredFieldsReader#document():691 [JIT compiled code]
                              at org.apache.lucene.index.CodecReader$1#document():101 [Inlined code]
                              at org.apache.lucene.index.BaseCompositeReader$2#document():190 [JIT compiled code]
                              at org.apache.lucene.index.StoredFields#document():68 [Inlined code]
                              at perf.SearchTask#printResults():776 [JIT compiled code]
                              at perf.UnparsedTask#printResults():85 [Interpreted code]
                              at perf.SearchPerfTest#_main():770 [Interpreted code]
0.75%         548M          org.apache.lucene.util.FixedBitSet#<init>():148 [Inlined code]
                              at org.apache.lucene.codecs.lucene104.Lucene104PostingsReader$BlockPostingsEnum#<init>():307 [JIT compiled code]
                              at org.apache.lucene.codecs.lucene104.Lucene104PostingsReader#postings():260 [Inlined code]
                              at org.apache.lucene.codecs.lucene103.blocktree.SegmentTermsEnum#postings():1010 [JIT compiled code]
                              at org.apache.lucene.search.comparators.TermOrdValComparator$PostingsBasedCompetitiveState#init():660 [JIT compiled code]
                              at org.apache.lucene.search.comparators.TermOrdValComparator$PostingsBasedCompetitiveState#update():615 [Inlined code]
                              at org.apache.lucene.search.comparators.TermOrdValComparator$TermOrdValLeafComparator#updateCompetitiveIterator():500 [JIT compiled code]
                              at org.apache.lucene.search.comparators.TermOrdValComparator$TermOrdValLeafComparator#setBottom():391 [JIT compiled code]
                              at org.apache.lucene.search.TopFieldCollector$TopFieldLeafCollector#collectCompetitiveHit():118 [JIT compiled code]
                              at org.apache.lucene.search.TopFieldCollector$SimpleFieldCollector$1#collect():209 [Inlined code]
                              at org.apache.lucene.search.LeafCollector$$Lambda.0x00000000271c3570#accept() [Inlined code]
                              at org.apache.lucene.util.FixedBitSet#forEach():944 [Inlined code]
0.62%         453M          perf.TaskThreads$TaskThread#run():156 [Interpreted code]
0.61%         445M          org.apache.lucene.facet.taxonomy.TaxonomyFacets#initializeValueCounters():134 [Inlined code]
                              at org.apache.lucene.facet.taxonomy.FastTaxonomyFacetCounts#countAll():127 [JIT compiled code]
                              at org.apache.lucene.facet.taxonomy.FastTaxonomyFacetCounts#<init>():69 [Interpreted code]
                              at perf.SearchTask#go():282 [Interpreted code]
                              at perf.UnparsedTask#go():57 [JIT compiled code]
                              at perf.TaskThreads$RunTask#call():81 [JIT compiled code]
                              at perf.TaskThreads$RunTask#call():64 [JIT compiled code]
                              at java.util.concurrent.FutureTask#run():328 [JIT compiled code]
                              at java.util.concurrent.ThreadPoolExecutor#runWorker():1090 [Interpreted code]
                              at java.util.concurrent.ThreadPoolExecutor$Worker#run():614 [Interpreted code]
                              at java.lang.Thread#runWith():1487 [Interpreted code]
                              at java.lang.Thread#run():1474 [Interpreted code]
0.54%         395M          org.apache.lucene.facet.sortedset.SortedSetDocValuesFacetCounts#countOneSegmentNHLD():125 [JIT compiled code]
                              at org.apache.lucene.facet.sortedset.SortedSetDocValuesFacetCounts#countAll():322 [Interpreted code]
                              at org.apache.lucene.facet.sortedset.SortedSetDocValuesFacetCounts#<init>():73 [Interpreted code]
                              at org.apache.lucene.facet.sortedset.SortedSetDocValuesFacetCounts#<init>():63 [Interpreted code]
                              at perf.SearchTask#go():290 [Interpreted code]
                              at perf.UnparsedTask#go():57 [Interpreted code]
                              at perf.TaskThreads$RunTask#call():81 [Interpreted code]
                              at perf.TaskThreads$RunTask#call():64 [Interpreted code]
                              at java.util.concurrent.FutureTask#run():328 [JIT compiled code]
                              at java.util.concurrent.ThreadPoolExecutor#runWorker():1090 [Interpreted code]
                              at java.util.concurrent.ThreadPoolExecutor$Worker#run():614 [Interpreted code]
                              at java.lang.Thread#runWith():1487 [Interpreted code]
0.51%         372M          org.apache.lucene.codecs.lucene104.Lucene104PostingsReader$BlockPostingsEnum#<init>():335 [JIT compiled code]
                              at org.apache.lucene.codecs.lucene104.Lucene104PostingsReader#postings():260 [Inlined code]
                              at org.apache.lucene.codecs.lucene103.blocktree.SegmentTermsEnum#postings():1010 [JIT compiled code]
                              at org.apache.lucene.search.comparators.TermOrdValComparator$PostingsBasedCompetitiveState#init():660 [JIT compiled code]
                              at org.apache.lucene.search.comparators.TermOrdValComparator$PostingsBasedCompetitiveState#update():615 [Inlined code]
                              at org.apache.lucene.search.comparators.TermOrdValComparator$TermOrdValLeafComparator#updateCompetitiveIterator():500 [JIT compiled code]
                              at org.apache.lucene.search.comparators.TermOrdValComparator$TermOrdValLeafComparator#<init>():293 [JIT compiled code]
                              at org.apache.lucene.search.comparators.TermOrdValComparator#getLeafComparator():171 [JIT compiled code]
                              at org.apache.lucene.search.FieldValueHitQueue#getComparators():172 [JIT compiled code]
                              at org.apache.lucene.search.TopFieldCollector$TopFieldLeafCollector#<init>():60 [JIT compiled code]
                              at org.apache.lucene.search.TopFieldCollector$SimpleFieldCollector$1#<init>():200 [JIT compiled code]
                              at org.apache.lucene.search.TopFieldCollector$SimpleFieldCollector#getLeafCollector():199 [JIT compiled code]
0.50%         367M          org.apache.lucene.util.ArrayUtil#growExact():436 [Inlined code]
                              at org.apache.lucene.util.ArrayUtil#grow():448 [Inlined code]
                              at org.apache.lucene.codecs.lucene90.LZ4WithPresetDictCompressionMode$LZ4WithPresetDictDecompressor#decompress():132 [JIT compiled code]
                              at org.apache.lucene.codecs.lucene90.compressing.Lucene90CompressingStoredFieldsReader$BlockState#document():641 [JIT compiled code]
                              at org.apache.lucene.codecs.lucene90.compressing.Lucene90CompressingStoredFieldsReader#serializedDocument():673 [Inlined code]
                              at org.apache.lucene.codecs.lucene90.compressing.Lucene90CompressingStoredFieldsReader#document():691 [JIT compiled code]
                              at org.apache.lucene.index.CodecReader$1#document():101 [Inlined code]
                              at org.apache.lucene.index.BaseCompositeReader$2#document():190 [JIT compiled code]
                              at org.apache.lucene.index.StoredFields#document():68 [Inlined code]
                              at perf.SearchTask#printResults():771 [JIT compiled code]
                              at perf.UnparsedTask#printResults():85 [JIT compiled code]
                              at perf.SearchPerfTest#_main():770 [Interpreted code]
0.50%         366M          org.apache.lucene.util.FixedBitSet#<init>():148 [Inlined code]
                              at org.apache.lucene.codecs.lucene104.Lucene104PostingsReader$BlockPostingsEnum#<init>():307 [JIT compiled code]
                              at org.apache.lucene.codecs.lucene104.Lucene104PostingsReader#postings():260 [Inlined code]
                              at org.apache.lucene.codecs.lucene103.blocktree.SegmentTermsEnum#postings():1010 [JIT compiled code]
                              at org.apache.lucene.search.comparators.TermOrdValComparator$PostingsBasedCompetitiveState#init():660 [JIT compiled code]
                              at org.apache.lucene.search.comparators.TermOrdValComparator$PostingsBasedCompetitiveState#update():615 [Inlined code]
                              at org.apache.lucene.search.comparators.TermOrdValComparator$TermOrdValLeafComparator#updateCompetitiveIterator():500 [JIT compiled code]
                              at org.apache.lucene.search.comparators.TermOrdValComparator$TermOrdValLeafComparator#setBottom():391 [JIT compiled code]
                              at org.apache.lucene.search.TopFieldCollector$TopFieldLeafCollector#collectCompetitiveHit():118 [JIT compiled code]
                              at org.apache.lucene.search.TopFieldCollector$SimpleFieldCollector$1#collect():209 [Inlined code]
                              at org.apache.lucene.search.LeafCollector$$Lambda.0x000000003c1c3570#accept() [Inlined code]
                              at org.apache.lucene.util.FixedBitSet#forEach():944 [Inlined code]
0.49%         362M          org.apache.lucene.util.FixedBitSet#<init>():148 [Inlined code]
                              at org.apache.lucene.codecs.lucene104.Lucene104PostingsReader$BlockPostingsEnum#<init>():307 [JIT compiled code]
                              at org.apache.lucene.codecs.lucene104.Lucene104PostingsReader#postings():260 [Inlined code]
                              at org.apache.lucene.codecs.lucene103.blocktree.SegmentTermsEnum#postings():1010 [JIT compiled code]
                              at org.apache.lucene.search.comparators.TermOrdValComparator$PostingsBasedCompetitiveState#init():660 [JIT compiled code]
                              at org.apache.lucene.search.comparators.TermOrdValComparator$PostingsBasedCompetitiveState#update():615 [Inlined code]
                              at org.apache.lucene.search.comparators.TermOrdValComparator$TermOrdValLeafComparator#updateCompetitiveIterator():500 [JIT compiled code]
                              at org.apache.lucene.search.comparators.TermOrdValComparator$TermOrdValLeafComparator#<init>():293 [JIT compiled code]
                              at org.apache.lucene.search.comparators.TermOrdValComparator#getLeafComparator():171 [JIT compiled code]
                              at org.apache.lucene.search.FieldValueHitQueue#getComparators():172 [JIT compiled code]
                              at org.apache.lucene.search.TopFieldCollector$TopFieldLeafCollector#<init>():60 [JIT compiled code]
                              at org.apache.lucene.search.TopFieldCollector$SimpleFieldCollector$1#<init>():200 [JIT compiled code]
0.48%         351M          org.apache.lucene.codecs.lucene104.Lucene104PostingsReader$BlockPostingsEnum#<init>():335 [JIT compiled code]
                              at org.apache.lucene.codecs.lucene104.Lucene104PostingsReader#postings():260 [Inlined code]
                              at org.apache.lucene.codecs.lucene103.blocktree.SegmentTermsEnum#postings():1010 [JIT compiled code]
                              at org.apache.lucene.search.comparators.TermOrdValComparator$PostingsBasedCompetitiveState#init():660 [JIT compiled code]
                              at org.apache.lucene.search.comparators.TermOrdValComparator$PostingsBasedCompetitiveState#update():615 [Inlined code]
                              at org.apache.lucene.search.comparators.TermOrdValComparator$TermOrdValLeafComparator#updateCompetitiveIterator():500 [JIT compiled code]
                              at org.apache.lucene.search.comparators.TermOrdValComparator$TermOrdValLeafComparator#setBottom():391 [JIT compiled code]
                              at org.apache.lucene.search.TopFieldCollector$TopFieldLeafCollector#collectCompetitiveHit():118 [JIT compiled code]
                              at org.apache.lucene.search.TopFieldCollector$SimpleFieldCollector$1#collect():209 [Inlined code]
                              at org.apache.lucene.search.LeafCollector$$Lambda.0x00000000271c3570#accept() [Inlined code]
                              at org.apache.lucene.util.FixedBitSet#forEach():944 [Inlined code]
                              at org.apache.lucene.util.FixedBitSet#forEach():931 [JIT compiled code]
0.48%         350M          org.apache.lucene.codecs.lucene104.Lucene104PostingsReader$BlockPostingsEnum#<init>():302 [JIT compiled code]
                              at org.apache.lucene.codecs.lucene104.Lucene104PostingsReader#postings():260 [Inlined code]
                              at org.apache.lucene.codecs.lucene103.blocktree.SegmentTermsEnum#postings():1010 [JIT compiled code]
                              at org.apache.lucene.search.comparators.TermOrdValComparator$PostingsBasedCompetitiveState#init():660 [JIT compiled code]
                              at org.apache.lucene.search.comparators.TermOrdValComparator$PostingsBasedCompetitiveState#update():615 [Inlined code]
                              at org.apache.lucene.search.comparators.TermOrdValComparator$TermOrdValLeafComparator#updateCompetitiveIterator():500 [JIT compiled code]
                              at org.apache.lucene.search.comparators.TermOrdValComparator$TermOrdValLeafComparator#setBottom():391 [JIT compiled code]
                              at org.apache.lucene.search.TopFieldCollector$TopFieldLeafCollector#collectCompetitiveHit():118 [JIT compiled code]
                              at org.apache.lucene.search.TopFieldCollector$SimpleFieldCollector$1#collect():209 [Inlined code]
                              at org.apache.lucene.search.LeafCollector$$Lambda.0x00000000271c3570#accept() [Inlined code]
                              at org.apache.lucene.util.FixedBitSet#forEach():944 [Inlined code]
                              at org.apache.lucene.util.FixedBitSet#forEach():931 [JIT compiled code]
0.45%         329M          org.apache.lucene.codecs.lucene104.Lucene104PostingsReader$BlockPostingsEnum#<init>():302 [JIT compiled code]
                              at org.apache.lucene.codecs.lucene104.Lucene104PostingsReader#postings():260 [Inlined code]
                              at org.apache.lucene.codecs.lucene103.blocktree.SegmentTermsEnum#postings():1010 [JIT compiled code]
                              at org.apache.lucene.search.comparators.TermOrdValComparator$PostingsBasedCompetitiveState#init():660 [JIT compiled code]
                              at org.apache.lucene.search.comparators.TermOrdValComparator$PostingsBasedCompetitiveState#update():615 [Inlined code]
                              at org.apache.lucene.search.comparators.TermOrdValComparator$TermOrdValLeafComparator#updateCompetitiveIterator():500 [JIT compiled code]
                              at org.apache.lucene.search.comparators.TermOrdValComparator$TermOrdValLeafComparator#<init>():293 [JIT compiled code]
                              at org.apache.lucene.search.comparators.TermOrdValComparator#getLeafComparator():171 [JIT compiled code]
                              at org.apache.lucene.search.FieldValueHitQueue#getComparators():172 [JIT compiled code]
                              at org.apache.lucene.search.TopFieldCollector$TopFieldLeafCollector#<init>():60 [JIT compiled code]
                              at org.apache.lucene.search.TopFieldCollector$SimpleFieldCollector$1#<init>():200 [JIT compiled code]
                              at org.apache.lucene.search.TopFieldCollector$SimpleFieldCollector#getLeafCollector():199 [JIT compiled code]
0.44%         324M          java.lang.Integer#valueOf():1006 [Inlined code]
                              at java.util.PrimitiveIterator$OfInt#next():129 [JIT compiled code]
                              at org.apache.lucene.facet.sortedset.AbstractSortedSetDocValueFacetCounts#computeTopChildren():317 [JIT compiled code]
                              at org.apache.lucene.facet.sortedset.AbstractSortedSetDocValueFacetCounts#getTopChildrenForPath():300 [Interpreted code]
                              at org.apache.lucene.facet.sortedset.AbstractSortedSetDocValueFacetCounts#getTopChildren():61 [Interpreted code]
                              at org.apache.lucene.facet.sortedset.SortedSetDocValuesFacetCounts#getTopChildren():57 [Interpreted code]
                              at perf.SearchTask#go():291 [Interpreted code]
                              at perf.UnparsedTask#go():57 [Interpreted code]
                              at perf.TaskThreads$RunTask#call():81 [Interpreted code]
                              at perf.TaskThreads$RunTask#call():64 [Interpreted code]
                              at java.util.concurrent.FutureTask#run():328 [JIT compiled code]
                              at java.util.concurrent.ThreadPoolExecutor#runWorker():1090 [Interpreted code]
0.39%         288M          org.apache.lucene.util.FixedBitSet#<init>():148 [Inlined code]
                              at org.apache.lucene.util.DocIdSetBuilder#upgradeToBitSet():282 [JIT compiled code]
                              at org.apache.lucene.util.DocIdSetBuilder#grow():225 [JIT compiled code]
                              at org.apache.lucene.search.comparators.NumericComparator$PointsCompetitiveDISIBuilder$1#grow():406 [Inlined code]
                              at org.apache.lucene.util.bkd.BKDReader$BKDPointTree#addAll():596 [JIT compiled code]
                              at org.apache.lucene.util.bkd.BKDReader$BKDPointTree#visitDocIDs():589 [Inlined code]
                              at org.apache.lucene.index.PointValues#intersect():361 [JIT compiled code]
                              at org.apache.lucene.index.PointValues#intersect():350 [Inlined code]
                              at org.apache.lucene.search.comparators.NumericComparator$PointsCompetitiveDISIBuilder#doUpdateCompetitiveIterator():476 [Inlined code]
                              at org.apache.lucene.search.comparators.NumericComparator$CompetitiveDISIBuilder#updateCompetitiveIterator():265 [Inlined code]
                              at org.apache.lucene.search.comparators.NumericComparator$NumericLeafComparator#setBottom():154 [Inlined code]
                              at org.apache.lucene.search.comparators.IntComparator$IntLeafComparator#setBottom():90 [JIT compiled code]
0.39%         284M          org.apache.lucene.util.FixedBitSet#<init>():148 [Inlined code]
                              at org.apache.lucene.util.DocIdSetBuilder#upgradeToBitSet():282 [JIT compiled code]
                              at org.apache.lucene.util.DocIdSetBuilder#grow():225 [JIT compiled code]
                              at org.apache.lucene.search.comparators.NumericComparator$PointsCompetitiveDISIBuilder$1#grow():406 [Inlined code]
                              at org.apache.lucene.util.bkd.BKDReader$BKDPointTree#addAll():596 [JIT compiled code]
                              at org.apache.lucene.util.bkd.BKDReader$BKDPointTree#visitDocIDs():589 [Inlined code]
                              at org.apache.lucene.index.PointValues#intersect():361 [JIT compiled code]
                              at org.apache.lucene.index.PointValues#intersect():350 [Inlined code]
                              at org.apache.lucene.search.comparators.NumericComparator$PointsCompetitiveDISIBuilder#doUpdateCompetitiveIterator():476 [Inlined code]
                              at org.apache.lucene.search.comparators.NumericComparator$CompetitiveDISIBuilder#updateCompetitiveIterator():265 [Inlined code]
                              at org.apache.lucene.search.comparators.NumericComparator$NumericLeafComparator#setBottom():154 [Inlined code]
                              at org.apache.lucene.search.comparators.LongComparator$LongLeafComparator#setBottom():90 [JIT compiled code]
0.38%         281M          perf.TaskParser#secondPassParse():208 [Interpreted code]
                              at perf.UnparsedTask#go():53 [Interpreted code]
                              at perf.TaskThreads$RunTask#call():81 [Interpreted code]
                              at perf.TaskThreads$RunTask#call():64 [Interpreted code]
                              at java.util.concurrent.FutureTask#run():328 [JIT compiled code]
                              at java.util.concurrent.ThreadPoolExecutor#runWorker():1090 [Interpreted code]
                              at java.util.concurrent.ThreadPoolExecutor$Worker#run():614 [Interpreted code]
                              at java.lang.Thread#runWith():1487 [Interpreted code]
                              at java.lang.Thread#run():1474 [Interpreted code]
0.36%         266M          org.apache.lucene.util.ArrayUtil#growNoCopy():423 [Inlined code]
                              at org.apache.lucene.codecs.lucene90.compressing.Lucene90CompressingStoredFieldsReader$BlockState#doReset():503 [JIT compiled code]
                              at org.apache.lucene.codecs.lucene90.compressing.Lucene90CompressingStoredFieldsReader$BlockState#reset():472 [Inlined code]
                              at org.apache.lucene.codecs.lucene90.compressing.Lucene90CompressingStoredFieldsReader#serializedDocument():670 [Inlined code]
                              at org.apache.lucene.codecs.lucene90.compressing.Lucene90CompressingStoredFieldsReader#document():691 [JIT compiled code]
                              at org.apache.lucene.index.CodecReader$1#document():101 [Inlined code]
                              at org.apache.lucene.index.BaseCompositeReader$2#document():190 [Inlined code]
                              at org.apache.lucene.index.StoredFields#document():68 [Inlined code]
                              at perf.SearchTask#printResults():776 [JIT compiled code]
                              at perf.UnparsedTask#printResults():85 [JIT compiled code]
                              at perf.SearchPerfTest#_main():770 [Interpreted code]
                              at perf.SearchPerfTest#main():145 [Interpreted code]
0.36%         262M          org.apache.lucene.facet.sortedset.SortedSetDocValuesFacetCounts#countOneSegmentNHLD():125 [JIT compiled code]
                              at org.apache.lucene.facet.sortedset.SortedSetDocValuesFacetCounts#countAll():322 [Interpreted code]
                              at org.apache.lucene.facet.sortedset.SortedSetDocValuesFacetCounts#<init>():73 [Interpreted code]
                              at org.apache.lucene.facet.sortedset.SortedSetDocValuesFacetCounts#<init>():63 [Interpreted code]
                              at perf.SearchTask#go():290 [Interpreted code]
                              at perf.UnparsedTask#go():57 [JIT compiled code]
                              at perf.TaskThreads$RunTask#call():81 [JIT compiled code]
                              at perf.TaskThreads$RunTask#call():64 [JIT compiled code]
                              at java.util.concurrent.FutureTask#run():328 [JIT compiled code]
                              at java.util.concurrent.ThreadPoolExecutor#runWorker():1090 [Interpreted code]
                              at java.util.concurrent.ThreadPoolExecutor$Worker#run():614 [Interpreted code]
                              at java.lang.Thread#runWith():1487 [Interpreted code]
0.35%         259M          org.apache.lucene.util.ArrayUtil#growNoCopy():459 [Inlined code]
                              at org.apache.lucene.codecs.lucene90.LZ4WithPresetDictCompressionMode$LZ4WithPresetDictDecompressor#decompress():102 [JIT compiled code]
                              at org.apache.lucene.codecs.lucene90.compressing.Lucene90CompressingStoredFieldsReader$BlockState#document():641 [JIT compiled code]
                              at org.apache.lucene.codecs.lucene90.compressing.Lucene90CompressingStoredFieldsReader#serializedDocument():673 [Inlined code]
                              at org.apache.lucene.codecs.lucene90.compressing.Lucene90CompressingStoredFieldsReader#document():691 [JIT compiled code]
                              at org.apache.lucene.index.CodecReader$1#document():101 [Inlined code]
                              at org.apache.lucene.index.BaseCompositeReader$2#document():190 [Inlined code]
                              at org.apache.lucene.index.StoredFields#document():68 [Inlined code]
                              at perf.SearchTask#printResults():776 [JIT compiled code]
                              at perf.UnparsedTask#printResults():85 [JIT compiled code]
                              at perf.SearchPerfTest#_main():770 [Interpreted code]
                              at perf.SearchPerfTest#main():145 [Interpreted code]
0.29%         215M          jdk.internal.classfile.impl.EntryMap#<init>():77 [Inlined code]
                              at jdk.internal.classfile.impl.SplitConstantPool#map():182 [Inlined code]
                              at jdk.internal.classfile.impl.SplitConstantPool#tryFindClassOrInterface():403 [Inlined code]
                              at jdk.internal.classfile.impl.SplitConstantPool#classEntryForClassOrInterface():438 [Inlined code]
                              at jdk.internal.classfile.impl.SplitConstantPool#classEntry():514 [JIT compiled code]
                              at java.lang.invoke.InnerClassLambdaMetafactory#<init>():155 [Interpreted code]
                              at java.lang.invoke.LambdaMetafactory#metafactory():349 [Interpreted code]
                              at java.lang.invoke.DirectMethodHandle$Holder#invokeStatic() [Interpreted code]
                              at java.lang.invoke.BootstrapMethodInvoker#invoke():134 [Interpreted code]
                              at java.lang.invoke.CallSite#makeSite():310 [Interpreted code]
                              at java.lang.invoke.MethodHandleNatives#linkCallSiteImpl():250 [Interpreted code]
                              at java.lang.invoke.MethodHandleNatives#linkCallSite():240 [Interpreted code]


HEAP merged search profile for armJ:
JFR aggregation command: /home/goankur/jdk/corretto-25/bin/java -server -Xms2g -Xmx2g --add-modules jdk.incubator.vector -XX:+HeapDumpOnOutOfMemoryError -XX:+UseParallelGC -cp /home/goankur/vsearch/bo/lucene-J/build-tools/build-infra/build/classes/java/main -Dtests.profile.mode=heap -Dtests.profile.stacksize=12 -Dtests.profile.count=30 -Dtests.profile.linenumbers=true org.apache.lucene.gradle.plugins.java.ProfileResults /home/goankur/vsearch/logs/bench-search-FJAc-armJ-11.jfr /home/goankur/vsearch/logs/bench-search-FJAc-armJ-12.jfr /home/goankur/vsearch/logs/bench-search-FJAc-armJ-13.jfr /home/goankur/vsearch/logs/bench-search-FJAc-armJ-14.jfr /home/goankur/vsearch/logs/bench-search-FJAc-armJ-15.jfr /home/goankur/vsearch/logs/bench-search-FJAc-armJ-16.jfr /home/goankur/vsearch/logs/bench-search-FJAc-armJ-17.jfr /home/goankur/vsearch/logs/bench-search-FJAc-armJ-18.jfr /home/goankur/vsearch/logs/bench-search-FJAc-armJ-19.jfr /home/goankur/vsearch/logs/bench-search-FJAc-armJ-7.jfr /home/goankur/vsearch/logs/bench-search-FJAc-armJ-8.jfr /home/goankur/vsearch/logs/bench-search-FJAc-armJ-9.jfr /home/goankur/vsearch/logs/bench-search-FJAc-armJ-10.jfr /home/goankur/vsearch/logs/bench-search-FJAc-armJ-2.jfr /home/goankur/vsearch/logs/bench-search-FJAc-armJ-3.jfr /home/goankur/vsearch/logs/bench-search-FJAc-armJ-4.jfr /home/goankur/vsearch/logs/bench-search-FJAc-armJ-5.jfr /home/goankur/vsearch/logs/bench-search-FJAc-armJ-6.jfr /home/goankur/vsearch/logs/bench-search-FJAc-armJ-1.jfr /home/goankur/vsearch/logs/bench-search-FJAc-armJ-0.jfr
Took 1.62 seconds
WARNING: Using incubator modules: jdk.incubator.vector
PROFILE SUMMARY from 60082 events (total: 73668M)
  tests.profile.mode=heap
  tests.profile.count=30
  tests.profile.stacksize=12
  tests.profile.linenumbers=true
PERCENT       HEAP SAMPLES  STACK
3.65%         2689M         org.apache.lucene.facet.taxonomy.TaxonomyFacets#initializeValueCounters():134 [Inlined code]
                              at org.apache.lucene.facet.taxonomy.FastTaxonomyFacetCounts#countAll():127 [JIT compiled code]
                              at org.apache.lucene.facet.taxonomy.FastTaxonomyFacetCounts#<init>():69 [Interpreted code]
                              at perf.SearchTask#go():282 [JIT compiled code]
                              at perf.UnparsedTask#go():57 [JIT compiled code]
                              at perf.TaskThreads$RunTask#call():81 [JIT compiled code]
                              at perf.TaskThreads$RunTask#call():64 [JIT compiled code]
                              at java.util.concurrent.FutureTask#run():328 [JIT compiled code]
                              at java.util.concurrent.ThreadPoolExecutor#runWorker():1090 [Interpreted code]
                              at java.util.concurrent.ThreadPoolExecutor$Worker#run():614 [Interpreted code]
                              at java.lang.Thread#runWith():1487 [Interpreted code]
                              at java.lang.Thread#run():1474 [Interpreted code]
3.38%         2489M         org.apache.lucene.util.ArrayUtil#growExact():436 [Inlined code]
                              at org.apache.lucene.util.ArrayUtil#grow():448 [Inlined code]
                              at org.apache.lucene.codecs.lucene90.LZ4WithPresetDictCompressionMode$LZ4WithPresetDictDecompressor#decompress():132 [JIT compiled code]
                              at org.apache.lucene.codecs.lucene90.compressing.Lucene90CompressingStoredFieldsReader$BlockState#document():641 [JIT compiled code]
                              at org.apache.lucene.codecs.lucene90.compressing.Lucene90CompressingStoredFieldsReader#serializedDocument():673 [Inlined code]
                              at org.apache.lucene.codecs.lucene90.compressing.Lucene90CompressingStoredFieldsReader#document():691 [JIT compiled code]
                              at org.apache.lucene.index.CodecReader$1#document():101 [Inlined code]
                              at org.apache.lucene.index.BaseCompositeReader$2#document():190 [JIT compiled code]
                              at org.apache.lucene.index.StoredFields#document():68 [Inlined code]
                              at perf.SearchTask#printResults():776 [JIT compiled code]
                              at perf.UnparsedTask#printResults():85 [JIT compiled code]
                              at perf.SearchPerfTest#_main():770 [Interpreted code]
1.89%         1395M         org.apache.lucene.facet.sortedset.SortedSetDocValuesFacetCounts#countOneSegmentNHLD():125 [JIT compiled code]
                              at org.apache.lucene.facet.sortedset.SortedSetDocValuesFacetCounts#countAll():322 [Interpreted code]
                              at org.apache.lucene.facet.sortedset.SortedSetDocValuesFacetCounts#<init>():73 [Inlined code]
                              at org.apache.lucene.facet.sortedset.SortedSetDocValuesFacetCounts#<init>():63 [Inlined code]
                              at perf.SearchTask#go():290 [JIT compiled code]
                              at perf.UnparsedTask#go():57 [JIT compiled code]
                              at perf.TaskThreads$RunTask#call():81 [JIT compiled code]
                              at perf.TaskThreads$RunTask#call():64 [JIT compiled code]
                              at java.util.concurrent.FutureTask#run():328 [JIT compiled code]
                              at java.util.concurrent.ThreadPoolExecutor#runWorker():1090 [Interpreted code]
                              at java.util.concurrent.ThreadPoolExecutor$Worker#run():614 [Interpreted code]
                              at java.lang.Thread#runWith():1487 [Interpreted code]
1.19%         877M          org.apache.lucene.util.ArrayUtil#growNoCopy():459 [Inlined code]
                              at org.apache.lucene.codecs.lucene90.LZ4WithPresetDictCompressionMode$LZ4WithPresetDictDecompressor#decompress():102 [JIT compiled code]
                              at org.apache.lucene.codecs.lucene90.compressing.Lucene90CompressingStoredFieldsReader$BlockState#document():641 [JIT compiled code]
                              at org.apache.lucene.codecs.lucene90.compressing.Lucene90CompressingStoredFieldsReader#serializedDocument():673 [Inlined code]
                              at org.apache.lucene.codecs.lucene90.compressing.Lucene90CompressingStoredFieldsReader#document():691 [JIT compiled code]
                              at org.apache.lucene.index.CodecReader$1#document():101 [Inlined code]
                              at org.apache.lucene.index.BaseCompositeReader$2#document():190 [JIT compiled code]
                              at org.apache.lucene.index.StoredFields#document():68 [Inlined code]
                              at perf.SearchTask#printResults():776 [JIT compiled code]
                              at perf.UnparsedTask#printResults():85 [JIT compiled code]
                              at perf.SearchPerfTest#_main():770 [Interpreted code]
                              at perf.SearchPerfTest#main():145 [Interpreted code]
1.07%         786M          org.apache.lucene.util.ArrayUtil#growNoCopy():423 [Inlined code]
                              at org.apache.lucene.codecs.lucene90.compressing.Lucene90CompressingStoredFieldsReader$BlockState#doReset():504 [JIT compiled code]
                              at org.apache.lucene.codecs.lucene90.compressing.Lucene90CompressingStoredFieldsReader$BlockState#reset():472 [Inlined code]
                              at org.apache.lucene.codecs.lucene90.compressing.Lucene90CompressingStoredFieldsReader#serializedDocument():670 [Inlined code]
                              at org.apache.lucene.codecs.lucene90.compressing.Lucene90CompressingStoredFieldsReader#document():691 [JIT compiled code]
                              at org.apache.lucene.index.CodecReader$1#document():101 [Inlined code]
                              at org.apache.lucene.index.BaseCompositeReader$2#document():190 [JIT compiled code]
                              at org.apache.lucene.index.StoredFields#document():68 [Inlined code]
                              at perf.SearchTask#printResults():776 [JIT compiled code]
                              at perf.UnparsedTask#printResults():85 [JIT compiled code]
                              at perf.SearchPerfTest#_main():770 [Interpreted code]
                              at perf.SearchPerfTest#main():145 [Interpreted code]
0.97%         712M          org.apache.lucene.util.ArrayUtil#growNoCopy():423 [Inlined code]
                              at org.apache.lucene.codecs.lucene90.compressing.Lucene90CompressingStoredFieldsReader$BlockState#doReset():503 [JIT compiled code]
                              at org.apache.lucene.codecs.lucene90.compressing.Lucene90CompressingStoredFieldsReader$BlockState#reset():472 [Inlined code]
                              at org.apache.lucene.codecs.lucene90.compressing.Lucene90CompressingStoredFieldsReader#serializedDocument():670 [Inlined code]
                              at org.apache.lucene.codecs.lucene90.compressing.Lucene90CompressingStoredFieldsReader#document():691 [JIT compiled code]
                              at org.apache.lucene.index.CodecReader$1#document():101 [Inlined code]
                              at org.apache.lucene.index.BaseCompositeReader$2#document():190 [JIT compiled code]
                              at org.apache.lucene.index.StoredFields#document():68 [Inlined code]
                              at perf.SearchTask#printResults():776 [JIT compiled code]
                              at perf.UnparsedTask#printResults():85 [JIT compiled code]
                              at perf.SearchPerfTest#_main():770 [Interpreted code]
                              at perf.SearchPerfTest#main():145 [Interpreted code]
0.94%         689M          org.apache.lucene.facet.taxonomy.TaxonomyFacets#initializeValueCounters():134 [Inlined code]
                              at org.apache.lucene.facet.taxonomy.FastTaxonomyFacetCounts#countAll():127 [JIT compiled code]
                              at org.apache.lucene.facet.taxonomy.FastTaxonomyFacetCounts#<init>():69 [Interpreted code]
                              at perf.SearchTask#go():282 [Interpreted code]
                              at perf.UnparsedTask#go():57 [Interpreted code]
                              at perf.TaskThreads$RunTask#call():81 [Interpreted code]
                              at perf.TaskThreads$RunTask#call():64 [Interpreted code]
                              at java.util.concurrent.FutureTask#run():328 [JIT compiled code]
                              at java.util.concurrent.ThreadPoolExecutor#runWorker():1090 [Interpreted code]
                              at java.util.concurrent.ThreadPoolExecutor$Worker#run():614 [Interpreted code]
                              at java.lang.Thread#runWith():1487 [Interpreted code]
                              at java.lang.Thread#run():1474 [Interpreted code]
0.93%         685M          org.apache.lucene.facet.taxonomy.TaxonomyFacets#initializeValueCounters():134 [Inlined code]
                              at org.apache.lucene.facet.taxonomy.FastTaxonomyFacetCounts#count():82 [JIT compiled code]
                              at org.apache.lucene.facet.taxonomy.FastTaxonomyFacetCounts#<init>():57 [Interpreted code]
                              at perf.SearchTask#go():310 [JIT compiled code]
                              at perf.UnparsedTask#go():57 [JIT compiled code]
                              at perf.TaskThreads$RunTask#call():81 [JIT compiled code]
                              at perf.TaskThreads$RunTask#call():64 [JIT compiled code]
                              at java.util.concurrent.FutureTask#run():328 [JIT compiled code]
                              at java.util.concurrent.ThreadPoolExecutor#runWorker():1090 [Interpreted code]
                              at java.util.concurrent.ThreadPoolExecutor$Worker#run():614 [Interpreted code]
                              at java.lang.Thread#runWith():1487 [Interpreted code]
                              at java.lang.Thread#run():1474 [Interpreted code]
0.93%         682M          org.apache.lucene.facet.sortedset.SortedSetDocValuesFacetCounts#initializeCounts():81 [Inlined code]
                              at org.apache.lucene.facet.sortedset.SortedSetDocValuesFacetCounts#countOneSegmentNHLD():105 [JIT compiled code]
                              at org.apache.lucene.facet.sortedset.SortedSetDocValuesFacetCounts#countAll():322 [Interpreted code]
                              at org.apache.lucene.facet.sortedset.SortedSetDocValuesFacetCounts#<init>():73 [Inlined code]
                              at org.apache.lucene.facet.sortedset.SortedSetDocValuesFacetCounts#<init>():63 [Inlined code]
                              at perf.SearchTask#go():290 [JIT compiled code]
                              at perf.UnparsedTask#go():57 [JIT compiled code]
                              at perf.TaskThreads$RunTask#call():81 [JIT compiled code]
                              at perf.TaskThreads$RunTask#call():64 [JIT compiled code]
                              at java.util.concurrent.FutureTask#run():328 [JIT compiled code]
                              at java.util.concurrent.ThreadPoolExecutor#runWorker():1090 [Interpreted code]
                              at java.util.concurrent.ThreadPoolExecutor$Worker#run():614 [Interpreted code]
0.90%         660M          org.apache.lucene.util.ArrayUtil#growExact():436 [Inlined code]
                              at org.apache.lucene.util.ArrayUtil#grow():448 [Inlined code]
                              at org.apache.lucene.codecs.lucene90.LZ4WithPresetDictCompressionMode$LZ4WithPresetDictDecompressor#decompress():132 [JIT compiled code]
                              at org.apache.lucene.codecs.lucene90.compressing.Lucene90CompressingStoredFieldsReader$BlockState#document():641 [JIT compiled code]
                              at org.apache.lucene.codecs.lucene90.compressing.Lucene90CompressingStoredFieldsReader#serializedDocument():673 [Inlined code]
                              at org.apache.lucene.codecs.lucene90.compressing.Lucene90CompressingStoredFieldsReader#document():691 [JIT compiled code]
                              at org.apache.lucene.index.CodecReader$1#document():101 [Inlined code]
                              at org.apache.lucene.index.BaseCompositeReader$2#document():190 [Inlined code]
                              at org.apache.lucene.index.StoredFields#document():68 [Inlined code]
                              at perf.SearchTask#printResults():776 [JIT compiled code]
                              at perf.UnparsedTask#printResults():85 [JIT compiled code]
                              at perf.SearchPerfTest#_main():770 [Interpreted code]
0.72%         527M          org.apache.lucene.util.ArrayUtil#growExact():436 [Inlined code]
                              at org.apache.lucene.util.ArrayUtil#grow():448 [Inlined code]
                              at org.apache.lucene.codecs.lucene90.LZ4WithPresetDictCompressionMode$LZ4WithPresetDictDecompressor#decompress():132 [JIT compiled code]
                              at org.apache.lucene.codecs.lucene90.compressing.Lucene90CompressingStoredFieldsReader$BlockState#document():641 [JIT compiled code]
                              at org.apache.lucene.codecs.lucene90.compressing.Lucene90CompressingStoredFieldsReader#serializedDocument():673 [Inlined code]
                              at org.apache.lucene.codecs.lucene90.compressing.Lucene90CompressingStoredFieldsReader#document():691 [JIT compiled code]
                              at org.apache.lucene.index.CodecReader$1#document():101 [Inlined code]
                              at org.apache.lucene.index.BaseCompositeReader$2#document():190 [JIT compiled code]
                              at org.apache.lucene.index.StoredFields#document():68 [Inlined code]
                              at perf.SearchTask#printResults():776 [JIT compiled code]
                              at perf.UnparsedTask#printResults():85 [Interpreted code]
                              at perf.SearchPerfTest#_main():770 [Interpreted code]
0.60%         444M          org.apache.lucene.util.ArrayUtil#growExact():436 [Inlined code]
                              at org.apache.lucene.util.ArrayUtil#grow():448 [Inlined code]
                              at org.apache.lucene.codecs.lucene90.LZ4WithPresetDictCompressionMode$LZ4WithPresetDictDecompressor#decompress():132 [JIT compiled code]
                              at org.apache.lucene.codecs.lucene90.compressing.Lucene90CompressingStoredFieldsReader$BlockState#document():641 [JIT compiled code]
                              at org.apache.lucene.codecs.lucene90.compressing.Lucene90CompressingStoredFieldsReader#serializedDocument():673 [Inlined code]
                              at org.apache.lucene.codecs.lucene90.compressing.Lucene90CompressingStoredFieldsReader#document():691 [JIT compiled code]
                              at org.apache.lucene.index.CodecReader$1#document():101 [Inlined code]
                              at org.apache.lucene.index.BaseCompositeReader$2#document():190 [JIT compiled code]
                              at org.apache.lucene.index.StoredFields#document():68 [Inlined code]
                              at perf.SearchTask#printResults():771 [JIT compiled code]
                              at perf.UnparsedTask#printResults():85 [JIT compiled code]
                              at perf.SearchPerfTest#_main():770 [Interpreted code]
0.60%         441M          perf.TaskThreads$TaskThread#run():156 [Interpreted code]
0.57%         416M          org.apache.lucene.facet.sortedset.SortedSetDocValuesFacetCounts#countOneSegmentNHLD():125 [JIT compiled code]
                              at org.apache.lucene.facet.sortedset.SortedSetDocValuesFacetCounts#countAll():322 [Interpreted code]
                              at org.apache.lucene.facet.sortedset.SortedSetDocValuesFacetCounts#<init>():73 [Interpreted code]
                              at org.apache.lucene.facet.sortedset.SortedSetDocValuesFacetCounts#<init>():63 [Interpreted code]
                              at perf.SearchTask#go():290 [Interpreted code]
                              at perf.UnparsedTask#go():57 [Interpreted code]
                              at perf.TaskThreads$RunTask#call():81 [Interpreted code]
                              at perf.TaskThreads$RunTask#call():64 [Interpreted code]
                              at java.util.concurrent.FutureTask#run():328 [JIT compiled code]
                              at java.util.concurrent.ThreadPoolExecutor#runWorker():1090 [Interpreted code]
                              at java.util.concurrent.ThreadPoolExecutor$Worker#run():614 [Interpreted code]
                              at java.lang.Thread#runWith():1487 [Interpreted code]
0.52%         379M          org.apache.lucene.codecs.lucene104.Lucene104PostingsReader$BlockPostingsEnum#<init>():302 [JIT compiled code]
                              at org.apache.lucene.codecs.lucene104.Lucene104PostingsReader#postings():260 [Inlined code]
                              at org.apache.lucene.codecs.lucene103.blocktree.SegmentTermsEnum#postings():1010 [JIT compiled code]
                              at org.apache.lucene.search.comparators.TermOrdValComparator$PostingsBasedCompetitiveState#init():660 [JIT compiled code]
                              at org.apache.lucene.search.comparators.TermOrdValComparator$PostingsBasedCompetitiveState#update():615 [Inlined code]
                              at org.apache.lucene.search.comparators.TermOrdValComparator$TermOrdValLeafComparator#updateCompetitiveIterator():500 [JIT compiled code]
                              at org.apache.lucene.search.comparators.TermOrdValComparator$TermOrdValLeafComparator#setBottom():391 [JIT compiled code]
                              at org.apache.lucene.search.TopFieldCollector$TopFieldLeafCollector#collectCompetitiveHit():118 [JIT compiled code]
                              at org.apache.lucene.search.TopFieldCollector$SimpleFieldCollector$1#collect():209 [Inlined code]
                              at org.apache.lucene.search.LeafCollector$$Lambda.0x00000000231c3570#accept() [Inlined code]
                              at org.apache.lucene.util.FixedBitSet#forEach():944 [Inlined code]
                              at org.apache.lucene.util.FixedBitSet#forEach():931 [JIT compiled code]
0.51%         378M          org.apache.lucene.util.FixedBitSet#<init>():148 [Inlined code]
                              at org.apache.lucene.codecs.lucene104.Lucene104PostingsReader$BlockPostingsEnum#<init>():307 [JIT compiled code]
                              at org.apache.lucene.codecs.lucene104.Lucene104PostingsReader#postings():260 [Inlined code]
                              at org.apache.lucene.codecs.lucene103.blocktree.SegmentTermsEnum#postings():1010 [JIT compiled code]
                              at org.apache.lucene.search.comparators.TermOrdValComparator$PostingsBasedCompetitiveState#init():660 [JIT compiled code]
                              at org.apache.lucene.search.comparators.TermOrdValComparator$PostingsBasedCompetitiveState#update():615 [Inlined code]
                              at org.apache.lucene.search.comparators.TermOrdValComparator$TermOrdValLeafComparator#updateCompetitiveIterator():500 [JIT compiled code]
                              at org.apache.lucene.search.comparators.TermOrdValComparator$TermOrdValLeafComparator#<init>():293 [JIT compiled code]
                              at org.apache.lucene.search.comparators.TermOrdValComparator#getLeafComparator():171 [JIT compiled code]
                              at org.apache.lucene.search.FieldValueHitQueue#getComparators():172 [JIT compiled code]
                              at org.apache.lucene.search.TopFieldCollector$TopFieldLeafCollector#<init>():60 [JIT compiled code]
                              at org.apache.lucene.search.TopFieldCollector$SimpleFieldCollector$1#<init>():200 [JIT compiled code]
0.51%         376M          org.apache.lucene.codecs.lucene104.Lucene104PostingsReader$BlockPostingsEnum#<init>():335 [JIT compiled code]
                              at org.apache.lucene.codecs.lucene104.Lucene104PostingsReader#postings():260 [Inlined code]
                              at org.apache.lucene.codecs.lucene103.blocktree.SegmentTermsEnum#postings():1010 [JIT compiled code]
                              at org.apache.lucene.search.comparators.TermOrdValComparator$PostingsBasedCompetitiveState#init():660 [JIT compiled code]
                              at org.apache.lucene.search.comparators.TermOrdValComparator$PostingsBasedCompetitiveState#update():615 [Inlined code]
                              at org.apache.lucene.search.comparators.TermOrdValComparator$TermOrdValLeafComparator#updateCompetitiveIterator():500 [JIT compiled code]
                              at org.apache.lucene.search.comparators.TermOrdValComparator$TermOrdValLeafComparator#setBottom():391 [JIT compiled code]
                              at org.apache.lucene.search.TopFieldCollector$TopFieldLeafCollector#collectCompetitiveHit():118 [JIT compiled code]
                              at org.apache.lucene.search.TopFieldCollector$SimpleFieldCollector$1#collect():209 [Inlined code]
                              at org.apache.lucene.search.LeafCollector$$Lambda.0x00000000361c3570#accept() [Inlined code]
                              at org.apache.lucene.util.FixedBitSet#forEach():944 [Inlined code]
                              at org.apache.lucene.util.FixedBitSet#forEach():931 [JIT compiled code]
0.48%         351M          org.apache.lucene.codecs.lucene104.Lucene104PostingsReader$BlockPostingsEnum#<init>():335 [JIT compiled code]
                              at org.apache.lucene.codecs.lucene104.Lucene104PostingsReader#postings():260 [Inlined code]
                              at org.apache.lucene.codecs.lucene103.blocktree.SegmentTermsEnum#postings():1010 [JIT compiled code]
                              at org.apache.lucene.search.comparators.TermOrdValComparator$PostingsBasedCompetitiveState#init():660 [JIT compiled code]
                              at org.apache.lucene.search.comparators.TermOrdValComparator$PostingsBasedCompetitiveState#update():615 [Inlined code]
                              at org.apache.lucene.search.comparators.TermOrdValComparator$TermOrdValLeafComparator#updateCompetitiveIterator():500 [JIT compiled code]
                              at org.apache.lucene.search.comparators.TermOrdValComparator$TermOrdValLeafComparator#<init>():293 [JIT compiled code]
                              at org.apache.lucene.search.comparators.TermOrdValComparator#getLeafComparator():171 [JIT compiled code]
                              at org.apache.lucene.search.FieldValueHitQueue#getComparators():172 [JIT compiled code]
                              at org.apache.lucene.search.TopFieldCollector$TopFieldLeafCollector#<init>():60 [JIT compiled code]
                              at org.apache.lucene.search.TopFieldCollector$SimpleFieldCollector$1#<init>():200 [JIT compiled code]
                              at org.apache.lucene.search.TopFieldCollector$SimpleFieldCollector#getLeafCollector():199 [JIT compiled code]
0.47%         348M          org.apache.lucene.facet.taxonomy.TaxonomyFacets#initializeValueCounters():134 [Inlined code]
                              at org.apache.lucene.facet.taxonomy.FastTaxonomyFacetCounts#countAll():127 [JIT compiled code]
                              at org.apache.lucene.facet.taxonomy.FastTaxonomyFacetCounts#<init>():69 [Interpreted code]
                              at perf.SearchTask#go():282 [Interpreted code]
                              at perf.UnparsedTask#go():57 [JIT compiled code]
                              at perf.TaskThreads$RunTask#call():81 [JIT compiled code]
                              at perf.TaskThreads$RunTask#call():64 [JIT compiled code]
                              at java.util.concurrent.FutureTask#run():328 [JIT compiled code]
                              at java.util.concurrent.ThreadPoolExecutor#runWorker():1090 [Interpreted code]
                              at java.util.concurrent.ThreadPoolExecutor$Worker#run():614 [Interpreted code]
                              at java.lang.Thread#runWith():1487 [Interpreted code]
                              at java.lang.Thread#run():1474 [Interpreted code]
0.46%         336M          org.apache.lucene.codecs.lucene104.Lucene104PostingsReader$BlockPostingsEnum#<init>():335 [JIT compiled code]
                              at org.apache.lucene.codecs.lucene104.Lucene104PostingsReader#postings():260 [Inlined code]
                              at org.apache.lucene.codecs.lucene103.blocktree.SegmentTermsEnum#postings():1010 [JIT compiled code]
                              at org.apache.lucene.search.comparators.TermOrdValComparator$PostingsBasedCompetitiveState#init():660 [JIT compiled code]
                              at org.apache.lucene.search.comparators.TermOrdValComparator$PostingsBasedCompetitiveState#update():615 [Inlined code]
                              at org.apache.lucene.search.comparators.TermOrdValComparator$TermOrdValLeafComparator#updateCompetitiveIterator():500 [JIT compiled code]
                              at org.apache.lucene.search.comparators.TermOrdValComparator$TermOrdValLeafComparator#setBottom():391 [JIT compiled code]
                              at org.apache.lucene.search.TopFieldCollector$TopFieldLeafCollector#collectCompetitiveHit():118 [JIT compiled code]
                              at org.apache.lucene.search.TopFieldCollector$SimpleFieldCollector$1#collect():209 [Inlined code]
                              at org.apache.lucene.search.LeafCollector$$Lambda.0x00000000231c3570#accept() [Inlined code]
                              at org.apache.lucene.util.FixedBitSet#forEach():944 [Inlined code]
                              at org.apache.lucene.util.FixedBitSet#forEach():931 [JIT compiled code]
0.45%         331M          java.lang.Integer#valueOf():1006 [Inlined code]
                              at java.util.PrimitiveIterator$OfInt#next():129 [JIT compiled code]
                              at org.apache.lucene.facet.sortedset.AbstractSortedSetDocValueFacetCounts#computeTopChildren():317 [JIT compiled code]
                              at org.apache.lucene.facet.sortedset.AbstractSortedSetDocValueFacetCounts#getTopChildrenForPath():300 [Interpreted code]
                              at org.apache.lucene.facet.sortedset.AbstractSortedSetDocValueFacetCounts#getTopChildren():61 [Interpreted code]
                              at org.apache.lucene.facet.sortedset.SortedSetDocValuesFacetCounts#getTopChildren():57 [Interpreted code]
                              at perf.SearchTask#go():291 [Interpreted code]
                              at perf.UnparsedTask#go():57 [Interpreted code]
                              at perf.TaskThreads$RunTask#call():81 [Interpreted code]
                              at perf.TaskThreads$RunTask#call():64 [Interpreted code]
                              at java.util.concurrent.FutureTask#run():328 [JIT compiled code]
                              at java.util.concurrent.ThreadPoolExecutor#runWorker():1090 [Interpreted code]
0.45%         331M          org.apache.lucene.util.FixedBitSet#<init>():148 [Inlined code]
                              at org.apache.lucene.codecs.lucene104.Lucene104PostingsReader$BlockPostingsEnum#<init>():307 [JIT compiled code]
                              at org.apache.lucene.codecs.lucene104.Lucene104PostingsReader#postings():260 [Inlined code]
                              at org.apache.lucene.codecs.lucene103.blocktree.SegmentTermsEnum#postings():1010 [JIT compiled code]
                              at org.apache.lucene.search.comparators.TermOrdValComparator$PostingsBasedCompetitiveState#init():660 [JIT compiled code]
                              at org.apache.lucene.search.comparators.TermOrdValComparator$PostingsBasedCompetitiveState#update():615 [Inlined code]
                              at org.apache.lucene.search.comparators.TermOrdValComparator$TermOrdValLeafComparator#updateCompetitiveIterator():500 [JIT compiled code]
                              at org.apache.lucene.search.comparators.TermOrdValComparator$TermOrdValLeafComparator#setBottom():391 [JIT compiled code]
                              at org.apache.lucene.search.TopFieldCollector$TopFieldLeafCollector#collectCompetitiveHit():118 [JIT compiled code]
                              at org.apache.lucene.search.TopFieldCollector$SimpleFieldCollector$1#collect():209 [Inlined code]
                              at org.apache.lucene.search.LeafCollector$$Lambda.0x00000000361c3570#accept() [Inlined code]
                              at org.apache.lucene.util.FixedBitSet#forEach():944 [Inlined code]
0.44%         322M          org.apache.lucene.codecs.lucene104.Lucene104PostingsReader$BlockPostingsEnum#<init>():302 [JIT compiled code]
                              at org.apache.lucene.codecs.lucene104.Lucene104PostingsReader#postings():260 [Inlined code]
                              at org.apache.lucene.codecs.lucene103.blocktree.SegmentTermsEnum#postings():1010 [JIT compiled code]
                              at org.apache.lucene.search.comparators.TermOrdValComparator$PostingsBasedCompetitiveState#init():660 [JIT compiled code]
                              at org.apache.lucene.search.comparators.TermOrdValComparator$PostingsBasedCompetitiveState#update():615 [Inlined code]
                              at org.apache.lucene.search.comparators.TermOrdValComparator$TermOrdValLeafComparator#updateCompetitiveIterator():500 [JIT compiled code]
                              at org.apache.lucene.search.comparators.TermOrdValComparator$TermOrdValLeafComparator#setBottom():391 [JIT compiled code]
                              at org.apache.lucene.search.TopFieldCollector$TopFieldLeafCollector#collectCompetitiveHit():118 [JIT compiled code]
                              at org.apache.lucene.search.TopFieldCollector$SimpleFieldCollector$1#collect():209 [Inlined code]
                              at org.apache.lucene.search.LeafCollector$$Lambda.0x00000000361c3570#accept() [Inlined code]
                              at org.apache.lucene.util.FixedBitSet#forEach():944 [Inlined code]
                              at org.apache.lucene.util.FixedBitSet#forEach():931 [JIT compiled code]
0.43%         318M          org.apache.lucene.util.FixedBitSet#<init>():148 [Inlined code]
                              at org.apache.lucene.codecs.lucene104.Lucene104PostingsReader$BlockPostingsEnum#<init>():307 [JIT compiled code]
                              at org.apache.lucene.codecs.lucene104.Lucene104PostingsReader#postings():260 [Inlined code]
                              at org.apache.lucene.codecs.lucene103.blocktree.SegmentTermsEnum#postings():1010 [JIT compiled code]
                              at org.apache.lucene.search.comparators.TermOrdValComparator$PostingsBasedCompetitiveState#init():660 [JIT compiled code]
                              at org.apache.lucene.search.comparators.TermOrdValComparator$PostingsBasedCompetitiveState#update():615 [Inlined code]
                              at org.apache.lucene.search.comparators.TermOrdValComparator$TermOrdValLeafComparator#updateCompetitiveIterator():500 [JIT compiled code]
                              at org.apache.lucene.search.comparators.TermOrdValComparator$TermOrdValLeafComparator#setBottom():391 [JIT compiled code]
                              at org.apache.lucene.search.TopFieldCollector$TopFieldLeafCollector#collectCompetitiveHit():118 [JIT compiled code]
                              at org.apache.lucene.search.TopFieldCollector$SimpleFieldCollector$1#collect():209 [Inlined code]
                              at org.apache.lucene.search.LeafCollector$$Lambda.0x00000000231c3570#accept() [Inlined code]
                              at org.apache.lucene.util.FixedBitSet#forEach():944 [Inlined code]
0.42%         311M          org.apache.lucene.codecs.lucene104.Lucene104PostingsReader$BlockPostingsEnum#<init>():302 [JIT compiled code]
                              at org.apache.lucene.codecs.lucene104.Lucene104PostingsReader#postings():260 [Inlined code]
                              at org.apache.lucene.codecs.lucene103.blocktree.SegmentTermsEnum#postings():1010 [JIT compiled code]
                              at org.apache.lucene.search.comparators.TermOrdValComparator$PostingsBasedCompetitiveState#init():660 [JIT compiled code]
                              at org.apache.lucene.search.comparators.TermOrdValComparator$PostingsBasedCompetitiveState#update():615 [Inlined code]
                              at org.apache.lucene.search.comparators.TermOrdValComparator$TermOrdValLeafComparator#updateCompetitiveIterator():500 [JIT compiled code]
                              at org.apache.lucene.search.comparators.TermOrdValComparator$TermOrdValLeafComparator#<init>():293 [JIT compiled code]
                              at org.apache.lucene.search.comparators.TermOrdValComparator#getLeafComparator():171 [JIT compiled code]
                              at org.apache.lucene.search.FieldValueHitQueue#getComparators():172 [JIT compiled code]
                              at org.apache.lucene.search.TopFieldCollector$TopFieldLeafCollector#<init>():60 [JIT compiled code]
                              at org.apache.lucene.search.TopFieldCollector$SimpleFieldCollector$1#<init>():200 [JIT compiled code]
                              at org.apache.lucene.search.TopFieldCollector$SimpleFieldCollector#getLeafCollector():199 [JIT compiled code]
0.40%         293M          perf.TaskParser#secondPassParse():208 [Interpreted code]
                              at perf.UnparsedTask#go():53 [Interpreted code]
                              at perf.TaskThreads$RunTask#call():81 [Interpreted code]
                              at perf.TaskThreads$RunTask#call():64 [Interpreted code]
                              at java.util.concurrent.FutureTask#run():328 [JIT compiled code]
                              at java.util.concurrent.ThreadPoolExecutor#runWorker():1090 [Interpreted code]
                              at java.util.concurrent.ThreadPoolExecutor$Worker#run():614 [Interpreted code]
                              at java.lang.Thread#runWith():1487 [Interpreted code]
                              at java.lang.Thread#run():1474 [Interpreted code]
0.39%         285M          org.apache.lucene.util.FixedBitSet#<init>():148 [Inlined code]
                              at org.apache.lucene.util.DocIdSetBuilder#upgradeToBitSet():282 [JIT compiled code]
                              at org.apache.lucene.util.DocIdSetBuilder#grow():225 [JIT compiled code]
                              at org.apache.lucene.search.comparators.NumericComparator$PointsCompetitiveDISIBuilder$1#grow():406 [Inlined code]
                              at org.apache.lucene.util.bkd.BKDReader$BKDPointTree#addAll():596 [JIT compiled code]
                              at org.apache.lucene.util.bkd.BKDReader$BKDPointTree#visitDocIDs():589 [Inlined code]
                              at org.apache.lucene.index.PointValues#intersect():361 [JIT compiled code]
                              at org.apache.lucene.index.PointValues#intersect():350 [Inlined code]
                              at org.apache.lucene.search.comparators.NumericComparator$PointsCompetitiveDISIBuilder#doUpdateCompetitiveIterator():476 [Inlined code]
                              at org.apache.lucene.search.comparators.NumericComparator$CompetitiveDISIBuilder#updateCompetitiveIterator():265 [Inlined code]
                              at org.apache.lucene.search.comparators.NumericComparator$NumericLeafComparator#setBottom():154 [Inlined code]
                              at org.apache.lucene.search.comparators.LongComparator$LongLeafComparator#setBottom():90 [JIT compiled code]
0.37%         274M          org.apache.lucene.util.FixedBitSet#<init>():148 [Inlined code]
                              at org.apache.lucene.util.DocIdSetBuilder#upgradeToBitSet():282 [JIT compiled code]
                              at org.apache.lucene.util.DocIdSetBuilder#grow():225 [JIT compiled code]
                              at org.apache.lucene.search.comparators.NumericComparator$PointsCompetitiveDISIBuilder$1#grow():406 [Inlined code]
                              at org.apache.lucene.util.bkd.BKDReader$BKDPointTree#addAll():596 [JIT compiled code]
                              at org.apache.lucene.util.bkd.BKDReader$BKDPointTree#visitDocIDs():589 [Inlined code]
                              at org.apache.lucene.index.PointValues#intersect():361 [JIT compiled code]
                              at org.apache.lucene.index.PointValues#intersect():350 [Inlined code]
                              at org.apache.lucene.search.comparators.NumericComparator$PointsCompetitiveDISIBuilder#doUpdateCompetitiveIterator():476 [Inlined code]
                              at org.apache.lucene.search.comparators.NumericComparator$CompetitiveDISIBuilder#updateCompetitiveIterator():265 [Inlined code]
                              at org.apache.lucene.search.comparators.NumericComparator$NumericLeafComparator#setBottom():154 [Inlined code]
                              at org.apache.lucene.search.comparators.IntComparator$IntLeafComparator#setBottom():90 [JIT compiled code]
0.36%         264M          org.apache.lucene.util.ArrayUtil#growNoCopy():423 [Inlined code]
                              at org.apache.lucene.codecs.lucene90.compressing.Lucene90CompressingStoredFieldsReader$BlockState#doReset():503 [JIT compiled code]
                              at org.apache.lucene.codecs.lucene90.compressing.Lucene90CompressingStoredFieldsReader$BlockState#reset():472 [Inlined code]
                              at org.apache.lucene.codecs.lucene90.compressing.Lucene90CompressingStoredFieldsReader#serializedDocument():670 [Inlined code]
                              at org.apache.lucene.codecs.lucene90.compressing.Lucene90CompressingStoredFieldsReader#document():691 [JIT compiled code]
                              at org.apache.lucene.index.CodecReader$1#document():101 [Inlined code]
                              at org.apache.lucene.index.BaseCompositeReader$2#document():190 [Inlined code]
                              at org.apache.lucene.index.StoredFields#document():68 [Inlined code]
                              at perf.SearchTask#printResults():776 [JIT compiled code]
                              at perf.UnparsedTask#printResults():85 [JIT compiled code]
                              at perf.SearchPerfTest#_main():770 [Interpreted code]
                              at perf.SearchPerfTest#main():145 [Interpreted code]
0.32%         239M          org.apache.lucene.util.ArrayUtil#growNoCopy():459 [Inlined code]
                              at org.apache.lucene.codecs.lucene90.LZ4WithPresetDictCompressionMode$LZ4WithPresetDictDecompressor#decompress():102 [JIT compiled code]
                              at org.apache.lucene.codecs.lucene90.compressing.Lucene90CompressingStoredFieldsReader$BlockState#document():641 [JIT compiled code]
                              at org.apache.lucene.codecs.lucene90.compressing.Lucene90CompressingStoredFieldsReader#serializedDocument():673 [Inlined code]
                              at org.apache.lucene.codecs.lucene90.compressing.Lucene90CompressingStoredFieldsReader#document():691 [JIT compiled code]
                              at org.apache.lucene.index.CodecReader$1#document():101 [Inlined code]
                              at org.apache.lucene.index.BaseCompositeReader$2#document():190 [Inlined code]
                              at org.apache.lucene.index.StoredFields#document():68 [Inlined code]
                              at perf.SearchTask#printResults():776 [JIT compiled code]
                              at perf.UnparsedTask#printResults():85 [JIT compiled code]
                              at perf.SearchPerfTest#_main():770 [Interpreted code]
                              at perf.SearchPerfTest#main():145 [Interpreted code]

